"run_id","workflow_id","pipeline_id","provider_id","stage","record_index","source_record_id","primary_key","payload_hash","input_payload_hash","output_payload_hash","status","reason_code","reason_message","rule_id","rule_layer","failed_field","failed_value","expected_constraint","contract_version","action","created_at","raw_payload","normalized_payload","batch_id","source_metadata"
"c2db9646-6053-52aa-b6f1-9d39f569c37f","chembl_assay","chembl_assay","chembl","bronze","0","CHEMBL1130246","CHEMBL1130246","3f777fa9f6a31271280db74b0aa2a468725c810164a23142d7116ec58e2d4ae0","3f777fa9f6a31271280db74b0aa2a468725c810164a23142d7116ec58e2d4ae0","3f777fa9f6a31271280db74b0aa2a468725c810164a23142d7116ec58e2d4ae0","included","","","","","","","","","extract","2026-06-30T10:38:04.212506+00:00","{""aidx"": ""CLD0"", ""assay_category"": null, ""assay_cell_type"": ""A-431"", ""assay_chembl_id"": ""CHEMBL673451"", ""assay_classifications"": [], ""assay_group"": null, ""assay_organism"": ""Homo sapiens"", ""assay_parameters"": [], ""assay_strain"": null, ""assay_subcellular_fraction"": null, ""assay_tax_id"": 9606, ""assay_test_type"": null, ""assay_tissue"": null, ""assay_type"": ""B"", ""assay_type_description"": ""Binding"", ""bao_format"": ""BAO_0000219"", ""bao_label"": ""cell-based format"", ""cell_chembl_id"": ""CHEMBL3307523"", ""confidence_description"": ""Direct single protein target assigned"", ""confidence_score"": 9, ""description"": ""Inhibition of epidermal growth factor receptor (EGFR) autophosphorylation in A431 cells"", ""document_chembl_id"": ""CHEMBL1130246"", ""relationship_description"": ""Direct protein target assigned"", ""relationship_type"": ""D"", ""src_assay_id"": null, ""src_id"": 1, ""target_chembl_id"": ""CHEMBL203"", ""tissue_chembl_id"": null, ""variant_sequence"": null}","{""aidx"": ""CLD0"", ""assay_category"": null, ""assay_cell_type"": ""A-431"", ""assay_chembl_id"": ""CHEMBL673451"", ""assay_classifications"": [], ""assay_group"": null, ""assay_organism"": ""Homo sapiens"", ""assay_parameters"": [], ""assay_strain"": null, ""assay_subcellular_fraction"": null, ""assay_tax_id"": 9606, ""assay_test_type"": null, ""assay_tissue"": null, ""assay_type"": ""B"", ""assay_type_description"": ""Binding"", ""bao_format"": ""BAO_0000219"", ""bao_label"": ""cell-based format"", ""cell_chembl_id"": ""CHEMBL3307523"", ""confidence_description"": ""Direct single protein target assigned"", ""confidence_score"": 9, ""description"": ""Inhibition of epidermal growth factor receptor (EGFR) autophosphorylation in A431 cells"", ""document_chembl_id"": ""CHEMBL1130246"", ""relationship_description"": ""Direct protein target assigned"", ""relationship_type"": ""D"", ""src_assay_id"": null, ""src_id"": 1, ""target_chembl_id"": ""CHEMBL203"", ""tissue_chembl_id"": null, ""variant_sequence"": null}","673b5511-3446-5f04-953c-31bc9bd1cef7","{}"
"c2db9646-6053-52aa-b6f1-9d39f569c37f","chembl_assay","chembl_assay","chembl","bronze","1","CHEMBL1130008","CHEMBL1130008","c60060a9e543d7e190f3010ef83432c7784076066743ff306eb977127d6a6272","c60060a9e543d7e190f3010ef83432c7784076066743ff306eb977127d6a6272","c60060a9e543d7e190f3010ef83432c7784076066743ff306eb977127d6a6272","included","","","","","","","","","extract","2026-06-30T10:38:04.212506+00:00","{""aidx"": ""CLD0"", ""assay_category"": null, ""assay_cell_type"": ""A-431"", ""assay_chembl_id"": ""CHEMBL673783"", ""assay_classifications"": [], ""assay_group"": null, ""assay_organism"": ""Homo sapiens"", ""assay_parameters"": [], ""assay_strain"": null, ""assay_subcellular_fraction"": null, ""assay_tax_id"": 9606, ""assay_test_type"": null, ""assay_tissue"": null, ""assay_type"": ""B"", ""assay_type_description"": ""Binding"", ""bao_format"": ""BAO_0000219"", ""bao_label"": ""cell-based format"", ""cell_chembl_id"": ""CHEMBL3307523"", ""confidence_description"": ""Direct single protein target assigned"", ""confidence_score"": 9, ""description"": ""Inhibition of erbB-1 receptor tyrosine kinase from A431 human epidermoid carcinoma cells"", ""document_chembl_id"": ""CHEMBL1130008"", ""relationship_description"": ""Direct protein target assigned"", ""relationship_type"": ""D"", ""src_assay_id"": null, ""src_id"": 1, ""target_chembl_id"": ""CHEMBL203"", ""tissue_chembl_id"": null, ""variant_sequence"": null}","{""aidx"": ""CLD0"", ""assay_category"": null, ""assay_cell_type"": ""A-431"", ""assay_chembl_id"": ""CHEMBL673783"", ""assay_classifications"": [], ""assay_group"": null, ""assay_organism"": ""Homo sapiens"", ""assay_parameters"": [], ""assay_strain"": null, ""assay_subcellular_fraction"": null, ""assay_tax_id"": 9606, ""assay_test_type"": null, ""assay_tissue"": null, ""assay_type"": ""B"", ""assay_type_description"": ""Binding"", ""bao_format"": ""BAO_0000219"", ""bao_label"": ""cell-based format"", ""cell_chembl_id"": ""CHEMBL3307523"", ""confidence_description"": ""Direct single protein target assigned"", ""confidence_score"": 9, ""description"": ""Inhibition of erbB-1 receptor tyrosine kinase from A431 human epidermoid carcinoma cells"", ""document_chembl_id"": ""CHEMBL1130008"", ""relationship_description"": ""Direct protein target assigned"", ""relationship_type"": ""D"", ""src_assay_id"": null, ""src_id"": 1, ""target_chembl_id"": ""CHEMBL203"", ""tissue_chembl_id"": null, ""variant_sequence"": null}","673b5511-3446-5f04-953c-31bc9bd1cef7","{}"
"c2db9646-6053-52aa-b6f1-9d39f569c37f","chembl_assay","chembl_assay","chembl","bronze","2","CHEMBL1130008","CHEMBL1130008","cad53b9e6ed507aa0e25b2f8e483252905b961eeebc941e6e77fed9784e0a385","cad53b9e6ed507aa0e25b2f8e483252905b961eeebc941e6e77fed9784e0a385","cad53b9e6ed507aa0e25b2f8e483252905b961eeebc941e6e77fed9784e0a385","included","","","","","","","","","extract","2026-06-30T10:38:04.212506+00:00","{""aidx"": ""CLD0"", ""assay_category"": null, ""assay_cell_type"": ""A-431"", ""assay_chembl_id"": ""CHEMBL673785"", ""assay_classifications"": [], ""assay_group"": null, ""assay_organism"": ""Homo sapiens"", ""assay_parameters"": [], ""assay_strain"": null, ""assay_subcellular_fraction"": null, ""assay_tax_id"": 9606, ""assay_test_type"": null, ""assay_tissue"": null, ""assay_type"": ""B"", ""assay_type_description"": ""Binding"", ""bao_format"": ""BAO_0000219"", ""bao_label"": ""cell-based format"", ""cell_chembl_id"": ""CHEMBL3307523"", ""confidence_description"": ""Direct single protein target assigned"", ""confidence_score"": 9, ""description"": ""Rate constant for inactivation of erbB-1 receptor of A431 human epidermoid carcinoma cells"", ""document_chembl_id"": ""CHEMBL1130008"", ""relationship_description"": ""Direct protein target assigned"", ""relationship_type"": ""D"", ""src_assay_id"": null, ""src_id"": 1, ""target_chembl_id"": ""CHEMBL203"", ""tissue_chembl_id"": null, ""variant_sequence"": null}","{""aidx"": ""CLD0"", ""assay_category"": null, ""assay_cell_type"": ""A-431"", ""assay_chembl_id"": ""CHEMBL673785"", ""assay_classifications"": [], ""assay_group"": null, ""assay_organism"": ""Homo sapiens"", ""assay_parameters"": [], ""assay_strain"": null, ""assay_subcellular_fraction"": null, ""assay_tax_id"": 9606, ""assay_test_type"": null, ""assay_tissue"": null, ""assay_type"": ""B"", ""assay_type_description"": ""Binding"", ""bao_format"": ""BAO_0000219"", ""bao_label"": ""cell-based format"", ""cell_chembl_id"": ""CHEMBL3307523"", ""confidence_description"": ""Direct single protein target assigned"", ""confidence_score"": 9, ""description"": ""Rate constant for inactivation of erbB-1 receptor of A431 human epidermoid carcinoma cells"", ""document_chembl_id"": ""CHEMBL1130008"", ""relationship_description"": ""Direct protein target assigned"", ""relationship_type"": ""D"", ""src_assay_id"": null, ""src_id"": 1, ""target_chembl_id"": ""CHEMBL203"", ""tissue_chembl_id"": null, ""variant_sequence"": null}","673b5511-3446-5f04-953c-31bc9bd1cef7","{}"
"c2db9646-6053-52aa-b6f1-9d39f569c37f","chembl_assay","chembl_assay","chembl","bronze","3","CHEMBL1130008","CHEMBL1130008","f975f44f415d1753238242ad141e16b3955526459dffcd890d3537de441ecfc7","f975f44f415d1753238242ad141e16b3955526459dffcd890d3537de441ecfc7","f975f44f415d1753238242ad141e16b3955526459dffcd890d3537de441ecfc7","included","","","","","","","","","extract","2026-06-30T10:38:04.212506+00:00","{""aidx"": ""CLD0"", ""assay_category"": null, ""assay_cell_type"": ""A-431"", ""assay_chembl_id"": ""CHEMBL673945"", ""assay_classifications"": [], ""assay_group"": null, ""assay_organism"": ""Homo sapiens"", ""assay_parameters"": [], ""assay_strain"": null, ""assay_subcellular_fraction"": null, ""assay_tax_id"": 9606, ""assay_test_type"": null, ""assay_tissue"": null, ""assay_type"": ""B"", ""assay_type_description"": ""Binding"", ""bao_format"": ""BAO_0000219"", ""bao_label"": ""cell-based format"", ""cell_chembl_id"": ""CHEMBL3307523"", ""confidence_description"": ""Direct single protein target assigned"", ""confidence_score"": 9, ""description"": ""Rate constant for inactivation of erbB-1 receptor of A431 human epidermoid carcinoma cells"", ""document_chembl_id"": ""CHEMBL1130008"", ""relationship_description"": ""Direct protein target assigned"", ""relationship_type"": ""D"", ""src_assay_id"": null, ""src_id"": 1, ""target_chembl_id"": ""CHEMBL203"", ""tissue_chembl_id"": null, ""variant_sequence"": null}","{""aidx"": ""CLD0"", ""assay_category"": null, ""assay_cell_type"": ""A-431"", ""assay_chembl_id"": ""CHEMBL673945"", ""assay_classifications"": [], ""assay_group"": null, ""assay_organism"": ""Homo sapiens"", ""assay_parameters"": [], ""assay_strain"": null, ""assay_subcellular_fraction"": null, ""assay_tax_id"": 9606, ""assay_test_type"": null, ""assay_tissue"": null, ""assay_type"": ""B"", ""assay_type_description"": ""Binding"", ""bao_format"": ""BAO_0000219"", ""bao_label"": ""cell-based format"", ""cell_chembl_id"": ""CHEMBL3307523"", ""confidence_description"": ""Direct single protein target assigned"", ""confidence_score"": 9, ""description"": ""Rate constant for inactivation of erbB-1 receptor of A431 human epidermoid carcinoma cells"", ""document_chembl_id"": ""CHEMBL1130008"", ""relationship_description"": ""Direct protein target assigned"", ""relationship_type"": ""D"", ""src_assay_id"": null, ""src_id"": 1, ""target_chembl_id"": ""CHEMBL203"", ""tissue_chembl_id"": null, ""variant_sequence"": null}","673b5511-3446-5f04-953c-31bc9bd1cef7","{}"
"c2db9646-6053-52aa-b6f1-9d39f569c37f","chembl_assay","chembl_assay","chembl","bronze","4","CHEMBL1130008","CHEMBL1130008","ef0c55ee412c572374a1e82966a0b776b480f43f9a86ec6a6b4b8009ddfa728f","ef0c55ee412c572374a1e82966a0b776b480f43f9a86ec6a6b4b8009ddfa728f","ef0c55ee412c572374a1e82966a0b776b480f43f9a86ec6a6b4b8009ddfa728f","included","","","","","","","","","extract","2026-06-30T10:38:04.212506+00:00","{""aidx"": ""CLD0"", ""assay_category"": null, ""assay_cell_type"": ""A-431"", ""assay_chembl_id"": ""CHEMBL673946"", ""assay_classifications"": [], ""assay_group"": null, ""assay_organism"": ""Homo sapiens"", ""assay_parameters"": [], ""assay_strain"": null, ""assay_subcellular_fraction"": null, ""assay_tax_id"": 9606, ""assay_test_type"": null, ""assay_tissue"": null, ""assay_type"": ""B"", ""assay_type_description"": ""Binding"", ""bao_format"": ""BAO_0000219"", ""bao_label"": ""cell-based format"", ""cell_chembl_id"": ""CHEMBL3307523"", ""confidence_description"": ""Direct single protein target assigned"", ""confidence_score"": 9, ""description"": ""Second order rate constant for inactivation of erbB-1 receptor of A431 human epidermoid carcinoma cells"", ""document_chembl_id"": ""CHEMBL1130008"", ""relationship_description"": ""Direct protein target assigned"", ""relationship_type"": ""D"", ""src_assay_id"": null, ""src_id"": 1, ""target_chembl_id"": ""CHEMBL203"", ""tissue_chembl_id"": null, ""variant_sequence"": null}","{""aidx"": ""CLD0"", ""assay_category"": null, ""assay_cell_type"": ""A-431"", ""assay_chembl_id"": ""CHEMBL673946"", ""assay_classifications"": [], ""assay_group"": null, ""assay_organism"": ""Homo sapiens"", ""assay_parameters"": [], ""assay_strain"": null, ""assay_subcellular_fraction"": null, ""assay_tax_id"": 9606, ""assay_test_type"": null, ""assay_tissue"": null, ""assay_type"": ""B"", ""assay_type_description"": ""Binding"", ""bao_format"": ""BAO_0000219"", ""bao_label"": ""cell-based format"", ""cell_chembl_id"": ""CHEMBL3307523"", ""confidence_description"": ""Direct single protein target assigned"", ""confidence_score"": 9, ""description"": ""Second order rate constant for inactivation of erbB-1 receptor of A431 human epidermoid carcinoma cells"", ""document_chembl_id"": ""CHEMBL1130008"", ""relationship_description"": ""Direct protein target assigned"", ""relationship_type"": ""D"", ""src_assay_id"": null, ""src_id"": 1, ""target_chembl_id"": ""CHEMBL203"", ""tissue_chembl_id"": null, ""variant_sequence"": null}","673b5511-3446-5f04-953c-31bc9bd1cef7","{}"
"c2db9646-6053-52aa-b6f1-9d39f569c37f","chembl_assay","chembl_assay","chembl","bronze","5","CHEMBL1132213","CHEMBL1132213","8e262027e850c907889d9e424d541eb032dc94690856e8b719ea7d6c86be96e8","8e262027e850c907889d9e424d541eb032dc94690856e8b719ea7d6c86be96e8","8e262027e850c907889d9e424d541eb032dc94690856e8b719ea7d6c86be96e8","included","","","","","","","","","extract","2026-06-30T10:38:04.212506+00:00","{""aidx"": ""CLD0"", ""assay_category"": null, ""assay_cell_type"": ""A-431"", ""assay_chembl_id"": ""CHEMBL674017"", ""assay_classifications"": [], ""assay_group"": null, ""assay_organism"": ""Homo sapiens"", ""assay_parameters"": [], ""assay_strain"": null, ""assay_subcellular_fraction"": null, ""assay_tax_id"": 9606, ""assay_test_type"": null, ""assay_tissue"": null, ""assay_type"": ""B"", ""assay_type_description"": ""Binding"", ""bao_format"": ""BAO_0000219"", ""bao_label"": ""cell-based format"", ""cell_chembl_id"": ""CHEMBL3307523"", ""confidence_description"": ""Direct single protein target assigned"", ""confidence_score"": 9, ""description"": ""Inhibition of EGF-stimulated autophosphorylation of epidermal growth factor receptor (EGFR) in A431 cells"", ""document_chembl_id"": ""CHEMBL1132213"", ""relationship_description"": ""Direct protein target assigned"", ""relationship_type"": ""D"", ""src_assay_id"": null, ""src_id"": 1, ""target_chembl_id"": ""CHEMBL203"", ""tissue_chembl_id"": null, ""variant_sequence"": null}","{""aidx"": ""CLD0"", ""assay_category"": null, ""assay_cell_type"": ""A-431"", ""assay_chembl_id"": ""CHEMBL674017"", ""assay_classifications"": [], ""assay_group"": null, ""assay_organism"": ""Homo sapiens"", ""assay_parameters"": [], ""assay_strain"": null, ""assay_subcellular_fraction"": null, ""assay_tax_id"": 9606, ""assay_test_type"": null, ""assay_tissue"": null, ""assay_type"": ""B"", ""assay_type_description"": ""Binding"", ""bao_format"": ""BAO_0000219"", ""bao_label"": ""cell-based format"", ""cell_chembl_id"": ""CHEMBL3307523"", ""confidence_description"": ""Direct single protein target assigned"", ""confidence_score"": 9, ""description"": ""Inhibition of EGF-stimulated autophosphorylation of epidermal growth factor receptor (EGFR) in A431 cells"", ""document_chembl_id"": ""CHEMBL1132213"", ""relationship_description"": ""Direct protein target assigned"", ""relationship_type"": ""D"", ""src_assay_id"": null, ""src_id"": 1, ""target_chembl_id"": ""CHEMBL203"", ""tissue_chembl_id"": null, ""variant_sequence"": null}","673b5511-3446-5f04-953c-31bc9bd1cef7","{}"
"c2db9646-6053-52aa-b6f1-9d39f569c37f","chembl_assay","chembl_assay","chembl","bronze","6","CHEMBL1129210","CHEMBL1129210","c7b20f2240a2fb7bb21a41b2ae35d7b2543f5f37473383db98cfb98dab30ab4c","c7b20f2240a2fb7bb21a41b2ae35d7b2543f5f37473383db98cfb98dab30ab4c","c7b20f2240a2fb7bb21a41b2ae35d7b2543f5f37473383db98cfb98dab30ab4c","included","","","","","","","","","extract","2026-06-30T10:38:04.212506+00:00","{""aidx"": ""CLD0"", ""assay_category"": null, ""assay_cell_type"": ""A-431"", ""assay_chembl_id"": ""CHEMBL674572"", ""assay_classifications"": [], ""assay_group"": null, ""assay_organism"": ""Homo sapiens"", ""assay_parameters"": [], ""assay_strain"": null, ""assay_subcellular_fraction"": null, ""assay_tax_id"": 9606, ""assay_test_type"": null, ""assay_tissue"": null, ""assay_type"": ""B"", ""assay_type_description"": ""Binding"", ""bao_format"": ""BAO_0000219"", ""bao_label"": ""cell-based format"", ""cell_chembl_id"": ""CHEMBL3307523"", ""confidence_description"": ""Direct single protein target assigned"", ""confidence_score"": 9, ""description"": ""Inhibition of Epidermal growth factor receptor from A431 vulval squamous carcinoma cells at >1 uM"", ""document_chembl_id"": ""CHEMBL1129210"", ""relationship_description"": ""Direct protein target assigned"", ""relationship_type"": ""D"", ""src_assay_id"": null, ""src_id"": 1, ""target_chembl_id"": ""CHEMBL203"", ""tissue_chembl_id"": null, ""variant_sequence"": null}","{""aidx"": ""CLD0"", ""assay_category"": null, ""assay_cell_type"": ""A-431"", ""assay_chembl_id"": ""CHEMBL674572"", ""assay_classifications"": [], ""assay_group"": null, ""assay_organism"": ""Homo sapiens"", ""assay_parameters"": [], ""assay_strain"": null, ""assay_subcellular_fraction"": null, ""assay_tax_id"": 9606, ""assay_test_type"": null, ""assay_tissue"": null, ""assay_type"": ""B"", ""assay_type_description"": ""Binding"", ""bao_format"": ""BAO_0000219"", ""bao_label"": ""cell-based format"", ""cell_chembl_id"": ""CHEMBL3307523"", ""confidence_description"": ""Direct single protein target assigned"", ""confidence_score"": 9, ""description"": ""Inhibition of Epidermal growth factor receptor from A431 vulval squamous carcinoma cells at >1 uM"", ""document_chembl_id"": ""CHEMBL1129210"", ""relationship_description"": ""Direct protein target assigned"", ""relationship_type"": ""D"", ""src_assay_id"": null, ""src_id"": 1, ""target_chembl_id"": ""CHEMBL203"", ""tissue_chembl_id"": null, ""variant_sequence"": null}","673b5511-3446-5f04-953c-31bc9bd1cef7","{}"
"c2db9646-6053-52aa-b6f1-9d39f569c37f","chembl_assay","chembl_assay","chembl","bronze","7","CHEMBL1127530","CHEMBL1127530","674b228e1a40bb7f85ad58241f4d01ba1b681bb29cb1476c01bd10948790d3cc","674b228e1a40bb7f85ad58241f4d01ba1b681bb29cb1476c01bd10948790d3cc","674b228e1a40bb7f85ad58241f4d01ba1b681bb29cb1476c01bd10948790d3cc","included","","","","","","","","","extract","2026-06-30T10:38:04.212506+00:00","{""aidx"": ""CLD0"", ""assay_category"": null, ""assay_cell_type"": ""A-431"", ""assay_chembl_id"": ""CHEMBL675514"", ""assay_classifications"": [], ""assay_group"": null, ""assay_organism"": ""Homo sapiens"", ""assay_parameters"": [], ""assay_strain"": null, ""assay_subcellular_fraction"": null, ""assay_tax_id"": 9606, ""assay_test_type"": null, ""assay_tissue"": null, ""assay_type"": ""F"", ""assay_type_description"": ""Functional"", ""bao_format"": ""BAO_0000219"", ""bao_label"": ""cell-based format"", ""cell_chembl_id"": ""CHEMBL3307523"", ""confidence_description"": ""Direct single protein target assigned"", ""confidence_score"": 9, ""description"": ""Inhibition of epidermal growth factor (EGF) receptor from A431 cell membranes at 150 uM"", ""document_chembl_id"": ""CHEMBL1127530"", ""relationship_description"": ""Direct protein target assigned"", ""relationship_type"": ""D"", ""src_assay_id"": null, ""src_id"": 1, ""target_chembl_id"": ""CHEMBL203"", ""tissue_chembl_id"": null, ""variant_sequence"": null}","{""aidx"": ""CLD0"", ""assay_category"": null, ""assay_cell_type"": ""A-431"", ""assay_chembl_id"": ""CHEMBL675514"", ""assay_classifications"": [], ""assay_group"": null, ""assay_organism"": ""Homo sapiens"", ""assay_parameters"": [], ""assay_strain"": null, ""assay_subcellular_fraction"": null, ""assay_tax_id"": 9606, ""assay_test_type"": null, ""assay_tissue"": null, ""assay_type"": ""F"", ""assay_type_description"": ""Functional"", ""bao_format"": ""BAO_0000219"", ""bao_label"": ""cell-based format"", ""cell_chembl_id"": ""CHEMBL3307523"", ""confidence_description"": ""Direct single protein target assigned"", ""confidence_score"": 9, ""description"": ""Inhibition of epidermal growth factor (EGF) receptor from A431 cell membranes at 150 uM"", ""document_chembl_id"": ""CHEMBL1127530"", ""relationship_description"": ""Direct protein target assigned"", ""relationship_type"": ""D"", ""src_assay_id"": null, ""src_id"": 1, ""target_chembl_id"": ""CHEMBL203"", ""tissue_chembl_id"": null, ""variant_sequence"": null}","673b5511-3446-5f04-953c-31bc9bd1cef7","{}"
"c2db9646-6053-52aa-b6f1-9d39f569c37f","chembl_assay","chembl_assay","chembl","bronze","8","CHEMBL1127530","CHEMBL1127530","f3e1b0540810a892b27930367411354689896a3b6ca3c4dc8cbf41212d59dc4d","f3e1b0540810a892b27930367411354689896a3b6ca3c4dc8cbf41212d59dc4d","f3e1b0540810a892b27930367411354689896a3b6ca3c4dc8cbf41212d59dc4d","included","","","","","","","","","extract","2026-06-30T10:38:04.212506+00:00","{""aidx"": ""CLD0"", ""assay_category"": null, ""assay_cell_type"": ""A-431"", ""assay_chembl_id"": ""CHEMBL675515"", ""assay_classifications"": [], ""assay_group"": null, ""assay_organism"": ""Homo sapiens"", ""assay_parameters"": [], ""assay_strain"": null, ""assay_subcellular_fraction"": null, ""assay_tax_id"": 9606, ""assay_test_type"": null, ""assay_tissue"": null, ""assay_type"": ""F"", ""assay_type_description"": ""Functional"", ""bao_format"": ""BAO_0000219"", ""bao_label"": ""cell-based format"", ""cell_chembl_id"": ""CHEMBL3307523"", ""confidence_description"": ""Direct single protein target assigned"", ""confidence_score"": 9, ""description"": ""Inhibition of epidermal growth factor (EGF) receptor from A431 cell membranes at 150 uM"", ""document_chembl_id"": ""CHEMBL1127530"", ""relationship_description"": ""Direct protein target assigned"", ""relationship_type"": ""D"", ""src_assay_id"": null, ""src_id"": 1, ""target_chembl_id"": ""CHEMBL203"", ""tissue_chembl_id"": null, ""variant_sequence"": null}","{""aidx"": ""CLD0"", ""assay_category"": null, ""assay_cell_type"": ""A-431"", ""assay_chembl_id"": ""CHEMBL675515"", ""assay_classifications"": [], ""assay_group"": null, ""assay_organism"": ""Homo sapiens"", ""assay_parameters"": [], ""assay_strain"": null, ""assay_subcellular_fraction"": null, ""assay_tax_id"": 9606, ""assay_test_type"": null, ""assay_tissue"": null, ""assay_type"": ""F"", ""assay_type_description"": ""Functional"", ""bao_format"": ""BAO_0000219"", ""bao_label"": ""cell-based format"", ""cell_chembl_id"": ""CHEMBL3307523"", ""confidence_description"": ""Direct single protein target assigned"", ""confidence_score"": 9, ""description"": ""Inhibition of epidermal growth factor (EGF) receptor from A431 cell membranes at 150 uM"", ""document_chembl_id"": ""CHEMBL1127530"", ""relationship_description"": ""Direct protein target assigned"", ""relationship_type"": ""D"", ""src_assay_id"": null, ""src_id"": 1, ""target_chembl_id"": ""CHEMBL203"", ""tissue_chembl_id"": null, ""variant_sequence"": null}","673b5511-3446-5f04-953c-31bc9bd1cef7","{}"
"c2db9646-6053-52aa-b6f1-9d39f569c37f","chembl_assay","chembl_assay","chembl","bronze","9","CHEMBL1125830","CHEMBL1125830","4e3c56019bbc1bec85d1eb7b51131516560b5d74e9d89e06ed4370d3e3dc8e1b","4e3c56019bbc1bec85d1eb7b51131516560b5d74e9d89e06ed4370d3e3dc8e1b","4e3c56019bbc1bec85d1eb7b51131516560b5d74e9d89e06ed4370d3e3dc8e1b","included","","","","","","","","","extract","2026-06-30T10:38:04.212506+00:00","{""aidx"": ""CLD0"", ""assay_category"": null, ""assay_cell_type"": ""A-431"", ""assay_chembl_id"": ""CHEMBL675520"", ""assay_classifications"": [], ""assay_group"": null, ""assay_organism"": ""Homo sapiens"", ""assay_parameters"": [], ""assay_strain"": null, ""assay_subcellular_fraction"": null, ""assay_tax_id"": 9606, ""assay_test_type"": null, ""assay_tissue"": null, ""assay_type"": ""B"", ""assay_type_description"": ""Binding"", ""bao_format"": ""BAO_0000219"", ""bao_label"": ""cell-based format"", ""cell_chembl_id"": ""CHEMBL3307523"", ""confidence_description"": ""Direct single protein target assigned"", ""confidence_score"": 9, ""description"": ""Inhibition of Epidermal growth factor receptor autophosphorylation in A431 cell membranes"", ""document_chembl_id"": ""CHEMBL1125830"", ""relationship_description"": ""Direct protein target assigned"", ""relationship_type"": ""D"", ""src_assay_id"": null, ""src_id"": 1, ""target_chembl_id"": ""CHEMBL203"", ""tissue_chembl_id"": null, ""variant_sequence"": null}","{""aidx"": ""CLD0"", ""assay_category"": null, ""assay_cell_type"": ""A-431"", ""assay_chembl_id"": ""CHEMBL675520"", ""assay_classifications"": [], ""assay_group"": null, ""assay_organism"": ""Homo sapiens"", ""assay_parameters"": [], ""assay_strain"": null, ""assay_subcellular_fraction"": null, ""assay_tax_id"": 9606, ""assay_test_type"": null, ""assay_tissue"": null, ""assay_type"": ""B"", ""assay_type_description"": ""Binding"", ""bao_format"": ""BAO_0000219"", ""bao_label"": ""cell-based format"", ""cell_chembl_id"": ""CHEMBL3307523"", ""confidence_description"": ""Direct single protein target assigned"", ""confidence_score"": 9, ""description"": ""Inhibition of Epidermal growth factor receptor autophosphorylation in A431 cell membranes"", ""document_chembl_id"": ""CHEMBL1125830"", ""relationship_description"": ""Direct protein target assigned"", ""relationship_type"": ""D"", ""src_assay_id"": null, ""src_id"": 1, ""target_chembl_id"": ""CHEMBL203"", ""tissue_chembl_id"": null, ""variant_sequence"": null}","673b5511-3446-5f04-953c-31bc9bd1cef7","{}"
"c2db9646-6053-52aa-b6f1-9d39f569c37f","chembl_assay","chembl_assay","chembl","bronze","10","CHEMBL1129564","CHEMBL1129564","2085aaf40991a7faf42af4d73a3cd9e216cd76e044c08db572afff5abbf428fd","2085aaf40991a7faf42af4d73a3cd9e216cd76e044c08db572afff5abbf428fd","2085aaf40991a7faf42af4d73a3cd9e216cd76e044c08db572afff5abbf428fd","included","","","","","","","","","extract","2026-06-30T10:38:04.212506+00:00","{""aidx"": ""CLD0"", ""assay_category"": null, ""assay_cell_type"": ""A-431"", ""assay_chembl_id"": ""CHEMBL676150"", ""assay_classifications"": [], ""assay_group"": null, ""assay_organism"": ""Homo sapiens"", ""assay_parameters"": [], ""assay_strain"": null, ""assay_subcellular_fraction"": null, ""assay_tax_id"": 9606, ""assay_test_type"": null, ""assay_tissue"": null, ""assay_type"": ""B"", ""assay_type_description"": ""Binding"", ""bao_format"": ""BAO_0000219"", ""bao_label"": ""cell-based format"", ""cell_chembl_id"": ""CHEMBL3307523"", ""confidence_description"": ""Direct single protein target assigned"", ""confidence_score"": 9, ""description"": ""Inhibition of Epidermal growth factor receptor from human A431 cell membranes"", ""document_chembl_id"": ""CHEMBL1129564"", ""relationship_description"": ""Direct protein target assigned"", ""relationship_type"": ""D"", ""src_assay_id"": null, ""src_id"": 1, ""target_chembl_id"": ""CHEMBL203"", ""tissue_chembl_id"": null, ""variant_sequence"": null}","{""aidx"": ""CLD0"", ""assay_category"": null, ""assay_cell_type"": ""A-431"", ""assay_chembl_id"": ""CHEMBL676150"", ""assay_classifications"": [], ""assay_group"": null, ""assay_organism"": ""Homo sapiens"", ""assay_parameters"": [], ""assay_strain"": null, ""assay_subcellular_fraction"": null, ""assay_tax_id"": 9606, ""assay_test_type"": null, ""assay_tissue"": null, ""assay_type"": ""B"", ""assay_type_description"": ""Binding"", ""bao_format"": ""BAO_0000219"", ""bao_label"": ""cell-based format"", ""cell_chembl_id"": ""CHEMBL3307523"", ""confidence_description"": ""Direct single protein target assigned"", ""confidence_score"": 9, ""description"": ""Inhibition of Epidermal growth factor receptor from human A431 cell membranes"", ""document_chembl_id"": ""CHEMBL1129564"", ""relationship_description"": ""Direct protein target assigned"", ""relationship_type"": ""D"", ""src_assay_id"": null, ""src_id"": 1, ""target_chembl_id"": ""CHEMBL203"", ""tissue_chembl_id"": null, ""variant_sequence"": null}","673b5511-3446-5f04-953c-31bc9bd1cef7","{}"
"c2db9646-6053-52aa-b6f1-9d39f569c37f","chembl_assay","chembl_assay","chembl","bronze","11","CHEMBL1152084","CHEMBL1152084","eb8f81194e254819328cdb96ea11d2ee91cdf4c98d01402e80e01d8848a6f262","eb8f81194e254819328cdb96ea11d2ee91cdf4c98d01402e80e01d8848a6f262","eb8f81194e254819328cdb96ea11d2ee91cdf4c98d01402e80e01d8848a6f262","included","","","","","","","","","extract","2026-06-30T10:38:04.212506+00:00","{""aidx"": ""CLD0"", ""assay_category"": null, ""assay_cell_type"": ""A-431"", ""assay_chembl_id"": ""CHEMBL676157"", ""assay_classifications"": [], ""assay_group"": null, ""assay_organism"": ""Homo sapiens"", ""assay_parameters"": [], ""assay_strain"": null, ""assay_subcellular_fraction"": null, ""assay_tax_id"": 9606, ""assay_test_type"": null, ""assay_tissue"": null, ""assay_type"": ""B"", ""assay_type_description"": ""Binding"", ""bao_format"": ""BAO_0000219"", ""bao_label"": ""cell-based format"", ""cell_chembl_id"": ""CHEMBL3307523"", ""confidence_description"": ""Direct single protein target assigned"", ""confidence_score"": 9, ""description"": ""Inhibition of epidermal growth factor receptor (EGF-R) in A431 cells."", ""document_chembl_id"": ""CHEMBL1152084"", ""relationship_description"": ""Direct protein target assigned"", ""relationship_type"": ""D"", ""src_assay_id"": null, ""src_id"": 1, ""target_chembl_id"": ""CHEMBL203"", ""tissue_chembl_id"": null, ""variant_sequence"": null}","{""aidx"": ""CLD0"", ""assay_category"": null, ""assay_cell_type"": ""A-431"", ""assay_chembl_id"": ""CHEMBL676157"", ""assay_classifications"": [], ""assay_group"": null, ""assay_organism"": ""Homo sapiens"", ""assay_parameters"": [], ""assay_strain"": null, ""assay_subcellular_fraction"": null, ""assay_tax_id"": 9606, ""assay_test_type"": null, ""assay_tissue"": null, ""assay_type"": ""B"", ""assay_type_description"": ""Binding"", ""bao_format"": ""BAO_0000219"", ""bao_label"": ""cell-based format"", ""cell_chembl_id"": ""CHEMBL3307523"", ""confidence_description"": ""Direct single protein target assigned"", ""confidence_score"": 9, ""description"": ""Inhibition of epidermal growth factor receptor (EGF-R) in A431 cells."", ""document_chembl_id"": ""CHEMBL1152084"", ""relationship_description"": ""Direct protein target assigned"", ""relationship_type"": ""D"", ""src_assay_id"": null, ""src_id"": 1, ""target_chembl_id"": ""CHEMBL203"", ""tissue_chembl_id"": null, ""variant_sequence"": null}","673b5511-3446-5f04-953c-31bc9bd1cef7","{}"
"c2db9646-6053-52aa-b6f1-9d39f569c37f","chembl_assay","chembl_assay","chembl","bronze","12","CHEMBL1128536","CHEMBL1128536","dda1c0f538814f3ef68e4db523babaf4b15e147f8803043266d7fab31276f05f","dda1c0f538814f3ef68e4db523babaf4b15e147f8803043266d7fab31276f05f","dda1c0f538814f3ef68e4db523babaf4b15e147f8803043266d7fab31276f05f","included","","","","","","","","","extract","2026-06-30T10:38:04.212506+00:00","{""aidx"": ""CLD0"", ""assay_category"": null, ""assay_cell_type"": ""A-431"", ""assay_chembl_id"": ""CHEMBL677205"", ""assay_classifications"": [], ""assay_group"": null, ""assay_organism"": ""Homo sapiens"", ""assay_parameters"": [], ""assay_strain"": null, ""assay_subcellular_fraction"": null, ""assay_tax_id"": 9606, ""assay_test_type"": null, ""assay_tissue"": null, ""assay_type"": ""B"", ""assay_type_description"": ""Binding"", ""bao_format"": ""BAO_0000219"", ""bao_label"": ""cell-based format"", ""cell_chembl_id"": ""CHEMBL3307523"", ""confidence_description"": ""Direct single protein target assigned"", ""confidence_score"": 9, ""description"": ""Inhibition of Epidermal growth factor receptor from A431 cells"", ""document_chembl_id"": ""CHEMBL1128536"", ""relationship_description"": ""Direct protein target assigned"", ""relationship_type"": ""D"", ""src_assay_id"": null, ""src_id"": 1, ""target_chembl_id"": ""CHEMBL203"", ""tissue_chembl_id"": null, ""variant_sequence"": null}","{""aidx"": ""CLD0"", ""assay_category"": null, ""assay_cell_type"": ""A-431"", ""assay_chembl_id"": ""CHEMBL677205"", ""assay_classifications"": [], ""assay_group"": null, ""assay_organism"": ""Homo sapiens"", ""assay_parameters"": [], ""assay_strain"": null, ""assay_subcellular_fraction"": null, ""assay_tax_id"": 9606, ""assay_test_type"": null, ""assay_tissue"": null, ""assay_type"": ""B"", ""assay_type_description"": ""Binding"", ""bao_format"": ""BAO_0000219"", ""bao_label"": ""cell-based format"", ""cell_chembl_id"": ""CHEMBL3307523"", ""confidence_description"": ""Direct single protein target assigned"", ""confidence_score"": 9, ""description"": ""Inhibition of Epidermal growth factor receptor from A431 cells"", ""document_chembl_id"": ""CHEMBL1128536"", ""relationship_description"": ""Direct protein target assigned"", ""relationship_type"": ""D"", ""src_assay_id"": null, ""src_id"": 1, ""target_chembl_id"": ""CHEMBL203"", ""tissue_chembl_id"": null, ""variant_sequence"": null}","673b5511-3446-5f04-953c-31bc9bd1cef7","{}"
"c2db9646-6053-52aa-b6f1-9d39f569c37f","chembl_assay","chembl_assay","chembl","bronze","13","CHEMBL1159167","CHEMBL1159167","23c701c20fe96f6c2c5b18f163d2fc99783b50b0c6200f235a9b78da1e801ba5","23c701c20fe96f6c2c5b18f163d2fc99783b50b0c6200f235a9b78da1e801ba5","23c701c20fe96f6c2c5b18f163d2fc99783b50b0c6200f235a9b78da1e801ba5","included","","","","","","","","","extract","2026-06-30T10:38:04.212506+00:00","{""aidx"": ""CLD0"", ""assay_category"": null, ""assay_cell_type"": ""A-431"", ""assay_chembl_id"": ""CHEMBL677211"", ""assay_classifications"": [], ""assay_group"": null, ""assay_organism"": ""Homo sapiens"", ""assay_parameters"": [], ""assay_strain"": null, ""assay_subcellular_fraction"": null, ""assay_tax_id"": 9606, ""assay_test_type"": null, ""assay_tissue"": null, ""assay_type"": ""B"", ""assay_type_description"": ""Binding"", ""bao_format"": ""BAO_0000219"", ""bao_label"": ""cell-based format"", ""cell_chembl_id"": ""CHEMBL3307523"", ""confidence_description"": ""Direct single protein target assigned"", ""confidence_score"": 9, ""description"": ""Displacement of [gamma-32P]-ATP from Epidermal growth factor receptor in A431 cell-free extracts"", ""document_chembl_id"": ""CHEMBL1159167"", ""relationship_description"": ""Direct protein target assigned"", ""relationship_type"": ""D"", ""src_assay_id"": null, ""src_id"": 1, ""target_chembl_id"": ""CHEMBL203"", ""tissue_chembl_id"": null, ""variant_sequence"": null}","{""aidx"": ""CLD0"", ""assay_category"": null, ""assay_cell_type"": ""A-431"", ""assay_chembl_id"": ""CHEMBL677211"", ""assay_classifications"": [], ""assay_group"": null, ""assay_organism"": ""Homo sapiens"", ""assay_parameters"": [], ""assay_strain"": null, ""assay_subcellular_fraction"": null, ""assay_tax_id"": 9606, ""assay_test_type"": null, ""assay_tissue"": null, ""assay_type"": ""B"", ""assay_type_description"": ""Binding"", ""bao_format"": ""BAO_0000219"", ""bao_label"": ""cell-based format"", ""cell_chembl_id"": ""CHEMBL3307523"", ""confidence_description"": ""Direct single protein target assigned"", ""confidence_score"": 9, ""description"": ""Displacement of [gamma-32P]-ATP from Epidermal growth factor receptor in A431 cell-free extracts"", ""document_chembl_id"": ""CHEMBL1159167"", ""relationship_description"": ""Direct protein target assigned"", ""relationship_type"": ""D"", ""src_assay_id"": null, ""src_id"": 1, ""target_chembl_id"": ""CHEMBL203"", ""tissue_chembl_id"": null, ""variant_sequence"": null}","673b5511-3446-5f04-953c-31bc9bd1cef7","{}"
"c2db9646-6053-52aa-b6f1-9d39f569c37f","chembl_assay","chembl_assay","chembl","bronze","14","CHEMBL1134843","CHEMBL1134843","29144aca96805df53a4c33269b1074231258f789b4ada78056e2419a9b7077ae","29144aca96805df53a4c33269b1074231258f789b4ada78056e2419a9b7077ae","29144aca96805df53a4c33269b1074231258f789b4ada78056e2419a9b7077ae","included","","","","","","","","","extract","2026-06-30T10:38:04.212506+00:00","{""aidx"": ""CLD0"", ""assay_category"": null, ""assay_cell_type"": ""A-431"", ""assay_chembl_id"": ""CHEMBL677213"", ""assay_classifications"": [], ""assay_group"": null, ""assay_organism"": ""Homo sapiens"", ""assay_parameters"": [], ""assay_strain"": null, ""assay_subcellular_fraction"": null, ""assay_tax_id"": 9606, ""assay_test_type"": null, ""assay_tissue"": null, ""assay_type"": ""B"", ""assay_type_description"": ""Binding"", ""bao_format"": ""BAO_0000219"", ""bao_label"": ""cell-based format"", ""cell_chembl_id"": ""CHEMBL3307523"", ""confidence_description"": ""Direct single protein target assigned"", ""confidence_score"": 9, ""description"": ""Inhibition of EGF-stimulated autophosphorylation of EGFR in A431 cells"", ""document_chembl_id"": ""CHEMBL1134843"", ""relationship_description"": ""Direct protein target assigned"", ""relationship_type"": ""D"", ""src_assay_id"": null, ""src_id"": 1, ""target_chembl_id"": ""CHEMBL203"", ""tissue_chembl_id"": null, ""variant_sequence"": null}","{""aidx"": ""CLD0"", ""assay_category"": null, ""assay_cell_type"": ""A-431"", ""assay_chembl_id"": ""CHEMBL677213"", ""assay_classifications"": [], ""assay_group"": null, ""assay_organism"": ""Homo sapiens"", ""assay_parameters"": [], ""assay_strain"": null, ""assay_subcellular_fraction"": null, ""assay_tax_id"": 9606, ""assay_test_type"": null, ""assay_tissue"": null, ""assay_type"": ""B"", ""assay_type_description"": ""Binding"", ""bao_format"": ""BAO_0000219"", ""bao_label"": ""cell-based format"", ""cell_chembl_id"": ""CHEMBL3307523"", ""confidence_description"": ""Direct single protein target assigned"", ""confidence_score"": 9, ""description"": ""Inhibition of EGF-stimulated autophosphorylation of EGFR in A431 cells"", ""document_chembl_id"": ""CHEMBL1134843"", ""relationship_description"": ""Direct protein target assigned"", ""relationship_type"": ""D"", ""src_assay_id"": null, ""src_id"": 1, ""target_chembl_id"": ""CHEMBL203"", ""tissue_chembl_id"": null, ""variant_sequence"": null}","673b5511-3446-5f04-953c-31bc9bd1cef7","{}"
"c2db9646-6053-52aa-b6f1-9d39f569c37f","chembl_assay","chembl_assay","chembl","bronze","15","CHEMBL1129564","CHEMBL1129564","871fe6eb898781121b87edc47b840ee994b3f4c21d0c08dcd3c680ad2f5c7e0e","871fe6eb898781121b87edc47b840ee994b3f4c21d0c08dcd3c680ad2f5c7e0e","871fe6eb898781121b87edc47b840ee994b3f4c21d0c08dcd3c680ad2f5c7e0e","included","","","","","","","","","extract","2026-06-30T10:38:04.212506+00:00","{""aidx"": ""CLD0"", ""assay_category"": null, ""assay_cell_type"": ""A-431"", ""assay_chembl_id"": ""CHEMBL677215"", ""assay_classifications"": [], ""assay_group"": null, ""assay_organism"": ""Homo sapiens"", ""assay_parameters"": [], ""assay_strain"": null, ""assay_subcellular_fraction"": null, ""assay_tax_id"": 9606, ""assay_test_type"": null, ""assay_tissue"": null, ""assay_type"": ""B"", ""assay_type_description"": ""Binding"", ""bao_format"": ""BAO_0000219"", ""bao_label"": ""cell-based format"", ""cell_chembl_id"": ""CHEMBL3307523"", ""confidence_description"": ""Direct single protein target assigned"", ""confidence_score"": 9, ""description"": ""Inhibition of Epidermal growth factor receptor autophosphorylation in A431 human epidermoid carcinoma cells"", ""document_chembl_id"": ""CHEMBL1129564"", ""relationship_description"": ""Direct protein target assigned"", ""relationship_type"": ""D"", ""src_assay_id"": null, ""src_id"": 1, ""target_chembl_id"": ""CHEMBL203"", ""tissue_chembl_id"": null, ""variant_sequence"": null}","{""aidx"": ""CLD0"", ""assay_category"": null, ""assay_cell_type"": ""A-431"", ""assay_chembl_id"": ""CHEMBL677215"", ""assay_classifications"": [], ""assay_group"": null, ""assay_organism"": ""Homo sapiens"", ""assay_parameters"": [], ""assay_strain"": null, ""assay_subcellular_fraction"": null, ""assay_tax_id"": 9606, ""assay_test_type"": null, ""assay_tissue"": null, ""assay_type"": ""B"", ""assay_type_description"": ""Binding"", ""bao_format"": ""BAO_0000219"", ""bao_label"": ""cell-based format"", ""cell_chembl_id"": ""CHEMBL3307523"", ""confidence_description"": ""Direct single protein target assigned"", ""confidence_score"": 9, ""description"": ""Inhibition of Epidermal growth factor receptor autophosphorylation in A431 human epidermoid carcinoma cells"", ""document_chembl_id"": ""CHEMBL1129564"", ""relationship_description"": ""Direct protein target assigned"", ""relationship_type"": ""D"", ""src_assay_id"": null, ""src_id"": 1, ""target_chembl_id"": ""CHEMBL203"", ""tissue_chembl_id"": null, ""variant_sequence"": null}","673b5511-3446-5f04-953c-31bc9bd1cef7","{}"
"c2db9646-6053-52aa-b6f1-9d39f569c37f","chembl_assay","chembl_assay","chembl","bronze","16","CHEMBL1134843","CHEMBL1134843","8c3d164d8278e6e431b458132384a2d8d011d3a6f3180ce7cd6e63e5223d9713","8c3d164d8278e6e431b458132384a2d8d011d3a6f3180ce7cd6e63e5223d9713","8c3d164d8278e6e431b458132384a2d8d011d3a6f3180ce7cd6e63e5223d9713","included","","","","","","","","","extract","2026-06-30T10:38:04.212506+00:00","{""aidx"": ""CLD0"", ""assay_category"": null, ""assay_cell_type"": ""A-431"", ""assay_chembl_id"": ""CHEMBL677217"", ""assay_classifications"": [], ""assay_group"": null, ""assay_organism"": ""Homo sapiens"", ""assay_parameters"": [], ""assay_strain"": null, ""assay_subcellular_fraction"": null, ""assay_tax_id"": 9606, ""assay_test_type"": null, ""assay_tissue"": null, ""assay_type"": ""F"", ""assay_type_description"": ""Functional"", ""bao_format"": ""BAO_0000219"", ""bao_label"": ""cell-based format"", ""cell_chembl_id"": ""CHEMBL3307523"", ""confidence_description"": ""Direct single protein target assigned"", ""confidence_score"": 9, ""description"": ""Inhibition of autophosphorylation of EGFR in A431 cells"", ""document_chembl_id"": ""CHEMBL1134843"", ""relationship_description"": ""Direct protein target assigned"", ""relationship_type"": ""D"", ""src_assay_id"": null, ""src_id"": 1, ""target_chembl_id"": ""CHEMBL203"", ""tissue_chembl_id"": null, ""variant_sequence"": null}","{""aidx"": ""CLD0"", ""assay_category"": null, ""assay_cell_type"": ""A-431"", ""assay_chembl_id"": ""CHEMBL677217"", ""assay_classifications"": [], ""assay_group"": null, ""assay_organism"": ""Homo sapiens"", ""assay_parameters"": [], ""assay_strain"": null, ""assay_subcellular_fraction"": null, ""assay_tax_id"": 9606, ""assay_test_type"": null, ""assay_tissue"": null, ""assay_type"": ""F"", ""assay_type_description"": ""Functional"", ""bao_format"": ""BAO_0000219"", ""bao_label"": ""cell-based format"", ""cell_chembl_id"": ""CHEMBL3307523"", ""confidence_description"": ""Direct single protein target assigned"", ""confidence_score"": 9, ""description"": ""Inhibition of autophosphorylation of EGFR in A431 cells"", ""document_chembl_id"": ""CHEMBL1134843"", ""relationship_description"": ""Direct protein target assigned"", ""relationship_type"": ""D"", ""src_assay_id"": null, ""src_id"": 1, ""target_chembl_id"": ""CHEMBL203"", ""tissue_chembl_id"": null, ""variant_sequence"": null}","673b5511-3446-5f04-953c-31bc9bd1cef7","{}"
"c2db9646-6053-52aa-b6f1-9d39f569c37f","chembl_assay","chembl_assay","chembl","bronze","17","CHEMBL1130246","CHEMBL1130246","a782eb08432ad20c195321be84f6ee3c329a4e76483a11d3185a19c524348d1d","a782eb08432ad20c195321be84f6ee3c329a4e76483a11d3185a19c524348d1d","a782eb08432ad20c195321be84f6ee3c329a4e76483a11d3185a19c524348d1d","included","","","","","","","","","extract","2026-06-30T10:38:04.212506+00:00","{""aidx"": ""CLD0"", ""assay_category"": null, ""assay_cell_type"": ""A-431"", ""assay_chembl_id"": ""CHEMBL677386"", ""assay_classifications"": [], ""assay_group"": null, ""assay_organism"": ""Homo sapiens"", ""assay_parameters"": [], ""assay_strain"": null, ""assay_subcellular_fraction"": null, ""assay_tax_id"": 9606, ""assay_test_type"": null, ""assay_tissue"": null, ""assay_type"": ""B"", ""assay_type_description"": ""Binding"", ""bao_format"": ""BAO_0000219"", ""bao_label"": ""cell-based format"", ""cell_chembl_id"": ""CHEMBL3307523"", ""confidence_description"": ""Direct single protein target assigned"", ""confidence_score"": 9, ""description"": ""Inhibition of epidermal growth factor receptor (EGFR) from human A431 carcinoma cells"", ""document_chembl_id"": ""CHEMBL1130246"", ""relationship_description"": ""Direct protein target assigned"", ""relationship_type"": ""D"", ""src_assay_id"": null, ""src_id"": 1, ""target_chembl_id"": ""CHEMBL203"", ""tissue_chembl_id"": null, ""variant_sequence"": null}","{""aidx"": ""CLD0"", ""assay_category"": null, ""assay_cell_type"": ""A-431"", ""assay_chembl_id"": ""CHEMBL677386"", ""assay_classifications"": [], ""assay_group"": null, ""assay_organism"": ""Homo sapiens"", ""assay_parameters"": [], ""assay_strain"": null, ""assay_subcellular_fraction"": null, ""assay_tax_id"": 9606, ""assay_test_type"": null, ""assay_tissue"": null, ""assay_type"": ""B"", ""assay_type_description"": ""Binding"", ""bao_format"": ""BAO_0000219"", ""bao_label"": ""cell-based format"", ""cell_chembl_id"": ""CHEMBL3307523"", ""confidence_description"": ""Direct single protein target assigned"", ""confidence_score"": 9, ""description"": ""Inhibition of epidermal growth factor receptor (EGFR) from human A431 carcinoma cells"", ""document_chembl_id"": ""CHEMBL1130246"", ""relationship_description"": ""Direct protein target assigned"", ""relationship_type"": ""D"", ""src_assay_id"": null, ""src_id"": 1, ""target_chembl_id"": ""CHEMBL203"", ""tissue_chembl_id"": null, ""variant_sequence"": null}","673b5511-3446-5f04-953c-31bc9bd1cef7","{}"
"c2db9646-6053-52aa-b6f1-9d39f569c37f","chembl_assay","chembl_assay","chembl","bronze","18","CHEMBL1128344","CHEMBL1128344","50cdf08bcd0081454f30ca4c746056ad4507ebe2149b81e94628c3602a13694e","50cdf08bcd0081454f30ca4c746056ad4507ebe2149b81e94628c3602a13694e","50cdf08bcd0081454f30ca4c746056ad4507ebe2149b81e94628c3602a13694e","included","","","","","","","","","extract","2026-06-30T10:38:04.212506+00:00","{""aidx"": ""CLD0"", ""assay_category"": null, ""assay_cell_type"": ""A-431"", ""assay_chembl_id"": ""CHEMBL677469"", ""assay_classifications"": [], ""assay_group"": null, ""assay_organism"": ""Homo sapiens"", ""assay_parameters"": [], ""assay_strain"": null, ""assay_subcellular_fraction"": null, ""assay_tax_id"": 9606, ""assay_test_type"": null, ""assay_tissue"": null, ""assay_type"": ""B"", ""assay_type_description"": ""Binding"", ""bao_format"": ""BAO_0000219"", ""bao_label"": ""cell-based format"", ""cell_chembl_id"": ""CHEMBL3307523"", ""confidence_description"": ""Direct single protein target assigned"", ""confidence_score"": 9, ""description"": ""Inhibition of EFGR tyrosine kinase from A431 cells"", ""document_chembl_id"": ""CHEMBL1128344"", ""relationship_description"": ""Direct protein target assigned"", ""relationship_type"": ""D"", ""src_assay_id"": null, ""src_id"": 1, ""target_chembl_id"": ""CHEMBL203"", ""tissue_chembl_id"": null, ""variant_sequence"": null}","{""aidx"": ""CLD0"", ""assay_category"": null, ""assay_cell_type"": ""A-431"", ""assay_chembl_id"": ""CHEMBL677469"", ""assay_classifications"": [], ""assay_group"": null, ""assay_organism"": ""Homo sapiens"", ""assay_parameters"": [], ""assay_strain"": null, ""assay_subcellular_fraction"": null, ""assay_tax_id"": 9606, ""assay_test_type"": null, ""assay_tissue"": null, ""assay_type"": ""B"", ""assay_type_description"": ""Binding"", ""bao_format"": ""BAO_0000219"", ""bao_label"": ""cell-based format"", ""cell_chembl_id"": ""CHEMBL3307523"", ""confidence_description"": ""Direct single protein target assigned"", ""confidence_score"": 9, ""description"": ""Inhibition of EFGR tyrosine kinase from A431 cells"", ""document_chembl_id"": ""CHEMBL1128344"", ""relationship_description"": ""Direct protein target assigned"", ""relationship_type"": ""D"", ""src_assay_id"": null, ""src_id"": 1, ""target_chembl_id"": ""CHEMBL203"", ""tissue_chembl_id"": null, ""variant_sequence"": null}","673b5511-3446-5f04-953c-31bc9bd1cef7","{}"
"c2db9646-6053-52aa-b6f1-9d39f569c37f","chembl_assay","chembl_assay","chembl","bronze","19","CHEMBL1135728","CHEMBL1135728","3c99bfdb3a7bfd1e64f92fadf33bf158e703553c2ae9f74c7936f441c5eee9a6","3c99bfdb3a7bfd1e64f92fadf33bf158e703553c2ae9f74c7936f441c5eee9a6","3c99bfdb3a7bfd1e64f92fadf33bf158e703553c2ae9f74c7936f441c5eee9a6","included","","","","","","","","","extract","2026-06-30T10:38:04.212506+00:00","{""aidx"": ""CLD0"", ""assay_category"": null, ""assay_cell_type"": ""A-431"", ""assay_chembl_id"": ""CHEMBL678295"", ""assay_classifications"": [], ""assay_group"": null, ""assay_organism"": ""Homo sapiens"", ""assay_parameters"": [], ""assay_strain"": null, ""assay_subcellular_fraction"": null, ""assay_tax_id"": 9606, ""assay_test_type"": null, ""assay_tissue"": null, ""assay_type"": ""B"", ""assay_type_description"": ""Binding"", ""bao_format"": ""BAO_0000219"", ""bao_label"": ""cell-based format"", ""cell_chembl_id"": ""CHEMBL3307523"", ""confidence_description"": ""Direct single protein target assigned"", ""confidence_score"": 9, ""description"": ""Inhibition of Epidermal growth factor receptor autophosphorylation in A431 cells"", ""document_chembl_id"": ""CHEMBL1135728"", ""relationship_description"": ""Direct protein target assigned"", ""relationship_type"": ""D"", ""src_assay_id"": null, ""src_id"": 1, ""target_chembl_id"": ""CHEMBL203"", ""tissue_chembl_id"": null, ""variant_sequence"": null}","{""aidx"": ""CLD0"", ""assay_category"": null, ""assay_cell_type"": ""A-431"", ""assay_chembl_id"": ""CHEMBL678295"", ""assay_classifications"": [], ""assay_group"": null, ""assay_organism"": ""Homo sapiens"", ""assay_parameters"": [], ""assay_strain"": null, ""assay_subcellular_fraction"": null, ""assay_tax_id"": 9606, ""assay_test_type"": null, ""assay_tissue"": null, ""assay_type"": ""B"", ""assay_type_description"": ""Binding"", ""bao_format"": ""BAO_0000219"", ""bao_label"": ""cell-based format"", ""cell_chembl_id"": ""CHEMBL3307523"", ""confidence_description"": ""Direct single protein target assigned"", ""confidence_score"": 9, ""description"": ""Inhibition of Epidermal growth factor receptor autophosphorylation in A431 cells"", ""document_chembl_id"": ""CHEMBL1135728"", ""relationship_description"": ""Direct protein target assigned"", ""relationship_type"": ""D"", ""src_assay_id"": null, ""src_id"": 1, ""target_chembl_id"": ""CHEMBL203"", ""tissue_chembl_id"": null, ""variant_sequence"": null}","673b5511-3446-5f04-953c-31bc9bd1cef7","{}"
"c2db9646-6053-52aa-b6f1-9d39f569c37f","chembl_assay","chembl_assay","chembl","bronze","20","CHEMBL1129035","CHEMBL1129035","388e4a2f3b097b332811655db072677e85e8ba4becbdf3ff6e99015c2c79aa45","388e4a2f3b097b332811655db072677e85e8ba4becbdf3ff6e99015c2c79aa45","388e4a2f3b097b332811655db072677e85e8ba4becbdf3ff6e99015c2c79aa45","included","","","","","","","","","extract","2026-06-30T10:38:04.212506+00:00","{""aidx"": ""CLD0"", ""assay_category"": null, ""assay_cell_type"": ""A-431"", ""assay_chembl_id"": ""CHEMBL679548"", ""assay_classifications"": [], ""assay_group"": null, ""assay_organism"": ""Homo sapiens"", ""assay_parameters"": [], ""assay_strain"": null, ""assay_subcellular_fraction"": null, ""assay_tax_id"": 9606, ""assay_test_type"": null, ""assay_tissue"": null, ""assay_type"": ""B"", ""assay_type_description"": ""Binding"", ""bao_format"": ""BAO_0000219"", ""bao_label"": ""cell-based format"", ""cell_chembl_id"": ""CHEMBL3307523"", ""confidence_description"": ""Direct single protein target assigned"", ""confidence_score"": 9, ""description"": ""Inhibition of tyrosine kinase activity of Epidermal growth factor receptor from human A431 cells"", ""document_chembl_id"": ""CHEMBL1129035"", ""relationship_description"": ""Direct protein target assigned"", ""relationship_type"": ""D"", ""src_assay_id"": null, ""src_id"": 1, ""target_chembl_id"": ""CHEMBL203"", ""tissue_chembl_id"": null, ""variant_sequence"": null}","{""aidx"": ""CLD0"", ""assay_category"": null, ""assay_cell_type"": ""A-431"", ""assay_chembl_id"": ""CHEMBL679548"", ""assay_classifications"": [], ""assay_group"": null, ""assay_organism"": ""Homo sapiens"", ""assay_parameters"": [], ""assay_strain"": null, ""assay_subcellular_fraction"": null, ""assay_tax_id"": 9606, ""assay_test_type"": null, ""assay_tissue"": null, ""assay_type"": ""B"", ""assay_type_description"": ""Binding"", ""bao_format"": ""BAO_0000219"", ""bao_label"": ""cell-based format"", ""cell_chembl_id"": ""CHEMBL3307523"", ""confidence_description"": ""Direct single protein target assigned"", ""confidence_score"": 9, ""description"": ""Inhibition of tyrosine kinase activity of Epidermal growth factor receptor from human A431 cells"", ""document_chembl_id"": ""CHEMBL1129035"", ""relationship_description"": ""Direct protein target assigned"", ""relationship_type"": ""D"", ""src_assay_id"": null, ""src_id"": 1, ""target_chembl_id"": ""CHEMBL203"", ""tissue_chembl_id"": null, ""variant_sequence"": null}","673b5511-3446-5f04-953c-31bc9bd1cef7","{}"
"c2db9646-6053-52aa-b6f1-9d39f569c37f","chembl_assay","chembl_assay","chembl","bronze","21","CHEMBL1132213","CHEMBL1132213","fbb2f5ebdcd4e4e9665ac413c91f5f8cb06ca672496855627a2765b716c6d309","fbb2f5ebdcd4e4e9665ac413c91f5f8cb06ca672496855627a2765b716c6d309","fbb2f5ebdcd4e4e9665ac413c91f5f8cb06ca672496855627a2765b716c6d309","included","","","","","","","","","extract","2026-06-30T10:38:04.212506+00:00","{""aidx"": ""CLD0"", ""assay_category"": null, ""assay_cell_type"": ""A-431"", ""assay_chembl_id"": ""CHEMBL679550"", ""assay_classifications"": [], ""assay_group"": null, ""assay_organism"": ""Homo sapiens"", ""assay_parameters"": [], ""assay_strain"": null, ""assay_subcellular_fraction"": null, ""assay_tax_id"": 9606, ""assay_test_type"": null, ""assay_tissue"": null, ""assay_type"": ""B"", ""assay_type_description"": ""Binding"", ""bao_format"": ""BAO_0000219"", ""bao_label"": ""cell-based format"", ""cell_chembl_id"": ""CHEMBL3307523"", ""confidence_description"": ""Direct single protein target assigned"", ""confidence_score"": 9, ""description"": ""Inhibition of EGF-stimulated autophosphorylation of Epidermal growth factor receptor in A431 cells"", ""document_chembl_id"": ""CHEMBL1132213"", ""relationship_description"": ""Direct protein target assigned"", ""relationship_type"": ""D"", ""src_assay_id"": null, ""src_id"": 1, ""target_chembl_id"": ""CHEMBL203"", ""tissue_chembl_id"": null, ""variant_sequence"": null}","{""aidx"": ""CLD0"", ""assay_category"": null, ""assay_cell_type"": ""A-431"", ""assay_chembl_id"": ""CHEMBL679550"", ""assay_classifications"": [], ""assay_group"": null, ""assay_organism"": ""Homo sapiens"", ""assay_parameters"": [], ""assay_strain"": null, ""assay_subcellular_fraction"": null, ""assay_tax_id"": 9606, ""assay_test_type"": null, ""assay_tissue"": null, ""assay_type"": ""B"", ""assay_type_description"": ""Binding"", ""bao_format"": ""BAO_0000219"", ""bao_label"": ""cell-based format"", ""cell_chembl_id"": ""CHEMBL3307523"", ""confidence_description"": ""Direct single protein target assigned"", ""confidence_score"": 9, ""description"": ""Inhibition of EGF-stimulated autophosphorylation of Epidermal growth factor receptor in A431 cells"", ""document_chembl_id"": ""CHEMBL1132213"", ""relationship_description"": ""Direct protein target assigned"", ""relationship_type"": ""D"", ""src_assay_id"": null, ""src_id"": 1, ""target_chembl_id"": ""CHEMBL203"", ""tissue_chembl_id"": null, ""variant_sequence"": null}","673b5511-3446-5f04-953c-31bc9bd1cef7","{}"
"c2db9646-6053-52aa-b6f1-9d39f569c37f","chembl_assay","chembl_assay","chembl","bronze","22","CHEMBL1132213","CHEMBL1132213","727a72372df0ddaaf90cd131c59bfa47b6c2196aa5c00584ac68b78619e6ecc4","727a72372df0ddaaf90cd131c59bfa47b6c2196aa5c00584ac68b78619e6ecc4","727a72372df0ddaaf90cd131c59bfa47b6c2196aa5c00584ac68b78619e6ecc4","included","","","","","","","","","extract","2026-06-30T10:38:04.212506+00:00","{""aidx"": ""CLD0"", ""assay_category"": null, ""assay_cell_type"": ""A-431"", ""assay_chembl_id"": ""CHEMBL679551"", ""assay_classifications"": [], ""assay_group"": null, ""assay_organism"": ""Homo sapiens"", ""assay_parameters"": [], ""assay_strain"": null, ""assay_subcellular_fraction"": null, ""assay_tax_id"": 9606, ""assay_test_type"": null, ""assay_tissue"": null, ""assay_type"": ""B"", ""assay_type_description"": ""Binding"", ""bao_format"": ""BAO_0000219"", ""bao_label"": ""cell-based format"", ""cell_chembl_id"": ""CHEMBL3307523"", ""confidence_description"": ""Direct single protein target assigned"", ""confidence_score"": 9, ""description"": ""Inhibition of EGF-stimulated autophosphorylation of epidermal growth factor receptor in A431 cells"", ""document_chembl_id"": ""CHEMBL1132213"", ""relationship_description"": ""Direct protein target assigned"", ""relationship_type"": ""D"", ""src_assay_id"": null, ""src_id"": 1, ""target_chembl_id"": ""CHEMBL203"", ""tissue_chembl_id"": null, ""variant_sequence"": null}","{""aidx"": ""CLD0"", ""assay_category"": null, ""assay_cell_type"": ""A-431"", ""assay_chembl_id"": ""CHEMBL679551"", ""assay_classifications"": [], ""assay_group"": null, ""assay_organism"": ""Homo sapiens"", ""assay_parameters"": [], ""assay_strain"": null, ""assay_subcellular_fraction"": null, ""assay_tax_id"": 9606, ""assay_test_type"": null, ""assay_tissue"": null, ""assay_type"": ""B"", ""assay_type_description"": ""Binding"", ""bao_format"": ""BAO_0000219"", ""bao_label"": ""cell-based format"", ""cell_chembl_id"": ""CHEMBL3307523"", ""confidence_description"": ""Direct single protein target assigned"", ""confidence_score"": 9, ""description"": ""Inhibition of EGF-stimulated autophosphorylation of epidermal growth factor receptor in A431 cells"", ""document_chembl_id"": ""CHEMBL1132213"", ""relationship_description"": ""Direct protein target assigned"", ""relationship_type"": ""D"", ""src_assay_id"": null, ""src_id"": 1, ""target_chembl_id"": ""CHEMBL203"", ""tissue_chembl_id"": null, ""variant_sequence"": null}","673b5511-3446-5f04-953c-31bc9bd1cef7","{}"
"c2db9646-6053-52aa-b6f1-9d39f569c37f","chembl_assay","chembl_assay","chembl","bronze","23","CHEMBL1134843","CHEMBL1134843","f12a4aa3f5f9c26c536ccdd47cafa65a210a07647bdb0a7f4456129038337cce","f12a4aa3f5f9c26c536ccdd47cafa65a210a07647bdb0a7f4456129038337cce","f12a4aa3f5f9c26c536ccdd47cafa65a210a07647bdb0a7f4456129038337cce","included","","","","","","","","","extract","2026-06-30T10:38:04.212506+00:00","{""aidx"": ""CLD0"", ""assay_category"": null, ""assay_cell_type"": ""A-431"", ""assay_chembl_id"": ""CHEMBL679948"", ""assay_classifications"": [], ""assay_group"": null, ""assay_organism"": ""Homo sapiens"", ""assay_parameters"": [], ""assay_strain"": null, ""assay_subcellular_fraction"": null, ""assay_tax_id"": 9606, ""assay_test_type"": null, ""assay_tissue"": null, ""assay_type"": ""B"", ""assay_type_description"": ""Binding"", ""bao_format"": ""BAO_0000219"", ""bao_label"": ""cell-based format"", ""cell_chembl_id"": ""CHEMBL3307523"", ""confidence_description"": ""Direct single protein target assigned"", ""confidence_score"": 9, ""description"": ""Inhibition of EGF-stimulated autophosphorylation of EGFR in A431 cells"", ""document_chembl_id"": ""CHEMBL1134843"", ""relationship_description"": ""Direct protein target assigned"", ""relationship_type"": ""D"", ""src_assay_id"": null, ""src_id"": 1, ""target_chembl_id"": ""CHEMBL203"", ""tissue_chembl_id"": null, ""variant_sequence"": null}","{""aidx"": ""CLD0"", ""assay_category"": null, ""assay_cell_type"": ""A-431"", ""assay_chembl_id"": ""CHEMBL679948"", ""assay_classifications"": [], ""assay_group"": null, ""assay_organism"": ""Homo sapiens"", ""assay_parameters"": [], ""assay_strain"": null, ""assay_subcellular_fraction"": null, ""assay_tax_id"": 9606, ""assay_test_type"": null, ""assay_tissue"": null, ""assay_type"": ""B"", ""assay_type_description"": ""Binding"", ""bao_format"": ""BAO_0000219"", ""bao_label"": ""cell-based format"", ""cell_chembl_id"": ""CHEMBL3307523"", ""confidence_description"": ""Direct single protein target assigned"", ""confidence_score"": 9, ""description"": ""Inhibition of EGF-stimulated autophosphorylation of EGFR in A431 cells"", ""document_chembl_id"": ""CHEMBL1134843"", ""relationship_description"": ""Direct protein target assigned"", ""relationship_type"": ""D"", ""src_assay_id"": null, ""src_id"": 1, ""target_chembl_id"": ""CHEMBL203"", ""tissue_chembl_id"": null, ""variant_sequence"": null}","673b5511-3446-5f04-953c-31bc9bd1cef7","{}"
"c2db9646-6053-52aa-b6f1-9d39f569c37f","chembl_assay","chembl_assay","chembl","bronze","24","CHEMBL1129035","CHEMBL1129035","b2404270e03c56d6a802cebe3e1d8014e598b40e5787e9c9dd2d6b0da1aea871","b2404270e03c56d6a802cebe3e1d8014e598b40e5787e9c9dd2d6b0da1aea871","b2404270e03c56d6a802cebe3e1d8014e598b40e5787e9c9dd2d6b0da1aea871","included","","","","","","","","","extract","2026-06-30T10:38:04.212506+00:00","{""aidx"": ""CLD0"", ""assay_category"": null, ""assay_cell_type"": ""A-431"", ""assay_chembl_id"": ""CHEMBL683040"", ""assay_classifications"": [], ""assay_group"": null, ""assay_organism"": ""Homo sapiens"", ""assay_parameters"": [], ""assay_strain"": null, ""assay_subcellular_fraction"": null, ""assay_tax_id"": 9606, ""assay_test_type"": null, ""assay_tissue"": null, ""assay_type"": ""B"", ""assay_type_description"": ""Binding"", ""bao_format"": ""BAO_0000219"", ""bao_label"": ""cell-based format"", ""cell_chembl_id"": ""CHEMBL3307523"", ""confidence_description"": ""Direct single protein target assigned"", ""confidence_score"": 9, ""description"": ""Inhibition of tyrosine kinase activity of Epidermal growth factor receptor from human A431 carcinoma cells"", ""document_chembl_id"": ""CHEMBL1129035"", ""relationship_description"": ""Direct protein target assigned"", ""relationship_type"": ""D"", ""src_assay_id"": null, ""src_id"": 1, ""target_chembl_id"": ""CHEMBL203"", ""tissue_chembl_id"": null, ""variant_sequence"": null}","{""aidx"": ""CLD0"", ""assay_category"": null, ""assay_cell_type"": ""A-431"", ""assay_chembl_id"": ""CHEMBL683040"", ""assay_classifications"": [], ""assay_group"": null, ""assay_organism"": ""Homo sapiens"", ""assay_parameters"": [], ""assay_strain"": null, ""assay_subcellular_fraction"": null, ""assay_tax_id"": 9606, ""assay_test_type"": null, ""assay_tissue"": null, ""assay_type"": ""B"", ""assay_type_description"": ""Binding"", ""bao_format"": ""BAO_0000219"", ""bao_label"": ""cell-based format"", ""cell_chembl_id"": ""CHEMBL3307523"", ""confidence_description"": ""Direct single protein target assigned"", ""confidence_score"": 9, ""description"": ""Inhibition of tyrosine kinase activity of Epidermal growth factor receptor from human A431 carcinoma cells"", ""document_chembl_id"": ""CHEMBL1129035"", ""relationship_description"": ""Direct protein target assigned"", ""relationship_type"": ""D"", ""src_assay_id"": null, ""src_id"": 1, ""target_chembl_id"": ""CHEMBL203"", ""tissue_chembl_id"": null, ""variant_sequence"": null}","673b5511-3446-5f04-953c-31bc9bd1cef7","{}"
"c2db9646-6053-52aa-b6f1-9d39f569c37f","chembl_assay","chembl_assay","chembl","bronze","25","CHEMBL1134415","CHEMBL1134415","8568ddd6e7456d25afc0b2eec8a349aa1659b88e7e713648da2d08b0c1e6b1b4","8568ddd6e7456d25afc0b2eec8a349aa1659b88e7e713648da2d08b0c1e6b1b4","8568ddd6e7456d25afc0b2eec8a349aa1659b88e7e713648da2d08b0c1e6b1b4","included","","","","","","","","","extract","2026-06-30T10:38:04.212506+00:00","{""aidx"": ""CLD0"", ""assay_category"": null, ""assay_cell_type"": ""A10"", ""assay_chembl_id"": ""CHEMBL674071"", ""assay_classifications"": [], ""assay_group"": null, ""assay_organism"": ""Rattus norvegicus"", ""assay_parameters"": [], ""assay_strain"": null, ""assay_subcellular_fraction"": null, ""assay_tax_id"": 10116, ""assay_test_type"": null, ""assay_tissue"": null, ""assay_type"": ""B"", ""assay_type_description"": ""Binding"", ""bao_format"": ""BAO_0000219"", ""bao_label"": ""cell-based format"", ""cell_chembl_id"": ""CHEMBL3307383"", ""confidence_description"": ""Direct single protein target assigned"", ""confidence_score"": 9, ""description"": ""Ability to inhibit specific binding of [125I]- -ET-1 to rat A 10 cells which express endothelin A receptor"", ""document_chembl_id"": ""CHEMBL1134415"", ""relationship_description"": ""Direct protein target assigned"", ""relationship_type"": ""D"", ""src_assay_id"": null, ""src_id"": 1, ""target_chembl_id"": ""CHEMBL4566"", ""tissue_chembl_id"": null, ""variant_sequence"": null}","{""aidx"": ""CLD0"", ""assay_category"": null, ""assay_cell_type"": ""A10"", ""assay_chembl_id"": ""CHEMBL674071"", ""assay_classifications"": [], ""assay_group"": null, ""assay_organism"": ""Rattus norvegicus"", ""assay_parameters"": [], ""assay_strain"": null, ""assay_subcellular_fraction"": null, ""assay_tax_id"": 10116, ""assay_test_type"": null, ""assay_tissue"": null, ""assay_type"": ""B"", ""assay_type_description"": ""Binding"", ""bao_format"": ""BAO_0000219"", ""bao_label"": ""cell-based format"", ""cell_chembl_id"": ""CHEMBL3307383"", ""confidence_description"": ""Direct single protein target assigned"", ""confidence_score"": 9, ""description"": ""Ability to inhibit specific binding of [125I]- -ET-1 to rat A 10 cells which express endothelin A receptor"", ""document_chembl_id"": ""CHEMBL1134415"", ""relationship_description"": ""Direct protein target assigned"", ""relationship_type"": ""D"", ""src_assay_id"": null, ""src_id"": 1, ""target_chembl_id"": ""CHEMBL4566"", ""tissue_chembl_id"": null, ""variant_sequence"": null}","673b5511-3446-5f04-953c-31bc9bd1cef7","{}"
"c2db9646-6053-52aa-b6f1-9d39f569c37f","chembl_assay","chembl_assay","chembl","bronze","26","CHEMBL1125940","CHEMBL1125940","39319fa7c732df7ece2290da436c08cfc68bfd51865555ae7fdbbf4c0efdba8f","39319fa7c732df7ece2290da436c08cfc68bfd51865555ae7fdbbf4c0efdba8f","39319fa7c732df7ece2290da436c08cfc68bfd51865555ae7fdbbf4c0efdba8f","included","","","","","","","","","extract","2026-06-30T10:38:04.212506+00:00","{""aidx"": ""CLD0"", ""assay_category"": null, ""assay_cell_type"": ""A10"", ""assay_chembl_id"": ""CHEMBL676101"", ""assay_classifications"": [], ""assay_group"": null, ""assay_organism"": ""Rattus norvegicus"", ""assay_parameters"": [], ""assay_strain"": null, ""assay_subcellular_fraction"": null, ""assay_tax_id"": 10116, ""assay_test_type"": null, ""assay_tissue"": ""Thoracic aorta"", ""assay_type"": ""B"", ""assay_type_description"": ""Binding"", ""bao_format"": ""BAO_0000221"", ""bao_label"": ""tissue-based format"", ""cell_chembl_id"": ""CHEMBL3307383"", ""confidence_description"": ""Direct single protein target assigned"", ""confidence_score"": 9, ""description"": ""Binding affinity towards Endothelin A receptor in A10 rat thoracic aorta smooth muscle cells using [125I]ET1 as radioligand"", ""document_chembl_id"": ""CHEMBL1125940"", ""relationship_description"": ""Direct protein target assigned"", ""relationship_type"": ""D"", ""src_assay_id"": null, ""src_id"": 1, ""target_chembl_id"": ""CHEMBL4566"", ""tissue_chembl_id"": ""CHEMBL3638215"", ""variant_sequence"": null}","{""aidx"": ""CLD0"", ""assay_category"": null, ""assay_cell_type"": ""A10"", ""assay_chembl_id"": ""CHEMBL676101"", ""assay_classifications"": [], ""assay_group"": null, ""assay_organism"": ""Rattus norvegicus"", ""assay_parameters"": [], ""assay_strain"": null, ""assay_subcellular_fraction"": null, ""assay_tax_id"": 10116, ""assay_test_type"": null, ""assay_tissue"": ""Thoracic aorta"", ""assay_type"": ""B"", ""assay_type_description"": ""Binding"", ""bao_format"": ""BAO_0000221"", ""bao_label"": ""tissue-based format"", ""cell_chembl_id"": ""CHEMBL3307383"", ""confidence_description"": ""Direct single protein target assigned"", ""confidence_score"": 9, ""description"": ""Binding affinity towards Endothelin A receptor in A10 rat thoracic aorta smooth muscle cells using [125I]ET1 as radioligand"", ""document_chembl_id"": ""CHEMBL1125940"", ""relationship_description"": ""Direct protein target assigned"", ""relationship_type"": ""D"", ""src_assay_id"": null, ""src_id"": 1, ""target_chembl_id"": ""CHEMBL4566"", ""tissue_chembl_id"": ""CHEMBL3638215"", ""variant_sequence"": null}","673b5511-3446-5f04-953c-31bc9bd1cef7","{}"
"c2db9646-6053-52aa-b6f1-9d39f569c37f","chembl_assay","chembl_assay","chembl","bronze","27","CHEMBL1125940","CHEMBL1125940","560ddd1e26cb899267d6a27d5f6200fe5b92bf16f577af51d2a8625dde3fa094","560ddd1e26cb899267d6a27d5f6200fe5b92bf16f577af51d2a8625dde3fa094","560ddd1e26cb899267d6a27d5f6200fe5b92bf16f577af51d2a8625dde3fa094","included","","","","","","","","","extract","2026-06-30T10:38:04.212506+00:00","{""aidx"": ""CLD0"", ""assay_category"": null, ""assay_cell_type"": ""A10"", ""assay_chembl_id"": ""CHEMBL676102"", ""assay_classifications"": [], ""assay_group"": null, ""assay_organism"": ""Rattus norvegicus"", ""assay_parameters"": [], ""assay_strain"": null, ""assay_subcellular_fraction"": null, ""assay_tax_id"": 10116, ""assay_test_type"": null, ""assay_tissue"": ""Thoracic aorta"", ""assay_type"": ""B"", ""assay_type_description"": ""Binding"", ""bao_format"": ""BAO_0000221"", ""bao_label"": ""tissue-based format"", ""cell_chembl_id"": ""CHEMBL3307383"", ""confidence_description"": ""Direct single protein target assigned"", ""confidence_score"": 9, ""description"": ""Binding affinity towards Endothelin A receptor in A10 rat thoracic aorta smooth muscle cells using [125I]ET1 as radioligand (Exp 1)"", ""document_chembl_id"": ""CHEMBL1125940"", ""relationship_description"": ""Direct protein target assigned"", ""relationship_type"": ""D"", ""src_assay_id"": null, ""src_id"": 1, ""target_chembl_id"": ""CHEMBL4566"", ""tissue_chembl_id"": ""CHEMBL3638215"", ""variant_sequence"": null}","{""aidx"": ""CLD0"", ""assay_category"": null, ""assay_cell_type"": ""A10"", ""assay_chembl_id"": ""CHEMBL676102"", ""assay_classifications"": [], ""assay_group"": null, ""assay_organism"": ""Rattus norvegicus"", ""assay_parameters"": [], ""assay_strain"": null, ""assay_subcellular_fraction"": null, ""assay_tax_id"": 10116, ""assay_test_type"": null, ""assay_tissue"": ""Thoracic aorta"", ""assay_type"": ""B"", ""assay_type_description"": ""Binding"", ""bao_format"": ""BAO_0000221"", ""bao_label"": ""tissue-based format"", ""cell_chembl_id"": ""CHEMBL3307383"", ""confidence_description"": ""Direct single protein target assigned"", ""confidence_score"": 9, ""description"": ""Binding affinity towards Endothelin A receptor in A10 rat thoracic aorta smooth muscle cells using [125I]ET1 as radioligand (Exp 1)"", ""document_chembl_id"": ""CHEMBL1125940"", ""relationship_description"": ""Direct protein target assigned"", ""relationship_type"": ""D"", ""src_assay_id"": null, ""src_id"": 1, ""target_chembl_id"": ""CHEMBL4566"", ""tissue_chembl_id"": ""CHEMBL3638215"", ""variant_sequence"": null}","673b5511-3446-5f04-953c-31bc9bd1cef7","{}"
"c2db9646-6053-52aa-b6f1-9d39f569c37f","chembl_assay","chembl_assay","chembl","bronze","28","CHEMBL1125940","CHEMBL1125940","cd3d72fa787138b69bfb5d7655e9ba1fcf105ab0ceb44fe3c0a1c68736c18f4b","cd3d72fa787138b69bfb5d7655e9ba1fcf105ab0ceb44fe3c0a1c68736c18f4b","cd3d72fa787138b69bfb5d7655e9ba1fcf105ab0ceb44fe3c0a1c68736c18f4b","included","","","","","","","","","extract","2026-06-30T10:38:04.212506+00:00","{""aidx"": ""CLD0"", ""assay_category"": null, ""assay_cell_type"": ""A10"", ""assay_chembl_id"": ""CHEMBL676103"", ""assay_classifications"": [], ""assay_group"": null, ""assay_organism"": ""Rattus norvegicus"", ""assay_parameters"": [], ""assay_strain"": null, ""assay_subcellular_fraction"": null, ""assay_tax_id"": 10116, ""assay_test_type"": null, ""assay_tissue"": ""Thoracic aorta"", ""assay_type"": ""B"", ""assay_type_description"": ""Binding"", ""bao_format"": ""BAO_0000221"", ""bao_label"": ""tissue-based format"", ""cell_chembl_id"": ""CHEMBL3307383"", ""confidence_description"": ""Direct single protein target assigned"", ""confidence_score"": 9, ""description"": ""Binding affinity towards Endothelin A receptor in A10 rat thoracic aorta smooth muscle cells using [125I]ET1 as radioligand (Exp 2)"", ""document_chembl_id"": ""CHEMBL1125940"", ""relationship_description"": ""Direct protein target assigned"", ""relationship_type"": ""D"", ""src_assay_id"": null, ""src_id"": 1, ""target_chembl_id"": ""CHEMBL4566"", ""tissue_chembl_id"": ""CHEMBL3638215"", ""variant_sequence"": null}","{""aidx"": ""CLD0"", ""assay_category"": null, ""assay_cell_type"": ""A10"", ""assay_chembl_id"": ""CHEMBL676103"", ""assay_classifications"": [], ""assay_group"": null, ""assay_organism"": ""Rattus norvegicus"", ""assay_parameters"": [], ""assay_strain"": null, ""assay_subcellular_fraction"": null, ""assay_tax_id"": 10116, ""assay_test_type"": null, ""assay_tissue"": ""Thoracic aorta"", ""assay_type"": ""B"", ""assay_type_description"": ""Binding"", ""bao_format"": ""BAO_0000221"", ""bao_label"": ""tissue-based format"", ""cell_chembl_id"": ""CHEMBL3307383"", ""confidence_description"": ""Direct single protein target assigned"", ""confidence_score"": 9, ""description"": ""Binding affinity towards Endothelin A receptor in A10 rat thoracic aorta smooth muscle cells using [125I]ET1 as radioligand (Exp 2)"", ""document_chembl_id"": ""CHEMBL1125940"", ""relationship_description"": ""Direct protein target assigned"", ""relationship_type"": ""D"", ""src_assay_id"": null, ""src_id"": 1, ""target_chembl_id"": ""CHEMBL4566"", ""tissue_chembl_id"": ""CHEMBL3638215"", ""variant_sequence"": null}","673b5511-3446-5f04-953c-31bc9bd1cef7","{}"
"c2db9646-6053-52aa-b6f1-9d39f569c37f","chembl_assay","chembl_assay","chembl","bronze","29","CHEMBL1135998","CHEMBL1135998","332b658c57a5e132adc56242d3c62b1104c104a580a99835c3c0d13ed5900a7b","332b658c57a5e132adc56242d3c62b1104c104a580a99835c3c0d13ed5900a7b","332b658c57a5e132adc56242d3c62b1104c104a580a99835c3c0d13ed5900a7b","included","","","","","","","","","extract","2026-06-30T10:38:04.212506+00:00","{""aidx"": ""CLD0"", ""assay_category"": null, ""assay_cell_type"": ""AML"", ""assay_chembl_id"": ""CHEMBL679499"", ""assay_classifications"": [], ""assay_group"": null, ""assay_organism"": ""Homo sapiens"", ""assay_parameters"": [], ""assay_strain"": null, ""assay_subcellular_fraction"": null, ""assay_tax_id"": 9606, ""assay_test_type"": ""In vitro"", ""assay_tissue"": null, ""assay_type"": ""F"", ""assay_type_description"": ""Functional"", ""bao_format"": ""BAO_0000219"", ""bao_label"": ""cell-based format"", ""cell_chembl_id"": null, ""confidence_description"": ""Direct single protein target assigned"", ""confidence_score"": 9, ""description"": ""Inhibition of Flt3/ITD mutant expressed in hematopoietic cells or AML cell lines; range = 30-100 nM"", ""document_chembl_id"": ""CHEMBL1135998"", ""relationship_description"": ""Direct protein target assigned"", ""relationship_type"": ""D"", ""src_assay_id"": null, ""src_id"": 1, ""target_chembl_id"": ""CHEMBL1974"", ""tissue_chembl_id"": null, ""variant_sequence"": null}","{""aidx"": ""CLD0"", ""assay_category"": null, ""assay_cell_type"": ""AML"", ""assay_chembl_id"": ""CHEMBL679499"", ""assay_classifications"": [], ""assay_group"": null, ""assay_organism"": ""Homo sapiens"", ""assay_parameters"": [], ""assay_strain"": null, ""assay_subcellular_fraction"": null, ""assay_tax_id"": 9606, ""assay_test_type"": ""In vitro"", ""assay_tissue"": null, ""assay_type"": ""F"", ""assay_type_description"": ""Functional"", ""bao_format"": ""BAO_0000219"", ""bao_label"": ""cell-based format"", ""cell_chembl_id"": null, ""confidence_description"": ""Direct single protein target assigned"", ""confidence_score"": 9, ""description"": ""Inhibition of Flt3/ITD mutant expressed in hematopoietic cells or AML cell lines; range = 30-100 nM"", ""document_chembl_id"": ""CHEMBL1135998"", ""relationship_description"": ""Direct protein target assigned"", ""relationship_type"": ""D"", ""src_assay_id"": null, ""src_id"": 1, ""target_chembl_id"": ""CHEMBL1974"", ""tissue_chembl_id"": null, ""variant_sequence"": null}","673b5511-3446-5f04-953c-31bc9bd1cef7","{}"
"c2db9646-6053-52aa-b6f1-9d39f569c37f","chembl_assay","chembl_assay","chembl","bronze","30","CHEMBL1135998","CHEMBL1135998","d3acdf59dd756e3b69679d6121d53ca563c1bd61f468fde52a2fab5132735c76","d3acdf59dd756e3b69679d6121d53ca563c1bd61f468fde52a2fab5132735c76","d3acdf59dd756e3b69679d6121d53ca563c1bd61f468fde52a2fab5132735c76","included","","","","","","","","","extract","2026-06-30T10:38:04.212506+00:00","{""aidx"": ""CLD0"", ""assay_category"": null, ""assay_cell_type"": ""AML"", ""assay_chembl_id"": ""CHEMBL679500"", ""assay_classifications"": [], ""assay_group"": null, ""assay_organism"": ""Homo sapiens"", ""assay_parameters"": [], ""assay_strain"": null, ""assay_subcellular_fraction"": null, ""assay_tax_id"": 9606, ""assay_test_type"": ""In vitro"", ""assay_tissue"": null, ""assay_type"": ""F"", ""assay_type_description"": ""Functional"", ""bao_format"": ""BAO_0000219"", ""bao_label"": ""cell-based format"", ""cell_chembl_id"": null, ""confidence_description"": ""Direct single protein target assigned"", ""confidence_score"": 9, ""description"": ""Inhibition of Flt3/ITD mutant expressed in hematopoietic cells or AML cell lines; range = 30-100 nM"", ""document_chembl_id"": ""CHEMBL1135998"", ""relationship_description"": ""Direct protein target assigned"", ""relationship_type"": ""D"", ""src_assay_id"": null, ""src_id"": 1, ""target_chembl_id"": ""CHEMBL1974"", ""tissue_chembl_id"": null, ""variant_sequence"": null}","{""aidx"": ""CLD0"", ""assay_category"": null, ""assay_cell_type"": ""AML"", ""assay_chembl_id"": ""CHEMBL679500"", ""assay_classifications"": [], ""assay_group"": null, ""assay_organism"": ""Homo sapiens"", ""assay_parameters"": [], ""assay_strain"": null, ""assay_subcellular_fraction"": null, ""assay_tax_id"": 9606, ""assay_test_type"": ""In vitro"", ""assay_tissue"": null, ""assay_type"": ""F"", ""assay_type_description"": ""Functional"", ""bao_format"": ""BAO_0000219"", ""bao_label"": ""cell-based format"", ""cell_chembl_id"": null, ""confidence_description"": ""Direct single protein target assigned"", ""confidence_score"": 9, ""description"": ""Inhibition of Flt3/ITD mutant expressed in hematopoietic cells or AML cell lines; range = 30-100 nM"", ""document_chembl_id"": ""CHEMBL1135998"", ""relationship_description"": ""Direct protein target assigned"", ""relationship_type"": ""D"", ""src_assay_id"": null, ""src_id"": 1, ""target_chembl_id"": ""CHEMBL1974"", ""tissue_chembl_id"": null, ""variant_sequence"": null}","673b5511-3446-5f04-953c-31bc9bd1cef7","{}"
"c2db9646-6053-52aa-b6f1-9d39f569c37f","chembl_assay","chembl_assay","chembl","bronze","31","CHEMBL1126055","CHEMBL1126055","3c4c1b77156fb03d1f96963bba52f2982b733f1ff0c9724e9fd3b1543547a8d1","3c4c1b77156fb03d1f96963bba52f2982b733f1ff0c9724e9fd3b1543547a8d1","3c4c1b77156fb03d1f96963bba52f2982b733f1ff0c9724e9fd3b1543547a8d1","included","","","","","","","","","extract","2026-06-30T10:38:04.212506+00:00","{""aidx"": ""CLD0"", ""assay_category"": null, ""assay_cell_type"": ""C3H 10T1/2"", ""assay_chembl_id"": ""CHEMBL675245"", ""assay_classifications"": [], ""assay_group"": null, ""assay_organism"": ""Mus musculus"", ""assay_parameters"": [], ""assay_strain"": null, ""assay_subcellular_fraction"": null, ""assay_tax_id"": 10090, ""assay_test_type"": null, ""assay_tissue"": null, ""assay_type"": ""F"", ""assay_type_description"": ""Functional"", ""bao_format"": ""BAO_0000219"", ""bao_label"": ""cell-based format"", ""cell_chembl_id"": ""CHEMBL3307493"", ""confidence_description"": ""Direct single protein target assigned"", ""confidence_score"": 9, ""description"": ""Inhibition of epidermal growth factor binding in C3H10T1/2 cells"", ""document_chembl_id"": ""CHEMBL1126055"", ""relationship_description"": ""Direct protein target assigned"", ""relationship_type"": ""D"", ""src_assay_id"": null, ""src_id"": 1, ""target_chembl_id"": ""CHEMBL3608"", ""tissue_chembl_id"": null, ""variant_sequence"": null}","{""aidx"": ""CLD0"", ""assay_category"": null, ""assay_cell_type"": ""C3H 10T1/2"", ""assay_chembl_id"": ""CHEMBL675245"", ""assay_classifications"": [], ""assay_group"": null, ""assay_organism"": ""Mus musculus"", ""assay_parameters"": [], ""assay_strain"": null, ""assay_subcellular_fraction"": null, ""assay_tax_id"": 10090, ""assay_test_type"": null, ""assay_tissue"": null, ""assay_type"": ""F"", ""assay_type_description"": ""Functional"", ""bao_format"": ""BAO_0000219"", ""bao_label"": ""cell-based format"", ""cell_chembl_id"": ""CHEMBL3307493"", ""confidence_description"": ""Direct single protein target assigned"", ""confidence_score"": 9, ""description"": ""Inhibition of epidermal growth factor binding in C3H10T1/2 cells"", ""document_chembl_id"": ""CHEMBL1126055"", ""relationship_description"": ""Direct protein target assigned"", ""relationship_type"": ""D"", ""src_assay_id"": null, ""src_id"": 1, ""target_chembl_id"": ""CHEMBL3608"", ""tissue_chembl_id"": null, ""variant_sequence"": null}","673b5511-3446-5f04-953c-31bc9bd1cef7","{}"
"c2db9646-6053-52aa-b6f1-9d39f569c37f","chembl_assay","chembl_assay","chembl","bronze","32","CHEMBL1132603","CHEMBL1132603","e8e1c8cc9db1eb2a5742f9377e309f326281fc74d30ea7c921ac80ad83956b37","e8e1c8cc9db1eb2a5742f9377e309f326281fc74d30ea7c921ac80ad83956b37","e8e1c8cc9db1eb2a5742f9377e309f326281fc74d30ea7c921ac80ad83956b37","included","","","","","","","","","extract","2026-06-30T10:38:04.212506+00:00","{""aidx"": ""CLD0"", ""assay_category"": null, ""assay_cell_type"": ""C6"", ""assay_chembl_id"": ""CHEMBL670408"", ""assay_classifications"": [], ""assay_group"": null, ""assay_organism"": ""Rattus norvegicus"", ""assay_parameters"": [], ""assay_strain"": null, ""assay_subcellular_fraction"": null, ""assay_tax_id"": 10116, ""assay_test_type"": null, ""assay_tissue"": null, ""assay_type"": ""B"", ""assay_type_description"": ""Binding"", ""bao_format"": ""BAO_0000219"", ""bao_label"": ""cell-based format"", ""cell_chembl_id"": ""CHEMBL3308345"", ""confidence_description"": ""Direct single protein target assigned"", ""confidence_score"": 9, ""description"": ""Affinity on C6 glioma cells transfected with Dopamine receptor D2L"", ""document_chembl_id"": ""CHEMBL1132603"", ""relationship_description"": ""Direct protein target assigned"", ""relationship_type"": ""D"", ""src_assay_id"": null, ""src_id"": 1, ""target_chembl_id"": ""CHEMBL339"", ""tissue_chembl_id"": null, ""variant_sequence"": null}","{""aidx"": ""CLD0"", ""assay_category"": null, ""assay_cell_type"": ""C6"", ""assay_chembl_id"": ""CHEMBL670408"", ""assay_classifications"": [], ""assay_group"": null, ""assay_organism"": ""Rattus norvegicus"", ""assay_parameters"": [], ""assay_strain"": null, ""assay_subcellular_fraction"": null, ""assay_tax_id"": 10116, ""assay_test_type"": null, ""assay_tissue"": null, ""assay_type"": ""B"", ""assay_type_description"": ""Binding"", ""bao_format"": ""BAO_0000219"", ""bao_label"": ""cell-based format"", ""cell_chembl_id"": ""CHEMBL3308345"", ""confidence_description"": ""Direct single protein target assigned"", ""confidence_score"": 9, ""description"": ""Affinity on C6 glioma cells transfected with Dopamine receptor D2L"", ""document_chembl_id"": ""CHEMBL1132603"", ""relationship_description"": ""Direct protein target assigned"", ""relationship_type"": ""D"", ""src_assay_id"": null, ""src_id"": 1, ""target_chembl_id"": ""CHEMBL339"", ""tissue_chembl_id"": null, ""variant_sequence"": null}","673b5511-3446-5f04-953c-31bc9bd1cef7","{}"
"c2db9646-6053-52aa-b6f1-9d39f569c37f","chembl_assay","chembl_assay","chembl","bronze","33","CHEMBL1132603","CHEMBL1132603","41f24f05b17ff55c6e614e1adb7b9e6051a57067ff0a94a66ff89614cba63ead","41f24f05b17ff55c6e614e1adb7b9e6051a57067ff0a94a66ff89614cba63ead","41f24f05b17ff55c6e614e1adb7b9e6051a57067ff0a94a66ff89614cba63ead","included","","","","","","","","","extract","2026-06-30T10:38:04.212506+00:00","{""aidx"": ""CLD0"", ""assay_category"": null, ""assay_cell_type"": ""C6"", ""assay_chembl_id"": ""CHEMBL671914"", ""assay_classifications"": [], ""assay_group"": null, ""assay_organism"": ""Rattus norvegicus"", ""assay_parameters"": [], ""assay_strain"": null, ""assay_subcellular_fraction"": null, ""assay_tax_id"": 10116, ""assay_test_type"": null, ""assay_tissue"": null, ""assay_type"": ""B"", ""assay_type_description"": ""Binding"", ""bao_format"": ""BAO_0000219"", ""bao_label"": ""cell-based format"", ""cell_chembl_id"": ""CHEMBL3308345"", ""confidence_description"": ""Direct single protein target assigned"", ""confidence_score"": 9, ""description"": ""Affinity on C6 glioma cells transfected with Dopamine receptor D3"", ""document_chembl_id"": ""CHEMBL1132603"", ""relationship_description"": ""Direct protein target assigned"", ""relationship_type"": ""D"", ""src_assay_id"": null, ""src_id"": 1, ""target_chembl_id"": ""CHEMBL3138"", ""tissue_chembl_id"": null, ""variant_sequence"": null}","{""aidx"": ""CLD0"", ""assay_category"": null, ""assay_cell_type"": ""C6"", ""assay_chembl_id"": ""CHEMBL671914"", ""assay_classifications"": [], ""assay_group"": null, ""assay_organism"": ""Rattus norvegicus"", ""assay_parameters"": [], ""assay_strain"": null, ""assay_subcellular_fraction"": null, ""assay_tax_id"": 10116, ""assay_test_type"": null, ""assay_tissue"": null, ""assay_type"": ""B"", ""assay_type_description"": ""Binding"", ""bao_format"": ""BAO_0000219"", ""bao_label"": ""cell-based format"", ""cell_chembl_id"": ""CHEMBL3308345"", ""confidence_description"": ""Direct single protein target assigned"", ""confidence_score"": 9, ""description"": ""Affinity on C6 glioma cells transfected with Dopamine receptor D3"", ""document_chembl_id"": ""CHEMBL1132603"", ""relationship_description"": ""Direct protein target assigned"", ""relationship_type"": ""D"", ""src_assay_id"": null, ""src_id"": 1, ""target_chembl_id"": ""CHEMBL3138"", ""tissue_chembl_id"": null, ""variant_sequence"": null}","673b5511-3446-5f04-953c-31bc9bd1cef7","{}"
"c2db9646-6053-52aa-b6f1-9d39f569c37f","chembl_assay","chembl_assay","chembl","bronze","34","CHEMBL1134812","CHEMBL1134812","e859ccd43a4ef2ad9d13b8408ac92016ad81edd35c525794f51b4cf558ca8550","e859ccd43a4ef2ad9d13b8408ac92016ad81edd35c525794f51b4cf558ca8550","e859ccd43a4ef2ad9d13b8408ac92016ad81edd35c525794f51b4cf558ca8550","included","","","","","","","","","extract","2026-06-30T10:38:04.212506+00:00","{""aidx"": ""CLD0"", ""assay_category"": null, ""assay_cell_type"": ""CHO"", ""assay_chembl_id"": ""CHEMBL665385"", ""assay_classifications"": [], ""assay_group"": null, ""assay_organism"": ""Homo sapiens"", ""assay_parameters"": [], ""assay_strain"": null, ""assay_subcellular_fraction"": null, ""assay_tax_id"": 9606, ""assay_test_type"": null, ""assay_tissue"": null, ""assay_type"": ""B"", ""assay_type_description"": ""Binding"", ""bao_format"": ""BAO_0000219"", ""bao_label"": ""cell-based format"", ""cell_chembl_id"": ""CHEMBL3308072"", ""confidence_description"": ""Direct single protein target assigned"", ""confidence_score"": 9, ""description"": ""In vitro for its ability to displace [3H]- spiperone from cloned human dopamine D2 short receptor expressed in CHO cells"", ""document_chembl_id"": ""CHEMBL1134812"", ""relationship_description"": ""Direct protein target assigned"", ""relationship_type"": ""D"", ""src_assay_id"": null, ""src_id"": 1, ""target_chembl_id"": ""CHEMBL217"", ""tissue_chembl_id"": null, ""variant_sequence"": null}","{""aidx"": ""CLD0"", ""assay_category"": null, ""assay_cell_type"": ""CHO"", ""assay_chembl_id"": ""CHEMBL665385"", ""assay_classifications"": [], ""assay_group"": null, ""assay_organism"": ""Homo sapiens"", ""assay_parameters"": [], ""assay_strain"": null, ""assay_subcellular_fraction"": null, ""assay_tax_id"": 9606, ""assay_test_type"": null, ""assay_tissue"": null, ""assay_type"": ""B"", ""assay_type_description"": ""Binding"", ""bao_format"": ""BAO_0000219"", ""bao_label"": ""cell-based format"", ""cell_chembl_id"": ""CHEMBL3308072"", ""confidence_description"": ""Direct single protein target assigned"", ""confidence_score"": 9, ""description"": ""In vitro for its ability to displace [3H]- spiperone from cloned human dopamine D2 short receptor expressed in CHO cells"", ""document_chembl_id"": ""CHEMBL1134812"", ""relationship_description"": ""Direct protein target assigned"", ""relationship_type"": ""D"", ""src_assay_id"": null, ""src_id"": 1, ""target_chembl_id"": ""CHEMBL217"", ""tissue_chembl_id"": null, ""variant_sequence"": null}","673b5511-3446-5f04-953c-31bc9bd1cef7","{}"
"c2db9646-6053-52aa-b6f1-9d39f569c37f","chembl_assay","chembl_assay","chembl","bronze","35","CHEMBL1149936","CHEMBL1149936","192163f651097ded697c4d9ddbcc29c37115c917f7f3f383dfd9e9470e29b769","192163f651097ded697c4d9ddbcc29c37115c917f7f3f383dfd9e9470e29b769","192163f651097ded697c4d9ddbcc29c37115c917f7f3f383dfd9e9470e29b769","included","","","","","","","","","extract","2026-06-30T10:38:04.212506+00:00","{""aidx"": ""CLD0"", ""assay_category"": null, ""assay_cell_type"": ""CHO"", ""assay_chembl_id"": ""CHEMBL666891"", ""assay_classifications"": [], ""assay_group"": null, ""assay_organism"": ""Homo sapiens"", ""assay_parameters"": [], ""assay_strain"": null, ""assay_subcellular_fraction"": null, ""assay_tax_id"": 9606, ""assay_test_type"": null, ""assay_tissue"": null, ""assay_type"": ""B"", ""assay_type_description"": ""Binding"", ""bao_format"": ""BAO_0000219"", ""bao_label"": ""cell-based format"", ""cell_chembl_id"": ""CHEMBL3308072"", ""confidence_description"": ""Direct single protein target assigned"", ""confidence_score"": 9, ""description"": ""Binding affinity towards cloned human Dopamine D3 receptor in CHO cells using [3H]spiperone as radioligand"", ""document_chembl_id"": ""CHEMBL1149936"", ""relationship_description"": ""Direct protein target assigned"", ""relationship_type"": ""D"", ""src_assay_id"": null, ""src_id"": 1, ""target_chembl_id"": ""CHEMBL234"", ""tissue_chembl_id"": null, ""variant_sequence"": null}","{""aidx"": ""CLD0"", ""assay_category"": null, ""assay_cell_type"": ""CHO"", ""assay_chembl_id"": ""CHEMBL666891"", ""assay_classifications"": [], ""assay_group"": null, ""assay_organism"": ""Homo sapiens"", ""assay_parameters"": [], ""assay_strain"": null, ""assay_subcellular_fraction"": null, ""assay_tax_id"": 9606, ""assay_test_type"": null, ""assay_tissue"": null, ""assay_type"": ""B"", ""assay_type_description"": ""Binding"", ""bao_format"": ""BAO_0000219"", ""bao_label"": ""cell-based format"", ""cell_chembl_id"": ""CHEMBL3308072"", ""confidence_description"": ""Direct single protein target assigned"", ""confidence_score"": 9, ""description"": ""Binding affinity towards cloned human Dopamine D3 receptor in CHO cells using [3H]spiperone as radioligand"", ""document_chembl_id"": ""CHEMBL1149936"", ""relationship_description"": ""Direct protein target assigned"", ""relationship_type"": ""D"", ""src_assay_id"": null, ""src_id"": 1, ""target_chembl_id"": ""CHEMBL234"", ""tissue_chembl_id"": null, ""variant_sequence"": null}","673b5511-3446-5f04-953c-31bc9bd1cef7","{}"
"c2db9646-6053-52aa-b6f1-9d39f569c37f","chembl_assay","chembl_assay","chembl","bronze","36","CHEMBL1130515","CHEMBL1130515","764daf043e7f9b654b74797e84623ee8b0459032ecf4be56119c62b96f1c9c55","764daf043e7f9b654b74797e84623ee8b0459032ecf4be56119c62b96f1c9c55","764daf043e7f9b654b74797e84623ee8b0459032ecf4be56119c62b96f1c9c55","included","","","","","","","","","extract","2026-06-30T10:38:04.212506+00:00","{""aidx"": ""CLD0"", ""assay_category"": null, ""assay_cell_type"": ""CHO"", ""assay_chembl_id"": ""CHEMBL666966"", ""assay_classifications"": [], ""assay_group"": null, ""assay_organism"": ""Homo sapiens"", ""assay_parameters"": [], ""assay_strain"": null, ""assay_subcellular_fraction"": null, ""assay_tax_id"": 9606, ""assay_test_type"": null, ""assay_tissue"": null, ""assay_type"": ""B"", ""assay_type_description"": ""Binding"", ""bao_format"": ""BAO_0000219"", ""bao_label"": ""cell-based format"", ""cell_chembl_id"": ""CHEMBL3308072"", ""confidence_description"": ""Direct single protein target assigned"", ""confidence_score"": 9, ""description"": ""Displacement of [3H]spiperone from human dopamine receptor subtype hD3 expressed in CHO cells"", ""document_chembl_id"": ""CHEMBL1130515"", ""relationship_description"": ""Direct protein target assigned"", ""relationship_type"": ""D"", ""src_assay_id"": null, ""src_id"": 1, ""target_chembl_id"": ""CHEMBL234"", ""tissue_chembl_id"": null, ""variant_sequence"": null}","{""aidx"": ""CLD0"", ""assay_category"": null, ""assay_cell_type"": ""CHO"", ""assay_chembl_id"": ""CHEMBL666966"", ""assay_classifications"": [], ""assay_group"": null, ""assay_organism"": ""Homo sapiens"", ""assay_parameters"": [], ""assay_strain"": null, ""assay_subcellular_fraction"": null, ""assay_tax_id"": 9606, ""assay_test_type"": null, ""assay_tissue"": null, ""assay_type"": ""B"", ""assay_type_description"": ""Binding"", ""bao_format"": ""BAO_0000219"", ""bao_label"": ""cell-based format"", ""cell_chembl_id"": ""CHEMBL3308072"", ""confidence_description"": ""Direct single protein target assigned"", ""confidence_score"": 9, ""description"": ""Displacement of [3H]spiperone from human dopamine receptor subtype hD3 expressed in CHO cells"", ""document_chembl_id"": ""CHEMBL1130515"", ""relationship_description"": ""Direct protein target assigned"", ""relationship_type"": ""D"", ""src_assay_id"": null, ""src_id"": 1, ""target_chembl_id"": ""CHEMBL234"", ""tissue_chembl_id"": null, ""variant_sequence"": null}","673b5511-3446-5f04-953c-31bc9bd1cef7","{}"
"c2db9646-6053-52aa-b6f1-9d39f569c37f","chembl_assay","chembl_assay","chembl","bronze","37","CHEMBL1131659","CHEMBL1131659","d740b8cda2a05e7321851f55360f5756eafc3549ff744a0865485a13db0666b8","d740b8cda2a05e7321851f55360f5756eafc3549ff744a0865485a13db0666b8","d740b8cda2a05e7321851f55360f5756eafc3549ff744a0865485a13db0666b8","included","","","","","","","","","extract","2026-06-30T10:38:04.212506+00:00","{""aidx"": ""CLD0"", ""assay_category"": null, ""assay_cell_type"": ""CHO"", ""assay_chembl_id"": ""CHEMBL666967"", ""assay_classifications"": [], ""assay_group"": null, ""assay_organism"": ""Homo sapiens"", ""assay_parameters"": [], ""assay_strain"": null, ""assay_subcellular_fraction"": null, ""assay_tax_id"": 9606, ""assay_test_type"": null, ""assay_tissue"": null, ""assay_type"": ""B"", ""assay_type_description"": ""Binding"", ""bao_format"": ""BAO_0000219"", ""bao_label"": ""cell-based format"", ""cell_chembl_id"": ""CHEMBL3308072"", ""confidence_description"": ""Direct single protein target assigned"", ""confidence_score"": 9, ""description"": ""In vitro binding affinity against human D3 dopamine receptor in CHO cells using [3H]spiperone"", ""document_chembl_id"": ""CHEMBL1131659"", ""relationship_description"": ""Direct protein target assigned"", ""relationship_type"": ""D"", ""src_assay_id"": null, ""src_id"": 1, ""target_chembl_id"": ""CHEMBL234"", ""tissue_chembl_id"": null, ""variant_sequence"": null}","{""aidx"": ""CLD0"", ""assay_category"": null, ""assay_cell_type"": ""CHO"", ""assay_chembl_id"": ""CHEMBL666967"", ""assay_classifications"": [], ""assay_group"": null, ""assay_organism"": ""Homo sapiens"", ""assay_parameters"": [], ""assay_strain"": null, ""assay_subcellular_fraction"": null, ""assay_tax_id"": 9606, ""assay_test_type"": null, ""assay_tissue"": null, ""assay_type"": ""B"", ""assay_type_description"": ""Binding"", ""bao_format"": ""BAO_0000219"", ""bao_label"": ""cell-based format"", ""cell_chembl_id"": ""CHEMBL3308072"", ""confidence_description"": ""Direct single protein target assigned"", ""confidence_score"": 9, ""description"": ""In vitro binding affinity against human D3 dopamine receptor in CHO cells using [3H]spiperone"", ""document_chembl_id"": ""CHEMBL1131659"", ""relationship_description"": ""Direct protein target assigned"", ""relationship_type"": ""D"", ""src_assay_id"": null, ""src_id"": 1, ""target_chembl_id"": ""CHEMBL234"", ""tissue_chembl_id"": null, ""variant_sequence"": null}","673b5511-3446-5f04-953c-31bc9bd1cef7","{}"
"c2db9646-6053-52aa-b6f1-9d39f569c37f","chembl_assay","chembl_assay","chembl","bronze","38","CHEMBL1130531","CHEMBL1130531","ef4a8f1d7110bfdd89ff2c79c1548f85f8f43d2f696337c29e886c6f0e1bb347","ef4a8f1d7110bfdd89ff2c79c1548f85f8f43d2f696337c29e886c6f0e1bb347","ef4a8f1d7110bfdd89ff2c79c1548f85f8f43d2f696337c29e886c6f0e1bb347","included","","","","","","","","","extract","2026-06-30T10:38:04.212506+00:00","{""aidx"": ""CLD0"", ""assay_category"": null, ""assay_cell_type"": ""CHO"", ""assay_chembl_id"": ""CHEMBL666968"", ""assay_classifications"": [], ""assay_group"": null, ""assay_organism"": ""Homo sapiens"", ""assay_parameters"": [], ""assay_strain"": null, ""assay_subcellular_fraction"": null, ""assay_tax_id"": 9606, ""assay_test_type"": null, ""assay_tissue"": null, ""assay_type"": ""B"", ""assay_type_description"": ""Binding"", ""bao_format"": ""BAO_0000219"", ""bao_label"": ""cell-based format"", ""cell_chembl_id"": ""CHEMBL3308072"", ""confidence_description"": ""Direct single protein target assigned"", ""confidence_score"": 9, ""description"": ""Binding affinity at cloned human D3 dopamine receptor in CHO cells using [3H]-YM 09151 as radioligand"", ""document_chembl_id"": ""CHEMBL1130531"", ""relationship_description"": ""Direct protein target assigned"", ""relationship_type"": ""D"", ""src_assay_id"": null, ""src_id"": 1, ""target_chembl_id"": ""CHEMBL234"", ""tissue_chembl_id"": null, ""variant_sequence"": null}","{""aidx"": ""CLD0"", ""assay_category"": null, ""assay_cell_type"": ""CHO"", ""assay_chembl_id"": ""CHEMBL666968"", ""assay_classifications"": [], ""assay_group"": null, ""assay_organism"": ""Homo sapiens"", ""assay_parameters"": [], ""assay_strain"": null, ""assay_subcellular_fraction"": null, ""assay_tax_id"": 9606, ""assay_test_type"": null, ""assay_tissue"": null, ""assay_type"": ""B"", ""assay_type_description"": ""Binding"", ""bao_format"": ""BAO_0000219"", ""bao_label"": ""cell-based format"", ""cell_chembl_id"": ""CHEMBL3308072"", ""confidence_description"": ""Direct single protein target assigned"", ""confidence_score"": 9, ""description"": ""Binding affinity at cloned human D3 dopamine receptor in CHO cells using [3H]-YM 09151 as radioligand"", ""document_chembl_id"": ""CHEMBL1130531"", ""relationship_description"": ""Direct protein target assigned"", ""relationship_type"": ""D"", ""src_assay_id"": null, ""src_id"": 1, ""target_chembl_id"": ""CHEMBL234"", ""tissue_chembl_id"": null, ""variant_sequence"": null}","673b5511-3446-5f04-953c-31bc9bd1cef7","{}"
"c2db9646-6053-52aa-b6f1-9d39f569c37f","chembl_assay","chembl_assay","chembl","bronze","39","CHEMBL1130531","CHEMBL1130531","c494e854900d796be4f087c8623308278498791a200d3a3786e0d8c913980643","c494e854900d796be4f087c8623308278498791a200d3a3786e0d8c913980643","c494e854900d796be4f087c8623308278498791a200d3a3786e0d8c913980643","included","","","","","","","","","extract","2026-06-30T10:38:04.212506+00:00","{""aidx"": ""CLD0"", ""assay_category"": null, ""assay_cell_type"": ""CHO"", ""assay_chembl_id"": ""CHEMBL666969"", ""assay_classifications"": [], ""assay_group"": null, ""assay_organism"": ""Homo sapiens"", ""assay_parameters"": [], ""assay_strain"": null, ""assay_subcellular_fraction"": null, ""assay_tax_id"": 9606, ""assay_test_type"": null, ""assay_tissue"": null, ""assay_type"": ""B"", ""assay_type_description"": ""Binding"", ""bao_format"": ""BAO_0000219"", ""bao_label"": ""cell-based format"", ""cell_chembl_id"": ""CHEMBL3308072"", ""confidence_description"": ""Direct single protein target assigned"", ""confidence_score"": 9, ""description"": ""Binding affinity at cloned human D3 dopamine receptor in CHO cells using [3H]-YM 09151 as radioligand; not determined"", ""document_chembl_id"": ""CHEMBL1130531"", ""relationship_description"": ""Direct protein target assigned"", ""relationship_type"": ""D"", ""src_assay_id"": null, ""src_id"": 1, ""target_chembl_id"": ""CHEMBL234"", ""tissue_chembl_id"": null, ""variant_sequence"": null}","{""aidx"": ""CLD0"", ""assay_category"": null, ""assay_cell_type"": ""CHO"", ""assay_chembl_id"": ""CHEMBL666969"", ""assay_classifications"": [], ""assay_group"": null, ""assay_organism"": ""Homo sapiens"", ""assay_parameters"": [], ""assay_strain"": null, ""assay_subcellular_fraction"": null, ""assay_tax_id"": 9606, ""assay_test_type"": null, ""assay_tissue"": null, ""assay_type"": ""B"", ""assay_type_description"": ""Binding"", ""bao_format"": ""BAO_0000219"", ""bao_label"": ""cell-based format"", ""cell_chembl_id"": ""CHEMBL3308072"", ""confidence_description"": ""Direct single protein target assigned"", ""confidence_score"": 9, ""description"": ""Binding affinity at cloned human D3 dopamine receptor in CHO cells using [3H]-YM 09151 as radioligand; not determined"", ""document_chembl_id"": ""CHEMBL1130531"", ""relationship_description"": ""Direct protein target assigned"", ""relationship_type"": ""D"", ""src_assay_id"": null, ""src_id"": 1, ""target_chembl_id"": ""CHEMBL234"", ""tissue_chembl_id"": null, ""variant_sequence"": null}","673b5511-3446-5f04-953c-31bc9bd1cef7","{}"
"c2db9646-6053-52aa-b6f1-9d39f569c37f","chembl_assay","chembl_assay","chembl","bronze","40","CHEMBL1132519","CHEMBL1132519","e153be5d24b6389a18e2350d9c19038b581cf0d0842eb383d2114dfdeb4c3683","e153be5d24b6389a18e2350d9c19038b581cf0d0842eb383d2114dfdeb4c3683","e153be5d24b6389a18e2350d9c19038b581cf0d0842eb383d2114dfdeb4c3683","included","","","","","","","","","extract","2026-06-30T10:38:04.212506+00:00","{""aidx"": ""CLD0"", ""assay_category"": null, ""assay_cell_type"": ""CHO"", ""assay_chembl_id"": ""CHEMBL669161"", ""assay_classifications"": [], ""assay_group"": null, ""assay_organism"": ""Homo sapiens"", ""assay_parameters"": [], ""assay_strain"": null, ""assay_subcellular_fraction"": null, ""assay_tax_id"": 9606, ""assay_test_type"": null, ""assay_tissue"": null, ""assay_type"": ""B"", ""assay_type_description"": ""Binding"", ""bao_format"": ""BAO_0000219"", ""bao_label"": ""cell-based format"", ""cell_chembl_id"": ""CHEMBL3308072"", ""confidence_description"": ""Direct single protein target assigned"", ""confidence_score"": 9, ""description"": ""Ability to displace [3H]-spiperone from cloned human dopamine D3 receptor stably expressed in CHO cells"", ""document_chembl_id"": ""CHEMBL1132519"", ""relationship_description"": ""Direct protein target assigned"", ""relationship_type"": ""D"", ""src_assay_id"": null, ""src_id"": 1, ""target_chembl_id"": ""CHEMBL234"", ""tissue_chembl_id"": null, ""variant_sequence"": null}","{""aidx"": ""CLD0"", ""assay_category"": null, ""assay_cell_type"": ""CHO"", ""assay_chembl_id"": ""CHEMBL669161"", ""assay_classifications"": [], ""assay_group"": null, ""assay_organism"": ""Homo sapiens"", ""assay_parameters"": [], ""assay_strain"": null, ""assay_subcellular_fraction"": null, ""assay_tax_id"": 9606, ""assay_test_type"": null, ""assay_tissue"": null, ""assay_type"": ""B"", ""assay_type_description"": ""Binding"", ""bao_format"": ""BAO_0000219"", ""bao_label"": ""cell-based format"", ""cell_chembl_id"": ""CHEMBL3308072"", ""confidence_description"": ""Direct single protein target assigned"", ""confidence_score"": 9, ""description"": ""Ability to displace [3H]-spiperone from cloned human dopamine D3 receptor stably expressed in CHO cells"", ""document_chembl_id"": ""CHEMBL1132519"", ""relationship_description"": ""Direct protein target assigned"", ""relationship_type"": ""D"", ""src_assay_id"": null, ""src_id"": 1, ""target_chembl_id"": ""CHEMBL234"", ""tissue_chembl_id"": null, ""variant_sequence"": null}","673b5511-3446-5f04-953c-31bc9bd1cef7","{}"
"c2db9646-6053-52aa-b6f1-9d39f569c37f","chembl_assay","chembl_assay","chembl","bronze","41","CHEMBL1132669","CHEMBL1132669","d1e5feed985b9205b43b392b7183535ec247105f10ef7ed1281bce71058bb966","d1e5feed985b9205b43b392b7183535ec247105f10ef7ed1281bce71058bb966","d1e5feed985b9205b43b392b7183535ec247105f10ef7ed1281bce71058bb966","included","","","","","","","","","extract","2026-06-30T10:38:04.212506+00:00","{""aidx"": ""CLD0"", ""assay_category"": null, ""assay_cell_type"": ""CHO"", ""assay_chembl_id"": ""CHEMBL670100"", ""assay_classifications"": [], ""assay_group"": null, ""assay_organism"": ""Homo sapiens"", ""assay_parameters"": [], ""assay_strain"": null, ""assay_subcellular_fraction"": null, ""assay_tax_id"": 9606, ""assay_test_type"": null, ""assay_tissue"": null, ""assay_type"": ""B"", ""assay_type_description"": ""Binding"", ""bao_format"": ""BAO_0000219"", ""bao_label"": ""cell-based format"", ""cell_chembl_id"": ""CHEMBL3308072"", ""confidence_description"": ""Direct single protein target assigned"", ""confidence_score"": 9, ""description"": ""Inhibition of [3H]spiperone binding to human Dopamine receptor D4.4 expressed in CHO cell membranes"", ""document_chembl_id"": ""CHEMBL1132669"", ""relationship_description"": ""Direct protein target assigned"", ""relationship_type"": ""D"", ""src_assay_id"": null, ""src_id"": 1, ""target_chembl_id"": ""CHEMBL219"", ""tissue_chembl_id"": null, ""variant_sequence"": null}","{""aidx"": ""CLD0"", ""assay_category"": null, ""assay_cell_type"": ""CHO"", ""assay_chembl_id"": ""CHEMBL670100"", ""assay_classifications"": [], ""assay_group"": null, ""assay_organism"": ""Homo sapiens"", ""assay_parameters"": [], ""assay_strain"": null, ""assay_subcellular_fraction"": null, ""assay_tax_id"": 9606, ""assay_test_type"": null, ""assay_tissue"": null, ""assay_type"": ""B"", ""assay_type_description"": ""Binding"", ""bao_format"": ""BAO_0000219"", ""bao_label"": ""cell-based format"", ""cell_chembl_id"": ""CHEMBL3308072"", ""confidence_description"": ""Direct single protein target assigned"", ""confidence_score"": 9, ""description"": ""Inhibition of [3H]spiperone binding to human Dopamine receptor D4.4 expressed in CHO cell membranes"", ""document_chembl_id"": ""CHEMBL1132669"", ""relationship_description"": ""Direct protein target assigned"", ""relationship_type"": ""D"", ""src_assay_id"": null, ""src_id"": 1, ""target_chembl_id"": ""CHEMBL219"", ""tissue_chembl_id"": null, ""variant_sequence"": null}","673b5511-3446-5f04-953c-31bc9bd1cef7","{}"
"c2db9646-6053-52aa-b6f1-9d39f569c37f","chembl_assay","chembl_assay","chembl","bronze","42","CHEMBL1149936","CHEMBL1149936","4917cd35151dbfe65cbdf4c16107276979e52b09d23ec120e76784e7dee09e86","4917cd35151dbfe65cbdf4c16107276979e52b09d23ec120e76784e7dee09e86","4917cd35151dbfe65cbdf4c16107276979e52b09d23ec120e76784e7dee09e86","included","","","","","","","","","extract","2026-06-30T10:38:04.212506+00:00","{""aidx"": ""CLD0"", ""assay_category"": null, ""assay_cell_type"": ""CHO"", ""assay_chembl_id"": ""CHEMBL670391"", ""assay_classifications"": [], ""assay_group"": null, ""assay_organism"": ""Homo sapiens"", ""assay_parameters"": [], ""assay_strain"": null, ""assay_subcellular_fraction"": null, ""assay_tax_id"": 9606, ""assay_test_type"": null, ""assay_tissue"": null, ""assay_type"": ""B"", ""assay_type_description"": ""Binding"", ""bao_format"": ""BAO_0000219"", ""bao_label"": ""cell-based format"", ""cell_chembl_id"": ""CHEMBL3308072"", ""confidence_description"": ""Direct single protein target assigned"", ""confidence_score"": 9, ""description"": ""Binding affinity towards cloned human Dopamine D2 receptor in CHO cells using [3H]spiperone as radioligand"", ""document_chembl_id"": ""CHEMBL1149936"", ""relationship_description"": ""Direct protein target assigned"", ""relationship_type"": ""D"", ""src_assay_id"": null, ""src_id"": 1, ""target_chembl_id"": ""CHEMBL217"", ""tissue_chembl_id"": null, ""variant_sequence"": null}","{""aidx"": ""CLD0"", ""assay_category"": null, ""assay_cell_type"": ""CHO"", ""assay_chembl_id"": ""CHEMBL670391"", ""assay_classifications"": [], ""assay_group"": null, ""assay_organism"": ""Homo sapiens"", ""assay_parameters"": [], ""assay_strain"": null, ""assay_subcellular_fraction"": null, ""assay_tax_id"": 9606, ""assay_test_type"": null, ""assay_tissue"": null, ""assay_type"": ""B"", ""assay_type_description"": ""Binding"", ""bao_format"": ""BAO_0000219"", ""bao_label"": ""cell-based format"", ""cell_chembl_id"": ""CHEMBL3308072"", ""confidence_description"": ""Direct single protein target assigned"", ""confidence_score"": 9, ""description"": ""Binding affinity towards cloned human Dopamine D2 receptor in CHO cells using [3H]spiperone as radioligand"", ""document_chembl_id"": ""CHEMBL1149936"", ""relationship_description"": ""Direct protein target assigned"", ""relationship_type"": ""D"", ""src_assay_id"": null, ""src_id"": 1, ""target_chembl_id"": ""CHEMBL217"", ""tissue_chembl_id"": null, ""variant_sequence"": null}","673b5511-3446-5f04-953c-31bc9bd1cef7","{}"
"c2db9646-6053-52aa-b6f1-9d39f569c37f","chembl_assay","chembl_assay","chembl","bronze","43","CHEMBL1130515","CHEMBL1130515","d6080a50b6a363e0cece441da6f023ec98bc0c4d71affa211506082132be83be","d6080a50b6a363e0cece441da6f023ec98bc0c4d71affa211506082132be83be","d6080a50b6a363e0cece441da6f023ec98bc0c4d71affa211506082132be83be","included","","","","","","","","","extract","2026-06-30T10:38:04.212506+00:00","{""aidx"": ""CLD0"", ""assay_category"": null, ""assay_cell_type"": ""CHO"", ""assay_chembl_id"": ""CHEMBL670393"", ""assay_classifications"": [], ""assay_group"": null, ""assay_organism"": ""Homo sapiens"", ""assay_parameters"": [], ""assay_strain"": null, ""assay_subcellular_fraction"": null, ""assay_tax_id"": 9606, ""assay_test_type"": null, ""assay_tissue"": null, ""assay_type"": ""B"", ""assay_type_description"": ""Binding"", ""bao_format"": ""BAO_0000219"", ""bao_label"": ""cell-based format"", ""cell_chembl_id"": ""CHEMBL3308072"", ""confidence_description"": ""Direct single protein target assigned"", ""confidence_score"": 9, ""description"": ""Displacement of [3H]spiperone from human dopamine D2 receptor in CHO cells"", ""document_chembl_id"": ""CHEMBL1130515"", ""relationship_description"": ""Direct protein target assigned"", ""relationship_type"": ""D"", ""src_assay_id"": null, ""src_id"": 1, ""target_chembl_id"": ""CHEMBL217"", ""tissue_chembl_id"": null, ""variant_sequence"": null}","{""aidx"": ""CLD0"", ""assay_category"": null, ""assay_cell_type"": ""CHO"", ""assay_chembl_id"": ""CHEMBL670393"", ""assay_classifications"": [], ""assay_group"": null, ""assay_organism"": ""Homo sapiens"", ""assay_parameters"": [], ""assay_strain"": null, ""assay_subcellular_fraction"": null, ""assay_tax_id"": 9606, ""assay_test_type"": null, ""assay_tissue"": null, ""assay_type"": ""B"", ""assay_type_description"": ""Binding"", ""bao_format"": ""BAO_0000219"", ""bao_label"": ""cell-based format"", ""cell_chembl_id"": ""CHEMBL3308072"", ""confidence_description"": ""Direct single protein target assigned"", ""confidence_score"": 9, ""description"": ""Displacement of [3H]spiperone from human dopamine D2 receptor in CHO cells"", ""document_chembl_id"": ""CHEMBL1130515"", ""relationship_description"": ""Direct protein target assigned"", ""relationship_type"": ""D"", ""src_assay_id"": null, ""src_id"": 1, ""target_chembl_id"": ""CHEMBL217"", ""tissue_chembl_id"": null, ""variant_sequence"": null}","673b5511-3446-5f04-953c-31bc9bd1cef7","{}"
"c2db9646-6053-52aa-b6f1-9d39f569c37f","chembl_assay","chembl_assay","chembl","bronze","44","CHEMBL1130531","CHEMBL1130531","99b83d7dbab96380d640980bd330e172c9bb4bcd626527a55ff6b7840b9cf413","99b83d7dbab96380d640980bd330e172c9bb4bcd626527a55ff6b7840b9cf413","99b83d7dbab96380d640980bd330e172c9bb4bcd626527a55ff6b7840b9cf413","included","","","","","","","","","extract","2026-06-30T10:38:04.212506+00:00","{""aidx"": ""CLD0"", ""assay_category"": null, ""assay_cell_type"": ""CHO"", ""assay_chembl_id"": ""CHEMBL670396"", ""assay_classifications"": [], ""assay_group"": null, ""assay_organism"": ""Homo sapiens"", ""assay_parameters"": [], ""assay_strain"": null, ""assay_subcellular_fraction"": null, ""assay_tax_id"": 9606, ""assay_test_type"": null, ""assay_tissue"": null, ""assay_type"": ""B"", ""assay_type_description"": ""Binding"", ""bao_format"": ""BAO_0000219"", ""bao_label"": ""cell-based format"", ""cell_chembl_id"": ""CHEMBL3308072"", ""confidence_description"": ""Direct single protein target assigned"", ""confidence_score"": 9, ""description"": ""Binding affinity at cloned human D2 dopamine receptor in CHO cells using [3H]-YM 09151 as radioligand"", ""document_chembl_id"": ""CHEMBL1130531"", ""relationship_description"": ""Direct protein target assigned"", ""relationship_type"": ""D"", ""src_assay_id"": null, ""src_id"": 1, ""target_chembl_id"": ""CHEMBL217"", ""tissue_chembl_id"": null, ""variant_sequence"": null}","{""aidx"": ""CLD0"", ""assay_category"": null, ""assay_cell_type"": ""CHO"", ""assay_chembl_id"": ""CHEMBL670396"", ""assay_classifications"": [], ""assay_group"": null, ""assay_organism"": ""Homo sapiens"", ""assay_parameters"": [], ""assay_strain"": null, ""assay_subcellular_fraction"": null, ""assay_tax_id"": 9606, ""assay_test_type"": null, ""assay_tissue"": null, ""assay_type"": ""B"", ""assay_type_description"": ""Binding"", ""bao_format"": ""BAO_0000219"", ""bao_label"": ""cell-based format"", ""cell_chembl_id"": ""CHEMBL3308072"", ""confidence_description"": ""Direct single protein target assigned"", ""confidence_score"": 9, ""description"": ""Binding affinity at cloned human D2 dopamine receptor in CHO cells using [3H]-YM 09151 as radioligand"", ""document_chembl_id"": ""CHEMBL1130531"", ""relationship_description"": ""Direct protein target assigned"", ""relationship_type"": ""D"", ""src_assay_id"": null, ""src_id"": 1, ""target_chembl_id"": ""CHEMBL217"", ""tissue_chembl_id"": null, ""variant_sequence"": null}","673b5511-3446-5f04-953c-31bc9bd1cef7","{}"
"c2db9646-6053-52aa-b6f1-9d39f569c37f","chembl_assay","chembl_assay","chembl","bronze","45","CHEMBL1130531","CHEMBL1130531","ebcedf7d2e7a5424ab4ccdca5b5225aa94bb4ae2ff384bc3ddbe8a0211d8c633","ebcedf7d2e7a5424ab4ccdca5b5225aa94bb4ae2ff384bc3ddbe8a0211d8c633","ebcedf7d2e7a5424ab4ccdca5b5225aa94bb4ae2ff384bc3ddbe8a0211d8c633","included","","","","","","","","","extract","2026-06-30T10:38:04.212506+00:00","{""aidx"": ""CLD0"", ""assay_category"": null, ""assay_cell_type"": ""CHO"", ""assay_chembl_id"": ""CHEMBL670397"", ""assay_classifications"": [], ""assay_group"": null, ""assay_organism"": ""Homo sapiens"", ""assay_parameters"": [], ""assay_strain"": null, ""assay_subcellular_fraction"": null, ""assay_tax_id"": 9606, ""assay_test_type"": null, ""assay_tissue"": null, ""assay_type"": ""B"", ""assay_type_description"": ""Binding"", ""bao_format"": ""BAO_0000219"", ""bao_label"": ""cell-based format"", ""cell_chembl_id"": ""CHEMBL3308072"", ""confidence_description"": ""Direct single protein target assigned"", ""confidence_score"": 9, ""description"": ""Binding affinity at cloned human D2 dopamine receptor in CHO cells using [3H]-YM 09151 as radioligand; not determined"", ""document_chembl_id"": ""CHEMBL1130531"", ""relationship_description"": ""Direct protein target assigned"", ""relationship_type"": ""D"", ""src_assay_id"": null, ""src_id"": 1, ""target_chembl_id"": ""CHEMBL217"", ""tissue_chembl_id"": null, ""variant_sequence"": null}","{""aidx"": ""CLD0"", ""assay_category"": null, ""assay_cell_type"": ""CHO"", ""assay_chembl_id"": ""CHEMBL670397"", ""assay_classifications"": [], ""assay_group"": null, ""assay_organism"": ""Homo sapiens"", ""assay_parameters"": [], ""assay_strain"": null, ""assay_subcellular_fraction"": null, ""assay_tax_id"": 9606, ""assay_test_type"": null, ""assay_tissue"": null, ""assay_type"": ""B"", ""assay_type_description"": ""Binding"", ""bao_format"": ""BAO_0000219"", ""bao_label"": ""cell-based format"", ""cell_chembl_id"": ""CHEMBL3308072"", ""confidence_description"": ""Direct single protein target assigned"", ""confidence_score"": 9, ""description"": ""Binding affinity at cloned human D2 dopamine receptor in CHO cells using [3H]-YM 09151 as radioligand; not determined"", ""document_chembl_id"": ""CHEMBL1130531"", ""relationship_description"": ""Direct protein target assigned"", ""relationship_type"": ""D"", ""src_assay_id"": null, ""src_id"": 1, ""target_chembl_id"": ""CHEMBL217"", ""tissue_chembl_id"": null, ""variant_sequence"": null}","673b5511-3446-5f04-953c-31bc9bd1cef7","{}"
"c2db9646-6053-52aa-b6f1-9d39f569c37f","chembl_assay","chembl_assay","chembl","bronze","46","CHEMBL1128156","CHEMBL1128156","e067b6d352c2c0f0f81949508813a0fc995879a8fd530d90ce847d45d47085e7","e067b6d352c2c0f0f81949508813a0fc995879a8fd530d90ce847d45d47085e7","e067b6d352c2c0f0f81949508813a0fc995879a8fd530d90ce847d45d47085e7","included","","","","","","","","","extract","2026-06-30T10:38:04.212506+00:00","{""aidx"": ""CLD0"", ""assay_category"": null, ""assay_cell_type"": ""CHO"", ""assay_chembl_id"": ""CHEMBL670656"", ""assay_classifications"": [], ""assay_group"": null, ""assay_organism"": ""Homo sapiens"", ""assay_parameters"": [], ""assay_strain"": null, ""assay_subcellular_fraction"": null, ""assay_tax_id"": 9606, ""assay_test_type"": null, ""assay_tissue"": null, ""assay_type"": ""B"", ""assay_type_description"": ""Binding"", ""bao_format"": ""BAO_0000219"", ""bao_label"": ""cell-based format"", ""cell_chembl_id"": ""CHEMBL3308072"", ""confidence_description"": ""Direct single protein target assigned"", ""confidence_score"": 9, ""description"": ""Inhibition of human endothelin B (ETB) receptor expressed in CHO cells"", ""document_chembl_id"": ""CHEMBL1128156"", ""relationship_description"": ""Direct protein target assigned"", ""relationship_type"": ""D"", ""src_assay_id"": null, ""src_id"": 1, ""target_chembl_id"": ""CHEMBL1785"", ""tissue_chembl_id"": null, ""variant_sequence"": null}","{""aidx"": ""CLD0"", ""assay_category"": null, ""assay_cell_type"": ""CHO"", ""assay_chembl_id"": ""CHEMBL670656"", ""assay_classifications"": [], ""assay_group"": null, ""assay_organism"": ""Homo sapiens"", ""assay_parameters"": [], ""assay_strain"": null, ""assay_subcellular_fraction"": null, ""assay_tax_id"": 9606, ""assay_test_type"": null, ""assay_tissue"": null, ""assay_type"": ""B"", ""assay_type_description"": ""Binding"", ""bao_format"": ""BAO_0000219"", ""bao_label"": ""cell-based format"", ""cell_chembl_id"": ""CHEMBL3308072"", ""confidence_description"": ""Direct single protein target assigned"", ""confidence_score"": 9, ""description"": ""Inhibition of human endothelin B (ETB) receptor expressed in CHO cells"", ""document_chembl_id"": ""CHEMBL1128156"", ""relationship_description"": ""Direct protein target assigned"", ""relationship_type"": ""D"", ""src_assay_id"": null, ""src_id"": 1, ""target_chembl_id"": ""CHEMBL1785"", ""tissue_chembl_id"": null, ""variant_sequence"": null}","673b5511-3446-5f04-953c-31bc9bd1cef7","{}"
"c2db9646-6053-52aa-b6f1-9d39f569c37f","chembl_assay","chembl_assay","chembl","bronze","47","CHEMBL1131981","CHEMBL1131981","f374c2912867213e5491f46e36065f83edc015dab16a52fc941b666ee652956e","f374c2912867213e5491f46e36065f83edc015dab16a52fc941b666ee652956e","f374c2912867213e5491f46e36065f83edc015dab16a52fc941b666ee652956e","included","","","","","","","","","extract","2026-06-30T10:38:04.212506+00:00","{""aidx"": ""CLD0"", ""assay_category"": null, ""assay_cell_type"": ""CHO"", ""assay_chembl_id"": ""CHEMBL670657"", ""assay_classifications"": [], ""assay_group"": null, ""assay_organism"": ""Homo sapiens"", ""assay_parameters"": [], ""assay_strain"": null, ""assay_subcellular_fraction"": null, ""assay_tax_id"": 9606, ""assay_test_type"": null, ""assay_tissue"": null, ""assay_type"": ""B"", ""assay_type_description"": ""Binding"", ""bao_format"": ""BAO_0000219"", ""bao_label"": ""cell-based format"", ""cell_chembl_id"": ""CHEMBL3308072"", ""confidence_description"": ""Direct single protein target assigned"", ""confidence_score"": 9, ""description"": ""Displacement of [125I]iodosulpiride from human Dopamine receptor D2 expressed in CHO cells"", ""document_chembl_id"": ""CHEMBL1131981"", ""relationship_description"": ""Direct protein target assigned"", ""relationship_type"": ""D"", ""src_assay_id"": null, ""src_id"": 1, ""target_chembl_id"": ""CHEMBL217"", ""tissue_chembl_id"": null, ""variant_sequence"": null}","{""aidx"": ""CLD0"", ""assay_category"": null, ""assay_cell_type"": ""CHO"", ""assay_chembl_id"": ""CHEMBL670657"", ""assay_classifications"": [], ""assay_group"": null, ""assay_organism"": ""Homo sapiens"", ""assay_parameters"": [], ""assay_strain"": null, ""assay_subcellular_fraction"": null, ""assay_tax_id"": 9606, ""assay_test_type"": null, ""assay_tissue"": null, ""assay_type"": ""B"", ""assay_type_description"": ""Binding"", ""bao_format"": ""BAO_0000219"", ""bao_label"": ""cell-based format"", ""cell_chembl_id"": ""CHEMBL3308072"", ""confidence_description"": ""Direct single protein target assigned"", ""confidence_score"": 9, ""description"": ""Displacement of [125I]iodosulpiride from human Dopamine receptor D2 expressed in CHO cells"", ""document_chembl_id"": ""CHEMBL1131981"", ""relationship_description"": ""Direct protein target assigned"", ""relationship_type"": ""D"", ""src_assay_id"": null, ""src_id"": 1, ""target_chembl_id"": ""CHEMBL217"", ""tissue_chembl_id"": null, ""variant_sequence"": null}","673b5511-3446-5f04-953c-31bc9bd1cef7","{}"
"c2db9646-6053-52aa-b6f1-9d39f569c37f","chembl_assay","chembl_assay","chembl","bronze","48","CHEMBL1130629","CHEMBL1130629","8172df4f7a691aca9154a7c9ff980f8fa29a873a369f2a48919c60fdcd091587","8172df4f7a691aca9154a7c9ff980f8fa29a873a369f2a48919c60fdcd091587","8172df4f7a691aca9154a7c9ff980f8fa29a873a369f2a48919c60fdcd091587","included","","","","","","","","","extract","2026-06-30T10:38:04.212506+00:00","{""aidx"": ""CLD0"", ""assay_category"": null, ""assay_cell_type"": ""CHO"", ""assay_chembl_id"": ""CHEMBL670662"", ""assay_classifications"": [], ""assay_group"": null, ""assay_organism"": ""Homo sapiens"", ""assay_parameters"": [], ""assay_strain"": null, ""assay_subcellular_fraction"": null, ""assay_tax_id"": 9606, ""assay_test_type"": null, ""assay_tissue"": null, ""assay_type"": ""B"", ""assay_type_description"": ""Binding"", ""bao_format"": ""BAO_0000219"", ""bao_label"": ""cell-based format"", ""cell_chembl_id"": ""CHEMBL3308072"", ""confidence_description"": ""Direct single protein target assigned"", ""confidence_score"": 9, ""description"": ""Displacement of [125I]iodosulpiride from Dopamine receptor D2 expressed in CHO cells"", ""document_chembl_id"": ""CHEMBL1130629"", ""relationship_description"": ""Direct protein target assigned"", ""relationship_type"": ""D"", ""src_assay_id"": null, ""src_id"": 1, ""target_chembl_id"": ""CHEMBL217"", ""tissue_chembl_id"": null, ""variant_sequence"": null}","{""aidx"": ""CLD0"", ""assay_category"": null, ""assay_cell_type"": ""CHO"", ""assay_chembl_id"": ""CHEMBL670662"", ""assay_classifications"": [], ""assay_group"": null, ""assay_organism"": ""Homo sapiens"", ""assay_parameters"": [], ""assay_strain"": null, ""assay_subcellular_fraction"": null, ""assay_tax_id"": 9606, ""assay_test_type"": null, ""assay_tissue"": null, ""assay_type"": ""B"", ""assay_type_description"": ""Binding"", ""bao_format"": ""BAO_0000219"", ""bao_label"": ""cell-based format"", ""cell_chembl_id"": ""CHEMBL3308072"", ""confidence_description"": ""Direct single protein target assigned"", ""confidence_score"": 9, ""description"": ""Displacement of [125I]iodosulpiride from Dopamine receptor D2 expressed in CHO cells"", ""document_chembl_id"": ""CHEMBL1130629"", ""relationship_description"": ""Direct protein target assigned"", ""relationship_type"": ""D"", ""src_assay_id"": null, ""src_id"": 1, ""target_chembl_id"": ""CHEMBL217"", ""tissue_chembl_id"": null, ""variant_sequence"": null}","673b5511-3446-5f04-953c-31bc9bd1cef7","{}"
"c2db9646-6053-52aa-b6f1-9d39f569c37f","chembl_assay","chembl_assay","chembl","bronze","49","CHEMBL1126741","CHEMBL1126741","00a6fe4262a6ff405d01225229ec5ad3702b4bbc0b1868d4e6e495816c8b159d","00a6fe4262a6ff405d01225229ec5ad3702b4bbc0b1868d4e6e495816c8b159d","00a6fe4262a6ff405d01225229ec5ad3702b4bbc0b1868d4e6e495816c8b159d","included","","","","","","","","","extract","2026-06-30T10:38:04.212506+00:00","{""aidx"": ""CLD0"", ""assay_category"": null, ""assay_cell_type"": ""CHO"", ""assay_chembl_id"": ""CHEMBL670667"", ""assay_classifications"": [], ""assay_group"": null, ""assay_organism"": ""Homo sapiens"", ""assay_parameters"": [], ""assay_strain"": null, ""assay_subcellular_fraction"": null, ""assay_tax_id"": 9606, ""assay_test_type"": null, ""assay_tissue"": null, ""assay_type"": ""B"", ""assay_type_description"": ""Binding"", ""bao_format"": ""BAO_0000219"", ""bao_label"": ""cell-based format"", ""cell_chembl_id"": ""CHEMBL3308072"", ""confidence_description"": ""Direct single protein target assigned"", ""confidence_score"": 9, ""description"": ""Displacement of [3H]U-86170 from human D2-dopamine receptor expressed in CHO K1 cells"", ""document_chembl_id"": ""CHEMBL1126741"", ""relationship_description"": ""Direct protein target assigned"", ""relationship_type"": ""D"", ""src_assay_id"": null, ""src_id"": 1, ""target_chembl_id"": ""CHEMBL217"", ""tissue_chembl_id"": null, ""variant_sequence"": null}","{""aidx"": ""CLD0"", ""assay_category"": null, ""assay_cell_type"": ""CHO"", ""assay_chembl_id"": ""CHEMBL670667"", ""assay_classifications"": [], ""assay_group"": null, ""assay_organism"": ""Homo sapiens"", ""assay_parameters"": [], ""assay_strain"": null, ""assay_subcellular_fraction"": null, ""assay_tax_id"": 9606, ""assay_test_type"": null, ""assay_tissue"": null, ""assay_type"": ""B"", ""assay_type_description"": ""Binding"", ""bao_format"": ""BAO_0000219"", ""bao_label"": ""cell-based format"", ""cell_chembl_id"": ""CHEMBL3308072"", ""confidence_description"": ""Direct single protein target assigned"", ""confidence_score"": 9, ""description"": ""Displacement of [3H]U-86170 from human D2-dopamine receptor expressed in CHO K1 cells"", ""document_chembl_id"": ""CHEMBL1126741"", ""relationship_description"": ""Direct protein target assigned"", ""relationship_type"": ""D"", ""src_assay_id"": null, ""src_id"": 1, ""target_chembl_id"": ""CHEMBL217"", ""tissue_chembl_id"": null, ""variant_sequence"": null}","673b5511-3446-5f04-953c-31bc9bd1cef7","{}"
"c2db9646-6053-52aa-b6f1-9d39f569c37f","chembl_assay","chembl_assay","chembl","bronze","50","CHEMBL1131356","CHEMBL1131356","f5659234baac02397c16472ecc6f232b0ce4cfdd0d1bc912cc38bdbf6edfb714","f5659234baac02397c16472ecc6f232b0ce4cfdd0d1bc912cc38bdbf6edfb714","f5659234baac02397c16472ecc6f232b0ce4cfdd0d1bc912cc38bdbf6edfb714","included","","","","","","","","","extract","2026-06-30T10:38:04.212506+00:00","{""aidx"": ""CLD0"", ""assay_category"": null, ""assay_cell_type"": ""CHO"", ""assay_chembl_id"": ""CHEMBL670996"", ""assay_classifications"": [], ""assay_group"": null, ""assay_organism"": ""Homo sapiens"", ""assay_parameters"": [], ""assay_strain"": null, ""assay_subcellular_fraction"": null, ""assay_tax_id"": 9606, ""assay_test_type"": null, ""assay_tissue"": null, ""assay_type"": ""B"", ""assay_type_description"": ""Binding"", ""bao_format"": ""BAO_0000219"", ""bao_label"": ""cell-based format"", ""cell_chembl_id"": ""CHEMBL3308072"", ""confidence_description"": ""Direct single protein target assigned"", ""confidence_score"": 9, ""description"": ""Binding affinity towards human cloned Dopamine receptor D4.4 expressed in CHO cells using [3H]spiperone; Not determined"", ""document_chembl_id"": ""CHEMBL1131356"", ""relationship_description"": ""Direct protein target assigned"", ""relationship_type"": ""D"", ""src_assay_id"": null, ""src_id"": 1, ""target_chembl_id"": ""CHEMBL219"", ""tissue_chembl_id"": null, ""variant_sequence"": null}","{""aidx"": ""CLD0"", ""assay_category"": null, ""assay_cell_type"": ""CHO"", ""assay_chembl_id"": ""CHEMBL670996"", ""assay_classifications"": [], ""assay_group"": null, ""assay_organism"": ""Homo sapiens"", ""assay_parameters"": [], ""assay_strain"": null, ""assay_subcellular_fraction"": null, ""assay_tax_id"": 9606, ""assay_test_type"": null, ""assay_tissue"": null, ""assay_type"": ""B"", ""assay_type_description"": ""Binding"", ""bao_format"": ""BAO_0000219"", ""bao_label"": ""cell-based format"", ""cell_chembl_id"": ""CHEMBL3308072"", ""confidence_description"": ""Direct single protein target assigned"", ""confidence_score"": 9, ""description"": ""Binding affinity towards human cloned Dopamine receptor D4.4 expressed in CHO cells using [3H]spiperone; Not determined"", ""document_chembl_id"": ""CHEMBL1131356"", ""relationship_description"": ""Direct protein target assigned"", ""relationship_type"": ""D"", ""src_assay_id"": null, ""src_id"": 1, ""target_chembl_id"": ""CHEMBL219"", ""tissue_chembl_id"": null, ""variant_sequence"": null}","673b5511-3446-5f04-953c-31bc9bd1cef7","{}"
"c2db9646-6053-52aa-b6f1-9d39f569c37f","chembl_assay","chembl_assay","chembl","bronze","51","CHEMBL1133533","CHEMBL1133533","55557f2de6ecd8d6c5625bebd9c1dc5e963d4ed01cd11fb0bf894ff6eabfb669","55557f2de6ecd8d6c5625bebd9c1dc5e963d4ed01cd11fb0bf894ff6eabfb669","55557f2de6ecd8d6c5625bebd9c1dc5e963d4ed01cd11fb0bf894ff6eabfb669","included","","","","","","","","","extract","2026-06-30T10:38:04.212506+00:00","{""aidx"": ""CLD0"", ""assay_category"": null, ""assay_cell_type"": ""CHO"", ""assay_chembl_id"": ""CHEMBL670999"", ""assay_classifications"": [], ""assay_group"": null, ""assay_organism"": ""Homo sapiens"", ""assay_parameters"": [], ""assay_strain"": null, ""assay_subcellular_fraction"": null, ""assay_tax_id"": 9606, ""assay_test_type"": null, ""assay_tissue"": null, ""assay_type"": ""B"", ""assay_type_description"": ""Binding"", ""bao_format"": ""BAO_0000219"", ""bao_label"": ""cell-based format"", ""cell_chembl_id"": ""CHEMBL3308072"", ""confidence_description"": ""Direct single protein target assigned"", ""confidence_score"": 9, ""description"": ""Displacement of [3H]spiperone from human Dopamine receptor D4.4 expressed in CHO cells"", ""document_chembl_id"": ""CHEMBL1133533"", ""relationship_description"": ""Direct protein target assigned"", ""relationship_type"": ""D"", ""src_assay_id"": null, ""src_id"": 1, ""target_chembl_id"": ""CHEMBL219"", ""tissue_chembl_id"": null, ""variant_sequence"": null}","{""aidx"": ""CLD0"", ""assay_category"": null, ""assay_cell_type"": ""CHO"", ""assay_chembl_id"": ""CHEMBL670999"", ""assay_classifications"": [], ""assay_group"": null, ""assay_organism"": ""Homo sapiens"", ""assay_parameters"": [], ""assay_strain"": null, ""assay_subcellular_fraction"": null, ""assay_tax_id"": 9606, ""assay_test_type"": null, ""assay_tissue"": null, ""assay_type"": ""B"", ""assay_type_description"": ""Binding"", ""bao_format"": ""BAO_0000219"", ""bao_label"": ""cell-based format"", ""cell_chembl_id"": ""CHEMBL3308072"", ""confidence_description"": ""Direct single protein target assigned"", ""confidence_score"": 9, ""description"": ""Displacement of [3H]spiperone from human Dopamine receptor D4.4 expressed in CHO cells"", ""document_chembl_id"": ""CHEMBL1133533"", ""relationship_description"": ""Direct protein target assigned"", ""relationship_type"": ""D"", ""src_assay_id"": null, ""src_id"": 1, ""target_chembl_id"": ""CHEMBL219"", ""tissue_chembl_id"": null, ""variant_sequence"": null}","673b5511-3446-5f04-953c-31bc9bd1cef7","{}"
"c2db9646-6053-52aa-b6f1-9d39f569c37f","chembl_assay","chembl_assay","chembl","bronze","52","CHEMBL1130595","CHEMBL1130595","25e47659e4d9a82873a5f8b54e75d3d3565829227f04ab49c5bd981f401625b4","25e47659e4d9a82873a5f8b54e75d3d3565829227f04ab49c5bd981f401625b4","25e47659e4d9a82873a5f8b54e75d3d3565829227f04ab49c5bd981f401625b4","included","","","","","","","","","extract","2026-06-30T10:38:04.212506+00:00","{""aidx"": ""CLD0"", ""assay_category"": null, ""assay_cell_type"": ""CHO"", ""assay_chembl_id"": ""CHEMBL671000"", ""assay_classifications"": [], ""assay_group"": null, ""assay_organism"": ""Homo sapiens"", ""assay_parameters"": [], ""assay_strain"": null, ""assay_subcellular_fraction"": null, ""assay_tax_id"": 9606, ""assay_test_type"": null, ""assay_tissue"": null, ""assay_type"": ""B"", ""assay_type_description"": ""Binding"", ""bao_format"": ""BAO_0000219"", ""bao_label"": ""cell-based format"", ""cell_chembl_id"": ""CHEMBL3308072"", ""confidence_description"": ""Direct single protein target assigned"", ""confidence_score"": 9, ""description"": ""Affinity towards human Dopamine receptor D4.4 expressed in CHO cells using [3H]spiperone"", ""document_chembl_id"": ""CHEMBL1130595"", ""relationship_description"": ""Direct protein target assigned"", ""relationship_type"": ""D"", ""src_assay_id"": null, ""src_id"": 1, ""target_chembl_id"": ""CHEMBL219"", ""tissue_chembl_id"": null, ""variant_sequence"": null}","{""aidx"": ""CLD0"", ""assay_category"": null, ""assay_cell_type"": ""CHO"", ""assay_chembl_id"": ""CHEMBL671000"", ""assay_classifications"": [], ""assay_group"": null, ""assay_organism"": ""Homo sapiens"", ""assay_parameters"": [], ""assay_strain"": null, ""assay_subcellular_fraction"": null, ""assay_tax_id"": 9606, ""assay_test_type"": null, ""assay_tissue"": null, ""assay_type"": ""B"", ""assay_type_description"": ""Binding"", ""bao_format"": ""BAO_0000219"", ""bao_label"": ""cell-based format"", ""cell_chembl_id"": ""CHEMBL3308072"", ""confidence_description"": ""Direct single protein target assigned"", ""confidence_score"": 9, ""description"": ""Affinity towards human Dopamine receptor D4.4 expressed in CHO cells using [3H]spiperone"", ""document_chembl_id"": ""CHEMBL1130595"", ""relationship_description"": ""Direct protein target assigned"", ""relationship_type"": ""D"", ""src_assay_id"": null, ""src_id"": 1, ""target_chembl_id"": ""CHEMBL219"", ""tissue_chembl_id"": null, ""variant_sequence"": null}","673b5511-3446-5f04-953c-31bc9bd1cef7","{}"
"c2db9646-6053-52aa-b6f1-9d39f569c37f","chembl_assay","chembl_assay","chembl","bronze","53","CHEMBL1134812","CHEMBL1134812","34d6bf02c976eb1032129e537d7a14722e61845306569dea7484bfaff396966a","34d6bf02c976eb1032129e537d7a14722e61845306569dea7484bfaff396966a","34d6bf02c976eb1032129e537d7a14722e61845306569dea7484bfaff396966a","included","","","","","","","","","extract","2026-06-30T10:38:04.212506+00:00","{""aidx"": ""CLD0"", ""assay_category"": null, ""assay_cell_type"": ""CHO"", ""assay_chembl_id"": ""CHEMBL671178"", ""assay_classifications"": [], ""assay_group"": null, ""assay_organism"": ""Homo sapiens"", ""assay_parameters"": [], ""assay_strain"": null, ""assay_subcellular_fraction"": null, ""assay_tax_id"": 9606, ""assay_test_type"": null, ""assay_tissue"": null, ""assay_type"": ""B"", ""assay_type_description"": ""Binding"", ""bao_format"": ""BAO_0000219"", ""bao_label"": ""cell-based format"", ""cell_chembl_id"": ""CHEMBL3308072"", ""confidence_description"": ""Direct single protein target assigned"", ""confidence_score"": 9, ""description"": ""In vitro for its ability to displace [3H]- spiperone from cloned human dopamine D2 long receptor expressed in CHO cells"", ""document_chembl_id"": ""CHEMBL1134812"", ""relationship_description"": ""Direct protein target assigned"", ""relationship_type"": ""D"", ""src_assay_id"": null, ""src_id"": 1, ""target_chembl_id"": ""CHEMBL217"", ""tissue_chembl_id"": null, ""variant_sequence"": null}","{""aidx"": ""CLD0"", ""assay_category"": null, ""assay_cell_type"": ""CHO"", ""assay_chembl_id"": ""CHEMBL671178"", ""assay_classifications"": [], ""assay_group"": null, ""assay_organism"": ""Homo sapiens"", ""assay_parameters"": [], ""assay_strain"": null, ""assay_subcellular_fraction"": null, ""assay_tax_id"": 9606, ""assay_test_type"": null, ""assay_tissue"": null, ""assay_type"": ""B"", ""assay_type_description"": ""Binding"", ""bao_format"": ""BAO_0000219"", ""bao_label"": ""cell-based format"", ""cell_chembl_id"": ""CHEMBL3308072"", ""confidence_description"": ""Direct single protein target assigned"", ""confidence_score"": 9, ""description"": ""In vitro for its ability to displace [3H]- spiperone from cloned human dopamine D2 long receptor expressed in CHO cells"", ""document_chembl_id"": ""CHEMBL1134812"", ""relationship_description"": ""Direct protein target assigned"", ""relationship_type"": ""D"", ""src_assay_id"": null, ""src_id"": 1, ""target_chembl_id"": ""CHEMBL217"", ""tissue_chembl_id"": null, ""variant_sequence"": null}","673b5511-3446-5f04-953c-31bc9bd1cef7","{}"
"c2db9646-6053-52aa-b6f1-9d39f569c37f","chembl_assay","chembl_assay","chembl","bronze","54","CHEMBL1131356","CHEMBL1131356","39cb280d2e9437e348e29bcc2e791e4afaa86ffbcebcd6f640ddf0977d02ad9e","39cb280d2e9437e348e29bcc2e791e4afaa86ffbcebcd6f640ddf0977d02ad9e","39cb280d2e9437e348e29bcc2e791e4afaa86ffbcebcd6f640ddf0977d02ad9e","included","","","","","","","","","extract","2026-06-30T10:38:04.212506+00:00","{""aidx"": ""CLD0"", ""assay_category"": null, ""assay_cell_type"": ""CHO"", ""assay_chembl_id"": ""CHEMBL671248"", ""assay_classifications"": [], ""assay_group"": null, ""assay_organism"": ""Homo sapiens"", ""assay_parameters"": [], ""assay_strain"": null, ""assay_subcellular_fraction"": null, ""assay_tax_id"": 9606, ""assay_test_type"": null, ""assay_tissue"": null, ""assay_type"": ""B"", ""assay_type_description"": ""Binding"", ""bao_format"": ""BAO_0000219"", ""bao_label"": ""cell-based format"", ""cell_chembl_id"": ""CHEMBL3308072"", ""confidence_description"": ""Direct single protein target assigned"", ""confidence_score"": 9, ""description"": ""Binding affinity towards human cloned dopamine (hD4.4) receptor expressed in CHO cells using [3H]spiperone; Not determined"", ""document_chembl_id"": ""CHEMBL1131356"", ""relationship_description"": ""Direct protein target assigned"", ""relationship_type"": ""D"", ""src_assay_id"": null, ""src_id"": 1, ""target_chembl_id"": ""CHEMBL219"", ""tissue_chembl_id"": null, ""variant_sequence"": null}","{""aidx"": ""CLD0"", ""assay_category"": null, ""assay_cell_type"": ""CHO"", ""assay_chembl_id"": ""CHEMBL671248"", ""assay_classifications"": [], ""assay_group"": null, ""assay_organism"": ""Homo sapiens"", ""assay_parameters"": [], ""assay_strain"": null, ""assay_subcellular_fraction"": null, ""assay_tax_id"": 9606, ""assay_test_type"": null, ""assay_tissue"": null, ""assay_type"": ""B"", ""assay_type_description"": ""Binding"", ""bao_format"": ""BAO_0000219"", ""bao_label"": ""cell-based format"", ""cell_chembl_id"": ""CHEMBL3308072"", ""confidence_description"": ""Direct single protein target assigned"", ""confidence_score"": 9, ""description"": ""Binding affinity towards human cloned dopamine (hD4.4) receptor expressed in CHO cells using [3H]spiperone; Not determined"", ""document_chembl_id"": ""CHEMBL1131356"", ""relationship_description"": ""Direct protein target assigned"", ""relationship_type"": ""D"", ""src_assay_id"": null, ""src_id"": 1, ""target_chembl_id"": ""CHEMBL219"", ""tissue_chembl_id"": null, ""variant_sequence"": null}","673b5511-3446-5f04-953c-31bc9bd1cef7","{}"
"c2db9646-6053-52aa-b6f1-9d39f569c37f","chembl_assay","chembl_assay","chembl","bronze","55","CHEMBL1130531","CHEMBL1130531","aeb363ce3bf2464b325b24eeabe802512c33f30f9967a472613a7e5a7807f35f","aeb363ce3bf2464b325b24eeabe802512c33f30f9967a472613a7e5a7807f35f","aeb363ce3bf2464b325b24eeabe802512c33f30f9967a472613a7e5a7807f35f","included","","","","","","","","","extract","2026-06-30T10:38:04.212506+00:00","{""aidx"": ""CLD0"", ""assay_category"": null, ""assay_cell_type"": ""CHO"", ""assay_chembl_id"": ""CHEMBL671252"", ""assay_classifications"": [], ""assay_group"": null, ""assay_organism"": ""Homo sapiens"", ""assay_parameters"": [], ""assay_strain"": null, ""assay_subcellular_fraction"": null, ""assay_tax_id"": 9606, ""assay_test_type"": null, ""assay_tissue"": null, ""assay_type"": ""B"", ""assay_type_description"": ""Binding"", ""bao_format"": ""BAO_0000219"", ""bao_label"": ""cell-based format"", ""cell_chembl_id"": ""CHEMBL3308072"", ""confidence_description"": ""Direct single protein target assigned"", ""confidence_score"": 9, ""description"": ""Binding affinity at cloned human D4 dopamine receptor in CHO cells using [3H]-YM 09151 as radioligand"", ""document_chembl_id"": ""CHEMBL1130531"", ""relationship_description"": ""Direct protein target assigned"", ""relationship_type"": ""D"", ""src_assay_id"": null, ""src_id"": 1, ""target_chembl_id"": ""CHEMBL219"", ""tissue_chembl_id"": null, ""variant_sequence"": null}","{""aidx"": ""CLD0"", ""assay_category"": null, ""assay_cell_type"": ""CHO"", ""assay_chembl_id"": ""CHEMBL671252"", ""assay_classifications"": [], ""assay_group"": null, ""assay_organism"": ""Homo sapiens"", ""assay_parameters"": [], ""assay_strain"": null, ""assay_subcellular_fraction"": null, ""assay_tax_id"": 9606, ""assay_test_type"": null, ""assay_tissue"": null, ""assay_type"": ""B"", ""assay_type_description"": ""Binding"", ""bao_format"": ""BAO_0000219"", ""bao_label"": ""cell-based format"", ""cell_chembl_id"": ""CHEMBL3308072"", ""confidence_description"": ""Direct single protein target assigned"", ""confidence_score"": 9, ""description"": ""Binding affinity at cloned human D4 dopamine receptor in CHO cells using [3H]-YM 09151 as radioligand"", ""document_chembl_id"": ""CHEMBL1130531"", ""relationship_description"": ""Direct protein target assigned"", ""relationship_type"": ""D"", ""src_assay_id"": null, ""src_id"": 1, ""target_chembl_id"": ""CHEMBL219"", ""tissue_chembl_id"": null, ""variant_sequence"": null}","673b5511-3446-5f04-953c-31bc9bd1cef7","{}"
"c2db9646-6053-52aa-b6f1-9d39f569c37f","chembl_assay","chembl_assay","chembl","bronze","56","CHEMBL1129307","CHEMBL1129307","b279d4a310783753278c58e4dfe2bf2a2717cf2d7d6c426dcd63e2b1b65639b7","b279d4a310783753278c58e4dfe2bf2a2717cf2d7d6c426dcd63e2b1b65639b7","b279d4a310783753278c58e4dfe2bf2a2717cf2d7d6c426dcd63e2b1b65639b7","included","","","","","","","","","extract","2026-06-30T10:38:04.212506+00:00","{""aidx"": ""CLD0"", ""assay_category"": null, ""assay_cell_type"": ""CHO"", ""assay_chembl_id"": ""CHEMBL671370"", ""assay_classifications"": [], ""assay_group"": null, ""assay_organism"": ""Homo sapiens"", ""assay_parameters"": [], ""assay_strain"": null, ""assay_subcellular_fraction"": null, ""assay_tax_id"": 9606, ""assay_test_type"": null, ""assay_tissue"": null, ""assay_type"": ""B"", ""assay_type_description"": ""Binding"", ""bao_format"": ""BAO_0000219"", ""bao_label"": ""cell-based format"", ""cell_chembl_id"": ""CHEMBL3308072"", ""confidence_description"": ""Direct single protein target assigned"", ""confidence_score"": 9, ""description"": ""Displacement of [3H]spiperone from human Dopamine receptor D2 expressed in CHO cells"", ""document_chembl_id"": ""CHEMBL1129307"", ""relationship_description"": ""Direct protein target assigned"", ""relationship_type"": ""D"", ""src_assay_id"": null, ""src_id"": 1, ""target_chembl_id"": ""CHEMBL217"", ""tissue_chembl_id"": null, ""variant_sequence"": null}","{""aidx"": ""CLD0"", ""assay_category"": null, ""assay_cell_type"": ""CHO"", ""assay_chembl_id"": ""CHEMBL671370"", ""assay_classifications"": [], ""assay_group"": null, ""assay_organism"": ""Homo sapiens"", ""assay_parameters"": [], ""assay_strain"": null, ""assay_subcellular_fraction"": null, ""assay_tax_id"": 9606, ""assay_test_type"": null, ""assay_tissue"": null, ""assay_type"": ""B"", ""assay_type_description"": ""Binding"", ""bao_format"": ""BAO_0000219"", ""bao_label"": ""cell-based format"", ""cell_chembl_id"": ""CHEMBL3308072"", ""confidence_description"": ""Direct single protein target assigned"", ""confidence_score"": 9, ""description"": ""Displacement of [3H]spiperone from human Dopamine receptor D2 expressed in CHO cells"", ""document_chembl_id"": ""CHEMBL1129307"", ""relationship_description"": ""Direct protein target assigned"", ""relationship_type"": ""D"", ""src_assay_id"": null, ""src_id"": 1, ""target_chembl_id"": ""CHEMBL217"", ""tissue_chembl_id"": null, ""variant_sequence"": null}","673b5511-3446-5f04-953c-31bc9bd1cef7","{}"
"c2db9646-6053-52aa-b6f1-9d39f569c37f","chembl_assay","chembl_assay","chembl","bronze","57","CHEMBL1129215","CHEMBL1129215","7e9885a25b2a5077bc95de5414b09ce438d9bd98180c05062f2fa02e414ce4a3","7e9885a25b2a5077bc95de5414b09ce438d9bd98180c05062f2fa02e414ce4a3","7e9885a25b2a5077bc95de5414b09ce438d9bd98180c05062f2fa02e414ce4a3","included","","","","","","","","","extract","2026-06-30T10:38:04.212506+00:00","{""aidx"": ""CLD0"", ""assay_category"": null, ""assay_cell_type"": ""CHO"", ""assay_chembl_id"": ""CHEMBL671608"", ""assay_classifications"": [], ""assay_group"": null, ""assay_organism"": ""Homo sapiens"", ""assay_parameters"": [], ""assay_strain"": null, ""assay_subcellular_fraction"": null, ""assay_tax_id"": 9606, ""assay_test_type"": null, ""assay_tissue"": null, ""assay_type"": ""B"", ""assay_type_description"": ""Binding"", ""bao_format"": ""BAO_0000219"", ""bao_label"": ""cell-based format"", ""cell_chembl_id"": ""CHEMBL3308072"", ""confidence_description"": ""Direct single protein target assigned"", ""confidence_score"": 9, ""description"": ""Tested in vitro for the inhibition of [3H]spiperone binding to Dopamine receptor D4, expressed in cloned CHO cells; Inactive"", ""document_chembl_id"": ""CHEMBL1129215"", ""relationship_description"": ""Direct protein target assigned"", ""relationship_type"": ""D"", ""src_assay_id"": null, ""src_id"": 1, ""target_chembl_id"": ""CHEMBL219"", ""tissue_chembl_id"": null, ""variant_sequence"": null}","{""aidx"": ""CLD0"", ""assay_category"": null, ""assay_cell_type"": ""CHO"", ""assay_chembl_id"": ""CHEMBL671608"", ""assay_classifications"": [], ""assay_group"": null, ""assay_organism"": ""Homo sapiens"", ""assay_parameters"": [], ""assay_strain"": null, ""assay_subcellular_fraction"": null, ""assay_tax_id"": 9606, ""assay_test_type"": null, ""assay_tissue"": null, ""assay_type"": ""B"", ""assay_type_description"": ""Binding"", ""bao_format"": ""BAO_0000219"", ""bao_label"": ""cell-based format"", ""cell_chembl_id"": ""CHEMBL3308072"", ""confidence_description"": ""Direct single protein target assigned"", ""confidence_score"": 9, ""description"": ""Tested in vitro for the inhibition of [3H]spiperone binding to Dopamine receptor D4, expressed in cloned CHO cells; Inactive"", ""document_chembl_id"": ""CHEMBL1129215"", ""relationship_description"": ""Direct protein target assigned"", ""relationship_type"": ""D"", ""src_assay_id"": null, ""src_id"": 1, ""target_chembl_id"": ""CHEMBL219"", ""tissue_chembl_id"": null, ""variant_sequence"": null}","673b5511-3446-5f04-953c-31bc9bd1cef7","{}"
"c2db9646-6053-52aa-b6f1-9d39f569c37f","chembl_assay","chembl_assay","chembl","bronze","58","CHEMBL1132519","CHEMBL1132519","c9bce60709cd32bd44b17a6476502f07da82180b7292ebd7c510f9ce71b24583","c9bce60709cd32bd44b17a6476502f07da82180b7292ebd7c510f9ce71b24583","c9bce60709cd32bd44b17a6476502f07da82180b7292ebd7c510f9ce71b24583","included","","","","","","","","","extract","2026-06-30T10:38:04.212506+00:00","{""aidx"": ""CLD0"", ""assay_category"": null, ""assay_cell_type"": ""CHO"", ""assay_chembl_id"": ""CHEMBL671652"", ""assay_classifications"": [], ""assay_group"": null, ""assay_organism"": ""Homo sapiens"", ""assay_parameters"": [], ""assay_strain"": null, ""assay_subcellular_fraction"": null, ""assay_tax_id"": 9606, ""assay_test_type"": null, ""assay_tissue"": null, ""assay_type"": ""B"", ""assay_type_description"": ""Binding"", ""bao_format"": ""BAO_0000219"", ""bao_label"": ""cell-based format"", ""cell_chembl_id"": ""CHEMBL3308072"", ""confidence_description"": ""Direct single protein target assigned"", ""confidence_score"": 9, ""description"": ""Ability to displace [3H]spiperone from cloned human dopamine D2 receptor stably expressed in CHO cells"", ""document_chembl_id"": ""CHEMBL1132519"", ""relationship_description"": ""Direct protein target assigned"", ""relationship_type"": ""D"", ""src_assay_id"": null, ""src_id"": 1, ""target_chembl_id"": ""CHEMBL217"", ""tissue_chembl_id"": null, ""variant_sequence"": null}","{""aidx"": ""CLD0"", ""assay_category"": null, ""assay_cell_type"": ""CHO"", ""assay_chembl_id"": ""CHEMBL671652"", ""assay_classifications"": [], ""assay_group"": null, ""assay_organism"": ""Homo sapiens"", ""assay_parameters"": [], ""assay_strain"": null, ""assay_subcellular_fraction"": null, ""assay_tax_id"": 9606, ""assay_test_type"": null, ""assay_tissue"": null, ""assay_type"": ""B"", ""assay_type_description"": ""Binding"", ""bao_format"": ""BAO_0000219"", ""bao_label"": ""cell-based format"", ""cell_chembl_id"": ""CHEMBL3308072"", ""confidence_description"": ""Direct single protein target assigned"", ""confidence_score"": 9, ""description"": ""Ability to displace [3H]spiperone from cloned human dopamine D2 receptor stably expressed in CHO cells"", ""document_chembl_id"": ""CHEMBL1132519"", ""relationship_description"": ""Direct protein target assigned"", ""relationship_type"": ""D"", ""src_assay_id"": null, ""src_id"": 1, ""target_chembl_id"": ""CHEMBL217"", ""tissue_chembl_id"": null, ""variant_sequence"": null}","673b5511-3446-5f04-953c-31bc9bd1cef7","{}"
"c2db9646-6053-52aa-b6f1-9d39f569c37f","chembl_assay","chembl_assay","chembl","bronze","59","CHEMBL1129306","CHEMBL1129306","04192aea127d31cb2d85a07332aac47a669ab7fd9b756e0902bb3417a42a62b7","04192aea127d31cb2d85a07332aac47a669ab7fd9b756e0902bb3417a42a62b7","04192aea127d31cb2d85a07332aac47a669ab7fd9b756e0902bb3417a42a62b7","included","","","","","","","","","extract","2026-06-30T10:38:04.212506+00:00","{""aidx"": ""CLD0"", ""assay_category"": null, ""assay_cell_type"": ""CHO"", ""assay_chembl_id"": ""CHEMBL672164"", ""assay_classifications"": [], ""assay_group"": null, ""assay_organism"": ""Homo sapiens"", ""assay_parameters"": [], ""assay_strain"": null, ""assay_subcellular_fraction"": null, ""assay_tax_id"": 9606, ""assay_test_type"": null, ""assay_tissue"": null, ""assay_type"": ""B"", ""assay_type_description"": ""Binding"", ""bao_format"": ""BAO_0000219"", ""bao_label"": ""cell-based format"", ""cell_chembl_id"": ""CHEMBL3308072"", ""confidence_description"": ""Direct single protein target assigned"", ""confidence_score"": 9, ""description"": ""Binding affinity towards cloned human Dopamine receptor D2 stably expressed in CHO cells was evaluated using [3H]spiperone as radioligand"", ""document_chembl_id"": ""CHEMBL1129306"", ""relationship_description"": ""Direct protein target assigned"", ""relationship_type"": ""D"", ""src_assay_id"": null, ""src_id"": 1, ""target_chembl_id"": ""CHEMBL217"", ""tissue_chembl_id"": null, ""variant_sequence"": null}","{""aidx"": ""CLD0"", ""assay_category"": null, ""assay_cell_type"": ""CHO"", ""assay_chembl_id"": ""CHEMBL672164"", ""assay_classifications"": [], ""assay_group"": null, ""assay_organism"": ""Homo sapiens"", ""assay_parameters"": [], ""assay_strain"": null, ""assay_subcellular_fraction"": null, ""assay_tax_id"": 9606, ""assay_test_type"": null, ""assay_tissue"": null, ""assay_type"": ""B"", ""assay_type_description"": ""Binding"", ""bao_format"": ""BAO_0000219"", ""bao_label"": ""cell-based format"", ""cell_chembl_id"": ""CHEMBL3308072"", ""confidence_description"": ""Direct single protein target assigned"", ""confidence_score"": 9, ""description"": ""Binding affinity towards cloned human Dopamine receptor D2 stably expressed in CHO cells was evaluated using [3H]spiperone as radioligand"", ""document_chembl_id"": ""CHEMBL1129306"", ""relationship_description"": ""Direct protein target assigned"", ""relationship_type"": ""D"", ""src_assay_id"": null, ""src_id"": 1, ""target_chembl_id"": ""CHEMBL217"", ""tissue_chembl_id"": null, ""variant_sequence"": null}","673b5511-3446-5f04-953c-31bc9bd1cef7","{}"
"c2db9646-6053-52aa-b6f1-9d39f569c37f","chembl_assay","chembl_assay","chembl","bronze","60","CHEMBL1130009","CHEMBL1130009","f1b1479863493366eed02801a3608b1f01d413b53e9f14f25c0fb56829afc1e4","f1b1479863493366eed02801a3608b1f01d413b53e9f14f25c0fb56829afc1e4","f1b1479863493366eed02801a3608b1f01d413b53e9f14f25c0fb56829afc1e4","included","","","","","","","","","extract","2026-06-30T10:38:04.212506+00:00","{""aidx"": ""CLD0"", ""assay_category"": null, ""assay_cell_type"": ""CHO"", ""assay_chembl_id"": ""CHEMBL672173"", ""assay_classifications"": [], ""assay_group"": null, ""assay_organism"": ""Homo sapiens"", ""assay_parameters"": [], ""assay_strain"": null, ""assay_subcellular_fraction"": null, ""assay_tax_id"": 9606, ""assay_test_type"": null, ""assay_tissue"": null, ""assay_type"": ""B"", ""assay_type_description"": ""Binding"", ""bao_format"": ""BAO_0000219"", ""bao_label"": ""cell-based format"", ""cell_chembl_id"": ""CHEMBL3308072"", ""confidence_description"": ""Direct single protein target assigned"", ""confidence_score"": 9, ""description"": ""Binding affinity on human Dopamine receptor D2 expressed in CHO cells using radioligand [3H]-YM 09151"", ""document_chembl_id"": ""CHEMBL1130009"", ""relationship_description"": ""Direct protein target assigned"", ""relationship_type"": ""D"", ""src_assay_id"": null, ""src_id"": 1, ""target_chembl_id"": ""CHEMBL217"", ""tissue_chembl_id"": null, ""variant_sequence"": null}","{""aidx"": ""CLD0"", ""assay_category"": null, ""assay_cell_type"": ""CHO"", ""assay_chembl_id"": ""CHEMBL672173"", ""assay_classifications"": [], ""assay_group"": null, ""assay_organism"": ""Homo sapiens"", ""assay_parameters"": [], ""assay_strain"": null, ""assay_subcellular_fraction"": null, ""assay_tax_id"": 9606, ""assay_test_type"": null, ""assay_tissue"": null, ""assay_type"": ""B"", ""assay_type_description"": ""Binding"", ""bao_format"": ""BAO_0000219"", ""bao_label"": ""cell-based format"", ""cell_chembl_id"": ""CHEMBL3308072"", ""confidence_description"": ""Direct single protein target assigned"", ""confidence_score"": 9, ""description"": ""Binding affinity on human Dopamine receptor D2 expressed in CHO cells using radioligand [3H]-YM 09151"", ""document_chembl_id"": ""CHEMBL1130009"", ""relationship_description"": ""Direct protein target assigned"", ""relationship_type"": ""D"", ""src_assay_id"": null, ""src_id"": 1, ""target_chembl_id"": ""CHEMBL217"", ""tissue_chembl_id"": null, ""variant_sequence"": null}","673b5511-3446-5f04-953c-31bc9bd1cef7","{}"
"c2db9646-6053-52aa-b6f1-9d39f569c37f","chembl_assay","chembl_assay","chembl","bronze","61","CHEMBL1131363","CHEMBL1131363","f0ad90feaf7b8af0ddbdf1fe4ffedc7c26e72066fd4b96857d3986d206084b28","f0ad90feaf7b8af0ddbdf1fe4ffedc7c26e72066fd4b96857d3986d206084b28","f0ad90feaf7b8af0ddbdf1fe4ffedc7c26e72066fd4b96857d3986d206084b28","included","","","","","","","","","extract","2026-06-30T10:38:04.212506+00:00","{""aidx"": ""CLD0"", ""assay_category"": null, ""assay_cell_type"": ""CHO"", ""assay_chembl_id"": ""CHEMBL672174"", ""assay_classifications"": [], ""assay_group"": null, ""assay_organism"": ""Homo sapiens"", ""assay_parameters"": [], ""assay_strain"": null, ""assay_subcellular_fraction"": null, ""assay_tax_id"": 9606, ""assay_test_type"": null, ""assay_tissue"": null, ""assay_type"": ""B"", ""assay_type_description"": ""Binding"", ""bao_format"": ""BAO_0000219"", ""bao_label"": ""cell-based format"", ""cell_chembl_id"": ""CHEMBL3308072"", ""confidence_description"": ""Direct single protein target assigned"", ""confidence_score"": 9, ""description"": ""Displacement of [3H]spiperone from human Dopamine receptor D2 expressed in CHO cells"", ""document_chembl_id"": ""CHEMBL1131363"", ""relationship_description"": ""Direct protein target assigned"", ""relationship_type"": ""D"", ""src_assay_id"": null, ""src_id"": 1, ""target_chembl_id"": ""CHEMBL217"", ""tissue_chembl_id"": null, ""variant_sequence"": null}","{""aidx"": ""CLD0"", ""assay_category"": null, ""assay_cell_type"": ""CHO"", ""assay_chembl_id"": ""CHEMBL672174"", ""assay_classifications"": [], ""assay_group"": null, ""assay_organism"": ""Homo sapiens"", ""assay_parameters"": [], ""assay_strain"": null, ""assay_subcellular_fraction"": null, ""assay_tax_id"": 9606, ""assay_test_type"": null, ""assay_tissue"": null, ""assay_type"": ""B"", ""assay_type_description"": ""Binding"", ""bao_format"": ""BAO_0000219"", ""bao_label"": ""cell-based format"", ""cell_chembl_id"": ""CHEMBL3308072"", ""confidence_description"": ""Direct single protein target assigned"", ""confidence_score"": 9, ""description"": ""Displacement of [3H]spiperone from human Dopamine receptor D2 expressed in CHO cells"", ""document_chembl_id"": ""CHEMBL1131363"", ""relationship_description"": ""Direct protein target assigned"", ""relationship_type"": ""D"", ""src_assay_id"": null, ""src_id"": 1, ""target_chembl_id"": ""CHEMBL217"", ""tissue_chembl_id"": null, ""variant_sequence"": null}","673b5511-3446-5f04-953c-31bc9bd1cef7","{}"
"c2db9646-6053-52aa-b6f1-9d39f569c37f","chembl_assay","chembl_assay","chembl","bronze","62","CHEMBL1132669","CHEMBL1132669","4545e519484072569e08cf66812c7d51a0ae86ba59cb01dd8d5e717cbd00c183","4545e519484072569e08cf66812c7d51a0ae86ba59cb01dd8d5e717cbd00c183","4545e519484072569e08cf66812c7d51a0ae86ba59cb01dd8d5e717cbd00c183","included","","","","","","","","","extract","2026-06-30T10:38:04.212506+00:00","{""aidx"": ""CLD0"", ""assay_category"": null, ""assay_cell_type"": ""CHO"", ""assay_chembl_id"": ""CHEMBL672205"", ""assay_classifications"": [], ""assay_group"": null, ""assay_organism"": ""Homo sapiens"", ""assay_parameters"": [], ""assay_strain"": null, ""assay_subcellular_fraction"": null, ""assay_tax_id"": 9606, ""assay_test_type"": null, ""assay_tissue"": null, ""assay_type"": ""B"", ""assay_type_description"": ""Binding"", ""bao_format"": ""BAO_0000219"", ""bao_label"": ""cell-based format"", ""cell_chembl_id"": ""CHEMBL3308072"", ""confidence_description"": ""Direct single protein target assigned"", ""confidence_score"": 9, ""description"": ""Inhibition of [3H]spiperone binding to human Dopamine receptor D2 in CHO cell membranes"", ""document_chembl_id"": ""CHEMBL1132669"", ""relationship_description"": ""Direct protein target assigned"", ""relationship_type"": ""D"", ""src_assay_id"": null, ""src_id"": 1, ""target_chembl_id"": ""CHEMBL217"", ""tissue_chembl_id"": null, ""variant_sequence"": null}","{""aidx"": ""CLD0"", ""assay_category"": null, ""assay_cell_type"": ""CHO"", ""assay_chembl_id"": ""CHEMBL672205"", ""assay_classifications"": [], ""assay_group"": null, ""assay_organism"": ""Homo sapiens"", ""assay_parameters"": [], ""assay_strain"": null, ""assay_subcellular_fraction"": null, ""assay_tax_id"": 9606, ""assay_test_type"": null, ""assay_tissue"": null, ""assay_type"": ""B"", ""assay_type_description"": ""Binding"", ""bao_format"": ""BAO_0000219"", ""bao_label"": ""cell-based format"", ""cell_chembl_id"": ""CHEMBL3308072"", ""confidence_description"": ""Direct single protein target assigned"", ""confidence_score"": 9, ""description"": ""Inhibition of [3H]spiperone binding to human Dopamine receptor D2 in CHO cell membranes"", ""document_chembl_id"": ""CHEMBL1132669"", ""relationship_description"": ""Direct protein target assigned"", ""relationship_type"": ""D"", ""src_assay_id"": null, ""src_id"": 1, ""target_chembl_id"": ""CHEMBL217"", ""tissue_chembl_id"": null, ""variant_sequence"": null}","673b5511-3446-5f04-953c-31bc9bd1cef7","{}"
"c2db9646-6053-52aa-b6f1-9d39f569c37f","chembl_assay","chembl_assay","chembl","bronze","63","CHEMBL1132939","CHEMBL1132939","3521f6c39b75620d3cc5240bb6466650142e84b1a55359434ec146c77271cd8c","3521f6c39b75620d3cc5240bb6466650142e84b1a55359434ec146c77271cd8c","3521f6c39b75620d3cc5240bb6466650142e84b1a55359434ec146c77271cd8c","included","","","","","","","","","extract","2026-06-30T10:38:04.212506+00:00","{""aidx"": ""CLD0"", ""assay_category"": null, ""assay_cell_type"": ""CHO"", ""assay_chembl_id"": ""CHEMBL672223"", ""assay_classifications"": [], ""assay_group"": null, ""assay_organism"": ""Homo sapiens"", ""assay_parameters"": [], ""assay_strain"": null, ""assay_subcellular_fraction"": null, ""assay_tax_id"": 9606, ""assay_test_type"": null, ""assay_tissue"": null, ""assay_type"": ""F"", ""assay_type_description"": ""Functional"", ""bao_format"": ""BAO_0000219"", ""bao_label"": ""cell-based format"", ""cell_chembl_id"": ""CHEMBL3308072"", ""confidence_description"": ""Direct single protein target assigned"", ""confidence_score"": 9, ""description"": ""Antagonistic activity against CHO cells expressing human Dopamine receptor D2"", ""document_chembl_id"": ""CHEMBL1132939"", ""relationship_description"": ""Direct protein target assigned"", ""relationship_type"": ""D"", ""src_assay_id"": null, ""src_id"": 1, ""target_chembl_id"": ""CHEMBL217"", ""tissue_chembl_id"": null, ""variant_sequence"": null}","{""aidx"": ""CLD0"", ""assay_category"": null, ""assay_cell_type"": ""CHO"", ""assay_chembl_id"": ""CHEMBL672223"", ""assay_classifications"": [], ""assay_group"": null, ""assay_organism"": ""Homo sapiens"", ""assay_parameters"": [], ""assay_strain"": null, ""assay_subcellular_fraction"": null, ""assay_tax_id"": 9606, ""assay_test_type"": null, ""assay_tissue"": null, ""assay_type"": ""F"", ""assay_type_description"": ""Functional"", ""bao_format"": ""BAO_0000219"", ""bao_label"": ""cell-based format"", ""cell_chembl_id"": ""CHEMBL3308072"", ""confidence_description"": ""Direct single protein target assigned"", ""confidence_score"": 9, ""description"": ""Antagonistic activity against CHO cells expressing human Dopamine receptor D2"", ""document_chembl_id"": ""CHEMBL1132939"", ""relationship_description"": ""Direct protein target assigned"", ""relationship_type"": ""D"", ""src_assay_id"": null, ""src_id"": 1, ""target_chembl_id"": ""CHEMBL217"", ""tissue_chembl_id"": null, ""variant_sequence"": null}","673b5511-3446-5f04-953c-31bc9bd1cef7","{}"
"c2db9646-6053-52aa-b6f1-9d39f569c37f","chembl_assay","chembl_assay","chembl","bronze","64","CHEMBL1134827","CHEMBL1134827","d3f56d336a14eddd1ec0d6090edcaf85e6fa3ae45b8872bb89194dd97baa3979","d3f56d336a14eddd1ec0d6090edcaf85e6fa3ae45b8872bb89194dd97baa3979","d3f56d336a14eddd1ec0d6090edcaf85e6fa3ae45b8872bb89194dd97baa3979","included","","","","","","","","","extract","2026-06-30T10:38:04.212506+00:00","{""aidx"": ""CLD0"", ""assay_category"": null, ""assay_cell_type"": ""CHO"", ""assay_chembl_id"": ""CHEMBL672225"", ""assay_classifications"": [], ""assay_group"": null, ""assay_organism"": ""Homo sapiens"", ""assay_parameters"": [], ""assay_strain"": null, ""assay_subcellular_fraction"": null, ""assay_tax_id"": 9606, ""assay_test_type"": null, ""assay_tissue"": null, ""assay_type"": ""B"", ""assay_type_description"": ""Binding"", ""bao_format"": ""BAO_0000219"", ""bao_label"": ""cell-based format"", ""cell_chembl_id"": ""CHEMBL3308072"", ""confidence_description"": ""Direct single protein target assigned"", ""confidence_score"": 9, ""description"": ""Displacement of [125I]iodosulpiride from human Dopamine receptor D2 expressed in CHO cells"", ""document_chembl_id"": ""CHEMBL1134827"", ""relationship_description"": ""Direct protein target assigned"", ""relationship_type"": ""D"", ""src_assay_id"": null, ""src_id"": 1, ""target_chembl_id"": ""CHEMBL217"", ""tissue_chembl_id"": null, ""variant_sequence"": null}","{""aidx"": ""CLD0"", ""assay_category"": null, ""assay_cell_type"": ""CHO"", ""assay_chembl_id"": ""CHEMBL672225"", ""assay_classifications"": [], ""assay_group"": null, ""assay_organism"": ""Homo sapiens"", ""assay_parameters"": [], ""assay_strain"": null, ""assay_subcellular_fraction"": null, ""assay_tax_id"": 9606, ""assay_test_type"": null, ""assay_tissue"": null, ""assay_type"": ""B"", ""assay_type_description"": ""Binding"", ""bao_format"": ""BAO_0000219"", ""bao_label"": ""cell-based format"", ""cell_chembl_id"": ""CHEMBL3308072"", ""confidence_description"": ""Direct single protein target assigned"", ""confidence_score"": 9, ""description"": ""Displacement of [125I]iodosulpiride from human Dopamine receptor D2 expressed in CHO cells"", ""document_chembl_id"": ""CHEMBL1134827"", ""relationship_description"": ""Direct protein target assigned"", ""relationship_type"": ""D"", ""src_assay_id"": null, ""src_id"": 1, ""target_chembl_id"": ""CHEMBL217"", ""tissue_chembl_id"": null, ""variant_sequence"": null}","673b5511-3446-5f04-953c-31bc9bd1cef7","{}"
"c2db9646-6053-52aa-b6f1-9d39f569c37f","chembl_assay","chembl_assay","chembl","bronze","65","CHEMBL1153677","CHEMBL1153677","8526dba41bf77a395f2dd6e8401048bb0498275523cb52e045ec8ca2ca2a8cd9","8526dba41bf77a395f2dd6e8401048bb0498275523cb52e045ec8ca2ca2a8cd9","8526dba41bf77a395f2dd6e8401048bb0498275523cb52e045ec8ca2ca2a8cd9","included","","","","","","","","","extract","2026-06-30T10:38:04.212506+00:00","{""aidx"": ""CLD0"", ""assay_category"": null, ""assay_cell_type"": ""CHO"", ""assay_chembl_id"": ""CHEMBL672226"", ""assay_classifications"": [], ""assay_group"": null, ""assay_organism"": ""Homo sapiens"", ""assay_parameters"": [], ""assay_strain"": null, ""assay_subcellular_fraction"": null, ""assay_tax_id"": 9606, ""assay_test_type"": null, ""assay_tissue"": null, ""assay_type"": ""B"", ""assay_type_description"": ""Binding"", ""bao_format"": ""BAO_0000219"", ""bao_label"": ""cell-based format"", ""cell_chembl_id"": ""CHEMBL3308072"", ""confidence_description"": ""Direct single protein target assigned"", ""confidence_score"": 9, ""description"": ""Displacement of [125I]iodosulpiride from human Dopamine receptor D2 expressed in CHO cells"", ""document_chembl_id"": ""CHEMBL1153677"", ""relationship_description"": ""Direct protein target assigned"", ""relationship_type"": ""D"", ""src_assay_id"": null, ""src_id"": 1, ""target_chembl_id"": ""CHEMBL217"", ""tissue_chembl_id"": null, ""variant_sequence"": null}","{""aidx"": ""CLD0"", ""assay_category"": null, ""assay_cell_type"": ""CHO"", ""assay_chembl_id"": ""CHEMBL672226"", ""assay_classifications"": [], ""assay_group"": null, ""assay_organism"": ""Homo sapiens"", ""assay_parameters"": [], ""assay_strain"": null, ""assay_subcellular_fraction"": null, ""assay_tax_id"": 9606, ""assay_test_type"": null, ""assay_tissue"": null, ""assay_type"": ""B"", ""assay_type_description"": ""Binding"", ""bao_format"": ""BAO_0000219"", ""bao_label"": ""cell-based format"", ""cell_chembl_id"": ""CHEMBL3308072"", ""confidence_description"": ""Direct single protein target assigned"", ""confidence_score"": 9, ""description"": ""Displacement of [125I]iodosulpiride from human Dopamine receptor D2 expressed in CHO cells"", ""document_chembl_id"": ""CHEMBL1153677"", ""relationship_description"": ""Direct protein target assigned"", ""relationship_type"": ""D"", ""src_assay_id"": null, ""src_id"": 1, ""target_chembl_id"": ""CHEMBL217"", ""tissue_chembl_id"": null, ""variant_sequence"": null}","673b5511-3446-5f04-953c-31bc9bd1cef7","{}"
"c2db9646-6053-52aa-b6f1-9d39f569c37f","chembl_assay","chembl_assay","chembl","bronze","66","CHEMBL1134724","CHEMBL1134724","9e43bdd7e35508a0fc20c64efb3e942e5a810c3710db609e45d253593d3ddae4","9e43bdd7e35508a0fc20c64efb3e942e5a810c3710db609e45d253593d3ddae4","9e43bdd7e35508a0fc20c64efb3e942e5a810c3710db609e45d253593d3ddae4","included","","","","","","","","","extract","2026-06-30T10:38:04.212506+00:00","{""aidx"": ""CLD0"", ""assay_category"": null, ""assay_cell_type"": ""CHO"", ""assay_chembl_id"": ""CHEMBL672228"", ""assay_classifications"": [], ""assay_group"": null, ""assay_organism"": ""Homo sapiens"", ""assay_parameters"": [], ""assay_strain"": null, ""assay_subcellular_fraction"": null, ""assay_tax_id"": 9606, ""assay_test_type"": null, ""assay_tissue"": null, ""assay_type"": ""B"", ""assay_type_description"": ""Binding"", ""bao_format"": ""BAO_0000219"", ""bao_label"": ""cell-based format"", ""cell_chembl_id"": ""CHEMBL3308072"", ""confidence_description"": ""Direct single protein target assigned"", ""confidence_score"": 9, ""description"": ""Binding affinity to human cloned Dopamine receptor D2 in CHO cells using [125I]- iodosulpride as radioligand"", ""document_chembl_id"": ""CHEMBL1134724"", ""relationship_description"": ""Direct protein target assigned"", ""relationship_type"": ""D"", ""src_assay_id"": null, ""src_id"": 1, ""target_chembl_id"": ""CHEMBL217"", ""tissue_chembl_id"": null, ""variant_sequence"": null}","{""aidx"": ""CLD0"", ""assay_category"": null, ""assay_cell_type"": ""CHO"", ""assay_chembl_id"": ""CHEMBL672228"", ""assay_classifications"": [], ""assay_group"": null, ""assay_organism"": ""Homo sapiens"", ""assay_parameters"": [], ""assay_strain"": null, ""assay_subcellular_fraction"": null, ""assay_tax_id"": 9606, ""assay_test_type"": null, ""assay_tissue"": null, ""assay_type"": ""B"", ""assay_type_description"": ""Binding"", ""bao_format"": ""BAO_0000219"", ""bao_label"": ""cell-based format"", ""cell_chembl_id"": ""CHEMBL3308072"", ""confidence_description"": ""Direct single protein target assigned"", ""confidence_score"": 9, ""description"": ""Binding affinity to human cloned Dopamine receptor D2 in CHO cells using [125I]- iodosulpride as radioligand"", ""document_chembl_id"": ""CHEMBL1134724"", ""relationship_description"": ""Direct protein target assigned"", ""relationship_type"": ""D"", ""src_assay_id"": null, ""src_id"": 1, ""target_chembl_id"": ""CHEMBL217"", ""tissue_chembl_id"": null, ""variant_sequence"": null}","673b5511-3446-5f04-953c-31bc9bd1cef7","{}"
"c2db9646-6053-52aa-b6f1-9d39f569c37f","chembl_assay","chembl_assay","chembl","bronze","67","CHEMBL1133533","CHEMBL1133533","b6ccbf703fd31d84467f1dc65e5688444ab69771455eaac4e11dcba1949812e1","b6ccbf703fd31d84467f1dc65e5688444ab69771455eaac4e11dcba1949812e1","b6ccbf703fd31d84467f1dc65e5688444ab69771455eaac4e11dcba1949812e1","included","","","","","","","","","extract","2026-06-30T10:38:04.212506+00:00","{""aidx"": ""CLD0"", ""assay_category"": null, ""assay_cell_type"": ""CHO"", ""assay_chembl_id"": ""CHEMBL672383"", ""assay_classifications"": [], ""assay_group"": null, ""assay_organism"": ""Homo sapiens"", ""assay_parameters"": [], ""assay_strain"": null, ""assay_subcellular_fraction"": null, ""assay_tax_id"": 9606, ""assay_test_type"": null, ""assay_tissue"": null, ""assay_type"": ""B"", ""assay_type_description"": ""Binding"", ""bao_format"": ""BAO_0000219"", ""bao_label"": ""cell-based format"", ""cell_chembl_id"": ""CHEMBL3308072"", ""confidence_description"": ""Direct single protein target assigned"", ""confidence_score"": 9, ""description"": ""Displacement of [3H]spiperone from human Dopamine receptor D2L expressed in CHO cells"", ""document_chembl_id"": ""CHEMBL1133533"", ""relationship_description"": ""Direct protein target assigned"", ""relationship_type"": ""D"", ""src_assay_id"": null, ""src_id"": 1, ""target_chembl_id"": ""CHEMBL217"", ""tissue_chembl_id"": null, ""variant_sequence"": null}","{""aidx"": ""CLD0"", ""assay_category"": null, ""assay_cell_type"": ""CHO"", ""assay_chembl_id"": ""CHEMBL672383"", ""assay_classifications"": [], ""assay_group"": null, ""assay_organism"": ""Homo sapiens"", ""assay_parameters"": [], ""assay_strain"": null, ""assay_subcellular_fraction"": null, ""assay_tax_id"": 9606, ""assay_test_type"": null, ""assay_tissue"": null, ""assay_type"": ""B"", ""assay_type_description"": ""Binding"", ""bao_format"": ""BAO_0000219"", ""bao_label"": ""cell-based format"", ""cell_chembl_id"": ""CHEMBL3308072"", ""confidence_description"": ""Direct single protein target assigned"", ""confidence_score"": 9, ""description"": ""Displacement of [3H]spiperone from human Dopamine receptor D2L expressed in CHO cells"", ""document_chembl_id"": ""CHEMBL1133533"", ""relationship_description"": ""Direct protein target assigned"", ""relationship_type"": ""D"", ""src_assay_id"": null, ""src_id"": 1, ""target_chembl_id"": ""CHEMBL217"", ""tissue_chembl_id"": null, ""variant_sequence"": null}","673b5511-3446-5f04-953c-31bc9bd1cef7","{}"
"c2db9646-6053-52aa-b6f1-9d39f569c37f","chembl_assay","chembl_assay","chembl","bronze","68","CHEMBL1126639","CHEMBL1126639","9c98527605aab36796dd47596c6801d7f8b4372e0910b8165ee934ad612b44c6","9c98527605aab36796dd47596c6801d7f8b4372e0910b8165ee934ad612b44c6","9c98527605aab36796dd47596c6801d7f8b4372e0910b8165ee934ad612b44c6","included","","","","","","","","","extract","2026-06-30T10:38:04.212506+00:00","{""aidx"": ""CLD0"", ""assay_category"": null, ""assay_cell_type"": ""CHO"", ""assay_chembl_id"": ""CHEMBL672486"", ""assay_classifications"": [], ""assay_group"": null, ""assay_organism"": ""Homo sapiens"", ""assay_parameters"": [], ""assay_strain"": null, ""assay_subcellular_fraction"": null, ""assay_tax_id"": 9606, ""assay_test_type"": null, ""assay_tissue"": null, ""assay_type"": ""B"", ""assay_type_description"": ""Binding"", ""bao_format"": ""BAO_0000219"", ""bao_label"": ""cell-based format"", ""cell_chembl_id"": ""CHEMBL3308072"", ""confidence_description"": ""Direct single protein target assigned"", ""confidence_score"": 9, ""description"": ""Binding affinity against [3H]U-86,170-labeled dopamine receptor D2 in cloned CHO cells"", ""document_chembl_id"": ""CHEMBL1126639"", ""relationship_description"": ""Direct protein target assigned"", ""relationship_type"": ""D"", ""src_assay_id"": null, ""src_id"": 1, ""target_chembl_id"": ""CHEMBL217"", ""tissue_chembl_id"": null, ""variant_sequence"": null}","{""aidx"": ""CLD0"", ""assay_category"": null, ""assay_cell_type"": ""CHO"", ""assay_chembl_id"": ""CHEMBL672486"", ""assay_classifications"": [], ""assay_group"": null, ""assay_organism"": ""Homo sapiens"", ""assay_parameters"": [], ""assay_strain"": null, ""assay_subcellular_fraction"": null, ""assay_tax_id"": 9606, ""assay_test_type"": null, ""assay_tissue"": null, ""assay_type"": ""B"", ""assay_type_description"": ""Binding"", ""bao_format"": ""BAO_0000219"", ""bao_label"": ""cell-based format"", ""cell_chembl_id"": ""CHEMBL3308072"", ""confidence_description"": ""Direct single protein target assigned"", ""confidence_score"": 9, ""description"": ""Binding affinity against [3H]U-86,170-labeled dopamine receptor D2 in cloned CHO cells"", ""document_chembl_id"": ""CHEMBL1126639"", ""relationship_description"": ""Direct protein target assigned"", ""relationship_type"": ""D"", ""src_assay_id"": null, ""src_id"": 1, ""target_chembl_id"": ""CHEMBL217"", ""tissue_chembl_id"": null, ""variant_sequence"": null}","673b5511-3446-5f04-953c-31bc9bd1cef7","{}"
"c2db9646-6053-52aa-b6f1-9d39f569c37f","chembl_assay","chembl_assay","chembl","bronze","69","CHEMBL1125523","CHEMBL1125523","6126dadb904c93afea9280138b7e8d7fa27e20817161564bbe166a525367b1c5","6126dadb904c93afea9280138b7e8d7fa27e20817161564bbe166a525367b1c5","6126dadb904c93afea9280138b7e8d7fa27e20817161564bbe166a525367b1c5","included","","","","","","","","","extract","2026-06-30T10:38:04.212506+00:00","{""aidx"": ""CLD0"", ""assay_category"": null, ""assay_cell_type"": ""CHO"", ""assay_chembl_id"": ""CHEMBL672490"", ""assay_classifications"": [], ""assay_group"": null, ""assay_organism"": ""Homo sapiens"", ""assay_parameters"": [], ""assay_strain"": null, ""assay_subcellular_fraction"": null, ""assay_tax_id"": 9606, ""assay_test_type"": null, ""assay_tissue"": null, ""assay_type"": ""B"", ""assay_type_description"": ""Binding"", ""bao_format"": ""BAO_0000219"", ""bao_label"": ""cell-based format"", ""cell_chembl_id"": ""CHEMBL3308072"", ""confidence_description"": ""Direct single protein target assigned"", ""confidence_score"": 9, ""description"": ""Binding affinity towards Dopamine receptor D2 from mammalian clones expressed in CHO cell membranes using 2 (86.1 Ci/mmol,1.7nanoM)as radioligand"", ""document_chembl_id"": ""CHEMBL1125523"", ""relationship_description"": ""Direct protein target assigned"", ""relationship_type"": ""D"", ""src_assay_id"": null, ""src_id"": 1, ""target_chembl_id"": ""CHEMBL217"", ""tissue_chembl_id"": null, ""variant_sequence"": null}","{""aidx"": ""CLD0"", ""assay_category"": null, ""assay_cell_type"": ""CHO"", ""assay_chembl_id"": ""CHEMBL672490"", ""assay_classifications"": [], ""assay_group"": null, ""assay_organism"": ""Homo sapiens"", ""assay_parameters"": [], ""assay_strain"": null, ""assay_subcellular_fraction"": null, ""assay_tax_id"": 9606, ""assay_test_type"": null, ""assay_tissue"": null, ""assay_type"": ""B"", ""assay_type_description"": ""Binding"", ""bao_format"": ""BAO_0000219"", ""bao_label"": ""cell-based format"", ""cell_chembl_id"": ""CHEMBL3308072"", ""confidence_description"": ""Direct single protein target assigned"", ""confidence_score"": 9, ""description"": ""Binding affinity towards Dopamine receptor D2 from mammalian clones expressed in CHO cell membranes using 2 (86.1 Ci/mmol,1.7nanoM)as radioligand"", ""document_chembl_id"": ""CHEMBL1125523"", ""relationship_description"": ""Direct protein target assigned"", ""relationship_type"": ""D"", ""src_assay_id"": null, ""src_id"": 1, ""target_chembl_id"": ""CHEMBL217"", ""tissue_chembl_id"": null, ""variant_sequence"": null}","673b5511-3446-5f04-953c-31bc9bd1cef7","{}"
"c2db9646-6053-52aa-b6f1-9d39f569c37f","chembl_assay","chembl_assay","chembl","bronze","70","CHEMBL1133533","CHEMBL1133533","c1dcc6d91e5e199e0eefafbbbaed54dfe78d51821db14fa9c8acfa5d0823f9d0","c1dcc6d91e5e199e0eefafbbbaed54dfe78d51821db14fa9c8acfa5d0823f9d0","c1dcc6d91e5e199e0eefafbbbaed54dfe78d51821db14fa9c8acfa5d0823f9d0","included","","","","","","","","","extract","2026-06-30T10:38:04.212506+00:00","{""aidx"": ""CLD0"", ""assay_category"": null, ""assay_cell_type"": ""CHO"", ""assay_chembl_id"": ""CHEMBL672577"", ""assay_classifications"": [], ""assay_group"": null, ""assay_organism"": ""Homo sapiens"", ""assay_parameters"": [], ""assay_strain"": null, ""assay_subcellular_fraction"": null, ""assay_tax_id"": 9606, ""assay_test_type"": null, ""assay_tissue"": null, ""assay_type"": ""B"", ""assay_type_description"": ""Binding"", ""bao_format"": ""BAO_0000219"", ""bao_label"": ""cell-based format"", ""cell_chembl_id"": ""CHEMBL3308072"", ""confidence_description"": ""Direct single protein target assigned"", ""confidence_score"": 9, ""description"": ""Displacement of [3H]spiperone from human Dopamine receptor D2S expressed in CHO cells"", ""document_chembl_id"": ""CHEMBL1133533"", ""relationship_description"": ""Direct protein target assigned"", ""relationship_type"": ""D"", ""src_assay_id"": null, ""src_id"": 1, ""target_chembl_id"": ""CHEMBL217"", ""tissue_chembl_id"": null, ""variant_sequence"": null}","{""aidx"": ""CLD0"", ""assay_category"": null, ""assay_cell_type"": ""CHO"", ""assay_chembl_id"": ""CHEMBL672577"", ""assay_classifications"": [], ""assay_group"": null, ""assay_organism"": ""Homo sapiens"", ""assay_parameters"": [], ""assay_strain"": null, ""assay_subcellular_fraction"": null, ""assay_tax_id"": 9606, ""assay_test_type"": null, ""assay_tissue"": null, ""assay_type"": ""B"", ""assay_type_description"": ""Binding"", ""bao_format"": ""BAO_0000219"", ""bao_label"": ""cell-based format"", ""cell_chembl_id"": ""CHEMBL3308072"", ""confidence_description"": ""Direct single protein target assigned"", ""confidence_score"": 9, ""description"": ""Displacement of [3H]spiperone from human Dopamine receptor D2S expressed in CHO cells"", ""document_chembl_id"": ""CHEMBL1133533"", ""relationship_description"": ""Direct protein target assigned"", ""relationship_type"": ""D"", ""src_assay_id"": null, ""src_id"": 1, ""target_chembl_id"": ""CHEMBL217"", ""tissue_chembl_id"": null, ""variant_sequence"": null}","673b5511-3446-5f04-953c-31bc9bd1cef7","{}"
"c2db9646-6053-52aa-b6f1-9d39f569c37f","chembl_assay","chembl_assay","chembl","bronze","71","CHEMBL1131871","CHEMBL1131871","7eb85037d071a34004243009a7cb1334f492d315ed5b50f70c93bc9d952301e6","7eb85037d071a34004243009a7cb1334f492d315ed5b50f70c93bc9d952301e6","7eb85037d071a34004243009a7cb1334f492d315ed5b50f70c93bc9d952301e6","included","","","","","","","","","extract","2026-06-30T10:38:04.212506+00:00","{""aidx"": ""CLD0"", ""assay_category"": null, ""assay_cell_type"": ""CHO"", ""assay_chembl_id"": ""CHEMBL672580"", ""assay_classifications"": [], ""assay_group"": null, ""assay_organism"": ""Homo sapiens"", ""assay_parameters"": [], ""assay_strain"": null, ""assay_subcellular_fraction"": null, ""assay_tax_id"": 9606, ""assay_test_type"": null, ""assay_tissue"": null, ""assay_type"": ""B"", ""assay_type_description"": ""Binding"", ""bao_format"": ""BAO_0000219"", ""bao_label"": ""cell-based format"", ""cell_chembl_id"": ""CHEMBL3308072"", ""confidence_description"": ""Direct single protein target assigned"", ""confidence_score"": 9, ""description"": ""Displacement of [3H]spiperone from human Dopamine receptor D2S expressed in CHO cells"", ""document_chembl_id"": ""CHEMBL1131871"", ""relationship_description"": ""Direct protein target assigned"", ""relationship_type"": ""D"", ""src_assay_id"": null, ""src_id"": 1, ""target_chembl_id"": ""CHEMBL217"", ""tissue_chembl_id"": null, ""variant_sequence"": null}","{""aidx"": ""CLD0"", ""assay_category"": null, ""assay_cell_type"": ""CHO"", ""assay_chembl_id"": ""CHEMBL672580"", ""assay_classifications"": [], ""assay_group"": null, ""assay_organism"": ""Homo sapiens"", ""assay_parameters"": [], ""assay_strain"": null, ""assay_subcellular_fraction"": null, ""assay_tax_id"": 9606, ""assay_test_type"": null, ""assay_tissue"": null, ""assay_type"": ""B"", ""assay_type_description"": ""Binding"", ""bao_format"": ""BAO_0000219"", ""bao_label"": ""cell-based format"", ""cell_chembl_id"": ""CHEMBL3308072"", ""confidence_description"": ""Direct single protein target assigned"", ""confidence_score"": 9, ""description"": ""Displacement of [3H]spiperone from human Dopamine receptor D2S expressed in CHO cells"", ""document_chembl_id"": ""CHEMBL1131871"", ""relationship_description"": ""Direct protein target assigned"", ""relationship_type"": ""D"", ""src_assay_id"": null, ""src_id"": 1, ""target_chembl_id"": ""CHEMBL217"", ""tissue_chembl_id"": null, ""variant_sequence"": null}","673b5511-3446-5f04-953c-31bc9bd1cef7","{}"
"c2db9646-6053-52aa-b6f1-9d39f569c37f","chembl_assay","chembl_assay","chembl","bronze","72","CHEMBL1132939","CHEMBL1132939","654d36cd871b01be4737aae9fb3ecb0c3fe2f66f1306ec0b36e65c966c677052","654d36cd871b01be4737aae9fb3ecb0c3fe2f66f1306ec0b36e65c966c677052","654d36cd871b01be4737aae9fb3ecb0c3fe2f66f1306ec0b36e65c966c677052","included","","","","","","","","","extract","2026-06-30T10:38:04.212506+00:00","{""aidx"": ""CLD0"", ""assay_category"": null, ""assay_cell_type"": ""CHO"", ""assay_chembl_id"": ""CHEMBL673026"", ""assay_classifications"": [], ""assay_group"": null, ""assay_organism"": ""Homo sapiens"", ""assay_parameters"": [], ""assay_strain"": null, ""assay_subcellular_fraction"": null, ""assay_tax_id"": 9606, ""assay_test_type"": null, ""assay_tissue"": null, ""assay_type"": ""B"", ""assay_type_description"": ""Binding"", ""bao_format"": ""BAO_0000219"", ""bao_label"": ""cell-based format"", ""cell_chembl_id"": ""CHEMBL3308072"", ""confidence_description"": ""Direct single protein target assigned"", ""confidence_score"": 9, ""description"": ""Binding affinity for human Dopamine receptor D2 expressed in CHO cells"", ""document_chembl_id"": ""CHEMBL1132939"", ""relationship_description"": ""Direct protein target assigned"", ""relationship_type"": ""D"", ""src_assay_id"": null, ""src_id"": 1, ""target_chembl_id"": ""CHEMBL217"", ""tissue_chembl_id"": null, ""variant_sequence"": null}","{""aidx"": ""CLD0"", ""assay_category"": null, ""assay_cell_type"": ""CHO"", ""assay_chembl_id"": ""CHEMBL673026"", ""assay_classifications"": [], ""assay_group"": null, ""assay_organism"": ""Homo sapiens"", ""assay_parameters"": [], ""assay_strain"": null, ""assay_subcellular_fraction"": null, ""assay_tax_id"": 9606, ""assay_test_type"": null, ""assay_tissue"": null, ""assay_type"": ""B"", ""assay_type_description"": ""Binding"", ""bao_format"": ""BAO_0000219"", ""bao_label"": ""cell-based format"", ""cell_chembl_id"": ""CHEMBL3308072"", ""confidence_description"": ""Direct single protein target assigned"", ""confidence_score"": 9, ""description"": ""Binding affinity for human Dopamine receptor D2 expressed in CHO cells"", ""document_chembl_id"": ""CHEMBL1132939"", ""relationship_description"": ""Direct protein target assigned"", ""relationship_type"": ""D"", ""src_assay_id"": null, ""src_id"": 1, ""target_chembl_id"": ""CHEMBL217"", ""tissue_chembl_id"": null, ""variant_sequence"": null}","673b5511-3446-5f04-953c-31bc9bd1cef7","{}"
"c2db9646-6053-52aa-b6f1-9d39f569c37f","chembl_assay","chembl_assay","chembl","bronze","73","CHEMBL1131871","CHEMBL1131871","dfb61d42fbf46129df206a2f8d7a6355e0425166cccd2b1cc0348972c16a51a0","dfb61d42fbf46129df206a2f8d7a6355e0425166cccd2b1cc0348972c16a51a0","dfb61d42fbf46129df206a2f8d7a6355e0425166cccd2b1cc0348972c16a51a0","included","","","","","","","","","extract","2026-06-30T10:38:04.212506+00:00","{""aidx"": ""CLD0"", ""assay_category"": null, ""assay_cell_type"": ""CHO"", ""assay_chembl_id"": ""CHEMBL673074"", ""assay_classifications"": [], ""assay_group"": null, ""assay_organism"": ""Homo sapiens"", ""assay_parameters"": [], ""assay_strain"": null, ""assay_subcellular_fraction"": null, ""assay_tax_id"": 9606, ""assay_test_type"": null, ""assay_tissue"": null, ""assay_type"": ""B"", ""assay_type_description"": ""Binding"", ""bao_format"": ""BAO_0000219"", ""bao_label"": ""cell-based format"", ""cell_chembl_id"": ""CHEMBL3308072"", ""confidence_description"": ""Direct single protein target assigned"", ""confidence_score"": 9, ""description"": ""Displacement of [3H]spiperone from human Dopamine receptor D2L expressed in CHO cells"", ""document_chembl_id"": ""CHEMBL1131871"", ""relationship_description"": ""Direct protein target assigned"", ""relationship_type"": ""D"", ""src_assay_id"": null, ""src_id"": 1, ""target_chembl_id"": ""CHEMBL217"", ""tissue_chembl_id"": null, ""variant_sequence"": null}","{""aidx"": ""CLD0"", ""assay_category"": null, ""assay_cell_type"": ""CHO"", ""assay_chembl_id"": ""CHEMBL673074"", ""assay_classifications"": [], ""assay_group"": null, ""assay_organism"": ""Homo sapiens"", ""assay_parameters"": [], ""assay_strain"": null, ""assay_subcellular_fraction"": null, ""assay_tax_id"": 9606, ""assay_test_type"": null, ""assay_tissue"": null, ""assay_type"": ""B"", ""assay_type_description"": ""Binding"", ""bao_format"": ""BAO_0000219"", ""bao_label"": ""cell-based format"", ""cell_chembl_id"": ""CHEMBL3308072"", ""confidence_description"": ""Direct single protein target assigned"", ""confidence_score"": 9, ""description"": ""Displacement of [3H]spiperone from human Dopamine receptor D2L expressed in CHO cells"", ""document_chembl_id"": ""CHEMBL1131871"", ""relationship_description"": ""Direct protein target assigned"", ""relationship_type"": ""D"", ""src_assay_id"": null, ""src_id"": 1, ""target_chembl_id"": ""CHEMBL217"", ""tissue_chembl_id"": null, ""variant_sequence"": null}","673b5511-3446-5f04-953c-31bc9bd1cef7","{}"
"c2db9646-6053-52aa-b6f1-9d39f569c37f","chembl_assay","chembl_assay","chembl","bronze","74","CHEMBL1129892","CHEMBL1129892","25ec33f336e4a8f4c85e503846cbe365537415f53b89c1426c1c87926f69410e","25ec33f336e4a8f4c85e503846cbe365537415f53b89c1426c1c87926f69410e","25ec33f336e4a8f4c85e503846cbe365537415f53b89c1426c1c87926f69410e","included","","","","","","","","","extract","2026-06-30T10:38:04.212506+00:00","{""aidx"": ""CLD0"", ""assay_category"": null, ""assay_cell_type"": ""CHO"", ""assay_chembl_id"": ""CHEMBL673115"", ""assay_classifications"": [], ""assay_group"": null, ""assay_organism"": ""Homo sapiens"", ""assay_parameters"": [], ""assay_strain"": null, ""assay_subcellular_fraction"": null, ""assay_tax_id"": 9606, ""assay_test_type"": null, ""assay_tissue"": null, ""assay_type"": ""B"", ""assay_type_description"": ""Binding"", ""bao_format"": ""BAO_0000219"", ""bao_label"": ""cell-based format"", ""cell_chembl_id"": ""CHEMBL3308072"", ""confidence_description"": ""Direct single protein target assigned"", ""confidence_score"": 9, ""description"": ""Inhibition of [125 I]iodosulpiride binding to human Dopamine receptor D3 expressed in CHO cell membranes"", ""document_chembl_id"": ""CHEMBL1129892"", ""relationship_description"": ""Direct protein target assigned"", ""relationship_type"": ""D"", ""src_assay_id"": null, ""src_id"": 1, ""target_chembl_id"": ""CHEMBL234"", ""tissue_chembl_id"": null, ""variant_sequence"": null}","{""aidx"": ""CLD0"", ""assay_category"": null, ""assay_cell_type"": ""CHO"", ""assay_chembl_id"": ""CHEMBL673115"", ""assay_classifications"": [], ""assay_group"": null, ""assay_organism"": ""Homo sapiens"", ""assay_parameters"": [], ""assay_strain"": null, ""assay_subcellular_fraction"": null, ""assay_tax_id"": 9606, ""assay_test_type"": null, ""assay_tissue"": null, ""assay_type"": ""B"", ""assay_type_description"": ""Binding"", ""bao_format"": ""BAO_0000219"", ""bao_label"": ""cell-based format"", ""cell_chembl_id"": ""CHEMBL3308072"", ""confidence_description"": ""Direct single protein target assigned"", ""confidence_score"": 9, ""description"": ""Inhibition of [125 I]iodosulpiride binding to human Dopamine receptor D3 expressed in CHO cell membranes"", ""document_chembl_id"": ""CHEMBL1129892"", ""relationship_description"": ""Direct protein target assigned"", ""relationship_type"": ""D"", ""src_assay_id"": null, ""src_id"": 1, ""target_chembl_id"": ""CHEMBL234"", ""tissue_chembl_id"": null, ""variant_sequence"": null}","673b5511-3446-5f04-953c-31bc9bd1cef7","{}"
"c2db9646-6053-52aa-b6f1-9d39f569c37f","chembl_assay","chembl_assay","chembl","bronze","75","CHEMBL1128425","CHEMBL1128425","951576c301516b2af0374d1fb63f1837486fc6aa88cabda199fe51ffb5e40222","951576c301516b2af0374d1fb63f1837486fc6aa88cabda199fe51ffb5e40222","951576c301516b2af0374d1fb63f1837486fc6aa88cabda199fe51ffb5e40222","included","","","","","","","","","extract","2026-06-30T10:38:04.212506+00:00","{""aidx"": ""CLD0"", ""assay_category"": null, ""assay_cell_type"": ""CHO"", ""assay_chembl_id"": ""CHEMBL673117"", ""assay_classifications"": [], ""assay_group"": null, ""assay_organism"": ""Homo sapiens"", ""assay_parameters"": [], ""assay_strain"": null, ""assay_subcellular_fraction"": null, ""assay_tax_id"": 9606, ""assay_test_type"": null, ""assay_tissue"": null, ""assay_type"": ""B"", ""assay_type_description"": ""Binding"", ""bao_format"": ""BAO_0000219"", ""bao_label"": ""cell-based format"", ""cell_chembl_id"": ""CHEMBL3308072"", ""confidence_description"": ""Direct single protein target assigned"", ""confidence_score"": 9, ""description"": ""Binding affinity human Dopamine receptor D3 expressed in CHO cells using [125I]iodosulpiride"", ""document_chembl_id"": ""CHEMBL1128425"", ""relationship_description"": ""Direct protein target assigned"", ""relationship_type"": ""D"", ""src_assay_id"": null, ""src_id"": 1, ""target_chembl_id"": ""CHEMBL234"", ""tissue_chembl_id"": null, ""variant_sequence"": null}","{""aidx"": ""CLD0"", ""assay_category"": null, ""assay_cell_type"": ""CHO"", ""assay_chembl_id"": ""CHEMBL673117"", ""assay_classifications"": [], ""assay_group"": null, ""assay_organism"": ""Homo sapiens"", ""assay_parameters"": [], ""assay_strain"": null, ""assay_subcellular_fraction"": null, ""assay_tax_id"": 9606, ""assay_test_type"": null, ""assay_tissue"": null, ""assay_type"": ""B"", ""assay_type_description"": ""Binding"", ""bao_format"": ""BAO_0000219"", ""bao_label"": ""cell-based format"", ""cell_chembl_id"": ""CHEMBL3308072"", ""confidence_description"": ""Direct single protein target assigned"", ""confidence_score"": 9, ""description"": ""Binding affinity human Dopamine receptor D3 expressed in CHO cells using [125I]iodosulpiride"", ""document_chembl_id"": ""CHEMBL1128425"", ""relationship_description"": ""Direct protein target assigned"", ""relationship_type"": ""D"", ""src_assay_id"": null, ""src_id"": 1, ""target_chembl_id"": ""CHEMBL234"", ""tissue_chembl_id"": null, ""variant_sequence"": null}","673b5511-3446-5f04-953c-31bc9bd1cef7","{}"
"c2db9646-6053-52aa-b6f1-9d39f569c37f","chembl_assay","chembl_assay","chembl","bronze","76","CHEMBL1133458","CHEMBL1133458","89b2ff90905a26a37685f44c683dbfd8863e5bfeb4b3a52e2dafb420cb106c36","89b2ff90905a26a37685f44c683dbfd8863e5bfeb4b3a52e2dafb420cb106c36","89b2ff90905a26a37685f44c683dbfd8863e5bfeb4b3a52e2dafb420cb106c36","included","","","","","","","","","extract","2026-06-30T10:38:04.212506+00:00","{""aidx"": ""CLD0"", ""assay_category"": null, ""assay_cell_type"": ""CHO"", ""assay_chembl_id"": ""CHEMBL673332"", ""assay_classifications"": [], ""assay_group"": null, ""assay_organism"": ""Homo sapiens"", ""assay_parameters"": [], ""assay_strain"": null, ""assay_subcellular_fraction"": null, ""assay_tax_id"": 9606, ""assay_test_type"": null, ""assay_tissue"": null, ""assay_type"": ""B"", ""assay_type_description"": ""Binding"", ""bao_format"": ""BAO_0000219"", ""bao_label"": ""cell-based format"", ""cell_chembl_id"": ""CHEMBL3308072"", ""confidence_description"": ""Direct single protein target assigned"", ""confidence_score"": 9, ""description"": ""Tested for antagonist binding affinity by measuring displacement of [3H]spiperone from Human Dopamine receptor D3 expressed in CHO K-1 cells"", ""document_chembl_id"": ""CHEMBL1133458"", ""relationship_description"": ""Direct protein target assigned"", ""relationship_type"": ""D"", ""src_assay_id"": null, ""src_id"": 1, ""target_chembl_id"": ""CHEMBL234"", ""tissue_chembl_id"": null, ""variant_sequence"": null}","{""aidx"": ""CLD0"", ""assay_category"": null, ""assay_cell_type"": ""CHO"", ""assay_chembl_id"": ""CHEMBL673332"", ""assay_classifications"": [], ""assay_group"": null, ""assay_organism"": ""Homo sapiens"", ""assay_parameters"": [], ""assay_strain"": null, ""assay_subcellular_fraction"": null, ""assay_tax_id"": 9606, ""assay_test_type"": null, ""assay_tissue"": null, ""assay_type"": ""B"", ""assay_type_description"": ""Binding"", ""bao_format"": ""BAO_0000219"", ""bao_label"": ""cell-based format"", ""cell_chembl_id"": ""CHEMBL3308072"", ""confidence_description"": ""Direct single protein target assigned"", ""confidence_score"": 9, ""description"": ""Tested for antagonist binding affinity by measuring displacement of [3H]spiperone from Human Dopamine receptor D3 expressed in CHO K-1 cells"", ""document_chembl_id"": ""CHEMBL1133458"", ""relationship_description"": ""Direct protein target assigned"", ""relationship_type"": ""D"", ""src_assay_id"": null, ""src_id"": 1, ""target_chembl_id"": ""CHEMBL234"", ""tissue_chembl_id"": null, ""variant_sequence"": null}","673b5511-3446-5f04-953c-31bc9bd1cef7","{}"
"c2db9646-6053-52aa-b6f1-9d39f569c37f","chembl_assay","chembl_assay","chembl","bronze","77","CHEMBL1129215","CHEMBL1129215","b33713464e6b73e973eb83ad74235356e8f0c030eb5f032fa4a8c565d21d40b6","b33713464e6b73e973eb83ad74235356e8f0c030eb5f032fa4a8c565d21d40b6","b33713464e6b73e973eb83ad74235356e8f0c030eb5f032fa4a8c565d21d40b6","included","","","","","","","","","extract","2026-06-30T10:38:04.212506+00:00","{""aidx"": ""CLD0"", ""assay_category"": null, ""assay_cell_type"": ""CHO"", ""assay_chembl_id"": ""CHEMBL673998"", ""assay_classifications"": [], ""assay_group"": null, ""assay_organism"": ""Homo sapiens"", ""assay_parameters"": [], ""assay_strain"": null, ""assay_subcellular_fraction"": null, ""assay_tax_id"": 9606, ""assay_test_type"": null, ""assay_tissue"": null, ""assay_type"": ""B"", ""assay_type_description"": ""Binding"", ""bao_format"": ""BAO_0000219"", ""bao_label"": ""cell-based format"", ""cell_chembl_id"": ""CHEMBL3308072"", ""confidence_description"": ""Direct single protein target assigned"", ""confidence_score"": 9, ""description"": ""Tested in vitro for the inhibition of [3H]U-86170 binding to Dopamine receptor D3, expressed in cloned CHO cells"", ""document_chembl_id"": ""CHEMBL1129215"", ""relationship_description"": ""Direct protein target assigned"", ""relationship_type"": ""D"", ""src_assay_id"": null, ""src_id"": 1, ""target_chembl_id"": ""CHEMBL234"", ""tissue_chembl_id"": null, ""variant_sequence"": null}","{""aidx"": ""CLD0"", ""assay_category"": null, ""assay_cell_type"": ""CHO"", ""assay_chembl_id"": ""CHEMBL673998"", ""assay_classifications"": [], ""assay_group"": null, ""assay_organism"": ""Homo sapiens"", ""assay_parameters"": [], ""assay_strain"": null, ""assay_subcellular_fraction"": null, ""assay_tax_id"": 9606, ""assay_test_type"": null, ""assay_tissue"": null, ""assay_type"": ""B"", ""assay_type_description"": ""Binding"", ""bao_format"": ""BAO_0000219"", ""bao_label"": ""cell-based format"", ""cell_chembl_id"": ""CHEMBL3308072"", ""confidence_description"": ""Direct single protein target assigned"", ""confidence_score"": 9, ""description"": ""Tested in vitro for the inhibition of [3H]U-86170 binding to Dopamine receptor D3, expressed in cloned CHO cells"", ""document_chembl_id"": ""CHEMBL1129215"", ""relationship_description"": ""Direct protein target assigned"", ""relationship_type"": ""D"", ""src_assay_id"": null, ""src_id"": 1, ""target_chembl_id"": ""CHEMBL234"", ""tissue_chembl_id"": null, ""variant_sequence"": null}","673b5511-3446-5f04-953c-31bc9bd1cef7","{}"
"c2db9646-6053-52aa-b6f1-9d39f569c37f","chembl_assay","chembl_assay","chembl","bronze","78","CHEMBL1129306","CHEMBL1129306","fb623c507cef39b35e7a1a31c83d297b639fdada4751188035f11f8034921f1e","fb623c507cef39b35e7a1a31c83d297b639fdada4751188035f11f8034921f1e","fb623c507cef39b35e7a1a31c83d297b639fdada4751188035f11f8034921f1e","included","","","","","","","","","extract","2026-06-30T10:38:04.212506+00:00","{""aidx"": ""CLD0"", ""assay_category"": null, ""assay_cell_type"": ""CHO"", ""assay_chembl_id"": ""CHEMBL674049"", ""assay_classifications"": [], ""assay_group"": null, ""assay_organism"": ""Homo sapiens"", ""assay_parameters"": [], ""assay_strain"": null, ""assay_subcellular_fraction"": null, ""assay_tax_id"": 9606, ""assay_test_type"": null, ""assay_tissue"": null, ""assay_type"": ""B"", ""assay_type_description"": ""Binding"", ""bao_format"": ""BAO_0000219"", ""bao_label"": ""cell-based format"", ""cell_chembl_id"": ""CHEMBL3308072"", ""confidence_description"": ""Direct single protein target assigned"", ""confidence_score"": 9, ""description"": ""Binding affinity towards cloned human Dopamine receptor D4 stably expressed in CHO cells was evaluated using [3H]spiperone as radioligand"", ""document_chembl_id"": ""CHEMBL1129306"", ""relationship_description"": ""Direct protein target assigned"", ""relationship_type"": ""D"", ""src_assay_id"": null, ""src_id"": 1, ""target_chembl_id"": ""CHEMBL219"", ""tissue_chembl_id"": null, ""variant_sequence"": null}","{""aidx"": ""CLD0"", ""assay_category"": null, ""assay_cell_type"": ""CHO"", ""assay_chembl_id"": ""CHEMBL674049"", ""assay_classifications"": [], ""assay_group"": null, ""assay_organism"": ""Homo sapiens"", ""assay_parameters"": [], ""assay_strain"": null, ""assay_subcellular_fraction"": null, ""assay_tax_id"": 9606, ""assay_test_type"": null, ""assay_tissue"": null, ""assay_type"": ""B"", ""assay_type_description"": ""Binding"", ""bao_format"": ""BAO_0000219"", ""bao_label"": ""cell-based format"", ""cell_chembl_id"": ""CHEMBL3308072"", ""confidence_description"": ""Direct single protein target assigned"", ""confidence_score"": 9, ""description"": ""Binding affinity towards cloned human Dopamine receptor D4 stably expressed in CHO cells was evaluated using [3H]spiperone as radioligand"", ""document_chembl_id"": ""CHEMBL1129306"", ""relationship_description"": ""Direct protein target assigned"", ""relationship_type"": ""D"", ""src_assay_id"": null, ""src_id"": 1, ""target_chembl_id"": ""CHEMBL219"", ""tissue_chembl_id"": null, ""variant_sequence"": null}","673b5511-3446-5f04-953c-31bc9bd1cef7","{}"
"c2db9646-6053-52aa-b6f1-9d39f569c37f","chembl_assay","chembl_assay","chembl","bronze","79","CHEMBL1131871","CHEMBL1131871","0ea68c6793131cb51b41b7264397d7fa1f6f067dfbc15798ed0cdd0839b41744","0ea68c6793131cb51b41b7264397d7fa1f6f067dfbc15798ed0cdd0839b41744","0ea68c6793131cb51b41b7264397d7fa1f6f067dfbc15798ed0cdd0839b41744","included","","","","","","","","","extract","2026-06-30T10:38:04.212506+00:00","{""aidx"": ""CLD0"", ""assay_category"": null, ""assay_cell_type"": ""CHO"", ""assay_chembl_id"": ""CHEMBL674256"", ""assay_classifications"": [], ""assay_group"": null, ""assay_organism"": ""Homo sapiens"", ""assay_parameters"": [], ""assay_strain"": null, ""assay_subcellular_fraction"": null, ""assay_tax_id"": 9606, ""assay_test_type"": null, ""assay_tissue"": null, ""assay_type"": ""B"", ""assay_type_description"": ""Binding"", ""bao_format"": ""BAO_0000219"", ""bao_label"": ""cell-based format"", ""cell_chembl_id"": ""CHEMBL3308072"", ""confidence_description"": ""Direct single protein target assigned"", ""confidence_score"": 9, ""description"": ""Displacement of [3H]spiperone from human Dopamine receptor D4.4 expressed in CHO cells"", ""document_chembl_id"": ""CHEMBL1131871"", ""relationship_description"": ""Direct protein target assigned"", ""relationship_type"": ""D"", ""src_assay_id"": null, ""src_id"": 1, ""target_chembl_id"": ""CHEMBL219"", ""tissue_chembl_id"": null, ""variant_sequence"": null}","{""aidx"": ""CLD0"", ""assay_category"": null, ""assay_cell_type"": ""CHO"", ""assay_chembl_id"": ""CHEMBL674256"", ""assay_classifications"": [], ""assay_group"": null, ""assay_organism"": ""Homo sapiens"", ""assay_parameters"": [], ""assay_strain"": null, ""assay_subcellular_fraction"": null, ""assay_tax_id"": 9606, ""assay_test_type"": null, ""assay_tissue"": null, ""assay_type"": ""B"", ""assay_type_description"": ""Binding"", ""bao_format"": ""BAO_0000219"", ""bao_label"": ""cell-based format"", ""cell_chembl_id"": ""CHEMBL3308072"", ""confidence_description"": ""Direct single protein target assigned"", ""confidence_score"": 9, ""description"": ""Displacement of [3H]spiperone from human Dopamine receptor D4.4 expressed in CHO cells"", ""document_chembl_id"": ""CHEMBL1131871"", ""relationship_description"": ""Direct protein target assigned"", ""relationship_type"": ""D"", ""src_assay_id"": null, ""src_id"": 1, ""target_chembl_id"": ""CHEMBL219"", ""tissue_chembl_id"": null, ""variant_sequence"": null}","673b5511-3446-5f04-953c-31bc9bd1cef7","{}"
"c2db9646-6053-52aa-b6f1-9d39f569c37f","chembl_assay","chembl_assay","chembl","bronze","80","CHEMBL1128425","CHEMBL1128425","a0f75d8c4b2a33eaf166c8ab5a9d4124b07872433e2ad47057f9de9961d1c1cc","a0f75d8c4b2a33eaf166c8ab5a9d4124b07872433e2ad47057f9de9961d1c1cc","a0f75d8c4b2a33eaf166c8ab5a9d4124b07872433e2ad47057f9de9961d1c1cc","included","","","","","","","","","extract","2026-06-30T10:38:04.212506+00:00","{""aidx"": ""CLD0"", ""assay_category"": null, ""assay_cell_type"": ""CHO"", ""assay_chembl_id"": ""CHEMBL674341"", ""assay_classifications"": [], ""assay_group"": null, ""assay_organism"": ""Homo sapiens"", ""assay_parameters"": [], ""assay_strain"": null, ""assay_subcellular_fraction"": null, ""assay_tax_id"": 9606, ""assay_test_type"": null, ""assay_tissue"": null, ""assay_type"": ""B"", ""assay_type_description"": ""Binding"", ""bao_format"": ""BAO_0000219"", ""bao_label"": ""cell-based format"", ""cell_chembl_id"": ""CHEMBL3308072"", ""confidence_description"": ""Direct single protein target assigned"", ""confidence_score"": 9, ""description"": ""Binding affinity against human Dopamine receptor D2 expressed in CHO cells using [125I]iodosulpiride "", ""document_chembl_id"": ""CHEMBL1128425"", ""relationship_description"": ""Direct protein target assigned"", ""relationship_type"": ""D"", ""src_assay_id"": null, ""src_id"": 1, ""target_chembl_id"": ""CHEMBL217"", ""tissue_chembl_id"": null, ""variant_sequence"": null}","{""aidx"": ""CLD0"", ""assay_category"": null, ""assay_cell_type"": ""CHO"", ""assay_chembl_id"": ""CHEMBL674341"", ""assay_classifications"": [], ""assay_group"": null, ""assay_organism"": ""Homo sapiens"", ""assay_parameters"": [], ""assay_strain"": null, ""assay_subcellular_fraction"": null, ""assay_tax_id"": 9606, ""assay_test_type"": null, ""assay_tissue"": null, ""assay_type"": ""B"", ""assay_type_description"": ""Binding"", ""bao_format"": ""BAO_0000219"", ""bao_label"": ""cell-based format"", ""cell_chembl_id"": ""CHEMBL3308072"", ""confidence_description"": ""Direct single protein target assigned"", ""confidence_score"": 9, ""description"": ""Binding affinity against human Dopamine receptor D2 expressed in CHO cells using [125I]iodosulpiride "", ""document_chembl_id"": ""CHEMBL1128425"", ""relationship_description"": ""Direct protein target assigned"", ""relationship_type"": ""D"", ""src_assay_id"": null, ""src_id"": 1, ""target_chembl_id"": ""CHEMBL217"", ""tissue_chembl_id"": null, ""variant_sequence"": null}","673b5511-3446-5f04-953c-31bc9bd1cef7","{}"
"c2db9646-6053-52aa-b6f1-9d39f569c37f","chembl_assay","chembl_assay","chembl","bronze","81","CHEMBL1130595","CHEMBL1130595","46298df77b536e118187cba11f4e76326c5a0bf2dd43950c29dd2b4711ac9ac1","46298df77b536e118187cba11f4e76326c5a0bf2dd43950c29dd2b4711ac9ac1","46298df77b536e118187cba11f4e76326c5a0bf2dd43950c29dd2b4711ac9ac1","included","","","","","","","","","extract","2026-06-30T10:38:04.212506+00:00","{""aidx"": ""CLD0"", ""assay_category"": null, ""assay_cell_type"": ""CHO"", ""assay_chembl_id"": ""CHEMBL674412"", ""assay_classifications"": [], ""assay_group"": null, ""assay_organism"": ""Homo sapiens"", ""assay_parameters"": [], ""assay_strain"": null, ""assay_subcellular_fraction"": null, ""assay_tax_id"": 9606, ""assay_test_type"": null, ""assay_tissue"": null, ""assay_type"": ""B"", ""assay_type_description"": ""Binding"", ""bao_format"": ""BAO_0000219"", ""bao_label"": ""cell-based format"", ""cell_chembl_id"": ""CHEMBL3308072"", ""confidence_description"": ""Direct single protein target assigned"", ""confidence_score"": 9, ""description"": ""Affinity towards human Dopamine receptor D3 expressed in CHO cells using [3H]spiperone"", ""document_chembl_id"": ""CHEMBL1130595"", ""relationship_description"": ""Direct protein target assigned"", ""relationship_type"": ""D"", ""src_assay_id"": null, ""src_id"": 1, ""target_chembl_id"": ""CHEMBL234"", ""tissue_chembl_id"": null, ""variant_sequence"": null}","{""aidx"": ""CLD0"", ""assay_category"": null, ""assay_cell_type"": ""CHO"", ""assay_chembl_id"": ""CHEMBL674412"", ""assay_classifications"": [], ""assay_group"": null, ""assay_organism"": ""Homo sapiens"", ""assay_parameters"": [], ""assay_strain"": null, ""assay_subcellular_fraction"": null, ""assay_tax_id"": 9606, ""assay_test_type"": null, ""assay_tissue"": null, ""assay_type"": ""B"", ""assay_type_description"": ""Binding"", ""bao_format"": ""BAO_0000219"", ""bao_label"": ""cell-based format"", ""cell_chembl_id"": ""CHEMBL3308072"", ""confidence_description"": ""Direct single protein target assigned"", ""confidence_score"": 9, ""description"": ""Affinity towards human Dopamine receptor D3 expressed in CHO cells using [3H]spiperone"", ""document_chembl_id"": ""CHEMBL1130595"", ""relationship_description"": ""Direct protein target assigned"", ""relationship_type"": ""D"", ""src_assay_id"": null, ""src_id"": 1, ""target_chembl_id"": ""CHEMBL234"", ""tissue_chembl_id"": null, ""variant_sequence"": null}","673b5511-3446-5f04-953c-31bc9bd1cef7","{}"
"c2db9646-6053-52aa-b6f1-9d39f569c37f","chembl_assay","chembl_assay","chembl","bronze","82","CHEMBL1130121","CHEMBL1130121","825837f6569b56a3bff1f767cd5d688d378e154f328f7b0a689d566a2b4ca976","825837f6569b56a3bff1f767cd5d688d378e154f328f7b0a689d566a2b4ca976","825837f6569b56a3bff1f767cd5d688d378e154f328f7b0a689d566a2b4ca976","included","","","","","","","","","extract","2026-06-30T10:38:04.212506+00:00","{""aidx"": ""CLD0"", ""assay_category"": null, ""assay_cell_type"": ""CHO"", ""assay_chembl_id"": ""CHEMBL674490"", ""assay_classifications"": [], ""assay_group"": null, ""assay_organism"": ""Homo sapiens"", ""assay_parameters"": [], ""assay_strain"": null, ""assay_subcellular_fraction"": null, ""assay_tax_id"": 9606, ""assay_test_type"": null, ""assay_tissue"": null, ""assay_type"": ""F"", ""assay_type_description"": ""Functional"", ""bao_format"": ""BAO_0000219"", ""bao_label"": ""cell-based format"", ""cell_chembl_id"": ""CHEMBL3308072"", ""confidence_description"": ""Direct single protein target assigned"", ""confidence_score"": 9, ""description"": ""Inhibition of mitogenic [3H]thymidine uptake in CHO 10001 cells expressing Dopamine receptor D4"", ""document_chembl_id"": ""CHEMBL1130121"", ""relationship_description"": ""Direct protein target assigned"", ""relationship_type"": ""D"", ""src_assay_id"": null, ""src_id"": 1, ""target_chembl_id"": ""CHEMBL219"", ""tissue_chembl_id"": null, ""variant_sequence"": null}","{""aidx"": ""CLD0"", ""assay_category"": null, ""assay_cell_type"": ""CHO"", ""assay_chembl_id"": ""CHEMBL674490"", ""assay_classifications"": [], ""assay_group"": null, ""assay_organism"": ""Homo sapiens"", ""assay_parameters"": [], ""assay_strain"": null, ""assay_subcellular_fraction"": null, ""assay_tax_id"": 9606, ""assay_test_type"": null, ""assay_tissue"": null, ""assay_type"": ""F"", ""assay_type_description"": ""Functional"", ""bao_format"": ""BAO_0000219"", ""bao_label"": ""cell-based format"", ""cell_chembl_id"": ""CHEMBL3308072"", ""confidence_description"": ""Direct single protein target assigned"", ""confidence_score"": 9, ""description"": ""Inhibition of mitogenic [3H]thymidine uptake in CHO 10001 cells expressing Dopamine receptor D4"", ""document_chembl_id"": ""CHEMBL1130121"", ""relationship_description"": ""Direct protein target assigned"", ""relationship_type"": ""D"", ""src_assay_id"": null, ""src_id"": 1, ""target_chembl_id"": ""CHEMBL219"", ""tissue_chembl_id"": null, ""variant_sequence"": null}","673b5511-3446-5f04-953c-31bc9bd1cef7","{}"
"c2db9646-6053-52aa-b6f1-9d39f569c37f","chembl_assay","chembl_assay","chembl","bronze","83","CHEMBL1132669","CHEMBL1132669","6a856d77ceb7be51b32fe53ebc11afaec0a674d9f87669c64cc093008a4eacb9","6a856d77ceb7be51b32fe53ebc11afaec0a674d9f87669c64cc093008a4eacb9","6a856d77ceb7be51b32fe53ebc11afaec0a674d9f87669c64cc093008a4eacb9","included","","","","","","","","","extract","2026-06-30T10:38:04.212506+00:00","{""aidx"": ""CLD0"", ""assay_category"": null, ""assay_cell_type"": ""CHO"", ""assay_chembl_id"": ""CHEMBL674832"", ""assay_classifications"": [], ""assay_group"": null, ""assay_organism"": ""Homo sapiens"", ""assay_parameters"": [], ""assay_strain"": null, ""assay_subcellular_fraction"": null, ""assay_tax_id"": 9606, ""assay_test_type"": null, ""assay_tissue"": null, ""assay_type"": ""B"", ""assay_type_description"": ""Binding"", ""bao_format"": ""BAO_0000219"", ""bao_label"": ""cell-based format"", ""cell_chembl_id"": ""CHEMBL3308072"", ""confidence_description"": ""Direct single protein target assigned"", ""confidence_score"": 9, ""description"": ""Inhibition of [3H]spiperone binding to human Dopamine receptor D3 in CHO cell membranes"", ""document_chembl_id"": ""CHEMBL1132669"", ""relationship_description"": ""Direct protein target assigned"", ""relationship_type"": ""D"", ""src_assay_id"": null, ""src_id"": 1, ""target_chembl_id"": ""CHEMBL234"", ""tissue_chembl_id"": null, ""variant_sequence"": null}","{""aidx"": ""CLD0"", ""assay_category"": null, ""assay_cell_type"": ""CHO"", ""assay_chembl_id"": ""CHEMBL674832"", ""assay_classifications"": [], ""assay_group"": null, ""assay_organism"": ""Homo sapiens"", ""assay_parameters"": [], ""assay_strain"": null, ""assay_subcellular_fraction"": null, ""assay_tax_id"": 9606, ""assay_test_type"": null, ""assay_tissue"": null, ""assay_type"": ""B"", ""assay_type_description"": ""Binding"", ""bao_format"": ""BAO_0000219"", ""bao_label"": ""cell-based format"", ""cell_chembl_id"": ""CHEMBL3308072"", ""confidence_description"": ""Direct single protein target assigned"", ""confidence_score"": 9, ""description"": ""Inhibition of [3H]spiperone binding to human Dopamine receptor D3 in CHO cell membranes"", ""document_chembl_id"": ""CHEMBL1132669"", ""relationship_description"": ""Direct protein target assigned"", ""relationship_type"": ""D"", ""src_assay_id"": null, ""src_id"": 1, ""target_chembl_id"": ""CHEMBL234"", ""tissue_chembl_id"": null, ""variant_sequence"": null}","673b5511-3446-5f04-953c-31bc9bd1cef7","{}"
"c2db9646-6053-52aa-b6f1-9d39f569c37f","chembl_assay","chembl_assay","chembl","bronze","84","CHEMBL1134415","CHEMBL1134415","f1a71cea772d8622990e6b50151287c2e450ed71e35748b1d5a11147ce5a3e54","f1a71cea772d8622990e6b50151287c2e450ed71e35748b1d5a11147ce5a3e54","f1a71cea772d8622990e6b50151287c2e450ed71e35748b1d5a11147ce5a3e54","included","","","","","","","","","extract","2026-06-30T10:38:04.212506+00:00","{""aidx"": ""CLD0"", ""assay_category"": null, ""assay_cell_type"": ""CHO"", ""assay_chembl_id"": ""CHEMBL674890"", ""assay_classifications"": [], ""assay_group"": null, ""assay_organism"": ""Homo sapiens"", ""assay_parameters"": [], ""assay_strain"": null, ""assay_subcellular_fraction"": null, ""assay_tax_id"": 9606, ""assay_test_type"": null, ""assay_tissue"": null, ""assay_type"": ""B"", ""assay_type_description"": ""Binding"", ""bao_format"": ""BAO_0000219"", ""bao_label"": ""cell-based format"", ""cell_chembl_id"": ""CHEMBL3308072"", ""confidence_description"": ""Direct single protein target assigned"", ""confidence_score"": 9, ""description"": ""Ability to inhibit [125I]-ET-1 binding to human cloned ETB receptors expressed on CHO cells"", ""document_chembl_id"": ""CHEMBL1134415"", ""relationship_description"": ""Direct protein target assigned"", ""relationship_type"": ""D"", ""src_assay_id"": null, ""src_id"": 1, ""target_chembl_id"": ""CHEMBL1785"", ""tissue_chembl_id"": null, ""variant_sequence"": null}","{""aidx"": ""CLD0"", ""assay_category"": null, ""assay_cell_type"": ""CHO"", ""assay_chembl_id"": ""CHEMBL674890"", ""assay_classifications"": [], ""assay_group"": null, ""assay_organism"": ""Homo sapiens"", ""assay_parameters"": [], ""assay_strain"": null, ""assay_subcellular_fraction"": null, ""assay_tax_id"": 9606, ""assay_test_type"": null, ""assay_tissue"": null, ""assay_type"": ""B"", ""assay_type_description"": ""Binding"", ""bao_format"": ""BAO_0000219"", ""bao_label"": ""cell-based format"", ""cell_chembl_id"": ""CHEMBL3308072"", ""confidence_description"": ""Direct single protein target assigned"", ""confidence_score"": 9, ""description"": ""Ability to inhibit [125I]-ET-1 binding to human cloned ETB receptors expressed on CHO cells"", ""document_chembl_id"": ""CHEMBL1134415"", ""relationship_description"": ""Direct protein target assigned"", ""relationship_type"": ""D"", ""src_assay_id"": null, ""src_id"": 1, ""target_chembl_id"": ""CHEMBL1785"", ""tissue_chembl_id"": null, ""variant_sequence"": null}","673b5511-3446-5f04-953c-31bc9bd1cef7","{}"
"c2db9646-6053-52aa-b6f1-9d39f569c37f","chembl_assay","chembl_assay","chembl","bronze","85","CHEMBL1129892","CHEMBL1129892","a51c7e23bf9796877459f39b140e189aa11976256119ae33109d65bb7f13281e","a51c7e23bf9796877459f39b140e189aa11976256119ae33109d65bb7f13281e","a51c7e23bf9796877459f39b140e189aa11976256119ae33109d65bb7f13281e","included","","","","","","","","","extract","2026-06-30T10:38:04.212506+00:00","{""aidx"": ""CLD0"", ""assay_category"": null, ""assay_cell_type"": ""CHO"", ""assay_chembl_id"": ""CHEMBL674942"", ""assay_classifications"": [], ""assay_group"": null, ""assay_organism"": ""Homo sapiens"", ""assay_parameters"": [], ""assay_strain"": null, ""assay_subcellular_fraction"": null, ""assay_tax_id"": 9606, ""assay_test_type"": null, ""assay_tissue"": null, ""assay_type"": ""B"", ""assay_type_description"": ""Binding"", ""bao_format"": ""BAO_0000219"", ""bao_label"": ""cell-based format"", ""cell_chembl_id"": ""CHEMBL3308072"", ""confidence_description"": ""Direct single protein target assigned"", ""confidence_score"": 9, ""description"": ""Inhibition of [125 I]iodosulpiride binding to human Dopamine receptor D2 expressed in CHO cell membranes"", ""document_chembl_id"": ""CHEMBL1129892"", ""relationship_description"": ""Direct protein target assigned"", ""relationship_type"": ""D"", ""src_assay_id"": null, ""src_id"": 1, ""target_chembl_id"": ""CHEMBL217"", ""tissue_chembl_id"": null, ""variant_sequence"": null}","{""aidx"": ""CLD0"", ""assay_category"": null, ""assay_cell_type"": ""CHO"", ""assay_chembl_id"": ""CHEMBL674942"", ""assay_classifications"": [], ""assay_group"": null, ""assay_organism"": ""Homo sapiens"", ""assay_parameters"": [], ""assay_strain"": null, ""assay_subcellular_fraction"": null, ""assay_tax_id"": 9606, ""assay_test_type"": null, ""assay_tissue"": null, ""assay_type"": ""B"", ""assay_type_description"": ""Binding"", ""bao_format"": ""BAO_0000219"", ""bao_label"": ""cell-based format"", ""cell_chembl_id"": ""CHEMBL3308072"", ""confidence_description"": ""Direct single protein target assigned"", ""confidence_score"": 9, ""description"": ""Inhibition of [125 I]iodosulpiride binding to human Dopamine receptor D2 expressed in CHO cell membranes"", ""document_chembl_id"": ""CHEMBL1129892"", ""relationship_description"": ""Direct protein target assigned"", ""relationship_type"": ""D"", ""src_assay_id"": null, ""src_id"": 1, ""target_chembl_id"": ""CHEMBL217"", ""tissue_chembl_id"": null, ""variant_sequence"": null}","673b5511-3446-5f04-953c-31bc9bd1cef7","{}"
"c2db9646-6053-52aa-b6f1-9d39f569c37f","chembl_assay","chembl_assay","chembl","bronze","86","CHEMBL1134812","CHEMBL1134812","a4dfb547ccc8655ed3df7dabcdbe1c140d1111240f3c40e0424dc46285e8d1d9","a4dfb547ccc8655ed3df7dabcdbe1c140d1111240f3c40e0424dc46285e8d1d9","a4dfb547ccc8655ed3df7dabcdbe1c140d1111240f3c40e0424dc46285e8d1d9","included","","","","","","","","","extract","2026-06-30T10:38:04.212506+00:00","{""aidx"": ""CLD0"", ""assay_category"": null, ""assay_cell_type"": ""CHO"", ""assay_chembl_id"": ""CHEMBL674967"", ""assay_classifications"": [], ""assay_group"": null, ""assay_organism"": ""Homo sapiens"", ""assay_parameters"": [], ""assay_strain"": null, ""assay_subcellular_fraction"": null, ""assay_tax_id"": 9606, ""assay_test_type"": null, ""assay_tissue"": null, ""assay_type"": ""B"", ""assay_type_description"": ""Binding"", ""bao_format"": ""BAO_0000219"", ""bao_label"": ""cell-based format"", ""cell_chembl_id"": ""CHEMBL3308072"", ""confidence_description"": ""Direct single protein target assigned"", ""confidence_score"": 9, ""description"": ""In vitro for its ability to displace [3H]- spiperone from cloned human Dopamine receptor D4 expressed in CHO cells"", ""document_chembl_id"": ""CHEMBL1134812"", ""relationship_description"": ""Direct protein target assigned"", ""relationship_type"": ""D"", ""src_assay_id"": null, ""src_id"": 1, ""target_chembl_id"": ""CHEMBL219"", ""tissue_chembl_id"": null, ""variant_sequence"": null}","{""aidx"": ""CLD0"", ""assay_category"": null, ""assay_cell_type"": ""CHO"", ""assay_chembl_id"": ""CHEMBL674967"", ""assay_classifications"": [], ""assay_group"": null, ""assay_organism"": ""Homo sapiens"", ""assay_parameters"": [], ""assay_strain"": null, ""assay_subcellular_fraction"": null, ""assay_tax_id"": 9606, ""assay_test_type"": null, ""assay_tissue"": null, ""assay_type"": ""B"", ""assay_type_description"": ""Binding"", ""bao_format"": ""BAO_0000219"", ""bao_label"": ""cell-based format"", ""cell_chembl_id"": ""CHEMBL3308072"", ""confidence_description"": ""Direct single protein target assigned"", ""confidence_score"": 9, ""description"": ""In vitro for its ability to displace [3H]- spiperone from cloned human Dopamine receptor D4 expressed in CHO cells"", ""document_chembl_id"": ""CHEMBL1134812"", ""relationship_description"": ""Direct protein target assigned"", ""relationship_type"": ""D"", ""src_assay_id"": null, ""src_id"": 1, ""target_chembl_id"": ""CHEMBL219"", ""tissue_chembl_id"": null, ""variant_sequence"": null}","673b5511-3446-5f04-953c-31bc9bd1cef7","{}"
"c2db9646-6053-52aa-b6f1-9d39f569c37f","chembl_assay","chembl_assay","chembl","bronze","87","CHEMBL1129307","CHEMBL1129307","143bd6194bf8fd8a834c61da1a2f9b1e15757b27e3a6e5a1a53b97207a891239","143bd6194bf8fd8a834c61da1a2f9b1e15757b27e3a6e5a1a53b97207a891239","143bd6194bf8fd8a834c61da1a2f9b1e15757b27e3a6e5a1a53b97207a891239","included","","","","","","","","","extract","2026-06-30T10:38:04.212506+00:00","{""aidx"": ""CLD0"", ""assay_category"": null, ""assay_cell_type"": ""CHO"", ""assay_chembl_id"": ""CHEMBL674988"", ""assay_classifications"": [], ""assay_group"": null, ""assay_organism"": ""Homo sapiens"", ""assay_parameters"": [], ""assay_strain"": null, ""assay_subcellular_fraction"": null, ""assay_tax_id"": 9606, ""assay_test_type"": null, ""assay_tissue"": null, ""assay_type"": ""B"", ""assay_type_description"": ""Binding"", ""bao_format"": ""BAO_0000219"", ""bao_label"": ""cell-based format"", ""cell_chembl_id"": ""CHEMBL3308072"", ""confidence_description"": ""Direct single protein target assigned"", ""confidence_score"": 9, ""description"": ""Displacement of [3H]spiperone from human Dopamine receptor D3 expressed in CHO cells"", ""document_chembl_id"": ""CHEMBL1129307"", ""relationship_description"": ""Direct protein target assigned"", ""relationship_type"": ""D"", ""src_assay_id"": null, ""src_id"": 1, ""target_chembl_id"": ""CHEMBL234"", ""tissue_chembl_id"": null, ""variant_sequence"": null}","{""aidx"": ""CLD0"", ""assay_category"": null, ""assay_cell_type"": ""CHO"", ""assay_chembl_id"": ""CHEMBL674988"", ""assay_classifications"": [], ""assay_group"": null, ""assay_organism"": ""Homo sapiens"", ""assay_parameters"": [], ""assay_strain"": null, ""assay_subcellular_fraction"": null, ""assay_tax_id"": 9606, ""assay_test_type"": null, ""assay_tissue"": null, ""assay_type"": ""B"", ""assay_type_description"": ""Binding"", ""bao_format"": ""BAO_0000219"", ""bao_label"": ""cell-based format"", ""cell_chembl_id"": ""CHEMBL3308072"", ""confidence_description"": ""Direct single protein target assigned"", ""confidence_score"": 9, ""description"": ""Displacement of [3H]spiperone from human Dopamine receptor D3 expressed in CHO cells"", ""document_chembl_id"": ""CHEMBL1129307"", ""relationship_description"": ""Direct protein target assigned"", ""relationship_type"": ""D"", ""src_assay_id"": null, ""src_id"": 1, ""target_chembl_id"": ""CHEMBL234"", ""tissue_chembl_id"": null, ""variant_sequence"": null}","673b5511-3446-5f04-953c-31bc9bd1cef7","{}"
"c2db9646-6053-52aa-b6f1-9d39f569c37f","chembl_assay","chembl_assay","chembl","bronze","88","CHEMBL1145120","CHEMBL1145120","2ae59d7f6f96add6c06fdf56c0a42914bf99182e06325fb3b0b497fdace53e7c","2ae59d7f6f96add6c06fdf56c0a42914bf99182e06325fb3b0b497fdace53e7c","2ae59d7f6f96add6c06fdf56c0a42914bf99182e06325fb3b0b497fdace53e7c","included","","","","","","","","","extract","2026-06-30T10:38:04.212506+00:00","{""aidx"": ""CLD0"", ""assay_category"": null, ""assay_cell_type"": ""CHO"", ""assay_chembl_id"": ""CHEMBL675050"", ""assay_classifications"": [], ""assay_group"": null, ""assay_organism"": ""Homo sapiens"", ""assay_parameters"": [], ""assay_strain"": null, ""assay_subcellular_fraction"": null, ""assay_tax_id"": 9606, ""assay_test_type"": null, ""assay_tissue"": null, ""assay_type"": ""B"", ""assay_type_description"": ""Binding"", ""bao_format"": ""BAO_0000219"", ""bao_label"": ""cell-based format"", ""cell_chembl_id"": ""CHEMBL3308072"", ""confidence_description"": ""Direct single protein target assigned"", ""confidence_score"": 9, ""description"": ""Displacement of [125I]iodosulpiride from human Dopamine receptor D3 expressed in CHO cells"", ""document_chembl_id"": ""CHEMBL1145120"", ""relationship_description"": ""Direct protein target assigned"", ""relationship_type"": ""D"", ""src_assay_id"": null, ""src_id"": 1, ""target_chembl_id"": ""CHEMBL234"", ""tissue_chembl_id"": null, ""variant_sequence"": null}","{""aidx"": ""CLD0"", ""assay_category"": null, ""assay_cell_type"": ""CHO"", ""assay_chembl_id"": ""CHEMBL675050"", ""assay_classifications"": [], ""assay_group"": null, ""assay_organism"": ""Homo sapiens"", ""assay_parameters"": [], ""assay_strain"": null, ""assay_subcellular_fraction"": null, ""assay_tax_id"": 9606, ""assay_test_type"": null, ""assay_tissue"": null, ""assay_type"": ""B"", ""assay_type_description"": ""Binding"", ""bao_format"": ""BAO_0000219"", ""bao_label"": ""cell-based format"", ""cell_chembl_id"": ""CHEMBL3308072"", ""confidence_description"": ""Direct single protein target assigned"", ""confidence_score"": 9, ""description"": ""Displacement of [125I]iodosulpiride from human Dopamine receptor D3 expressed in CHO cells"", ""document_chembl_id"": ""CHEMBL1145120"", ""relationship_description"": ""Direct protein target assigned"", ""relationship_type"": ""D"", ""src_assay_id"": null, ""src_id"": 1, ""target_chembl_id"": ""CHEMBL234"", ""tissue_chembl_id"": null, ""variant_sequence"": null}","673b5511-3446-5f04-953c-31bc9bd1cef7","{}"
"c2db9646-6053-52aa-b6f1-9d39f569c37f","chembl_assay","chembl_assay","chembl","bronze","89","CHEMBL1131871","CHEMBL1131871","7c2dc01f3b39f12f324da42ca68b97a37d3f9a35a1a704a00fb68ac9d17a07ef","7c2dc01f3b39f12f324da42ca68b97a37d3f9a35a1a704a00fb68ac9d17a07ef","7c2dc01f3b39f12f324da42ca68b97a37d3f9a35a1a704a00fb68ac9d17a07ef","included","","","","","","","","","extract","2026-06-30T10:38:04.212506+00:00","{""aidx"": ""CLD0"", ""assay_category"": null, ""assay_cell_type"": ""CHO"", ""assay_chembl_id"": ""CHEMBL675054"", ""assay_classifications"": [], ""assay_group"": null, ""assay_organism"": ""Homo sapiens"", ""assay_parameters"": [], ""assay_strain"": null, ""assay_subcellular_fraction"": null, ""assay_tax_id"": 9606, ""assay_test_type"": null, ""assay_tissue"": null, ""assay_type"": ""B"", ""assay_type_description"": ""Binding"", ""bao_format"": ""BAO_0000219"", ""bao_label"": ""cell-based format"", ""cell_chembl_id"": ""CHEMBL3308072"", ""confidence_description"": ""Direct single protein target assigned"", ""confidence_score"": 9, ""description"": ""Displacement of [3H]spiperone from human Dopamine receptor D3 expressed in CHO cells"", ""document_chembl_id"": ""CHEMBL1131871"", ""relationship_description"": ""Direct protein target assigned"", ""relationship_type"": ""D"", ""src_assay_id"": null, ""src_id"": 1, ""target_chembl_id"": ""CHEMBL234"", ""tissue_chembl_id"": null, ""variant_sequence"": null}","{""aidx"": ""CLD0"", ""assay_category"": null, ""assay_cell_type"": ""CHO"", ""assay_chembl_id"": ""CHEMBL675054"", ""assay_classifications"": [], ""assay_group"": null, ""assay_organism"": ""Homo sapiens"", ""assay_parameters"": [], ""assay_strain"": null, ""assay_subcellular_fraction"": null, ""assay_tax_id"": 9606, ""assay_test_type"": null, ""assay_tissue"": null, ""assay_type"": ""B"", ""assay_type_description"": ""Binding"", ""bao_format"": ""BAO_0000219"", ""bao_label"": ""cell-based format"", ""cell_chembl_id"": ""CHEMBL3308072"", ""confidence_description"": ""Direct single protein target assigned"", ""confidence_score"": 9, ""description"": ""Displacement of [3H]spiperone from human Dopamine receptor D3 expressed in CHO cells"", ""document_chembl_id"": ""CHEMBL1131871"", ""relationship_description"": ""Direct protein target assigned"", ""relationship_type"": ""D"", ""src_assay_id"": null, ""src_id"": 1, ""target_chembl_id"": ""CHEMBL234"", ""tissue_chembl_id"": null, ""variant_sequence"": null}","673b5511-3446-5f04-953c-31bc9bd1cef7","{}"
"c2db9646-6053-52aa-b6f1-9d39f569c37f","chembl_assay","chembl_assay","chembl","bronze","90","CHEMBL1129215","CHEMBL1129215","3a61ac023f8cad120c1e96fca6e494a53e7da09fc1b109b76609a14a18448122","3a61ac023f8cad120c1e96fca6e494a53e7da09fc1b109b76609a14a18448122","3a61ac023f8cad120c1e96fca6e494a53e7da09fc1b109b76609a14a18448122","included","","","","","","","","","extract","2026-06-30T10:38:04.212506+00:00","{""aidx"": ""CLD0"", ""assay_category"": null, ""assay_cell_type"": ""CHO"", ""assay_chembl_id"": ""CHEMBL675189"", ""assay_classifications"": [], ""assay_group"": null, ""assay_organism"": ""Homo sapiens"", ""assay_parameters"": [], ""assay_strain"": null, ""assay_subcellular_fraction"": null, ""assay_tax_id"": 9606, ""assay_test_type"": null, ""assay_tissue"": null, ""assay_type"": ""B"", ""assay_type_description"": ""Binding"", ""bao_format"": ""BAO_0000219"", ""bao_label"": ""cell-based format"", ""cell_chembl_id"": ""CHEMBL3308072"", ""confidence_description"": ""Direct single protein target assigned"", ""confidence_score"": 9, ""description"": ""Tested in vitro for the inhibition of [3H]spiperone binding to Dopamine receptor D4, expressed in cloned CHO cells"", ""document_chembl_id"": ""CHEMBL1129215"", ""relationship_description"": ""Direct protein target assigned"", ""relationship_type"": ""D"", ""src_assay_id"": null, ""src_id"": 1, ""target_chembl_id"": ""CHEMBL219"", ""tissue_chembl_id"": null, ""variant_sequence"": null}","{""aidx"": ""CLD0"", ""assay_category"": null, ""assay_cell_type"": ""CHO"", ""assay_chembl_id"": ""CHEMBL675189"", ""assay_classifications"": [], ""assay_group"": null, ""assay_organism"": ""Homo sapiens"", ""assay_parameters"": [], ""assay_strain"": null, ""assay_subcellular_fraction"": null, ""assay_tax_id"": 9606, ""assay_test_type"": null, ""assay_tissue"": null, ""assay_type"": ""B"", ""assay_type_description"": ""Binding"", ""bao_format"": ""BAO_0000219"", ""bao_label"": ""cell-based format"", ""cell_chembl_id"": ""CHEMBL3308072"", ""confidence_description"": ""Direct single protein target assigned"", ""confidence_score"": 9, ""description"": ""Tested in vitro for the inhibition of [3H]spiperone binding to Dopamine receptor D4, expressed in cloned CHO cells"", ""document_chembl_id"": ""CHEMBL1129215"", ""relationship_description"": ""Direct protein target assigned"", ""relationship_type"": ""D"", ""src_assay_id"": null, ""src_id"": 1, ""target_chembl_id"": ""CHEMBL219"", ""tissue_chembl_id"": null, ""variant_sequence"": null}","673b5511-3446-5f04-953c-31bc9bd1cef7","{}"
"c2db9646-6053-52aa-b6f1-9d39f569c37f","chembl_assay","chembl_assay","chembl","bronze","91","CHEMBL1134812","CHEMBL1134812","6e08a425128aa767d39a00b191f4c1d7cd7490463f883edd08fb1eaec6054455","6e08a425128aa767d39a00b191f4c1d7cd7490463f883edd08fb1eaec6054455","6e08a425128aa767d39a00b191f4c1d7cd7490463f883edd08fb1eaec6054455","included","","","","","","","","","extract","2026-06-30T10:38:04.212506+00:00","{""aidx"": ""CLD0"", ""assay_category"": null, ""assay_cell_type"": ""CHO"", ""assay_chembl_id"": ""CHEMBL675221"", ""assay_classifications"": [], ""assay_group"": null, ""assay_organism"": ""Homo sapiens"", ""assay_parameters"": [], ""assay_strain"": null, ""assay_subcellular_fraction"": null, ""assay_tax_id"": 9606, ""assay_test_type"": null, ""assay_tissue"": null, ""assay_type"": ""B"", ""assay_type_description"": ""Binding"", ""bao_format"": ""BAO_0000219"", ""bao_label"": ""cell-based format"", ""cell_chembl_id"": ""CHEMBL3308072"", ""confidence_description"": ""Direct single protein target assigned"", ""confidence_score"": 9, ""description"": ""Displacement of [3H]spiperone from human Dopamine receptor D3 expressed in CHO cells"", ""document_chembl_id"": ""CHEMBL1134812"", ""relationship_description"": ""Direct protein target assigned"", ""relationship_type"": ""D"", ""src_assay_id"": null, ""src_id"": 1, ""target_chembl_id"": ""CHEMBL234"", ""tissue_chembl_id"": null, ""variant_sequence"": null}","{""aidx"": ""CLD0"", ""assay_category"": null, ""assay_cell_type"": ""CHO"", ""assay_chembl_id"": ""CHEMBL675221"", ""assay_classifications"": [], ""assay_group"": null, ""assay_organism"": ""Homo sapiens"", ""assay_parameters"": [], ""assay_strain"": null, ""assay_subcellular_fraction"": null, ""assay_tax_id"": 9606, ""assay_test_type"": null, ""assay_tissue"": null, ""assay_type"": ""B"", ""assay_type_description"": ""Binding"", ""bao_format"": ""BAO_0000219"", ""bao_label"": ""cell-based format"", ""cell_chembl_id"": ""CHEMBL3308072"", ""confidence_description"": ""Direct single protein target assigned"", ""confidence_score"": 9, ""description"": ""Displacement of [3H]spiperone from human Dopamine receptor D3 expressed in CHO cells"", ""document_chembl_id"": ""CHEMBL1134812"", ""relationship_description"": ""Direct protein target assigned"", ""relationship_type"": ""D"", ""src_assay_id"": null, ""src_id"": 1, ""target_chembl_id"": ""CHEMBL234"", ""tissue_chembl_id"": null, ""variant_sequence"": null}","673b5511-3446-5f04-953c-31bc9bd1cef7","{}"
"c2db9646-6053-52aa-b6f1-9d39f569c37f","chembl_assay","chembl_assay","chembl","bronze","92","CHEMBL1130009","CHEMBL1130009","b9deca7e8d119cfd116b1274e4ec889abd937d76f37bf8a9595134d47968dfb4","b9deca7e8d119cfd116b1274e4ec889abd937d76f37bf8a9595134d47968dfb4","b9deca7e8d119cfd116b1274e4ec889abd937d76f37bf8a9595134d47968dfb4","included","","","","","","","","","extract","2026-06-30T10:38:04.212506+00:00","{""aidx"": ""CLD0"", ""assay_category"": null, ""assay_cell_type"": ""CHO"", ""assay_chembl_id"": ""CHEMBL675668"", ""assay_classifications"": [], ""assay_group"": null, ""assay_organism"": ""Homo sapiens"", ""assay_parameters"": [], ""assay_strain"": null, ""assay_subcellular_fraction"": null, ""assay_tax_id"": 9606, ""assay_test_type"": null, ""assay_tissue"": null, ""assay_type"": ""B"", ""assay_type_description"": ""Binding"", ""bao_format"": ""BAO_0000219"", ""bao_label"": ""cell-based format"", ""cell_chembl_id"": ""CHEMBL3308072"", ""confidence_description"": ""Direct single protein target assigned"", ""confidence_score"": 9, ""description"": ""Binding affinity on human Dopamine receptor D3 expressed in CHO cells using radioligand [3H]-YM 09151"", ""document_chembl_id"": ""CHEMBL1130009"", ""relationship_description"": ""Direct protein target assigned"", ""relationship_type"": ""D"", ""src_assay_id"": null, ""src_id"": 1, ""target_chembl_id"": ""CHEMBL234"", ""tissue_chembl_id"": null, ""variant_sequence"": null}","{""aidx"": ""CLD0"", ""assay_category"": null, ""assay_cell_type"": ""CHO"", ""assay_chembl_id"": ""CHEMBL675668"", ""assay_classifications"": [], ""assay_group"": null, ""assay_organism"": ""Homo sapiens"", ""assay_parameters"": [], ""assay_strain"": null, ""assay_subcellular_fraction"": null, ""assay_tax_id"": 9606, ""assay_test_type"": null, ""assay_tissue"": null, ""assay_type"": ""B"", ""assay_type_description"": ""Binding"", ""bao_format"": ""BAO_0000219"", ""bao_label"": ""cell-based format"", ""cell_chembl_id"": ""CHEMBL3308072"", ""confidence_description"": ""Direct single protein target assigned"", ""confidence_score"": 9, ""description"": ""Binding affinity on human Dopamine receptor D3 expressed in CHO cells using radioligand [3H]-YM 09151"", ""document_chembl_id"": ""CHEMBL1130009"", ""relationship_description"": ""Direct protein target assigned"", ""relationship_type"": ""D"", ""src_assay_id"": null, ""src_id"": 1, ""target_chembl_id"": ""CHEMBL234"", ""tissue_chembl_id"": null, ""variant_sequence"": null}","673b5511-3446-5f04-953c-31bc9bd1cef7","{}"
"c2db9646-6053-52aa-b6f1-9d39f569c37f","chembl_assay","chembl_assay","chembl","bronze","93","CHEMBL1131363","CHEMBL1131363","1e4e0966013870dc8e0eaff372b18521df1372f1721488452323705394803f53","1e4e0966013870dc8e0eaff372b18521df1372f1721488452323705394803f53","1e4e0966013870dc8e0eaff372b18521df1372f1721488452323705394803f53","included","","","","","","","","","extract","2026-06-30T10:38:04.212506+00:00","{""aidx"": ""CLD0"", ""assay_category"": null, ""assay_cell_type"": ""CHO"", ""assay_chembl_id"": ""CHEMBL675669"", ""assay_classifications"": [], ""assay_group"": null, ""assay_organism"": ""Homo sapiens"", ""assay_parameters"": [], ""assay_strain"": null, ""assay_subcellular_fraction"": null, ""assay_tax_id"": 9606, ""assay_test_type"": null, ""assay_tissue"": null, ""assay_type"": ""B"", ""assay_type_description"": ""Binding"", ""bao_format"": ""BAO_0000219"", ""bao_label"": ""cell-based format"", ""cell_chembl_id"": ""CHEMBL3308072"", ""confidence_description"": ""Direct single protein target assigned"", ""confidence_score"": 9, ""description"": ""Displacement of [3H]spiperone from human Dopamine receptor D3 expressed in CHO cells"", ""document_chembl_id"": ""CHEMBL1131363"", ""relationship_description"": ""Direct protein target assigned"", ""relationship_type"": ""D"", ""src_assay_id"": null, ""src_id"": 1, ""target_chembl_id"": ""CHEMBL234"", ""tissue_chembl_id"": null, ""variant_sequence"": null}","{""aidx"": ""CLD0"", ""assay_category"": null, ""assay_cell_type"": ""CHO"", ""assay_chembl_id"": ""CHEMBL675669"", ""assay_classifications"": [], ""assay_group"": null, ""assay_organism"": ""Homo sapiens"", ""assay_parameters"": [], ""assay_strain"": null, ""assay_subcellular_fraction"": null, ""assay_tax_id"": 9606, ""assay_test_type"": null, ""assay_tissue"": null, ""assay_type"": ""B"", ""assay_type_description"": ""Binding"", ""bao_format"": ""BAO_0000219"", ""bao_label"": ""cell-based format"", ""cell_chembl_id"": ""CHEMBL3308072"", ""confidence_description"": ""Direct single protein target assigned"", ""confidence_score"": 9, ""description"": ""Displacement of [3H]spiperone from human Dopamine receptor D3 expressed in CHO cells"", ""document_chembl_id"": ""CHEMBL1131363"", ""relationship_description"": ""Direct protein target assigned"", ""relationship_type"": ""D"", ""src_assay_id"": null, ""src_id"": 1, ""target_chembl_id"": ""CHEMBL234"", ""tissue_chembl_id"": null, ""variant_sequence"": null}","673b5511-3446-5f04-953c-31bc9bd1cef7","{}"
"c2db9646-6053-52aa-b6f1-9d39f569c37f","chembl_assay","chembl_assay","chembl","bronze","94","CHEMBL1133533","CHEMBL1133533","e8281d4ce4dc039034c2c44aa16db273a859e308928fedbf980ff5b5c7ceb8be","e8281d4ce4dc039034c2c44aa16db273a859e308928fedbf980ff5b5c7ceb8be","e8281d4ce4dc039034c2c44aa16db273a859e308928fedbf980ff5b5c7ceb8be","included","","","","","","","","","extract","2026-06-30T10:38:04.212506+00:00","{""aidx"": ""CLD0"", ""assay_category"": null, ""assay_cell_type"": ""CHO"", ""assay_chembl_id"": ""CHEMBL675671"", ""assay_classifications"": [], ""assay_group"": null, ""assay_organism"": ""Homo sapiens"", ""assay_parameters"": [], ""assay_strain"": null, ""assay_subcellular_fraction"": null, ""assay_tax_id"": 9606, ""assay_test_type"": null, ""assay_tissue"": null, ""assay_type"": ""B"", ""assay_type_description"": ""Binding"", ""bao_format"": ""BAO_0000219"", ""bao_label"": ""cell-based format"", ""cell_chembl_id"": ""CHEMBL3308072"", ""confidence_description"": ""Direct single protein target assigned"", ""confidence_score"": 9, ""description"": ""Displacement of [3H]spiperone from human Dopamine receptor D3 expressed in CHO cells"", ""document_chembl_id"": ""CHEMBL1133533"", ""relationship_description"": ""Direct protein target assigned"", ""relationship_type"": ""D"", ""src_assay_id"": null, ""src_id"": 1, ""target_chembl_id"": ""CHEMBL234"", ""tissue_chembl_id"": null, ""variant_sequence"": null}","{""aidx"": ""CLD0"", ""assay_category"": null, ""assay_cell_type"": ""CHO"", ""assay_chembl_id"": ""CHEMBL675671"", ""assay_classifications"": [], ""assay_group"": null, ""assay_organism"": ""Homo sapiens"", ""assay_parameters"": [], ""assay_strain"": null, ""assay_subcellular_fraction"": null, ""assay_tax_id"": 9606, ""assay_test_type"": null, ""assay_tissue"": null, ""assay_type"": ""B"", ""assay_type_description"": ""Binding"", ""bao_format"": ""BAO_0000219"", ""bao_label"": ""cell-based format"", ""cell_chembl_id"": ""CHEMBL3308072"", ""confidence_description"": ""Direct single protein target assigned"", ""confidence_score"": 9, ""description"": ""Displacement of [3H]spiperone from human Dopamine receptor D3 expressed in CHO cells"", ""document_chembl_id"": ""CHEMBL1133533"", ""relationship_description"": ""Direct protein target assigned"", ""relationship_type"": ""D"", ""src_assay_id"": null, ""src_id"": 1, ""target_chembl_id"": ""CHEMBL234"", ""tissue_chembl_id"": null, ""variant_sequence"": null}","673b5511-3446-5f04-953c-31bc9bd1cef7","{}"
"c2db9646-6053-52aa-b6f1-9d39f569c37f","chembl_assay","chembl_assay","chembl","bronze","95","CHEMBL1129306","CHEMBL1129306","e4a88498a9c1e9e4d37bdf23c2f958d20ec3c9a1e788b2a19694421308390e63","e4a88498a9c1e9e4d37bdf23c2f958d20ec3c9a1e788b2a19694421308390e63","e4a88498a9c1e9e4d37bdf23c2f958d20ec3c9a1e788b2a19694421308390e63","included","","","","","","","","","extract","2026-06-30T10:38:04.212506+00:00","{""aidx"": ""CLD0"", ""assay_category"": null, ""assay_cell_type"": ""CHO"", ""assay_chembl_id"": ""CHEMBL675896"", ""assay_classifications"": [], ""assay_group"": null, ""assay_organism"": ""Homo sapiens"", ""assay_parameters"": [], ""assay_strain"": null, ""assay_subcellular_fraction"": null, ""assay_tax_id"": 9606, ""assay_test_type"": null, ""assay_tissue"": null, ""assay_type"": ""B"", ""assay_type_description"": ""Binding"", ""bao_format"": ""BAO_0000219"", ""bao_label"": ""cell-based format"", ""cell_chembl_id"": ""CHEMBL3308072"", ""confidence_description"": ""Direct single protein target assigned"", ""confidence_score"": 9, ""description"": ""Binding affinity towards cloned human Dopamine receptor D3 stably expressed in CHO cells was evaluated using [3H]spiperone as radioligand"", ""document_chembl_id"": ""CHEMBL1129306"", ""relationship_description"": ""Direct protein target assigned"", ""relationship_type"": ""D"", ""src_assay_id"": null, ""src_id"": 1, ""target_chembl_id"": ""CHEMBL234"", ""tissue_chembl_id"": null, ""variant_sequence"": null}","{""aidx"": ""CLD0"", ""assay_category"": null, ""assay_cell_type"": ""CHO"", ""assay_chembl_id"": ""CHEMBL675896"", ""assay_classifications"": [], ""assay_group"": null, ""assay_organism"": ""Homo sapiens"", ""assay_parameters"": [], ""assay_strain"": null, ""assay_subcellular_fraction"": null, ""assay_tax_id"": 9606, ""assay_test_type"": null, ""assay_tissue"": null, ""assay_type"": ""B"", ""assay_type_description"": ""Binding"", ""bao_format"": ""BAO_0000219"", ""bao_label"": ""cell-based format"", ""cell_chembl_id"": ""CHEMBL3308072"", ""confidence_description"": ""Direct single protein target assigned"", ""confidence_score"": 9, ""description"": ""Binding affinity towards cloned human Dopamine receptor D3 stably expressed in CHO cells was evaluated using [3H]spiperone as radioligand"", ""document_chembl_id"": ""CHEMBL1129306"", ""relationship_description"": ""Direct protein target assigned"", ""relationship_type"": ""D"", ""src_assay_id"": null, ""src_id"": 1, ""target_chembl_id"": ""CHEMBL234"", ""tissue_chembl_id"": null, ""variant_sequence"": null}","673b5511-3446-5f04-953c-31bc9bd1cef7","{}"
"c2db9646-6053-52aa-b6f1-9d39f569c37f","chembl_assay","chembl_assay","chembl","bronze","96","CHEMBL1130009","CHEMBL1130009","756892fc580479df4896a1a5327f3f8c16cacc41949548d2ade826325125a75c","756892fc580479df4896a1a5327f3f8c16cacc41949548d2ade826325125a75c","756892fc580479df4896a1a5327f3f8c16cacc41949548d2ade826325125a75c","included","","","","","","","","","extract","2026-06-30T10:38:04.212506+00:00","{""aidx"": ""CLD0"", ""assay_category"": null, ""assay_cell_type"": ""CHO"", ""assay_chembl_id"": ""CHEMBL675943"", ""assay_classifications"": [], ""assay_group"": null, ""assay_organism"": ""Homo sapiens"", ""assay_parameters"": [], ""assay_strain"": null, ""assay_subcellular_fraction"": null, ""assay_tax_id"": 9606, ""assay_test_type"": null, ""assay_tissue"": null, ""assay_type"": ""B"", ""assay_type_description"": ""Binding"", ""bao_format"": ""BAO_0000219"", ""bao_label"": ""cell-based format"", ""cell_chembl_id"": ""CHEMBL3308072"", ""confidence_description"": ""Direct single protein target assigned"", ""confidence_score"": 9, ""description"": ""Binding affinity on human Dopamine receptor D4 expressed in CHO cells using radioligand [3H]-YM 09151"", ""document_chembl_id"": ""CHEMBL1130009"", ""relationship_description"": ""Direct protein target assigned"", ""relationship_type"": ""D"", ""src_assay_id"": null, ""src_id"": 1, ""target_chembl_id"": ""CHEMBL219"", ""tissue_chembl_id"": null, ""variant_sequence"": null}","{""aidx"": ""CLD0"", ""assay_category"": null, ""assay_cell_type"": ""CHO"", ""assay_chembl_id"": ""CHEMBL675943"", ""assay_classifications"": [], ""assay_group"": null, ""assay_organism"": ""Homo sapiens"", ""assay_parameters"": [], ""assay_strain"": null, ""assay_subcellular_fraction"": null, ""assay_tax_id"": 9606, ""assay_test_type"": null, ""assay_tissue"": null, ""assay_type"": ""B"", ""assay_type_description"": ""Binding"", ""bao_format"": ""BAO_0000219"", ""bao_label"": ""cell-based format"", ""cell_chembl_id"": ""CHEMBL3308072"", ""confidence_description"": ""Direct single protein target assigned"", ""confidence_score"": 9, ""description"": ""Binding affinity on human Dopamine receptor D4 expressed in CHO cells using radioligand [3H]-YM 09151"", ""document_chembl_id"": ""CHEMBL1130009"", ""relationship_description"": ""Direct protein target assigned"", ""relationship_type"": ""D"", ""src_assay_id"": null, ""src_id"": 1, ""target_chembl_id"": ""CHEMBL219"", ""tissue_chembl_id"": null, ""variant_sequence"": null}","673b5511-3446-5f04-953c-31bc9bd1cef7","{}"
"c2db9646-6053-52aa-b6f1-9d39f569c37f","chembl_assay","chembl_assay","chembl","bronze","97","CHEMBL1152094","CHEMBL1152094","0c4e1fd2185514ba36d6469fed75726e205e022e3f5b978134e1b92bc233e3cd","0c4e1fd2185514ba36d6469fed75726e205e022e3f5b978134e1b92bc233e3cd","0c4e1fd2185514ba36d6469fed75726e205e022e3f5b978134e1b92bc233e3cd","included","","","","","","","","","extract","2026-06-30T10:38:04.212506+00:00","{""aidx"": ""CLD0"", ""assay_category"": null, ""assay_cell_type"": ""CHO"", ""assay_chembl_id"": ""CHEMBL677272"", ""assay_classifications"": [], ""assay_group"": null, ""assay_organism"": ""Homo sapiens"", ""assay_parameters"": [], ""assay_strain"": null, ""assay_subcellular_fraction"": null, ""assay_tax_id"": 9606, ""assay_test_type"": null, ""assay_tissue"": null, ""assay_type"": ""B"", ""assay_type_description"": ""Binding"", ""bao_format"": ""BAO_0000219"", ""bao_label"": ""cell-based format"", ""cell_chembl_id"": ""CHEMBL3308072"", ""confidence_description"": ""Direct single protein target assigned"", ""confidence_score"": 9, ""description"": ""Binding affinity in Chinese hamster ovary (CHO) cells stably transfected with human endothelin B (ETB) receptor"", ""document_chembl_id"": ""CHEMBL1152094"", ""relationship_description"": ""Direct protein target assigned"", ""relationship_type"": ""D"", ""src_assay_id"": null, ""src_id"": 1, ""target_chembl_id"": ""CHEMBL1785"", ""tissue_chembl_id"": null, ""variant_sequence"": null}","{""aidx"": ""CLD0"", ""assay_category"": null, ""assay_cell_type"": ""CHO"", ""assay_chembl_id"": ""CHEMBL677272"", ""assay_classifications"": [], ""assay_group"": null, ""assay_organism"": ""Homo sapiens"", ""assay_parameters"": [], ""assay_strain"": null, ""assay_subcellular_fraction"": null, ""assay_tax_id"": 9606, ""assay_test_type"": null, ""assay_tissue"": null, ""assay_type"": ""B"", ""assay_type_description"": ""Binding"", ""bao_format"": ""BAO_0000219"", ""bao_label"": ""cell-based format"", ""cell_chembl_id"": ""CHEMBL3308072"", ""confidence_description"": ""Direct single protein target assigned"", ""confidence_score"": 9, ""description"": ""Binding affinity in Chinese hamster ovary (CHO) cells stably transfected with human endothelin B (ETB) receptor"", ""document_chembl_id"": ""CHEMBL1152094"", ""relationship_description"": ""Direct protein target assigned"", ""relationship_type"": ""D"", ""src_assay_id"": null, ""src_id"": 1, ""target_chembl_id"": ""CHEMBL1785"", ""tissue_chembl_id"": null, ""variant_sequence"": null}","673b5511-3446-5f04-953c-31bc9bd1cef7","{}"
"c2db9646-6053-52aa-b6f1-9d39f569c37f","chembl_assay","chembl_assay","chembl","bronze","98","CHEMBL1145862","CHEMBL1145862","06f4de51dd60c9530829c7f8ea53e2b32bc45717cb963910a226c239db6786ef","06f4de51dd60c9530829c7f8ea53e2b32bc45717cb963910a226c239db6786ef","06f4de51dd60c9530829c7f8ea53e2b32bc45717cb963910a226c239db6786ef","included","","","","","","","","","extract","2026-06-30T10:38:04.212506+00:00","{""aidx"": ""CLD0"", ""assay_category"": null, ""assay_cell_type"": ""CHO"", ""assay_chembl_id"": ""CHEMBL677310"", ""assay_classifications"": [], ""assay_group"": null, ""assay_organism"": ""Homo sapiens"", ""assay_parameters"": [], ""assay_strain"": null, ""assay_subcellular_fraction"": null, ""assay_tax_id"": 9606, ""assay_test_type"": null, ""assay_tissue"": null, ""assay_type"": ""B"", ""assay_type_description"": ""Binding"", ""bao_format"": ""BAO_0000219"", ""bao_label"": ""cell-based format"", ""cell_chembl_id"": ""CHEMBL3308072"", ""confidence_description"": ""Direct single protein target assigned"", ""confidence_score"": 9, ""description"": ""Relative Binding Affinity for human estrogen receptor alpha expressed in CHO cells compared to Diethylstilbestrol (DES)"", ""document_chembl_id"": ""CHEMBL1145862"", ""relationship_description"": ""Direct protein target assigned"", ""relationship_type"": ""D"", ""src_assay_id"": null, ""src_id"": 1, ""target_chembl_id"": ""CHEMBL206"", ""tissue_chembl_id"": null, ""variant_sequence"": null}","{""aidx"": ""CLD0"", ""assay_category"": null, ""assay_cell_type"": ""CHO"", ""assay_chembl_id"": ""CHEMBL677310"", ""assay_classifications"": [], ""assay_group"": null, ""assay_organism"": ""Homo sapiens"", ""assay_parameters"": [], ""assay_strain"": null, ""assay_subcellular_fraction"": null, ""assay_tax_id"": 9606, ""assay_test_type"": null, ""assay_tissue"": null, ""assay_type"": ""B"", ""assay_type_description"": ""Binding"", ""bao_format"": ""BAO_0000219"", ""bao_label"": ""cell-based format"", ""cell_chembl_id"": ""CHEMBL3308072"", ""confidence_description"": ""Direct single protein target assigned"", ""confidence_score"": 9, ""description"": ""Relative Binding Affinity for human estrogen receptor alpha expressed in CHO cells compared to Diethylstilbestrol (DES)"", ""document_chembl_id"": ""CHEMBL1145862"", ""relationship_description"": ""Direct protein target assigned"", ""relationship_type"": ""D"", ""src_assay_id"": null, ""src_id"": 1, ""target_chembl_id"": ""CHEMBL206"", ""tissue_chembl_id"": null, ""variant_sequence"": null}","673b5511-3446-5f04-953c-31bc9bd1cef7","{}"
"c2db9646-6053-52aa-b6f1-9d39f569c37f","chembl_assay","chembl_assay","chembl","bronze","99","CHEMBL1145862","CHEMBL1145862","c9d3a2832212702bb75d53d4f7a97fe14d77c77ddd2d24ba0786098cef6e0e9f","c9d3a2832212702bb75d53d4f7a97fe14d77c77ddd2d24ba0786098cef6e0e9f","c9d3a2832212702bb75d53d4f7a97fe14d77c77ddd2d24ba0786098cef6e0e9f","included","","","","","","","","","extract","2026-06-30T10:38:04.212506+00:00","{""aidx"": ""CLD0"", ""assay_category"": null, ""assay_cell_type"": ""CHO"", ""assay_chembl_id"": ""CHEMBL677311"", ""assay_classifications"": [], ""assay_group"": null, ""assay_organism"": ""Homo sapiens"", ""assay_parameters"": [], ""assay_strain"": null, ""assay_subcellular_fraction"": null, ""assay_tax_id"": 9606, ""assay_test_type"": null, ""assay_tissue"": null, ""assay_type"": ""B"", ""assay_type_description"": ""Binding"", ""bao_format"": ""BAO_0000219"", ""bao_label"": ""cell-based format"", ""cell_chembl_id"": ""CHEMBL3308072"", ""confidence_description"": ""Direct single protein target assigned"", ""confidence_score"": 9, ""description"": ""Relative Binding Affinity for human estrogen receptor alpha expressed in CHO cells compared to Diethylstilbestrol Dimethyl Ether"", ""document_chembl_id"": ""CHEMBL1145862"", ""relationship_description"": ""Direct protein target assigned"", ""relationship_type"": ""D"", ""src_assay_id"": null, ""src_id"": 1, ""target_chembl_id"": ""CHEMBL206"", ""tissue_chembl_id"": null, ""variant_sequence"": null}","{""aidx"": ""CLD0"", ""assay_category"": null, ""assay_cell_type"": ""CHO"", ""assay_chembl_id"": ""CHEMBL677311"", ""assay_classifications"": [], ""assay_group"": null, ""assay_organism"": ""Homo sapiens"", ""assay_parameters"": [], ""assay_strain"": null, ""assay_subcellular_fraction"": null, ""assay_tax_id"": 9606, ""assay_test_type"": null, ""assay_tissue"": null, ""assay_type"": ""B"", ""assay_type_description"": ""Binding"", ""bao_format"": ""BAO_0000219"", ""bao_label"": ""cell-based format"", ""cell_chembl_id"": ""CHEMBL3308072"", ""confidence_description"": ""Direct single protein target assigned"", ""confidence_score"": 9, ""description"": ""Relative Binding Affinity for human estrogen receptor alpha expressed in CHO cells compared to Diethylstilbestrol Dimethyl Ether"", ""document_chembl_id"": ""CHEMBL1145862"", ""relationship_description"": ""Direct protein target assigned"", ""relationship_type"": ""D"", ""src_assay_id"": null, ""src_id"": 1, ""target_chembl_id"": ""CHEMBL206"", ""tissue_chembl_id"": null, ""variant_sequence"": null}","673b5511-3446-5f04-953c-31bc9bd1cef7","{}"
