"run_id","workflow_id","pipeline_id","provider_id","stage","record_index","source_record_id","primary_key","payload_hash","input_payload_hash","output_payload_hash","status","reason_code","reason_message","rule_id","rule_layer","failed_field","failed_value","expected_constraint","contract_version","action","created_at","raw_payload","normalized_payload"
"c2db9646-6053-52aa-b6f1-9d39f569c37f","chembl_assay","chembl_assay","chembl","gold","0","CHEMBL1130246","chembl:CHEMBL673451","f812b9138ed2e65a54dc8e3be946d684e5f56db88542e9d9da5b3c46662b8bfc","3f777fa9f6a31271280db74b0aa2a468725c810164a23142d7116ec58e2d4ae0","f812b9138ed2e65a54dc8e3be946d684e5f56db88542e9d9da5b3c46662b8bfc","included","","","","","","","","","include","2026-06-30T10:38:04.264497+00:00","{""aidx"": ""CLD0"", ""assay_category"": null, ""assay_cell_type"": ""A-431"", ""assay_chembl_id"": ""CHEMBL673451"", ""assay_classifications"": [], ""assay_group"": null, ""assay_organism"": ""Homo sapiens"", ""assay_parameters"": [], ""assay_strain"": null, ""assay_subcellular_fraction"": null, ""assay_tax_id"": 9606, ""assay_test_type"": null, ""assay_tissue"": null, ""assay_type"": ""B"", ""assay_type_description"": ""Binding"", ""bao_format"": ""BAO_0000219"", ""bao_label"": ""cell-based format"", ""cell_chembl_id"": ""CHEMBL3307523"", ""confidence_description"": ""Direct single protein target assigned"", ""confidence_score"": 9, ""description"": ""Inhibition of epidermal growth factor receptor (EGFR) autophosphorylation in A431 cells"", ""document_chembl_id"": ""CHEMBL1130246"", ""relationship_description"": ""Direct protein target assigned"", ""relationship_type"": ""D"", ""src_assay_id"": null, ""src_id"": 1, ""target_chembl_id"": ""CHEMBL203"", ""tissue_chembl_id"": null, ""variant_sequence"": null}","{""_dq_error"": false, ""_dq_warn"": false, ""_index"": 0, ""_ingestion_ts"": ""2026-06-30T10:37:34.714862+00:00"", ""_run_id"": ""c2db9646-6053-52aa-b6f1-9d39f569c37f"", ""_run_type"": ""backfill"", ""_source_batch_id"": ""673b5511-3446-5f04-953c-31bc9bd1cef7"", ""aidx"": ""CLD0"", ""assay_category"": null, ""assay_cell_type"": ""A-431"", ""assay_classifications"": null, ""assay_group"": null, ""assay_id"": ""CHEMBL673451"", ""assay_organism"": ""Homo sapiens"", ""assay_parameters"": null, ""assay_pref_name"": null, ""assay_strain"": null, ""assay_subcellular_fraction"": null, ""assay_subcellular_fraction_raw"": null, ""assay_taxonomy_id"": 9606, ""assay_test_type"": null, ""assay_tissue"": null, ""assay_type"": ""B"", ""assay_type_description"": ""Binding"", ""bao_format"": ""BAO_0000219"", ""bao_format_iri"": ""https://purl.obolibrary.org/obo/BAO_0000219"", ""bao_format_mapping_status"": ""mapped"", ""bao_label"": ""cell-based format"", ""bao_ontology_version"": ""2.8.18a"", ""cell_id"": ""CHEMBL3307523"", ""confidence_description"": ""Direct single protein target assigned"", ""confidence_score"": 9.0, ""content_hash"": ""f812b9138ed2e65a54dc8e3be946d684e5f56db88542e9d9da5b3c46662b8bfc"", ""description"": ""Inhibition of epidermal growth factor receptor (EGFR) autophosphorylation in A431 cells"", ""entity_id"": ""chembl:CHEMBL673451"", ""publication_id"": ""CHEMBL1130246"", ""relationship_description"": ""Direct protein target assigned"", ""relationship_type"": ""D"", ""score"": null, ""src_assay_id"": null, ""src_id"": 1, ""target_id"": ""CHEMBL203"", ""tissue_id"": null, ""variant_accession"": null, ""variant_isoform"": null, ""variant_mutation"": null, ""variant_organism"": null, ""variant_sequence"": null, ""variant_sequence_json"": null, ""variant_taxonomy_id"": null}"
"c2db9646-6053-52aa-b6f1-9d39f569c37f","chembl_assay","chembl_assay","chembl","gold","1","CHEMBL1130008","chembl:CHEMBL673783","200f26b86e32b90fcca762e004aff9e2facdb11c861fbe3e4ba89751d3988586","c60060a9e543d7e190f3010ef83432c7784076066743ff306eb977127d6a6272","200f26b86e32b90fcca762e004aff9e2facdb11c861fbe3e4ba89751d3988586","included","","","","","","","","","include","2026-06-30T10:38:04.265836+00:00","{""aidx"": ""CLD0"", ""assay_category"": null, ""assay_cell_type"": ""A-431"", ""assay_chembl_id"": ""CHEMBL673783"", ""assay_classifications"": [], ""assay_group"": null, ""assay_organism"": ""Homo sapiens"", ""assay_parameters"": [], ""assay_strain"": null, ""assay_subcellular_fraction"": null, ""assay_tax_id"": 9606, ""assay_test_type"": null, ""assay_tissue"": null, ""assay_type"": ""B"", ""assay_type_description"": ""Binding"", ""bao_format"": ""BAO_0000219"", ""bao_label"": ""cell-based format"", ""cell_chembl_id"": ""CHEMBL3307523"", ""confidence_description"": ""Direct single protein target assigned"", ""confidence_score"": 9, ""description"": ""Inhibition of erbB-1 receptor tyrosine kinase from A431 human epidermoid carcinoma cells"", ""document_chembl_id"": ""CHEMBL1130008"", ""relationship_description"": ""Direct protein target assigned"", ""relationship_type"": ""D"", ""src_assay_id"": null, ""src_id"": 1, ""target_chembl_id"": ""CHEMBL203"", ""tissue_chembl_id"": null, ""variant_sequence"": null}","{""_dq_error"": false, ""_dq_warn"": false, ""_index"": 1, ""_ingestion_ts"": ""2026-06-30T10:37:34.714862+00:00"", ""_run_id"": ""c2db9646-6053-52aa-b6f1-9d39f569c37f"", ""_run_type"": ""backfill"", ""_source_batch_id"": ""673b5511-3446-5f04-953c-31bc9bd1cef7"", ""aidx"": ""CLD0"", ""assay_category"": null, ""assay_cell_type"": ""A-431"", ""assay_classifications"": null, ""assay_group"": null, ""assay_id"": ""CHEMBL673783"", ""assay_organism"": ""Homo sapiens"", ""assay_parameters"": null, ""assay_pref_name"": null, ""assay_strain"": null, ""assay_subcellular_fraction"": null, ""assay_subcellular_fraction_raw"": null, ""assay_taxonomy_id"": 9606, ""assay_test_type"": null, ""assay_tissue"": null, ""assay_type"": ""B"", ""assay_type_description"": ""Binding"", ""bao_format"": ""BAO_0000219"", ""bao_format_iri"": ""https://purl.obolibrary.org/obo/BAO_0000219"", ""bao_format_mapping_status"": ""mapped"", ""bao_label"": ""cell-based format"", ""bao_ontology_version"": ""2.8.18a"", ""cell_id"": ""CHEMBL3307523"", ""confidence_description"": ""Direct single protein target assigned"", ""confidence_score"": 9.0, ""content_hash"": ""200f26b86e32b90fcca762e004aff9e2facdb11c861fbe3e4ba89751d3988586"", ""description"": ""Inhibition of erbB-1 receptor tyrosine kinase from A431 human epidermoid carcinoma cells"", ""entity_id"": ""chembl:CHEMBL673783"", ""publication_id"": ""CHEMBL1130008"", ""relationship_description"": ""Direct protein target assigned"", ""relationship_type"": ""D"", ""score"": null, ""src_assay_id"": null, ""src_id"": 1, ""target_id"": ""CHEMBL203"", ""tissue_id"": null, ""variant_accession"": null, ""variant_isoform"": null, ""variant_mutation"": null, ""variant_organism"": null, ""variant_sequence"": null, ""variant_sequence_json"": null, ""variant_taxonomy_id"": null}"
"c2db9646-6053-52aa-b6f1-9d39f569c37f","chembl_assay","chembl_assay","chembl","gold","2","CHEMBL1130008","chembl:CHEMBL673785","88fcf0a1a803ed3cb986bfca4fb0114dab662e49bae3c82d8ede24748aac4bfe","cad53b9e6ed507aa0e25b2f8e483252905b961eeebc941e6e77fed9784e0a385","88fcf0a1a803ed3cb986bfca4fb0114dab662e49bae3c82d8ede24748aac4bfe","included","","","","","","","","","include","2026-06-30T10:38:04.267556+00:00","{""aidx"": ""CLD0"", ""assay_category"": null, ""assay_cell_type"": ""A-431"", ""assay_chembl_id"": ""CHEMBL673785"", ""assay_classifications"": [], ""assay_group"": null, ""assay_organism"": ""Homo sapiens"", ""assay_parameters"": [], ""assay_strain"": null, ""assay_subcellular_fraction"": null, ""assay_tax_id"": 9606, ""assay_test_type"": null, ""assay_tissue"": null, ""assay_type"": ""B"", ""assay_type_description"": ""Binding"", ""bao_format"": ""BAO_0000219"", ""bao_label"": ""cell-based format"", ""cell_chembl_id"": ""CHEMBL3307523"", ""confidence_description"": ""Direct single protein target assigned"", ""confidence_score"": 9, ""description"": ""Rate constant for inactivation of erbB-1 receptor of A431 human epidermoid carcinoma cells"", ""document_chembl_id"": ""CHEMBL1130008"", ""relationship_description"": ""Direct protein target assigned"", ""relationship_type"": ""D"", ""src_assay_id"": null, ""src_id"": 1, ""target_chembl_id"": ""CHEMBL203"", ""tissue_chembl_id"": null, ""variant_sequence"": null}","{""_dq_error"": false, ""_dq_warn"": false, ""_index"": 2, ""_ingestion_ts"": ""2026-06-30T10:37:34.714862+00:00"", ""_run_id"": ""c2db9646-6053-52aa-b6f1-9d39f569c37f"", ""_run_type"": ""backfill"", ""_source_batch_id"": ""673b5511-3446-5f04-953c-31bc9bd1cef7"", ""aidx"": ""CLD0"", ""assay_category"": null, ""assay_cell_type"": ""A-431"", ""assay_classifications"": null, ""assay_group"": null, ""assay_id"": ""CHEMBL673785"", ""assay_organism"": ""Homo sapiens"", ""assay_parameters"": null, ""assay_pref_name"": null, ""assay_strain"": null, ""assay_subcellular_fraction"": null, ""assay_subcellular_fraction_raw"": null, ""assay_taxonomy_id"": 9606, ""assay_test_type"": null, ""assay_tissue"": null, ""assay_type"": ""B"", ""assay_type_description"": ""Binding"", ""bao_format"": ""BAO_0000219"", ""bao_format_iri"": ""https://purl.obolibrary.org/obo/BAO_0000219"", ""bao_format_mapping_status"": ""mapped"", ""bao_label"": ""cell-based format"", ""bao_ontology_version"": ""2.8.18a"", ""cell_id"": ""CHEMBL3307523"", ""confidence_description"": ""Direct single protein target assigned"", ""confidence_score"": 9.0, ""content_hash"": ""88fcf0a1a803ed3cb986bfca4fb0114dab662e49bae3c82d8ede24748aac4bfe"", ""description"": ""Rate constant for inactivation of erbB-1 receptor of A431 human epidermoid carcinoma cells"", ""entity_id"": ""chembl:CHEMBL673785"", ""publication_id"": ""CHEMBL1130008"", ""relationship_description"": ""Direct protein target assigned"", ""relationship_type"": ""D"", ""score"": null, ""src_assay_id"": null, ""src_id"": 1, ""target_id"": ""CHEMBL203"", ""tissue_id"": null, ""variant_accession"": null, ""variant_isoform"": null, ""variant_mutation"": null, ""variant_organism"": null, ""variant_sequence"": null, ""variant_sequence_json"": null, ""variant_taxonomy_id"": null}"
"c2db9646-6053-52aa-b6f1-9d39f569c37f","chembl_assay","chembl_assay","chembl","gold","3","CHEMBL1130008","chembl:CHEMBL673945","dc636c4166cbc88d3a50553cc5bd8b27cbb661b996f5a8c7148fef9505a9444b","f975f44f415d1753238242ad141e16b3955526459dffcd890d3537de441ecfc7","dc636c4166cbc88d3a50553cc5bd8b27cbb661b996f5a8c7148fef9505a9444b","included","","","","","","","","","include","2026-06-30T10:38:04.269633+00:00","{""aidx"": ""CLD0"", ""assay_category"": null, ""assay_cell_type"": ""A-431"", ""assay_chembl_id"": ""CHEMBL673945"", ""assay_classifications"": [], ""assay_group"": null, ""assay_organism"": ""Homo sapiens"", ""assay_parameters"": [], ""assay_strain"": null, ""assay_subcellular_fraction"": null, ""assay_tax_id"": 9606, ""assay_test_type"": null, ""assay_tissue"": null, ""assay_type"": ""B"", ""assay_type_description"": ""Binding"", ""bao_format"": ""BAO_0000219"", ""bao_label"": ""cell-based format"", ""cell_chembl_id"": ""CHEMBL3307523"", ""confidence_description"": ""Direct single protein target assigned"", ""confidence_score"": 9, ""description"": ""Rate constant for inactivation of erbB-1 receptor of A431 human epidermoid carcinoma cells"", ""document_chembl_id"": ""CHEMBL1130008"", ""relationship_description"": ""Direct protein target assigned"", ""relationship_type"": ""D"", ""src_assay_id"": null, ""src_id"": 1, ""target_chembl_id"": ""CHEMBL203"", ""tissue_chembl_id"": null, ""variant_sequence"": null}","{""_dq_error"": false, ""_dq_warn"": false, ""_index"": 3, ""_ingestion_ts"": ""2026-06-30T10:37:34.714862+00:00"", ""_run_id"": ""c2db9646-6053-52aa-b6f1-9d39f569c37f"", ""_run_type"": ""backfill"", ""_source_batch_id"": ""673b5511-3446-5f04-953c-31bc9bd1cef7"", ""aidx"": ""CLD0"", ""assay_category"": null, ""assay_cell_type"": ""A-431"", ""assay_classifications"": null, ""assay_group"": null, ""assay_id"": ""CHEMBL673945"", ""assay_organism"": ""Homo sapiens"", ""assay_parameters"": null, ""assay_pref_name"": null, ""assay_strain"": null, ""assay_subcellular_fraction"": null, ""assay_subcellular_fraction_raw"": null, ""assay_taxonomy_id"": 9606, ""assay_test_type"": null, ""assay_tissue"": null, ""assay_type"": ""B"", ""assay_type_description"": ""Binding"", ""bao_format"": ""BAO_0000219"", ""bao_format_iri"": ""https://purl.obolibrary.org/obo/BAO_0000219"", ""bao_format_mapping_status"": ""mapped"", ""bao_label"": ""cell-based format"", ""bao_ontology_version"": ""2.8.18a"", ""cell_id"": ""CHEMBL3307523"", ""confidence_description"": ""Direct single protein target assigned"", ""confidence_score"": 9.0, ""content_hash"": ""dc636c4166cbc88d3a50553cc5bd8b27cbb661b996f5a8c7148fef9505a9444b"", ""description"": ""Rate constant for inactivation of erbB-1 receptor of A431 human epidermoid carcinoma cells"", ""entity_id"": ""chembl:CHEMBL673945"", ""publication_id"": ""CHEMBL1130008"", ""relationship_description"": ""Direct protein target assigned"", ""relationship_type"": ""D"", ""score"": null, ""src_assay_id"": null, ""src_id"": 1, ""target_id"": ""CHEMBL203"", ""tissue_id"": null, ""variant_accession"": null, ""variant_isoform"": null, ""variant_mutation"": null, ""variant_organism"": null, ""variant_sequence"": null, ""variant_sequence_json"": null, ""variant_taxonomy_id"": null}"
"c2db9646-6053-52aa-b6f1-9d39f569c37f","chembl_assay","chembl_assay","chembl","gold","4","CHEMBL1130008","chembl:CHEMBL673946","1d1bb7433830e7e88bfe2a9352a0b52e129e87b377d8e9540e796b1a486be5ee","ef0c55ee412c572374a1e82966a0b776b480f43f9a86ec6a6b4b8009ddfa728f","1d1bb7433830e7e88bfe2a9352a0b52e129e87b377d8e9540e796b1a486be5ee","included","","","","","","","","","include","2026-06-30T10:38:04.271418+00:00","{""aidx"": ""CLD0"", ""assay_category"": null, ""assay_cell_type"": ""A-431"", ""assay_chembl_id"": ""CHEMBL673946"", ""assay_classifications"": [], ""assay_group"": null, ""assay_organism"": ""Homo sapiens"", ""assay_parameters"": [], ""assay_strain"": null, ""assay_subcellular_fraction"": null, ""assay_tax_id"": 9606, ""assay_test_type"": null, ""assay_tissue"": null, ""assay_type"": ""B"", ""assay_type_description"": ""Binding"", ""bao_format"": ""BAO_0000219"", ""bao_label"": ""cell-based format"", ""cell_chembl_id"": ""CHEMBL3307523"", ""confidence_description"": ""Direct single protein target assigned"", ""confidence_score"": 9, ""description"": ""Second order rate constant for inactivation of erbB-1 receptor of A431 human epidermoid carcinoma cells"", ""document_chembl_id"": ""CHEMBL1130008"", ""relationship_description"": ""Direct protein target assigned"", ""relationship_type"": ""D"", ""src_assay_id"": null, ""src_id"": 1, ""target_chembl_id"": ""CHEMBL203"", ""tissue_chembl_id"": null, ""variant_sequence"": null}","{""_dq_error"": false, ""_dq_warn"": false, ""_index"": 4, ""_ingestion_ts"": ""2026-06-30T10:37:34.714862+00:00"", ""_run_id"": ""c2db9646-6053-52aa-b6f1-9d39f569c37f"", ""_run_type"": ""backfill"", ""_source_batch_id"": ""673b5511-3446-5f04-953c-31bc9bd1cef7"", ""aidx"": ""CLD0"", ""assay_category"": null, ""assay_cell_type"": ""A-431"", ""assay_classifications"": null, ""assay_group"": null, ""assay_id"": ""CHEMBL673946"", ""assay_organism"": ""Homo sapiens"", ""assay_parameters"": null, ""assay_pref_name"": null, ""assay_strain"": null, ""assay_subcellular_fraction"": null, ""assay_subcellular_fraction_raw"": null, ""assay_taxonomy_id"": 9606, ""assay_test_type"": null, ""assay_tissue"": null, ""assay_type"": ""B"", ""assay_type_description"": ""Binding"", ""bao_format"": ""BAO_0000219"", ""bao_format_iri"": ""https://purl.obolibrary.org/obo/BAO_0000219"", ""bao_format_mapping_status"": ""mapped"", ""bao_label"": ""cell-based format"", ""bao_ontology_version"": ""2.8.18a"", ""cell_id"": ""CHEMBL3307523"", ""confidence_description"": ""Direct single protein target assigned"", ""confidence_score"": 9.0, ""content_hash"": ""1d1bb7433830e7e88bfe2a9352a0b52e129e87b377d8e9540e796b1a486be5ee"", ""description"": ""Second order rate constant for inactivation of erbB-1 receptor of A431 human epidermoid carcinoma cells"", ""entity_id"": ""chembl:CHEMBL673946"", ""publication_id"": ""CHEMBL1130008"", ""relationship_description"": ""Direct protein target assigned"", ""relationship_type"": ""D"", ""score"": null, ""src_assay_id"": null, ""src_id"": 1, ""target_id"": ""CHEMBL203"", ""tissue_id"": null, ""variant_accession"": null, ""variant_isoform"": null, ""variant_mutation"": null, ""variant_organism"": null, ""variant_sequence"": null, ""variant_sequence_json"": null, ""variant_taxonomy_id"": null}"
"c2db9646-6053-52aa-b6f1-9d39f569c37f","chembl_assay","chembl_assay","chembl","gold","5","CHEMBL1132213","chembl:CHEMBL674017","04ff2f6ded04d9e0a40288f5da687847e6c4300bf09581b351ca3c60e0bbfe82","8e262027e850c907889d9e424d541eb032dc94690856e8b719ea7d6c86be96e8","04ff2f6ded04d9e0a40288f5da687847e6c4300bf09581b351ca3c60e0bbfe82","included","","","","","","","","","include","2026-06-30T10:38:04.273155+00:00","{""aidx"": ""CLD0"", ""assay_category"": null, ""assay_cell_type"": ""A-431"", ""assay_chembl_id"": ""CHEMBL674017"", ""assay_classifications"": [], ""assay_group"": null, ""assay_organism"": ""Homo sapiens"", ""assay_parameters"": [], ""assay_strain"": null, ""assay_subcellular_fraction"": null, ""assay_tax_id"": 9606, ""assay_test_type"": null, ""assay_tissue"": null, ""assay_type"": ""B"", ""assay_type_description"": ""Binding"", ""bao_format"": ""BAO_0000219"", ""bao_label"": ""cell-based format"", ""cell_chembl_id"": ""CHEMBL3307523"", ""confidence_description"": ""Direct single protein target assigned"", ""confidence_score"": 9, ""description"": ""Inhibition of EGF-stimulated autophosphorylation of epidermal growth factor receptor (EGFR) in A431 cells"", ""document_chembl_id"": ""CHEMBL1132213"", ""relationship_description"": ""Direct protein target assigned"", ""relationship_type"": ""D"", ""src_assay_id"": null, ""src_id"": 1, ""target_chembl_id"": ""CHEMBL203"", ""tissue_chembl_id"": null, ""variant_sequence"": null}","{""_dq_error"": false, ""_dq_warn"": false, ""_index"": 5, ""_ingestion_ts"": ""2026-06-30T10:37:34.714862+00:00"", ""_run_id"": ""c2db9646-6053-52aa-b6f1-9d39f569c37f"", ""_run_type"": ""backfill"", ""_source_batch_id"": ""673b5511-3446-5f04-953c-31bc9bd1cef7"", ""aidx"": ""CLD0"", ""assay_category"": null, ""assay_cell_type"": ""A-431"", ""assay_classifications"": null, ""assay_group"": null, ""assay_id"": ""CHEMBL674017"", ""assay_organism"": ""Homo sapiens"", ""assay_parameters"": null, ""assay_pref_name"": null, ""assay_strain"": null, ""assay_subcellular_fraction"": null, ""assay_subcellular_fraction_raw"": null, ""assay_taxonomy_id"": 9606, ""assay_test_type"": null, ""assay_tissue"": null, ""assay_type"": ""B"", ""assay_type_description"": ""Binding"", ""bao_format"": ""BAO_0000219"", ""bao_format_iri"": ""https://purl.obolibrary.org/obo/BAO_0000219"", ""bao_format_mapping_status"": ""mapped"", ""bao_label"": ""cell-based format"", ""bao_ontology_version"": ""2.8.18a"", ""cell_id"": ""CHEMBL3307523"", ""confidence_description"": ""Direct single protein target assigned"", ""confidence_score"": 9.0, ""content_hash"": ""04ff2f6ded04d9e0a40288f5da687847e6c4300bf09581b351ca3c60e0bbfe82"", ""description"": ""Inhibition of EGF-stimulated autophosphorylation of epidermal growth factor receptor (EGFR) in A431 cells"", ""entity_id"": ""chembl:CHEMBL674017"", ""publication_id"": ""CHEMBL1132213"", ""relationship_description"": ""Direct protein target assigned"", ""relationship_type"": ""D"", ""score"": null, ""src_assay_id"": null, ""src_id"": 1, ""target_id"": ""CHEMBL203"", ""tissue_id"": null, ""variant_accession"": null, ""variant_isoform"": null, ""variant_mutation"": null, ""variant_organism"": null, ""variant_sequence"": null, ""variant_sequence_json"": null, ""variant_taxonomy_id"": null}"
"c2db9646-6053-52aa-b6f1-9d39f569c37f","chembl_assay","chembl_assay","chembl","gold","6","CHEMBL1129210","chembl:CHEMBL674572","5804a6249064575d22a69b1e2ddef954cb6872e3b2257a6330a33c3f79976bae","c7b20f2240a2fb7bb21a41b2ae35d7b2543f5f37473383db98cfb98dab30ab4c","5804a6249064575d22a69b1e2ddef954cb6872e3b2257a6330a33c3f79976bae","included","","","","","","","","","include","2026-06-30T10:38:04.274873+00:00","{""aidx"": ""CLD0"", ""assay_category"": null, ""assay_cell_type"": ""A-431"", ""assay_chembl_id"": ""CHEMBL674572"", ""assay_classifications"": [], ""assay_group"": null, ""assay_organism"": ""Homo sapiens"", ""assay_parameters"": [], ""assay_strain"": null, ""assay_subcellular_fraction"": null, ""assay_tax_id"": 9606, ""assay_test_type"": null, ""assay_tissue"": null, ""assay_type"": ""B"", ""assay_type_description"": ""Binding"", ""bao_format"": ""BAO_0000219"", ""bao_label"": ""cell-based format"", ""cell_chembl_id"": ""CHEMBL3307523"", ""confidence_description"": ""Direct single protein target assigned"", ""confidence_score"": 9, ""description"": ""Inhibition of Epidermal growth factor receptor from A431 vulval squamous carcinoma cells at >1 uM"", ""document_chembl_id"": ""CHEMBL1129210"", ""relationship_description"": ""Direct protein target assigned"", ""relationship_type"": ""D"", ""src_assay_id"": null, ""src_id"": 1, ""target_chembl_id"": ""CHEMBL203"", ""tissue_chembl_id"": null, ""variant_sequence"": null}","{""_dq_error"": false, ""_dq_warn"": false, ""_index"": 6, ""_ingestion_ts"": ""2026-06-30T10:37:34.714862+00:00"", ""_run_id"": ""c2db9646-6053-52aa-b6f1-9d39f569c37f"", ""_run_type"": ""backfill"", ""_source_batch_id"": ""673b5511-3446-5f04-953c-31bc9bd1cef7"", ""aidx"": ""CLD0"", ""assay_category"": null, ""assay_cell_type"": ""A-431"", ""assay_classifications"": null, ""assay_group"": null, ""assay_id"": ""CHEMBL674572"", ""assay_organism"": ""Homo sapiens"", ""assay_parameters"": null, ""assay_pref_name"": null, ""assay_strain"": null, ""assay_subcellular_fraction"": null, ""assay_subcellular_fraction_raw"": null, ""assay_taxonomy_id"": 9606, ""assay_test_type"": null, ""assay_tissue"": null, ""assay_type"": ""B"", ""assay_type_description"": ""Binding"", ""bao_format"": ""BAO_0000219"", ""bao_format_iri"": ""https://purl.obolibrary.org/obo/BAO_0000219"", ""bao_format_mapping_status"": ""mapped"", ""bao_label"": ""cell-based format"", ""bao_ontology_version"": ""2.8.18a"", ""cell_id"": ""CHEMBL3307523"", ""confidence_description"": ""Direct single protein target assigned"", ""confidence_score"": 9.0, ""content_hash"": ""5804a6249064575d22a69b1e2ddef954cb6872e3b2257a6330a33c3f79976bae"", ""description"": ""Inhibition of Epidermal growth factor receptor from A431 vulval squamous carcinoma cells at >1 uM"", ""entity_id"": ""chembl:CHEMBL674572"", ""publication_id"": ""CHEMBL1129210"", ""relationship_description"": ""Direct protein target assigned"", ""relationship_type"": ""D"", ""score"": null, ""src_assay_id"": null, ""src_id"": 1, ""target_id"": ""CHEMBL203"", ""tissue_id"": null, ""variant_accession"": null, ""variant_isoform"": null, ""variant_mutation"": null, ""variant_organism"": null, ""variant_sequence"": null, ""variant_sequence_json"": null, ""variant_taxonomy_id"": null}"
"c2db9646-6053-52aa-b6f1-9d39f569c37f","chembl_assay","chembl_assay","chembl","gold","7","CHEMBL1127530","chembl:CHEMBL675514","e8ee4f9442d5ab2fc5af2c4c19f4cb76683233d749f76afb13b836280e99a777","674b228e1a40bb7f85ad58241f4d01ba1b681bb29cb1476c01bd10948790d3cc","e8ee4f9442d5ab2fc5af2c4c19f4cb76683233d749f76afb13b836280e99a777","included","","","","","","","","","include","2026-06-30T10:38:04.276582+00:00","{""aidx"": ""CLD0"", ""assay_category"": null, ""assay_cell_type"": ""A-431"", ""assay_chembl_id"": ""CHEMBL675514"", ""assay_classifications"": [], ""assay_group"": null, ""assay_organism"": ""Homo sapiens"", ""assay_parameters"": [], ""assay_strain"": null, ""assay_subcellular_fraction"": null, ""assay_tax_id"": 9606, ""assay_test_type"": null, ""assay_tissue"": null, ""assay_type"": ""F"", ""assay_type_description"": ""Functional"", ""bao_format"": ""BAO_0000219"", ""bao_label"": ""cell-based format"", ""cell_chembl_id"": ""CHEMBL3307523"", ""confidence_description"": ""Direct single protein target assigned"", ""confidence_score"": 9, ""description"": ""Inhibition of epidermal growth factor (EGF) receptor from A431 cell membranes at 150 uM"", ""document_chembl_id"": ""CHEMBL1127530"", ""relationship_description"": ""Direct protein target assigned"", ""relationship_type"": ""D"", ""src_assay_id"": null, ""src_id"": 1, ""target_chembl_id"": ""CHEMBL203"", ""tissue_chembl_id"": null, ""variant_sequence"": null}","{""_dq_error"": false, ""_dq_warn"": false, ""_index"": 7, ""_ingestion_ts"": ""2026-06-30T10:37:34.714862+00:00"", ""_run_id"": ""c2db9646-6053-52aa-b6f1-9d39f569c37f"", ""_run_type"": ""backfill"", ""_source_batch_id"": ""673b5511-3446-5f04-953c-31bc9bd1cef7"", ""aidx"": ""CLD0"", ""assay_category"": null, ""assay_cell_type"": ""A-431"", ""assay_classifications"": null, ""assay_group"": null, ""assay_id"": ""CHEMBL675514"", ""assay_organism"": ""Homo sapiens"", ""assay_parameters"": null, ""assay_pref_name"": null, ""assay_strain"": null, ""assay_subcellular_fraction"": null, ""assay_subcellular_fraction_raw"": null, ""assay_taxonomy_id"": 9606, ""assay_test_type"": null, ""assay_tissue"": null, ""assay_type"": ""F"", ""assay_type_description"": ""Functional"", ""bao_format"": ""BAO_0000219"", ""bao_format_iri"": ""https://purl.obolibrary.org/obo/BAO_0000219"", ""bao_format_mapping_status"": ""mapped"", ""bao_label"": ""cell-based format"", ""bao_ontology_version"": ""2.8.18a"", ""cell_id"": ""CHEMBL3307523"", ""confidence_description"": ""Direct single protein target assigned"", ""confidence_score"": 9.0, ""content_hash"": ""e8ee4f9442d5ab2fc5af2c4c19f4cb76683233d749f76afb13b836280e99a777"", ""description"": ""Inhibition of epidermal growth factor (EGF) receptor from A431 cell membranes at 150 uM"", ""entity_id"": ""chembl:CHEMBL675514"", ""publication_id"": ""CHEMBL1127530"", ""relationship_description"": ""Direct protein target assigned"", ""relationship_type"": ""D"", ""score"": null, ""src_assay_id"": null, ""src_id"": 1, ""target_id"": ""CHEMBL203"", ""tissue_id"": null, ""variant_accession"": null, ""variant_isoform"": null, ""variant_mutation"": null, ""variant_organism"": null, ""variant_sequence"": null, ""variant_sequence_json"": null, ""variant_taxonomy_id"": null}"
"c2db9646-6053-52aa-b6f1-9d39f569c37f","chembl_assay","chembl_assay","chembl","gold","8","CHEMBL1127530","chembl:CHEMBL675515","26724ce4fa3341e106fa3c4004c83c45dbd5daad6644201af7b0d1224bbd0789","f3e1b0540810a892b27930367411354689896a3b6ca3c4dc8cbf41212d59dc4d","26724ce4fa3341e106fa3c4004c83c45dbd5daad6644201af7b0d1224bbd0789","included","","","","","","","","","include","2026-06-30T10:38:04.278288+00:00","{""aidx"": ""CLD0"", ""assay_category"": null, ""assay_cell_type"": ""A-431"", ""assay_chembl_id"": ""CHEMBL675515"", ""assay_classifications"": [], ""assay_group"": null, ""assay_organism"": ""Homo sapiens"", ""assay_parameters"": [], ""assay_strain"": null, ""assay_subcellular_fraction"": null, ""assay_tax_id"": 9606, ""assay_test_type"": null, ""assay_tissue"": null, ""assay_type"": ""F"", ""assay_type_description"": ""Functional"", ""bao_format"": ""BAO_0000219"", ""bao_label"": ""cell-based format"", ""cell_chembl_id"": ""CHEMBL3307523"", ""confidence_description"": ""Direct single protein target assigned"", ""confidence_score"": 9, ""description"": ""Inhibition of epidermal growth factor (EGF) receptor from A431 cell membranes at 150 uM"", ""document_chembl_id"": ""CHEMBL1127530"", ""relationship_description"": ""Direct protein target assigned"", ""relationship_type"": ""D"", ""src_assay_id"": null, ""src_id"": 1, ""target_chembl_id"": ""CHEMBL203"", ""tissue_chembl_id"": null, ""variant_sequence"": null}","{""_dq_error"": false, ""_dq_warn"": false, ""_index"": 8, ""_ingestion_ts"": ""2026-06-30T10:37:34.714862+00:00"", ""_run_id"": ""c2db9646-6053-52aa-b6f1-9d39f569c37f"", ""_run_type"": ""backfill"", ""_source_batch_id"": ""673b5511-3446-5f04-953c-31bc9bd1cef7"", ""aidx"": ""CLD0"", ""assay_category"": null, ""assay_cell_type"": ""A-431"", ""assay_classifications"": null, ""assay_group"": null, ""assay_id"": ""CHEMBL675515"", ""assay_organism"": ""Homo sapiens"", ""assay_parameters"": null, ""assay_pref_name"": null, ""assay_strain"": null, ""assay_subcellular_fraction"": null, ""assay_subcellular_fraction_raw"": null, ""assay_taxonomy_id"": 9606, ""assay_test_type"": null, ""assay_tissue"": null, ""assay_type"": ""F"", ""assay_type_description"": ""Functional"", ""bao_format"": ""BAO_0000219"", ""bao_format_iri"": ""https://purl.obolibrary.org/obo/BAO_0000219"", ""bao_format_mapping_status"": ""mapped"", ""bao_label"": ""cell-based format"", ""bao_ontology_version"": ""2.8.18a"", ""cell_id"": ""CHEMBL3307523"", ""confidence_description"": ""Direct single protein target assigned"", ""confidence_score"": 9.0, ""content_hash"": ""26724ce4fa3341e106fa3c4004c83c45dbd5daad6644201af7b0d1224bbd0789"", ""description"": ""Inhibition of epidermal growth factor (EGF) receptor from A431 cell membranes at 150 uM"", ""entity_id"": ""chembl:CHEMBL675515"", ""publication_id"": ""CHEMBL1127530"", ""relationship_description"": ""Direct protein target assigned"", ""relationship_type"": ""D"", ""score"": null, ""src_assay_id"": null, ""src_id"": 1, ""target_id"": ""CHEMBL203"", ""tissue_id"": null, ""variant_accession"": null, ""variant_isoform"": null, ""variant_mutation"": null, ""variant_organism"": null, ""variant_sequence"": null, ""variant_sequence_json"": null, ""variant_taxonomy_id"": null}"
"c2db9646-6053-52aa-b6f1-9d39f569c37f","chembl_assay","chembl_assay","chembl","gold","9","CHEMBL1125830","chembl:CHEMBL675520","9946ebc02f60122fa288cdc52efc8d436b9d18df421a30b24053204445b38d9f","4e3c56019bbc1bec85d1eb7b51131516560b5d74e9d89e06ed4370d3e3dc8e1b","9946ebc02f60122fa288cdc52efc8d436b9d18df421a30b24053204445b38d9f","included","","","","","","","","","include","2026-06-30T10:38:04.279987+00:00","{""aidx"": ""CLD0"", ""assay_category"": null, ""assay_cell_type"": ""A-431"", ""assay_chembl_id"": ""CHEMBL675520"", ""assay_classifications"": [], ""assay_group"": null, ""assay_organism"": ""Homo sapiens"", ""assay_parameters"": [], ""assay_strain"": null, ""assay_subcellular_fraction"": null, ""assay_tax_id"": 9606, ""assay_test_type"": null, ""assay_tissue"": null, ""assay_type"": ""B"", ""assay_type_description"": ""Binding"", ""bao_format"": ""BAO_0000219"", ""bao_label"": ""cell-based format"", ""cell_chembl_id"": ""CHEMBL3307523"", ""confidence_description"": ""Direct single protein target assigned"", ""confidence_score"": 9, ""description"": ""Inhibition of Epidermal growth factor receptor autophosphorylation in A431 cell membranes"", ""document_chembl_id"": ""CHEMBL1125830"", ""relationship_description"": ""Direct protein target assigned"", ""relationship_type"": ""D"", ""src_assay_id"": null, ""src_id"": 1, ""target_chembl_id"": ""CHEMBL203"", ""tissue_chembl_id"": null, ""variant_sequence"": null}","{""_dq_error"": false, ""_dq_warn"": false, ""_index"": 9, ""_ingestion_ts"": ""2026-06-30T10:37:34.714862+00:00"", ""_run_id"": ""c2db9646-6053-52aa-b6f1-9d39f569c37f"", ""_run_type"": ""backfill"", ""_source_batch_id"": ""673b5511-3446-5f04-953c-31bc9bd1cef7"", ""aidx"": ""CLD0"", ""assay_category"": null, ""assay_cell_type"": ""A-431"", ""assay_classifications"": null, ""assay_group"": null, ""assay_id"": ""CHEMBL675520"", ""assay_organism"": ""Homo sapiens"", ""assay_parameters"": null, ""assay_pref_name"": null, ""assay_strain"": null, ""assay_subcellular_fraction"": null, ""assay_subcellular_fraction_raw"": null, ""assay_taxonomy_id"": 9606, ""assay_test_type"": null, ""assay_tissue"": null, ""assay_type"": ""B"", ""assay_type_description"": ""Binding"", ""bao_format"": ""BAO_0000219"", ""bao_format_iri"": ""https://purl.obolibrary.org/obo/BAO_0000219"", ""bao_format_mapping_status"": ""mapped"", ""bao_label"": ""cell-based format"", ""bao_ontology_version"": ""2.8.18a"", ""cell_id"": ""CHEMBL3307523"", ""confidence_description"": ""Direct single protein target assigned"", ""confidence_score"": 9.0, ""content_hash"": ""9946ebc02f60122fa288cdc52efc8d436b9d18df421a30b24053204445b38d9f"", ""description"": ""Inhibition of Epidermal growth factor receptor autophosphorylation in A431 cell membranes"", ""entity_id"": ""chembl:CHEMBL675520"", ""publication_id"": ""CHEMBL1125830"", ""relationship_description"": ""Direct protein target assigned"", ""relationship_type"": ""D"", ""score"": null, ""src_assay_id"": null, ""src_id"": 1, ""target_id"": ""CHEMBL203"", ""tissue_id"": null, ""variant_accession"": null, ""variant_isoform"": null, ""variant_mutation"": null, ""variant_organism"": null, ""variant_sequence"": null, ""variant_sequence_json"": null, ""variant_taxonomy_id"": null}"
"c2db9646-6053-52aa-b6f1-9d39f569c37f","chembl_assay","chembl_assay","chembl","gold","10","CHEMBL1129564","chembl:CHEMBL676150","a89bbc20e063567066cff18a714785e9930e0a15edc16ae17ad983f543639e76","2085aaf40991a7faf42af4d73a3cd9e216cd76e044c08db572afff5abbf428fd","a89bbc20e063567066cff18a714785e9930e0a15edc16ae17ad983f543639e76","included","","","","","","","","","include","2026-06-30T10:38:04.281142+00:00","{""aidx"": ""CLD0"", ""assay_category"": null, ""assay_cell_type"": ""A-431"", ""assay_chembl_id"": ""CHEMBL676150"", ""assay_classifications"": [], ""assay_group"": null, ""assay_organism"": ""Homo sapiens"", ""assay_parameters"": [], ""assay_strain"": null, ""assay_subcellular_fraction"": null, ""assay_tax_id"": 9606, ""assay_test_type"": null, ""assay_tissue"": null, ""assay_type"": ""B"", ""assay_type_description"": ""Binding"", ""bao_format"": ""BAO_0000219"", ""bao_label"": ""cell-based format"", ""cell_chembl_id"": ""CHEMBL3307523"", ""confidence_description"": ""Direct single protein target assigned"", ""confidence_score"": 9, ""description"": ""Inhibition of Epidermal growth factor receptor from human A431 cell membranes"", ""document_chembl_id"": ""CHEMBL1129564"", ""relationship_description"": ""Direct protein target assigned"", ""relationship_type"": ""D"", ""src_assay_id"": null, ""src_id"": 1, ""target_chembl_id"": ""CHEMBL203"", ""tissue_chembl_id"": null, ""variant_sequence"": null}","{""_dq_error"": false, ""_dq_warn"": false, ""_index"": 10, ""_ingestion_ts"": ""2026-06-30T10:37:34.714862+00:00"", ""_run_id"": ""c2db9646-6053-52aa-b6f1-9d39f569c37f"", ""_run_type"": ""backfill"", ""_source_batch_id"": ""673b5511-3446-5f04-953c-31bc9bd1cef7"", ""aidx"": ""CLD0"", ""assay_category"": null, ""assay_cell_type"": ""A-431"", ""assay_classifications"": null, ""assay_group"": null, ""assay_id"": ""CHEMBL676150"", ""assay_organism"": ""Homo sapiens"", ""assay_parameters"": null, ""assay_pref_name"": null, ""assay_strain"": null, ""assay_subcellular_fraction"": null, ""assay_subcellular_fraction_raw"": null, ""assay_taxonomy_id"": 9606, ""assay_test_type"": null, ""assay_tissue"": null, ""assay_type"": ""B"", ""assay_type_description"": ""Binding"", ""bao_format"": ""BAO_0000219"", ""bao_format_iri"": ""https://purl.obolibrary.org/obo/BAO_0000219"", ""bao_format_mapping_status"": ""mapped"", ""bao_label"": ""cell-based format"", ""bao_ontology_version"": ""2.8.18a"", ""cell_id"": ""CHEMBL3307523"", ""confidence_description"": ""Direct single protein target assigned"", ""confidence_score"": 9.0, ""content_hash"": ""a89bbc20e063567066cff18a714785e9930e0a15edc16ae17ad983f543639e76"", ""description"": ""Inhibition of Epidermal growth factor receptor from human A431 cell membranes"", ""entity_id"": ""chembl:CHEMBL676150"", ""publication_id"": ""CHEMBL1129564"", ""relationship_description"": ""Direct protein target assigned"", ""relationship_type"": ""D"", ""score"": null, ""src_assay_id"": null, ""src_id"": 1, ""target_id"": ""CHEMBL203"", ""tissue_id"": null, ""variant_accession"": null, ""variant_isoform"": null, ""variant_mutation"": null, ""variant_organism"": null, ""variant_sequence"": null, ""variant_sequence_json"": null, ""variant_taxonomy_id"": null}"
"c2db9646-6053-52aa-b6f1-9d39f569c37f","chembl_assay","chembl_assay","chembl","gold","11","CHEMBL1152084","chembl:CHEMBL676157","d9dff6100acba75d5d5ab4744314672d594c42b76ebbe6e54c24bc89aa9fe089","eb8f81194e254819328cdb96ea11d2ee91cdf4c98d01402e80e01d8848a6f262","d9dff6100acba75d5d5ab4744314672d594c42b76ebbe6e54c24bc89aa9fe089","included","","","","","","","","","include","2026-06-30T10:38:04.282244+00:00","{""aidx"": ""CLD0"", ""assay_category"": null, ""assay_cell_type"": ""A-431"", ""assay_chembl_id"": ""CHEMBL676157"", ""assay_classifications"": [], ""assay_group"": null, ""assay_organism"": ""Homo sapiens"", ""assay_parameters"": [], ""assay_strain"": null, ""assay_subcellular_fraction"": null, ""assay_tax_id"": 9606, ""assay_test_type"": null, ""assay_tissue"": null, ""assay_type"": ""B"", ""assay_type_description"": ""Binding"", ""bao_format"": ""BAO_0000219"", ""bao_label"": ""cell-based format"", ""cell_chembl_id"": ""CHEMBL3307523"", ""confidence_description"": ""Direct single protein target assigned"", ""confidence_score"": 9, ""description"": ""Inhibition of epidermal growth factor receptor (EGF-R) in A431 cells."", ""document_chembl_id"": ""CHEMBL1152084"", ""relationship_description"": ""Direct protein target assigned"", ""relationship_type"": ""D"", ""src_assay_id"": null, ""src_id"": 1, ""target_chembl_id"": ""CHEMBL203"", ""tissue_chembl_id"": null, ""variant_sequence"": null}","{""_dq_error"": false, ""_dq_warn"": false, ""_index"": 11, ""_ingestion_ts"": ""2026-06-30T10:37:34.714862+00:00"", ""_run_id"": ""c2db9646-6053-52aa-b6f1-9d39f569c37f"", ""_run_type"": ""backfill"", ""_source_batch_id"": ""673b5511-3446-5f04-953c-31bc9bd1cef7"", ""aidx"": ""CLD0"", ""assay_category"": null, ""assay_cell_type"": ""A-431"", ""assay_classifications"": null, ""assay_group"": null, ""assay_id"": ""CHEMBL676157"", ""assay_organism"": ""Homo sapiens"", ""assay_parameters"": null, ""assay_pref_name"": null, ""assay_strain"": null, ""assay_subcellular_fraction"": null, ""assay_subcellular_fraction_raw"": null, ""assay_taxonomy_id"": 9606, ""assay_test_type"": null, ""assay_tissue"": null, ""assay_type"": ""B"", ""assay_type_description"": ""Binding"", ""bao_format"": ""BAO_0000219"", ""bao_format_iri"": ""https://purl.obolibrary.org/obo/BAO_0000219"", ""bao_format_mapping_status"": ""mapped"", ""bao_label"": ""cell-based format"", ""bao_ontology_version"": ""2.8.18a"", ""cell_id"": ""CHEMBL3307523"", ""confidence_description"": ""Direct single protein target assigned"", ""confidence_score"": 9.0, ""content_hash"": ""d9dff6100acba75d5d5ab4744314672d594c42b76ebbe6e54c24bc89aa9fe089"", ""description"": ""Inhibition of epidermal growth factor receptor (EGF-R) in A431 cells."", ""entity_id"": ""chembl:CHEMBL676157"", ""publication_id"": ""CHEMBL1152084"", ""relationship_description"": ""Direct protein target assigned"", ""relationship_type"": ""D"", ""score"": null, ""src_assay_id"": null, ""src_id"": 1, ""target_id"": ""CHEMBL203"", ""tissue_id"": null, ""variant_accession"": null, ""variant_isoform"": null, ""variant_mutation"": null, ""variant_organism"": null, ""variant_sequence"": null, ""variant_sequence_json"": null, ""variant_taxonomy_id"": null}"
"c2db9646-6053-52aa-b6f1-9d39f569c37f","chembl_assay","chembl_assay","chembl","gold","12","CHEMBL1128536","chembl:CHEMBL677205","a0cfbd77c205b995c9cde16bb006cb961d436e220b7c7579e51bfdf00c06807e","dda1c0f538814f3ef68e4db523babaf4b15e147f8803043266d7fab31276f05f","a0cfbd77c205b995c9cde16bb006cb961d436e220b7c7579e51bfdf00c06807e","included","","","","","","","","","include","2026-06-30T10:38:04.283377+00:00","{""aidx"": ""CLD0"", ""assay_category"": null, ""assay_cell_type"": ""A-431"", ""assay_chembl_id"": ""CHEMBL677205"", ""assay_classifications"": [], ""assay_group"": null, ""assay_organism"": ""Homo sapiens"", ""assay_parameters"": [], ""assay_strain"": null, ""assay_subcellular_fraction"": null, ""assay_tax_id"": 9606, ""assay_test_type"": null, ""assay_tissue"": null, ""assay_type"": ""B"", ""assay_type_description"": ""Binding"", ""bao_format"": ""BAO_0000219"", ""bao_label"": ""cell-based format"", ""cell_chembl_id"": ""CHEMBL3307523"", ""confidence_description"": ""Direct single protein target assigned"", ""confidence_score"": 9, ""description"": ""Inhibition of Epidermal growth factor receptor from A431 cells"", ""document_chembl_id"": ""CHEMBL1128536"", ""relationship_description"": ""Direct protein target assigned"", ""relationship_type"": ""D"", ""src_assay_id"": null, ""src_id"": 1, ""target_chembl_id"": ""CHEMBL203"", ""tissue_chembl_id"": null, ""variant_sequence"": null}","{""_dq_error"": false, ""_dq_warn"": false, ""_index"": 12, ""_ingestion_ts"": ""2026-06-30T10:37:34.714862+00:00"", ""_run_id"": ""c2db9646-6053-52aa-b6f1-9d39f569c37f"", ""_run_type"": ""backfill"", ""_source_batch_id"": ""673b5511-3446-5f04-953c-31bc9bd1cef7"", ""aidx"": ""CLD0"", ""assay_category"": null, ""assay_cell_type"": ""A-431"", ""assay_classifications"": null, ""assay_group"": null, ""assay_id"": ""CHEMBL677205"", ""assay_organism"": ""Homo sapiens"", ""assay_parameters"": null, ""assay_pref_name"": null, ""assay_strain"": null, ""assay_subcellular_fraction"": null, ""assay_subcellular_fraction_raw"": null, ""assay_taxonomy_id"": 9606, ""assay_test_type"": null, ""assay_tissue"": null, ""assay_type"": ""B"", ""assay_type_description"": ""Binding"", ""bao_format"": ""BAO_0000219"", ""bao_format_iri"": ""https://purl.obolibrary.org/obo/BAO_0000219"", ""bao_format_mapping_status"": ""mapped"", ""bao_label"": ""cell-based format"", ""bao_ontology_version"": ""2.8.18a"", ""cell_id"": ""CHEMBL3307523"", ""confidence_description"": ""Direct single protein target assigned"", ""confidence_score"": 9.0, ""content_hash"": ""a0cfbd77c205b995c9cde16bb006cb961d436e220b7c7579e51bfdf00c06807e"", ""description"": ""Inhibition of Epidermal growth factor receptor from A431 cells"", ""entity_id"": ""chembl:CHEMBL677205"", ""publication_id"": ""CHEMBL1128536"", ""relationship_description"": ""Direct protein target assigned"", ""relationship_type"": ""D"", ""score"": null, ""src_assay_id"": null, ""src_id"": 1, ""target_id"": ""CHEMBL203"", ""tissue_id"": null, ""variant_accession"": null, ""variant_isoform"": null, ""variant_mutation"": null, ""variant_organism"": null, ""variant_sequence"": null, ""variant_sequence_json"": null, ""variant_taxonomy_id"": null}"
"c2db9646-6053-52aa-b6f1-9d39f569c37f","chembl_assay","chembl_assay","chembl","gold","13","CHEMBL1159167","chembl:CHEMBL677211","7958d8dc50ff9192c97fc5571d454a0dc4ddb26b6d798b31ef648704c3db5e9a","23c701c20fe96f6c2c5b18f163d2fc99783b50b0c6200f235a9b78da1e801ba5","7958d8dc50ff9192c97fc5571d454a0dc4ddb26b6d798b31ef648704c3db5e9a","included","","","","","","","","","include","2026-06-30T10:38:04.284554+00:00","{""aidx"": ""CLD0"", ""assay_category"": null, ""assay_cell_type"": ""A-431"", ""assay_chembl_id"": ""CHEMBL677211"", ""assay_classifications"": [], ""assay_group"": null, ""assay_organism"": ""Homo sapiens"", ""assay_parameters"": [], ""assay_strain"": null, ""assay_subcellular_fraction"": null, ""assay_tax_id"": 9606, ""assay_test_type"": null, ""assay_tissue"": null, ""assay_type"": ""B"", ""assay_type_description"": ""Binding"", ""bao_format"": ""BAO_0000219"", ""bao_label"": ""cell-based format"", ""cell_chembl_id"": ""CHEMBL3307523"", ""confidence_description"": ""Direct single protein target assigned"", ""confidence_score"": 9, ""description"": ""Displacement of [gamma-32P]-ATP from Epidermal growth factor receptor in A431 cell-free extracts"", ""document_chembl_id"": ""CHEMBL1159167"", ""relationship_description"": ""Direct protein target assigned"", ""relationship_type"": ""D"", ""src_assay_id"": null, ""src_id"": 1, ""target_chembl_id"": ""CHEMBL203"", ""tissue_chembl_id"": null, ""variant_sequence"": null}","{""_dq_error"": false, ""_dq_warn"": false, ""_index"": 13, ""_ingestion_ts"": ""2026-06-30T10:37:34.714862+00:00"", ""_run_id"": ""c2db9646-6053-52aa-b6f1-9d39f569c37f"", ""_run_type"": ""backfill"", ""_source_batch_id"": ""673b5511-3446-5f04-953c-31bc9bd1cef7"", ""aidx"": ""CLD0"", ""assay_category"": null, ""assay_cell_type"": ""A-431"", ""assay_classifications"": null, ""assay_group"": null, ""assay_id"": ""CHEMBL677211"", ""assay_organism"": ""Homo sapiens"", ""assay_parameters"": null, ""assay_pref_name"": null, ""assay_strain"": null, ""assay_subcellular_fraction"": null, ""assay_subcellular_fraction_raw"": null, ""assay_taxonomy_id"": 9606, ""assay_test_type"": null, ""assay_tissue"": null, ""assay_type"": ""B"", ""assay_type_description"": ""Binding"", ""bao_format"": ""BAO_0000219"", ""bao_format_iri"": ""https://purl.obolibrary.org/obo/BAO_0000219"", ""bao_format_mapping_status"": ""mapped"", ""bao_label"": ""cell-based format"", ""bao_ontology_version"": ""2.8.18a"", ""cell_id"": ""CHEMBL3307523"", ""confidence_description"": ""Direct single protein target assigned"", ""confidence_score"": 9.0, ""content_hash"": ""7958d8dc50ff9192c97fc5571d454a0dc4ddb26b6d798b31ef648704c3db5e9a"", ""description"": ""Displacement of [gamma-32P]-ATP from Epidermal growth factor receptor in A431 cell-free extracts"", ""entity_id"": ""chembl:CHEMBL677211"", ""publication_id"": ""CHEMBL1159167"", ""relationship_description"": ""Direct protein target assigned"", ""relationship_type"": ""D"", ""score"": null, ""src_assay_id"": null, ""src_id"": 1, ""target_id"": ""CHEMBL203"", ""tissue_id"": null, ""variant_accession"": null, ""variant_isoform"": null, ""variant_mutation"": null, ""variant_organism"": null, ""variant_sequence"": null, ""variant_sequence_json"": null, ""variant_taxonomy_id"": null}"
"c2db9646-6053-52aa-b6f1-9d39f569c37f","chembl_assay","chembl_assay","chembl","gold","14","CHEMBL1134843","chembl:CHEMBL677213","1e94b86019486250a0d7705d33ccfbecc7fbd359e1fd0c77c66051ff725cb409","29144aca96805df53a4c33269b1074231258f789b4ada78056e2419a9b7077ae","1e94b86019486250a0d7705d33ccfbecc7fbd359e1fd0c77c66051ff725cb409","included","","","","","","","","","include","2026-06-30T10:38:04.285808+00:00","{""aidx"": ""CLD0"", ""assay_category"": null, ""assay_cell_type"": ""A-431"", ""assay_chembl_id"": ""CHEMBL677213"", ""assay_classifications"": [], ""assay_group"": null, ""assay_organism"": ""Homo sapiens"", ""assay_parameters"": [], ""assay_strain"": null, ""assay_subcellular_fraction"": null, ""assay_tax_id"": 9606, ""assay_test_type"": null, ""assay_tissue"": null, ""assay_type"": ""B"", ""assay_type_description"": ""Binding"", ""bao_format"": ""BAO_0000219"", ""bao_label"": ""cell-based format"", ""cell_chembl_id"": ""CHEMBL3307523"", ""confidence_description"": ""Direct single protein target assigned"", ""confidence_score"": 9, ""description"": ""Inhibition of EGF-stimulated autophosphorylation of EGFR in A431 cells"", ""document_chembl_id"": ""CHEMBL1134843"", ""relationship_description"": ""Direct protein target assigned"", ""relationship_type"": ""D"", ""src_assay_id"": null, ""src_id"": 1, ""target_chembl_id"": ""CHEMBL203"", ""tissue_chembl_id"": null, ""variant_sequence"": null}","{""_dq_error"": false, ""_dq_warn"": false, ""_index"": 14, ""_ingestion_ts"": ""2026-06-30T10:37:34.714862+00:00"", ""_run_id"": ""c2db9646-6053-52aa-b6f1-9d39f569c37f"", ""_run_type"": ""backfill"", ""_source_batch_id"": ""673b5511-3446-5f04-953c-31bc9bd1cef7"", ""aidx"": ""CLD0"", ""assay_category"": null, ""assay_cell_type"": ""A-431"", ""assay_classifications"": null, ""assay_group"": null, ""assay_id"": ""CHEMBL677213"", ""assay_organism"": ""Homo sapiens"", ""assay_parameters"": null, ""assay_pref_name"": null, ""assay_strain"": null, ""assay_subcellular_fraction"": null, ""assay_subcellular_fraction_raw"": null, ""assay_taxonomy_id"": 9606, ""assay_test_type"": null, ""assay_tissue"": null, ""assay_type"": ""B"", ""assay_type_description"": ""Binding"", ""bao_format"": ""BAO_0000219"", ""bao_format_iri"": ""https://purl.obolibrary.org/obo/BAO_0000219"", ""bao_format_mapping_status"": ""mapped"", ""bao_label"": ""cell-based format"", ""bao_ontology_version"": ""2.8.18a"", ""cell_id"": ""CHEMBL3307523"", ""confidence_description"": ""Direct single protein target assigned"", ""confidence_score"": 9.0, ""content_hash"": ""1e94b86019486250a0d7705d33ccfbecc7fbd359e1fd0c77c66051ff725cb409"", ""description"": ""Inhibition of EGF-stimulated autophosphorylation of EGFR in A431 cells"", ""entity_id"": ""chembl:CHEMBL677213"", ""publication_id"": ""CHEMBL1134843"", ""relationship_description"": ""Direct protein target assigned"", ""relationship_type"": ""D"", ""score"": null, ""src_assay_id"": null, ""src_id"": 1, ""target_id"": ""CHEMBL203"", ""tissue_id"": null, ""variant_accession"": null, ""variant_isoform"": null, ""variant_mutation"": null, ""variant_organism"": null, ""variant_sequence"": null, ""variant_sequence_json"": null, ""variant_taxonomy_id"": null}"
"c2db9646-6053-52aa-b6f1-9d39f569c37f","chembl_assay","chembl_assay","chembl","gold","15","CHEMBL1129564","chembl:CHEMBL677215","5b87c618dfd5da5ccd375c887e2180e7af3679e886b7a8160a4ccc9915d9b72a","871fe6eb898781121b87edc47b840ee994b3f4c21d0c08dcd3c680ad2f5c7e0e","5b87c618dfd5da5ccd375c887e2180e7af3679e886b7a8160a4ccc9915d9b72a","included","","","","","","","","","include","2026-06-30T10:38:04.287500+00:00","{""aidx"": ""CLD0"", ""assay_category"": null, ""assay_cell_type"": ""A-431"", ""assay_chembl_id"": ""CHEMBL677215"", ""assay_classifications"": [], ""assay_group"": null, ""assay_organism"": ""Homo sapiens"", ""assay_parameters"": [], ""assay_strain"": null, ""assay_subcellular_fraction"": null, ""assay_tax_id"": 9606, ""assay_test_type"": null, ""assay_tissue"": null, ""assay_type"": ""B"", ""assay_type_description"": ""Binding"", ""bao_format"": ""BAO_0000219"", ""bao_label"": ""cell-based format"", ""cell_chembl_id"": ""CHEMBL3307523"", ""confidence_description"": ""Direct single protein target assigned"", ""confidence_score"": 9, ""description"": ""Inhibition of Epidermal growth factor receptor autophosphorylation in A431 human epidermoid carcinoma cells"", ""document_chembl_id"": ""CHEMBL1129564"", ""relationship_description"": ""Direct protein target assigned"", ""relationship_type"": ""D"", ""src_assay_id"": null, ""src_id"": 1, ""target_chembl_id"": ""CHEMBL203"", ""tissue_chembl_id"": null, ""variant_sequence"": null}","{""_dq_error"": false, ""_dq_warn"": false, ""_index"": 15, ""_ingestion_ts"": ""2026-06-30T10:37:34.714862+00:00"", ""_run_id"": ""c2db9646-6053-52aa-b6f1-9d39f569c37f"", ""_run_type"": ""backfill"", ""_source_batch_id"": ""673b5511-3446-5f04-953c-31bc9bd1cef7"", ""aidx"": ""CLD0"", ""assay_category"": null, ""assay_cell_type"": ""A-431"", ""assay_classifications"": null, ""assay_group"": null, ""assay_id"": ""CHEMBL677215"", ""assay_organism"": ""Homo sapiens"", ""assay_parameters"": null, ""assay_pref_name"": null, ""assay_strain"": null, ""assay_subcellular_fraction"": null, ""assay_subcellular_fraction_raw"": null, ""assay_taxonomy_id"": 9606, ""assay_test_type"": null, ""assay_tissue"": null, ""assay_type"": ""B"", ""assay_type_description"": ""Binding"", ""bao_format"": ""BAO_0000219"", ""bao_format_iri"": ""https://purl.obolibrary.org/obo/BAO_0000219"", ""bao_format_mapping_status"": ""mapped"", ""bao_label"": ""cell-based format"", ""bao_ontology_version"": ""2.8.18a"", ""cell_id"": ""CHEMBL3307523"", ""confidence_description"": ""Direct single protein target assigned"", ""confidence_score"": 9.0, ""content_hash"": ""5b87c618dfd5da5ccd375c887e2180e7af3679e886b7a8160a4ccc9915d9b72a"", ""description"": ""Inhibition of Epidermal growth factor receptor autophosphorylation in A431 human epidermoid carcinoma cells"", ""entity_id"": ""chembl:CHEMBL677215"", ""publication_id"": ""CHEMBL1129564"", ""relationship_description"": ""Direct protein target assigned"", ""relationship_type"": ""D"", ""score"": null, ""src_assay_id"": null, ""src_id"": 1, ""target_id"": ""CHEMBL203"", ""tissue_id"": null, ""variant_accession"": null, ""variant_isoform"": null, ""variant_mutation"": null, ""variant_organism"": null, ""variant_sequence"": null, ""variant_sequence_json"": null, ""variant_taxonomy_id"": null}"
"c2db9646-6053-52aa-b6f1-9d39f569c37f","chembl_assay","chembl_assay","chembl","gold","16","CHEMBL1134843","chembl:CHEMBL677217","89acd0c13364173a04432e25d271bab08a1cc6bd7735984ce5690e56cc20d74e","8c3d164d8278e6e431b458132384a2d8d011d3a6f3180ce7cd6e63e5223d9713","89acd0c13364173a04432e25d271bab08a1cc6bd7735984ce5690e56cc20d74e","included","","","","","","","","","include","2026-06-30T10:38:04.289135+00:00","{""aidx"": ""CLD0"", ""assay_category"": null, ""assay_cell_type"": ""A-431"", ""assay_chembl_id"": ""CHEMBL677217"", ""assay_classifications"": [], ""assay_group"": null, ""assay_organism"": ""Homo sapiens"", ""assay_parameters"": [], ""assay_strain"": null, ""assay_subcellular_fraction"": null, ""assay_tax_id"": 9606, ""assay_test_type"": null, ""assay_tissue"": null, ""assay_type"": ""F"", ""assay_type_description"": ""Functional"", ""bao_format"": ""BAO_0000219"", ""bao_label"": ""cell-based format"", ""cell_chembl_id"": ""CHEMBL3307523"", ""confidence_description"": ""Direct single protein target assigned"", ""confidence_score"": 9, ""description"": ""Inhibition of autophosphorylation of EGFR in A431 cells"", ""document_chembl_id"": ""CHEMBL1134843"", ""relationship_description"": ""Direct protein target assigned"", ""relationship_type"": ""D"", ""src_assay_id"": null, ""src_id"": 1, ""target_chembl_id"": ""CHEMBL203"", ""tissue_chembl_id"": null, ""variant_sequence"": null}","{""_dq_error"": false, ""_dq_warn"": false, ""_index"": 16, ""_ingestion_ts"": ""2026-06-30T10:37:34.714862+00:00"", ""_run_id"": ""c2db9646-6053-52aa-b6f1-9d39f569c37f"", ""_run_type"": ""backfill"", ""_source_batch_id"": ""673b5511-3446-5f04-953c-31bc9bd1cef7"", ""aidx"": ""CLD0"", ""assay_category"": null, ""assay_cell_type"": ""A-431"", ""assay_classifications"": null, ""assay_group"": null, ""assay_id"": ""CHEMBL677217"", ""assay_organism"": ""Homo sapiens"", ""assay_parameters"": null, ""assay_pref_name"": null, ""assay_strain"": null, ""assay_subcellular_fraction"": null, ""assay_subcellular_fraction_raw"": null, ""assay_taxonomy_id"": 9606, ""assay_test_type"": null, ""assay_tissue"": null, ""assay_type"": ""F"", ""assay_type_description"": ""Functional"", ""bao_format"": ""BAO_0000219"", ""bao_format_iri"": ""https://purl.obolibrary.org/obo/BAO_0000219"", ""bao_format_mapping_status"": ""mapped"", ""bao_label"": ""cell-based format"", ""bao_ontology_version"": ""2.8.18a"", ""cell_id"": ""CHEMBL3307523"", ""confidence_description"": ""Direct single protein target assigned"", ""confidence_score"": 9.0, ""content_hash"": ""89acd0c13364173a04432e25d271bab08a1cc6bd7735984ce5690e56cc20d74e"", ""description"": ""Inhibition of autophosphorylation of EGFR in A431 cells"", ""entity_id"": ""chembl:CHEMBL677217"", ""publication_id"": ""CHEMBL1134843"", ""relationship_description"": ""Direct protein target assigned"", ""relationship_type"": ""D"", ""score"": null, ""src_assay_id"": null, ""src_id"": 1, ""target_id"": ""CHEMBL203"", ""tissue_id"": null, ""variant_accession"": null, ""variant_isoform"": null, ""variant_mutation"": null, ""variant_organism"": null, ""variant_sequence"": null, ""variant_sequence_json"": null, ""variant_taxonomy_id"": null}"
"c2db9646-6053-52aa-b6f1-9d39f569c37f","chembl_assay","chembl_assay","chembl","gold","17","CHEMBL1130246","chembl:CHEMBL677386","e80e33a996b859ac9e98872587c422eb84988a14a033e03d41c83d5b056d7ce4","a782eb08432ad20c195321be84f6ee3c329a4e76483a11d3185a19c524348d1d","e80e33a996b859ac9e98872587c422eb84988a14a033e03d41c83d5b056d7ce4","included","","","","","","","","","include","2026-06-30T10:38:04.290871+00:00","{""aidx"": ""CLD0"", ""assay_category"": null, ""assay_cell_type"": ""A-431"", ""assay_chembl_id"": ""CHEMBL677386"", ""assay_classifications"": [], ""assay_group"": null, ""assay_organism"": ""Homo sapiens"", ""assay_parameters"": [], ""assay_strain"": null, ""assay_subcellular_fraction"": null, ""assay_tax_id"": 9606, ""assay_test_type"": null, ""assay_tissue"": null, ""assay_type"": ""B"", ""assay_type_description"": ""Binding"", ""bao_format"": ""BAO_0000219"", ""bao_label"": ""cell-based format"", ""cell_chembl_id"": ""CHEMBL3307523"", ""confidence_description"": ""Direct single protein target assigned"", ""confidence_score"": 9, ""description"": ""Inhibition of epidermal growth factor receptor (EGFR) from human A431 carcinoma cells"", ""document_chembl_id"": ""CHEMBL1130246"", ""relationship_description"": ""Direct protein target assigned"", ""relationship_type"": ""D"", ""src_assay_id"": null, ""src_id"": 1, ""target_chembl_id"": ""CHEMBL203"", ""tissue_chembl_id"": null, ""variant_sequence"": null}","{""_dq_error"": false, ""_dq_warn"": false, ""_index"": 17, ""_ingestion_ts"": ""2026-06-30T10:37:34.714862+00:00"", ""_run_id"": ""c2db9646-6053-52aa-b6f1-9d39f569c37f"", ""_run_type"": ""backfill"", ""_source_batch_id"": ""673b5511-3446-5f04-953c-31bc9bd1cef7"", ""aidx"": ""CLD0"", ""assay_category"": null, ""assay_cell_type"": ""A-431"", ""assay_classifications"": null, ""assay_group"": null, ""assay_id"": ""CHEMBL677386"", ""assay_organism"": ""Homo sapiens"", ""assay_parameters"": null, ""assay_pref_name"": null, ""assay_strain"": null, ""assay_subcellular_fraction"": null, ""assay_subcellular_fraction_raw"": null, ""assay_taxonomy_id"": 9606, ""assay_test_type"": null, ""assay_tissue"": null, ""assay_type"": ""B"", ""assay_type_description"": ""Binding"", ""bao_format"": ""BAO_0000219"", ""bao_format_iri"": ""https://purl.obolibrary.org/obo/BAO_0000219"", ""bao_format_mapping_status"": ""mapped"", ""bao_label"": ""cell-based format"", ""bao_ontology_version"": ""2.8.18a"", ""cell_id"": ""CHEMBL3307523"", ""confidence_description"": ""Direct single protein target assigned"", ""confidence_score"": 9.0, ""content_hash"": ""e80e33a996b859ac9e98872587c422eb84988a14a033e03d41c83d5b056d7ce4"", ""description"": ""Inhibition of epidermal growth factor receptor (EGFR) from human A431 carcinoma cells"", ""entity_id"": ""chembl:CHEMBL677386"", ""publication_id"": ""CHEMBL1130246"", ""relationship_description"": ""Direct protein target assigned"", ""relationship_type"": ""D"", ""score"": null, ""src_assay_id"": null, ""src_id"": 1, ""target_id"": ""CHEMBL203"", ""tissue_id"": null, ""variant_accession"": null, ""variant_isoform"": null, ""variant_mutation"": null, ""variant_organism"": null, ""variant_sequence"": null, ""variant_sequence_json"": null, ""variant_taxonomy_id"": null}"
"c2db9646-6053-52aa-b6f1-9d39f569c37f","chembl_assay","chembl_assay","chembl","gold","18","CHEMBL1128344","chembl:CHEMBL677469","f0b8184f1cc14ff5b71c7a5141658bd16cf7c60adaac15744c9aca29ffa69b35","50cdf08bcd0081454f30ca4c746056ad4507ebe2149b81e94628c3602a13694e","f0b8184f1cc14ff5b71c7a5141658bd16cf7c60adaac15744c9aca29ffa69b35","included","","","","","","","","","include","2026-06-30T10:38:04.292603+00:00","{""aidx"": ""CLD0"", ""assay_category"": null, ""assay_cell_type"": ""A-431"", ""assay_chembl_id"": ""CHEMBL677469"", ""assay_classifications"": [], ""assay_group"": null, ""assay_organism"": ""Homo sapiens"", ""assay_parameters"": [], ""assay_strain"": null, ""assay_subcellular_fraction"": null, ""assay_tax_id"": 9606, ""assay_test_type"": null, ""assay_tissue"": null, ""assay_type"": ""B"", ""assay_type_description"": ""Binding"", ""bao_format"": ""BAO_0000219"", ""bao_label"": ""cell-based format"", ""cell_chembl_id"": ""CHEMBL3307523"", ""confidence_description"": ""Direct single protein target assigned"", ""confidence_score"": 9, ""description"": ""Inhibition of EFGR tyrosine kinase from A431 cells"", ""document_chembl_id"": ""CHEMBL1128344"", ""relationship_description"": ""Direct protein target assigned"", ""relationship_type"": ""D"", ""src_assay_id"": null, ""src_id"": 1, ""target_chembl_id"": ""CHEMBL203"", ""tissue_chembl_id"": null, ""variant_sequence"": null}","{""_dq_error"": false, ""_dq_warn"": false, ""_index"": 18, ""_ingestion_ts"": ""2026-06-30T10:37:34.714862+00:00"", ""_run_id"": ""c2db9646-6053-52aa-b6f1-9d39f569c37f"", ""_run_type"": ""backfill"", ""_source_batch_id"": ""673b5511-3446-5f04-953c-31bc9bd1cef7"", ""aidx"": ""CLD0"", ""assay_category"": null, ""assay_cell_type"": ""A-431"", ""assay_classifications"": null, ""assay_group"": null, ""assay_id"": ""CHEMBL677469"", ""assay_organism"": ""Homo sapiens"", ""assay_parameters"": null, ""assay_pref_name"": null, ""assay_strain"": null, ""assay_subcellular_fraction"": null, ""assay_subcellular_fraction_raw"": null, ""assay_taxonomy_id"": 9606, ""assay_test_type"": null, ""assay_tissue"": null, ""assay_type"": ""B"", ""assay_type_description"": ""Binding"", ""bao_format"": ""BAO_0000219"", ""bao_format_iri"": ""https://purl.obolibrary.org/obo/BAO_0000219"", ""bao_format_mapping_status"": ""mapped"", ""bao_label"": ""cell-based format"", ""bao_ontology_version"": ""2.8.18a"", ""cell_id"": ""CHEMBL3307523"", ""confidence_description"": ""Direct single protein target assigned"", ""confidence_score"": 9.0, ""content_hash"": ""f0b8184f1cc14ff5b71c7a5141658bd16cf7c60adaac15744c9aca29ffa69b35"", ""description"": ""Inhibition of EFGR tyrosine kinase from A431 cells"", ""entity_id"": ""chembl:CHEMBL677469"", ""publication_id"": ""CHEMBL1128344"", ""relationship_description"": ""Direct protein target assigned"", ""relationship_type"": ""D"", ""score"": null, ""src_assay_id"": null, ""src_id"": 1, ""target_id"": ""CHEMBL203"", ""tissue_id"": null, ""variant_accession"": null, ""variant_isoform"": null, ""variant_mutation"": null, ""variant_organism"": null, ""variant_sequence"": null, ""variant_sequence_json"": null, ""variant_taxonomy_id"": null}"
"c2db9646-6053-52aa-b6f1-9d39f569c37f","chembl_assay","chembl_assay","chembl","gold","19","CHEMBL1135728","chembl:CHEMBL678295","24050bdabe118ed6b57fa1edd1b254fb70ec4dc13f4b9c9c33d55f2128146f98","3c99bfdb3a7bfd1e64f92fadf33bf158e703553c2ae9f74c7936f441c5eee9a6","24050bdabe118ed6b57fa1edd1b254fb70ec4dc13f4b9c9c33d55f2128146f98","included","","","","","","","","","include","2026-06-30T10:38:04.294543+00:00","{""aidx"": ""CLD0"", ""assay_category"": null, ""assay_cell_type"": ""A-431"", ""assay_chembl_id"": ""CHEMBL678295"", ""assay_classifications"": [], ""assay_group"": null, ""assay_organism"": ""Homo sapiens"", ""assay_parameters"": [], ""assay_strain"": null, ""assay_subcellular_fraction"": null, ""assay_tax_id"": 9606, ""assay_test_type"": null, ""assay_tissue"": null, ""assay_type"": ""B"", ""assay_type_description"": ""Binding"", ""bao_format"": ""BAO_0000219"", ""bao_label"": ""cell-based format"", ""cell_chembl_id"": ""CHEMBL3307523"", ""confidence_description"": ""Direct single protein target assigned"", ""confidence_score"": 9, ""description"": ""Inhibition of Epidermal growth factor receptor autophosphorylation in A431 cells"", ""document_chembl_id"": ""CHEMBL1135728"", ""relationship_description"": ""Direct protein target assigned"", ""relationship_type"": ""D"", ""src_assay_id"": null, ""src_id"": 1, ""target_chembl_id"": ""CHEMBL203"", ""tissue_chembl_id"": null, ""variant_sequence"": null}","{""_dq_error"": false, ""_dq_warn"": false, ""_index"": 19, ""_ingestion_ts"": ""2026-06-30T10:37:34.714862+00:00"", ""_run_id"": ""c2db9646-6053-52aa-b6f1-9d39f569c37f"", ""_run_type"": ""backfill"", ""_source_batch_id"": ""673b5511-3446-5f04-953c-31bc9bd1cef7"", ""aidx"": ""CLD0"", ""assay_category"": null, ""assay_cell_type"": ""A-431"", ""assay_classifications"": null, ""assay_group"": null, ""assay_id"": ""CHEMBL678295"", ""assay_organism"": ""Homo sapiens"", ""assay_parameters"": null, ""assay_pref_name"": null, ""assay_strain"": null, ""assay_subcellular_fraction"": null, ""assay_subcellular_fraction_raw"": null, ""assay_taxonomy_id"": 9606, ""assay_test_type"": null, ""assay_tissue"": null, ""assay_type"": ""B"", ""assay_type_description"": ""Binding"", ""bao_format"": ""BAO_0000219"", ""bao_format_iri"": ""https://purl.obolibrary.org/obo/BAO_0000219"", ""bao_format_mapping_status"": ""mapped"", ""bao_label"": ""cell-based format"", ""bao_ontology_version"": ""2.8.18a"", ""cell_id"": ""CHEMBL3307523"", ""confidence_description"": ""Direct single protein target assigned"", ""confidence_score"": 9.0, ""content_hash"": ""24050bdabe118ed6b57fa1edd1b254fb70ec4dc13f4b9c9c33d55f2128146f98"", ""description"": ""Inhibition of Epidermal growth factor receptor autophosphorylation in A431 cells"", ""entity_id"": ""chembl:CHEMBL678295"", ""publication_id"": ""CHEMBL1135728"", ""relationship_description"": ""Direct protein target assigned"", ""relationship_type"": ""D"", ""score"": null, ""src_assay_id"": null, ""src_id"": 1, ""target_id"": ""CHEMBL203"", ""tissue_id"": null, ""variant_accession"": null, ""variant_isoform"": null, ""variant_mutation"": null, ""variant_organism"": null, ""variant_sequence"": null, ""variant_sequence_json"": null, ""variant_taxonomy_id"": null}"
"c2db9646-6053-52aa-b6f1-9d39f569c37f","chembl_assay","chembl_assay","chembl","gold","20","CHEMBL1129035","chembl:CHEMBL679548","90d9ba304b41ce1cc03e00bf02566136989f7bf2007372b0de40e440813828ab","388e4a2f3b097b332811655db072677e85e8ba4becbdf3ff6e99015c2c79aa45","90d9ba304b41ce1cc03e00bf02566136989f7bf2007372b0de40e440813828ab","included","","","","","","","","","include","2026-06-30T10:38:04.296242+00:00","{""aidx"": ""CLD0"", ""assay_category"": null, ""assay_cell_type"": ""A-431"", ""assay_chembl_id"": ""CHEMBL679548"", ""assay_classifications"": [], ""assay_group"": null, ""assay_organism"": ""Homo sapiens"", ""assay_parameters"": [], ""assay_strain"": null, ""assay_subcellular_fraction"": null, ""assay_tax_id"": 9606, ""assay_test_type"": null, ""assay_tissue"": null, ""assay_type"": ""B"", ""assay_type_description"": ""Binding"", ""bao_format"": ""BAO_0000219"", ""bao_label"": ""cell-based format"", ""cell_chembl_id"": ""CHEMBL3307523"", ""confidence_description"": ""Direct single protein target assigned"", ""confidence_score"": 9, ""description"": ""Inhibition of tyrosine kinase activity of Epidermal growth factor receptor from human A431 cells"", ""document_chembl_id"": ""CHEMBL1129035"", ""relationship_description"": ""Direct protein target assigned"", ""relationship_type"": ""D"", ""src_assay_id"": null, ""src_id"": 1, ""target_chembl_id"": ""CHEMBL203"", ""tissue_chembl_id"": null, ""variant_sequence"": null}","{""_dq_error"": false, ""_dq_warn"": false, ""_index"": 20, ""_ingestion_ts"": ""2026-06-30T10:37:34.714862+00:00"", ""_run_id"": ""c2db9646-6053-52aa-b6f1-9d39f569c37f"", ""_run_type"": ""backfill"", ""_source_batch_id"": ""673b5511-3446-5f04-953c-31bc9bd1cef7"", ""aidx"": ""CLD0"", ""assay_category"": null, ""assay_cell_type"": ""A-431"", ""assay_classifications"": null, ""assay_group"": null, ""assay_id"": ""CHEMBL679548"", ""assay_organism"": ""Homo sapiens"", ""assay_parameters"": null, ""assay_pref_name"": null, ""assay_strain"": null, ""assay_subcellular_fraction"": null, ""assay_subcellular_fraction_raw"": null, ""assay_taxonomy_id"": 9606, ""assay_test_type"": null, ""assay_tissue"": null, ""assay_type"": ""B"", ""assay_type_description"": ""Binding"", ""bao_format"": ""BAO_0000219"", ""bao_format_iri"": ""https://purl.obolibrary.org/obo/BAO_0000219"", ""bao_format_mapping_status"": ""mapped"", ""bao_label"": ""cell-based format"", ""bao_ontology_version"": ""2.8.18a"", ""cell_id"": ""CHEMBL3307523"", ""confidence_description"": ""Direct single protein target assigned"", ""confidence_score"": 9.0, ""content_hash"": ""90d9ba304b41ce1cc03e00bf02566136989f7bf2007372b0de40e440813828ab"", ""description"": ""Inhibition of tyrosine kinase activity of Epidermal growth factor receptor from human A431 cells"", ""entity_id"": ""chembl:CHEMBL679548"", ""publication_id"": ""CHEMBL1129035"", ""relationship_description"": ""Direct protein target assigned"", ""relationship_type"": ""D"", ""score"": null, ""src_assay_id"": null, ""src_id"": 1, ""target_id"": ""CHEMBL203"", ""tissue_id"": null, ""variant_accession"": null, ""variant_isoform"": null, ""variant_mutation"": null, ""variant_organism"": null, ""variant_sequence"": null, ""variant_sequence_json"": null, ""variant_taxonomy_id"": null}"
"c2db9646-6053-52aa-b6f1-9d39f569c37f","chembl_assay","chembl_assay","chembl","gold","21","CHEMBL1132213","chembl:CHEMBL679550","47e8e48d972e48029ac1ae0e9ed6995425fd365bbe764da5b03512ad150c4391","fbb2f5ebdcd4e4e9665ac413c91f5f8cb06ca672496855627a2765b716c6d309","47e8e48d972e48029ac1ae0e9ed6995425fd365bbe764da5b03512ad150c4391","included","","","","","","","","","include","2026-06-30T10:38:04.297772+00:00","{""aidx"": ""CLD0"", ""assay_category"": null, ""assay_cell_type"": ""A-431"", ""assay_chembl_id"": ""CHEMBL679550"", ""assay_classifications"": [], ""assay_group"": null, ""assay_organism"": ""Homo sapiens"", ""assay_parameters"": [], ""assay_strain"": null, ""assay_subcellular_fraction"": null, ""assay_tax_id"": 9606, ""assay_test_type"": null, ""assay_tissue"": null, ""assay_type"": ""B"", ""assay_type_description"": ""Binding"", ""bao_format"": ""BAO_0000219"", ""bao_label"": ""cell-based format"", ""cell_chembl_id"": ""CHEMBL3307523"", ""confidence_description"": ""Direct single protein target assigned"", ""confidence_score"": 9, ""description"": ""Inhibition of EGF-stimulated autophosphorylation of Epidermal growth factor receptor in A431 cells"", ""document_chembl_id"": ""CHEMBL1132213"", ""relationship_description"": ""Direct protein target assigned"", ""relationship_type"": ""D"", ""src_assay_id"": null, ""src_id"": 1, ""target_chembl_id"": ""CHEMBL203"", ""tissue_chembl_id"": null, ""variant_sequence"": null}","{""_dq_error"": false, ""_dq_warn"": false, ""_index"": 21, ""_ingestion_ts"": ""2026-06-30T10:37:34.714862+00:00"", ""_run_id"": ""c2db9646-6053-52aa-b6f1-9d39f569c37f"", ""_run_type"": ""backfill"", ""_source_batch_id"": ""673b5511-3446-5f04-953c-31bc9bd1cef7"", ""aidx"": ""CLD0"", ""assay_category"": null, ""assay_cell_type"": ""A-431"", ""assay_classifications"": null, ""assay_group"": null, ""assay_id"": ""CHEMBL679550"", ""assay_organism"": ""Homo sapiens"", ""assay_parameters"": null, ""assay_pref_name"": null, ""assay_strain"": null, ""assay_subcellular_fraction"": null, ""assay_subcellular_fraction_raw"": null, ""assay_taxonomy_id"": 9606, ""assay_test_type"": null, ""assay_tissue"": null, ""assay_type"": ""B"", ""assay_type_description"": ""Binding"", ""bao_format"": ""BAO_0000219"", ""bao_format_iri"": ""https://purl.obolibrary.org/obo/BAO_0000219"", ""bao_format_mapping_status"": ""mapped"", ""bao_label"": ""cell-based format"", ""bao_ontology_version"": ""2.8.18a"", ""cell_id"": ""CHEMBL3307523"", ""confidence_description"": ""Direct single protein target assigned"", ""confidence_score"": 9.0, ""content_hash"": ""47e8e48d972e48029ac1ae0e9ed6995425fd365bbe764da5b03512ad150c4391"", ""description"": ""Inhibition of EGF-stimulated autophosphorylation of Epidermal growth factor receptor in A431 cells"", ""entity_id"": ""chembl:CHEMBL679550"", ""publication_id"": ""CHEMBL1132213"", ""relationship_description"": ""Direct protein target assigned"", ""relationship_type"": ""D"", ""score"": null, ""src_assay_id"": null, ""src_id"": 1, ""target_id"": ""CHEMBL203"", ""tissue_id"": null, ""variant_accession"": null, ""variant_isoform"": null, ""variant_mutation"": null, ""variant_organism"": null, ""variant_sequence"": null, ""variant_sequence_json"": null, ""variant_taxonomy_id"": null}"
"c2db9646-6053-52aa-b6f1-9d39f569c37f","chembl_assay","chembl_assay","chembl","gold","22","CHEMBL1132213","chembl:CHEMBL679551","d102935e4283d50499220fefb6bba9db3cb83a96478d363576b86cd7921fa11c","727a72372df0ddaaf90cd131c59bfa47b6c2196aa5c00584ac68b78619e6ecc4","d102935e4283d50499220fefb6bba9db3cb83a96478d363576b86cd7921fa11c","included","","","","","","","","","include","2026-06-30T10:38:04.299470+00:00","{""aidx"": ""CLD0"", ""assay_category"": null, ""assay_cell_type"": ""A-431"", ""assay_chembl_id"": ""CHEMBL679551"", ""assay_classifications"": [], ""assay_group"": null, ""assay_organism"": ""Homo sapiens"", ""assay_parameters"": [], ""assay_strain"": null, ""assay_subcellular_fraction"": null, ""assay_tax_id"": 9606, ""assay_test_type"": null, ""assay_tissue"": null, ""assay_type"": ""B"", ""assay_type_description"": ""Binding"", ""bao_format"": ""BAO_0000219"", ""bao_label"": ""cell-based format"", ""cell_chembl_id"": ""CHEMBL3307523"", ""confidence_description"": ""Direct single protein target assigned"", ""confidence_score"": 9, ""description"": ""Inhibition of EGF-stimulated autophosphorylation of epidermal growth factor receptor in A431 cells"", ""document_chembl_id"": ""CHEMBL1132213"", ""relationship_description"": ""Direct protein target assigned"", ""relationship_type"": ""D"", ""src_assay_id"": null, ""src_id"": 1, ""target_chembl_id"": ""CHEMBL203"", ""tissue_chembl_id"": null, ""variant_sequence"": null}","{""_dq_error"": false, ""_dq_warn"": false, ""_index"": 22, ""_ingestion_ts"": ""2026-06-30T10:37:34.714862+00:00"", ""_run_id"": ""c2db9646-6053-52aa-b6f1-9d39f569c37f"", ""_run_type"": ""backfill"", ""_source_batch_id"": ""673b5511-3446-5f04-953c-31bc9bd1cef7"", ""aidx"": ""CLD0"", ""assay_category"": null, ""assay_cell_type"": ""A-431"", ""assay_classifications"": null, ""assay_group"": null, ""assay_id"": ""CHEMBL679551"", ""assay_organism"": ""Homo sapiens"", ""assay_parameters"": null, ""assay_pref_name"": null, ""assay_strain"": null, ""assay_subcellular_fraction"": null, ""assay_subcellular_fraction_raw"": null, ""assay_taxonomy_id"": 9606, ""assay_test_type"": null, ""assay_tissue"": null, ""assay_type"": ""B"", ""assay_type_description"": ""Binding"", ""bao_format"": ""BAO_0000219"", ""bao_format_iri"": ""https://purl.obolibrary.org/obo/BAO_0000219"", ""bao_format_mapping_status"": ""mapped"", ""bao_label"": ""cell-based format"", ""bao_ontology_version"": ""2.8.18a"", ""cell_id"": ""CHEMBL3307523"", ""confidence_description"": ""Direct single protein target assigned"", ""confidence_score"": 9.0, ""content_hash"": ""d102935e4283d50499220fefb6bba9db3cb83a96478d363576b86cd7921fa11c"", ""description"": ""Inhibition of EGF-stimulated autophosphorylation of epidermal growth factor receptor in A431 cells"", ""entity_id"": ""chembl:CHEMBL679551"", ""publication_id"": ""CHEMBL1132213"", ""relationship_description"": ""Direct protein target assigned"", ""relationship_type"": ""D"", ""score"": null, ""src_assay_id"": null, ""src_id"": 1, ""target_id"": ""CHEMBL203"", ""tissue_id"": null, ""variant_accession"": null, ""variant_isoform"": null, ""variant_mutation"": null, ""variant_organism"": null, ""variant_sequence"": null, ""variant_sequence_json"": null, ""variant_taxonomy_id"": null}"
"c2db9646-6053-52aa-b6f1-9d39f569c37f","chembl_assay","chembl_assay","chembl","gold","23","CHEMBL1134843","chembl:CHEMBL679948","bc10287d0a03f8d5bddda776624ee6fbf18dcf859b5f046c55ccbc61729d2398","f12a4aa3f5f9c26c536ccdd47cafa65a210a07647bdb0a7f4456129038337cce","bc10287d0a03f8d5bddda776624ee6fbf18dcf859b5f046c55ccbc61729d2398","included","","","","","","","","","include","2026-06-30T10:38:04.301231+00:00","{""aidx"": ""CLD0"", ""assay_category"": null, ""assay_cell_type"": ""A-431"", ""assay_chembl_id"": ""CHEMBL679948"", ""assay_classifications"": [], ""assay_group"": null, ""assay_organism"": ""Homo sapiens"", ""assay_parameters"": [], ""assay_strain"": null, ""assay_subcellular_fraction"": null, ""assay_tax_id"": 9606, ""assay_test_type"": null, ""assay_tissue"": null, ""assay_type"": ""B"", ""assay_type_description"": ""Binding"", ""bao_format"": ""BAO_0000219"", ""bao_label"": ""cell-based format"", ""cell_chembl_id"": ""CHEMBL3307523"", ""confidence_description"": ""Direct single protein target assigned"", ""confidence_score"": 9, ""description"": ""Inhibition of EGF-stimulated autophosphorylation of EGFR in A431 cells"", ""document_chembl_id"": ""CHEMBL1134843"", ""relationship_description"": ""Direct protein target assigned"", ""relationship_type"": ""D"", ""src_assay_id"": null, ""src_id"": 1, ""target_chembl_id"": ""CHEMBL203"", ""tissue_chembl_id"": null, ""variant_sequence"": null}","{""_dq_error"": false, ""_dq_warn"": false, ""_index"": 23, ""_ingestion_ts"": ""2026-06-30T10:37:34.714862+00:00"", ""_run_id"": ""c2db9646-6053-52aa-b6f1-9d39f569c37f"", ""_run_type"": ""backfill"", ""_source_batch_id"": ""673b5511-3446-5f04-953c-31bc9bd1cef7"", ""aidx"": ""CLD0"", ""assay_category"": null, ""assay_cell_type"": ""A-431"", ""assay_classifications"": null, ""assay_group"": null, ""assay_id"": ""CHEMBL679948"", ""assay_organism"": ""Homo sapiens"", ""assay_parameters"": null, ""assay_pref_name"": null, ""assay_strain"": null, ""assay_subcellular_fraction"": null, ""assay_subcellular_fraction_raw"": null, ""assay_taxonomy_id"": 9606, ""assay_test_type"": null, ""assay_tissue"": null, ""assay_type"": ""B"", ""assay_type_description"": ""Binding"", ""bao_format"": ""BAO_0000219"", ""bao_format_iri"": ""https://purl.obolibrary.org/obo/BAO_0000219"", ""bao_format_mapping_status"": ""mapped"", ""bao_label"": ""cell-based format"", ""bao_ontology_version"": ""2.8.18a"", ""cell_id"": ""CHEMBL3307523"", ""confidence_description"": ""Direct single protein target assigned"", ""confidence_score"": 9.0, ""content_hash"": ""bc10287d0a03f8d5bddda776624ee6fbf18dcf859b5f046c55ccbc61729d2398"", ""description"": ""Inhibition of EGF-stimulated autophosphorylation of EGFR in A431 cells"", ""entity_id"": ""chembl:CHEMBL679948"", ""publication_id"": ""CHEMBL1134843"", ""relationship_description"": ""Direct protein target assigned"", ""relationship_type"": ""D"", ""score"": null, ""src_assay_id"": null, ""src_id"": 1, ""target_id"": ""CHEMBL203"", ""tissue_id"": null, ""variant_accession"": null, ""variant_isoform"": null, ""variant_mutation"": null, ""variant_organism"": null, ""variant_sequence"": null, ""variant_sequence_json"": null, ""variant_taxonomy_id"": null}"
"c2db9646-6053-52aa-b6f1-9d39f569c37f","chembl_assay","chembl_assay","chembl","gold","24","CHEMBL1129035","chembl:CHEMBL683040","5dde31ef40dbb3d1bfeb24ab6716db05d4d2917dea7fcacd322f582c3dc7c5f9","b2404270e03c56d6a802cebe3e1d8014e598b40e5787e9c9dd2d6b0da1aea871","5dde31ef40dbb3d1bfeb24ab6716db05d4d2917dea7fcacd322f582c3dc7c5f9","included","","","","","","","","","include","2026-06-30T10:38:04.303000+00:00","{""aidx"": ""CLD0"", ""assay_category"": null, ""assay_cell_type"": ""A-431"", ""assay_chembl_id"": ""CHEMBL683040"", ""assay_classifications"": [], ""assay_group"": null, ""assay_organism"": ""Homo sapiens"", ""assay_parameters"": [], ""assay_strain"": null, ""assay_subcellular_fraction"": null, ""assay_tax_id"": 9606, ""assay_test_type"": null, ""assay_tissue"": null, ""assay_type"": ""B"", ""assay_type_description"": ""Binding"", ""bao_format"": ""BAO_0000219"", ""bao_label"": ""cell-based format"", ""cell_chembl_id"": ""CHEMBL3307523"", ""confidence_description"": ""Direct single protein target assigned"", ""confidence_score"": 9, ""description"": ""Inhibition of tyrosine kinase activity of Epidermal growth factor receptor from human A431 carcinoma cells"", ""document_chembl_id"": ""CHEMBL1129035"", ""relationship_description"": ""Direct protein target assigned"", ""relationship_type"": ""D"", ""src_assay_id"": null, ""src_id"": 1, ""target_chembl_id"": ""CHEMBL203"", ""tissue_chembl_id"": null, ""variant_sequence"": null}","{""_dq_error"": false, ""_dq_warn"": false, ""_index"": 24, ""_ingestion_ts"": ""2026-06-30T10:37:34.714862+00:00"", ""_run_id"": ""c2db9646-6053-52aa-b6f1-9d39f569c37f"", ""_run_type"": ""backfill"", ""_source_batch_id"": ""673b5511-3446-5f04-953c-31bc9bd1cef7"", ""aidx"": ""CLD0"", ""assay_category"": null, ""assay_cell_type"": ""A-431"", ""assay_classifications"": null, ""assay_group"": null, ""assay_id"": ""CHEMBL683040"", ""assay_organism"": ""Homo sapiens"", ""assay_parameters"": null, ""assay_pref_name"": null, ""assay_strain"": null, ""assay_subcellular_fraction"": null, ""assay_subcellular_fraction_raw"": null, ""assay_taxonomy_id"": 9606, ""assay_test_type"": null, ""assay_tissue"": null, ""assay_type"": ""B"", ""assay_type_description"": ""Binding"", ""bao_format"": ""BAO_0000219"", ""bao_format_iri"": ""https://purl.obolibrary.org/obo/BAO_0000219"", ""bao_format_mapping_status"": ""mapped"", ""bao_label"": ""cell-based format"", ""bao_ontology_version"": ""2.8.18a"", ""cell_id"": ""CHEMBL3307523"", ""confidence_description"": ""Direct single protein target assigned"", ""confidence_score"": 9.0, ""content_hash"": ""5dde31ef40dbb3d1bfeb24ab6716db05d4d2917dea7fcacd322f582c3dc7c5f9"", ""description"": ""Inhibition of tyrosine kinase activity of Epidermal growth factor receptor from human A431 carcinoma cells"", ""entity_id"": ""chembl:CHEMBL683040"", ""publication_id"": ""CHEMBL1129035"", ""relationship_description"": ""Direct protein target assigned"", ""relationship_type"": ""D"", ""score"": null, ""src_assay_id"": null, ""src_id"": 1, ""target_id"": ""CHEMBL203"", ""tissue_id"": null, ""variant_accession"": null, ""variant_isoform"": null, ""variant_mutation"": null, ""variant_organism"": null, ""variant_sequence"": null, ""variant_sequence_json"": null, ""variant_taxonomy_id"": null}"
"c2db9646-6053-52aa-b6f1-9d39f569c37f","chembl_assay","chembl_assay","chembl","gold","25","CHEMBL1134415","chembl:CHEMBL674071","a9817ae90fd913632d8359119da91567d05d5a19086c845caca4cce679cf80ca","8568ddd6e7456d25afc0b2eec8a349aa1659b88e7e713648da2d08b0c1e6b1b4","a9817ae90fd913632d8359119da91567d05d5a19086c845caca4cce679cf80ca","included","","","","","","","","","include","2026-06-30T10:38:04.305030+00:00","{""aidx"": ""CLD0"", ""assay_category"": null, ""assay_cell_type"": ""A10"", ""assay_chembl_id"": ""CHEMBL674071"", ""assay_classifications"": [], ""assay_group"": null, ""assay_organism"": ""Rattus norvegicus"", ""assay_parameters"": [], ""assay_strain"": null, ""assay_subcellular_fraction"": null, ""assay_tax_id"": 10116, ""assay_test_type"": null, ""assay_tissue"": null, ""assay_type"": ""B"", ""assay_type_description"": ""Binding"", ""bao_format"": ""BAO_0000219"", ""bao_label"": ""cell-based format"", ""cell_chembl_id"": ""CHEMBL3307383"", ""confidence_description"": ""Direct single protein target assigned"", ""confidence_score"": 9, ""description"": ""Ability to inhibit specific binding of [125I]- -ET-1 to rat A 10 cells which express endothelin A receptor"", ""document_chembl_id"": ""CHEMBL1134415"", ""relationship_description"": ""Direct protein target assigned"", ""relationship_type"": ""D"", ""src_assay_id"": null, ""src_id"": 1, ""target_chembl_id"": ""CHEMBL4566"", ""tissue_chembl_id"": null, ""variant_sequence"": null}","{""_dq_error"": false, ""_dq_warn"": false, ""_index"": 25, ""_ingestion_ts"": ""2026-06-30T10:37:34.714862+00:00"", ""_run_id"": ""c2db9646-6053-52aa-b6f1-9d39f569c37f"", ""_run_type"": ""backfill"", ""_source_batch_id"": ""673b5511-3446-5f04-953c-31bc9bd1cef7"", ""aidx"": ""CLD0"", ""assay_category"": null, ""assay_cell_type"": ""A10"", ""assay_classifications"": null, ""assay_group"": null, ""assay_id"": ""CHEMBL674071"", ""assay_organism"": ""Rattus norvegicus"", ""assay_parameters"": null, ""assay_pref_name"": null, ""assay_strain"": null, ""assay_subcellular_fraction"": null, ""assay_subcellular_fraction_raw"": null, ""assay_taxonomy_id"": 10116, ""assay_test_type"": null, ""assay_tissue"": null, ""assay_type"": ""B"", ""assay_type_description"": ""Binding"", ""bao_format"": ""BAO_0000219"", ""bao_format_iri"": ""https://purl.obolibrary.org/obo/BAO_0000219"", ""bao_format_mapping_status"": ""mapped"", ""bao_label"": ""cell-based format"", ""bao_ontology_version"": ""2.8.18a"", ""cell_id"": ""CHEMBL3307383"", ""confidence_description"": ""Direct single protein target assigned"", ""confidence_score"": 9.0, ""content_hash"": ""a9817ae90fd913632d8359119da91567d05d5a19086c845caca4cce679cf80ca"", ""description"": ""Ability to inhibit specific binding of [125I]- -ET-1 to rat A 10 cells which express endothelin A receptor"", ""entity_id"": ""chembl:CHEMBL674071"", ""publication_id"": ""CHEMBL1134415"", ""relationship_description"": ""Direct protein target assigned"", ""relationship_type"": ""D"", ""score"": null, ""src_assay_id"": null, ""src_id"": 1, ""target_id"": ""CHEMBL4566"", ""tissue_id"": null, ""variant_accession"": null, ""variant_isoform"": null, ""variant_mutation"": null, ""variant_organism"": null, ""variant_sequence"": null, ""variant_sequence_json"": null, ""variant_taxonomy_id"": null}"
"c2db9646-6053-52aa-b6f1-9d39f569c37f","chembl_assay","chembl_assay","chembl","gold","26","CHEMBL1125940","chembl:CHEMBL676101","eca6af145bbab0e0efe24f6ad3606db08a66aec74400f9622f43202ed36a1d2c","39319fa7c732df7ece2290da436c08cfc68bfd51865555ae7fdbbf4c0efdba8f","eca6af145bbab0e0efe24f6ad3606db08a66aec74400f9622f43202ed36a1d2c","included","","","","","","","","","include","2026-06-30T10:38:04.306876+00:00","{""aidx"": ""CLD0"", ""assay_category"": null, ""assay_cell_type"": ""A10"", ""assay_chembl_id"": ""CHEMBL676101"", ""assay_classifications"": [], ""assay_group"": null, ""assay_organism"": ""Rattus norvegicus"", ""assay_parameters"": [], ""assay_strain"": null, ""assay_subcellular_fraction"": null, ""assay_tax_id"": 10116, ""assay_test_type"": null, ""assay_tissue"": ""Thoracic aorta"", ""assay_type"": ""B"", ""assay_type_description"": ""Binding"", ""bao_format"": ""BAO_0000221"", ""bao_label"": ""tissue-based format"", ""cell_chembl_id"": ""CHEMBL3307383"", ""confidence_description"": ""Direct single protein target assigned"", ""confidence_score"": 9, ""description"": ""Binding affinity towards Endothelin A receptor in A10 rat thoracic aorta smooth muscle cells using [125I]ET1 as radioligand"", ""document_chembl_id"": ""CHEMBL1125940"", ""relationship_description"": ""Direct protein target assigned"", ""relationship_type"": ""D"", ""src_assay_id"": null, ""src_id"": 1, ""target_chembl_id"": ""CHEMBL4566"", ""tissue_chembl_id"": ""CHEMBL3638215"", ""variant_sequence"": null}","{""_dq_error"": false, ""_dq_warn"": false, ""_index"": 26, ""_ingestion_ts"": ""2026-06-30T10:37:34.714862+00:00"", ""_run_id"": ""c2db9646-6053-52aa-b6f1-9d39f569c37f"", ""_run_type"": ""backfill"", ""_source_batch_id"": ""673b5511-3446-5f04-953c-31bc9bd1cef7"", ""aidx"": ""CLD0"", ""assay_category"": null, ""assay_cell_type"": ""A10"", ""assay_classifications"": null, ""assay_group"": null, ""assay_id"": ""CHEMBL676101"", ""assay_organism"": ""Rattus norvegicus"", ""assay_parameters"": null, ""assay_pref_name"": null, ""assay_strain"": null, ""assay_subcellular_fraction"": null, ""assay_subcellular_fraction_raw"": null, ""assay_taxonomy_id"": 10116, ""assay_test_type"": null, ""assay_tissue"": ""Thoracic aorta"", ""assay_type"": ""B"", ""assay_type_description"": ""Binding"", ""bao_format"": ""BAO_0000221"", ""bao_format_iri"": ""https://purl.obolibrary.org/obo/BAO_0000221"", ""bao_format_mapping_status"": ""mapped"", ""bao_label"": ""tissue-based format"", ""bao_ontology_version"": ""2.8.18a"", ""cell_id"": ""CHEMBL3307383"", ""confidence_description"": ""Direct single protein target assigned"", ""confidence_score"": 9.0, ""content_hash"": ""eca6af145bbab0e0efe24f6ad3606db08a66aec74400f9622f43202ed36a1d2c"", ""description"": ""Binding affinity towards Endothelin A receptor in A10 rat thoracic aorta smooth muscle cells using [125I]ET1 as radioligand"", ""entity_id"": ""chembl:CHEMBL676101"", ""publication_id"": ""CHEMBL1125940"", ""relationship_description"": ""Direct protein target assigned"", ""relationship_type"": ""D"", ""score"": null, ""src_assay_id"": null, ""src_id"": 1, ""target_id"": ""CHEMBL4566"", ""tissue_id"": ""CHEMBL3638215"", ""variant_accession"": null, ""variant_isoform"": null, ""variant_mutation"": null, ""variant_organism"": null, ""variant_sequence"": null, ""variant_sequence_json"": null, ""variant_taxonomy_id"": null}"
"c2db9646-6053-52aa-b6f1-9d39f569c37f","chembl_assay","chembl_assay","chembl","gold","27","CHEMBL1125940","chembl:CHEMBL676102","af869ea39df2efb4b709918c2bf04bac5c4611abd1b3bcbba1457c4816849312","560ddd1e26cb899267d6a27d5f6200fe5b92bf16f577af51d2a8625dde3fa094","af869ea39df2efb4b709918c2bf04bac5c4611abd1b3bcbba1457c4816849312","included","","","","","","","","","include","2026-06-30T10:38:04.308136+00:00","{""aidx"": ""CLD0"", ""assay_category"": null, ""assay_cell_type"": ""A10"", ""assay_chembl_id"": ""CHEMBL676102"", ""assay_classifications"": [], ""assay_group"": null, ""assay_organism"": ""Rattus norvegicus"", ""assay_parameters"": [], ""assay_strain"": null, ""assay_subcellular_fraction"": null, ""assay_tax_id"": 10116, ""assay_test_type"": null, ""assay_tissue"": ""Thoracic aorta"", ""assay_type"": ""B"", ""assay_type_description"": ""Binding"", ""bao_format"": ""BAO_0000221"", ""bao_label"": ""tissue-based format"", ""cell_chembl_id"": ""CHEMBL3307383"", ""confidence_description"": ""Direct single protein target assigned"", ""confidence_score"": 9, ""description"": ""Binding affinity towards Endothelin A receptor in A10 rat thoracic aorta smooth muscle cells using [125I]ET1 as radioligand (Exp 1)"", ""document_chembl_id"": ""CHEMBL1125940"", ""relationship_description"": ""Direct protein target assigned"", ""relationship_type"": ""D"", ""src_assay_id"": null, ""src_id"": 1, ""target_chembl_id"": ""CHEMBL4566"", ""tissue_chembl_id"": ""CHEMBL3638215"", ""variant_sequence"": null}","{""_dq_error"": false, ""_dq_warn"": false, ""_index"": 27, ""_ingestion_ts"": ""2026-06-30T10:37:34.714862+00:00"", ""_run_id"": ""c2db9646-6053-52aa-b6f1-9d39f569c37f"", ""_run_type"": ""backfill"", ""_source_batch_id"": ""673b5511-3446-5f04-953c-31bc9bd1cef7"", ""aidx"": ""CLD0"", ""assay_category"": null, ""assay_cell_type"": ""A10"", ""assay_classifications"": null, ""assay_group"": null, ""assay_id"": ""CHEMBL676102"", ""assay_organism"": ""Rattus norvegicus"", ""assay_parameters"": null, ""assay_pref_name"": null, ""assay_strain"": null, ""assay_subcellular_fraction"": null, ""assay_subcellular_fraction_raw"": null, ""assay_taxonomy_id"": 10116, ""assay_test_type"": null, ""assay_tissue"": ""Thoracic aorta"", ""assay_type"": ""B"", ""assay_type_description"": ""Binding"", ""bao_format"": ""BAO_0000221"", ""bao_format_iri"": ""https://purl.obolibrary.org/obo/BAO_0000221"", ""bao_format_mapping_status"": ""mapped"", ""bao_label"": ""tissue-based format"", ""bao_ontology_version"": ""2.8.18a"", ""cell_id"": ""CHEMBL3307383"", ""confidence_description"": ""Direct single protein target assigned"", ""confidence_score"": 9.0, ""content_hash"": ""af869ea39df2efb4b709918c2bf04bac5c4611abd1b3bcbba1457c4816849312"", ""description"": ""Binding affinity towards Endothelin A receptor in A10 rat thoracic aorta smooth muscle cells using [125I]ET1 as radioligand (Exp 1)"", ""entity_id"": ""chembl:CHEMBL676102"", ""publication_id"": ""CHEMBL1125940"", ""relationship_description"": ""Direct protein target assigned"", ""relationship_type"": ""D"", ""score"": null, ""src_assay_id"": null, ""src_id"": 1, ""target_id"": ""CHEMBL4566"", ""tissue_id"": ""CHEMBL3638215"", ""variant_accession"": null, ""variant_isoform"": null, ""variant_mutation"": null, ""variant_organism"": null, ""variant_sequence"": null, ""variant_sequence_json"": null, ""variant_taxonomy_id"": null}"
"c2db9646-6053-52aa-b6f1-9d39f569c37f","chembl_assay","chembl_assay","chembl","gold","28","CHEMBL1125940","chembl:CHEMBL676103","6ac4393b280e0ed95f8509b4b983f7445b03291a3fb54d6d540788e206ca0154","cd3d72fa787138b69bfb5d7655e9ba1fcf105ab0ceb44fe3c0a1c68736c18f4b","6ac4393b280e0ed95f8509b4b983f7445b03291a3fb54d6d540788e206ca0154","included","","","","","","","","","include","2026-06-30T10:38:04.309669+00:00","{""aidx"": ""CLD0"", ""assay_category"": null, ""assay_cell_type"": ""A10"", ""assay_chembl_id"": ""CHEMBL676103"", ""assay_classifications"": [], ""assay_group"": null, ""assay_organism"": ""Rattus norvegicus"", ""assay_parameters"": [], ""assay_strain"": null, ""assay_subcellular_fraction"": null, ""assay_tax_id"": 10116, ""assay_test_type"": null, ""assay_tissue"": ""Thoracic aorta"", ""assay_type"": ""B"", ""assay_type_description"": ""Binding"", ""bao_format"": ""BAO_0000221"", ""bao_label"": ""tissue-based format"", ""cell_chembl_id"": ""CHEMBL3307383"", ""confidence_description"": ""Direct single protein target assigned"", ""confidence_score"": 9, ""description"": ""Binding affinity towards Endothelin A receptor in A10 rat thoracic aorta smooth muscle cells using [125I]ET1 as radioligand (Exp 2)"", ""document_chembl_id"": ""CHEMBL1125940"", ""relationship_description"": ""Direct protein target assigned"", ""relationship_type"": ""D"", ""src_assay_id"": null, ""src_id"": 1, ""target_chembl_id"": ""CHEMBL4566"", ""tissue_chembl_id"": ""CHEMBL3638215"", ""variant_sequence"": null}","{""_dq_error"": false, ""_dq_warn"": false, ""_index"": 28, ""_ingestion_ts"": ""2026-06-30T10:37:34.714862+00:00"", ""_run_id"": ""c2db9646-6053-52aa-b6f1-9d39f569c37f"", ""_run_type"": ""backfill"", ""_source_batch_id"": ""673b5511-3446-5f04-953c-31bc9bd1cef7"", ""aidx"": ""CLD0"", ""assay_category"": null, ""assay_cell_type"": ""A10"", ""assay_classifications"": null, ""assay_group"": null, ""assay_id"": ""CHEMBL676103"", ""assay_organism"": ""Rattus norvegicus"", ""assay_parameters"": null, ""assay_pref_name"": null, ""assay_strain"": null, ""assay_subcellular_fraction"": null, ""assay_subcellular_fraction_raw"": null, ""assay_taxonomy_id"": 10116, ""assay_test_type"": null, ""assay_tissue"": ""Thoracic aorta"", ""assay_type"": ""B"", ""assay_type_description"": ""Binding"", ""bao_format"": ""BAO_0000221"", ""bao_format_iri"": ""https://purl.obolibrary.org/obo/BAO_0000221"", ""bao_format_mapping_status"": ""mapped"", ""bao_label"": ""tissue-based format"", ""bao_ontology_version"": ""2.8.18a"", ""cell_id"": ""CHEMBL3307383"", ""confidence_description"": ""Direct single protein target assigned"", ""confidence_score"": 9.0, ""content_hash"": ""6ac4393b280e0ed95f8509b4b983f7445b03291a3fb54d6d540788e206ca0154"", ""description"": ""Binding affinity towards Endothelin A receptor in A10 rat thoracic aorta smooth muscle cells using [125I]ET1 as radioligand (Exp 2)"", ""entity_id"": ""chembl:CHEMBL676103"", ""publication_id"": ""CHEMBL1125940"", ""relationship_description"": ""Direct protein target assigned"", ""relationship_type"": ""D"", ""score"": null, ""src_assay_id"": null, ""src_id"": 1, ""target_id"": ""CHEMBL4566"", ""tissue_id"": ""CHEMBL3638215"", ""variant_accession"": null, ""variant_isoform"": null, ""variant_mutation"": null, ""variant_organism"": null, ""variant_sequence"": null, ""variant_sequence_json"": null, ""variant_taxonomy_id"": null}"
"c2db9646-6053-52aa-b6f1-9d39f569c37f","chembl_assay","chembl_assay","chembl","gold","29","CHEMBL1135998","chembl:CHEMBL679499","5239becd8a0fb4d2bf3cf1b81cd7080d0284749e39cc9483f6365060b75c4581","332b658c57a5e132adc56242d3c62b1104c104a580a99835c3c0d13ed5900a7b","5239becd8a0fb4d2bf3cf1b81cd7080d0284749e39cc9483f6365060b75c4581","included","","","","","","","","","include","2026-06-30T10:38:04.311383+00:00","{""aidx"": ""CLD0"", ""assay_category"": null, ""assay_cell_type"": ""AML"", ""assay_chembl_id"": ""CHEMBL679499"", ""assay_classifications"": [], ""assay_group"": null, ""assay_organism"": ""Homo sapiens"", ""assay_parameters"": [], ""assay_strain"": null, ""assay_subcellular_fraction"": null, ""assay_tax_id"": 9606, ""assay_test_type"": ""In vitro"", ""assay_tissue"": null, ""assay_type"": ""F"", ""assay_type_description"": ""Functional"", ""bao_format"": ""BAO_0000219"", ""bao_label"": ""cell-based format"", ""cell_chembl_id"": null, ""confidence_description"": ""Direct single protein target assigned"", ""confidence_score"": 9, ""description"": ""Inhibition of Flt3/ITD mutant expressed in hematopoietic cells or AML cell lines; range = 30-100 nM"", ""document_chembl_id"": ""CHEMBL1135998"", ""relationship_description"": ""Direct protein target assigned"", ""relationship_type"": ""D"", ""src_assay_id"": null, ""src_id"": 1, ""target_chembl_id"": ""CHEMBL1974"", ""tissue_chembl_id"": null, ""variant_sequence"": null}","{""_dq_error"": false, ""_dq_warn"": false, ""_index"": 29, ""_ingestion_ts"": ""2026-06-30T10:37:34.714862+00:00"", ""_run_id"": ""c2db9646-6053-52aa-b6f1-9d39f569c37f"", ""_run_type"": ""backfill"", ""_source_batch_id"": ""673b5511-3446-5f04-953c-31bc9bd1cef7"", ""aidx"": ""CLD0"", ""assay_category"": null, ""assay_cell_type"": ""AML"", ""assay_classifications"": null, ""assay_group"": null, ""assay_id"": ""CHEMBL679499"", ""assay_organism"": ""Homo sapiens"", ""assay_parameters"": null, ""assay_pref_name"": null, ""assay_strain"": null, ""assay_subcellular_fraction"": null, ""assay_subcellular_fraction_raw"": null, ""assay_taxonomy_id"": 9606, ""assay_test_type"": ""In vitro"", ""assay_tissue"": null, ""assay_type"": ""F"", ""assay_type_description"": ""Functional"", ""bao_format"": ""BAO_0000219"", ""bao_format_iri"": ""https://purl.obolibrary.org/obo/BAO_0000219"", ""bao_format_mapping_status"": ""mapped"", ""bao_label"": ""cell-based format"", ""bao_ontology_version"": ""2.8.18a"", ""cell_id"": null, ""confidence_description"": ""Direct single protein target assigned"", ""confidence_score"": 9.0, ""content_hash"": ""5239becd8a0fb4d2bf3cf1b81cd7080d0284749e39cc9483f6365060b75c4581"", ""description"": ""Inhibition of Flt3/ITD mutant expressed in hematopoietic cells or AML cell lines; range = 30-100 nM"", ""entity_id"": ""chembl:CHEMBL679499"", ""publication_id"": ""CHEMBL1135998"", ""relationship_description"": ""Direct protein target assigned"", ""relationship_type"": ""D"", ""score"": null, ""src_assay_id"": null, ""src_id"": 1, ""target_id"": ""CHEMBL1974"", ""tissue_id"": null, ""variant_accession"": null, ""variant_isoform"": null, ""variant_mutation"": null, ""variant_organism"": null, ""variant_sequence"": null, ""variant_sequence_json"": null, ""variant_taxonomy_id"": null}"
"c2db9646-6053-52aa-b6f1-9d39f569c37f","chembl_assay","chembl_assay","chembl","gold","30","CHEMBL1135998","chembl:CHEMBL679500","3764e63f734f36363df806a0061ca9e3439e4b4faea1e2ae6d7cbaaeda8bab8f","d3acdf59dd756e3b69679d6121d53ca563c1bd61f468fde52a2fab5132735c76","3764e63f734f36363df806a0061ca9e3439e4b4faea1e2ae6d7cbaaeda8bab8f","included","","","","","","","","","include","2026-06-30T10:38:04.312879+00:00","{""aidx"": ""CLD0"", ""assay_category"": null, ""assay_cell_type"": ""AML"", ""assay_chembl_id"": ""CHEMBL679500"", ""assay_classifications"": [], ""assay_group"": null, ""assay_organism"": ""Homo sapiens"", ""assay_parameters"": [], ""assay_strain"": null, ""assay_subcellular_fraction"": null, ""assay_tax_id"": 9606, ""assay_test_type"": ""In vitro"", ""assay_tissue"": null, ""assay_type"": ""F"", ""assay_type_description"": ""Functional"", ""bao_format"": ""BAO_0000219"", ""bao_label"": ""cell-based format"", ""cell_chembl_id"": null, ""confidence_description"": ""Direct single protein target assigned"", ""confidence_score"": 9, ""description"": ""Inhibition of Flt3/ITD mutant expressed in hematopoietic cells or AML cell lines; range = 30-100 nM"", ""document_chembl_id"": ""CHEMBL1135998"", ""relationship_description"": ""Direct protein target assigned"", ""relationship_type"": ""D"", ""src_assay_id"": null, ""src_id"": 1, ""target_chembl_id"": ""CHEMBL1974"", ""tissue_chembl_id"": null, ""variant_sequence"": null}","{""_dq_error"": false, ""_dq_warn"": false, ""_index"": 30, ""_ingestion_ts"": ""2026-06-30T10:37:34.714862+00:00"", ""_run_id"": ""c2db9646-6053-52aa-b6f1-9d39f569c37f"", ""_run_type"": ""backfill"", ""_source_batch_id"": ""673b5511-3446-5f04-953c-31bc9bd1cef7"", ""aidx"": ""CLD0"", ""assay_category"": null, ""assay_cell_type"": ""AML"", ""assay_classifications"": null, ""assay_group"": null, ""assay_id"": ""CHEMBL679500"", ""assay_organism"": ""Homo sapiens"", ""assay_parameters"": null, ""assay_pref_name"": null, ""assay_strain"": null, ""assay_subcellular_fraction"": null, ""assay_subcellular_fraction_raw"": null, ""assay_taxonomy_id"": 9606, ""assay_test_type"": ""In vitro"", ""assay_tissue"": null, ""assay_type"": ""F"", ""assay_type_description"": ""Functional"", ""bao_format"": ""BAO_0000219"", ""bao_format_iri"": ""https://purl.obolibrary.org/obo/BAO_0000219"", ""bao_format_mapping_status"": ""mapped"", ""bao_label"": ""cell-based format"", ""bao_ontology_version"": ""2.8.18a"", ""cell_id"": null, ""confidence_description"": ""Direct single protein target assigned"", ""confidence_score"": 9.0, ""content_hash"": ""3764e63f734f36363df806a0061ca9e3439e4b4faea1e2ae6d7cbaaeda8bab8f"", ""description"": ""Inhibition of Flt3/ITD mutant expressed in hematopoietic cells or AML cell lines; range = 30-100 nM"", ""entity_id"": ""chembl:CHEMBL679500"", ""publication_id"": ""CHEMBL1135998"", ""relationship_description"": ""Direct protein target assigned"", ""relationship_type"": ""D"", ""score"": null, ""src_assay_id"": null, ""src_id"": 1, ""target_id"": ""CHEMBL1974"", ""tissue_id"": null, ""variant_accession"": null, ""variant_isoform"": null, ""variant_mutation"": null, ""variant_organism"": null, ""variant_sequence"": null, ""variant_sequence_json"": null, ""variant_taxonomy_id"": null}"
"c2db9646-6053-52aa-b6f1-9d39f569c37f","chembl_assay","chembl_assay","chembl","gold","31","CHEMBL1126055","chembl:CHEMBL675245","55bd5950aee18083f1514df6f85f85ab72ddc5f72d03405aad82ee5e14feaced","3c4c1b77156fb03d1f96963bba52f2982b733f1ff0c9724e9fd3b1543547a8d1","55bd5950aee18083f1514df6f85f85ab72ddc5f72d03405aad82ee5e14feaced","included","","","","","","","","","include","2026-06-30T10:38:04.314073+00:00","{""aidx"": ""CLD0"", ""assay_category"": null, ""assay_cell_type"": ""C3H 10T1/2"", ""assay_chembl_id"": ""CHEMBL675245"", ""assay_classifications"": [], ""assay_group"": null, ""assay_organism"": ""Mus musculus"", ""assay_parameters"": [], ""assay_strain"": null, ""assay_subcellular_fraction"": null, ""assay_tax_id"": 10090, ""assay_test_type"": null, ""assay_tissue"": null, ""assay_type"": ""F"", ""assay_type_description"": ""Functional"", ""bao_format"": ""BAO_0000219"", ""bao_label"": ""cell-based format"", ""cell_chembl_id"": ""CHEMBL3307493"", ""confidence_description"": ""Direct single protein target assigned"", ""confidence_score"": 9, ""description"": ""Inhibition of epidermal growth factor binding in C3H10T1/2 cells"", ""document_chembl_id"": ""CHEMBL1126055"", ""relationship_description"": ""Direct protein target assigned"", ""relationship_type"": ""D"", ""src_assay_id"": null, ""src_id"": 1, ""target_chembl_id"": ""CHEMBL3608"", ""tissue_chembl_id"": null, ""variant_sequence"": null}","{""_dq_error"": false, ""_dq_warn"": false, ""_index"": 31, ""_ingestion_ts"": ""2026-06-30T10:37:34.714862+00:00"", ""_run_id"": ""c2db9646-6053-52aa-b6f1-9d39f569c37f"", ""_run_type"": ""backfill"", ""_source_batch_id"": ""673b5511-3446-5f04-953c-31bc9bd1cef7"", ""aidx"": ""CLD0"", ""assay_category"": null, ""assay_cell_type"": ""C3H 10T1/2"", ""assay_classifications"": null, ""assay_group"": null, ""assay_id"": ""CHEMBL675245"", ""assay_organism"": ""Mus musculus"", ""assay_parameters"": null, ""assay_pref_name"": null, ""assay_strain"": null, ""assay_subcellular_fraction"": null, ""assay_subcellular_fraction_raw"": null, ""assay_taxonomy_id"": 10090, ""assay_test_type"": null, ""assay_tissue"": null, ""assay_type"": ""F"", ""assay_type_description"": ""Functional"", ""bao_format"": ""BAO_0000219"", ""bao_format_iri"": ""https://purl.obolibrary.org/obo/BAO_0000219"", ""bao_format_mapping_status"": ""mapped"", ""bao_label"": ""cell-based format"", ""bao_ontology_version"": ""2.8.18a"", ""cell_id"": ""CHEMBL3307493"", ""confidence_description"": ""Direct single protein target assigned"", ""confidence_score"": 9.0, ""content_hash"": ""55bd5950aee18083f1514df6f85f85ab72ddc5f72d03405aad82ee5e14feaced"", ""description"": ""Inhibition of epidermal growth factor binding in C3H10T1/2 cells"", ""entity_id"": ""chembl:CHEMBL675245"", ""publication_id"": ""CHEMBL1126055"", ""relationship_description"": ""Direct protein target assigned"", ""relationship_type"": ""D"", ""score"": null, ""src_assay_id"": null, ""src_id"": 1, ""target_id"": ""CHEMBL3608"", ""tissue_id"": null, ""variant_accession"": null, ""variant_isoform"": null, ""variant_mutation"": null, ""variant_organism"": null, ""variant_sequence"": null, ""variant_sequence_json"": null, ""variant_taxonomy_id"": null}"
"c2db9646-6053-52aa-b6f1-9d39f569c37f","chembl_assay","chembl_assay","chembl","gold","32","CHEMBL1132603","chembl:CHEMBL670408","4a541f905d710ad96bc1ac49acea1d8ace81a1674140d3d5384a46703fc48ef1","e8e1c8cc9db1eb2a5742f9377e309f326281fc74d30ea7c921ac80ad83956b37","4a541f905d710ad96bc1ac49acea1d8ace81a1674140d3d5384a46703fc48ef1","included","","","","","","","","","include","2026-06-30T10:38:04.315247+00:00","{""aidx"": ""CLD0"", ""assay_category"": null, ""assay_cell_type"": ""C6"", ""assay_chembl_id"": ""CHEMBL670408"", ""assay_classifications"": [], ""assay_group"": null, ""assay_organism"": ""Rattus norvegicus"", ""assay_parameters"": [], ""assay_strain"": null, ""assay_subcellular_fraction"": null, ""assay_tax_id"": 10116, ""assay_test_type"": null, ""assay_tissue"": null, ""assay_type"": ""B"", ""assay_type_description"": ""Binding"", ""bao_format"": ""BAO_0000219"", ""bao_label"": ""cell-based format"", ""cell_chembl_id"": ""CHEMBL3308345"", ""confidence_description"": ""Direct single protein target assigned"", ""confidence_score"": 9, ""description"": ""Affinity on C6 glioma cells transfected with Dopamine receptor D2L"", ""document_chembl_id"": ""CHEMBL1132603"", ""relationship_description"": ""Direct protein target assigned"", ""relationship_type"": ""D"", ""src_assay_id"": null, ""src_id"": 1, ""target_chembl_id"": ""CHEMBL339"", ""tissue_chembl_id"": null, ""variant_sequence"": null}","{""_dq_error"": false, ""_dq_warn"": false, ""_index"": 32, ""_ingestion_ts"": ""2026-06-30T10:37:34.714862+00:00"", ""_run_id"": ""c2db9646-6053-52aa-b6f1-9d39f569c37f"", ""_run_type"": ""backfill"", ""_source_batch_id"": ""673b5511-3446-5f04-953c-31bc9bd1cef7"", ""aidx"": ""CLD0"", ""assay_category"": null, ""assay_cell_type"": ""C6"", ""assay_classifications"": null, ""assay_group"": null, ""assay_id"": ""CHEMBL670408"", ""assay_organism"": ""Rattus norvegicus"", ""assay_parameters"": null, ""assay_pref_name"": null, ""assay_strain"": null, ""assay_subcellular_fraction"": null, ""assay_subcellular_fraction_raw"": null, ""assay_taxonomy_id"": 10116, ""assay_test_type"": null, ""assay_tissue"": null, ""assay_type"": ""B"", ""assay_type_description"": ""Binding"", ""bao_format"": ""BAO_0000219"", ""bao_format_iri"": ""https://purl.obolibrary.org/obo/BAO_0000219"", ""bao_format_mapping_status"": ""mapped"", ""bao_label"": ""cell-based format"", ""bao_ontology_version"": ""2.8.18a"", ""cell_id"": ""CHEMBL3308345"", ""confidence_description"": ""Direct single protein target assigned"", ""confidence_score"": 9.0, ""content_hash"": ""4a541f905d710ad96bc1ac49acea1d8ace81a1674140d3d5384a46703fc48ef1"", ""description"": ""Affinity on C6 glioma cells transfected with Dopamine receptor D2L"", ""entity_id"": ""chembl:CHEMBL670408"", ""publication_id"": ""CHEMBL1132603"", ""relationship_description"": ""Direct protein target assigned"", ""relationship_type"": ""D"", ""score"": null, ""src_assay_id"": null, ""src_id"": 1, ""target_id"": ""CHEMBL339"", ""tissue_id"": null, ""variant_accession"": null, ""variant_isoform"": null, ""variant_mutation"": null, ""variant_organism"": null, ""variant_sequence"": null, ""variant_sequence_json"": null, ""variant_taxonomy_id"": null}"
"c2db9646-6053-52aa-b6f1-9d39f569c37f","chembl_assay","chembl_assay","chembl","gold","33","CHEMBL1132603","chembl:CHEMBL671914","7eee3923f6ed88dc55d8e13a8d4c1f00bce14e4d8e9100ff8b1fa5ef26e3544d","41f24f05b17ff55c6e614e1adb7b9e6051a57067ff0a94a66ff89614cba63ead","7eee3923f6ed88dc55d8e13a8d4c1f00bce14e4d8e9100ff8b1fa5ef26e3544d","included","","","","","","","","","include","2026-06-30T10:38:04.316356+00:00","{""aidx"": ""CLD0"", ""assay_category"": null, ""assay_cell_type"": ""C6"", ""assay_chembl_id"": ""CHEMBL671914"", ""assay_classifications"": [], ""assay_group"": null, ""assay_organism"": ""Rattus norvegicus"", ""assay_parameters"": [], ""assay_strain"": null, ""assay_subcellular_fraction"": null, ""assay_tax_id"": 10116, ""assay_test_type"": null, ""assay_tissue"": null, ""assay_type"": ""B"", ""assay_type_description"": ""Binding"", ""bao_format"": ""BAO_0000219"", ""bao_label"": ""cell-based format"", ""cell_chembl_id"": ""CHEMBL3308345"", ""confidence_description"": ""Direct single protein target assigned"", ""confidence_score"": 9, ""description"": ""Affinity on C6 glioma cells transfected with Dopamine receptor D3"", ""document_chembl_id"": ""CHEMBL1132603"", ""relationship_description"": ""Direct protein target assigned"", ""relationship_type"": ""D"", ""src_assay_id"": null, ""src_id"": 1, ""target_chembl_id"": ""CHEMBL3138"", ""tissue_chembl_id"": null, ""variant_sequence"": null}","{""_dq_error"": false, ""_dq_warn"": false, ""_index"": 33, ""_ingestion_ts"": ""2026-06-30T10:37:34.714862+00:00"", ""_run_id"": ""c2db9646-6053-52aa-b6f1-9d39f569c37f"", ""_run_type"": ""backfill"", ""_source_batch_id"": ""673b5511-3446-5f04-953c-31bc9bd1cef7"", ""aidx"": ""CLD0"", ""assay_category"": null, ""assay_cell_type"": ""C6"", ""assay_classifications"": null, ""assay_group"": null, ""assay_id"": ""CHEMBL671914"", ""assay_organism"": ""Rattus norvegicus"", ""assay_parameters"": null, ""assay_pref_name"": null, ""assay_strain"": null, ""assay_subcellular_fraction"": null, ""assay_subcellular_fraction_raw"": null, ""assay_taxonomy_id"": 10116, ""assay_test_type"": null, ""assay_tissue"": null, ""assay_type"": ""B"", ""assay_type_description"": ""Binding"", ""bao_format"": ""BAO_0000219"", ""bao_format_iri"": ""https://purl.obolibrary.org/obo/BAO_0000219"", ""bao_format_mapping_status"": ""mapped"", ""bao_label"": ""cell-based format"", ""bao_ontology_version"": ""2.8.18a"", ""cell_id"": ""CHEMBL3308345"", ""confidence_description"": ""Direct single protein target assigned"", ""confidence_score"": 9.0, ""content_hash"": ""7eee3923f6ed88dc55d8e13a8d4c1f00bce14e4d8e9100ff8b1fa5ef26e3544d"", ""description"": ""Affinity on C6 glioma cells transfected with Dopamine receptor D3"", ""entity_id"": ""chembl:CHEMBL671914"", ""publication_id"": ""CHEMBL1132603"", ""relationship_description"": ""Direct protein target assigned"", ""relationship_type"": ""D"", ""score"": null, ""src_assay_id"": null, ""src_id"": 1, ""target_id"": ""CHEMBL3138"", ""tissue_id"": null, ""variant_accession"": null, ""variant_isoform"": null, ""variant_mutation"": null, ""variant_organism"": null, ""variant_sequence"": null, ""variant_sequence_json"": null, ""variant_taxonomy_id"": null}"
"c2db9646-6053-52aa-b6f1-9d39f569c37f","chembl_assay","chembl_assay","chembl","gold","34","CHEMBL1134812","chembl:CHEMBL665385","2b2a24f86170c2701996f817ab1ca174603e486477790f5884b2dbd8d9f8587f","e859ccd43a4ef2ad9d13b8408ac92016ad81edd35c525794f51b4cf558ca8550","2b2a24f86170c2701996f817ab1ca174603e486477790f5884b2dbd8d9f8587f","included","","","","","","","","","include","2026-06-30T10:38:04.317662+00:00","{""aidx"": ""CLD0"", ""assay_category"": null, ""assay_cell_type"": ""CHO"", ""assay_chembl_id"": ""CHEMBL665385"", ""assay_classifications"": [], ""assay_group"": null, ""assay_organism"": ""Homo sapiens"", ""assay_parameters"": [], ""assay_strain"": null, ""assay_subcellular_fraction"": null, ""assay_tax_id"": 9606, ""assay_test_type"": null, ""assay_tissue"": null, ""assay_type"": ""B"", ""assay_type_description"": ""Binding"", ""bao_format"": ""BAO_0000219"", ""bao_label"": ""cell-based format"", ""cell_chembl_id"": ""CHEMBL3308072"", ""confidence_description"": ""Direct single protein target assigned"", ""confidence_score"": 9, ""description"": ""In vitro for its ability to displace [3H]- spiperone from cloned human dopamine D2 short receptor expressed in CHO cells"", ""document_chembl_id"": ""CHEMBL1134812"", ""relationship_description"": ""Direct protein target assigned"", ""relationship_type"": ""D"", ""src_assay_id"": null, ""src_id"": 1, ""target_chembl_id"": ""CHEMBL217"", ""tissue_chembl_id"": null, ""variant_sequence"": null}","{""_dq_error"": false, ""_dq_warn"": false, ""_index"": 34, ""_ingestion_ts"": ""2026-06-30T10:37:34.714862+00:00"", ""_run_id"": ""c2db9646-6053-52aa-b6f1-9d39f569c37f"", ""_run_type"": ""backfill"", ""_source_batch_id"": ""673b5511-3446-5f04-953c-31bc9bd1cef7"", ""aidx"": ""CLD0"", ""assay_category"": null, ""assay_cell_type"": ""CHO"", ""assay_classifications"": null, ""assay_group"": null, ""assay_id"": ""CHEMBL665385"", ""assay_organism"": ""Homo sapiens"", ""assay_parameters"": null, ""assay_pref_name"": null, ""assay_strain"": null, ""assay_subcellular_fraction"": null, ""assay_subcellular_fraction_raw"": null, ""assay_taxonomy_id"": 9606, ""assay_test_type"": null, ""assay_tissue"": null, ""assay_type"": ""B"", ""assay_type_description"": ""Binding"", ""bao_format"": ""BAO_0000219"", ""bao_format_iri"": ""https://purl.obolibrary.org/obo/BAO_0000219"", ""bao_format_mapping_status"": ""mapped"", ""bao_label"": ""cell-based format"", ""bao_ontology_version"": ""2.8.18a"", ""cell_id"": ""CHEMBL3308072"", ""confidence_description"": ""Direct single protein target assigned"", ""confidence_score"": 9.0, ""content_hash"": ""2b2a24f86170c2701996f817ab1ca174603e486477790f5884b2dbd8d9f8587f"", ""description"": ""In vitro for its ability to displace [3H]- spiperone from cloned human dopamine D2 short receptor expressed in CHO cells"", ""entity_id"": ""chembl:CHEMBL665385"", ""publication_id"": ""CHEMBL1134812"", ""relationship_description"": ""Direct protein target assigned"", ""relationship_type"": ""D"", ""score"": null, ""src_assay_id"": null, ""src_id"": 1, ""target_id"": ""CHEMBL217"", ""tissue_id"": null, ""variant_accession"": null, ""variant_isoform"": null, ""variant_mutation"": null, ""variant_organism"": null, ""variant_sequence"": null, ""variant_sequence_json"": null, ""variant_taxonomy_id"": null}"
"c2db9646-6053-52aa-b6f1-9d39f569c37f","chembl_assay","chembl_assay","chembl","gold","35","CHEMBL1149936","chembl:CHEMBL666891","8e4cb853aee1940d326ca952f129cbda873f6eca8b4ed51c25b54898a0abc091","192163f651097ded697c4d9ddbcc29c37115c917f7f3f383dfd9e9470e29b769","8e4cb853aee1940d326ca952f129cbda873f6eca8b4ed51c25b54898a0abc091","included","","","","","","","","","include","2026-06-30T10:38:04.319037+00:00","{""aidx"": ""CLD0"", ""assay_category"": null, ""assay_cell_type"": ""CHO"", ""assay_chembl_id"": ""CHEMBL666891"", ""assay_classifications"": [], ""assay_group"": null, ""assay_organism"": ""Homo sapiens"", ""assay_parameters"": [], ""assay_strain"": null, ""assay_subcellular_fraction"": null, ""assay_tax_id"": 9606, ""assay_test_type"": null, ""assay_tissue"": null, ""assay_type"": ""B"", ""assay_type_description"": ""Binding"", ""bao_format"": ""BAO_0000219"", ""bao_label"": ""cell-based format"", ""cell_chembl_id"": ""CHEMBL3308072"", ""confidence_description"": ""Direct single protein target assigned"", ""confidence_score"": 9, ""description"": ""Binding affinity towards cloned human Dopamine D3 receptor in CHO cells using [3H]spiperone as radioligand"", ""document_chembl_id"": ""CHEMBL1149936"", ""relationship_description"": ""Direct protein target assigned"", ""relationship_type"": ""D"", ""src_assay_id"": null, ""src_id"": 1, ""target_chembl_id"": ""CHEMBL234"", ""tissue_chembl_id"": null, ""variant_sequence"": null}","{""_dq_error"": false, ""_dq_warn"": false, ""_index"": 35, ""_ingestion_ts"": ""2026-06-30T10:37:34.714862+00:00"", ""_run_id"": ""c2db9646-6053-52aa-b6f1-9d39f569c37f"", ""_run_type"": ""backfill"", ""_source_batch_id"": ""673b5511-3446-5f04-953c-31bc9bd1cef7"", ""aidx"": ""CLD0"", ""assay_category"": null, ""assay_cell_type"": ""CHO"", ""assay_classifications"": null, ""assay_group"": null, ""assay_id"": ""CHEMBL666891"", ""assay_organism"": ""Homo sapiens"", ""assay_parameters"": null, ""assay_pref_name"": null, ""assay_strain"": null, ""assay_subcellular_fraction"": null, ""assay_subcellular_fraction_raw"": null, ""assay_taxonomy_id"": 9606, ""assay_test_type"": null, ""assay_tissue"": null, ""assay_type"": ""B"", ""assay_type_description"": ""Binding"", ""bao_format"": ""BAO_0000219"", ""bao_format_iri"": ""https://purl.obolibrary.org/obo/BAO_0000219"", ""bao_format_mapping_status"": ""mapped"", ""bao_label"": ""cell-based format"", ""bao_ontology_version"": ""2.8.18a"", ""cell_id"": ""CHEMBL3308072"", ""confidence_description"": ""Direct single protein target assigned"", ""confidence_score"": 9.0, ""content_hash"": ""8e4cb853aee1940d326ca952f129cbda873f6eca8b4ed51c25b54898a0abc091"", ""description"": ""Binding affinity towards cloned human Dopamine D3 receptor in CHO cells using [3H]spiperone as radioligand"", ""entity_id"": ""chembl:CHEMBL666891"", ""publication_id"": ""CHEMBL1149936"", ""relationship_description"": ""Direct protein target assigned"", ""relationship_type"": ""D"", ""score"": null, ""src_assay_id"": null, ""src_id"": 1, ""target_id"": ""CHEMBL234"", ""tissue_id"": null, ""variant_accession"": null, ""variant_isoform"": null, ""variant_mutation"": null, ""variant_organism"": null, ""variant_sequence"": null, ""variant_sequence_json"": null, ""variant_taxonomy_id"": null}"
"c2db9646-6053-52aa-b6f1-9d39f569c37f","chembl_assay","chembl_assay","chembl","gold","36","CHEMBL1130515","chembl:CHEMBL666966","d1876e126f0798fd0dd91c20d993ae28dd254feef401351d133bd2d081f1b35c","764daf043e7f9b654b74797e84623ee8b0459032ecf4be56119c62b96f1c9c55","d1876e126f0798fd0dd91c20d993ae28dd254feef401351d133bd2d081f1b35c","included","","","","","","","","","include","2026-06-30T10:38:04.320187+00:00","{""aidx"": ""CLD0"", ""assay_category"": null, ""assay_cell_type"": ""CHO"", ""assay_chembl_id"": ""CHEMBL666966"", ""assay_classifications"": [], ""assay_group"": null, ""assay_organism"": ""Homo sapiens"", ""assay_parameters"": [], ""assay_strain"": null, ""assay_subcellular_fraction"": null, ""assay_tax_id"": 9606, ""assay_test_type"": null, ""assay_tissue"": null, ""assay_type"": ""B"", ""assay_type_description"": ""Binding"", ""bao_format"": ""BAO_0000219"", ""bao_label"": ""cell-based format"", ""cell_chembl_id"": ""CHEMBL3308072"", ""confidence_description"": ""Direct single protein target assigned"", ""confidence_score"": 9, ""description"": ""Displacement of [3H]spiperone from human dopamine receptor subtype hD3 expressed in CHO cells"", ""document_chembl_id"": ""CHEMBL1130515"", ""relationship_description"": ""Direct protein target assigned"", ""relationship_type"": ""D"", ""src_assay_id"": null, ""src_id"": 1, ""target_chembl_id"": ""CHEMBL234"", ""tissue_chembl_id"": null, ""variant_sequence"": null}","{""_dq_error"": false, ""_dq_warn"": false, ""_index"": 36, ""_ingestion_ts"": ""2026-06-30T10:37:34.714862+00:00"", ""_run_id"": ""c2db9646-6053-52aa-b6f1-9d39f569c37f"", ""_run_type"": ""backfill"", ""_source_batch_id"": ""673b5511-3446-5f04-953c-31bc9bd1cef7"", ""aidx"": ""CLD0"", ""assay_category"": null, ""assay_cell_type"": ""CHO"", ""assay_classifications"": null, ""assay_group"": null, ""assay_id"": ""CHEMBL666966"", ""assay_organism"": ""Homo sapiens"", ""assay_parameters"": null, ""assay_pref_name"": null, ""assay_strain"": null, ""assay_subcellular_fraction"": null, ""assay_subcellular_fraction_raw"": null, ""assay_taxonomy_id"": 9606, ""assay_test_type"": null, ""assay_tissue"": null, ""assay_type"": ""B"", ""assay_type_description"": ""Binding"", ""bao_format"": ""BAO_0000219"", ""bao_format_iri"": ""https://purl.obolibrary.org/obo/BAO_0000219"", ""bao_format_mapping_status"": ""mapped"", ""bao_label"": ""cell-based format"", ""bao_ontology_version"": ""2.8.18a"", ""cell_id"": ""CHEMBL3308072"", ""confidence_description"": ""Direct single protein target assigned"", ""confidence_score"": 9.0, ""content_hash"": ""d1876e126f0798fd0dd91c20d993ae28dd254feef401351d133bd2d081f1b35c"", ""description"": ""Displacement of [3H]spiperone from human dopamine receptor subtype hD3 expressed in CHO cells"", ""entity_id"": ""chembl:CHEMBL666966"", ""publication_id"": ""CHEMBL1130515"", ""relationship_description"": ""Direct protein target assigned"", ""relationship_type"": ""D"", ""score"": null, ""src_assay_id"": null, ""src_id"": 1, ""target_id"": ""CHEMBL234"", ""tissue_id"": null, ""variant_accession"": null, ""variant_isoform"": null, ""variant_mutation"": null, ""variant_organism"": null, ""variant_sequence"": null, ""variant_sequence_json"": null, ""variant_taxonomy_id"": null}"
"c2db9646-6053-52aa-b6f1-9d39f569c37f","chembl_assay","chembl_assay","chembl","gold","37","CHEMBL1131659","chembl:CHEMBL666967","e8556aa8c44342d39e5959c138498e279b5823558388192e2ec0cf4d56235bc8","d740b8cda2a05e7321851f55360f5756eafc3549ff744a0865485a13db0666b8","e8556aa8c44342d39e5959c138498e279b5823558388192e2ec0cf4d56235bc8","included","","","","","","","","","include","2026-06-30T10:38:04.321277+00:00","{""aidx"": ""CLD0"", ""assay_category"": null, ""assay_cell_type"": ""CHO"", ""assay_chembl_id"": ""CHEMBL666967"", ""assay_classifications"": [], ""assay_group"": null, ""assay_organism"": ""Homo sapiens"", ""assay_parameters"": [], ""assay_strain"": null, ""assay_subcellular_fraction"": null, ""assay_tax_id"": 9606, ""assay_test_type"": null, ""assay_tissue"": null, ""assay_type"": ""B"", ""assay_type_description"": ""Binding"", ""bao_format"": ""BAO_0000219"", ""bao_label"": ""cell-based format"", ""cell_chembl_id"": ""CHEMBL3308072"", ""confidence_description"": ""Direct single protein target assigned"", ""confidence_score"": 9, ""description"": ""In vitro binding affinity against human D3 dopamine receptor in CHO cells using [3H]spiperone"", ""document_chembl_id"": ""CHEMBL1131659"", ""relationship_description"": ""Direct protein target assigned"", ""relationship_type"": ""D"", ""src_assay_id"": null, ""src_id"": 1, ""target_chembl_id"": ""CHEMBL234"", ""tissue_chembl_id"": null, ""variant_sequence"": null}","{""_dq_error"": false, ""_dq_warn"": false, ""_index"": 37, ""_ingestion_ts"": ""2026-06-30T10:37:34.714862+00:00"", ""_run_id"": ""c2db9646-6053-52aa-b6f1-9d39f569c37f"", ""_run_type"": ""backfill"", ""_source_batch_id"": ""673b5511-3446-5f04-953c-31bc9bd1cef7"", ""aidx"": ""CLD0"", ""assay_category"": null, ""assay_cell_type"": ""CHO"", ""assay_classifications"": null, ""assay_group"": null, ""assay_id"": ""CHEMBL666967"", ""assay_organism"": ""Homo sapiens"", ""assay_parameters"": null, ""assay_pref_name"": null, ""assay_strain"": null, ""assay_subcellular_fraction"": null, ""assay_subcellular_fraction_raw"": null, ""assay_taxonomy_id"": 9606, ""assay_test_type"": null, ""assay_tissue"": null, ""assay_type"": ""B"", ""assay_type_description"": ""Binding"", ""bao_format"": ""BAO_0000219"", ""bao_format_iri"": ""https://purl.obolibrary.org/obo/BAO_0000219"", ""bao_format_mapping_status"": ""mapped"", ""bao_label"": ""cell-based format"", ""bao_ontology_version"": ""2.8.18a"", ""cell_id"": ""CHEMBL3308072"", ""confidence_description"": ""Direct single protein target assigned"", ""confidence_score"": 9.0, ""content_hash"": ""e8556aa8c44342d39e5959c138498e279b5823558388192e2ec0cf4d56235bc8"", ""description"": ""In vitro binding affinity against human D3 dopamine receptor in CHO cells using [3H]spiperone"", ""entity_id"": ""chembl:CHEMBL666967"", ""publication_id"": ""CHEMBL1131659"", ""relationship_description"": ""Direct protein target assigned"", ""relationship_type"": ""D"", ""score"": null, ""src_assay_id"": null, ""src_id"": 1, ""target_id"": ""CHEMBL234"", ""tissue_id"": null, ""variant_accession"": null, ""variant_isoform"": null, ""variant_mutation"": null, ""variant_organism"": null, ""variant_sequence"": null, ""variant_sequence_json"": null, ""variant_taxonomy_id"": null}"
"c2db9646-6053-52aa-b6f1-9d39f569c37f","chembl_assay","chembl_assay","chembl","gold","38","CHEMBL1130531","chembl:CHEMBL666968","06d3832161deab700d2181e5a280c1d2bcc9f1752693b89bcbb1c52430ad252d","ef4a8f1d7110bfdd89ff2c79c1548f85f8f43d2f696337c29e886c6f0e1bb347","06d3832161deab700d2181e5a280c1d2bcc9f1752693b89bcbb1c52430ad252d","included","","","","","","","","","include","2026-06-30T10:38:04.322325+00:00","{""aidx"": ""CLD0"", ""assay_category"": null, ""assay_cell_type"": ""CHO"", ""assay_chembl_id"": ""CHEMBL666968"", ""assay_classifications"": [], ""assay_group"": null, ""assay_organism"": ""Homo sapiens"", ""assay_parameters"": [], ""assay_strain"": null, ""assay_subcellular_fraction"": null, ""assay_tax_id"": 9606, ""assay_test_type"": null, ""assay_tissue"": null, ""assay_type"": ""B"", ""assay_type_description"": ""Binding"", ""bao_format"": ""BAO_0000219"", ""bao_label"": ""cell-based format"", ""cell_chembl_id"": ""CHEMBL3308072"", ""confidence_description"": ""Direct single protein target assigned"", ""confidence_score"": 9, ""description"": ""Binding affinity at cloned human D3 dopamine receptor in CHO cells using [3H]-YM 09151 as radioligand"", ""document_chembl_id"": ""CHEMBL1130531"", ""relationship_description"": ""Direct protein target assigned"", ""relationship_type"": ""D"", ""src_assay_id"": null, ""src_id"": 1, ""target_chembl_id"": ""CHEMBL234"", ""tissue_chembl_id"": null, ""variant_sequence"": null}","{""_dq_error"": false, ""_dq_warn"": false, ""_index"": 38, ""_ingestion_ts"": ""2026-06-30T10:37:34.714862+00:00"", ""_run_id"": ""c2db9646-6053-52aa-b6f1-9d39f569c37f"", ""_run_type"": ""backfill"", ""_source_batch_id"": ""673b5511-3446-5f04-953c-31bc9bd1cef7"", ""aidx"": ""CLD0"", ""assay_category"": null, ""assay_cell_type"": ""CHO"", ""assay_classifications"": null, ""assay_group"": null, ""assay_id"": ""CHEMBL666968"", ""assay_organism"": ""Homo sapiens"", ""assay_parameters"": null, ""assay_pref_name"": null, ""assay_strain"": null, ""assay_subcellular_fraction"": null, ""assay_subcellular_fraction_raw"": null, ""assay_taxonomy_id"": 9606, ""assay_test_type"": null, ""assay_tissue"": null, ""assay_type"": ""B"", ""assay_type_description"": ""Binding"", ""bao_format"": ""BAO_0000219"", ""bao_format_iri"": ""https://purl.obolibrary.org/obo/BAO_0000219"", ""bao_format_mapping_status"": ""mapped"", ""bao_label"": ""cell-based format"", ""bao_ontology_version"": ""2.8.18a"", ""cell_id"": ""CHEMBL3308072"", ""confidence_description"": ""Direct single protein target assigned"", ""confidence_score"": 9.0, ""content_hash"": ""06d3832161deab700d2181e5a280c1d2bcc9f1752693b89bcbb1c52430ad252d"", ""description"": ""Binding affinity at cloned human D3 dopamine receptor in CHO cells using [3H]-YM 09151 as radioligand"", ""entity_id"": ""chembl:CHEMBL666968"", ""publication_id"": ""CHEMBL1130531"", ""relationship_description"": ""Direct protein target assigned"", ""relationship_type"": ""D"", ""score"": null, ""src_assay_id"": null, ""src_id"": 1, ""target_id"": ""CHEMBL234"", ""tissue_id"": null, ""variant_accession"": null, ""variant_isoform"": null, ""variant_mutation"": null, ""variant_organism"": null, ""variant_sequence"": null, ""variant_sequence_json"": null, ""variant_taxonomy_id"": null}"
"c2db9646-6053-52aa-b6f1-9d39f569c37f","chembl_assay","chembl_assay","chembl","gold","39","CHEMBL1130531","chembl:CHEMBL666969","7d16283505b08c71bf606b9980aa0f56a0672ca96a027bf588b7393c74b9c65c","c494e854900d796be4f087c8623308278498791a200d3a3786e0d8c913980643","7d16283505b08c71bf606b9980aa0f56a0672ca96a027bf588b7393c74b9c65c","included","","","","","","","","","include","2026-06-30T10:38:04.323382+00:00","{""aidx"": ""CLD0"", ""assay_category"": null, ""assay_cell_type"": ""CHO"", ""assay_chembl_id"": ""CHEMBL666969"", ""assay_classifications"": [], ""assay_group"": null, ""assay_organism"": ""Homo sapiens"", ""assay_parameters"": [], ""assay_strain"": null, ""assay_subcellular_fraction"": null, ""assay_tax_id"": 9606, ""assay_test_type"": null, ""assay_tissue"": null, ""assay_type"": ""B"", ""assay_type_description"": ""Binding"", ""bao_format"": ""BAO_0000219"", ""bao_label"": ""cell-based format"", ""cell_chembl_id"": ""CHEMBL3308072"", ""confidence_description"": ""Direct single protein target assigned"", ""confidence_score"": 9, ""description"": ""Binding affinity at cloned human D3 dopamine receptor in CHO cells using [3H]-YM 09151 as radioligand; not determined"", ""document_chembl_id"": ""CHEMBL1130531"", ""relationship_description"": ""Direct protein target assigned"", ""relationship_type"": ""D"", ""src_assay_id"": null, ""src_id"": 1, ""target_chembl_id"": ""CHEMBL234"", ""tissue_chembl_id"": null, ""variant_sequence"": null}","{""_dq_error"": false, ""_dq_warn"": false, ""_index"": 39, ""_ingestion_ts"": ""2026-06-30T10:37:34.714862+00:00"", ""_run_id"": ""c2db9646-6053-52aa-b6f1-9d39f569c37f"", ""_run_type"": ""backfill"", ""_source_batch_id"": ""673b5511-3446-5f04-953c-31bc9bd1cef7"", ""aidx"": ""CLD0"", ""assay_category"": null, ""assay_cell_type"": ""CHO"", ""assay_classifications"": null, ""assay_group"": null, ""assay_id"": ""CHEMBL666969"", ""assay_organism"": ""Homo sapiens"", ""assay_parameters"": null, ""assay_pref_name"": null, ""assay_strain"": null, ""assay_subcellular_fraction"": null, ""assay_subcellular_fraction_raw"": null, ""assay_taxonomy_id"": 9606, ""assay_test_type"": null, ""assay_tissue"": null, ""assay_type"": ""B"", ""assay_type_description"": ""Binding"", ""bao_format"": ""BAO_0000219"", ""bao_format_iri"": ""https://purl.obolibrary.org/obo/BAO_0000219"", ""bao_format_mapping_status"": ""mapped"", ""bao_label"": ""cell-based format"", ""bao_ontology_version"": ""2.8.18a"", ""cell_id"": ""CHEMBL3308072"", ""confidence_description"": ""Direct single protein target assigned"", ""confidence_score"": 9.0, ""content_hash"": ""7d16283505b08c71bf606b9980aa0f56a0672ca96a027bf588b7393c74b9c65c"", ""description"": ""Binding affinity at cloned human D3 dopamine receptor in CHO cells using [3H]-YM 09151 as radioligand; not determined"", ""entity_id"": ""chembl:CHEMBL666969"", ""publication_id"": ""CHEMBL1130531"", ""relationship_description"": ""Direct protein target assigned"", ""relationship_type"": ""D"", ""score"": null, ""src_assay_id"": null, ""src_id"": 1, ""target_id"": ""CHEMBL234"", ""tissue_id"": null, ""variant_accession"": null, ""variant_isoform"": null, ""variant_mutation"": null, ""variant_organism"": null, ""variant_sequence"": null, ""variant_sequence_json"": null, ""variant_taxonomy_id"": null}"
"c2db9646-6053-52aa-b6f1-9d39f569c37f","chembl_assay","chembl_assay","chembl","gold","40","CHEMBL1132519","chembl:CHEMBL669161","395d9f4099c3c964a23c03e9523124f28fef07c24489e85e1ac4fd9aa36b20f0","e153be5d24b6389a18e2350d9c19038b581cf0d0842eb383d2114dfdeb4c3683","395d9f4099c3c964a23c03e9523124f28fef07c24489e85e1ac4fd9aa36b20f0","included","","","","","","","","","include","2026-06-30T10:38:04.324474+00:00","{""aidx"": ""CLD0"", ""assay_category"": null, ""assay_cell_type"": ""CHO"", ""assay_chembl_id"": ""CHEMBL669161"", ""assay_classifications"": [], ""assay_group"": null, ""assay_organism"": ""Homo sapiens"", ""assay_parameters"": [], ""assay_strain"": null, ""assay_subcellular_fraction"": null, ""assay_tax_id"": 9606, ""assay_test_type"": null, ""assay_tissue"": null, ""assay_type"": ""B"", ""assay_type_description"": ""Binding"", ""bao_format"": ""BAO_0000219"", ""bao_label"": ""cell-based format"", ""cell_chembl_id"": ""CHEMBL3308072"", ""confidence_description"": ""Direct single protein target assigned"", ""confidence_score"": 9, ""description"": ""Ability to displace [3H]-spiperone from cloned human dopamine D3 receptor stably expressed in CHO cells"", ""document_chembl_id"": ""CHEMBL1132519"", ""relationship_description"": ""Direct protein target assigned"", ""relationship_type"": ""D"", ""src_assay_id"": null, ""src_id"": 1, ""target_chembl_id"": ""CHEMBL234"", ""tissue_chembl_id"": null, ""variant_sequence"": null}","{""_dq_error"": false, ""_dq_warn"": false, ""_index"": 40, ""_ingestion_ts"": ""2026-06-30T10:37:34.714862+00:00"", ""_run_id"": ""c2db9646-6053-52aa-b6f1-9d39f569c37f"", ""_run_type"": ""backfill"", ""_source_batch_id"": ""673b5511-3446-5f04-953c-31bc9bd1cef7"", ""aidx"": ""CLD0"", ""assay_category"": null, ""assay_cell_type"": ""CHO"", ""assay_classifications"": null, ""assay_group"": null, ""assay_id"": ""CHEMBL669161"", ""assay_organism"": ""Homo sapiens"", ""assay_parameters"": null, ""assay_pref_name"": null, ""assay_strain"": null, ""assay_subcellular_fraction"": null, ""assay_subcellular_fraction_raw"": null, ""assay_taxonomy_id"": 9606, ""assay_test_type"": null, ""assay_tissue"": null, ""assay_type"": ""B"", ""assay_type_description"": ""Binding"", ""bao_format"": ""BAO_0000219"", ""bao_format_iri"": ""https://purl.obolibrary.org/obo/BAO_0000219"", ""bao_format_mapping_status"": ""mapped"", ""bao_label"": ""cell-based format"", ""bao_ontology_version"": ""2.8.18a"", ""cell_id"": ""CHEMBL3308072"", ""confidence_description"": ""Direct single protein target assigned"", ""confidence_score"": 9.0, ""content_hash"": ""395d9f4099c3c964a23c03e9523124f28fef07c24489e85e1ac4fd9aa36b20f0"", ""description"": ""Ability to displace [3H]-spiperone from cloned human dopamine D3 receptor stably expressed in CHO cells"", ""entity_id"": ""chembl:CHEMBL669161"", ""publication_id"": ""CHEMBL1132519"", ""relationship_description"": ""Direct protein target assigned"", ""relationship_type"": ""D"", ""score"": null, ""src_assay_id"": null, ""src_id"": 1, ""target_id"": ""CHEMBL234"", ""tissue_id"": null, ""variant_accession"": null, ""variant_isoform"": null, ""variant_mutation"": null, ""variant_organism"": null, ""variant_sequence"": null, ""variant_sequence_json"": null, ""variant_taxonomy_id"": null}"
"c2db9646-6053-52aa-b6f1-9d39f569c37f","chembl_assay","chembl_assay","chembl","gold","41","CHEMBL1132669","chembl:CHEMBL670100","d31b21696bda925ef06fb8992bcad4c8ead03726da579c44cf45a73a3cb1cbc7","d1e5feed985b9205b43b392b7183535ec247105f10ef7ed1281bce71058bb966","d31b21696bda925ef06fb8992bcad4c8ead03726da579c44cf45a73a3cb1cbc7","included","","","","","","","","","include","2026-06-30T10:38:04.325516+00:00","{""aidx"": ""CLD0"", ""assay_category"": null, ""assay_cell_type"": ""CHO"", ""assay_chembl_id"": ""CHEMBL670100"", ""assay_classifications"": [], ""assay_group"": null, ""assay_organism"": ""Homo sapiens"", ""assay_parameters"": [], ""assay_strain"": null, ""assay_subcellular_fraction"": null, ""assay_tax_id"": 9606, ""assay_test_type"": null, ""assay_tissue"": null, ""assay_type"": ""B"", ""assay_type_description"": ""Binding"", ""bao_format"": ""BAO_0000219"", ""bao_label"": ""cell-based format"", ""cell_chembl_id"": ""CHEMBL3308072"", ""confidence_description"": ""Direct single protein target assigned"", ""confidence_score"": 9, ""description"": ""Inhibition of [3H]spiperone binding to human Dopamine receptor D4.4 expressed in CHO cell membranes"", ""document_chembl_id"": ""CHEMBL1132669"", ""relationship_description"": ""Direct protein target assigned"", ""relationship_type"": ""D"", ""src_assay_id"": null, ""src_id"": 1, ""target_chembl_id"": ""CHEMBL219"", ""tissue_chembl_id"": null, ""variant_sequence"": null}","{""_dq_error"": false, ""_dq_warn"": false, ""_index"": 41, ""_ingestion_ts"": ""2026-06-30T10:37:34.714862+00:00"", ""_run_id"": ""c2db9646-6053-52aa-b6f1-9d39f569c37f"", ""_run_type"": ""backfill"", ""_source_batch_id"": ""673b5511-3446-5f04-953c-31bc9bd1cef7"", ""aidx"": ""CLD0"", ""assay_category"": null, ""assay_cell_type"": ""CHO"", ""assay_classifications"": null, ""assay_group"": null, ""assay_id"": ""CHEMBL670100"", ""assay_organism"": ""Homo sapiens"", ""assay_parameters"": null, ""assay_pref_name"": null, ""assay_strain"": null, ""assay_subcellular_fraction"": null, ""assay_subcellular_fraction_raw"": null, ""assay_taxonomy_id"": 9606, ""assay_test_type"": null, ""assay_tissue"": null, ""assay_type"": ""B"", ""assay_type_description"": ""Binding"", ""bao_format"": ""BAO_0000219"", ""bao_format_iri"": ""https://purl.obolibrary.org/obo/BAO_0000219"", ""bao_format_mapping_status"": ""mapped"", ""bao_label"": ""cell-based format"", ""bao_ontology_version"": ""2.8.18a"", ""cell_id"": ""CHEMBL3308072"", ""confidence_description"": ""Direct single protein target assigned"", ""confidence_score"": 9.0, ""content_hash"": ""d31b21696bda925ef06fb8992bcad4c8ead03726da579c44cf45a73a3cb1cbc7"", ""description"": ""Inhibition of [3H]spiperone binding to human Dopamine receptor D4.4 expressed in CHO cell membranes"", ""entity_id"": ""chembl:CHEMBL670100"", ""publication_id"": ""CHEMBL1132669"", ""relationship_description"": ""Direct protein target assigned"", ""relationship_type"": ""D"", ""score"": null, ""src_assay_id"": null, ""src_id"": 1, ""target_id"": ""CHEMBL219"", ""tissue_id"": null, ""variant_accession"": null, ""variant_isoform"": null, ""variant_mutation"": null, ""variant_organism"": null, ""variant_sequence"": null, ""variant_sequence_json"": null, ""variant_taxonomy_id"": null}"
"c2db9646-6053-52aa-b6f1-9d39f569c37f","chembl_assay","chembl_assay","chembl","gold","42","CHEMBL1149936","chembl:CHEMBL670391","173673491e24e51e8398e67faf499e9124275c589e589991feaa93d0dd70dc20","4917cd35151dbfe65cbdf4c16107276979e52b09d23ec120e76784e7dee09e86","173673491e24e51e8398e67faf499e9124275c589e589991feaa93d0dd70dc20","included","","","","","","","","","include","2026-06-30T10:38:04.327038+00:00","{""aidx"": ""CLD0"", ""assay_category"": null, ""assay_cell_type"": ""CHO"", ""assay_chembl_id"": ""CHEMBL670391"", ""assay_classifications"": [], ""assay_group"": null, ""assay_organism"": ""Homo sapiens"", ""assay_parameters"": [], ""assay_strain"": null, ""assay_subcellular_fraction"": null, ""assay_tax_id"": 9606, ""assay_test_type"": null, ""assay_tissue"": null, ""assay_type"": ""B"", ""assay_type_description"": ""Binding"", ""bao_format"": ""BAO_0000219"", ""bao_label"": ""cell-based format"", ""cell_chembl_id"": ""CHEMBL3308072"", ""confidence_description"": ""Direct single protein target assigned"", ""confidence_score"": 9, ""description"": ""Binding affinity towards cloned human Dopamine D2 receptor in CHO cells using [3H]spiperone as radioligand"", ""document_chembl_id"": ""CHEMBL1149936"", ""relationship_description"": ""Direct protein target assigned"", ""relationship_type"": ""D"", ""src_assay_id"": null, ""src_id"": 1, ""target_chembl_id"": ""CHEMBL217"", ""tissue_chembl_id"": null, ""variant_sequence"": null}","{""_dq_error"": false, ""_dq_warn"": false, ""_index"": 42, ""_ingestion_ts"": ""2026-06-30T10:37:34.714862+00:00"", ""_run_id"": ""c2db9646-6053-52aa-b6f1-9d39f569c37f"", ""_run_type"": ""backfill"", ""_source_batch_id"": ""673b5511-3446-5f04-953c-31bc9bd1cef7"", ""aidx"": ""CLD0"", ""assay_category"": null, ""assay_cell_type"": ""CHO"", ""assay_classifications"": null, ""assay_group"": null, ""assay_id"": ""CHEMBL670391"", ""assay_organism"": ""Homo sapiens"", ""assay_parameters"": null, ""assay_pref_name"": null, ""assay_strain"": null, ""assay_subcellular_fraction"": null, ""assay_subcellular_fraction_raw"": null, ""assay_taxonomy_id"": 9606, ""assay_test_type"": null, ""assay_tissue"": null, ""assay_type"": ""B"", ""assay_type_description"": ""Binding"", ""bao_format"": ""BAO_0000219"", ""bao_format_iri"": ""https://purl.obolibrary.org/obo/BAO_0000219"", ""bao_format_mapping_status"": ""mapped"", ""bao_label"": ""cell-based format"", ""bao_ontology_version"": ""2.8.18a"", ""cell_id"": ""CHEMBL3308072"", ""confidence_description"": ""Direct single protein target assigned"", ""confidence_score"": 9.0, ""content_hash"": ""173673491e24e51e8398e67faf499e9124275c589e589991feaa93d0dd70dc20"", ""description"": ""Binding affinity towards cloned human Dopamine D2 receptor in CHO cells using [3H]spiperone as radioligand"", ""entity_id"": ""chembl:CHEMBL670391"", ""publication_id"": ""CHEMBL1149936"", ""relationship_description"": ""Direct protein target assigned"", ""relationship_type"": ""D"", ""score"": null, ""src_assay_id"": null, ""src_id"": 1, ""target_id"": ""CHEMBL217"", ""tissue_id"": null, ""variant_accession"": null, ""variant_isoform"": null, ""variant_mutation"": null, ""variant_organism"": null, ""variant_sequence"": null, ""variant_sequence_json"": null, ""variant_taxonomy_id"": null}"
"c2db9646-6053-52aa-b6f1-9d39f569c37f","chembl_assay","chembl_assay","chembl","gold","43","CHEMBL1130515","chembl:CHEMBL670393","054b0d99fe085c65d783d37531cae46aedb003d8ba6dc12777579fcd1474b316","d6080a50b6a363e0cece441da6f023ec98bc0c4d71affa211506082132be83be","054b0d99fe085c65d783d37531cae46aedb003d8ba6dc12777579fcd1474b316","included","","","","","","","","","include","2026-06-30T10:38:04.328439+00:00","{""aidx"": ""CLD0"", ""assay_category"": null, ""assay_cell_type"": ""CHO"", ""assay_chembl_id"": ""CHEMBL670393"", ""assay_classifications"": [], ""assay_group"": null, ""assay_organism"": ""Homo sapiens"", ""assay_parameters"": [], ""assay_strain"": null, ""assay_subcellular_fraction"": null, ""assay_tax_id"": 9606, ""assay_test_type"": null, ""assay_tissue"": null, ""assay_type"": ""B"", ""assay_type_description"": ""Binding"", ""bao_format"": ""BAO_0000219"", ""bao_label"": ""cell-based format"", ""cell_chembl_id"": ""CHEMBL3308072"", ""confidence_description"": ""Direct single protein target assigned"", ""confidence_score"": 9, ""description"": ""Displacement of [3H]spiperone from human dopamine D2 receptor in CHO cells"", ""document_chembl_id"": ""CHEMBL1130515"", ""relationship_description"": ""Direct protein target assigned"", ""relationship_type"": ""D"", ""src_assay_id"": null, ""src_id"": 1, ""target_chembl_id"": ""CHEMBL217"", ""tissue_chembl_id"": null, ""variant_sequence"": null}","{""_dq_error"": false, ""_dq_warn"": false, ""_index"": 43, ""_ingestion_ts"": ""2026-06-30T10:37:34.714862+00:00"", ""_run_id"": ""c2db9646-6053-52aa-b6f1-9d39f569c37f"", ""_run_type"": ""backfill"", ""_source_batch_id"": ""673b5511-3446-5f04-953c-31bc9bd1cef7"", ""aidx"": ""CLD0"", ""assay_category"": null, ""assay_cell_type"": ""CHO"", ""assay_classifications"": null, ""assay_group"": null, ""assay_id"": ""CHEMBL670393"", ""assay_organism"": ""Homo sapiens"", ""assay_parameters"": null, ""assay_pref_name"": null, ""assay_strain"": null, ""assay_subcellular_fraction"": null, ""assay_subcellular_fraction_raw"": null, ""assay_taxonomy_id"": 9606, ""assay_test_type"": null, ""assay_tissue"": null, ""assay_type"": ""B"", ""assay_type_description"": ""Binding"", ""bao_format"": ""BAO_0000219"", ""bao_format_iri"": ""https://purl.obolibrary.org/obo/BAO_0000219"", ""bao_format_mapping_status"": ""mapped"", ""bao_label"": ""cell-based format"", ""bao_ontology_version"": ""2.8.18a"", ""cell_id"": ""CHEMBL3308072"", ""confidence_description"": ""Direct single protein target assigned"", ""confidence_score"": 9.0, ""content_hash"": ""054b0d99fe085c65d783d37531cae46aedb003d8ba6dc12777579fcd1474b316"", ""description"": ""Displacement of [3H]spiperone from human dopamine D2 receptor in CHO cells"", ""entity_id"": ""chembl:CHEMBL670393"", ""publication_id"": ""CHEMBL1130515"", ""relationship_description"": ""Direct protein target assigned"", ""relationship_type"": ""D"", ""score"": null, ""src_assay_id"": null, ""src_id"": 1, ""target_id"": ""CHEMBL217"", ""tissue_id"": null, ""variant_accession"": null, ""variant_isoform"": null, ""variant_mutation"": null, ""variant_organism"": null, ""variant_sequence"": null, ""variant_sequence_json"": null, ""variant_taxonomy_id"": null}"
"c2db9646-6053-52aa-b6f1-9d39f569c37f","chembl_assay","chembl_assay","chembl","gold","44","CHEMBL1130531","chembl:CHEMBL670396","166ead501c915113c4fc1db1a6287707029082faea7afe52c7dae9cdad5041cc","99b83d7dbab96380d640980bd330e172c9bb4bcd626527a55ff6b7840b9cf413","166ead501c915113c4fc1db1a6287707029082faea7afe52c7dae9cdad5041cc","included","","","","","","","","","include","2026-06-30T10:38:04.329723+00:00","{""aidx"": ""CLD0"", ""assay_category"": null, ""assay_cell_type"": ""CHO"", ""assay_chembl_id"": ""CHEMBL670396"", ""assay_classifications"": [], ""assay_group"": null, ""assay_organism"": ""Homo sapiens"", ""assay_parameters"": [], ""assay_strain"": null, ""assay_subcellular_fraction"": null, ""assay_tax_id"": 9606, ""assay_test_type"": null, ""assay_tissue"": null, ""assay_type"": ""B"", ""assay_type_description"": ""Binding"", ""bao_format"": ""BAO_0000219"", ""bao_label"": ""cell-based format"", ""cell_chembl_id"": ""CHEMBL3308072"", ""confidence_description"": ""Direct single protein target assigned"", ""confidence_score"": 9, ""description"": ""Binding affinity at cloned human D2 dopamine receptor in CHO cells using [3H]-YM 09151 as radioligand"", ""document_chembl_id"": ""CHEMBL1130531"", ""relationship_description"": ""Direct protein target assigned"", ""relationship_type"": ""D"", ""src_assay_id"": null, ""src_id"": 1, ""target_chembl_id"": ""CHEMBL217"", ""tissue_chembl_id"": null, ""variant_sequence"": null}","{""_dq_error"": false, ""_dq_warn"": false, ""_index"": 44, ""_ingestion_ts"": ""2026-06-30T10:37:34.714862+00:00"", ""_run_id"": ""c2db9646-6053-52aa-b6f1-9d39f569c37f"", ""_run_type"": ""backfill"", ""_source_batch_id"": ""673b5511-3446-5f04-953c-31bc9bd1cef7"", ""aidx"": ""CLD0"", ""assay_category"": null, ""assay_cell_type"": ""CHO"", ""assay_classifications"": null, ""assay_group"": null, ""assay_id"": ""CHEMBL670396"", ""assay_organism"": ""Homo sapiens"", ""assay_parameters"": null, ""assay_pref_name"": null, ""assay_strain"": null, ""assay_subcellular_fraction"": null, ""assay_subcellular_fraction_raw"": null, ""assay_taxonomy_id"": 9606, ""assay_test_type"": null, ""assay_tissue"": null, ""assay_type"": ""B"", ""assay_type_description"": ""Binding"", ""bao_format"": ""BAO_0000219"", ""bao_format_iri"": ""https://purl.obolibrary.org/obo/BAO_0000219"", ""bao_format_mapping_status"": ""mapped"", ""bao_label"": ""cell-based format"", ""bao_ontology_version"": ""2.8.18a"", ""cell_id"": ""CHEMBL3308072"", ""confidence_description"": ""Direct single protein target assigned"", ""confidence_score"": 9.0, ""content_hash"": ""166ead501c915113c4fc1db1a6287707029082faea7afe52c7dae9cdad5041cc"", ""description"": ""Binding affinity at cloned human D2 dopamine receptor in CHO cells using [3H]-YM 09151 as radioligand"", ""entity_id"": ""chembl:CHEMBL670396"", ""publication_id"": ""CHEMBL1130531"", ""relationship_description"": ""Direct protein target assigned"", ""relationship_type"": ""D"", ""score"": null, ""src_assay_id"": null, ""src_id"": 1, ""target_id"": ""CHEMBL217"", ""tissue_id"": null, ""variant_accession"": null, ""variant_isoform"": null, ""variant_mutation"": null, ""variant_organism"": null, ""variant_sequence"": null, ""variant_sequence_json"": null, ""variant_taxonomy_id"": null}"
"c2db9646-6053-52aa-b6f1-9d39f569c37f","chembl_assay","chembl_assay","chembl","gold","45","CHEMBL1130531","chembl:CHEMBL670397","145653385f145498bdfda02d3caf5da40f5a9c6e713a9f11171a66a9ce0a0c67","ebcedf7d2e7a5424ab4ccdca5b5225aa94bb4ae2ff384bc3ddbe8a0211d8c633","145653385f145498bdfda02d3caf5da40f5a9c6e713a9f11171a66a9ce0a0c67","included","","","","","","","","","include","2026-06-30T10:38:04.331247+00:00","{""aidx"": ""CLD0"", ""assay_category"": null, ""assay_cell_type"": ""CHO"", ""assay_chembl_id"": ""CHEMBL670397"", ""assay_classifications"": [], ""assay_group"": null, ""assay_organism"": ""Homo sapiens"", ""assay_parameters"": [], ""assay_strain"": null, ""assay_subcellular_fraction"": null, ""assay_tax_id"": 9606, ""assay_test_type"": null, ""assay_tissue"": null, ""assay_type"": ""B"", ""assay_type_description"": ""Binding"", ""bao_format"": ""BAO_0000219"", ""bao_label"": ""cell-based format"", ""cell_chembl_id"": ""CHEMBL3308072"", ""confidence_description"": ""Direct single protein target assigned"", ""confidence_score"": 9, ""description"": ""Binding affinity at cloned human D2 dopamine receptor in CHO cells using [3H]-YM 09151 as radioligand; not determined"", ""document_chembl_id"": ""CHEMBL1130531"", ""relationship_description"": ""Direct protein target assigned"", ""relationship_type"": ""D"", ""src_assay_id"": null, ""src_id"": 1, ""target_chembl_id"": ""CHEMBL217"", ""tissue_chembl_id"": null, ""variant_sequence"": null}","{""_dq_error"": false, ""_dq_warn"": false, ""_index"": 45, ""_ingestion_ts"": ""2026-06-30T10:37:34.714862+00:00"", ""_run_id"": ""c2db9646-6053-52aa-b6f1-9d39f569c37f"", ""_run_type"": ""backfill"", ""_source_batch_id"": ""673b5511-3446-5f04-953c-31bc9bd1cef7"", ""aidx"": ""CLD0"", ""assay_category"": null, ""assay_cell_type"": ""CHO"", ""assay_classifications"": null, ""assay_group"": null, ""assay_id"": ""CHEMBL670397"", ""assay_organism"": ""Homo sapiens"", ""assay_parameters"": null, ""assay_pref_name"": null, ""assay_strain"": null, ""assay_subcellular_fraction"": null, ""assay_subcellular_fraction_raw"": null, ""assay_taxonomy_id"": 9606, ""assay_test_type"": null, ""assay_tissue"": null, ""assay_type"": ""B"", ""assay_type_description"": ""Binding"", ""bao_format"": ""BAO_0000219"", ""bao_format_iri"": ""https://purl.obolibrary.org/obo/BAO_0000219"", ""bao_format_mapping_status"": ""mapped"", ""bao_label"": ""cell-based format"", ""bao_ontology_version"": ""2.8.18a"", ""cell_id"": ""CHEMBL3308072"", ""confidence_description"": ""Direct single protein target assigned"", ""confidence_score"": 9.0, ""content_hash"": ""145653385f145498bdfda02d3caf5da40f5a9c6e713a9f11171a66a9ce0a0c67"", ""description"": ""Binding affinity at cloned human D2 dopamine receptor in CHO cells using [3H]-YM 09151 as radioligand; not determined"", ""entity_id"": ""chembl:CHEMBL670397"", ""publication_id"": ""CHEMBL1130531"", ""relationship_description"": ""Direct protein target assigned"", ""relationship_type"": ""D"", ""score"": null, ""src_assay_id"": null, ""src_id"": 1, ""target_id"": ""CHEMBL217"", ""tissue_id"": null, ""variant_accession"": null, ""variant_isoform"": null, ""variant_mutation"": null, ""variant_organism"": null, ""variant_sequence"": null, ""variant_sequence_json"": null, ""variant_taxonomy_id"": null}"
"c2db9646-6053-52aa-b6f1-9d39f569c37f","chembl_assay","chembl_assay","chembl","gold","46","CHEMBL1128156","chembl:CHEMBL670656","ad74e2b3bf747bdd794327242962ffc45086623fe621f63792149ce7dec96d03","e067b6d352c2c0f0f81949508813a0fc995879a8fd530d90ce847d45d47085e7","ad74e2b3bf747bdd794327242962ffc45086623fe621f63792149ce7dec96d03","included","","","","","","","","","include","2026-06-30T10:38:04.333806+00:00","{""aidx"": ""CLD0"", ""assay_category"": null, ""assay_cell_type"": ""CHO"", ""assay_chembl_id"": ""CHEMBL670656"", ""assay_classifications"": [], ""assay_group"": null, ""assay_organism"": ""Homo sapiens"", ""assay_parameters"": [], ""assay_strain"": null, ""assay_subcellular_fraction"": null, ""assay_tax_id"": 9606, ""assay_test_type"": null, ""assay_tissue"": null, ""assay_type"": ""B"", ""assay_type_description"": ""Binding"", ""bao_format"": ""BAO_0000219"", ""bao_label"": ""cell-based format"", ""cell_chembl_id"": ""CHEMBL3308072"", ""confidence_description"": ""Direct single protein target assigned"", ""confidence_score"": 9, ""description"": ""Inhibition of human endothelin B (ETB) receptor expressed in CHO cells"", ""document_chembl_id"": ""CHEMBL1128156"", ""relationship_description"": ""Direct protein target assigned"", ""relationship_type"": ""D"", ""src_assay_id"": null, ""src_id"": 1, ""target_chembl_id"": ""CHEMBL1785"", ""tissue_chembl_id"": null, ""variant_sequence"": null}","{""_dq_error"": false, ""_dq_warn"": false, ""_index"": 46, ""_ingestion_ts"": ""2026-06-30T10:37:34.714862+00:00"", ""_run_id"": ""c2db9646-6053-52aa-b6f1-9d39f569c37f"", ""_run_type"": ""backfill"", ""_source_batch_id"": ""673b5511-3446-5f04-953c-31bc9bd1cef7"", ""aidx"": ""CLD0"", ""assay_category"": null, ""assay_cell_type"": ""CHO"", ""assay_classifications"": null, ""assay_group"": null, ""assay_id"": ""CHEMBL670656"", ""assay_organism"": ""Homo sapiens"", ""assay_parameters"": null, ""assay_pref_name"": null, ""assay_strain"": null, ""assay_subcellular_fraction"": null, ""assay_subcellular_fraction_raw"": null, ""assay_taxonomy_id"": 9606, ""assay_test_type"": null, ""assay_tissue"": null, ""assay_type"": ""B"", ""assay_type_description"": ""Binding"", ""bao_format"": ""BAO_0000219"", ""bao_format_iri"": ""https://purl.obolibrary.org/obo/BAO_0000219"", ""bao_format_mapping_status"": ""mapped"", ""bao_label"": ""cell-based format"", ""bao_ontology_version"": ""2.8.18a"", ""cell_id"": ""CHEMBL3308072"", ""confidence_description"": ""Direct single protein target assigned"", ""confidence_score"": 9.0, ""content_hash"": ""ad74e2b3bf747bdd794327242962ffc45086623fe621f63792149ce7dec96d03"", ""description"": ""Inhibition of human endothelin B (ETB) receptor expressed in CHO cells"", ""entity_id"": ""chembl:CHEMBL670656"", ""publication_id"": ""CHEMBL1128156"", ""relationship_description"": ""Direct protein target assigned"", ""relationship_type"": ""D"", ""score"": null, ""src_assay_id"": null, ""src_id"": 1, ""target_id"": ""CHEMBL1785"", ""tissue_id"": null, ""variant_accession"": null, ""variant_isoform"": null, ""variant_mutation"": null, ""variant_organism"": null, ""variant_sequence"": null, ""variant_sequence_json"": null, ""variant_taxonomy_id"": null}"
"c2db9646-6053-52aa-b6f1-9d39f569c37f","chembl_assay","chembl_assay","chembl","gold","47","CHEMBL1131981","chembl:CHEMBL670657","7895202f2a9e0010979c6a5fed8c35b6c1d0213e4b5693dc4bea9096f5bfcec9","f374c2912867213e5491f46e36065f83edc015dab16a52fc941b666ee652956e","7895202f2a9e0010979c6a5fed8c35b6c1d0213e4b5693dc4bea9096f5bfcec9","included","","","","","","","","","include","2026-06-30T10:38:04.335541+00:00","{""aidx"": ""CLD0"", ""assay_category"": null, ""assay_cell_type"": ""CHO"", ""assay_chembl_id"": ""CHEMBL670657"", ""assay_classifications"": [], ""assay_group"": null, ""assay_organism"": ""Homo sapiens"", ""assay_parameters"": [], ""assay_strain"": null, ""assay_subcellular_fraction"": null, ""assay_tax_id"": 9606, ""assay_test_type"": null, ""assay_tissue"": null, ""assay_type"": ""B"", ""assay_type_description"": ""Binding"", ""bao_format"": ""BAO_0000219"", ""bao_label"": ""cell-based format"", ""cell_chembl_id"": ""CHEMBL3308072"", ""confidence_description"": ""Direct single protein target assigned"", ""confidence_score"": 9, ""description"": ""Displacement of [125I]iodosulpiride from human Dopamine receptor D2 expressed in CHO cells"", ""document_chembl_id"": ""CHEMBL1131981"", ""relationship_description"": ""Direct protein target assigned"", ""relationship_type"": ""D"", ""src_assay_id"": null, ""src_id"": 1, ""target_chembl_id"": ""CHEMBL217"", ""tissue_chembl_id"": null, ""variant_sequence"": null}","{""_dq_error"": false, ""_dq_warn"": false, ""_index"": 47, ""_ingestion_ts"": ""2026-06-30T10:37:34.714862+00:00"", ""_run_id"": ""c2db9646-6053-52aa-b6f1-9d39f569c37f"", ""_run_type"": ""backfill"", ""_source_batch_id"": ""673b5511-3446-5f04-953c-31bc9bd1cef7"", ""aidx"": ""CLD0"", ""assay_category"": null, ""assay_cell_type"": ""CHO"", ""assay_classifications"": null, ""assay_group"": null, ""assay_id"": ""CHEMBL670657"", ""assay_organism"": ""Homo sapiens"", ""assay_parameters"": null, ""assay_pref_name"": null, ""assay_strain"": null, ""assay_subcellular_fraction"": null, ""assay_subcellular_fraction_raw"": null, ""assay_taxonomy_id"": 9606, ""assay_test_type"": null, ""assay_tissue"": null, ""assay_type"": ""B"", ""assay_type_description"": ""Binding"", ""bao_format"": ""BAO_0000219"", ""bao_format_iri"": ""https://purl.obolibrary.org/obo/BAO_0000219"", ""bao_format_mapping_status"": ""mapped"", ""bao_label"": ""cell-based format"", ""bao_ontology_version"": ""2.8.18a"", ""cell_id"": ""CHEMBL3308072"", ""confidence_description"": ""Direct single protein target assigned"", ""confidence_score"": 9.0, ""content_hash"": ""7895202f2a9e0010979c6a5fed8c35b6c1d0213e4b5693dc4bea9096f5bfcec9"", ""description"": ""Displacement of [125I]iodosulpiride from human Dopamine receptor D2 expressed in CHO cells"", ""entity_id"": ""chembl:CHEMBL670657"", ""publication_id"": ""CHEMBL1131981"", ""relationship_description"": ""Direct protein target assigned"", ""relationship_type"": ""D"", ""score"": null, ""src_assay_id"": null, ""src_id"": 1, ""target_id"": ""CHEMBL217"", ""tissue_id"": null, ""variant_accession"": null, ""variant_isoform"": null, ""variant_mutation"": null, ""variant_organism"": null, ""variant_sequence"": null, ""variant_sequence_json"": null, ""variant_taxonomy_id"": null}"
"c2db9646-6053-52aa-b6f1-9d39f569c37f","chembl_assay","chembl_assay","chembl","gold","48","CHEMBL1130629","chembl:CHEMBL670662","3d05042f3b25142163815f542afa61462acd44aa84e0bcb3fbbaaab062dbbc10","8172df4f7a691aca9154a7c9ff980f8fa29a873a369f2a48919c60fdcd091587","3d05042f3b25142163815f542afa61462acd44aa84e0bcb3fbbaaab062dbbc10","included","","","","","","","","","include","2026-06-30T10:38:04.337207+00:00","{""aidx"": ""CLD0"", ""assay_category"": null, ""assay_cell_type"": ""CHO"", ""assay_chembl_id"": ""CHEMBL670662"", ""assay_classifications"": [], ""assay_group"": null, ""assay_organism"": ""Homo sapiens"", ""assay_parameters"": [], ""assay_strain"": null, ""assay_subcellular_fraction"": null, ""assay_tax_id"": 9606, ""assay_test_type"": null, ""assay_tissue"": null, ""assay_type"": ""B"", ""assay_type_description"": ""Binding"", ""bao_format"": ""BAO_0000219"", ""bao_label"": ""cell-based format"", ""cell_chembl_id"": ""CHEMBL3308072"", ""confidence_description"": ""Direct single protein target assigned"", ""confidence_score"": 9, ""description"": ""Displacement of [125I]iodosulpiride from Dopamine receptor D2 expressed in CHO cells"", ""document_chembl_id"": ""CHEMBL1130629"", ""relationship_description"": ""Direct protein target assigned"", ""relationship_type"": ""D"", ""src_assay_id"": null, ""src_id"": 1, ""target_chembl_id"": ""CHEMBL217"", ""tissue_chembl_id"": null, ""variant_sequence"": null}","{""_dq_error"": false, ""_dq_warn"": false, ""_index"": 48, ""_ingestion_ts"": ""2026-06-30T10:37:34.714862+00:00"", ""_run_id"": ""c2db9646-6053-52aa-b6f1-9d39f569c37f"", ""_run_type"": ""backfill"", ""_source_batch_id"": ""673b5511-3446-5f04-953c-31bc9bd1cef7"", ""aidx"": ""CLD0"", ""assay_category"": null, ""assay_cell_type"": ""CHO"", ""assay_classifications"": null, ""assay_group"": null, ""assay_id"": ""CHEMBL670662"", ""assay_organism"": ""Homo sapiens"", ""assay_parameters"": null, ""assay_pref_name"": null, ""assay_strain"": null, ""assay_subcellular_fraction"": null, ""assay_subcellular_fraction_raw"": null, ""assay_taxonomy_id"": 9606, ""assay_test_type"": null, ""assay_tissue"": null, ""assay_type"": ""B"", ""assay_type_description"": ""Binding"", ""bao_format"": ""BAO_0000219"", ""bao_format_iri"": ""https://purl.obolibrary.org/obo/BAO_0000219"", ""bao_format_mapping_status"": ""mapped"", ""bao_label"": ""cell-based format"", ""bao_ontology_version"": ""2.8.18a"", ""cell_id"": ""CHEMBL3308072"", ""confidence_description"": ""Direct single protein target assigned"", ""confidence_score"": 9.0, ""content_hash"": ""3d05042f3b25142163815f542afa61462acd44aa84e0bcb3fbbaaab062dbbc10"", ""description"": ""Displacement of [125I]iodosulpiride from Dopamine receptor D2 expressed in CHO cells"", ""entity_id"": ""chembl:CHEMBL670662"", ""publication_id"": ""CHEMBL1130629"", ""relationship_description"": ""Direct protein target assigned"", ""relationship_type"": ""D"", ""score"": null, ""src_assay_id"": null, ""src_id"": 1, ""target_id"": ""CHEMBL217"", ""tissue_id"": null, ""variant_accession"": null, ""variant_isoform"": null, ""variant_mutation"": null, ""variant_organism"": null, ""variant_sequence"": null, ""variant_sequence_json"": null, ""variant_taxonomy_id"": null}"
"c2db9646-6053-52aa-b6f1-9d39f569c37f","chembl_assay","chembl_assay","chembl","gold","49","CHEMBL1126741","chembl:CHEMBL670667","447b584afc7a89f4f77895fd74395749fc70f5b1f669f4a6ce9dba6138db8362","00a6fe4262a6ff405d01225229ec5ad3702b4bbc0b1868d4e6e495816c8b159d","447b584afc7a89f4f77895fd74395749fc70f5b1f669f4a6ce9dba6138db8362","included","","","","","","","","","include","2026-06-30T10:38:04.338771+00:00","{""aidx"": ""CLD0"", ""assay_category"": null, ""assay_cell_type"": ""CHO"", ""assay_chembl_id"": ""CHEMBL670667"", ""assay_classifications"": [], ""assay_group"": null, ""assay_organism"": ""Homo sapiens"", ""assay_parameters"": [], ""assay_strain"": null, ""assay_subcellular_fraction"": null, ""assay_tax_id"": 9606, ""assay_test_type"": null, ""assay_tissue"": null, ""assay_type"": ""B"", ""assay_type_description"": ""Binding"", ""bao_format"": ""BAO_0000219"", ""bao_label"": ""cell-based format"", ""cell_chembl_id"": ""CHEMBL3308072"", ""confidence_description"": ""Direct single protein target assigned"", ""confidence_score"": 9, ""description"": ""Displacement of [3H]U-86170 from human D2-dopamine receptor expressed in CHO K1 cells"", ""document_chembl_id"": ""CHEMBL1126741"", ""relationship_description"": ""Direct protein target assigned"", ""relationship_type"": ""D"", ""src_assay_id"": null, ""src_id"": 1, ""target_chembl_id"": ""CHEMBL217"", ""tissue_chembl_id"": null, ""variant_sequence"": null}","{""_dq_error"": false, ""_dq_warn"": false, ""_index"": 49, ""_ingestion_ts"": ""2026-06-30T10:37:34.714862+00:00"", ""_run_id"": ""c2db9646-6053-52aa-b6f1-9d39f569c37f"", ""_run_type"": ""backfill"", ""_source_batch_id"": ""673b5511-3446-5f04-953c-31bc9bd1cef7"", ""aidx"": ""CLD0"", ""assay_category"": null, ""assay_cell_type"": ""CHO"", ""assay_classifications"": null, ""assay_group"": null, ""assay_id"": ""CHEMBL670667"", ""assay_organism"": ""Homo sapiens"", ""assay_parameters"": null, ""assay_pref_name"": null, ""assay_strain"": null, ""assay_subcellular_fraction"": null, ""assay_subcellular_fraction_raw"": null, ""assay_taxonomy_id"": 9606, ""assay_test_type"": null, ""assay_tissue"": null, ""assay_type"": ""B"", ""assay_type_description"": ""Binding"", ""bao_format"": ""BAO_0000219"", ""bao_format_iri"": ""https://purl.obolibrary.org/obo/BAO_0000219"", ""bao_format_mapping_status"": ""mapped"", ""bao_label"": ""cell-based format"", ""bao_ontology_version"": ""2.8.18a"", ""cell_id"": ""CHEMBL3308072"", ""confidence_description"": ""Direct single protein target assigned"", ""confidence_score"": 9.0, ""content_hash"": ""447b584afc7a89f4f77895fd74395749fc70f5b1f669f4a6ce9dba6138db8362"", ""description"": ""Displacement of [3H]U-86170 from human D2-dopamine receptor expressed in CHO K1 cells"", ""entity_id"": ""chembl:CHEMBL670667"", ""publication_id"": ""CHEMBL1126741"", ""relationship_description"": ""Direct protein target assigned"", ""relationship_type"": ""D"", ""score"": null, ""src_assay_id"": null, ""src_id"": 1, ""target_id"": ""CHEMBL217"", ""tissue_id"": null, ""variant_accession"": null, ""variant_isoform"": null, ""variant_mutation"": null, ""variant_organism"": null, ""variant_sequence"": null, ""variant_sequence_json"": null, ""variant_taxonomy_id"": null}"
"c2db9646-6053-52aa-b6f1-9d39f569c37f","chembl_assay","chembl_assay","chembl","gold","50","CHEMBL1131356","chembl:CHEMBL670996","81881976539cd59dd991cb4693830b006a7f7404efb1da4ebdbfeed900dff4b0","f5659234baac02397c16472ecc6f232b0ce4cfdd0d1bc912cc38bdbf6edfb714","81881976539cd59dd991cb4693830b006a7f7404efb1da4ebdbfeed900dff4b0","included","","","","","","","","","include","2026-06-30T10:38:04.340362+00:00","{""aidx"": ""CLD0"", ""assay_category"": null, ""assay_cell_type"": ""CHO"", ""assay_chembl_id"": ""CHEMBL670996"", ""assay_classifications"": [], ""assay_group"": null, ""assay_organism"": ""Homo sapiens"", ""assay_parameters"": [], ""assay_strain"": null, ""assay_subcellular_fraction"": null, ""assay_tax_id"": 9606, ""assay_test_type"": null, ""assay_tissue"": null, ""assay_type"": ""B"", ""assay_type_description"": ""Binding"", ""bao_format"": ""BAO_0000219"", ""bao_label"": ""cell-based format"", ""cell_chembl_id"": ""CHEMBL3308072"", ""confidence_description"": ""Direct single protein target assigned"", ""confidence_score"": 9, ""description"": ""Binding affinity towards human cloned Dopamine receptor D4.4 expressed in CHO cells using [3H]spiperone; Not determined"", ""document_chembl_id"": ""CHEMBL1131356"", ""relationship_description"": ""Direct protein target assigned"", ""relationship_type"": ""D"", ""src_assay_id"": null, ""src_id"": 1, ""target_chembl_id"": ""CHEMBL219"", ""tissue_chembl_id"": null, ""variant_sequence"": null}","{""_dq_error"": false, ""_dq_warn"": false, ""_index"": 50, ""_ingestion_ts"": ""2026-06-30T10:37:34.714862+00:00"", ""_run_id"": ""c2db9646-6053-52aa-b6f1-9d39f569c37f"", ""_run_type"": ""backfill"", ""_source_batch_id"": ""673b5511-3446-5f04-953c-31bc9bd1cef7"", ""aidx"": ""CLD0"", ""assay_category"": null, ""assay_cell_type"": ""CHO"", ""assay_classifications"": null, ""assay_group"": null, ""assay_id"": ""CHEMBL670996"", ""assay_organism"": ""Homo sapiens"", ""assay_parameters"": null, ""assay_pref_name"": null, ""assay_strain"": null, ""assay_subcellular_fraction"": null, ""assay_subcellular_fraction_raw"": null, ""assay_taxonomy_id"": 9606, ""assay_test_type"": null, ""assay_tissue"": null, ""assay_type"": ""B"", ""assay_type_description"": ""Binding"", ""bao_format"": ""BAO_0000219"", ""bao_format_iri"": ""https://purl.obolibrary.org/obo/BAO_0000219"", ""bao_format_mapping_status"": ""mapped"", ""bao_label"": ""cell-based format"", ""bao_ontology_version"": ""2.8.18a"", ""cell_id"": ""CHEMBL3308072"", ""confidence_description"": ""Direct single protein target assigned"", ""confidence_score"": 9.0, ""content_hash"": ""81881976539cd59dd991cb4693830b006a7f7404efb1da4ebdbfeed900dff4b0"", ""description"": ""Binding affinity towards human cloned Dopamine receptor D4.4 expressed in CHO cells using [3H]spiperone; Not determined"", ""entity_id"": ""chembl:CHEMBL670996"", ""publication_id"": ""CHEMBL1131356"", ""relationship_description"": ""Direct protein target assigned"", ""relationship_type"": ""D"", ""score"": null, ""src_assay_id"": null, ""src_id"": 1, ""target_id"": ""CHEMBL219"", ""tissue_id"": null, ""variant_accession"": null, ""variant_isoform"": null, ""variant_mutation"": null, ""variant_organism"": null, ""variant_sequence"": null, ""variant_sequence_json"": null, ""variant_taxonomy_id"": null}"
"c2db9646-6053-52aa-b6f1-9d39f569c37f","chembl_assay","chembl_assay","chembl","gold","51","CHEMBL1133533","chembl:CHEMBL670999","d431b945c00ec341a170152c3c7cf6c33004ffda14b15b0d9fdcfbdb5d525d9c","55557f2de6ecd8d6c5625bebd9c1dc5e963d4ed01cd11fb0bf894ff6eabfb669","d431b945c00ec341a170152c3c7cf6c33004ffda14b15b0d9fdcfbdb5d525d9c","included","","","","","","","","","include","2026-06-30T10:38:04.342223+00:00","{""aidx"": ""CLD0"", ""assay_category"": null, ""assay_cell_type"": ""CHO"", ""assay_chembl_id"": ""CHEMBL670999"", ""assay_classifications"": [], ""assay_group"": null, ""assay_organism"": ""Homo sapiens"", ""assay_parameters"": [], ""assay_strain"": null, ""assay_subcellular_fraction"": null, ""assay_tax_id"": 9606, ""assay_test_type"": null, ""assay_tissue"": null, ""assay_type"": ""B"", ""assay_type_description"": ""Binding"", ""bao_format"": ""BAO_0000219"", ""bao_label"": ""cell-based format"", ""cell_chembl_id"": ""CHEMBL3308072"", ""confidence_description"": ""Direct single protein target assigned"", ""confidence_score"": 9, ""description"": ""Displacement of [3H]spiperone from human Dopamine receptor D4.4 expressed in CHO cells"", ""document_chembl_id"": ""CHEMBL1133533"", ""relationship_description"": ""Direct protein target assigned"", ""relationship_type"": ""D"", ""src_assay_id"": null, ""src_id"": 1, ""target_chembl_id"": ""CHEMBL219"", ""tissue_chembl_id"": null, ""variant_sequence"": null}","{""_dq_error"": false, ""_dq_warn"": false, ""_index"": 51, ""_ingestion_ts"": ""2026-06-30T10:37:34.714862+00:00"", ""_run_id"": ""c2db9646-6053-52aa-b6f1-9d39f569c37f"", ""_run_type"": ""backfill"", ""_source_batch_id"": ""673b5511-3446-5f04-953c-31bc9bd1cef7"", ""aidx"": ""CLD0"", ""assay_category"": null, ""assay_cell_type"": ""CHO"", ""assay_classifications"": null, ""assay_group"": null, ""assay_id"": ""CHEMBL670999"", ""assay_organism"": ""Homo sapiens"", ""assay_parameters"": null, ""assay_pref_name"": null, ""assay_strain"": null, ""assay_subcellular_fraction"": null, ""assay_subcellular_fraction_raw"": null, ""assay_taxonomy_id"": 9606, ""assay_test_type"": null, ""assay_tissue"": null, ""assay_type"": ""B"", ""assay_type_description"": ""Binding"", ""bao_format"": ""BAO_0000219"", ""bao_format_iri"": ""https://purl.obolibrary.org/obo/BAO_0000219"", ""bao_format_mapping_status"": ""mapped"", ""bao_label"": ""cell-based format"", ""bao_ontology_version"": ""2.8.18a"", ""cell_id"": ""CHEMBL3308072"", ""confidence_description"": ""Direct single protein target assigned"", ""confidence_score"": 9.0, ""content_hash"": ""d431b945c00ec341a170152c3c7cf6c33004ffda14b15b0d9fdcfbdb5d525d9c"", ""description"": ""Displacement of [3H]spiperone from human Dopamine receptor D4.4 expressed in CHO cells"", ""entity_id"": ""chembl:CHEMBL670999"", ""publication_id"": ""CHEMBL1133533"", ""relationship_description"": ""Direct protein target assigned"", ""relationship_type"": ""D"", ""score"": null, ""src_assay_id"": null, ""src_id"": 1, ""target_id"": ""CHEMBL219"", ""tissue_id"": null, ""variant_accession"": null, ""variant_isoform"": null, ""variant_mutation"": null, ""variant_organism"": null, ""variant_sequence"": null, ""variant_sequence_json"": null, ""variant_taxonomy_id"": null}"
"c2db9646-6053-52aa-b6f1-9d39f569c37f","chembl_assay","chembl_assay","chembl","gold","52","CHEMBL1130595","chembl:CHEMBL671000","abf05d8bf4c82f2d7f919d34730c3e9261f10bf573297cadcb0b9cf8452656fb","25e47659e4d9a82873a5f8b54e75d3d3565829227f04ab49c5bd981f401625b4","abf05d8bf4c82f2d7f919d34730c3e9261f10bf573297cadcb0b9cf8452656fb","included","","","","","","","","","include","2026-06-30T10:38:04.343863+00:00","{""aidx"": ""CLD0"", ""assay_category"": null, ""assay_cell_type"": ""CHO"", ""assay_chembl_id"": ""CHEMBL671000"", ""assay_classifications"": [], ""assay_group"": null, ""assay_organism"": ""Homo sapiens"", ""assay_parameters"": [], ""assay_strain"": null, ""assay_subcellular_fraction"": null, ""assay_tax_id"": 9606, ""assay_test_type"": null, ""assay_tissue"": null, ""assay_type"": ""B"", ""assay_type_description"": ""Binding"", ""bao_format"": ""BAO_0000219"", ""bao_label"": ""cell-based format"", ""cell_chembl_id"": ""CHEMBL3308072"", ""confidence_description"": ""Direct single protein target assigned"", ""confidence_score"": 9, ""description"": ""Affinity towards human Dopamine receptor D4.4 expressed in CHO cells using [3H]spiperone"", ""document_chembl_id"": ""CHEMBL1130595"", ""relationship_description"": ""Direct protein target assigned"", ""relationship_type"": ""D"", ""src_assay_id"": null, ""src_id"": 1, ""target_chembl_id"": ""CHEMBL219"", ""tissue_chembl_id"": null, ""variant_sequence"": null}","{""_dq_error"": false, ""_dq_warn"": false, ""_index"": 52, ""_ingestion_ts"": ""2026-06-30T10:37:34.714862+00:00"", ""_run_id"": ""c2db9646-6053-52aa-b6f1-9d39f569c37f"", ""_run_type"": ""backfill"", ""_source_batch_id"": ""673b5511-3446-5f04-953c-31bc9bd1cef7"", ""aidx"": ""CLD0"", ""assay_category"": null, ""assay_cell_type"": ""CHO"", ""assay_classifications"": null, ""assay_group"": null, ""assay_id"": ""CHEMBL671000"", ""assay_organism"": ""Homo sapiens"", ""assay_parameters"": null, ""assay_pref_name"": null, ""assay_strain"": null, ""assay_subcellular_fraction"": null, ""assay_subcellular_fraction_raw"": null, ""assay_taxonomy_id"": 9606, ""assay_test_type"": null, ""assay_tissue"": null, ""assay_type"": ""B"", ""assay_type_description"": ""Binding"", ""bao_format"": ""BAO_0000219"", ""bao_format_iri"": ""https://purl.obolibrary.org/obo/BAO_0000219"", ""bao_format_mapping_status"": ""mapped"", ""bao_label"": ""cell-based format"", ""bao_ontology_version"": ""2.8.18a"", ""cell_id"": ""CHEMBL3308072"", ""confidence_description"": ""Direct single protein target assigned"", ""confidence_score"": 9.0, ""content_hash"": ""abf05d8bf4c82f2d7f919d34730c3e9261f10bf573297cadcb0b9cf8452656fb"", ""description"": ""Affinity towards human Dopamine receptor D4.4 expressed in CHO cells using [3H]spiperone"", ""entity_id"": ""chembl:CHEMBL671000"", ""publication_id"": ""CHEMBL1130595"", ""relationship_description"": ""Direct protein target assigned"", ""relationship_type"": ""D"", ""score"": null, ""src_assay_id"": null, ""src_id"": 1, ""target_id"": ""CHEMBL219"", ""tissue_id"": null, ""variant_accession"": null, ""variant_isoform"": null, ""variant_mutation"": null, ""variant_organism"": null, ""variant_sequence"": null, ""variant_sequence_json"": null, ""variant_taxonomy_id"": null}"
"c2db9646-6053-52aa-b6f1-9d39f569c37f","chembl_assay","chembl_assay","chembl","gold","53","CHEMBL1134812","chembl:CHEMBL671178","fa25051612791cd8212dd7c1e8aa32505a3709586506b8b0ff5af00bf62e3d34","34d6bf02c976eb1032129e537d7a14722e61845306569dea7484bfaff396966a","fa25051612791cd8212dd7c1e8aa32505a3709586506b8b0ff5af00bf62e3d34","included","","","","","","","","","include","2026-06-30T10:38:04.344963+00:00","{""aidx"": ""CLD0"", ""assay_category"": null, ""assay_cell_type"": ""CHO"", ""assay_chembl_id"": ""CHEMBL671178"", ""assay_classifications"": [], ""assay_group"": null, ""assay_organism"": ""Homo sapiens"", ""assay_parameters"": [], ""assay_strain"": null, ""assay_subcellular_fraction"": null, ""assay_tax_id"": 9606, ""assay_test_type"": null, ""assay_tissue"": null, ""assay_type"": ""B"", ""assay_type_description"": ""Binding"", ""bao_format"": ""BAO_0000219"", ""bao_label"": ""cell-based format"", ""cell_chembl_id"": ""CHEMBL3308072"", ""confidence_description"": ""Direct single protein target assigned"", ""confidence_score"": 9, ""description"": ""In vitro for its ability to displace [3H]- spiperone from cloned human dopamine D2 long receptor expressed in CHO cells"", ""document_chembl_id"": ""CHEMBL1134812"", ""relationship_description"": ""Direct protein target assigned"", ""relationship_type"": ""D"", ""src_assay_id"": null, ""src_id"": 1, ""target_chembl_id"": ""CHEMBL217"", ""tissue_chembl_id"": null, ""variant_sequence"": null}","{""_dq_error"": false, ""_dq_warn"": false, ""_index"": 53, ""_ingestion_ts"": ""2026-06-30T10:37:34.714862+00:00"", ""_run_id"": ""c2db9646-6053-52aa-b6f1-9d39f569c37f"", ""_run_type"": ""backfill"", ""_source_batch_id"": ""673b5511-3446-5f04-953c-31bc9bd1cef7"", ""aidx"": ""CLD0"", ""assay_category"": null, ""assay_cell_type"": ""CHO"", ""assay_classifications"": null, ""assay_group"": null, ""assay_id"": ""CHEMBL671178"", ""assay_organism"": ""Homo sapiens"", ""assay_parameters"": null, ""assay_pref_name"": null, ""assay_strain"": null, ""assay_subcellular_fraction"": null, ""assay_subcellular_fraction_raw"": null, ""assay_taxonomy_id"": 9606, ""assay_test_type"": null, ""assay_tissue"": null, ""assay_type"": ""B"", ""assay_type_description"": ""Binding"", ""bao_format"": ""BAO_0000219"", ""bao_format_iri"": ""https://purl.obolibrary.org/obo/BAO_0000219"", ""bao_format_mapping_status"": ""mapped"", ""bao_label"": ""cell-based format"", ""bao_ontology_version"": ""2.8.18a"", ""cell_id"": ""CHEMBL3308072"", ""confidence_description"": ""Direct single protein target assigned"", ""confidence_score"": 9.0, ""content_hash"": ""fa25051612791cd8212dd7c1e8aa32505a3709586506b8b0ff5af00bf62e3d34"", ""description"": ""In vitro for its ability to displace [3H]- spiperone from cloned human dopamine D2 long receptor expressed in CHO cells"", ""entity_id"": ""chembl:CHEMBL671178"", ""publication_id"": ""CHEMBL1134812"", ""relationship_description"": ""Direct protein target assigned"", ""relationship_type"": ""D"", ""score"": null, ""src_assay_id"": null, ""src_id"": 1, ""target_id"": ""CHEMBL217"", ""tissue_id"": null, ""variant_accession"": null, ""variant_isoform"": null, ""variant_mutation"": null, ""variant_organism"": null, ""variant_sequence"": null, ""variant_sequence_json"": null, ""variant_taxonomy_id"": null}"
"c2db9646-6053-52aa-b6f1-9d39f569c37f","chembl_assay","chembl_assay","chembl","gold","54","CHEMBL1131356","chembl:CHEMBL671248","0573a6a0b62fe3022ae9ff41b0f89f9235d5cdc4ed411a5345ad473fe4b82dce","39cb280d2e9437e348e29bcc2e791e4afaa86ffbcebcd6f640ddf0977d02ad9e","0573a6a0b62fe3022ae9ff41b0f89f9235d5cdc4ed411a5345ad473fe4b82dce","included","","","","","","","","","include","2026-06-30T10:38:04.346199+00:00","{""aidx"": ""CLD0"", ""assay_category"": null, ""assay_cell_type"": ""CHO"", ""assay_chembl_id"": ""CHEMBL671248"", ""assay_classifications"": [], ""assay_group"": null, ""assay_organism"": ""Homo sapiens"", ""assay_parameters"": [], ""assay_strain"": null, ""assay_subcellular_fraction"": null, ""assay_tax_id"": 9606, ""assay_test_type"": null, ""assay_tissue"": null, ""assay_type"": ""B"", ""assay_type_description"": ""Binding"", ""bao_format"": ""BAO_0000219"", ""bao_label"": ""cell-based format"", ""cell_chembl_id"": ""CHEMBL3308072"", ""confidence_description"": ""Direct single protein target assigned"", ""confidence_score"": 9, ""description"": ""Binding affinity towards human cloned dopamine (hD4.4) receptor expressed in CHO cells using [3H]spiperone; Not determined"", ""document_chembl_id"": ""CHEMBL1131356"", ""relationship_description"": ""Direct protein target assigned"", ""relationship_type"": ""D"", ""src_assay_id"": null, ""src_id"": 1, ""target_chembl_id"": ""CHEMBL219"", ""tissue_chembl_id"": null, ""variant_sequence"": null}","{""_dq_error"": false, ""_dq_warn"": false, ""_index"": 54, ""_ingestion_ts"": ""2026-06-30T10:37:34.714862+00:00"", ""_run_id"": ""c2db9646-6053-52aa-b6f1-9d39f569c37f"", ""_run_type"": ""backfill"", ""_source_batch_id"": ""673b5511-3446-5f04-953c-31bc9bd1cef7"", ""aidx"": ""CLD0"", ""assay_category"": null, ""assay_cell_type"": ""CHO"", ""assay_classifications"": null, ""assay_group"": null, ""assay_id"": ""CHEMBL671248"", ""assay_organism"": ""Homo sapiens"", ""assay_parameters"": null, ""assay_pref_name"": null, ""assay_strain"": null, ""assay_subcellular_fraction"": null, ""assay_subcellular_fraction_raw"": null, ""assay_taxonomy_id"": 9606, ""assay_test_type"": null, ""assay_tissue"": null, ""assay_type"": ""B"", ""assay_type_description"": ""Binding"", ""bao_format"": ""BAO_0000219"", ""bao_format_iri"": ""https://purl.obolibrary.org/obo/BAO_0000219"", ""bao_format_mapping_status"": ""mapped"", ""bao_label"": ""cell-based format"", ""bao_ontology_version"": ""2.8.18a"", ""cell_id"": ""CHEMBL3308072"", ""confidence_description"": ""Direct single protein target assigned"", ""confidence_score"": 9.0, ""content_hash"": ""0573a6a0b62fe3022ae9ff41b0f89f9235d5cdc4ed411a5345ad473fe4b82dce"", ""description"": ""Binding affinity towards human cloned dopamine (hD4.4) receptor expressed in CHO cells using [3H]spiperone; Not determined"", ""entity_id"": ""chembl:CHEMBL671248"", ""publication_id"": ""CHEMBL1131356"", ""relationship_description"": ""Direct protein target assigned"", ""relationship_type"": ""D"", ""score"": null, ""src_assay_id"": null, ""src_id"": 1, ""target_id"": ""CHEMBL219"", ""tissue_id"": null, ""variant_accession"": null, ""variant_isoform"": null, ""variant_mutation"": null, ""variant_organism"": null, ""variant_sequence"": null, ""variant_sequence_json"": null, ""variant_taxonomy_id"": null}"
"c2db9646-6053-52aa-b6f1-9d39f569c37f","chembl_assay","chembl_assay","chembl","gold","55","CHEMBL1130531","chembl:CHEMBL671252","caaf632bc45d0e5898f7fb34fb5be76abf7dfb3c92eaed56667b2c6113094d89","aeb363ce3bf2464b325b24eeabe802512c33f30f9967a472613a7e5a7807f35f","caaf632bc45d0e5898f7fb34fb5be76abf7dfb3c92eaed56667b2c6113094d89","included","","","","","","","","","include","2026-06-30T10:38:04.347544+00:00","{""aidx"": ""CLD0"", ""assay_category"": null, ""assay_cell_type"": ""CHO"", ""assay_chembl_id"": ""CHEMBL671252"", ""assay_classifications"": [], ""assay_group"": null, ""assay_organism"": ""Homo sapiens"", ""assay_parameters"": [], ""assay_strain"": null, ""assay_subcellular_fraction"": null, ""assay_tax_id"": 9606, ""assay_test_type"": null, ""assay_tissue"": null, ""assay_type"": ""B"", ""assay_type_description"": ""Binding"", ""bao_format"": ""BAO_0000219"", ""bao_label"": ""cell-based format"", ""cell_chembl_id"": ""CHEMBL3308072"", ""confidence_description"": ""Direct single protein target assigned"", ""confidence_score"": 9, ""description"": ""Binding affinity at cloned human D4 dopamine receptor in CHO cells using [3H]-YM 09151 as radioligand"", ""document_chembl_id"": ""CHEMBL1130531"", ""relationship_description"": ""Direct protein target assigned"", ""relationship_type"": ""D"", ""src_assay_id"": null, ""src_id"": 1, ""target_chembl_id"": ""CHEMBL219"", ""tissue_chembl_id"": null, ""variant_sequence"": null}","{""_dq_error"": false, ""_dq_warn"": false, ""_index"": 55, ""_ingestion_ts"": ""2026-06-30T10:37:34.714862+00:00"", ""_run_id"": ""c2db9646-6053-52aa-b6f1-9d39f569c37f"", ""_run_type"": ""backfill"", ""_source_batch_id"": ""673b5511-3446-5f04-953c-31bc9bd1cef7"", ""aidx"": ""CLD0"", ""assay_category"": null, ""assay_cell_type"": ""CHO"", ""assay_classifications"": null, ""assay_group"": null, ""assay_id"": ""CHEMBL671252"", ""assay_organism"": ""Homo sapiens"", ""assay_parameters"": null, ""assay_pref_name"": null, ""assay_strain"": null, ""assay_subcellular_fraction"": null, ""assay_subcellular_fraction_raw"": null, ""assay_taxonomy_id"": 9606, ""assay_test_type"": null, ""assay_tissue"": null, ""assay_type"": ""B"", ""assay_type_description"": ""Binding"", ""bao_format"": ""BAO_0000219"", ""bao_format_iri"": ""https://purl.obolibrary.org/obo/BAO_0000219"", ""bao_format_mapping_status"": ""mapped"", ""bao_label"": ""cell-based format"", ""bao_ontology_version"": ""2.8.18a"", ""cell_id"": ""CHEMBL3308072"", ""confidence_description"": ""Direct single protein target assigned"", ""confidence_score"": 9.0, ""content_hash"": ""caaf632bc45d0e5898f7fb34fb5be76abf7dfb3c92eaed56667b2c6113094d89"", ""description"": ""Binding affinity at cloned human D4 dopamine receptor in CHO cells using [3H]-YM 09151 as radioligand"", ""entity_id"": ""chembl:CHEMBL671252"", ""publication_id"": ""CHEMBL1130531"", ""relationship_description"": ""Direct protein target assigned"", ""relationship_type"": ""D"", ""score"": null, ""src_assay_id"": null, ""src_id"": 1, ""target_id"": ""CHEMBL219"", ""tissue_id"": null, ""variant_accession"": null, ""variant_isoform"": null, ""variant_mutation"": null, ""variant_organism"": null, ""variant_sequence"": null, ""variant_sequence_json"": null, ""variant_taxonomy_id"": null}"
"c2db9646-6053-52aa-b6f1-9d39f569c37f","chembl_assay","chembl_assay","chembl","gold","56","CHEMBL1129307","chembl:CHEMBL671370","3175daca09ad221ae38cf599a67606667c7eaf21f182dee28aa7d82fa46c58ea","b279d4a310783753278c58e4dfe2bf2a2717cf2d7d6c426dcd63e2b1b65639b7","3175daca09ad221ae38cf599a67606667c7eaf21f182dee28aa7d82fa46c58ea","included","","","","","","","","","include","2026-06-30T10:38:04.348832+00:00","{""aidx"": ""CLD0"", ""assay_category"": null, ""assay_cell_type"": ""CHO"", ""assay_chembl_id"": ""CHEMBL671370"", ""assay_classifications"": [], ""assay_group"": null, ""assay_organism"": ""Homo sapiens"", ""assay_parameters"": [], ""assay_strain"": null, ""assay_subcellular_fraction"": null, ""assay_tax_id"": 9606, ""assay_test_type"": null, ""assay_tissue"": null, ""assay_type"": ""B"", ""assay_type_description"": ""Binding"", ""bao_format"": ""BAO_0000219"", ""bao_label"": ""cell-based format"", ""cell_chembl_id"": ""CHEMBL3308072"", ""confidence_description"": ""Direct single protein target assigned"", ""confidence_score"": 9, ""description"": ""Displacement of [3H]spiperone from human Dopamine receptor D2 expressed in CHO cells"", ""document_chembl_id"": ""CHEMBL1129307"", ""relationship_description"": ""Direct protein target assigned"", ""relationship_type"": ""D"", ""src_assay_id"": null, ""src_id"": 1, ""target_chembl_id"": ""CHEMBL217"", ""tissue_chembl_id"": null, ""variant_sequence"": null}","{""_dq_error"": false, ""_dq_warn"": false, ""_index"": 56, ""_ingestion_ts"": ""2026-06-30T10:37:34.714862+00:00"", ""_run_id"": ""c2db9646-6053-52aa-b6f1-9d39f569c37f"", ""_run_type"": ""backfill"", ""_source_batch_id"": ""673b5511-3446-5f04-953c-31bc9bd1cef7"", ""aidx"": ""CLD0"", ""assay_category"": null, ""assay_cell_type"": ""CHO"", ""assay_classifications"": null, ""assay_group"": null, ""assay_id"": ""CHEMBL671370"", ""assay_organism"": ""Homo sapiens"", ""assay_parameters"": null, ""assay_pref_name"": null, ""assay_strain"": null, ""assay_subcellular_fraction"": null, ""assay_subcellular_fraction_raw"": null, ""assay_taxonomy_id"": 9606, ""assay_test_type"": null, ""assay_tissue"": null, ""assay_type"": ""B"", ""assay_type_description"": ""Binding"", ""bao_format"": ""BAO_0000219"", ""bao_format_iri"": ""https://purl.obolibrary.org/obo/BAO_0000219"", ""bao_format_mapping_status"": ""mapped"", ""bao_label"": ""cell-based format"", ""bao_ontology_version"": ""2.8.18a"", ""cell_id"": ""CHEMBL3308072"", ""confidence_description"": ""Direct single protein target assigned"", ""confidence_score"": 9.0, ""content_hash"": ""3175daca09ad221ae38cf599a67606667c7eaf21f182dee28aa7d82fa46c58ea"", ""description"": ""Displacement of [3H]spiperone from human Dopamine receptor D2 expressed in CHO cells"", ""entity_id"": ""chembl:CHEMBL671370"", ""publication_id"": ""CHEMBL1129307"", ""relationship_description"": ""Direct protein target assigned"", ""relationship_type"": ""D"", ""score"": null, ""src_assay_id"": null, ""src_id"": 1, ""target_id"": ""CHEMBL217"", ""tissue_id"": null, ""variant_accession"": null, ""variant_isoform"": null, ""variant_mutation"": null, ""variant_organism"": null, ""variant_sequence"": null, ""variant_sequence_json"": null, ""variant_taxonomy_id"": null}"
"c2db9646-6053-52aa-b6f1-9d39f569c37f","chembl_assay","chembl_assay","chembl","gold","57","CHEMBL1129215","chembl:CHEMBL671608","69a4cc696c249824c6d520d03f5c7bdf759076225889eca5d92a129cbda83f32","7e9885a25b2a5077bc95de5414b09ce438d9bd98180c05062f2fa02e414ce4a3","69a4cc696c249824c6d520d03f5c7bdf759076225889eca5d92a129cbda83f32","included","","","","","","","","","include","2026-06-30T10:38:04.350006+00:00","{""aidx"": ""CLD0"", ""assay_category"": null, ""assay_cell_type"": ""CHO"", ""assay_chembl_id"": ""CHEMBL671608"", ""assay_classifications"": [], ""assay_group"": null, ""assay_organism"": ""Homo sapiens"", ""assay_parameters"": [], ""assay_strain"": null, ""assay_subcellular_fraction"": null, ""assay_tax_id"": 9606, ""assay_test_type"": null, ""assay_tissue"": null, ""assay_type"": ""B"", ""assay_type_description"": ""Binding"", ""bao_format"": ""BAO_0000219"", ""bao_label"": ""cell-based format"", ""cell_chembl_id"": ""CHEMBL3308072"", ""confidence_description"": ""Direct single protein target assigned"", ""confidence_score"": 9, ""description"": ""Tested in vitro for the inhibition of [3H]spiperone binding to Dopamine receptor D4, expressed in cloned CHO cells; Inactive"", ""document_chembl_id"": ""CHEMBL1129215"", ""relationship_description"": ""Direct protein target assigned"", ""relationship_type"": ""D"", ""src_assay_id"": null, ""src_id"": 1, ""target_chembl_id"": ""CHEMBL219"", ""tissue_chembl_id"": null, ""variant_sequence"": null}","{""_dq_error"": false, ""_dq_warn"": false, ""_index"": 57, ""_ingestion_ts"": ""2026-06-30T10:37:34.714862+00:00"", ""_run_id"": ""c2db9646-6053-52aa-b6f1-9d39f569c37f"", ""_run_type"": ""backfill"", ""_source_batch_id"": ""673b5511-3446-5f04-953c-31bc9bd1cef7"", ""aidx"": ""CLD0"", ""assay_category"": null, ""assay_cell_type"": ""CHO"", ""assay_classifications"": null, ""assay_group"": null, ""assay_id"": ""CHEMBL671608"", ""assay_organism"": ""Homo sapiens"", ""assay_parameters"": null, ""assay_pref_name"": null, ""assay_strain"": null, ""assay_subcellular_fraction"": null, ""assay_subcellular_fraction_raw"": null, ""assay_taxonomy_id"": 9606, ""assay_test_type"": null, ""assay_tissue"": null, ""assay_type"": ""B"", ""assay_type_description"": ""Binding"", ""bao_format"": ""BAO_0000219"", ""bao_format_iri"": ""https://purl.obolibrary.org/obo/BAO_0000219"", ""bao_format_mapping_status"": ""mapped"", ""bao_label"": ""cell-based format"", ""bao_ontology_version"": ""2.8.18a"", ""cell_id"": ""CHEMBL3308072"", ""confidence_description"": ""Direct single protein target assigned"", ""confidence_score"": 9.0, ""content_hash"": ""69a4cc696c249824c6d520d03f5c7bdf759076225889eca5d92a129cbda83f32"", ""description"": ""Tested in vitro for the inhibition of [3H]spiperone binding to Dopamine receptor D4, expressed in cloned CHO cells; Inactive"", ""entity_id"": ""chembl:CHEMBL671608"", ""publication_id"": ""CHEMBL1129215"", ""relationship_description"": ""Direct protein target assigned"", ""relationship_type"": ""D"", ""score"": null, ""src_assay_id"": null, ""src_id"": 1, ""target_id"": ""CHEMBL219"", ""tissue_id"": null, ""variant_accession"": null, ""variant_isoform"": null, ""variant_mutation"": null, ""variant_organism"": null, ""variant_sequence"": null, ""variant_sequence_json"": null, ""variant_taxonomy_id"": null}"
"c2db9646-6053-52aa-b6f1-9d39f569c37f","chembl_assay","chembl_assay","chembl","gold","58","CHEMBL1132519","chembl:CHEMBL671652","e75d4af5892c56e282149e68e853e992eda1354639c73228c1222b33924f4f38","c9bce60709cd32bd44b17a6476502f07da82180b7292ebd7c510f9ce71b24583","e75d4af5892c56e282149e68e853e992eda1354639c73228c1222b33924f4f38","included","","","","","","","","","include","2026-06-30T10:38:04.351543+00:00","{""aidx"": ""CLD0"", ""assay_category"": null, ""assay_cell_type"": ""CHO"", ""assay_chembl_id"": ""CHEMBL671652"", ""assay_classifications"": [], ""assay_group"": null, ""assay_organism"": ""Homo sapiens"", ""assay_parameters"": [], ""assay_strain"": null, ""assay_subcellular_fraction"": null, ""assay_tax_id"": 9606, ""assay_test_type"": null, ""assay_tissue"": null, ""assay_type"": ""B"", ""assay_type_description"": ""Binding"", ""bao_format"": ""BAO_0000219"", ""bao_label"": ""cell-based format"", ""cell_chembl_id"": ""CHEMBL3308072"", ""confidence_description"": ""Direct single protein target assigned"", ""confidence_score"": 9, ""description"": ""Ability to displace [3H]spiperone from cloned human dopamine D2 receptor stably expressed in CHO cells"", ""document_chembl_id"": ""CHEMBL1132519"", ""relationship_description"": ""Direct protein target assigned"", ""relationship_type"": ""D"", ""src_assay_id"": null, ""src_id"": 1, ""target_chembl_id"": ""CHEMBL217"", ""tissue_chembl_id"": null, ""variant_sequence"": null}","{""_dq_error"": false, ""_dq_warn"": false, ""_index"": 58, ""_ingestion_ts"": ""2026-06-30T10:37:34.714862+00:00"", ""_run_id"": ""c2db9646-6053-52aa-b6f1-9d39f569c37f"", ""_run_type"": ""backfill"", ""_source_batch_id"": ""673b5511-3446-5f04-953c-31bc9bd1cef7"", ""aidx"": ""CLD0"", ""assay_category"": null, ""assay_cell_type"": ""CHO"", ""assay_classifications"": null, ""assay_group"": null, ""assay_id"": ""CHEMBL671652"", ""assay_organism"": ""Homo sapiens"", ""assay_parameters"": null, ""assay_pref_name"": null, ""assay_strain"": null, ""assay_subcellular_fraction"": null, ""assay_subcellular_fraction_raw"": null, ""assay_taxonomy_id"": 9606, ""assay_test_type"": null, ""assay_tissue"": null, ""assay_type"": ""B"", ""assay_type_description"": ""Binding"", ""bao_format"": ""BAO_0000219"", ""bao_format_iri"": ""https://purl.obolibrary.org/obo/BAO_0000219"", ""bao_format_mapping_status"": ""mapped"", ""bao_label"": ""cell-based format"", ""bao_ontology_version"": ""2.8.18a"", ""cell_id"": ""CHEMBL3308072"", ""confidence_description"": ""Direct single protein target assigned"", ""confidence_score"": 9.0, ""content_hash"": ""e75d4af5892c56e282149e68e853e992eda1354639c73228c1222b33924f4f38"", ""description"": ""Ability to displace [3H]spiperone from cloned human dopamine D2 receptor stably expressed in CHO cells"", ""entity_id"": ""chembl:CHEMBL671652"", ""publication_id"": ""CHEMBL1132519"", ""relationship_description"": ""Direct protein target assigned"", ""relationship_type"": ""D"", ""score"": null, ""src_assay_id"": null, ""src_id"": 1, ""target_id"": ""CHEMBL217"", ""tissue_id"": null, ""variant_accession"": null, ""variant_isoform"": null, ""variant_mutation"": null, ""variant_organism"": null, ""variant_sequence"": null, ""variant_sequence_json"": null, ""variant_taxonomy_id"": null}"
"c2db9646-6053-52aa-b6f1-9d39f569c37f","chembl_assay","chembl_assay","chembl","gold","59","CHEMBL1129306","chembl:CHEMBL672164","42b3a5ba9f5eae83d5043981b788e5322ab8fdc5345df5d8144cd2a936c28660","04192aea127d31cb2d85a07332aac47a669ab7fd9b756e0902bb3417a42a62b7","42b3a5ba9f5eae83d5043981b788e5322ab8fdc5345df5d8144cd2a936c28660","included","","","","","","","","","include","2026-06-30T10:38:04.353312+00:00","{""aidx"": ""CLD0"", ""assay_category"": null, ""assay_cell_type"": ""CHO"", ""assay_chembl_id"": ""CHEMBL672164"", ""assay_classifications"": [], ""assay_group"": null, ""assay_organism"": ""Homo sapiens"", ""assay_parameters"": [], ""assay_strain"": null, ""assay_subcellular_fraction"": null, ""assay_tax_id"": 9606, ""assay_test_type"": null, ""assay_tissue"": null, ""assay_type"": ""B"", ""assay_type_description"": ""Binding"", ""bao_format"": ""BAO_0000219"", ""bao_label"": ""cell-based format"", ""cell_chembl_id"": ""CHEMBL3308072"", ""confidence_description"": ""Direct single protein target assigned"", ""confidence_score"": 9, ""description"": ""Binding affinity towards cloned human Dopamine receptor D2 stably expressed in CHO cells was evaluated using [3H]spiperone as radioligand"", ""document_chembl_id"": ""CHEMBL1129306"", ""relationship_description"": ""Direct protein target assigned"", ""relationship_type"": ""D"", ""src_assay_id"": null, ""src_id"": 1, ""target_chembl_id"": ""CHEMBL217"", ""tissue_chembl_id"": null, ""variant_sequence"": null}","{""_dq_error"": false, ""_dq_warn"": false, ""_index"": 59, ""_ingestion_ts"": ""2026-06-30T10:37:34.714862+00:00"", ""_run_id"": ""c2db9646-6053-52aa-b6f1-9d39f569c37f"", ""_run_type"": ""backfill"", ""_source_batch_id"": ""673b5511-3446-5f04-953c-31bc9bd1cef7"", ""aidx"": ""CLD0"", ""assay_category"": null, ""assay_cell_type"": ""CHO"", ""assay_classifications"": null, ""assay_group"": null, ""assay_id"": ""CHEMBL672164"", ""assay_organism"": ""Homo sapiens"", ""assay_parameters"": null, ""assay_pref_name"": null, ""assay_strain"": null, ""assay_subcellular_fraction"": null, ""assay_subcellular_fraction_raw"": null, ""assay_taxonomy_id"": 9606, ""assay_test_type"": null, ""assay_tissue"": null, ""assay_type"": ""B"", ""assay_type_description"": ""Binding"", ""bao_format"": ""BAO_0000219"", ""bao_format_iri"": ""https://purl.obolibrary.org/obo/BAO_0000219"", ""bao_format_mapping_status"": ""mapped"", ""bao_label"": ""cell-based format"", ""bao_ontology_version"": ""2.8.18a"", ""cell_id"": ""CHEMBL3308072"", ""confidence_description"": ""Direct single protein target assigned"", ""confidence_score"": 9.0, ""content_hash"": ""42b3a5ba9f5eae83d5043981b788e5322ab8fdc5345df5d8144cd2a936c28660"", ""description"": ""Binding affinity towards cloned human Dopamine receptor D2 stably expressed in CHO cells was evaluated using [3H]spiperone as radioligand"", ""entity_id"": ""chembl:CHEMBL672164"", ""publication_id"": ""CHEMBL1129306"", ""relationship_description"": ""Direct protein target assigned"", ""relationship_type"": ""D"", ""score"": null, ""src_assay_id"": null, ""src_id"": 1, ""target_id"": ""CHEMBL217"", ""tissue_id"": null, ""variant_accession"": null, ""variant_isoform"": null, ""variant_mutation"": null, ""variant_organism"": null, ""variant_sequence"": null, ""variant_sequence_json"": null, ""variant_taxonomy_id"": null}"
"c2db9646-6053-52aa-b6f1-9d39f569c37f","chembl_assay","chembl_assay","chembl","gold","60","CHEMBL1130009","chembl:CHEMBL672173","dc74ccb6939aa39a9f145409c16d7c9d27745df06461056ea35964098bae806b","f1b1479863493366eed02801a3608b1f01d413b53e9f14f25c0fb56829afc1e4","dc74ccb6939aa39a9f145409c16d7c9d27745df06461056ea35964098bae806b","included","","","","","","","","","include","2026-06-30T10:38:04.354621+00:00","{""aidx"": ""CLD0"", ""assay_category"": null, ""assay_cell_type"": ""CHO"", ""assay_chembl_id"": ""CHEMBL672173"", ""assay_classifications"": [], ""assay_group"": null, ""assay_organism"": ""Homo sapiens"", ""assay_parameters"": [], ""assay_strain"": null, ""assay_subcellular_fraction"": null, ""assay_tax_id"": 9606, ""assay_test_type"": null, ""assay_tissue"": null, ""assay_type"": ""B"", ""assay_type_description"": ""Binding"", ""bao_format"": ""BAO_0000219"", ""bao_label"": ""cell-based format"", ""cell_chembl_id"": ""CHEMBL3308072"", ""confidence_description"": ""Direct single protein target assigned"", ""confidence_score"": 9, ""description"": ""Binding affinity on human Dopamine receptor D2 expressed in CHO cells using radioligand [3H]-YM 09151"", ""document_chembl_id"": ""CHEMBL1130009"", ""relationship_description"": ""Direct protein target assigned"", ""relationship_type"": ""D"", ""src_assay_id"": null, ""src_id"": 1, ""target_chembl_id"": ""CHEMBL217"", ""tissue_chembl_id"": null, ""variant_sequence"": null}","{""_dq_error"": false, ""_dq_warn"": false, ""_index"": 60, ""_ingestion_ts"": ""2026-06-30T10:37:34.714862+00:00"", ""_run_id"": ""c2db9646-6053-52aa-b6f1-9d39f569c37f"", ""_run_type"": ""backfill"", ""_source_batch_id"": ""673b5511-3446-5f04-953c-31bc9bd1cef7"", ""aidx"": ""CLD0"", ""assay_category"": null, ""assay_cell_type"": ""CHO"", ""assay_classifications"": null, ""assay_group"": null, ""assay_id"": ""CHEMBL672173"", ""assay_organism"": ""Homo sapiens"", ""assay_parameters"": null, ""assay_pref_name"": null, ""assay_strain"": null, ""assay_subcellular_fraction"": null, ""assay_subcellular_fraction_raw"": null, ""assay_taxonomy_id"": 9606, ""assay_test_type"": null, ""assay_tissue"": null, ""assay_type"": ""B"", ""assay_type_description"": ""Binding"", ""bao_format"": ""BAO_0000219"", ""bao_format_iri"": ""https://purl.obolibrary.org/obo/BAO_0000219"", ""bao_format_mapping_status"": ""mapped"", ""bao_label"": ""cell-based format"", ""bao_ontology_version"": ""2.8.18a"", ""cell_id"": ""CHEMBL3308072"", ""confidence_description"": ""Direct single protein target assigned"", ""confidence_score"": 9.0, ""content_hash"": ""dc74ccb6939aa39a9f145409c16d7c9d27745df06461056ea35964098bae806b"", ""description"": ""Binding affinity on human Dopamine receptor D2 expressed in CHO cells using radioligand [3H]-YM 09151"", ""entity_id"": ""chembl:CHEMBL672173"", ""publication_id"": ""CHEMBL1130009"", ""relationship_description"": ""Direct protein target assigned"", ""relationship_type"": ""D"", ""score"": null, ""src_assay_id"": null, ""src_id"": 1, ""target_id"": ""CHEMBL217"", ""tissue_id"": null, ""variant_accession"": null, ""variant_isoform"": null, ""variant_mutation"": null, ""variant_organism"": null, ""variant_sequence"": null, ""variant_sequence_json"": null, ""variant_taxonomy_id"": null}"
"c2db9646-6053-52aa-b6f1-9d39f569c37f","chembl_assay","chembl_assay","chembl","gold","61","CHEMBL1131363","chembl:CHEMBL672174","b6fbd4f67871026e9e6c27ed90ecc7d40250a1aef56731ff72898093c6b8243b","f0ad90feaf7b8af0ddbdf1fe4ffedc7c26e72066fd4b96857d3986d206084b28","b6fbd4f67871026e9e6c27ed90ecc7d40250a1aef56731ff72898093c6b8243b","included","","","","","","","","","include","2026-06-30T10:38:04.356251+00:00","{""aidx"": ""CLD0"", ""assay_category"": null, ""assay_cell_type"": ""CHO"", ""assay_chembl_id"": ""CHEMBL672174"", ""assay_classifications"": [], ""assay_group"": null, ""assay_organism"": ""Homo sapiens"", ""assay_parameters"": [], ""assay_strain"": null, ""assay_subcellular_fraction"": null, ""assay_tax_id"": 9606, ""assay_test_type"": null, ""assay_tissue"": null, ""assay_type"": ""B"", ""assay_type_description"": ""Binding"", ""bao_format"": ""BAO_0000219"", ""bao_label"": ""cell-based format"", ""cell_chembl_id"": ""CHEMBL3308072"", ""confidence_description"": ""Direct single protein target assigned"", ""confidence_score"": 9, ""description"": ""Displacement of [3H]spiperone from human Dopamine receptor D2 expressed in CHO cells"", ""document_chembl_id"": ""CHEMBL1131363"", ""relationship_description"": ""Direct protein target assigned"", ""relationship_type"": ""D"", ""src_assay_id"": null, ""src_id"": 1, ""target_chembl_id"": ""CHEMBL217"", ""tissue_chembl_id"": null, ""variant_sequence"": null}","{""_dq_error"": false, ""_dq_warn"": false, ""_index"": 61, ""_ingestion_ts"": ""2026-06-30T10:37:34.714862+00:00"", ""_run_id"": ""c2db9646-6053-52aa-b6f1-9d39f569c37f"", ""_run_type"": ""backfill"", ""_source_batch_id"": ""673b5511-3446-5f04-953c-31bc9bd1cef7"", ""aidx"": ""CLD0"", ""assay_category"": null, ""assay_cell_type"": ""CHO"", ""assay_classifications"": null, ""assay_group"": null, ""assay_id"": ""CHEMBL672174"", ""assay_organism"": ""Homo sapiens"", ""assay_parameters"": null, ""assay_pref_name"": null, ""assay_strain"": null, ""assay_subcellular_fraction"": null, ""assay_subcellular_fraction_raw"": null, ""assay_taxonomy_id"": 9606, ""assay_test_type"": null, ""assay_tissue"": null, ""assay_type"": ""B"", ""assay_type_description"": ""Binding"", ""bao_format"": ""BAO_0000219"", ""bao_format_iri"": ""https://purl.obolibrary.org/obo/BAO_0000219"", ""bao_format_mapping_status"": ""mapped"", ""bao_label"": ""cell-based format"", ""bao_ontology_version"": ""2.8.18a"", ""cell_id"": ""CHEMBL3308072"", ""confidence_description"": ""Direct single protein target assigned"", ""confidence_score"": 9.0, ""content_hash"": ""b6fbd4f67871026e9e6c27ed90ecc7d40250a1aef56731ff72898093c6b8243b"", ""description"": ""Displacement of [3H]spiperone from human Dopamine receptor D2 expressed in CHO cells"", ""entity_id"": ""chembl:CHEMBL672174"", ""publication_id"": ""CHEMBL1131363"", ""relationship_description"": ""Direct protein target assigned"", ""relationship_type"": ""D"", ""score"": null, ""src_assay_id"": null, ""src_id"": 1, ""target_id"": ""CHEMBL217"", ""tissue_id"": null, ""variant_accession"": null, ""variant_isoform"": null, ""variant_mutation"": null, ""variant_organism"": null, ""variant_sequence"": null, ""variant_sequence_json"": null, ""variant_taxonomy_id"": null}"
"c2db9646-6053-52aa-b6f1-9d39f569c37f","chembl_assay","chembl_assay","chembl","gold","62","CHEMBL1132669","chembl:CHEMBL672205","e8f096ba68deae6585a55abc58b1bcb681913cc1b499816289b27c786c56e8e0","4545e519484072569e08cf66812c7d51a0ae86ba59cb01dd8d5e717cbd00c183","e8f096ba68deae6585a55abc58b1bcb681913cc1b499816289b27c786c56e8e0","included","","","","","","","","","include","2026-06-30T10:38:04.357883+00:00","{""aidx"": ""CLD0"", ""assay_category"": null, ""assay_cell_type"": ""CHO"", ""assay_chembl_id"": ""CHEMBL672205"", ""assay_classifications"": [], ""assay_group"": null, ""assay_organism"": ""Homo sapiens"", ""assay_parameters"": [], ""assay_strain"": null, ""assay_subcellular_fraction"": null, ""assay_tax_id"": 9606, ""assay_test_type"": null, ""assay_tissue"": null, ""assay_type"": ""B"", ""assay_type_description"": ""Binding"", ""bao_format"": ""BAO_0000219"", ""bao_label"": ""cell-based format"", ""cell_chembl_id"": ""CHEMBL3308072"", ""confidence_description"": ""Direct single protein target assigned"", ""confidence_score"": 9, ""description"": ""Inhibition of [3H]spiperone binding to human Dopamine receptor D2 in CHO cell membranes"", ""document_chembl_id"": ""CHEMBL1132669"", ""relationship_description"": ""Direct protein target assigned"", ""relationship_type"": ""D"", ""src_assay_id"": null, ""src_id"": 1, ""target_chembl_id"": ""CHEMBL217"", ""tissue_chembl_id"": null, ""variant_sequence"": null}","{""_dq_error"": false, ""_dq_warn"": false, ""_index"": 62, ""_ingestion_ts"": ""2026-06-30T10:37:34.714862+00:00"", ""_run_id"": ""c2db9646-6053-52aa-b6f1-9d39f569c37f"", ""_run_type"": ""backfill"", ""_source_batch_id"": ""673b5511-3446-5f04-953c-31bc9bd1cef7"", ""aidx"": ""CLD0"", ""assay_category"": null, ""assay_cell_type"": ""CHO"", ""assay_classifications"": null, ""assay_group"": null, ""assay_id"": ""CHEMBL672205"", ""assay_organism"": ""Homo sapiens"", ""assay_parameters"": null, ""assay_pref_name"": null, ""assay_strain"": null, ""assay_subcellular_fraction"": null, ""assay_subcellular_fraction_raw"": null, ""assay_taxonomy_id"": 9606, ""assay_test_type"": null, ""assay_tissue"": null, ""assay_type"": ""B"", ""assay_type_description"": ""Binding"", ""bao_format"": ""BAO_0000219"", ""bao_format_iri"": ""https://purl.obolibrary.org/obo/BAO_0000219"", ""bao_format_mapping_status"": ""mapped"", ""bao_label"": ""cell-based format"", ""bao_ontology_version"": ""2.8.18a"", ""cell_id"": ""CHEMBL3308072"", ""confidence_description"": ""Direct single protein target assigned"", ""confidence_score"": 9.0, ""content_hash"": ""e8f096ba68deae6585a55abc58b1bcb681913cc1b499816289b27c786c56e8e0"", ""description"": ""Inhibition of [3H]spiperone binding to human Dopamine receptor D2 in CHO cell membranes"", ""entity_id"": ""chembl:CHEMBL672205"", ""publication_id"": ""CHEMBL1132669"", ""relationship_description"": ""Direct protein target assigned"", ""relationship_type"": ""D"", ""score"": null, ""src_assay_id"": null, ""src_id"": 1, ""target_id"": ""CHEMBL217"", ""tissue_id"": null, ""variant_accession"": null, ""variant_isoform"": null, ""variant_mutation"": null, ""variant_organism"": null, ""variant_sequence"": null, ""variant_sequence_json"": null, ""variant_taxonomy_id"": null}"
"c2db9646-6053-52aa-b6f1-9d39f569c37f","chembl_assay","chembl_assay","chembl","gold","63","CHEMBL1132939","chembl:CHEMBL672223","825b8caa4439bbafbb894d5d7693e815cc4960cb79eea22513942de29883d33b","3521f6c39b75620d3cc5240bb6466650142e84b1a55359434ec146c77271cd8c","825b8caa4439bbafbb894d5d7693e815cc4960cb79eea22513942de29883d33b","included","","","","","","","","","include","2026-06-30T10:38:04.359556+00:00","{""aidx"": ""CLD0"", ""assay_category"": null, ""assay_cell_type"": ""CHO"", ""assay_chembl_id"": ""CHEMBL672223"", ""assay_classifications"": [], ""assay_group"": null, ""assay_organism"": ""Homo sapiens"", ""assay_parameters"": [], ""assay_strain"": null, ""assay_subcellular_fraction"": null, ""assay_tax_id"": 9606, ""assay_test_type"": null, ""assay_tissue"": null, ""assay_type"": ""F"", ""assay_type_description"": ""Functional"", ""bao_format"": ""BAO_0000219"", ""bao_label"": ""cell-based format"", ""cell_chembl_id"": ""CHEMBL3308072"", ""confidence_description"": ""Direct single protein target assigned"", ""confidence_score"": 9, ""description"": ""Antagonistic activity against CHO cells expressing human Dopamine receptor D2"", ""document_chembl_id"": ""CHEMBL1132939"", ""relationship_description"": ""Direct protein target assigned"", ""relationship_type"": ""D"", ""src_assay_id"": null, ""src_id"": 1, ""target_chembl_id"": ""CHEMBL217"", ""tissue_chembl_id"": null, ""variant_sequence"": null}","{""_dq_error"": false, ""_dq_warn"": false, ""_index"": 63, ""_ingestion_ts"": ""2026-06-30T10:37:34.714862+00:00"", ""_run_id"": ""c2db9646-6053-52aa-b6f1-9d39f569c37f"", ""_run_type"": ""backfill"", ""_source_batch_id"": ""673b5511-3446-5f04-953c-31bc9bd1cef7"", ""aidx"": ""CLD0"", ""assay_category"": null, ""assay_cell_type"": ""CHO"", ""assay_classifications"": null, ""assay_group"": null, ""assay_id"": ""CHEMBL672223"", ""assay_organism"": ""Homo sapiens"", ""assay_parameters"": null, ""assay_pref_name"": null, ""assay_strain"": null, ""assay_subcellular_fraction"": null, ""assay_subcellular_fraction_raw"": null, ""assay_taxonomy_id"": 9606, ""assay_test_type"": null, ""assay_tissue"": null, ""assay_type"": ""F"", ""assay_type_description"": ""Functional"", ""bao_format"": ""BAO_0000219"", ""bao_format_iri"": ""https://purl.obolibrary.org/obo/BAO_0000219"", ""bao_format_mapping_status"": ""mapped"", ""bao_label"": ""cell-based format"", ""bao_ontology_version"": ""2.8.18a"", ""cell_id"": ""CHEMBL3308072"", ""confidence_description"": ""Direct single protein target assigned"", ""confidence_score"": 9.0, ""content_hash"": ""825b8caa4439bbafbb894d5d7693e815cc4960cb79eea22513942de29883d33b"", ""description"": ""Antagonistic activity against CHO cells expressing human Dopamine receptor D2"", ""entity_id"": ""chembl:CHEMBL672223"", ""publication_id"": ""CHEMBL1132939"", ""relationship_description"": ""Direct protein target assigned"", ""relationship_type"": ""D"", ""score"": null, ""src_assay_id"": null, ""src_id"": 1, ""target_id"": ""CHEMBL217"", ""tissue_id"": null, ""variant_accession"": null, ""variant_isoform"": null, ""variant_mutation"": null, ""variant_organism"": null, ""variant_sequence"": null, ""variant_sequence_json"": null, ""variant_taxonomy_id"": null}"
"c2db9646-6053-52aa-b6f1-9d39f569c37f","chembl_assay","chembl_assay","chembl","gold","64","CHEMBL1134827","chembl:CHEMBL672225","e817476ff3b5c79b537762d3fbda263e98482a818989da33c58aed0d64e093d5","d3f56d336a14eddd1ec0d6090edcaf85e6fa3ae45b8872bb89194dd97baa3979","e817476ff3b5c79b537762d3fbda263e98482a818989da33c58aed0d64e093d5","included","","","","","","","","","include","2026-06-30T10:38:04.361239+00:00","{""aidx"": ""CLD0"", ""assay_category"": null, ""assay_cell_type"": ""CHO"", ""assay_chembl_id"": ""CHEMBL672225"", ""assay_classifications"": [], ""assay_group"": null, ""assay_organism"": ""Homo sapiens"", ""assay_parameters"": [], ""assay_strain"": null, ""assay_subcellular_fraction"": null, ""assay_tax_id"": 9606, ""assay_test_type"": null, ""assay_tissue"": null, ""assay_type"": ""B"", ""assay_type_description"": ""Binding"", ""bao_format"": ""BAO_0000219"", ""bao_label"": ""cell-based format"", ""cell_chembl_id"": ""CHEMBL3308072"", ""confidence_description"": ""Direct single protein target assigned"", ""confidence_score"": 9, ""description"": ""Displacement of [125I]iodosulpiride from human Dopamine receptor D2 expressed in CHO cells"", ""document_chembl_id"": ""CHEMBL1134827"", ""relationship_description"": ""Direct protein target assigned"", ""relationship_type"": ""D"", ""src_assay_id"": null, ""src_id"": 1, ""target_chembl_id"": ""CHEMBL217"", ""tissue_chembl_id"": null, ""variant_sequence"": null}","{""_dq_error"": false, ""_dq_warn"": false, ""_index"": 64, ""_ingestion_ts"": ""2026-06-30T10:37:34.714862+00:00"", ""_run_id"": ""c2db9646-6053-52aa-b6f1-9d39f569c37f"", ""_run_type"": ""backfill"", ""_source_batch_id"": ""673b5511-3446-5f04-953c-31bc9bd1cef7"", ""aidx"": ""CLD0"", ""assay_category"": null, ""assay_cell_type"": ""CHO"", ""assay_classifications"": null, ""assay_group"": null, ""assay_id"": ""CHEMBL672225"", ""assay_organism"": ""Homo sapiens"", ""assay_parameters"": null, ""assay_pref_name"": null, ""assay_strain"": null, ""assay_subcellular_fraction"": null, ""assay_subcellular_fraction_raw"": null, ""assay_taxonomy_id"": 9606, ""assay_test_type"": null, ""assay_tissue"": null, ""assay_type"": ""B"", ""assay_type_description"": ""Binding"", ""bao_format"": ""BAO_0000219"", ""bao_format_iri"": ""https://purl.obolibrary.org/obo/BAO_0000219"", ""bao_format_mapping_status"": ""mapped"", ""bao_label"": ""cell-based format"", ""bao_ontology_version"": ""2.8.18a"", ""cell_id"": ""CHEMBL3308072"", ""confidence_description"": ""Direct single protein target assigned"", ""confidence_score"": 9.0, ""content_hash"": ""e817476ff3b5c79b537762d3fbda263e98482a818989da33c58aed0d64e093d5"", ""description"": ""Displacement of [125I]iodosulpiride from human Dopamine receptor D2 expressed in CHO cells"", ""entity_id"": ""chembl:CHEMBL672225"", ""publication_id"": ""CHEMBL1134827"", ""relationship_description"": ""Direct protein target assigned"", ""relationship_type"": ""D"", ""score"": null, ""src_assay_id"": null, ""src_id"": 1, ""target_id"": ""CHEMBL217"", ""tissue_id"": null, ""variant_accession"": null, ""variant_isoform"": null, ""variant_mutation"": null, ""variant_organism"": null, ""variant_sequence"": null, ""variant_sequence_json"": null, ""variant_taxonomy_id"": null}"
"c2db9646-6053-52aa-b6f1-9d39f569c37f","chembl_assay","chembl_assay","chembl","gold","65","CHEMBL1153677","chembl:CHEMBL672226","d83e84fe407128c94cec6dc888fac3b4e68e05f8aead865ebd2480e4a04e35bd","8526dba41bf77a395f2dd6e8401048bb0498275523cb52e045ec8ca2ca2a8cd9","d83e84fe407128c94cec6dc888fac3b4e68e05f8aead865ebd2480e4a04e35bd","included","","","","","","","","","include","2026-06-30T10:38:04.362908+00:00","{""aidx"": ""CLD0"", ""assay_category"": null, ""assay_cell_type"": ""CHO"", ""assay_chembl_id"": ""CHEMBL672226"", ""assay_classifications"": [], ""assay_group"": null, ""assay_organism"": ""Homo sapiens"", ""assay_parameters"": [], ""assay_strain"": null, ""assay_subcellular_fraction"": null, ""assay_tax_id"": 9606, ""assay_test_type"": null, ""assay_tissue"": null, ""assay_type"": ""B"", ""assay_type_description"": ""Binding"", ""bao_format"": ""BAO_0000219"", ""bao_label"": ""cell-based format"", ""cell_chembl_id"": ""CHEMBL3308072"", ""confidence_description"": ""Direct single protein target assigned"", ""confidence_score"": 9, ""description"": ""Displacement of [125I]iodosulpiride from human Dopamine receptor D2 expressed in CHO cells"", ""document_chembl_id"": ""CHEMBL1153677"", ""relationship_description"": ""Direct protein target assigned"", ""relationship_type"": ""D"", ""src_assay_id"": null, ""src_id"": 1, ""target_chembl_id"": ""CHEMBL217"", ""tissue_chembl_id"": null, ""variant_sequence"": null}","{""_dq_error"": false, ""_dq_warn"": false, ""_index"": 65, ""_ingestion_ts"": ""2026-06-30T10:37:34.714862+00:00"", ""_run_id"": ""c2db9646-6053-52aa-b6f1-9d39f569c37f"", ""_run_type"": ""backfill"", ""_source_batch_id"": ""673b5511-3446-5f04-953c-31bc9bd1cef7"", ""aidx"": ""CLD0"", ""assay_category"": null, ""assay_cell_type"": ""CHO"", ""assay_classifications"": null, ""assay_group"": null, ""assay_id"": ""CHEMBL672226"", ""assay_organism"": ""Homo sapiens"", ""assay_parameters"": null, ""assay_pref_name"": null, ""assay_strain"": null, ""assay_subcellular_fraction"": null, ""assay_subcellular_fraction_raw"": null, ""assay_taxonomy_id"": 9606, ""assay_test_type"": null, ""assay_tissue"": null, ""assay_type"": ""B"", ""assay_type_description"": ""Binding"", ""bao_format"": ""BAO_0000219"", ""bao_format_iri"": ""https://purl.obolibrary.org/obo/BAO_0000219"", ""bao_format_mapping_status"": ""mapped"", ""bao_label"": ""cell-based format"", ""bao_ontology_version"": ""2.8.18a"", ""cell_id"": ""CHEMBL3308072"", ""confidence_description"": ""Direct single protein target assigned"", ""confidence_score"": 9.0, ""content_hash"": ""d83e84fe407128c94cec6dc888fac3b4e68e05f8aead865ebd2480e4a04e35bd"", ""description"": ""Displacement of [125I]iodosulpiride from human Dopamine receptor D2 expressed in CHO cells"", ""entity_id"": ""chembl:CHEMBL672226"", ""publication_id"": ""CHEMBL1153677"", ""relationship_description"": ""Direct protein target assigned"", ""relationship_type"": ""D"", ""score"": null, ""src_assay_id"": null, ""src_id"": 1, ""target_id"": ""CHEMBL217"", ""tissue_id"": null, ""variant_accession"": null, ""variant_isoform"": null, ""variant_mutation"": null, ""variant_organism"": null, ""variant_sequence"": null, ""variant_sequence_json"": null, ""variant_taxonomy_id"": null}"
"c2db9646-6053-52aa-b6f1-9d39f569c37f","chembl_assay","chembl_assay","chembl","gold","66","CHEMBL1134724","chembl:CHEMBL672228","8c890204ec52a42b30428ca09886913769ac41bbd23aea4f6c46d1f8795e6a86","9e43bdd7e35508a0fc20c64efb3e942e5a810c3710db609e45d253593d3ddae4","8c890204ec52a42b30428ca09886913769ac41bbd23aea4f6c46d1f8795e6a86","included","","","","","","","","","include","2026-06-30T10:38:04.364522+00:00","{""aidx"": ""CLD0"", ""assay_category"": null, ""assay_cell_type"": ""CHO"", ""assay_chembl_id"": ""CHEMBL672228"", ""assay_classifications"": [], ""assay_group"": null, ""assay_organism"": ""Homo sapiens"", ""assay_parameters"": [], ""assay_strain"": null, ""assay_subcellular_fraction"": null, ""assay_tax_id"": 9606, ""assay_test_type"": null, ""assay_tissue"": null, ""assay_type"": ""B"", ""assay_type_description"": ""Binding"", ""bao_format"": ""BAO_0000219"", ""bao_label"": ""cell-based format"", ""cell_chembl_id"": ""CHEMBL3308072"", ""confidence_description"": ""Direct single protein target assigned"", ""confidence_score"": 9, ""description"": ""Binding affinity to human cloned Dopamine receptor D2 in CHO cells using [125I]- iodosulpride as radioligand"", ""document_chembl_id"": ""CHEMBL1134724"", ""relationship_description"": ""Direct protein target assigned"", ""relationship_type"": ""D"", ""src_assay_id"": null, ""src_id"": 1, ""target_chembl_id"": ""CHEMBL217"", ""tissue_chembl_id"": null, ""variant_sequence"": null}","{""_dq_error"": false, ""_dq_warn"": false, ""_index"": 66, ""_ingestion_ts"": ""2026-06-30T10:37:34.714862+00:00"", ""_run_id"": ""c2db9646-6053-52aa-b6f1-9d39f569c37f"", ""_run_type"": ""backfill"", ""_source_batch_id"": ""673b5511-3446-5f04-953c-31bc9bd1cef7"", ""aidx"": ""CLD0"", ""assay_category"": null, ""assay_cell_type"": ""CHO"", ""assay_classifications"": null, ""assay_group"": null, ""assay_id"": ""CHEMBL672228"", ""assay_organism"": ""Homo sapiens"", ""assay_parameters"": null, ""assay_pref_name"": null, ""assay_strain"": null, ""assay_subcellular_fraction"": null, ""assay_subcellular_fraction_raw"": null, ""assay_taxonomy_id"": 9606, ""assay_test_type"": null, ""assay_tissue"": null, ""assay_type"": ""B"", ""assay_type_description"": ""Binding"", ""bao_format"": ""BAO_0000219"", ""bao_format_iri"": ""https://purl.obolibrary.org/obo/BAO_0000219"", ""bao_format_mapping_status"": ""mapped"", ""bao_label"": ""cell-based format"", ""bao_ontology_version"": ""2.8.18a"", ""cell_id"": ""CHEMBL3308072"", ""confidence_description"": ""Direct single protein target assigned"", ""confidence_score"": 9.0, ""content_hash"": ""8c890204ec52a42b30428ca09886913769ac41bbd23aea4f6c46d1f8795e6a86"", ""description"": ""Binding affinity to human cloned Dopamine receptor D2 in CHO cells using [125I]- iodosulpride as radioligand"", ""entity_id"": ""chembl:CHEMBL672228"", ""publication_id"": ""CHEMBL1134724"", ""relationship_description"": ""Direct protein target assigned"", ""relationship_type"": ""D"", ""score"": null, ""src_assay_id"": null, ""src_id"": 1, ""target_id"": ""CHEMBL217"", ""tissue_id"": null, ""variant_accession"": null, ""variant_isoform"": null, ""variant_mutation"": null, ""variant_organism"": null, ""variant_sequence"": null, ""variant_sequence_json"": null, ""variant_taxonomy_id"": null}"
"c2db9646-6053-52aa-b6f1-9d39f569c37f","chembl_assay","chembl_assay","chembl","gold","67","CHEMBL1133533","chembl:CHEMBL672383","757c29e9f0d0960d2eb2654592a5368de0187a206871ed2bbc47fb0be76d7977","b6ccbf703fd31d84467f1dc65e5688444ab69771455eaac4e11dcba1949812e1","757c29e9f0d0960d2eb2654592a5368de0187a206871ed2bbc47fb0be76d7977","included","","","","","","","","","include","2026-06-30T10:38:04.366579+00:00","{""aidx"": ""CLD0"", ""assay_category"": null, ""assay_cell_type"": ""CHO"", ""assay_chembl_id"": ""CHEMBL672383"", ""assay_classifications"": [], ""assay_group"": null, ""assay_organism"": ""Homo sapiens"", ""assay_parameters"": [], ""assay_strain"": null, ""assay_subcellular_fraction"": null, ""assay_tax_id"": 9606, ""assay_test_type"": null, ""assay_tissue"": null, ""assay_type"": ""B"", ""assay_type_description"": ""Binding"", ""bao_format"": ""BAO_0000219"", ""bao_label"": ""cell-based format"", ""cell_chembl_id"": ""CHEMBL3308072"", ""confidence_description"": ""Direct single protein target assigned"", ""confidence_score"": 9, ""description"": ""Displacement of [3H]spiperone from human Dopamine receptor D2L expressed in CHO cells"", ""document_chembl_id"": ""CHEMBL1133533"", ""relationship_description"": ""Direct protein target assigned"", ""relationship_type"": ""D"", ""src_assay_id"": null, ""src_id"": 1, ""target_chembl_id"": ""CHEMBL217"", ""tissue_chembl_id"": null, ""variant_sequence"": null}","{""_dq_error"": false, ""_dq_warn"": false, ""_index"": 67, ""_ingestion_ts"": ""2026-06-30T10:37:34.714862+00:00"", ""_run_id"": ""c2db9646-6053-52aa-b6f1-9d39f569c37f"", ""_run_type"": ""backfill"", ""_source_batch_id"": ""673b5511-3446-5f04-953c-31bc9bd1cef7"", ""aidx"": ""CLD0"", ""assay_category"": null, ""assay_cell_type"": ""CHO"", ""assay_classifications"": null, ""assay_group"": null, ""assay_id"": ""CHEMBL672383"", ""assay_organism"": ""Homo sapiens"", ""assay_parameters"": null, ""assay_pref_name"": null, ""assay_strain"": null, ""assay_subcellular_fraction"": null, ""assay_subcellular_fraction_raw"": null, ""assay_taxonomy_id"": 9606, ""assay_test_type"": null, ""assay_tissue"": null, ""assay_type"": ""B"", ""assay_type_description"": ""Binding"", ""bao_format"": ""BAO_0000219"", ""bao_format_iri"": ""https://purl.obolibrary.org/obo/BAO_0000219"", ""bao_format_mapping_status"": ""mapped"", ""bao_label"": ""cell-based format"", ""bao_ontology_version"": ""2.8.18a"", ""cell_id"": ""CHEMBL3308072"", ""confidence_description"": ""Direct single protein target assigned"", ""confidence_score"": 9.0, ""content_hash"": ""757c29e9f0d0960d2eb2654592a5368de0187a206871ed2bbc47fb0be76d7977"", ""description"": ""Displacement of [3H]spiperone from human Dopamine receptor D2L expressed in CHO cells"", ""entity_id"": ""chembl:CHEMBL672383"", ""publication_id"": ""CHEMBL1133533"", ""relationship_description"": ""Direct protein target assigned"", ""relationship_type"": ""D"", ""score"": null, ""src_assay_id"": null, ""src_id"": 1, ""target_id"": ""CHEMBL217"", ""tissue_id"": null, ""variant_accession"": null, ""variant_isoform"": null, ""variant_mutation"": null, ""variant_organism"": null, ""variant_sequence"": null, ""variant_sequence_json"": null, ""variant_taxonomy_id"": null}"
"c2db9646-6053-52aa-b6f1-9d39f569c37f","chembl_assay","chembl_assay","chembl","gold","68","CHEMBL1126639","chembl:CHEMBL672486","8d8bb50988e86c59c9cd18f2e0ba1d56d898d4191a5e77d3fdf897065bdc2231","9c98527605aab36796dd47596c6801d7f8b4372e0910b8165ee934ad612b44c6","8d8bb50988e86c59c9cd18f2e0ba1d56d898d4191a5e77d3fdf897065bdc2231","included","","","","","","","","","include","2026-06-30T10:38:04.368407+00:00","{""aidx"": ""CLD0"", ""assay_category"": null, ""assay_cell_type"": ""CHO"", ""assay_chembl_id"": ""CHEMBL672486"", ""assay_classifications"": [], ""assay_group"": null, ""assay_organism"": ""Homo sapiens"", ""assay_parameters"": [], ""assay_strain"": null, ""assay_subcellular_fraction"": null, ""assay_tax_id"": 9606, ""assay_test_type"": null, ""assay_tissue"": null, ""assay_type"": ""B"", ""assay_type_description"": ""Binding"", ""bao_format"": ""BAO_0000219"", ""bao_label"": ""cell-based format"", ""cell_chembl_id"": ""CHEMBL3308072"", ""confidence_description"": ""Direct single protein target assigned"", ""confidence_score"": 9, ""description"": ""Binding affinity against [3H]U-86,170-labeled dopamine receptor D2 in cloned CHO cells"", ""document_chembl_id"": ""CHEMBL1126639"", ""relationship_description"": ""Direct protein target assigned"", ""relationship_type"": ""D"", ""src_assay_id"": null, ""src_id"": 1, ""target_chembl_id"": ""CHEMBL217"", ""tissue_chembl_id"": null, ""variant_sequence"": null}","{""_dq_error"": false, ""_dq_warn"": false, ""_index"": 68, ""_ingestion_ts"": ""2026-06-30T10:37:34.714862+00:00"", ""_run_id"": ""c2db9646-6053-52aa-b6f1-9d39f569c37f"", ""_run_type"": ""backfill"", ""_source_batch_id"": ""673b5511-3446-5f04-953c-31bc9bd1cef7"", ""aidx"": ""CLD0"", ""assay_category"": null, ""assay_cell_type"": ""CHO"", ""assay_classifications"": null, ""assay_group"": null, ""assay_id"": ""CHEMBL672486"", ""assay_organism"": ""Homo sapiens"", ""assay_parameters"": null, ""assay_pref_name"": null, ""assay_strain"": null, ""assay_subcellular_fraction"": null, ""assay_subcellular_fraction_raw"": null, ""assay_taxonomy_id"": 9606, ""assay_test_type"": null, ""assay_tissue"": null, ""assay_type"": ""B"", ""assay_type_description"": ""Binding"", ""bao_format"": ""BAO_0000219"", ""bao_format_iri"": ""https://purl.obolibrary.org/obo/BAO_0000219"", ""bao_format_mapping_status"": ""mapped"", ""bao_label"": ""cell-based format"", ""bao_ontology_version"": ""2.8.18a"", ""cell_id"": ""CHEMBL3308072"", ""confidence_description"": ""Direct single protein target assigned"", ""confidence_score"": 9.0, ""content_hash"": ""8d8bb50988e86c59c9cd18f2e0ba1d56d898d4191a5e77d3fdf897065bdc2231"", ""description"": ""Binding affinity against [3H]U-86,170-labeled dopamine receptor D2 in cloned CHO cells"", ""entity_id"": ""chembl:CHEMBL672486"", ""publication_id"": ""CHEMBL1126639"", ""relationship_description"": ""Direct protein target assigned"", ""relationship_type"": ""D"", ""score"": null, ""src_assay_id"": null, ""src_id"": 1, ""target_id"": ""CHEMBL217"", ""tissue_id"": null, ""variant_accession"": null, ""variant_isoform"": null, ""variant_mutation"": null, ""variant_organism"": null, ""variant_sequence"": null, ""variant_sequence_json"": null, ""variant_taxonomy_id"": null}"
"c2db9646-6053-52aa-b6f1-9d39f569c37f","chembl_assay","chembl_assay","chembl","gold","69","CHEMBL1125523","chembl:CHEMBL672490","dc50f32e6e07cbcced66affd92322e627c71b47448d9ac73a3642a0dcd1439ec","6126dadb904c93afea9280138b7e8d7fa27e20817161564bbe166a525367b1c5","dc50f32e6e07cbcced66affd92322e627c71b47448d9ac73a3642a0dcd1439ec","included","","","","","","","","","include","2026-06-30T10:38:04.370307+00:00","{""aidx"": ""CLD0"", ""assay_category"": null, ""assay_cell_type"": ""CHO"", ""assay_chembl_id"": ""CHEMBL672490"", ""assay_classifications"": [], ""assay_group"": null, ""assay_organism"": ""Homo sapiens"", ""assay_parameters"": [], ""assay_strain"": null, ""assay_subcellular_fraction"": null, ""assay_tax_id"": 9606, ""assay_test_type"": null, ""assay_tissue"": null, ""assay_type"": ""B"", ""assay_type_description"": ""Binding"", ""bao_format"": ""BAO_0000219"", ""bao_label"": ""cell-based format"", ""cell_chembl_id"": ""CHEMBL3308072"", ""confidence_description"": ""Direct single protein target assigned"", ""confidence_score"": 9, ""description"": ""Binding affinity towards Dopamine receptor D2 from mammalian clones expressed in CHO cell membranes using 2 (86.1 Ci/mmol,1.7nanoM)as radioligand"", ""document_chembl_id"": ""CHEMBL1125523"", ""relationship_description"": ""Direct protein target assigned"", ""relationship_type"": ""D"", ""src_assay_id"": null, ""src_id"": 1, ""target_chembl_id"": ""CHEMBL217"", ""tissue_chembl_id"": null, ""variant_sequence"": null}","{""_dq_error"": false, ""_dq_warn"": false, ""_index"": 69, ""_ingestion_ts"": ""2026-06-30T10:37:34.714862+00:00"", ""_run_id"": ""c2db9646-6053-52aa-b6f1-9d39f569c37f"", ""_run_type"": ""backfill"", ""_source_batch_id"": ""673b5511-3446-5f04-953c-31bc9bd1cef7"", ""aidx"": ""CLD0"", ""assay_category"": null, ""assay_cell_type"": ""CHO"", ""assay_classifications"": null, ""assay_group"": null, ""assay_id"": ""CHEMBL672490"", ""assay_organism"": ""Homo sapiens"", ""assay_parameters"": null, ""assay_pref_name"": null, ""assay_strain"": null, ""assay_subcellular_fraction"": null, ""assay_subcellular_fraction_raw"": null, ""assay_taxonomy_id"": 9606, ""assay_test_type"": null, ""assay_tissue"": null, ""assay_type"": ""B"", ""assay_type_description"": ""Binding"", ""bao_format"": ""BAO_0000219"", ""bao_format_iri"": ""https://purl.obolibrary.org/obo/BAO_0000219"", ""bao_format_mapping_status"": ""mapped"", ""bao_label"": ""cell-based format"", ""bao_ontology_version"": ""2.8.18a"", ""cell_id"": ""CHEMBL3308072"", ""confidence_description"": ""Direct single protein target assigned"", ""confidence_score"": 9.0, ""content_hash"": ""dc50f32e6e07cbcced66affd92322e627c71b47448d9ac73a3642a0dcd1439ec"", ""description"": ""Binding affinity towards Dopamine receptor D2 from mammalian clones expressed in CHO cell membranes using 2 (86.1 Ci/mmol,1.7nanoM)as radioligand"", ""entity_id"": ""chembl:CHEMBL672490"", ""publication_id"": ""CHEMBL1125523"", ""relationship_description"": ""Direct protein target assigned"", ""relationship_type"": ""D"", ""score"": null, ""src_assay_id"": null, ""src_id"": 1, ""target_id"": ""CHEMBL217"", ""tissue_id"": null, ""variant_accession"": null, ""variant_isoform"": null, ""variant_mutation"": null, ""variant_organism"": null, ""variant_sequence"": null, ""variant_sequence_json"": null, ""variant_taxonomy_id"": null}"
"c2db9646-6053-52aa-b6f1-9d39f569c37f","chembl_assay","chembl_assay","chembl","gold","70","CHEMBL1133533","chembl:CHEMBL672577","cd6e5d4e8ec49a2b27ba2c0c3e468f1d98c1f7327fe8f24bc416408613cc4407","c1dcc6d91e5e199e0eefafbbbaed54dfe78d51821db14fa9c8acfa5d0823f9d0","cd6e5d4e8ec49a2b27ba2c0c3e468f1d98c1f7327fe8f24bc416408613cc4407","included","","","","","","","","","include","2026-06-30T10:38:04.371627+00:00","{""aidx"": ""CLD0"", ""assay_category"": null, ""assay_cell_type"": ""CHO"", ""assay_chembl_id"": ""CHEMBL672577"", ""assay_classifications"": [], ""assay_group"": null, ""assay_organism"": ""Homo sapiens"", ""assay_parameters"": [], ""assay_strain"": null, ""assay_subcellular_fraction"": null, ""assay_tax_id"": 9606, ""assay_test_type"": null, ""assay_tissue"": null, ""assay_type"": ""B"", ""assay_type_description"": ""Binding"", ""bao_format"": ""BAO_0000219"", ""bao_label"": ""cell-based format"", ""cell_chembl_id"": ""CHEMBL3308072"", ""confidence_description"": ""Direct single protein target assigned"", ""confidence_score"": 9, ""description"": ""Displacement of [3H]spiperone from human Dopamine receptor D2S expressed in CHO cells"", ""document_chembl_id"": ""CHEMBL1133533"", ""relationship_description"": ""Direct protein target assigned"", ""relationship_type"": ""D"", ""src_assay_id"": null, ""src_id"": 1, ""target_chembl_id"": ""CHEMBL217"", ""tissue_chembl_id"": null, ""variant_sequence"": null}","{""_dq_error"": false, ""_dq_warn"": false, ""_index"": 70, ""_ingestion_ts"": ""2026-06-30T10:37:34.714862+00:00"", ""_run_id"": ""c2db9646-6053-52aa-b6f1-9d39f569c37f"", ""_run_type"": ""backfill"", ""_source_batch_id"": ""673b5511-3446-5f04-953c-31bc9bd1cef7"", ""aidx"": ""CLD0"", ""assay_category"": null, ""assay_cell_type"": ""CHO"", ""assay_classifications"": null, ""assay_group"": null, ""assay_id"": ""CHEMBL672577"", ""assay_organism"": ""Homo sapiens"", ""assay_parameters"": null, ""assay_pref_name"": null, ""assay_strain"": null, ""assay_subcellular_fraction"": null, ""assay_subcellular_fraction_raw"": null, ""assay_taxonomy_id"": 9606, ""assay_test_type"": null, ""assay_tissue"": null, ""assay_type"": ""B"", ""assay_type_description"": ""Binding"", ""bao_format"": ""BAO_0000219"", ""bao_format_iri"": ""https://purl.obolibrary.org/obo/BAO_0000219"", ""bao_format_mapping_status"": ""mapped"", ""bao_label"": ""cell-based format"", ""bao_ontology_version"": ""2.8.18a"", ""cell_id"": ""CHEMBL3308072"", ""confidence_description"": ""Direct single protein target assigned"", ""confidence_score"": 9.0, ""content_hash"": ""cd6e5d4e8ec49a2b27ba2c0c3e468f1d98c1f7327fe8f24bc416408613cc4407"", ""description"": ""Displacement of [3H]spiperone from human Dopamine receptor D2S expressed in CHO cells"", ""entity_id"": ""chembl:CHEMBL672577"", ""publication_id"": ""CHEMBL1133533"", ""relationship_description"": ""Direct protein target assigned"", ""relationship_type"": ""D"", ""score"": null, ""src_assay_id"": null, ""src_id"": 1, ""target_id"": ""CHEMBL217"", ""tissue_id"": null, ""variant_accession"": null, ""variant_isoform"": null, ""variant_mutation"": null, ""variant_organism"": null, ""variant_sequence"": null, ""variant_sequence_json"": null, ""variant_taxonomy_id"": null}"
"c2db9646-6053-52aa-b6f1-9d39f569c37f","chembl_assay","chembl_assay","chembl","gold","71","CHEMBL1131871","chembl:CHEMBL672580","6b685c9db587bce4f3f08b9b9f1c8d0da1beeb7cd7e49a5a07d94de202187666","7eb85037d071a34004243009a7cb1334f492d315ed5b50f70c93bc9d952301e6","6b685c9db587bce4f3f08b9b9f1c8d0da1beeb7cd7e49a5a07d94de202187666","included","","","","","","","","","include","2026-06-30T10:38:04.372722+00:00","{""aidx"": ""CLD0"", ""assay_category"": null, ""assay_cell_type"": ""CHO"", ""assay_chembl_id"": ""CHEMBL672580"", ""assay_classifications"": [], ""assay_group"": null, ""assay_organism"": ""Homo sapiens"", ""assay_parameters"": [], ""assay_strain"": null, ""assay_subcellular_fraction"": null, ""assay_tax_id"": 9606, ""assay_test_type"": null, ""assay_tissue"": null, ""assay_type"": ""B"", ""assay_type_description"": ""Binding"", ""bao_format"": ""BAO_0000219"", ""bao_label"": ""cell-based format"", ""cell_chembl_id"": ""CHEMBL3308072"", ""confidence_description"": ""Direct single protein target assigned"", ""confidence_score"": 9, ""description"": ""Displacement of [3H]spiperone from human Dopamine receptor D2S expressed in CHO cells"", ""document_chembl_id"": ""CHEMBL1131871"", ""relationship_description"": ""Direct protein target assigned"", ""relationship_type"": ""D"", ""src_assay_id"": null, ""src_id"": 1, ""target_chembl_id"": ""CHEMBL217"", ""tissue_chembl_id"": null, ""variant_sequence"": null}","{""_dq_error"": false, ""_dq_warn"": false, ""_index"": 71, ""_ingestion_ts"": ""2026-06-30T10:37:34.714862+00:00"", ""_run_id"": ""c2db9646-6053-52aa-b6f1-9d39f569c37f"", ""_run_type"": ""backfill"", ""_source_batch_id"": ""673b5511-3446-5f04-953c-31bc9bd1cef7"", ""aidx"": ""CLD0"", ""assay_category"": null, ""assay_cell_type"": ""CHO"", ""assay_classifications"": null, ""assay_group"": null, ""assay_id"": ""CHEMBL672580"", ""assay_organism"": ""Homo sapiens"", ""assay_parameters"": null, ""assay_pref_name"": null, ""assay_strain"": null, ""assay_subcellular_fraction"": null, ""assay_subcellular_fraction_raw"": null, ""assay_taxonomy_id"": 9606, ""assay_test_type"": null, ""assay_tissue"": null, ""assay_type"": ""B"", ""assay_type_description"": ""Binding"", ""bao_format"": ""BAO_0000219"", ""bao_format_iri"": ""https://purl.obolibrary.org/obo/BAO_0000219"", ""bao_format_mapping_status"": ""mapped"", ""bao_label"": ""cell-based format"", ""bao_ontology_version"": ""2.8.18a"", ""cell_id"": ""CHEMBL3308072"", ""confidence_description"": ""Direct single protein target assigned"", ""confidence_score"": 9.0, ""content_hash"": ""6b685c9db587bce4f3f08b9b9f1c8d0da1beeb7cd7e49a5a07d94de202187666"", ""description"": ""Displacement of [3H]spiperone from human Dopamine receptor D2S expressed in CHO cells"", ""entity_id"": ""chembl:CHEMBL672580"", ""publication_id"": ""CHEMBL1131871"", ""relationship_description"": ""Direct protein target assigned"", ""relationship_type"": ""D"", ""score"": null, ""src_assay_id"": null, ""src_id"": 1, ""target_id"": ""CHEMBL217"", ""tissue_id"": null, ""variant_accession"": null, ""variant_isoform"": null, ""variant_mutation"": null, ""variant_organism"": null, ""variant_sequence"": null, ""variant_sequence_json"": null, ""variant_taxonomy_id"": null}"
"c2db9646-6053-52aa-b6f1-9d39f569c37f","chembl_assay","chembl_assay","chembl","gold","72","CHEMBL1132939","chembl:CHEMBL673026","41ea906b0f52e2e7e91c1cb90c62a4dbf9d6cc2486b4dcb8de65b0ee88b33c9c","654d36cd871b01be4737aae9fb3ecb0c3fe2f66f1306ec0b36e65c966c677052","41ea906b0f52e2e7e91c1cb90c62a4dbf9d6cc2486b4dcb8de65b0ee88b33c9c","included","","","","","","","","","include","2026-06-30T10:38:04.373785+00:00","{""aidx"": ""CLD0"", ""assay_category"": null, ""assay_cell_type"": ""CHO"", ""assay_chembl_id"": ""CHEMBL673026"", ""assay_classifications"": [], ""assay_group"": null, ""assay_organism"": ""Homo sapiens"", ""assay_parameters"": [], ""assay_strain"": null, ""assay_subcellular_fraction"": null, ""assay_tax_id"": 9606, ""assay_test_type"": null, ""assay_tissue"": null, ""assay_type"": ""B"", ""assay_type_description"": ""Binding"", ""bao_format"": ""BAO_0000219"", ""bao_label"": ""cell-based format"", ""cell_chembl_id"": ""CHEMBL3308072"", ""confidence_description"": ""Direct single protein target assigned"", ""confidence_score"": 9, ""description"": ""Binding affinity for human Dopamine receptor D2 expressed in CHO cells"", ""document_chembl_id"": ""CHEMBL1132939"", ""relationship_description"": ""Direct protein target assigned"", ""relationship_type"": ""D"", ""src_assay_id"": null, ""src_id"": 1, ""target_chembl_id"": ""CHEMBL217"", ""tissue_chembl_id"": null, ""variant_sequence"": null}","{""_dq_error"": false, ""_dq_warn"": false, ""_index"": 72, ""_ingestion_ts"": ""2026-06-30T10:37:34.714862+00:00"", ""_run_id"": ""c2db9646-6053-52aa-b6f1-9d39f569c37f"", ""_run_type"": ""backfill"", ""_source_batch_id"": ""673b5511-3446-5f04-953c-31bc9bd1cef7"", ""aidx"": ""CLD0"", ""assay_category"": null, ""assay_cell_type"": ""CHO"", ""assay_classifications"": null, ""assay_group"": null, ""assay_id"": ""CHEMBL673026"", ""assay_organism"": ""Homo sapiens"", ""assay_parameters"": null, ""assay_pref_name"": null, ""assay_strain"": null, ""assay_subcellular_fraction"": null, ""assay_subcellular_fraction_raw"": null, ""assay_taxonomy_id"": 9606, ""assay_test_type"": null, ""assay_tissue"": null, ""assay_type"": ""B"", ""assay_type_description"": ""Binding"", ""bao_format"": ""BAO_0000219"", ""bao_format_iri"": ""https://purl.obolibrary.org/obo/BAO_0000219"", ""bao_format_mapping_status"": ""mapped"", ""bao_label"": ""cell-based format"", ""bao_ontology_version"": ""2.8.18a"", ""cell_id"": ""CHEMBL3308072"", ""confidence_description"": ""Direct single protein target assigned"", ""confidence_score"": 9.0, ""content_hash"": ""41ea906b0f52e2e7e91c1cb90c62a4dbf9d6cc2486b4dcb8de65b0ee88b33c9c"", ""description"": ""Binding affinity for human Dopamine receptor D2 expressed in CHO cells"", ""entity_id"": ""chembl:CHEMBL673026"", ""publication_id"": ""CHEMBL1132939"", ""relationship_description"": ""Direct protein target assigned"", ""relationship_type"": ""D"", ""score"": null, ""src_assay_id"": null, ""src_id"": 1, ""target_id"": ""CHEMBL217"", ""tissue_id"": null, ""variant_accession"": null, ""variant_isoform"": null, ""variant_mutation"": null, ""variant_organism"": null, ""variant_sequence"": null, ""variant_sequence_json"": null, ""variant_taxonomy_id"": null}"
"c2db9646-6053-52aa-b6f1-9d39f569c37f","chembl_assay","chembl_assay","chembl","gold","73","CHEMBL1131871","chembl:CHEMBL673074","0081d909d3635faefaa15f391d3bf88e9408aca92d138583bb1b648af398c6a7","dfb61d42fbf46129df206a2f8d7a6355e0425166cccd2b1cc0348972c16a51a0","0081d909d3635faefaa15f391d3bf88e9408aca92d138583bb1b648af398c6a7","included","","","","","","","","","include","2026-06-30T10:38:04.374846+00:00","{""aidx"": ""CLD0"", ""assay_category"": null, ""assay_cell_type"": ""CHO"", ""assay_chembl_id"": ""CHEMBL673074"", ""assay_classifications"": [], ""assay_group"": null, ""assay_organism"": ""Homo sapiens"", ""assay_parameters"": [], ""assay_strain"": null, ""assay_subcellular_fraction"": null, ""assay_tax_id"": 9606, ""assay_test_type"": null, ""assay_tissue"": null, ""assay_type"": ""B"", ""assay_type_description"": ""Binding"", ""bao_format"": ""BAO_0000219"", ""bao_label"": ""cell-based format"", ""cell_chembl_id"": ""CHEMBL3308072"", ""confidence_description"": ""Direct single protein target assigned"", ""confidence_score"": 9, ""description"": ""Displacement of [3H]spiperone from human Dopamine receptor D2L expressed in CHO cells"", ""document_chembl_id"": ""CHEMBL1131871"", ""relationship_description"": ""Direct protein target assigned"", ""relationship_type"": ""D"", ""src_assay_id"": null, ""src_id"": 1, ""target_chembl_id"": ""CHEMBL217"", ""tissue_chembl_id"": null, ""variant_sequence"": null}","{""_dq_error"": false, ""_dq_warn"": false, ""_index"": 73, ""_ingestion_ts"": ""2026-06-30T10:37:34.714862+00:00"", ""_run_id"": ""c2db9646-6053-52aa-b6f1-9d39f569c37f"", ""_run_type"": ""backfill"", ""_source_batch_id"": ""673b5511-3446-5f04-953c-31bc9bd1cef7"", ""aidx"": ""CLD0"", ""assay_category"": null, ""assay_cell_type"": ""CHO"", ""assay_classifications"": null, ""assay_group"": null, ""assay_id"": ""CHEMBL673074"", ""assay_organism"": ""Homo sapiens"", ""assay_parameters"": null, ""assay_pref_name"": null, ""assay_strain"": null, ""assay_subcellular_fraction"": null, ""assay_subcellular_fraction_raw"": null, ""assay_taxonomy_id"": 9606, ""assay_test_type"": null, ""assay_tissue"": null, ""assay_type"": ""B"", ""assay_type_description"": ""Binding"", ""bao_format"": ""BAO_0000219"", ""bao_format_iri"": ""https://purl.obolibrary.org/obo/BAO_0000219"", ""bao_format_mapping_status"": ""mapped"", ""bao_label"": ""cell-based format"", ""bao_ontology_version"": ""2.8.18a"", ""cell_id"": ""CHEMBL3308072"", ""confidence_description"": ""Direct single protein target assigned"", ""confidence_score"": 9.0, ""content_hash"": ""0081d909d3635faefaa15f391d3bf88e9408aca92d138583bb1b648af398c6a7"", ""description"": ""Displacement of [3H]spiperone from human Dopamine receptor D2L expressed in CHO cells"", ""entity_id"": ""chembl:CHEMBL673074"", ""publication_id"": ""CHEMBL1131871"", ""relationship_description"": ""Direct protein target assigned"", ""relationship_type"": ""D"", ""score"": null, ""src_assay_id"": null, ""src_id"": 1, ""target_id"": ""CHEMBL217"", ""tissue_id"": null, ""variant_accession"": null, ""variant_isoform"": null, ""variant_mutation"": null, ""variant_organism"": null, ""variant_sequence"": null, ""variant_sequence_json"": null, ""variant_taxonomy_id"": null}"
"c2db9646-6053-52aa-b6f1-9d39f569c37f","chembl_assay","chembl_assay","chembl","gold","74","CHEMBL1129892","chembl:CHEMBL673115","a0c1c0179994154d0133979c9cc20f5e89071a50609dc76c758515ae94ad4539","25ec33f336e4a8f4c85e503846cbe365537415f53b89c1426c1c87926f69410e","a0c1c0179994154d0133979c9cc20f5e89071a50609dc76c758515ae94ad4539","included","","","","","","","","","include","2026-06-30T10:38:04.375951+00:00","{""aidx"": ""CLD0"", ""assay_category"": null, ""assay_cell_type"": ""CHO"", ""assay_chembl_id"": ""CHEMBL673115"", ""assay_classifications"": [], ""assay_group"": null, ""assay_organism"": ""Homo sapiens"", ""assay_parameters"": [], ""assay_strain"": null, ""assay_subcellular_fraction"": null, ""assay_tax_id"": 9606, ""assay_test_type"": null, ""assay_tissue"": null, ""assay_type"": ""B"", ""assay_type_description"": ""Binding"", ""bao_format"": ""BAO_0000219"", ""bao_label"": ""cell-based format"", ""cell_chembl_id"": ""CHEMBL3308072"", ""confidence_description"": ""Direct single protein target assigned"", ""confidence_score"": 9, ""description"": ""Inhibition of [125 I]iodosulpiride binding to human Dopamine receptor D3 expressed in CHO cell membranes"", ""document_chembl_id"": ""CHEMBL1129892"", ""relationship_description"": ""Direct protein target assigned"", ""relationship_type"": ""D"", ""src_assay_id"": null, ""src_id"": 1, ""target_chembl_id"": ""CHEMBL234"", ""tissue_chembl_id"": null, ""variant_sequence"": null}","{""_dq_error"": false, ""_dq_warn"": false, ""_index"": 74, ""_ingestion_ts"": ""2026-06-30T10:37:34.714862+00:00"", ""_run_id"": ""c2db9646-6053-52aa-b6f1-9d39f569c37f"", ""_run_type"": ""backfill"", ""_source_batch_id"": ""673b5511-3446-5f04-953c-31bc9bd1cef7"", ""aidx"": ""CLD0"", ""assay_category"": null, ""assay_cell_type"": ""CHO"", ""assay_classifications"": null, ""assay_group"": null, ""assay_id"": ""CHEMBL673115"", ""assay_organism"": ""Homo sapiens"", ""assay_parameters"": null, ""assay_pref_name"": null, ""assay_strain"": null, ""assay_subcellular_fraction"": null, ""assay_subcellular_fraction_raw"": null, ""assay_taxonomy_id"": 9606, ""assay_test_type"": null, ""assay_tissue"": null, ""assay_type"": ""B"", ""assay_type_description"": ""Binding"", ""bao_format"": ""BAO_0000219"", ""bao_format_iri"": ""https://purl.obolibrary.org/obo/BAO_0000219"", ""bao_format_mapping_status"": ""mapped"", ""bao_label"": ""cell-based format"", ""bao_ontology_version"": ""2.8.18a"", ""cell_id"": ""CHEMBL3308072"", ""confidence_description"": ""Direct single protein target assigned"", ""confidence_score"": 9.0, ""content_hash"": ""a0c1c0179994154d0133979c9cc20f5e89071a50609dc76c758515ae94ad4539"", ""description"": ""Inhibition of [125 I]iodosulpiride binding to human Dopamine receptor D3 expressed in CHO cell membranes"", ""entity_id"": ""chembl:CHEMBL673115"", ""publication_id"": ""CHEMBL1129892"", ""relationship_description"": ""Direct protein target assigned"", ""relationship_type"": ""D"", ""score"": null, ""src_assay_id"": null, ""src_id"": 1, ""target_id"": ""CHEMBL234"", ""tissue_id"": null, ""variant_accession"": null, ""variant_isoform"": null, ""variant_mutation"": null, ""variant_organism"": null, ""variant_sequence"": null, ""variant_sequence_json"": null, ""variant_taxonomy_id"": null}"
"c2db9646-6053-52aa-b6f1-9d39f569c37f","chembl_assay","chembl_assay","chembl","gold","75","CHEMBL1128425","chembl:CHEMBL673117","473d7c6af31d78ef4f0e419e5cd884519bbb9f64743a4d07f6a8a70f2e2fd184","951576c301516b2af0374d1fb63f1837486fc6aa88cabda199fe51ffb5e40222","473d7c6af31d78ef4f0e419e5cd884519bbb9f64743a4d07f6a8a70f2e2fd184","included","","","","","","","","","include","2026-06-30T10:38:04.377009+00:00","{""aidx"": ""CLD0"", ""assay_category"": null, ""assay_cell_type"": ""CHO"", ""assay_chembl_id"": ""CHEMBL673117"", ""assay_classifications"": [], ""assay_group"": null, ""assay_organism"": ""Homo sapiens"", ""assay_parameters"": [], ""assay_strain"": null, ""assay_subcellular_fraction"": null, ""assay_tax_id"": 9606, ""assay_test_type"": null, ""assay_tissue"": null, ""assay_type"": ""B"", ""assay_type_description"": ""Binding"", ""bao_format"": ""BAO_0000219"", ""bao_label"": ""cell-based format"", ""cell_chembl_id"": ""CHEMBL3308072"", ""confidence_description"": ""Direct single protein target assigned"", ""confidence_score"": 9, ""description"": ""Binding affinity human Dopamine receptor D3 expressed in CHO cells using [125I]iodosulpiride"", ""document_chembl_id"": ""CHEMBL1128425"", ""relationship_description"": ""Direct protein target assigned"", ""relationship_type"": ""D"", ""src_assay_id"": null, ""src_id"": 1, ""target_chembl_id"": ""CHEMBL234"", ""tissue_chembl_id"": null, ""variant_sequence"": null}","{""_dq_error"": false, ""_dq_warn"": false, ""_index"": 75, ""_ingestion_ts"": ""2026-06-30T10:37:34.714862+00:00"", ""_run_id"": ""c2db9646-6053-52aa-b6f1-9d39f569c37f"", ""_run_type"": ""backfill"", ""_source_batch_id"": ""673b5511-3446-5f04-953c-31bc9bd1cef7"", ""aidx"": ""CLD0"", ""assay_category"": null, ""assay_cell_type"": ""CHO"", ""assay_classifications"": null, ""assay_group"": null, ""assay_id"": ""CHEMBL673117"", ""assay_organism"": ""Homo sapiens"", ""assay_parameters"": null, ""assay_pref_name"": null, ""assay_strain"": null, ""assay_subcellular_fraction"": null, ""assay_subcellular_fraction_raw"": null, ""assay_taxonomy_id"": 9606, ""assay_test_type"": null, ""assay_tissue"": null, ""assay_type"": ""B"", ""assay_type_description"": ""Binding"", ""bao_format"": ""BAO_0000219"", ""bao_format_iri"": ""https://purl.obolibrary.org/obo/BAO_0000219"", ""bao_format_mapping_status"": ""mapped"", ""bao_label"": ""cell-based format"", ""bao_ontology_version"": ""2.8.18a"", ""cell_id"": ""CHEMBL3308072"", ""confidence_description"": ""Direct single protein target assigned"", ""confidence_score"": 9.0, ""content_hash"": ""473d7c6af31d78ef4f0e419e5cd884519bbb9f64743a4d07f6a8a70f2e2fd184"", ""description"": ""Binding affinity human Dopamine receptor D3 expressed in CHO cells using [125I]iodosulpiride"", ""entity_id"": ""chembl:CHEMBL673117"", ""publication_id"": ""CHEMBL1128425"", ""relationship_description"": ""Direct protein target assigned"", ""relationship_type"": ""D"", ""score"": null, ""src_assay_id"": null, ""src_id"": 1, ""target_id"": ""CHEMBL234"", ""tissue_id"": null, ""variant_accession"": null, ""variant_isoform"": null, ""variant_mutation"": null, ""variant_organism"": null, ""variant_sequence"": null, ""variant_sequence_json"": null, ""variant_taxonomy_id"": null}"
"c2db9646-6053-52aa-b6f1-9d39f569c37f","chembl_assay","chembl_assay","chembl","gold","76","CHEMBL1133458","chembl:CHEMBL673332","002281ba71bd075a5106e3169490ab388508b14e8281ae30f2a66d39adcbbf98","89b2ff90905a26a37685f44c683dbfd8863e5bfeb4b3a52e2dafb420cb106c36","002281ba71bd075a5106e3169490ab388508b14e8281ae30f2a66d39adcbbf98","included","","","","","","","","","include","2026-06-30T10:38:04.378073+00:00","{""aidx"": ""CLD0"", ""assay_category"": null, ""assay_cell_type"": ""CHO"", ""assay_chembl_id"": ""CHEMBL673332"", ""assay_classifications"": [], ""assay_group"": null, ""assay_organism"": ""Homo sapiens"", ""assay_parameters"": [], ""assay_strain"": null, ""assay_subcellular_fraction"": null, ""assay_tax_id"": 9606, ""assay_test_type"": null, ""assay_tissue"": null, ""assay_type"": ""B"", ""assay_type_description"": ""Binding"", ""bao_format"": ""BAO_0000219"", ""bao_label"": ""cell-based format"", ""cell_chembl_id"": ""CHEMBL3308072"", ""confidence_description"": ""Direct single protein target assigned"", ""confidence_score"": 9, ""description"": ""Tested for antagonist binding affinity by measuring displacement of [3H]spiperone from Human Dopamine receptor D3 expressed in CHO K-1 cells"", ""document_chembl_id"": ""CHEMBL1133458"", ""relationship_description"": ""Direct protein target assigned"", ""relationship_type"": ""D"", ""src_assay_id"": null, ""src_id"": 1, ""target_chembl_id"": ""CHEMBL234"", ""tissue_chembl_id"": null, ""variant_sequence"": null}","{""_dq_error"": false, ""_dq_warn"": false, ""_index"": 76, ""_ingestion_ts"": ""2026-06-30T10:37:34.714862+00:00"", ""_run_id"": ""c2db9646-6053-52aa-b6f1-9d39f569c37f"", ""_run_type"": ""backfill"", ""_source_batch_id"": ""673b5511-3446-5f04-953c-31bc9bd1cef7"", ""aidx"": ""CLD0"", ""assay_category"": null, ""assay_cell_type"": ""CHO"", ""assay_classifications"": null, ""assay_group"": null, ""assay_id"": ""CHEMBL673332"", ""assay_organism"": ""Homo sapiens"", ""assay_parameters"": null, ""assay_pref_name"": null, ""assay_strain"": null, ""assay_subcellular_fraction"": null, ""assay_subcellular_fraction_raw"": null, ""assay_taxonomy_id"": 9606, ""assay_test_type"": null, ""assay_tissue"": null, ""assay_type"": ""B"", ""assay_type_description"": ""Binding"", ""bao_format"": ""BAO_0000219"", ""bao_format_iri"": ""https://purl.obolibrary.org/obo/BAO_0000219"", ""bao_format_mapping_status"": ""mapped"", ""bao_label"": ""cell-based format"", ""bao_ontology_version"": ""2.8.18a"", ""cell_id"": ""CHEMBL3308072"", ""confidence_description"": ""Direct single protein target assigned"", ""confidence_score"": 9.0, ""content_hash"": ""002281ba71bd075a5106e3169490ab388508b14e8281ae30f2a66d39adcbbf98"", ""description"": ""Tested for antagonist binding affinity by measuring displacement of [3H]spiperone from Human Dopamine receptor D3 expressed in CHO K-1 cells"", ""entity_id"": ""chembl:CHEMBL673332"", ""publication_id"": ""CHEMBL1133458"", ""relationship_description"": ""Direct protein target assigned"", ""relationship_type"": ""D"", ""score"": null, ""src_assay_id"": null, ""src_id"": 1, ""target_id"": ""CHEMBL234"", ""tissue_id"": null, ""variant_accession"": null, ""variant_isoform"": null, ""variant_mutation"": null, ""variant_organism"": null, ""variant_sequence"": null, ""variant_sequence_json"": null, ""variant_taxonomy_id"": null}"
"c2db9646-6053-52aa-b6f1-9d39f569c37f","chembl_assay","chembl_assay","chembl","gold","77","CHEMBL1129215","chembl:CHEMBL673998","6417645ef925f90439e7b6a6e9a44f56bf9947d00eaeeb75c937ef1e5e2621b6","b33713464e6b73e973eb83ad74235356e8f0c030eb5f032fa4a8c565d21d40b6","6417645ef925f90439e7b6a6e9a44f56bf9947d00eaeeb75c937ef1e5e2621b6","included","","","","","","","","","include","2026-06-30T10:38:04.379126+00:00","{""aidx"": ""CLD0"", ""assay_category"": null, ""assay_cell_type"": ""CHO"", ""assay_chembl_id"": ""CHEMBL673998"", ""assay_classifications"": [], ""assay_group"": null, ""assay_organism"": ""Homo sapiens"", ""assay_parameters"": [], ""assay_strain"": null, ""assay_subcellular_fraction"": null, ""assay_tax_id"": 9606, ""assay_test_type"": null, ""assay_tissue"": null, ""assay_type"": ""B"", ""assay_type_description"": ""Binding"", ""bao_format"": ""BAO_0000219"", ""bao_label"": ""cell-based format"", ""cell_chembl_id"": ""CHEMBL3308072"", ""confidence_description"": ""Direct single protein target assigned"", ""confidence_score"": 9, ""description"": ""Tested in vitro for the inhibition of [3H]U-86170 binding to Dopamine receptor D3, expressed in cloned CHO cells"", ""document_chembl_id"": ""CHEMBL1129215"", ""relationship_description"": ""Direct protein target assigned"", ""relationship_type"": ""D"", ""src_assay_id"": null, ""src_id"": 1, ""target_chembl_id"": ""CHEMBL234"", ""tissue_chembl_id"": null, ""variant_sequence"": null}","{""_dq_error"": false, ""_dq_warn"": false, ""_index"": 77, ""_ingestion_ts"": ""2026-06-30T10:37:34.714862+00:00"", ""_run_id"": ""c2db9646-6053-52aa-b6f1-9d39f569c37f"", ""_run_type"": ""backfill"", ""_source_batch_id"": ""673b5511-3446-5f04-953c-31bc9bd1cef7"", ""aidx"": ""CLD0"", ""assay_category"": null, ""assay_cell_type"": ""CHO"", ""assay_classifications"": null, ""assay_group"": null, ""assay_id"": ""CHEMBL673998"", ""assay_organism"": ""Homo sapiens"", ""assay_parameters"": null, ""assay_pref_name"": null, ""assay_strain"": null, ""assay_subcellular_fraction"": null, ""assay_subcellular_fraction_raw"": null, ""assay_taxonomy_id"": 9606, ""assay_test_type"": null, ""assay_tissue"": null, ""assay_type"": ""B"", ""assay_type_description"": ""Binding"", ""bao_format"": ""BAO_0000219"", ""bao_format_iri"": ""https://purl.obolibrary.org/obo/BAO_0000219"", ""bao_format_mapping_status"": ""mapped"", ""bao_label"": ""cell-based format"", ""bao_ontology_version"": ""2.8.18a"", ""cell_id"": ""CHEMBL3308072"", ""confidence_description"": ""Direct single protein target assigned"", ""confidence_score"": 9.0, ""content_hash"": ""6417645ef925f90439e7b6a6e9a44f56bf9947d00eaeeb75c937ef1e5e2621b6"", ""description"": ""Tested in vitro for the inhibition of [3H]U-86170 binding to Dopamine receptor D3, expressed in cloned CHO cells"", ""entity_id"": ""chembl:CHEMBL673998"", ""publication_id"": ""CHEMBL1129215"", ""relationship_description"": ""Direct protein target assigned"", ""relationship_type"": ""D"", ""score"": null, ""src_assay_id"": null, ""src_id"": 1, ""target_id"": ""CHEMBL234"", ""tissue_id"": null, ""variant_accession"": null, ""variant_isoform"": null, ""variant_mutation"": null, ""variant_organism"": null, ""variant_sequence"": null, ""variant_sequence_json"": null, ""variant_taxonomy_id"": null}"
"c2db9646-6053-52aa-b6f1-9d39f569c37f","chembl_assay","chembl_assay","chembl","gold","78","CHEMBL1129306","chembl:CHEMBL674049","e41c02158959ce4e6d76e8f4fd7b0eab44b0a3c21d1081d0f542d369ffadb6ff","fb623c507cef39b35e7a1a31c83d297b639fdada4751188035f11f8034921f1e","e41c02158959ce4e6d76e8f4fd7b0eab44b0a3c21d1081d0f542d369ffadb6ff","included","","","","","","","","","include","2026-06-30T10:38:04.380178+00:00","{""aidx"": ""CLD0"", ""assay_category"": null, ""assay_cell_type"": ""CHO"", ""assay_chembl_id"": ""CHEMBL674049"", ""assay_classifications"": [], ""assay_group"": null, ""assay_organism"": ""Homo sapiens"", ""assay_parameters"": [], ""assay_strain"": null, ""assay_subcellular_fraction"": null, ""assay_tax_id"": 9606, ""assay_test_type"": null, ""assay_tissue"": null, ""assay_type"": ""B"", ""assay_type_description"": ""Binding"", ""bao_format"": ""BAO_0000219"", ""bao_label"": ""cell-based format"", ""cell_chembl_id"": ""CHEMBL3308072"", ""confidence_description"": ""Direct single protein target assigned"", ""confidence_score"": 9, ""description"": ""Binding affinity towards cloned human Dopamine receptor D4 stably expressed in CHO cells was evaluated using [3H]spiperone as radioligand"", ""document_chembl_id"": ""CHEMBL1129306"", ""relationship_description"": ""Direct protein target assigned"", ""relationship_type"": ""D"", ""src_assay_id"": null, ""src_id"": 1, ""target_chembl_id"": ""CHEMBL219"", ""tissue_chembl_id"": null, ""variant_sequence"": null}","{""_dq_error"": false, ""_dq_warn"": false, ""_index"": 78, ""_ingestion_ts"": ""2026-06-30T10:37:34.714862+00:00"", ""_run_id"": ""c2db9646-6053-52aa-b6f1-9d39f569c37f"", ""_run_type"": ""backfill"", ""_source_batch_id"": ""673b5511-3446-5f04-953c-31bc9bd1cef7"", ""aidx"": ""CLD0"", ""assay_category"": null, ""assay_cell_type"": ""CHO"", ""assay_classifications"": null, ""assay_group"": null, ""assay_id"": ""CHEMBL674049"", ""assay_organism"": ""Homo sapiens"", ""assay_parameters"": null, ""assay_pref_name"": null, ""assay_strain"": null, ""assay_subcellular_fraction"": null, ""assay_subcellular_fraction_raw"": null, ""assay_taxonomy_id"": 9606, ""assay_test_type"": null, ""assay_tissue"": null, ""assay_type"": ""B"", ""assay_type_description"": ""Binding"", ""bao_format"": ""BAO_0000219"", ""bao_format_iri"": ""https://purl.obolibrary.org/obo/BAO_0000219"", ""bao_format_mapping_status"": ""mapped"", ""bao_label"": ""cell-based format"", ""bao_ontology_version"": ""2.8.18a"", ""cell_id"": ""CHEMBL3308072"", ""confidence_description"": ""Direct single protein target assigned"", ""confidence_score"": 9.0, ""content_hash"": ""e41c02158959ce4e6d76e8f4fd7b0eab44b0a3c21d1081d0f542d369ffadb6ff"", ""description"": ""Binding affinity towards cloned human Dopamine receptor D4 stably expressed in CHO cells was evaluated using [3H]spiperone as radioligand"", ""entity_id"": ""chembl:CHEMBL674049"", ""publication_id"": ""CHEMBL1129306"", ""relationship_description"": ""Direct protein target assigned"", ""relationship_type"": ""D"", ""score"": null, ""src_assay_id"": null, ""src_id"": 1, ""target_id"": ""CHEMBL219"", ""tissue_id"": null, ""variant_accession"": null, ""variant_isoform"": null, ""variant_mutation"": null, ""variant_organism"": null, ""variant_sequence"": null, ""variant_sequence_json"": null, ""variant_taxonomy_id"": null}"
"c2db9646-6053-52aa-b6f1-9d39f569c37f","chembl_assay","chembl_assay","chembl","gold","79","CHEMBL1131871","chembl:CHEMBL674256","4e3b78879a2bf35183e26fc04750775414c258b7238baecf4b93035a218e9569","0ea68c6793131cb51b41b7264397d7fa1f6f067dfbc15798ed0cdd0839b41744","4e3b78879a2bf35183e26fc04750775414c258b7238baecf4b93035a218e9569","included","","","","","","","","","include","2026-06-30T10:38:04.381224+00:00","{""aidx"": ""CLD0"", ""assay_category"": null, ""assay_cell_type"": ""CHO"", ""assay_chembl_id"": ""CHEMBL674256"", ""assay_classifications"": [], ""assay_group"": null, ""assay_organism"": ""Homo sapiens"", ""assay_parameters"": [], ""assay_strain"": null, ""assay_subcellular_fraction"": null, ""assay_tax_id"": 9606, ""assay_test_type"": null, ""assay_tissue"": null, ""assay_type"": ""B"", ""assay_type_description"": ""Binding"", ""bao_format"": ""BAO_0000219"", ""bao_label"": ""cell-based format"", ""cell_chembl_id"": ""CHEMBL3308072"", ""confidence_description"": ""Direct single protein target assigned"", ""confidence_score"": 9, ""description"": ""Displacement of [3H]spiperone from human Dopamine receptor D4.4 expressed in CHO cells"", ""document_chembl_id"": ""CHEMBL1131871"", ""relationship_description"": ""Direct protein target assigned"", ""relationship_type"": ""D"", ""src_assay_id"": null, ""src_id"": 1, ""target_chembl_id"": ""CHEMBL219"", ""tissue_chembl_id"": null, ""variant_sequence"": null}","{""_dq_error"": false, ""_dq_warn"": false, ""_index"": 79, ""_ingestion_ts"": ""2026-06-30T10:37:34.714862+00:00"", ""_run_id"": ""c2db9646-6053-52aa-b6f1-9d39f569c37f"", ""_run_type"": ""backfill"", ""_source_batch_id"": ""673b5511-3446-5f04-953c-31bc9bd1cef7"", ""aidx"": ""CLD0"", ""assay_category"": null, ""assay_cell_type"": ""CHO"", ""assay_classifications"": null, ""assay_group"": null, ""assay_id"": ""CHEMBL674256"", ""assay_organism"": ""Homo sapiens"", ""assay_parameters"": null, ""assay_pref_name"": null, ""assay_strain"": null, ""assay_subcellular_fraction"": null, ""assay_subcellular_fraction_raw"": null, ""assay_taxonomy_id"": 9606, ""assay_test_type"": null, ""assay_tissue"": null, ""assay_type"": ""B"", ""assay_type_description"": ""Binding"", ""bao_format"": ""BAO_0000219"", ""bao_format_iri"": ""https://purl.obolibrary.org/obo/BAO_0000219"", ""bao_format_mapping_status"": ""mapped"", ""bao_label"": ""cell-based format"", ""bao_ontology_version"": ""2.8.18a"", ""cell_id"": ""CHEMBL3308072"", ""confidence_description"": ""Direct single protein target assigned"", ""confidence_score"": 9.0, ""content_hash"": ""4e3b78879a2bf35183e26fc04750775414c258b7238baecf4b93035a218e9569"", ""description"": ""Displacement of [3H]spiperone from human Dopamine receptor D4.4 expressed in CHO cells"", ""entity_id"": ""chembl:CHEMBL674256"", ""publication_id"": ""CHEMBL1131871"", ""relationship_description"": ""Direct protein target assigned"", ""relationship_type"": ""D"", ""score"": null, ""src_assay_id"": null, ""src_id"": 1, ""target_id"": ""CHEMBL219"", ""tissue_id"": null, ""variant_accession"": null, ""variant_isoform"": null, ""variant_mutation"": null, ""variant_organism"": null, ""variant_sequence"": null, ""variant_sequence_json"": null, ""variant_taxonomy_id"": null}"
"c2db9646-6053-52aa-b6f1-9d39f569c37f","chembl_assay","chembl_assay","chembl","gold","80","CHEMBL1128425","chembl:CHEMBL674341","62beb1329bcd29bee6fb05d25e4b739d9e778064a1a31692e95df2662f33e75a","a0f75d8c4b2a33eaf166c8ab5a9d4124b07872433e2ad47057f9de9961d1c1cc","62beb1329bcd29bee6fb05d25e4b739d9e778064a1a31692e95df2662f33e75a","included","","","","","","","","","include","2026-06-30T10:38:04.382280+00:00","{""aidx"": ""CLD0"", ""assay_category"": null, ""assay_cell_type"": ""CHO"", ""assay_chembl_id"": ""CHEMBL674341"", ""assay_classifications"": [], ""assay_group"": null, ""assay_organism"": ""Homo sapiens"", ""assay_parameters"": [], ""assay_strain"": null, ""assay_subcellular_fraction"": null, ""assay_tax_id"": 9606, ""assay_test_type"": null, ""assay_tissue"": null, ""assay_type"": ""B"", ""assay_type_description"": ""Binding"", ""bao_format"": ""BAO_0000219"", ""bao_label"": ""cell-based format"", ""cell_chembl_id"": ""CHEMBL3308072"", ""confidence_description"": ""Direct single protein target assigned"", ""confidence_score"": 9, ""description"": ""Binding affinity against human Dopamine receptor D2 expressed in CHO cells using [125I]iodosulpiride "", ""document_chembl_id"": ""CHEMBL1128425"", ""relationship_description"": ""Direct protein target assigned"", ""relationship_type"": ""D"", ""src_assay_id"": null, ""src_id"": 1, ""target_chembl_id"": ""CHEMBL217"", ""tissue_chembl_id"": null, ""variant_sequence"": null}","{""_dq_error"": false, ""_dq_warn"": false, ""_index"": 80, ""_ingestion_ts"": ""2026-06-30T10:37:34.714862+00:00"", ""_run_id"": ""c2db9646-6053-52aa-b6f1-9d39f569c37f"", ""_run_type"": ""backfill"", ""_source_batch_id"": ""673b5511-3446-5f04-953c-31bc9bd1cef7"", ""aidx"": ""CLD0"", ""assay_category"": null, ""assay_cell_type"": ""CHO"", ""assay_classifications"": null, ""assay_group"": null, ""assay_id"": ""CHEMBL674341"", ""assay_organism"": ""Homo sapiens"", ""assay_parameters"": null, ""assay_pref_name"": null, ""assay_strain"": null, ""assay_subcellular_fraction"": null, ""assay_subcellular_fraction_raw"": null, ""assay_taxonomy_id"": 9606, ""assay_test_type"": null, ""assay_tissue"": null, ""assay_type"": ""B"", ""assay_type_description"": ""Binding"", ""bao_format"": ""BAO_0000219"", ""bao_format_iri"": ""https://purl.obolibrary.org/obo/BAO_0000219"", ""bao_format_mapping_status"": ""mapped"", ""bao_label"": ""cell-based format"", ""bao_ontology_version"": ""2.8.18a"", ""cell_id"": ""CHEMBL3308072"", ""confidence_description"": ""Direct single protein target assigned"", ""confidence_score"": 9.0, ""content_hash"": ""62beb1329bcd29bee6fb05d25e4b739d9e778064a1a31692e95df2662f33e75a"", ""description"": ""Binding affinity against human Dopamine receptor D2 expressed in CHO cells using [125I]iodosulpiride"", ""entity_id"": ""chembl:CHEMBL674341"", ""publication_id"": ""CHEMBL1128425"", ""relationship_description"": ""Direct protein target assigned"", ""relationship_type"": ""D"", ""score"": null, ""src_assay_id"": null, ""src_id"": 1, ""target_id"": ""CHEMBL217"", ""tissue_id"": null, ""variant_accession"": null, ""variant_isoform"": null, ""variant_mutation"": null, ""variant_organism"": null, ""variant_sequence"": null, ""variant_sequence_json"": null, ""variant_taxonomy_id"": null}"
"c2db9646-6053-52aa-b6f1-9d39f569c37f","chembl_assay","chembl_assay","chembl","gold","81","CHEMBL1130595","chembl:CHEMBL674412","7ffd50c548bd855479b27cb4f69e857052c4860f5db1ff921d01a3b0a487bb1c","46298df77b536e118187cba11f4e76326c5a0bf2dd43950c29dd2b4711ac9ac1","7ffd50c548bd855479b27cb4f69e857052c4860f5db1ff921d01a3b0a487bb1c","included","","","","","","","","","include","2026-06-30T10:38:04.383739+00:00","{""aidx"": ""CLD0"", ""assay_category"": null, ""assay_cell_type"": ""CHO"", ""assay_chembl_id"": ""CHEMBL674412"", ""assay_classifications"": [], ""assay_group"": null, ""assay_organism"": ""Homo sapiens"", ""assay_parameters"": [], ""assay_strain"": null, ""assay_subcellular_fraction"": null, ""assay_tax_id"": 9606, ""assay_test_type"": null, ""assay_tissue"": null, ""assay_type"": ""B"", ""assay_type_description"": ""Binding"", ""bao_format"": ""BAO_0000219"", ""bao_label"": ""cell-based format"", ""cell_chembl_id"": ""CHEMBL3308072"", ""confidence_description"": ""Direct single protein target assigned"", ""confidence_score"": 9, ""description"": ""Affinity towards human Dopamine receptor D3 expressed in CHO cells using [3H]spiperone"", ""document_chembl_id"": ""CHEMBL1130595"", ""relationship_description"": ""Direct protein target assigned"", ""relationship_type"": ""D"", ""src_assay_id"": null, ""src_id"": 1, ""target_chembl_id"": ""CHEMBL234"", ""tissue_chembl_id"": null, ""variant_sequence"": null}","{""_dq_error"": false, ""_dq_warn"": false, ""_index"": 81, ""_ingestion_ts"": ""2026-06-30T10:37:34.714862+00:00"", ""_run_id"": ""c2db9646-6053-52aa-b6f1-9d39f569c37f"", ""_run_type"": ""backfill"", ""_source_batch_id"": ""673b5511-3446-5f04-953c-31bc9bd1cef7"", ""aidx"": ""CLD0"", ""assay_category"": null, ""assay_cell_type"": ""CHO"", ""assay_classifications"": null, ""assay_group"": null, ""assay_id"": ""CHEMBL674412"", ""assay_organism"": ""Homo sapiens"", ""assay_parameters"": null, ""assay_pref_name"": null, ""assay_strain"": null, ""assay_subcellular_fraction"": null, ""assay_subcellular_fraction_raw"": null, ""assay_taxonomy_id"": 9606, ""assay_test_type"": null, ""assay_tissue"": null, ""assay_type"": ""B"", ""assay_type_description"": ""Binding"", ""bao_format"": ""BAO_0000219"", ""bao_format_iri"": ""https://purl.obolibrary.org/obo/BAO_0000219"", ""bao_format_mapping_status"": ""mapped"", ""bao_label"": ""cell-based format"", ""bao_ontology_version"": ""2.8.18a"", ""cell_id"": ""CHEMBL3308072"", ""confidence_description"": ""Direct single protein target assigned"", ""confidence_score"": 9.0, ""content_hash"": ""7ffd50c548bd855479b27cb4f69e857052c4860f5db1ff921d01a3b0a487bb1c"", ""description"": ""Affinity towards human Dopamine receptor D3 expressed in CHO cells using [3H]spiperone"", ""entity_id"": ""chembl:CHEMBL674412"", ""publication_id"": ""CHEMBL1130595"", ""relationship_description"": ""Direct protein target assigned"", ""relationship_type"": ""D"", ""score"": null, ""src_assay_id"": null, ""src_id"": 1, ""target_id"": ""CHEMBL234"", ""tissue_id"": null, ""variant_accession"": null, ""variant_isoform"": null, ""variant_mutation"": null, ""variant_organism"": null, ""variant_sequence"": null, ""variant_sequence_json"": null, ""variant_taxonomy_id"": null}"
"c2db9646-6053-52aa-b6f1-9d39f569c37f","chembl_assay","chembl_assay","chembl","gold","82","CHEMBL1130121","chembl:CHEMBL674490","b1e6911d4aab2cd3dbdd1c450d91db0425bcfdae615496767db326904a31030f","825837f6569b56a3bff1f767cd5d688d378e154f328f7b0a689d566a2b4ca976","b1e6911d4aab2cd3dbdd1c450d91db0425bcfdae615496767db326904a31030f","included","","","","","","","","","include","2026-06-30T10:38:04.384979+00:00","{""aidx"": ""CLD0"", ""assay_category"": null, ""assay_cell_type"": ""CHO"", ""assay_chembl_id"": ""CHEMBL674490"", ""assay_classifications"": [], ""assay_group"": null, ""assay_organism"": ""Homo sapiens"", ""assay_parameters"": [], ""assay_strain"": null, ""assay_subcellular_fraction"": null, ""assay_tax_id"": 9606, ""assay_test_type"": null, ""assay_tissue"": null, ""assay_type"": ""F"", ""assay_type_description"": ""Functional"", ""bao_format"": ""BAO_0000219"", ""bao_label"": ""cell-based format"", ""cell_chembl_id"": ""CHEMBL3308072"", ""confidence_description"": ""Direct single protein target assigned"", ""confidence_score"": 9, ""description"": ""Inhibition of mitogenic [3H]thymidine uptake in CHO 10001 cells expressing Dopamine receptor D4"", ""document_chembl_id"": ""CHEMBL1130121"", ""relationship_description"": ""Direct protein target assigned"", ""relationship_type"": ""D"", ""src_assay_id"": null, ""src_id"": 1, ""target_chembl_id"": ""CHEMBL219"", ""tissue_chembl_id"": null, ""variant_sequence"": null}","{""_dq_error"": false, ""_dq_warn"": false, ""_index"": 82, ""_ingestion_ts"": ""2026-06-30T10:37:34.714862+00:00"", ""_run_id"": ""c2db9646-6053-52aa-b6f1-9d39f569c37f"", ""_run_type"": ""backfill"", ""_source_batch_id"": ""673b5511-3446-5f04-953c-31bc9bd1cef7"", ""aidx"": ""CLD0"", ""assay_category"": null, ""assay_cell_type"": ""CHO"", ""assay_classifications"": null, ""assay_group"": null, ""assay_id"": ""CHEMBL674490"", ""assay_organism"": ""Homo sapiens"", ""assay_parameters"": null, ""assay_pref_name"": null, ""assay_strain"": null, ""assay_subcellular_fraction"": null, ""assay_subcellular_fraction_raw"": null, ""assay_taxonomy_id"": 9606, ""assay_test_type"": null, ""assay_tissue"": null, ""assay_type"": ""F"", ""assay_type_description"": ""Functional"", ""bao_format"": ""BAO_0000219"", ""bao_format_iri"": ""https://purl.obolibrary.org/obo/BAO_0000219"", ""bao_format_mapping_status"": ""mapped"", ""bao_label"": ""cell-based format"", ""bao_ontology_version"": ""2.8.18a"", ""cell_id"": ""CHEMBL3308072"", ""confidence_description"": ""Direct single protein target assigned"", ""confidence_score"": 9.0, ""content_hash"": ""b1e6911d4aab2cd3dbdd1c450d91db0425bcfdae615496767db326904a31030f"", ""description"": ""Inhibition of mitogenic [3H]thymidine uptake in CHO 10001 cells expressing Dopamine receptor D4"", ""entity_id"": ""chembl:CHEMBL674490"", ""publication_id"": ""CHEMBL1130121"", ""relationship_description"": ""Direct protein target assigned"", ""relationship_type"": ""D"", ""score"": null, ""src_assay_id"": null, ""src_id"": 1, ""target_id"": ""CHEMBL219"", ""tissue_id"": null, ""variant_accession"": null, ""variant_isoform"": null, ""variant_mutation"": null, ""variant_organism"": null, ""variant_sequence"": null, ""variant_sequence_json"": null, ""variant_taxonomy_id"": null}"
"c2db9646-6053-52aa-b6f1-9d39f569c37f","chembl_assay","chembl_assay","chembl","gold","83","CHEMBL1132669","chembl:CHEMBL674832","10d8f0712f45cb9c163fd9613b496d931db23361fc4dcd5eda3eab85b6616376","6a856d77ceb7be51b32fe53ebc11afaec0a674d9f87669c64cc093008a4eacb9","10d8f0712f45cb9c163fd9613b496d931db23361fc4dcd5eda3eab85b6616376","included","","","","","","","","","include","2026-06-30T10:38:04.386103+00:00","{""aidx"": ""CLD0"", ""assay_category"": null, ""assay_cell_type"": ""CHO"", ""assay_chembl_id"": ""CHEMBL674832"", ""assay_classifications"": [], ""assay_group"": null, ""assay_organism"": ""Homo sapiens"", ""assay_parameters"": [], ""assay_strain"": null, ""assay_subcellular_fraction"": null, ""assay_tax_id"": 9606, ""assay_test_type"": null, ""assay_tissue"": null, ""assay_type"": ""B"", ""assay_type_description"": ""Binding"", ""bao_format"": ""BAO_0000219"", ""bao_label"": ""cell-based format"", ""cell_chembl_id"": ""CHEMBL3308072"", ""confidence_description"": ""Direct single protein target assigned"", ""confidence_score"": 9, ""description"": ""Inhibition of [3H]spiperone binding to human Dopamine receptor D3 in CHO cell membranes"", ""document_chembl_id"": ""CHEMBL1132669"", ""relationship_description"": ""Direct protein target assigned"", ""relationship_type"": ""D"", ""src_assay_id"": null, ""src_id"": 1, ""target_chembl_id"": ""CHEMBL234"", ""tissue_chembl_id"": null, ""variant_sequence"": null}","{""_dq_error"": false, ""_dq_warn"": false, ""_index"": 83, ""_ingestion_ts"": ""2026-06-30T10:37:34.714862+00:00"", ""_run_id"": ""c2db9646-6053-52aa-b6f1-9d39f569c37f"", ""_run_type"": ""backfill"", ""_source_batch_id"": ""673b5511-3446-5f04-953c-31bc9bd1cef7"", ""aidx"": ""CLD0"", ""assay_category"": null, ""assay_cell_type"": ""CHO"", ""assay_classifications"": null, ""assay_group"": null, ""assay_id"": ""CHEMBL674832"", ""assay_organism"": ""Homo sapiens"", ""assay_parameters"": null, ""assay_pref_name"": null, ""assay_strain"": null, ""assay_subcellular_fraction"": null, ""assay_subcellular_fraction_raw"": null, ""assay_taxonomy_id"": 9606, ""assay_test_type"": null, ""assay_tissue"": null, ""assay_type"": ""B"", ""assay_type_description"": ""Binding"", ""bao_format"": ""BAO_0000219"", ""bao_format_iri"": ""https://purl.obolibrary.org/obo/BAO_0000219"", ""bao_format_mapping_status"": ""mapped"", ""bao_label"": ""cell-based format"", ""bao_ontology_version"": ""2.8.18a"", ""cell_id"": ""CHEMBL3308072"", ""confidence_description"": ""Direct single protein target assigned"", ""confidence_score"": 9.0, ""content_hash"": ""10d8f0712f45cb9c163fd9613b496d931db23361fc4dcd5eda3eab85b6616376"", ""description"": ""Inhibition of [3H]spiperone binding to human Dopamine receptor D3 in CHO cell membranes"", ""entity_id"": ""chembl:CHEMBL674832"", ""publication_id"": ""CHEMBL1132669"", ""relationship_description"": ""Direct protein target assigned"", ""relationship_type"": ""D"", ""score"": null, ""src_assay_id"": null, ""src_id"": 1, ""target_id"": ""CHEMBL234"", ""tissue_id"": null, ""variant_accession"": null, ""variant_isoform"": null, ""variant_mutation"": null, ""variant_organism"": null, ""variant_sequence"": null, ""variant_sequence_json"": null, ""variant_taxonomy_id"": null}"
"c2db9646-6053-52aa-b6f1-9d39f569c37f","chembl_assay","chembl_assay","chembl","gold","84","CHEMBL1134415","chembl:CHEMBL674890","23e83f4535e58060c7dd6c399b8a79e76f514eb77ad7ec8e9f9d67af2604ff48","f1a71cea772d8622990e6b50151287c2e450ed71e35748b1d5a11147ce5a3e54","23e83f4535e58060c7dd6c399b8a79e76f514eb77ad7ec8e9f9d67af2604ff48","included","","","","","","","","","include","2026-06-30T10:38:04.387584+00:00","{""aidx"": ""CLD0"", ""assay_category"": null, ""assay_cell_type"": ""CHO"", ""assay_chembl_id"": ""CHEMBL674890"", ""assay_classifications"": [], ""assay_group"": null, ""assay_organism"": ""Homo sapiens"", ""assay_parameters"": [], ""assay_strain"": null, ""assay_subcellular_fraction"": null, ""assay_tax_id"": 9606, ""assay_test_type"": null, ""assay_tissue"": null, ""assay_type"": ""B"", ""assay_type_description"": ""Binding"", ""bao_format"": ""BAO_0000219"", ""bao_label"": ""cell-based format"", ""cell_chembl_id"": ""CHEMBL3308072"", ""confidence_description"": ""Direct single protein target assigned"", ""confidence_score"": 9, ""description"": ""Ability to inhibit [125I]-ET-1 binding to human cloned ETB receptors expressed on CHO cells"", ""document_chembl_id"": ""CHEMBL1134415"", ""relationship_description"": ""Direct protein target assigned"", ""relationship_type"": ""D"", ""src_assay_id"": null, ""src_id"": 1, ""target_chembl_id"": ""CHEMBL1785"", ""tissue_chembl_id"": null, ""variant_sequence"": null}","{""_dq_error"": false, ""_dq_warn"": false, ""_index"": 84, ""_ingestion_ts"": ""2026-06-30T10:37:34.714862+00:00"", ""_run_id"": ""c2db9646-6053-52aa-b6f1-9d39f569c37f"", ""_run_type"": ""backfill"", ""_source_batch_id"": ""673b5511-3446-5f04-953c-31bc9bd1cef7"", ""aidx"": ""CLD0"", ""assay_category"": null, ""assay_cell_type"": ""CHO"", ""assay_classifications"": null, ""assay_group"": null, ""assay_id"": ""CHEMBL674890"", ""assay_organism"": ""Homo sapiens"", ""assay_parameters"": null, ""assay_pref_name"": null, ""assay_strain"": null, ""assay_subcellular_fraction"": null, ""assay_subcellular_fraction_raw"": null, ""assay_taxonomy_id"": 9606, ""assay_test_type"": null, ""assay_tissue"": null, ""assay_type"": ""B"", ""assay_type_description"": ""Binding"", ""bao_format"": ""BAO_0000219"", ""bao_format_iri"": ""https://purl.obolibrary.org/obo/BAO_0000219"", ""bao_format_mapping_status"": ""mapped"", ""bao_label"": ""cell-based format"", ""bao_ontology_version"": ""2.8.18a"", ""cell_id"": ""CHEMBL3308072"", ""confidence_description"": ""Direct single protein target assigned"", ""confidence_score"": 9.0, ""content_hash"": ""23e83f4535e58060c7dd6c399b8a79e76f514eb77ad7ec8e9f9d67af2604ff48"", ""description"": ""Ability to inhibit [125I]-ET-1 binding to human cloned ETB receptors expressed on CHO cells"", ""entity_id"": ""chembl:CHEMBL674890"", ""publication_id"": ""CHEMBL1134415"", ""relationship_description"": ""Direct protein target assigned"", ""relationship_type"": ""D"", ""score"": null, ""src_assay_id"": null, ""src_id"": 1, ""target_id"": ""CHEMBL1785"", ""tissue_id"": null, ""variant_accession"": null, ""variant_isoform"": null, ""variant_mutation"": null, ""variant_organism"": null, ""variant_sequence"": null, ""variant_sequence_json"": null, ""variant_taxonomy_id"": null}"
"c2db9646-6053-52aa-b6f1-9d39f569c37f","chembl_assay","chembl_assay","chembl","gold","85","CHEMBL1129892","chembl:CHEMBL674942","087815327399e131fc8c57979c732051c393897d93c6f3935ef594e6fe05e4df","a51c7e23bf9796877459f39b140e189aa11976256119ae33109d65bb7f13281e","087815327399e131fc8c57979c732051c393897d93c6f3935ef594e6fe05e4df","included","","","","","","","","","include","2026-06-30T10:38:04.389399+00:00","{""aidx"": ""CLD0"", ""assay_category"": null, ""assay_cell_type"": ""CHO"", ""assay_chembl_id"": ""CHEMBL674942"", ""assay_classifications"": [], ""assay_group"": null, ""assay_organism"": ""Homo sapiens"", ""assay_parameters"": [], ""assay_strain"": null, ""assay_subcellular_fraction"": null, ""assay_tax_id"": 9606, ""assay_test_type"": null, ""assay_tissue"": null, ""assay_type"": ""B"", ""assay_type_description"": ""Binding"", ""bao_format"": ""BAO_0000219"", ""bao_label"": ""cell-based format"", ""cell_chembl_id"": ""CHEMBL3308072"", ""confidence_description"": ""Direct single protein target assigned"", ""confidence_score"": 9, ""description"": ""Inhibition of [125 I]iodosulpiride binding to human Dopamine receptor D2 expressed in CHO cell membranes"", ""document_chembl_id"": ""CHEMBL1129892"", ""relationship_description"": ""Direct protein target assigned"", ""relationship_type"": ""D"", ""src_assay_id"": null, ""src_id"": 1, ""target_chembl_id"": ""CHEMBL217"", ""tissue_chembl_id"": null, ""variant_sequence"": null}","{""_dq_error"": false, ""_dq_warn"": false, ""_index"": 85, ""_ingestion_ts"": ""2026-06-30T10:37:34.714862+00:00"", ""_run_id"": ""c2db9646-6053-52aa-b6f1-9d39f569c37f"", ""_run_type"": ""backfill"", ""_source_batch_id"": ""673b5511-3446-5f04-953c-31bc9bd1cef7"", ""aidx"": ""CLD0"", ""assay_category"": null, ""assay_cell_type"": ""CHO"", ""assay_classifications"": null, ""assay_group"": null, ""assay_id"": ""CHEMBL674942"", ""assay_organism"": ""Homo sapiens"", ""assay_parameters"": null, ""assay_pref_name"": null, ""assay_strain"": null, ""assay_subcellular_fraction"": null, ""assay_subcellular_fraction_raw"": null, ""assay_taxonomy_id"": 9606, ""assay_test_type"": null, ""assay_tissue"": null, ""assay_type"": ""B"", ""assay_type_description"": ""Binding"", ""bao_format"": ""BAO_0000219"", ""bao_format_iri"": ""https://purl.obolibrary.org/obo/BAO_0000219"", ""bao_format_mapping_status"": ""mapped"", ""bao_label"": ""cell-based format"", ""bao_ontology_version"": ""2.8.18a"", ""cell_id"": ""CHEMBL3308072"", ""confidence_description"": ""Direct single protein target assigned"", ""confidence_score"": 9.0, ""content_hash"": ""087815327399e131fc8c57979c732051c393897d93c6f3935ef594e6fe05e4df"", ""description"": ""Inhibition of [125 I]iodosulpiride binding to human Dopamine receptor D2 expressed in CHO cell membranes"", ""entity_id"": ""chembl:CHEMBL674942"", ""publication_id"": ""CHEMBL1129892"", ""relationship_description"": ""Direct protein target assigned"", ""relationship_type"": ""D"", ""score"": null, ""src_assay_id"": null, ""src_id"": 1, ""target_id"": ""CHEMBL217"", ""tissue_id"": null, ""variant_accession"": null, ""variant_isoform"": null, ""variant_mutation"": null, ""variant_organism"": null, ""variant_sequence"": null, ""variant_sequence_json"": null, ""variant_taxonomy_id"": null}"
"c2db9646-6053-52aa-b6f1-9d39f569c37f","chembl_assay","chembl_assay","chembl","gold","86","CHEMBL1134812","chembl:CHEMBL674967","9a0f1db192fea0b3b8ec3f879e17631b392889a8c5c332f4913eb8b67f121206","a4dfb547ccc8655ed3df7dabcdbe1c140d1111240f3c40e0424dc46285e8d1d9","9a0f1db192fea0b3b8ec3f879e17631b392889a8c5c332f4913eb8b67f121206","included","","","","","","","","","include","2026-06-30T10:38:04.390867+00:00","{""aidx"": ""CLD0"", ""assay_category"": null, ""assay_cell_type"": ""CHO"", ""assay_chembl_id"": ""CHEMBL674967"", ""assay_classifications"": [], ""assay_group"": null, ""assay_organism"": ""Homo sapiens"", ""assay_parameters"": [], ""assay_strain"": null, ""assay_subcellular_fraction"": null, ""assay_tax_id"": 9606, ""assay_test_type"": null, ""assay_tissue"": null, ""assay_type"": ""B"", ""assay_type_description"": ""Binding"", ""bao_format"": ""BAO_0000219"", ""bao_label"": ""cell-based format"", ""cell_chembl_id"": ""CHEMBL3308072"", ""confidence_description"": ""Direct single protein target assigned"", ""confidence_score"": 9, ""description"": ""In vitro for its ability to displace [3H]- spiperone from cloned human Dopamine receptor D4 expressed in CHO cells"", ""document_chembl_id"": ""CHEMBL1134812"", ""relationship_description"": ""Direct protein target assigned"", ""relationship_type"": ""D"", ""src_assay_id"": null, ""src_id"": 1, ""target_chembl_id"": ""CHEMBL219"", ""tissue_chembl_id"": null, ""variant_sequence"": null}","{""_dq_error"": false, ""_dq_warn"": false, ""_index"": 86, ""_ingestion_ts"": ""2026-06-30T10:37:34.714862+00:00"", ""_run_id"": ""c2db9646-6053-52aa-b6f1-9d39f569c37f"", ""_run_type"": ""backfill"", ""_source_batch_id"": ""673b5511-3446-5f04-953c-31bc9bd1cef7"", ""aidx"": ""CLD0"", ""assay_category"": null, ""assay_cell_type"": ""CHO"", ""assay_classifications"": null, ""assay_group"": null, ""assay_id"": ""CHEMBL674967"", ""assay_organism"": ""Homo sapiens"", ""assay_parameters"": null, ""assay_pref_name"": null, ""assay_strain"": null, ""assay_subcellular_fraction"": null, ""assay_subcellular_fraction_raw"": null, ""assay_taxonomy_id"": 9606, ""assay_test_type"": null, ""assay_tissue"": null, ""assay_type"": ""B"", ""assay_type_description"": ""Binding"", ""bao_format"": ""BAO_0000219"", ""bao_format_iri"": ""https://purl.obolibrary.org/obo/BAO_0000219"", ""bao_format_mapping_status"": ""mapped"", ""bao_label"": ""cell-based format"", ""bao_ontology_version"": ""2.8.18a"", ""cell_id"": ""CHEMBL3308072"", ""confidence_description"": ""Direct single protein target assigned"", ""confidence_score"": 9.0, ""content_hash"": ""9a0f1db192fea0b3b8ec3f879e17631b392889a8c5c332f4913eb8b67f121206"", ""description"": ""In vitro for its ability to displace [3H]- spiperone from cloned human Dopamine receptor D4 expressed in CHO cells"", ""entity_id"": ""chembl:CHEMBL674967"", ""publication_id"": ""CHEMBL1134812"", ""relationship_description"": ""Direct protein target assigned"", ""relationship_type"": ""D"", ""score"": null, ""src_assay_id"": null, ""src_id"": 1, ""target_id"": ""CHEMBL219"", ""tissue_id"": null, ""variant_accession"": null, ""variant_isoform"": null, ""variant_mutation"": null, ""variant_organism"": null, ""variant_sequence"": null, ""variant_sequence_json"": null, ""variant_taxonomy_id"": null}"
"c2db9646-6053-52aa-b6f1-9d39f569c37f","chembl_assay","chembl_assay","chembl","gold","87","CHEMBL1129307","chembl:CHEMBL674988","986576f6c66cf9c20b1ca09a5b93b10e3c9217146183e57f020a69b5634aafac","143bd6194bf8fd8a834c61da1a2f9b1e15757b27e3a6e5a1a53b97207a891239","986576f6c66cf9c20b1ca09a5b93b10e3c9217146183e57f020a69b5634aafac","included","","","","","","","","","include","2026-06-30T10:38:04.391989+00:00","{""aidx"": ""CLD0"", ""assay_category"": null, ""assay_cell_type"": ""CHO"", ""assay_chembl_id"": ""CHEMBL674988"", ""assay_classifications"": [], ""assay_group"": null, ""assay_organism"": ""Homo sapiens"", ""assay_parameters"": [], ""assay_strain"": null, ""assay_subcellular_fraction"": null, ""assay_tax_id"": 9606, ""assay_test_type"": null, ""assay_tissue"": null, ""assay_type"": ""B"", ""assay_type_description"": ""Binding"", ""bao_format"": ""BAO_0000219"", ""bao_label"": ""cell-based format"", ""cell_chembl_id"": ""CHEMBL3308072"", ""confidence_description"": ""Direct single protein target assigned"", ""confidence_score"": 9, ""description"": ""Displacement of [3H]spiperone from human Dopamine receptor D3 expressed in CHO cells"", ""document_chembl_id"": ""CHEMBL1129307"", ""relationship_description"": ""Direct protein target assigned"", ""relationship_type"": ""D"", ""src_assay_id"": null, ""src_id"": 1, ""target_chembl_id"": ""CHEMBL234"", ""tissue_chembl_id"": null, ""variant_sequence"": null}","{""_dq_error"": false, ""_dq_warn"": false, ""_index"": 87, ""_ingestion_ts"": ""2026-06-30T10:37:34.714862+00:00"", ""_run_id"": ""c2db9646-6053-52aa-b6f1-9d39f569c37f"", ""_run_type"": ""backfill"", ""_source_batch_id"": ""673b5511-3446-5f04-953c-31bc9bd1cef7"", ""aidx"": ""CLD0"", ""assay_category"": null, ""assay_cell_type"": ""CHO"", ""assay_classifications"": null, ""assay_group"": null, ""assay_id"": ""CHEMBL674988"", ""assay_organism"": ""Homo sapiens"", ""assay_parameters"": null, ""assay_pref_name"": null, ""assay_strain"": null, ""assay_subcellular_fraction"": null, ""assay_subcellular_fraction_raw"": null, ""assay_taxonomy_id"": 9606, ""assay_test_type"": null, ""assay_tissue"": null, ""assay_type"": ""B"", ""assay_type_description"": ""Binding"", ""bao_format"": ""BAO_0000219"", ""bao_format_iri"": ""https://purl.obolibrary.org/obo/BAO_0000219"", ""bao_format_mapping_status"": ""mapped"", ""bao_label"": ""cell-based format"", ""bao_ontology_version"": ""2.8.18a"", ""cell_id"": ""CHEMBL3308072"", ""confidence_description"": ""Direct single protein target assigned"", ""confidence_score"": 9.0, ""content_hash"": ""986576f6c66cf9c20b1ca09a5b93b10e3c9217146183e57f020a69b5634aafac"", ""description"": ""Displacement of [3H]spiperone from human Dopamine receptor D3 expressed in CHO cells"", ""entity_id"": ""chembl:CHEMBL674988"", ""publication_id"": ""CHEMBL1129307"", ""relationship_description"": ""Direct protein target assigned"", ""relationship_type"": ""D"", ""score"": null, ""src_assay_id"": null, ""src_id"": 1, ""target_id"": ""CHEMBL234"", ""tissue_id"": null, ""variant_accession"": null, ""variant_isoform"": null, ""variant_mutation"": null, ""variant_organism"": null, ""variant_sequence"": null, ""variant_sequence_json"": null, ""variant_taxonomy_id"": null}"
"c2db9646-6053-52aa-b6f1-9d39f569c37f","chembl_assay","chembl_assay","chembl","gold","88","CHEMBL1145120","chembl:CHEMBL675050","995fe7dbd40e565fa06c0cfab439448fc74274ff89570dac65e3dd3e301191f8","2ae59d7f6f96add6c06fdf56c0a42914bf99182e06325fb3b0b497fdace53e7c","995fe7dbd40e565fa06c0cfab439448fc74274ff89570dac65e3dd3e301191f8","included","","","","","","","","","include","2026-06-30T10:38:04.393230+00:00","{""aidx"": ""CLD0"", ""assay_category"": null, ""assay_cell_type"": ""CHO"", ""assay_chembl_id"": ""CHEMBL675050"", ""assay_classifications"": [], ""assay_group"": null, ""assay_organism"": ""Homo sapiens"", ""assay_parameters"": [], ""assay_strain"": null, ""assay_subcellular_fraction"": null, ""assay_tax_id"": 9606, ""assay_test_type"": null, ""assay_tissue"": null, ""assay_type"": ""B"", ""assay_type_description"": ""Binding"", ""bao_format"": ""BAO_0000219"", ""bao_label"": ""cell-based format"", ""cell_chembl_id"": ""CHEMBL3308072"", ""confidence_description"": ""Direct single protein target assigned"", ""confidence_score"": 9, ""description"": ""Displacement of [125I]iodosulpiride from human Dopamine receptor D3 expressed in CHO cells"", ""document_chembl_id"": ""CHEMBL1145120"", ""relationship_description"": ""Direct protein target assigned"", ""relationship_type"": ""D"", ""src_assay_id"": null, ""src_id"": 1, ""target_chembl_id"": ""CHEMBL234"", ""tissue_chembl_id"": null, ""variant_sequence"": null}","{""_dq_error"": false, ""_dq_warn"": false, ""_index"": 88, ""_ingestion_ts"": ""2026-06-30T10:37:34.714862+00:00"", ""_run_id"": ""c2db9646-6053-52aa-b6f1-9d39f569c37f"", ""_run_type"": ""backfill"", ""_source_batch_id"": ""673b5511-3446-5f04-953c-31bc9bd1cef7"", ""aidx"": ""CLD0"", ""assay_category"": null, ""assay_cell_type"": ""CHO"", ""assay_classifications"": null, ""assay_group"": null, ""assay_id"": ""CHEMBL675050"", ""assay_organism"": ""Homo sapiens"", ""assay_parameters"": null, ""assay_pref_name"": null, ""assay_strain"": null, ""assay_subcellular_fraction"": null, ""assay_subcellular_fraction_raw"": null, ""assay_taxonomy_id"": 9606, ""assay_test_type"": null, ""assay_tissue"": null, ""assay_type"": ""B"", ""assay_type_description"": ""Binding"", ""bao_format"": ""BAO_0000219"", ""bao_format_iri"": ""https://purl.obolibrary.org/obo/BAO_0000219"", ""bao_format_mapping_status"": ""mapped"", ""bao_label"": ""cell-based format"", ""bao_ontology_version"": ""2.8.18a"", ""cell_id"": ""CHEMBL3308072"", ""confidence_description"": ""Direct single protein target assigned"", ""confidence_score"": 9.0, ""content_hash"": ""995fe7dbd40e565fa06c0cfab439448fc74274ff89570dac65e3dd3e301191f8"", ""description"": ""Displacement of [125I]iodosulpiride from human Dopamine receptor D3 expressed in CHO cells"", ""entity_id"": ""chembl:CHEMBL675050"", ""publication_id"": ""CHEMBL1145120"", ""relationship_description"": ""Direct protein target assigned"", ""relationship_type"": ""D"", ""score"": null, ""src_assay_id"": null, ""src_id"": 1, ""target_id"": ""CHEMBL234"", ""tissue_id"": null, ""variant_accession"": null, ""variant_isoform"": null, ""variant_mutation"": null, ""variant_organism"": null, ""variant_sequence"": null, ""variant_sequence_json"": null, ""variant_taxonomy_id"": null}"
"c2db9646-6053-52aa-b6f1-9d39f569c37f","chembl_assay","chembl_assay","chembl","gold","89","CHEMBL1131871","chembl:CHEMBL675054","db4045a8e5af41990e9e083954f3e937d00c631855094c1203d78c5090dd40f6","7c2dc01f3b39f12f324da42ca68b97a37d3f9a35a1a704a00fb68ac9d17a07ef","db4045a8e5af41990e9e083954f3e937d00c631855094c1203d78c5090dd40f6","included","","","","","","","","","include","2026-06-30T10:38:04.394350+00:00","{""aidx"": ""CLD0"", ""assay_category"": null, ""assay_cell_type"": ""CHO"", ""assay_chembl_id"": ""CHEMBL675054"", ""assay_classifications"": [], ""assay_group"": null, ""assay_organism"": ""Homo sapiens"", ""assay_parameters"": [], ""assay_strain"": null, ""assay_subcellular_fraction"": null, ""assay_tax_id"": 9606, ""assay_test_type"": null, ""assay_tissue"": null, ""assay_type"": ""B"", ""assay_type_description"": ""Binding"", ""bao_format"": ""BAO_0000219"", ""bao_label"": ""cell-based format"", ""cell_chembl_id"": ""CHEMBL3308072"", ""confidence_description"": ""Direct single protein target assigned"", ""confidence_score"": 9, ""description"": ""Displacement of [3H]spiperone from human Dopamine receptor D3 expressed in CHO cells"", ""document_chembl_id"": ""CHEMBL1131871"", ""relationship_description"": ""Direct protein target assigned"", ""relationship_type"": ""D"", ""src_assay_id"": null, ""src_id"": 1, ""target_chembl_id"": ""CHEMBL234"", ""tissue_chembl_id"": null, ""variant_sequence"": null}","{""_dq_error"": false, ""_dq_warn"": false, ""_index"": 89, ""_ingestion_ts"": ""2026-06-30T10:37:34.714862+00:00"", ""_run_id"": ""c2db9646-6053-52aa-b6f1-9d39f569c37f"", ""_run_type"": ""backfill"", ""_source_batch_id"": ""673b5511-3446-5f04-953c-31bc9bd1cef7"", ""aidx"": ""CLD0"", ""assay_category"": null, ""assay_cell_type"": ""CHO"", ""assay_classifications"": null, ""assay_group"": null, ""assay_id"": ""CHEMBL675054"", ""assay_organism"": ""Homo sapiens"", ""assay_parameters"": null, ""assay_pref_name"": null, ""assay_strain"": null, ""assay_subcellular_fraction"": null, ""assay_subcellular_fraction_raw"": null, ""assay_taxonomy_id"": 9606, ""assay_test_type"": null, ""assay_tissue"": null, ""assay_type"": ""B"", ""assay_type_description"": ""Binding"", ""bao_format"": ""BAO_0000219"", ""bao_format_iri"": ""https://purl.obolibrary.org/obo/BAO_0000219"", ""bao_format_mapping_status"": ""mapped"", ""bao_label"": ""cell-based format"", ""bao_ontology_version"": ""2.8.18a"", ""cell_id"": ""CHEMBL3308072"", ""confidence_description"": ""Direct single protein target assigned"", ""confidence_score"": 9.0, ""content_hash"": ""db4045a8e5af41990e9e083954f3e937d00c631855094c1203d78c5090dd40f6"", ""description"": ""Displacement of [3H]spiperone from human Dopamine receptor D3 expressed in CHO cells"", ""entity_id"": ""chembl:CHEMBL675054"", ""publication_id"": ""CHEMBL1131871"", ""relationship_description"": ""Direct protein target assigned"", ""relationship_type"": ""D"", ""score"": null, ""src_assay_id"": null, ""src_id"": 1, ""target_id"": ""CHEMBL234"", ""tissue_id"": null, ""variant_accession"": null, ""variant_isoform"": null, ""variant_mutation"": null, ""variant_organism"": null, ""variant_sequence"": null, ""variant_sequence_json"": null, ""variant_taxonomy_id"": null}"
"c2db9646-6053-52aa-b6f1-9d39f569c37f","chembl_assay","chembl_assay","chembl","gold","90","CHEMBL1129215","chembl:CHEMBL675189","e2b1dc942262b6240ab01642aac92a58fdda8de2ff3475d87bc1266e1b76d3d5","3a61ac023f8cad120c1e96fca6e494a53e7da09fc1b109b76609a14a18448122","e2b1dc942262b6240ab01642aac92a58fdda8de2ff3475d87bc1266e1b76d3d5","included","","","","","","","","","include","2026-06-30T10:38:04.395436+00:00","{""aidx"": ""CLD0"", ""assay_category"": null, ""assay_cell_type"": ""CHO"", ""assay_chembl_id"": ""CHEMBL675189"", ""assay_classifications"": [], ""assay_group"": null, ""assay_organism"": ""Homo sapiens"", ""assay_parameters"": [], ""assay_strain"": null, ""assay_subcellular_fraction"": null, ""assay_tax_id"": 9606, ""assay_test_type"": null, ""assay_tissue"": null, ""assay_type"": ""B"", ""assay_type_description"": ""Binding"", ""bao_format"": ""BAO_0000219"", ""bao_label"": ""cell-based format"", ""cell_chembl_id"": ""CHEMBL3308072"", ""confidence_description"": ""Direct single protein target assigned"", ""confidence_score"": 9, ""description"": ""Tested in vitro for the inhibition of [3H]spiperone binding to Dopamine receptor D4, expressed in cloned CHO cells"", ""document_chembl_id"": ""CHEMBL1129215"", ""relationship_description"": ""Direct protein target assigned"", ""relationship_type"": ""D"", ""src_assay_id"": null, ""src_id"": 1, ""target_chembl_id"": ""CHEMBL219"", ""tissue_chembl_id"": null, ""variant_sequence"": null}","{""_dq_error"": false, ""_dq_warn"": false, ""_index"": 90, ""_ingestion_ts"": ""2026-06-30T10:37:34.714862+00:00"", ""_run_id"": ""c2db9646-6053-52aa-b6f1-9d39f569c37f"", ""_run_type"": ""backfill"", ""_source_batch_id"": ""673b5511-3446-5f04-953c-31bc9bd1cef7"", ""aidx"": ""CLD0"", ""assay_category"": null, ""assay_cell_type"": ""CHO"", ""assay_classifications"": null, ""assay_group"": null, ""assay_id"": ""CHEMBL675189"", ""assay_organism"": ""Homo sapiens"", ""assay_parameters"": null, ""assay_pref_name"": null, ""assay_strain"": null, ""assay_subcellular_fraction"": null, ""assay_subcellular_fraction_raw"": null, ""assay_taxonomy_id"": 9606, ""assay_test_type"": null, ""assay_tissue"": null, ""assay_type"": ""B"", ""assay_type_description"": ""Binding"", ""bao_format"": ""BAO_0000219"", ""bao_format_iri"": ""https://purl.obolibrary.org/obo/BAO_0000219"", ""bao_format_mapping_status"": ""mapped"", ""bao_label"": ""cell-based format"", ""bao_ontology_version"": ""2.8.18a"", ""cell_id"": ""CHEMBL3308072"", ""confidence_description"": ""Direct single protein target assigned"", ""confidence_score"": 9.0, ""content_hash"": ""e2b1dc942262b6240ab01642aac92a58fdda8de2ff3475d87bc1266e1b76d3d5"", ""description"": ""Tested in vitro for the inhibition of [3H]spiperone binding to Dopamine receptor D4, expressed in cloned CHO cells"", ""entity_id"": ""chembl:CHEMBL675189"", ""publication_id"": ""CHEMBL1129215"", ""relationship_description"": ""Direct protein target assigned"", ""relationship_type"": ""D"", ""score"": null, ""src_assay_id"": null, ""src_id"": 1, ""target_id"": ""CHEMBL219"", ""tissue_id"": null, ""variant_accession"": null, ""variant_isoform"": null, ""variant_mutation"": null, ""variant_organism"": null, ""variant_sequence"": null, ""variant_sequence_json"": null, ""variant_taxonomy_id"": null}"
"c2db9646-6053-52aa-b6f1-9d39f569c37f","chembl_assay","chembl_assay","chembl","gold","91","CHEMBL1134812","chembl:CHEMBL675221","d7c24de661ecea2bdcce60befb0e948be57fd9fd447c63ee33a32402c221952c","6e08a425128aa767d39a00b191f4c1d7cd7490463f883edd08fb1eaec6054455","d7c24de661ecea2bdcce60befb0e948be57fd9fd447c63ee33a32402c221952c","included","","","","","","","","","include","2026-06-30T10:38:04.396552+00:00","{""aidx"": ""CLD0"", ""assay_category"": null, ""assay_cell_type"": ""CHO"", ""assay_chembl_id"": ""CHEMBL675221"", ""assay_classifications"": [], ""assay_group"": null, ""assay_organism"": ""Homo sapiens"", ""assay_parameters"": [], ""assay_strain"": null, ""assay_subcellular_fraction"": null, ""assay_tax_id"": 9606, ""assay_test_type"": null, ""assay_tissue"": null, ""assay_type"": ""B"", ""assay_type_description"": ""Binding"", ""bao_format"": ""BAO_0000219"", ""bao_label"": ""cell-based format"", ""cell_chembl_id"": ""CHEMBL3308072"", ""confidence_description"": ""Direct single protein target assigned"", ""confidence_score"": 9, ""description"": ""Displacement of [3H]spiperone from human Dopamine receptor D3 expressed in CHO cells"", ""document_chembl_id"": ""CHEMBL1134812"", ""relationship_description"": ""Direct protein target assigned"", ""relationship_type"": ""D"", ""src_assay_id"": null, ""src_id"": 1, ""target_chembl_id"": ""CHEMBL234"", ""tissue_chembl_id"": null, ""variant_sequence"": null}","{""_dq_error"": false, ""_dq_warn"": false, ""_index"": 91, ""_ingestion_ts"": ""2026-06-30T10:37:34.714862+00:00"", ""_run_id"": ""c2db9646-6053-52aa-b6f1-9d39f569c37f"", ""_run_type"": ""backfill"", ""_source_batch_id"": ""673b5511-3446-5f04-953c-31bc9bd1cef7"", ""aidx"": ""CLD0"", ""assay_category"": null, ""assay_cell_type"": ""CHO"", ""assay_classifications"": null, ""assay_group"": null, ""assay_id"": ""CHEMBL675221"", ""assay_organism"": ""Homo sapiens"", ""assay_parameters"": null, ""assay_pref_name"": null, ""assay_strain"": null, ""assay_subcellular_fraction"": null, ""assay_subcellular_fraction_raw"": null, ""assay_taxonomy_id"": 9606, ""assay_test_type"": null, ""assay_tissue"": null, ""assay_type"": ""B"", ""assay_type_description"": ""Binding"", ""bao_format"": ""BAO_0000219"", ""bao_format_iri"": ""https://purl.obolibrary.org/obo/BAO_0000219"", ""bao_format_mapping_status"": ""mapped"", ""bao_label"": ""cell-based format"", ""bao_ontology_version"": ""2.8.18a"", ""cell_id"": ""CHEMBL3308072"", ""confidence_description"": ""Direct single protein target assigned"", ""confidence_score"": 9.0, ""content_hash"": ""d7c24de661ecea2bdcce60befb0e948be57fd9fd447c63ee33a32402c221952c"", ""description"": ""Displacement of [3H]spiperone from human Dopamine receptor D3 expressed in CHO cells"", ""entity_id"": ""chembl:CHEMBL675221"", ""publication_id"": ""CHEMBL1134812"", ""relationship_description"": ""Direct protein target assigned"", ""relationship_type"": ""D"", ""score"": null, ""src_assay_id"": null, ""src_id"": 1, ""target_id"": ""CHEMBL234"", ""tissue_id"": null, ""variant_accession"": null, ""variant_isoform"": null, ""variant_mutation"": null, ""variant_organism"": null, ""variant_sequence"": null, ""variant_sequence_json"": null, ""variant_taxonomy_id"": null}"
"c2db9646-6053-52aa-b6f1-9d39f569c37f","chembl_assay","chembl_assay","chembl","gold","92","CHEMBL1130009","chembl:CHEMBL675668","332b0c94a083db168b67f22d25c563ce015a1e85bdf86dc387777a35d9e57605","b9deca7e8d119cfd116b1274e4ec889abd937d76f37bf8a9595134d47968dfb4","332b0c94a083db168b67f22d25c563ce015a1e85bdf86dc387777a35d9e57605","included","","","","","","","","","include","2026-06-30T10:38:04.397906+00:00","{""aidx"": ""CLD0"", ""assay_category"": null, ""assay_cell_type"": ""CHO"", ""assay_chembl_id"": ""CHEMBL675668"", ""assay_classifications"": [], ""assay_group"": null, ""assay_organism"": ""Homo sapiens"", ""assay_parameters"": [], ""assay_strain"": null, ""assay_subcellular_fraction"": null, ""assay_tax_id"": 9606, ""assay_test_type"": null, ""assay_tissue"": null, ""assay_type"": ""B"", ""assay_type_description"": ""Binding"", ""bao_format"": ""BAO_0000219"", ""bao_label"": ""cell-based format"", ""cell_chembl_id"": ""CHEMBL3308072"", ""confidence_description"": ""Direct single protein target assigned"", ""confidence_score"": 9, ""description"": ""Binding affinity on human Dopamine receptor D3 expressed in CHO cells using radioligand [3H]-YM 09151"", ""document_chembl_id"": ""CHEMBL1130009"", ""relationship_description"": ""Direct protein target assigned"", ""relationship_type"": ""D"", ""src_assay_id"": null, ""src_id"": 1, ""target_chembl_id"": ""CHEMBL234"", ""tissue_chembl_id"": null, ""variant_sequence"": null}","{""_dq_error"": false, ""_dq_warn"": false, ""_index"": 92, ""_ingestion_ts"": ""2026-06-30T10:37:34.714862+00:00"", ""_run_id"": ""c2db9646-6053-52aa-b6f1-9d39f569c37f"", ""_run_type"": ""backfill"", ""_source_batch_id"": ""673b5511-3446-5f04-953c-31bc9bd1cef7"", ""aidx"": ""CLD0"", ""assay_category"": null, ""assay_cell_type"": ""CHO"", ""assay_classifications"": null, ""assay_group"": null, ""assay_id"": ""CHEMBL675668"", ""assay_organism"": ""Homo sapiens"", ""assay_parameters"": null, ""assay_pref_name"": null, ""assay_strain"": null, ""assay_subcellular_fraction"": null, ""assay_subcellular_fraction_raw"": null, ""assay_taxonomy_id"": 9606, ""assay_test_type"": null, ""assay_tissue"": null, ""assay_type"": ""B"", ""assay_type_description"": ""Binding"", ""bao_format"": ""BAO_0000219"", ""bao_format_iri"": ""https://purl.obolibrary.org/obo/BAO_0000219"", ""bao_format_mapping_status"": ""mapped"", ""bao_label"": ""cell-based format"", ""bao_ontology_version"": ""2.8.18a"", ""cell_id"": ""CHEMBL3308072"", ""confidence_description"": ""Direct single protein target assigned"", ""confidence_score"": 9.0, ""content_hash"": ""332b0c94a083db168b67f22d25c563ce015a1e85bdf86dc387777a35d9e57605"", ""description"": ""Binding affinity on human Dopamine receptor D3 expressed in CHO cells using radioligand [3H]-YM 09151"", ""entity_id"": ""chembl:CHEMBL675668"", ""publication_id"": ""CHEMBL1130009"", ""relationship_description"": ""Direct protein target assigned"", ""relationship_type"": ""D"", ""score"": null, ""src_assay_id"": null, ""src_id"": 1, ""target_id"": ""CHEMBL234"", ""tissue_id"": null, ""variant_accession"": null, ""variant_isoform"": null, ""variant_mutation"": null, ""variant_organism"": null, ""variant_sequence"": null, ""variant_sequence_json"": null, ""variant_taxonomy_id"": null}"
"c2db9646-6053-52aa-b6f1-9d39f569c37f","chembl_assay","chembl_assay","chembl","gold","93","CHEMBL1131363","chembl:CHEMBL675669","8b1837456be8073c71dc327f2d1e02bb27b26d9a08a4cdd90ea3ec5b83393555","1e4e0966013870dc8e0eaff372b18521df1372f1721488452323705394803f53","8b1837456be8073c71dc327f2d1e02bb27b26d9a08a4cdd90ea3ec5b83393555","included","","","","","","","","","include","2026-06-30T10:38:04.399282+00:00","{""aidx"": ""CLD0"", ""assay_category"": null, ""assay_cell_type"": ""CHO"", ""assay_chembl_id"": ""CHEMBL675669"", ""assay_classifications"": [], ""assay_group"": null, ""assay_organism"": ""Homo sapiens"", ""assay_parameters"": [], ""assay_strain"": null, ""assay_subcellular_fraction"": null, ""assay_tax_id"": 9606, ""assay_test_type"": null, ""assay_tissue"": null, ""assay_type"": ""B"", ""assay_type_description"": ""Binding"", ""bao_format"": ""BAO_0000219"", ""bao_label"": ""cell-based format"", ""cell_chembl_id"": ""CHEMBL3308072"", ""confidence_description"": ""Direct single protein target assigned"", ""confidence_score"": 9, ""description"": ""Displacement of [3H]spiperone from human Dopamine receptor D3 expressed in CHO cells"", ""document_chembl_id"": ""CHEMBL1131363"", ""relationship_description"": ""Direct protein target assigned"", ""relationship_type"": ""D"", ""src_assay_id"": null, ""src_id"": 1, ""target_chembl_id"": ""CHEMBL234"", ""tissue_chembl_id"": null, ""variant_sequence"": null}","{""_dq_error"": false, ""_dq_warn"": false, ""_index"": 93, ""_ingestion_ts"": ""2026-06-30T10:37:34.714862+00:00"", ""_run_id"": ""c2db9646-6053-52aa-b6f1-9d39f569c37f"", ""_run_type"": ""backfill"", ""_source_batch_id"": ""673b5511-3446-5f04-953c-31bc9bd1cef7"", ""aidx"": ""CLD0"", ""assay_category"": null, ""assay_cell_type"": ""CHO"", ""assay_classifications"": null, ""assay_group"": null, ""assay_id"": ""CHEMBL675669"", ""assay_organism"": ""Homo sapiens"", ""assay_parameters"": null, ""assay_pref_name"": null, ""assay_strain"": null, ""assay_subcellular_fraction"": null, ""assay_subcellular_fraction_raw"": null, ""assay_taxonomy_id"": 9606, ""assay_test_type"": null, ""assay_tissue"": null, ""assay_type"": ""B"", ""assay_type_description"": ""Binding"", ""bao_format"": ""BAO_0000219"", ""bao_format_iri"": ""https://purl.obolibrary.org/obo/BAO_0000219"", ""bao_format_mapping_status"": ""mapped"", ""bao_label"": ""cell-based format"", ""bao_ontology_version"": ""2.8.18a"", ""cell_id"": ""CHEMBL3308072"", ""confidence_description"": ""Direct single protein target assigned"", ""confidence_score"": 9.0, ""content_hash"": ""8b1837456be8073c71dc327f2d1e02bb27b26d9a08a4cdd90ea3ec5b83393555"", ""description"": ""Displacement of [3H]spiperone from human Dopamine receptor D3 expressed in CHO cells"", ""entity_id"": ""chembl:CHEMBL675669"", ""publication_id"": ""CHEMBL1131363"", ""relationship_description"": ""Direct protein target assigned"", ""relationship_type"": ""D"", ""score"": null, ""src_assay_id"": null, ""src_id"": 1, ""target_id"": ""CHEMBL234"", ""tissue_id"": null, ""variant_accession"": null, ""variant_isoform"": null, ""variant_mutation"": null, ""variant_organism"": null, ""variant_sequence"": null, ""variant_sequence_json"": null, ""variant_taxonomy_id"": null}"
"c2db9646-6053-52aa-b6f1-9d39f569c37f","chembl_assay","chembl_assay","chembl","gold","94","CHEMBL1133533","chembl:CHEMBL675671","be10db2eb5214515fadf17ffa1c28b4d206f58883e542bbef7aaad171c2e780d","e8281d4ce4dc039034c2c44aa16db273a859e308928fedbf980ff5b5c7ceb8be","be10db2eb5214515fadf17ffa1c28b4d206f58883e542bbef7aaad171c2e780d","included","","","","","","","","","include","2026-06-30T10:38:04.400750+00:00","{""aidx"": ""CLD0"", ""assay_category"": null, ""assay_cell_type"": ""CHO"", ""assay_chembl_id"": ""CHEMBL675671"", ""assay_classifications"": [], ""assay_group"": null, ""assay_organism"": ""Homo sapiens"", ""assay_parameters"": [], ""assay_strain"": null, ""assay_subcellular_fraction"": null, ""assay_tax_id"": 9606, ""assay_test_type"": null, ""assay_tissue"": null, ""assay_type"": ""B"", ""assay_type_description"": ""Binding"", ""bao_format"": ""BAO_0000219"", ""bao_label"": ""cell-based format"", ""cell_chembl_id"": ""CHEMBL3308072"", ""confidence_description"": ""Direct single protein target assigned"", ""confidence_score"": 9, ""description"": ""Displacement of [3H]spiperone from human Dopamine receptor D3 expressed in CHO cells"", ""document_chembl_id"": ""CHEMBL1133533"", ""relationship_description"": ""Direct protein target assigned"", ""relationship_type"": ""D"", ""src_assay_id"": null, ""src_id"": 1, ""target_chembl_id"": ""CHEMBL234"", ""tissue_chembl_id"": null, ""variant_sequence"": null}","{""_dq_error"": false, ""_dq_warn"": false, ""_index"": 94, ""_ingestion_ts"": ""2026-06-30T10:37:34.714862+00:00"", ""_run_id"": ""c2db9646-6053-52aa-b6f1-9d39f569c37f"", ""_run_type"": ""backfill"", ""_source_batch_id"": ""673b5511-3446-5f04-953c-31bc9bd1cef7"", ""aidx"": ""CLD0"", ""assay_category"": null, ""assay_cell_type"": ""CHO"", ""assay_classifications"": null, ""assay_group"": null, ""assay_id"": ""CHEMBL675671"", ""assay_organism"": ""Homo sapiens"", ""assay_parameters"": null, ""assay_pref_name"": null, ""assay_strain"": null, ""assay_subcellular_fraction"": null, ""assay_subcellular_fraction_raw"": null, ""assay_taxonomy_id"": 9606, ""assay_test_type"": null, ""assay_tissue"": null, ""assay_type"": ""B"", ""assay_type_description"": ""Binding"", ""bao_format"": ""BAO_0000219"", ""bao_format_iri"": ""https://purl.obolibrary.org/obo/BAO_0000219"", ""bao_format_mapping_status"": ""mapped"", ""bao_label"": ""cell-based format"", ""bao_ontology_version"": ""2.8.18a"", ""cell_id"": ""CHEMBL3308072"", ""confidence_description"": ""Direct single protein target assigned"", ""confidence_score"": 9.0, ""content_hash"": ""be10db2eb5214515fadf17ffa1c28b4d206f58883e542bbef7aaad171c2e780d"", ""description"": ""Displacement of [3H]spiperone from human Dopamine receptor D3 expressed in CHO cells"", ""entity_id"": ""chembl:CHEMBL675671"", ""publication_id"": ""CHEMBL1133533"", ""relationship_description"": ""Direct protein target assigned"", ""relationship_type"": ""D"", ""score"": null, ""src_assay_id"": null, ""src_id"": 1, ""target_id"": ""CHEMBL234"", ""tissue_id"": null, ""variant_accession"": null, ""variant_isoform"": null, ""variant_mutation"": null, ""variant_organism"": null, ""variant_sequence"": null, ""variant_sequence_json"": null, ""variant_taxonomy_id"": null}"
"c2db9646-6053-52aa-b6f1-9d39f569c37f","chembl_assay","chembl_assay","chembl","gold","95","CHEMBL1129306","chembl:CHEMBL675896","5198fdf1943133f9fcd7f7b1776221cf5746a8ac5a239f139f5b5181138149ea","e4a88498a9c1e9e4d37bdf23c2f958d20ec3c9a1e788b2a19694421308390e63","5198fdf1943133f9fcd7f7b1776221cf5746a8ac5a239f139f5b5181138149ea","included","","","","","","","","","include","2026-06-30T10:38:04.402534+00:00","{""aidx"": ""CLD0"", ""assay_category"": null, ""assay_cell_type"": ""CHO"", ""assay_chembl_id"": ""CHEMBL675896"", ""assay_classifications"": [], ""assay_group"": null, ""assay_organism"": ""Homo sapiens"", ""assay_parameters"": [], ""assay_strain"": null, ""assay_subcellular_fraction"": null, ""assay_tax_id"": 9606, ""assay_test_type"": null, ""assay_tissue"": null, ""assay_type"": ""B"", ""assay_type_description"": ""Binding"", ""bao_format"": ""BAO_0000219"", ""bao_label"": ""cell-based format"", ""cell_chembl_id"": ""CHEMBL3308072"", ""confidence_description"": ""Direct single protein target assigned"", ""confidence_score"": 9, ""description"": ""Binding affinity towards cloned human Dopamine receptor D3 stably expressed in CHO cells was evaluated using [3H]spiperone as radioligand"", ""document_chembl_id"": ""CHEMBL1129306"", ""relationship_description"": ""Direct protein target assigned"", ""relationship_type"": ""D"", ""src_assay_id"": null, ""src_id"": 1, ""target_chembl_id"": ""CHEMBL234"", ""tissue_chembl_id"": null, ""variant_sequence"": null}","{""_dq_error"": false, ""_dq_warn"": false, ""_index"": 95, ""_ingestion_ts"": ""2026-06-30T10:37:34.714862+00:00"", ""_run_id"": ""c2db9646-6053-52aa-b6f1-9d39f569c37f"", ""_run_type"": ""backfill"", ""_source_batch_id"": ""673b5511-3446-5f04-953c-31bc9bd1cef7"", ""aidx"": ""CLD0"", ""assay_category"": null, ""assay_cell_type"": ""CHO"", ""assay_classifications"": null, ""assay_group"": null, ""assay_id"": ""CHEMBL675896"", ""assay_organism"": ""Homo sapiens"", ""assay_parameters"": null, ""assay_pref_name"": null, ""assay_strain"": null, ""assay_subcellular_fraction"": null, ""assay_subcellular_fraction_raw"": null, ""assay_taxonomy_id"": 9606, ""assay_test_type"": null, ""assay_tissue"": null, ""assay_type"": ""B"", ""assay_type_description"": ""Binding"", ""bao_format"": ""BAO_0000219"", ""bao_format_iri"": ""https://purl.obolibrary.org/obo/BAO_0000219"", ""bao_format_mapping_status"": ""mapped"", ""bao_label"": ""cell-based format"", ""bao_ontology_version"": ""2.8.18a"", ""cell_id"": ""CHEMBL3308072"", ""confidence_description"": ""Direct single protein target assigned"", ""confidence_score"": 9.0, ""content_hash"": ""5198fdf1943133f9fcd7f7b1776221cf5746a8ac5a239f139f5b5181138149ea"", ""description"": ""Binding affinity towards cloned human Dopamine receptor D3 stably expressed in CHO cells was evaluated using [3H]spiperone as radioligand"", ""entity_id"": ""chembl:CHEMBL675896"", ""publication_id"": ""CHEMBL1129306"", ""relationship_description"": ""Direct protein target assigned"", ""relationship_type"": ""D"", ""score"": null, ""src_assay_id"": null, ""src_id"": 1, ""target_id"": ""CHEMBL234"", ""tissue_id"": null, ""variant_accession"": null, ""variant_isoform"": null, ""variant_mutation"": null, ""variant_organism"": null, ""variant_sequence"": null, ""variant_sequence_json"": null, ""variant_taxonomy_id"": null}"
"c2db9646-6053-52aa-b6f1-9d39f569c37f","chembl_assay","chembl_assay","chembl","gold","96","CHEMBL1130009","chembl:CHEMBL675943","e81237bf00157edd8e3c246aa0afab5e6074ad94ef4f158b7b437fd473b092ac","756892fc580479df4896a1a5327f3f8c16cacc41949548d2ade826325125a75c","e81237bf00157edd8e3c246aa0afab5e6074ad94ef4f158b7b437fd473b092ac","included","","","","","","","","","include","2026-06-30T10:38:04.404230+00:00","{""aidx"": ""CLD0"", ""assay_category"": null, ""assay_cell_type"": ""CHO"", ""assay_chembl_id"": ""CHEMBL675943"", ""assay_classifications"": [], ""assay_group"": null, ""assay_organism"": ""Homo sapiens"", ""assay_parameters"": [], ""assay_strain"": null, ""assay_subcellular_fraction"": null, ""assay_tax_id"": 9606, ""assay_test_type"": null, ""assay_tissue"": null, ""assay_type"": ""B"", ""assay_type_description"": ""Binding"", ""bao_format"": ""BAO_0000219"", ""bao_label"": ""cell-based format"", ""cell_chembl_id"": ""CHEMBL3308072"", ""confidence_description"": ""Direct single protein target assigned"", ""confidence_score"": 9, ""description"": ""Binding affinity on human Dopamine receptor D4 expressed in CHO cells using radioligand [3H]-YM 09151"", ""document_chembl_id"": ""CHEMBL1130009"", ""relationship_description"": ""Direct protein target assigned"", ""relationship_type"": ""D"", ""src_assay_id"": null, ""src_id"": 1, ""target_chembl_id"": ""CHEMBL219"", ""tissue_chembl_id"": null, ""variant_sequence"": null}","{""_dq_error"": false, ""_dq_warn"": false, ""_index"": 96, ""_ingestion_ts"": ""2026-06-30T10:37:34.714862+00:00"", ""_run_id"": ""c2db9646-6053-52aa-b6f1-9d39f569c37f"", ""_run_type"": ""backfill"", ""_source_batch_id"": ""673b5511-3446-5f04-953c-31bc9bd1cef7"", ""aidx"": ""CLD0"", ""assay_category"": null, ""assay_cell_type"": ""CHO"", ""assay_classifications"": null, ""assay_group"": null, ""assay_id"": ""CHEMBL675943"", ""assay_organism"": ""Homo sapiens"", ""assay_parameters"": null, ""assay_pref_name"": null, ""assay_strain"": null, ""assay_subcellular_fraction"": null, ""assay_subcellular_fraction_raw"": null, ""assay_taxonomy_id"": 9606, ""assay_test_type"": null, ""assay_tissue"": null, ""assay_type"": ""B"", ""assay_type_description"": ""Binding"", ""bao_format"": ""BAO_0000219"", ""bao_format_iri"": ""https://purl.obolibrary.org/obo/BAO_0000219"", ""bao_format_mapping_status"": ""mapped"", ""bao_label"": ""cell-based format"", ""bao_ontology_version"": ""2.8.18a"", ""cell_id"": ""CHEMBL3308072"", ""confidence_description"": ""Direct single protein target assigned"", ""confidence_score"": 9.0, ""content_hash"": ""e81237bf00157edd8e3c246aa0afab5e6074ad94ef4f158b7b437fd473b092ac"", ""description"": ""Binding affinity on human Dopamine receptor D4 expressed in CHO cells using radioligand [3H]-YM 09151"", ""entity_id"": ""chembl:CHEMBL675943"", ""publication_id"": ""CHEMBL1130009"", ""relationship_description"": ""Direct protein target assigned"", ""relationship_type"": ""D"", ""score"": null, ""src_assay_id"": null, ""src_id"": 1, ""target_id"": ""CHEMBL219"", ""tissue_id"": null, ""variant_accession"": null, ""variant_isoform"": null, ""variant_mutation"": null, ""variant_organism"": null, ""variant_sequence"": null, ""variant_sequence_json"": null, ""variant_taxonomy_id"": null}"
"c2db9646-6053-52aa-b6f1-9d39f569c37f","chembl_assay","chembl_assay","chembl","gold","97","CHEMBL1152094","chembl:CHEMBL677272","95692c43c939ada967646ef142c0d833bb56e732f91ef4735c56e00b365698cf","0c4e1fd2185514ba36d6469fed75726e205e022e3f5b978134e1b92bc233e3cd","95692c43c939ada967646ef142c0d833bb56e732f91ef4735c56e00b365698cf","included","","","","","","","","","include","2026-06-30T10:38:04.405400+00:00","{""aidx"": ""CLD0"", ""assay_category"": null, ""assay_cell_type"": ""CHO"", ""assay_chembl_id"": ""CHEMBL677272"", ""assay_classifications"": [], ""assay_group"": null, ""assay_organism"": ""Homo sapiens"", ""assay_parameters"": [], ""assay_strain"": null, ""assay_subcellular_fraction"": null, ""assay_tax_id"": 9606, ""assay_test_type"": null, ""assay_tissue"": null, ""assay_type"": ""B"", ""assay_type_description"": ""Binding"", ""bao_format"": ""BAO_0000219"", ""bao_label"": ""cell-based format"", ""cell_chembl_id"": ""CHEMBL3308072"", ""confidence_description"": ""Direct single protein target assigned"", ""confidence_score"": 9, ""description"": ""Binding affinity in Chinese hamster ovary (CHO) cells stably transfected with human endothelin B (ETB) receptor"", ""document_chembl_id"": ""CHEMBL1152094"", ""relationship_description"": ""Direct protein target assigned"", ""relationship_type"": ""D"", ""src_assay_id"": null, ""src_id"": 1, ""target_chembl_id"": ""CHEMBL1785"", ""tissue_chembl_id"": null, ""variant_sequence"": null}","{""_dq_error"": false, ""_dq_warn"": false, ""_index"": 97, ""_ingestion_ts"": ""2026-06-30T10:37:34.714862+00:00"", ""_run_id"": ""c2db9646-6053-52aa-b6f1-9d39f569c37f"", ""_run_type"": ""backfill"", ""_source_batch_id"": ""673b5511-3446-5f04-953c-31bc9bd1cef7"", ""aidx"": ""CLD0"", ""assay_category"": null, ""assay_cell_type"": ""CHO"", ""assay_classifications"": null, ""assay_group"": null, ""assay_id"": ""CHEMBL677272"", ""assay_organism"": ""Homo sapiens"", ""assay_parameters"": null, ""assay_pref_name"": null, ""assay_strain"": null, ""assay_subcellular_fraction"": null, ""assay_subcellular_fraction_raw"": null, ""assay_taxonomy_id"": 9606, ""assay_test_type"": null, ""assay_tissue"": null, ""assay_type"": ""B"", ""assay_type_description"": ""Binding"", ""bao_format"": ""BAO_0000219"", ""bao_format_iri"": ""https://purl.obolibrary.org/obo/BAO_0000219"", ""bao_format_mapping_status"": ""mapped"", ""bao_label"": ""cell-based format"", ""bao_ontology_version"": ""2.8.18a"", ""cell_id"": ""CHEMBL3308072"", ""confidence_description"": ""Direct single protein target assigned"", ""confidence_score"": 9.0, ""content_hash"": ""95692c43c939ada967646ef142c0d833bb56e732f91ef4735c56e00b365698cf"", ""description"": ""Binding affinity in Chinese hamster ovary (CHO) cells stably transfected with human endothelin B (ETB) receptor"", ""entity_id"": ""chembl:CHEMBL677272"", ""publication_id"": ""CHEMBL1152094"", ""relationship_description"": ""Direct protein target assigned"", ""relationship_type"": ""D"", ""score"": null, ""src_assay_id"": null, ""src_id"": 1, ""target_id"": ""CHEMBL1785"", ""tissue_id"": null, ""variant_accession"": null, ""variant_isoform"": null, ""variant_mutation"": null, ""variant_organism"": null, ""variant_sequence"": null, ""variant_sequence_json"": null, ""variant_taxonomy_id"": null}"
"c2db9646-6053-52aa-b6f1-9d39f569c37f","chembl_assay","chembl_assay","chembl","gold","98","CHEMBL1145862","chembl:CHEMBL677310","2e91c084d8bb9b441248b7a615b8502113b46098ebb222e009cd4a7e6bc48821","06f4de51dd60c9530829c7f8ea53e2b32bc45717cb963910a226c239db6786ef","2e91c084d8bb9b441248b7a615b8502113b46098ebb222e009cd4a7e6bc48821","included","","","","","","","","","include","2026-06-30T10:38:04.406486+00:00","{""aidx"": ""CLD0"", ""assay_category"": null, ""assay_cell_type"": ""CHO"", ""assay_chembl_id"": ""CHEMBL677310"", ""assay_classifications"": [], ""assay_group"": null, ""assay_organism"": ""Homo sapiens"", ""assay_parameters"": [], ""assay_strain"": null, ""assay_subcellular_fraction"": null, ""assay_tax_id"": 9606, ""assay_test_type"": null, ""assay_tissue"": null, ""assay_type"": ""B"", ""assay_type_description"": ""Binding"", ""bao_format"": ""BAO_0000219"", ""bao_label"": ""cell-based format"", ""cell_chembl_id"": ""CHEMBL3308072"", ""confidence_description"": ""Direct single protein target assigned"", ""confidence_score"": 9, ""description"": ""Relative Binding Affinity for human estrogen receptor alpha expressed in CHO cells compared to Diethylstilbestrol (DES)"", ""document_chembl_id"": ""CHEMBL1145862"", ""relationship_description"": ""Direct protein target assigned"", ""relationship_type"": ""D"", ""src_assay_id"": null, ""src_id"": 1, ""target_chembl_id"": ""CHEMBL206"", ""tissue_chembl_id"": null, ""variant_sequence"": null}","{""_dq_error"": false, ""_dq_warn"": false, ""_index"": 98, ""_ingestion_ts"": ""2026-06-30T10:37:34.714862+00:00"", ""_run_id"": ""c2db9646-6053-52aa-b6f1-9d39f569c37f"", ""_run_type"": ""backfill"", ""_source_batch_id"": ""673b5511-3446-5f04-953c-31bc9bd1cef7"", ""aidx"": ""CLD0"", ""assay_category"": null, ""assay_cell_type"": ""CHO"", ""assay_classifications"": null, ""assay_group"": null, ""assay_id"": ""CHEMBL677310"", ""assay_organism"": ""Homo sapiens"", ""assay_parameters"": null, ""assay_pref_name"": null, ""assay_strain"": null, ""assay_subcellular_fraction"": null, ""assay_subcellular_fraction_raw"": null, ""assay_taxonomy_id"": 9606, ""assay_test_type"": null, ""assay_tissue"": null, ""assay_type"": ""B"", ""assay_type_description"": ""Binding"", ""bao_format"": ""BAO_0000219"", ""bao_format_iri"": ""https://purl.obolibrary.org/obo/BAO_0000219"", ""bao_format_mapping_status"": ""mapped"", ""bao_label"": ""cell-based format"", ""bao_ontology_version"": ""2.8.18a"", ""cell_id"": ""CHEMBL3308072"", ""confidence_description"": ""Direct single protein target assigned"", ""confidence_score"": 9.0, ""content_hash"": ""2e91c084d8bb9b441248b7a615b8502113b46098ebb222e009cd4a7e6bc48821"", ""description"": ""Relative Binding Affinity for human estrogen receptor alpha expressed in CHO cells compared to Diethylstilbestrol (DES)"", ""entity_id"": ""chembl:CHEMBL677310"", ""publication_id"": ""CHEMBL1145862"", ""relationship_description"": ""Direct protein target assigned"", ""relationship_type"": ""D"", ""score"": null, ""src_assay_id"": null, ""src_id"": 1, ""target_id"": ""CHEMBL206"", ""tissue_id"": null, ""variant_accession"": null, ""variant_isoform"": null, ""variant_mutation"": null, ""variant_organism"": null, ""variant_sequence"": null, ""variant_sequence_json"": null, ""variant_taxonomy_id"": null}"
"c2db9646-6053-52aa-b6f1-9d39f569c37f","chembl_assay","chembl_assay","chembl","gold","99","CHEMBL1145862","chembl:CHEMBL677311","049f7e4fad9d7d80d0058b0f844d01af54698ca7ed55ff0c7b93678b702c7549","c9d3a2832212702bb75d53d4f7a97fe14d77c77ddd2d24ba0786098cef6e0e9f","049f7e4fad9d7d80d0058b0f844d01af54698ca7ed55ff0c7b93678b702c7549","included","","","","","","","","","include","2026-06-30T10:38:04.407516+00:00","{""aidx"": ""CLD0"", ""assay_category"": null, ""assay_cell_type"": ""CHO"", ""assay_chembl_id"": ""CHEMBL677311"", ""assay_classifications"": [], ""assay_group"": null, ""assay_organism"": ""Homo sapiens"", ""assay_parameters"": [], ""assay_strain"": null, ""assay_subcellular_fraction"": null, ""assay_tax_id"": 9606, ""assay_test_type"": null, ""assay_tissue"": null, ""assay_type"": ""B"", ""assay_type_description"": ""Binding"", ""bao_format"": ""BAO_0000219"", ""bao_label"": ""cell-based format"", ""cell_chembl_id"": ""CHEMBL3308072"", ""confidence_description"": ""Direct single protein target assigned"", ""confidence_score"": 9, ""description"": ""Relative Binding Affinity for human estrogen receptor alpha expressed in CHO cells compared to Diethylstilbestrol Dimethyl Ether"", ""document_chembl_id"": ""CHEMBL1145862"", ""relationship_description"": ""Direct protein target assigned"", ""relationship_type"": ""D"", ""src_assay_id"": null, ""src_id"": 1, ""target_chembl_id"": ""CHEMBL206"", ""tissue_chembl_id"": null, ""variant_sequence"": null}","{""_dq_error"": false, ""_dq_warn"": false, ""_index"": 99, ""_ingestion_ts"": ""2026-06-30T10:37:34.714862+00:00"", ""_run_id"": ""c2db9646-6053-52aa-b6f1-9d39f569c37f"", ""_run_type"": ""backfill"", ""_source_batch_id"": ""673b5511-3446-5f04-953c-31bc9bd1cef7"", ""aidx"": ""CLD0"", ""assay_category"": null, ""assay_cell_type"": ""CHO"", ""assay_classifications"": null, ""assay_group"": null, ""assay_id"": ""CHEMBL677311"", ""assay_organism"": ""Homo sapiens"", ""assay_parameters"": null, ""assay_pref_name"": null, ""assay_strain"": null, ""assay_subcellular_fraction"": null, ""assay_subcellular_fraction_raw"": null, ""assay_taxonomy_id"": 9606, ""assay_test_type"": null, ""assay_tissue"": null, ""assay_type"": ""B"", ""assay_type_description"": ""Binding"", ""bao_format"": ""BAO_0000219"", ""bao_format_iri"": ""https://purl.obolibrary.org/obo/BAO_0000219"", ""bao_format_mapping_status"": ""mapped"", ""bao_label"": ""cell-based format"", ""bao_ontology_version"": ""2.8.18a"", ""cell_id"": ""CHEMBL3308072"", ""confidence_description"": ""Direct single protein target assigned"", ""confidence_score"": 9.0, ""content_hash"": ""049f7e4fad9d7d80d0058b0f844d01af54698ca7ed55ff0c7b93678b702c7549"", ""description"": ""Relative Binding Affinity for human estrogen receptor alpha expressed in CHO cells compared to Diethylstilbestrol Dimethyl Ether"", ""entity_id"": ""chembl:CHEMBL677311"", ""publication_id"": ""CHEMBL1145862"", ""relationship_description"": ""Direct protein target assigned"", ""relationship_type"": ""D"", ""score"": null, ""src_assay_id"": null, ""src_id"": 1, ""target_id"": ""CHEMBL206"", ""tissue_id"": null, ""variant_accession"": null, ""variant_isoform"": null, ""variant_mutation"": null, ""variant_organism"": null, ""variant_sequence"": null, ""variant_sequence_json"": null, ""variant_taxonomy_id"": null}"
