"entity_id","content_hash","molecule_chembl_id","pref_name","molecule_type","structure_type","max_phase","first_approval","oral","parenteral","topical","black_box_warning","natural_product","first_in_class","prodrug","therapeutic_flag","withdrawn_flag","inorganic_flag","polymer_flag","molecule_hierarchy","molecule_properties","molecule_structures","molecule_synonyms","cross_references","atc_classifications","_run_id","_run_type","_source_batch_id","_ingestion_ts"
"chembl:CHEMBL1076451","68bb1ceba4107b0a343611ddcc94a9dd3719f308c7326e876cd4e0ae6b8d1ecd","CHEMBL1076451",,"Small molecule","MOL",,,false,false,false,0,0,-1,-1,false,false,-1,0,"{""active_chembl_id"": ""CHEMBL1076451"", ""molecule_chembl_id"": ""CHEMBL1076451"", ""parent_chembl_id"": ""CHEMBL1076451""}","{""alogp"": ""8.51"", ""aromatic_rings"": 3, ""full_molformula"": ""C33H33Cl3F2N2O2"", ""full_mwt"": ""633.99"", ""hba"": 3, ""hbd"": 1, ""heavy_atoms"": 42, ""mw_freebase"": ""633.99"", ""np_likeness_score"": ""-0.76"", ""num_ro5_violations"": 2, ""psa"": ""41.57"", ""qed_weighted"": ""0.18"", ""ro3_pass"": ""N"", ""rtb"": 10}","{""canonical_smiles"": ""CC1(C)CNCC(C(=O)N(Cc2cccc(Cl)c2Cl)C2CC2)=C1c1ccc(CCCOc2c(F)ccc(F)c2Cl)cc1"", ""molfile"": ""\n     RDKit          2D\n\n 42 46  0  0  0  0  0  0  0  0999 V2000\n   19.6583   -3.9208    0.0000 C   0  0  0  0  0  0  0  0  0  0  0  0\n   19.2500   -4.6375    0.0000 C   0  0  0  0  0  0  0  0  0  0  0  0\n   20.0748   -4.6328    0.0000 C   0  0  0  0  0  0  0  0  0  0  0  0\n   17.8212   -4.6439    0.0000 C   0  0  0  0  0  0  0  0  0  0  0  0\n   13.5361   -4.6583    0.0000 C   0  0  0  0  0  0  0  0  0  0  0  0\n   13.5349   -5.4857    0.0000 C   0  0  0  0  0  0  0  0  0  0  0  0\n   14.2497   -5.8985    0.0000 C   0  0  0  0  0  0  0  0  0  0  0  0\n   14.9662   -5.4852    0.0000 C   0  0  0  0  0  0  0  0  0  0  0  0\n   14.9633   -4.6547    0.0000 C   0  0  0  0  0  0  0  0  0  0  0  0\n   14.2479   -4.2455    0.0000 C   0  0  0  0  0  0  0  0  0  0  0  0\n   15.6762   -4.2395    0.0000 C   0  0  0  0  0  0  0  0  0  0  0  0\n   16.3922   -4.6493    0.0000 N   0  0  0  0  0  0  0  0  0  0  0  0\n   17.1052   -4.2341    0.0000 C   0  0  0  0  0  0  0  0  0  0  0  0\n   17.1020   -3.4091    0.0000 O   0  0  0  0  0  0  0  0  0  0  0  0\n   14.2455   -3.4205    0.0000 Cl  0  0  0  0  0  0  0  0  0  0  0  0\n   12.8215   -4.2460    0.0000 Cl  0  0  0  0  0  0  0  0  0  0  0  0\n   17.8243   -5.4689    0.0000 C   0  0  0  0  0  0  0  0  0  0  0  0\n   18.5341   -4.2287    0.0000 C   0  0  0  0  0  0  0  0  0  0  0  0\n   19.2532   -5.4635    0.0000 C   0  0  0  0  0  0  0  0  0  0  0  0\n   18.5403   -5.8787    0.0000 N   0  0  0  0  0  0  0  0  0  0  0  0\n   18.5310   -3.4037    0.0000 C   0  0  0  0  0  0  0  0  0  0  0  0\n   17.8204   -2.9878    0.0000 C   0  0  0  0  0  0  0  0  0  0  0  0\n   19.2486   -2.9936    0.0000 C   0  0  0  0  0  0  0  0  0  0  0  0\n   19.2505   -2.1677    0.0000 C   0  0  0  0  0  0  0  0  0  0  0  0\n   18.5318   -1.7541    0.0000 C   0  0  0  0  0  0  0  0  0  0  0  0\n   17.8200   -2.1669    0.0000 C   0  0  0  0  0  0  0  0  0  0  0  0\n   18.5304   -0.9291    0.0000 C   0  0  0  0  0  0  0  0  0  0  0  0\n   17.8152   -0.5178    0.0000 C   0  0  0  0  0  0  0  0  0  0  0  0\n   17.8138    0.3072    0.0000 C   0  0  0  0  0  0  0  0  0  0  0  0\n   17.0986    0.7185    0.0000 O   0  0  0  0  0  0  0  0  0  0  0  0\n   17.0972    1.5435    0.0000 C   0  0  0  0  0  0  0  0  0  0  0  0\n   17.8156    1.9551    0.0000 C   0  0  0  0  0  0  0  0  0  0  0  0\n   17.8145    2.7793    0.0000 C   0  0  0  0  0  0  0  0  0  0  0  0\n   17.0988    3.1914    0.0000 C   0  0  0  0  0  0  0  0  0  0  0  0\n   16.3827    2.7733    0.0000 C   0  0  0  0  0  0  0  0  0  0  0  0\n   16.3872    1.9504    0.0000 C   0  0  0  0  0  0  0  0  0  0  0  0\n   15.6746    1.5348    0.0000 Cl  0  0  0  0  0  0  0  0  0  0  0  0\n   15.6660    3.1820    0.0000 F   0  0  0  0  0  0  0  0  0  0  0  0\n   18.5296    1.5419    0.0000 F   0  0  0  0  0  0  0  0  0  0  0  0\n   16.4006   -5.4726    0.0000 C   0  0  0  0  0  0  0  0  0  0  0  0\n   15.9908   -6.1887    0.0000 C   0  0  0  0  0  0  0  0  0  0  0  0\n   16.8158   -6.1855    0.0000 C   0  0  0  0  0  0  0  0  0  0  0  0\n  9 11  1  0\n 18 21  1  0\n  6  7  1  0\n 22 21  2  0\n 11 12  1  0\n 21 23  1  0\n  2  1  1  0\n 23 24  2  0\n 12 13  1  0\n 24 25  1  0\n 13  4  1  0\n 25 26  2  0\n 26 22  1  0\n  7  8  2  0\n 25 27  1  0\n 13 14  2  0\n 27 28  1  0\n  3  2  1  0\n 28 29  1  0\n 10 15  1  0\n 29 30  1  0\n  8  9  1  0\n 30 31  1  0\n  5 16  1  0\n 31 32  2  0\n  5  6  2  0\n 32 33  1  0\n  4 17  1  0\n 33 34  2  0\n  9 10  2  0\n 34 35  1  0\n  4 18  2  0\n 35 36  2  0\n 36 31  1  0\n 18  2  1  0\n 36 37  1  0\n 10  5  1  0\n 35 38  1  0\n  2 19  1  0\n 32 39  1  0\n 41 40  1  0\n 42 41  1  0\n 40 42  1  0\n 19 20  1  0\n 17 20  1  0\n 12 40  1  0\nM  END\n> <chembl_id>\nCHEMBL1076451\n\n> <chembl_pref_name>\nNone"", ""standard_inchi"": ""InChI=1S/C33H33Cl3F2N2O2/c1-33(2)19-39-17-24(32(41)40(23-12-13-23)18-22-6-3-7-25(34)29(22)35)28(33)21-10-8-20(9-11-21)5-4-16-42-31-27(38)15-14-26(37)30(31)36/h3,6-11,14-15,23,39H,4-5,12-13,16-19H2,1-2H3"", ""standard_inchi_key"": ""NHKGQZOIJVMGNE-UHFFFAOYSA-N""}","[]","[]","[]","0adfbfb6-3304-4e79-a3cb-cfaf3fa39d83","incremental","None","2025-12-22T18:37:09.734439+00:00"
"chembl:CHEMBL1086224","2f38a4be30c05fa2d40b9b0174f100cda378446cec23dca7397ebc51aca2fed0","CHEMBL1086224",,"Small molecule","MOL",,,false,false,false,0,0,-1,-1,false,false,-1,0,"{""active_chembl_id"": ""CHEMBL1086224"", ""molecule_chembl_id"": ""CHEMBL1086224"", ""parent_chembl_id"": ""CHEMBL1086224""}","{""alogp"": ""2.24"", ""aromatic_rings"": 1, ""full_molformula"": ""C10H9ClFNO3S"", ""full_mwt"": ""277.70"", ""hba"": 3, ""hbd"": 2, ""heavy_atoms"": 17, ""mw_freebase"": ""277.70"", ""np_likeness_score"": ""-2.53"", ""num_ro5_violations"": 0, ""psa"": ""66.40"", ""qed_weighted"": ""0.87"", ""ro3_pass"": ""N"", ""rtb"": 5}","{""canonical_smiles"": ""O=C(O)CSCC(=O)Nc1ccc(F)c(Cl)c1"", ""molfile"": ""\n     RDKit          2D\n\n 17 17  0  0  0  0  0  0  0  0999 V2000\n   15.0081    0.7306    0.0000 C   0  0  0  0  0  0  0  0  0  0  0  0\n   15.0094   -0.0944    0.0000 N   0  0  0  0  0  0  0  0  0  0  0  0\n   15.7245   -0.5057    0.0000 C   0  0  0  0  0  0  0  0  0  0  0  0\n   15.7258   -1.3307    0.0000 C   0  0  0  0  0  0  0  0  0  0  0  0\n   16.4383   -0.0921    0.0000 O   0  0  0  0  0  0  0  0  0  0  0  0\n   15.0119   -1.7444    0.0000 S   0  0  0  0  0  0  0  0  0  0  0  0\n   15.0132   -2.5694    0.0000 C   0  0  0  0  0  0  0  0  0  0  0  0\n   14.2994   -2.9830    0.0000 C   0  0  0  0  0  0  0  0  0  0  0  0\n   14.2993   -3.8087    0.0000 O   0  0  0  0  0  0  0  0  0  0  0  0\n   14.2944    1.9709    0.0000 C   0  0  0  0  0  0  0  0  0  0  0  0\n   14.2932    1.1435    0.0000 C   0  0  0  0  0  0  0  0  0  0  0  0\n   15.7245    1.1440    0.0000 C   0  0  0  0  0  0  0  0  0  0  0  0\n   15.7216    1.9745    0.0000 C   0  0  0  0  0  0  0  0  0  0  0  0\n   15.0063    2.3836    0.0000 C   0  0  0  0  0  0  0  0  0  0  0  0\n   15.0038    3.2086    0.0000 F   0  0  0  0  0  0  0  0  0  0  0  0\n   13.5798    2.3832    0.0000 Cl  0  0  0  0  0  0  0  0  0  0  0  0\n   13.5836   -2.5728    0.0000 O   0  0  0  0  0  0  0  0  0  0  0  0\n  3  5  2  0\n  8 17  1  0\n  8  9  2  0\n  2  3  1  0\n  4  6  1  0\n 10 11  2  0\n 11  1  1  0\n  1  2  1  0\n  1 12  2  0\n  6  7  1  0\n 12 13  1  0\n  3  4  1  0\n 13 14  2  0\n 14 10  1  0\n  7  8  1  0\n 14 15  1  0\n 10 16  1  0\nM  END\n> <chembl_id>\nCHEMBL1086224\n\n> <chembl_pref_name>\nNone"", ""standard_inchi"": ""InChI=1S/C10H9ClFNO3S/c11-7-3-6(1-2-8(7)12)13-9(14)4-17-5-10(15)16/h1-3H,4-5H2,(H,13,14)(H,15,16)"", ""standard_inchi_key"": ""MWAQQQBWXJNSMX-UHFFFAOYSA-N""}","[]","[]","[]","0adfbfb6-3304-4e79-a3cb-cfaf3fa39d83","incremental","None","2025-12-22T18:37:09.734521+00:00"
"chembl:CHEMBL108696","42e03b8c6bb98d8a602cb193dbb27d5c3b60c2e8e2bd15e7ee6248385a5c205f","CHEMBL108696",,"Small molecule","MOL",,,false,false,false,0,0,-1,-1,false,false,-1,0,"{""active_chembl_id"": ""CHEMBL108696"", ""molecule_chembl_id"": ""CHEMBL108696"", ""parent_chembl_id"": ""CHEMBL108696""}","{""alogp"": ""5.44"", ""aromatic_rings"": 3, ""full_molformula"": ""C20H16F4N2OS"", ""full_mwt"": ""408.42"", ""hba"": 4, ""hbd"": 1, ""heavy_atoms"": 28, ""mw_freebase"": ""408.42"", ""np_likeness_score"": ""-1.27"", ""num_ro5_violations"": 1, ""psa"": ""55.98"", ""qed_weighted"": ""0.45"", ""ro3_pass"": ""N"", ""rtb"": 5}","{""canonical_smiles"": ""Cc1nc2cccc(F)c2c(N)c1CSCc1cccc(C(=O)C(F)(F)F)c1"", ""molfile"": ""\n     RDKit          2D\n\n 28 30  0  0  0  0  0  0  0  0999 V2000\n   -1.1887   -3.0571    0.0000 C   0  0  0  0  0  0  0  0  0  0  0  0\n   -1.1900   -3.8848    0.0000 C   0  0  0  0  0  0  0  0  0  0  0  0\n   -0.4770   -4.2977    0.0000 C   0  0  0  0  0  0  0  0  0  0  0  0\n   -0.4790   -2.6444    0.0000 C   0  0  0  0  0  0  0  0  0  0  0  0\n    0.2393   -3.0531    0.0000 C   0  0  0  0  0  0  0  0  0  0  0  0\n    0.2402   -3.8806    0.0000 C   0  0  0  0  0  0  0  0  0  0  0  0\n    0.9563   -4.2916    0.0000 N   0  0  0  0  0  0  0  0  0  0  0  0\n    1.6716   -3.8763    0.0000 C   0  0  0  0  0  0  0  0  0  0  0  0\n    1.6666   -3.0457    0.0000 C   0  0  0  0  0  0  0  0  0  0  0  0\n    0.9500   -2.6384    0.0000 C   0  0  0  0  0  0  0  0  0  0  0  0\n    0.9454   -1.8134    0.0000 N   0  0  0  0  0  0  0  0  0  0  0  0\n   -0.4828   -1.8193    0.0000 F   0  0  0  0  0  0  0  0  0  0  0  0\n    2.3878   -4.2857    0.0000 C   0  0  0  0  0  0  0  0  0  0  0  0\n    2.3784   -2.6286    0.0000 C   0  0  0  0  0  0  0  0  0  0  0  0\n    3.0955   -3.0365    0.0000 S   0  0  0  0  0  0  0  0  0  0  0  0\n    3.8073   -2.6194    0.0000 C   0  0  0  0  0  0  0  0  0  0  0  0\n    4.5244   -3.0273    0.0000 C   0  0  0  0  0  0  0  0  0  0  0  0\n    4.5264   -3.8514    0.0000 C   0  0  0  0  0  0  0  0  0  0  0  0\n    5.2428   -4.2592    0.0000 C   0  0  0  0  0  0  0  0  0  0  0  0\n    5.9556   -3.8421    0.0000 C   0  0  0  0  0  0  0  0  0  0  0  0\n    5.9476   -3.0128    0.0000 C   0  0  0  0  0  0  0  0  0  0  0  0\n    5.2308   -2.6087    0.0000 C   0  0  0  0  0  0  0  0  0  0  0  0\n    6.6580   -2.5932    0.0000 C   0  0  0  0  0  0  0  0  0  0  0  0\n    7.3765   -2.9986    0.0000 C   0  0  0  0  0  0  0  0  0  0  0  0\n    6.6497   -1.7682    0.0000 O   0  0  0  0  0  0  0  0  0  0  0  0\n    8.0853   -3.4101    0.0000 F   0  0  0  0  0  0  0  0  0  0  0  0\n    7.7863   -2.2826    0.0000 F   0  0  0  0  0  0  0  0  0  0  0  0\n    6.9715   -3.7173    0.0000 F   0  0  0  0  0  0  0  0  0  0  0  0\n  3  6  2  0\n  9 14  1  0\n  6  7  1  0\n 14 15  1  0\n  1  2  2  0\n 15 16  1  0\n  7  8  2  0\n 16 17  1  0\n  5  4  2  0\n 17 18  2  0\n  8  9  1  0\n 18 19  1  0\n  4  1  1  0\n 19 20  2  0\n  9 10  2  0\n 20 21  1  0\n 10  5  1  0\n 21 22  2  0\n 22 17  1  0\n 21 23  1  0\n 10 11  1  0\n 23 24  1  0\n  2  3  1  0\n 23 25  2  0\n  4 12  1  0\n 24 26  1  0\n  5  6  1  0\n 24 27  1  0\n  8 13  1  0\n 24 28  1  0\nM  END\n> <chembl_id>\nCHEMBL108696\n\n> <chembl_pref_name>\nNone"", ""standard_inchi"": ""InChI=1S/C20H16F4N2OS/c1-11-14(18(25)17-15(21)6-3-7-16(17)26-11)10-28-9-12-4-2-5-13(8-12)19(27)20(22,23)24/h2-8H,9-10H2,1H3,(H2,25,26)"", ""standard_inchi_key"": ""VPRFBYAXJXJEIV-UHFFFAOYSA-N""}","[]","[]","[]","0adfbfb6-3304-4e79-a3cb-cfaf3fa39d83","incremental","None","2025-12-22T18:37:09.731814+00:00"
"chembl:CHEMBL1163286","09f7951f8a009e7c7da2a82cdb63cc24a2aedf6b46a0615b0b39ac72ef621720","CHEMBL1163286",,"Small molecule","MOL",,,false,false,false,0,0,-1,-1,false,false,-1,0,"{""active_chembl_id"": ""CHEMBL1163286"", ""molecule_chembl_id"": ""CHEMBL1163286"", ""parent_chembl_id"": ""CHEMBL1163286""}","{""alogp"": ""2.42"", ""aromatic_rings"": 3, ""full_molformula"": ""C17H19N5O2"", ""full_mwt"": ""325.37"", ""hba"": 7, ""hbd"": 3, ""heavy_atoms"": 24, ""mw_freebase"": ""325.37"", ""np_likeness_score"": ""-0.94"", ""num_ro5_violations"": 0, ""psa"": ""108.31"", ""qed_weighted"": ""0.66"", ""ro3_pass"": ""N"", ""rtb"": 5}","{""canonical_smiles"": ""COc1ccc(NCc2ccc3nc(N)nc(N)c3c2)cc1OC"", ""molfile"": ""\n     RDKit          2D\n\n 24 26  0  0  0  0  0  0  0  0999 V2000\n    0.6872   -0.4944    0.0000 C   0  0  0  0  0  0  0  0  0  0  0  0\n    1.4037   -0.0810    0.0000 C   0  0  0  0  0  0  0  0  0  0  0  0\n    1.4008    0.7495    0.0000 C   0  0  0  0  0  0  0  0  0  0  0  0\n    0.6854    1.1586    0.0000 C   0  0  0  0  0  0  0  0  0  0  0  0\n   -0.0276   -0.0815    0.0000 C   0  0  0  0  0  0  0  0  0  0  0  0\n   -0.0253    0.7441    0.0000 C   0  0  0  0  0  0  0  0  0  0  0  0\n   -0.7380    1.1570    0.0000 C   0  0  0  0  0  0  0  0  0  0  0  0\n   -1.4534    0.7456    0.0000 N   0  0  0  0  0  0  0  0  0  0  0  0\n   -1.4517   -0.0831    0.0000 C   0  0  0  0  0  0  0  0  0  0  0  0\n   -0.7385   -0.4924    0.0000 N   0  0  0  0  0  0  0  0  0  0  0  0\n    2.1137    1.1647    0.0000 C   0  0  0  0  0  0  0  0  0  0  0  0\n    2.8297    0.7549    0.0000 N   0  0  0  0  0  0  0  0  0  0  0  0\n    3.5427    1.1701    0.0000 C   0  0  0  0  0  0  0  0  0  0  0  0\n    4.2571    0.7568    0.0000 C   0  0  0  0  0  0  0  0  0  0  0  0\n    4.9695    1.1713    0.0000 C   0  0  0  0  0  0  0  0  0  0  0  0\n    4.9668    1.9972    0.0000 C   0  0  0  0  0  0  0  0  0  0  0  0\n    4.2458    2.4068    0.0000 C   0  0  0  0  0  0  0  0  0  0  0  0\n    3.5363    1.9900    0.0000 C   0  0  0  0  0  0  0  0  0  0  0  0\n    5.6853    0.7612    0.0000 O   0  0  0  0  0  0  0  0  0  0  0  0\n    5.6792    2.4134    0.0000 O   0  0  0  0  0  0  0  0  0  0  0  0\n    6.3958    2.0045    0.0000 C   0  0  0  0  0  0  0  0  0  0  0  0\n   -0.7366    1.9820    0.0000 N   0  0  0  0  0  0  0  0  0  0  0  0\n   -2.1652   -0.4973    0.0000 N   0  0  0  0  0  0  0  0  0  0  0  0\n    6.3984    1.1760    0.0000 C   0  0  0  0  0  0  0  0  0  0  0  0\n  5  1  1  0\n 11 12  1  0\n  5  6  1  0\n 12 13  1  0\n  2  3  1  0\n 13 14  2  0\n  6  7  2  0\n 14 15  1  0\n 15 16  2  0\n  7  8  1  0\n 16 17  1  0\n  3  4  2  0\n 17 18  2  0\n 18 13  1  0\n  8  9  2  0\n 15 19  1  0\n  4  6  1  0\n 16 20  1  0\n  9 10  1  0\n 20 21  1  0\n 10  5  2  0\n  7 22  1  0\n  1  2  2  0\n  9 23  1  0\n  3 11  1  0\n 19 24  1  0\nM  END\n> <chembl_id>\nCHEMBL1163286\n\n> <chembl_pref_name>\nNone"", ""standard_inchi"": ""InChI=1S/C17H19N5O2/c1-23-14-6-4-11(8-15(14)24-2)20-9-10-3-5-13-12(7-10)16(18)22-17(19)21-13/h3-8,20H,9H2,1-2H3,(H4,18,19,21,22)"", ""standard_inchi_key"": ""FDHLKVXBJSMYEW-UHFFFAOYSA-N""}","[]","[]","[]","0adfbfb6-3304-4e79-a3cb-cfaf3fa39d83","incremental","None","2025-12-22T18:37:09.734608+00:00"
"chembl:CHEMBL119385","6676d4e6fc719c1ab70b84b42588f3bef68c568fd49663bce1b079d018673385","CHEMBL119385","NEFLAMAPIMOD","Small molecule","MOL",,,false,false,false,0,0,0,0,false,false,0,0,"{""active_chembl_id"": ""CHEMBL119385"", ""molecule_chembl_id"": ""CHEMBL119385"", ""parent_chembl_id"": ""CHEMBL119385""}","{""alogp"": ""5.49"", ""aromatic_rings"": 4, ""full_molformula"": ""C19H9Cl2F2N3OS"", ""full_mwt"": ""436.27"", ""hba"": 5, ""hbd"": 0, ""heavy_atoms"": 28, ""mw_freebase"": ""436.27"", ""np_likeness_score"": ""-1.54"", ""num_ro5_violations"": 1, ""psa"": ""47.26"", ""qed_weighted"": ""0.43"", ""ro3_pass"": ""N"", ""rtb"": 3}","{""canonical_smiles"": ""O=c1ncn2nc(Sc3ccc(F)cc3F)ccc2c1-c1c(Cl)cccc1Cl"", ""molfile"": ""\n     RDKit          2D\n\n 28 31  0  0  0  0  0  0  0  0999 V2000\n   -3.9410    0.1698    0.0000 C   0  0  0  0  0  0  0  0  0  0  0  0\n   -4.6642   -0.2272    0.0000 C   0  0  0  0  0  0  0  0  0  0  0  0\n   -4.6821   -1.0520    0.0000 C   0  0  0  0  0  0  0  0  0  0  0  0\n   -3.9767   -1.4799    0.0000 C   0  0  0  0  0  0  0  0  0  0  0  0\n   -3.2535   -1.0829    0.0000 C   0  0  0  0  0  0  0  0  0  0  0  0\n   -3.2356   -0.2581    0.0000 C   0  0  0  0  0  0  0  0  0  0  0  0\n   -1.1104    0.1237    0.0000 C   0  0  0  0  0  0  0  0  0  0  0  0\n   -1.8249   -0.2888    0.0000 C   0  0  0  0  0  0  0  0  0  0  0  0\n   -1.8249   -1.1138    0.0000 C   0  0  0  0  0  0  0  0  0  0  0  0\n   -1.1104   -1.5263    0.0000 N   0  0  0  0  0  0  0  0  0  0  0  0\n   -0.3959   -1.1138    0.0000 N   0  0  0  0  0  0  0  0  0  0  0  0\n   -0.3959   -0.2888    0.0000 C   0  0  0  0  0  0  0  0  0  0  0  0\n    0.3185    0.1237    0.0000 C   0  0  0  0  0  0  0  0  0  0  0  0\n    0.3185   -1.5263    0.0000 C   0  0  0  0  0  0  0  0  0  0  0  0\n    1.0330   -1.1138    0.0000 N   0  0  0  0  0  0  0  0  0  0  0  0\n    1.0330   -0.2888    0.0000 C   0  0  0  0  0  0  0  0  0  0  0  0\n    0.2934    2.5984    0.0000 C   0  0  0  0  0  0  0  0  0  0  0  0\n   -0.4211    2.1859    0.0000 C   0  0  0  0  0  0  0  0  0  0  0  0\n   -0.4211    1.3608    0.0000 C   0  0  0  0  0  0  0  0  0  0  0  0\n    0.2934    0.9483    0.0000 C   0  0  0  0  0  0  0  0  0  0  0  0\n    1.0078    1.3608    0.0000 C   0  0  0  0  0  0  0  0  0  0  0  0\n    1.0078    2.1859    0.0000 C   0  0  0  0  0  0  0  0  0  0  0  0\n   -5.3696    0.2007    0.0000 F   0  0  0  0  0  0  0  0  0  0  0  0\n   -3.9513   -2.3045    0.0000 F   0  0  0  0  0  0  0  0  0  0  0  0\n   -2.5481   -1.5108    0.0000 S   0  0  0  0  0  0  0  0  0  0  0  0\n    1.7249    0.1605    0.0000 O   0  0  0  0  0  0  0  0  0  0  0  0\n    1.7223    0.9483    0.0000 Cl  0  0  0  0  0  0  0  0  0  0  0  0\n   -1.1356    0.9483    0.0000 Cl  0  0  0  0  0  0  0  0  0  0  0  0\n  1  2  1  0\n  2  3  2  0\n  3  4  1  0\n  4  5  2  0\n  5  6  1  0\n  1  6  2  0\n  7  8  2  0\n  8  9  1  0\n  9 10  2  0\n 10 11  1  0\n 11 12  1  0\n  7 12  1  0\n 14 15  2  0\n 15 16  1  0\n 13 16  1  0\n 11 14  1  0\n 13 12  2  0\n 17 18  2  0\n 18 19  1  0\n 19 20  2  0\n 20 21  1  0\n 21 22  2  0\n 17 22  1  0\n  2 23  1  0\n  4 24  1  0\n  5 25  1  0\n 25  9  1  0\n 16 26  2  0\n 13 20  1  0\n 21 27  1  0\n 19 28  1  0\nM  END\n> <chembl_id>\nCHEMBL119385\n\n> <chembl_pref_name>\nNEFLAMAPIMOD"", ""standard_inchi"": ""InChI=1S/C19H9Cl2F2N3OS/c20-11-2-1-3-12(21)17(11)18-14-5-7-16(25-26(14)9-24-19(18)27)28-15-6-4-10(22)8-13(15)23/h1-9H"", ""standard_inchi_key"": ""VEPKQEUBKLEPRA-UHFFFAOYSA-N""}","[{""molecule_synonym"": ""745"", ""syn_type"": ""RESEARCH_CODE"", ""synonyms"": ""745""}, {""molecule_synonym"": ""Neflamapimod"", ""syn_type"": ""INN"", ""synonyms"": ""NEFLAMAPIMOD""}, {""molecule_synonym"": ""Neflamapimod"", ""syn_type"": ""OTHER"", ""synonyms"": ""NEFLAMAPIMOD""}, {""molecule_synonym"": ""Neflamapimod"", ""syn_type"": ""USAN"", ""synonyms"": ""NEFLAMAPIMOD""}, {""molecule_synonym"": ""VD-31"", ""syn_type"": ""RESEARCH_CODE"", ""synonyms"": ""VD-31""}, {""molecule_synonym"": ""VD-31,745"", ""syn_type"": ""RESEARCH_CODE"", ""synonyms"": ""VD-31,745""}, {""molecule_synonym"": ""VD-31745"", ""syn_type"": ""RESEARCH_CODE"", ""synonyms"": ""VD-31745""}, {""molecule_synonym"": ""VRT-031745"", ""syn_type"": ""RESEARCH_CODE"", ""synonyms"": ""VRT-031745""}, {""molecule_synonym"": ""Vx-745"", ""syn_type"": ""OTHER"", ""synonyms"": ""VX-745""}, {""molecule_synonym"": ""VX-745"", ""syn_type"": ""RESEARCH_CODE"", ""synonyms"": ""VX-745""}]","[]","[]","0adfbfb6-3304-4e79-a3cb-cfaf3fa39d83","incremental","None","2025-12-22T18:37:09.731929+00:00"
"chembl:CHEMBL1210901","0c63c45ec13ce82fb230d4b66b0f91357ed0c93e9fff0e90d435985db4edf036","CHEMBL1210901",,"Small molecule","MOL",,,false,false,false,0,0,-1,-1,false,false,-1,0,"{""active_chembl_id"": ""CHEMBL1210901"", ""molecule_chembl_id"": ""CHEMBL1210901"", ""parent_chembl_id"": ""CHEMBL1210901""}","{""alogp"": ""5.92"", ""aromatic_rings"": 4, ""full_molformula"": ""C25H19Cl2F2N5O"", ""full_mwt"": ""514.36"", ""hba"": 4, ""hbd"": 1, ""heavy_atoms"": 35, ""mw_freebase"": ""514.36"", ""np_likeness_score"": ""-1.34"", ""num_ro5_violations"": 2, ""psa"": ""65.12"", ""qed_weighted"": ""0.35"", ""ro3_pass"": ""N"", ""rtb"": 3}","{""canonical_smiles"": ""O=C1N(c2ccc(F)c(Cl)c2)C(c2ccccn2)C12CCN(c1nc3cc(F)c(Cl)cc3[nH]1)CC2"", ""molfile"": ""\n     RDKit          2D\n\n 35 40  0  0  0  0  0  0  0  0999 V2000\n    0.4795   -6.9034    0.0000 C   0  0  0  0  0  0  0  0  0  0  0  0\n    1.3095   -6.9032    0.0000 C   0  0  0  0  0  0  0  0  0  0  0  0\n    1.3094   -6.0741    0.0000 N   0  0  0  0  0  0  0  0  0  0  0  0\n    0.4795   -6.0742    0.0000 C   0  0  0  0  0  0  0  0  0  0  0  0\n   -0.9642   -7.7255    0.0000 N   0  0  0  0  0  0  0  0  0  0  0  0\n   -0.2444   -8.1451    0.0000 C   0  0  0  0  0  0  0  0  0  0  0  0\n    0.4725   -7.7369    0.0000 C   0  0  0  0  0  0  0  0  0  0  0  0\n   -0.2402   -6.4878    0.0000 C   0  0  0  0  0  0  0  0  0  0  0  0\n   -0.9633   -6.9018    0.0000 C   0  0  0  0  0  0  0  0  0  0  0  0\n    2.0137   -7.3330    0.0000 C   0  0  0  0  0  0  0  0  0  0  0  0\n    1.9875   -8.1628    0.0000 C   0  0  0  0  0  0  0  0  0  0  0  0\n    2.6925   -8.6006    0.0000 C   0  0  0  0  0  0  0  0  0  0  0  0\n    3.4242   -8.2056    0.0000 C   0  0  0  0  0  0  0  0  0  0  0  0\n    3.4465   -7.3724    0.0000 C   0  0  0  0  0  0  0  0  0  0  0  0\n    2.7407   -6.9426    0.0000 N   0  0  0  0  0  0  0  0  0  0  0  0\n   -0.1039   -5.4910    0.0000 O   0  0  0  0  0  0  0  0  0  0  0  0\n    2.0264   -5.6680    0.0000 C   0  0  0  0  0  0  0  0  0  0  0  0\n    2.7331   -6.0888    0.0000 C   0  0  0  0  0  0  0  0  0  0  0  0\n    3.4506   -5.6832    0.0000 C   0  0  0  0  0  0  0  0  0  0  0  0\n    3.4583   -4.8574    0.0000 C   0  0  0  0  0  0  0  0  0  0  0  0\n    2.7424   -4.4389    0.0000 C   0  0  0  0  0  0  0  0  0  0  0  0\n    2.0279   -4.8468    0.0000 C   0  0  0  0  0  0  0  0  0  0  0  0\n    4.1612   -6.1022    0.0000 Cl  0  0  0  0  0  0  0  0  0  0  0  0\n   -1.6700   -8.1522    0.0000 C   0  0  0  0  0  0  0  0  0  0  0  0\n   -2.4312   -7.8372    0.0000 N   0  0  0  0  0  0  0  0  0  0  0  0\n   -1.7405   -8.9794    0.0000 N   0  0  0  0  0  0  0  0  0  0  0  0\n   -2.5437   -9.1672    0.0000 C   0  0  0  0  0  0  0  0  0  0  0  0\n   -2.9664   -8.4608    0.0000 C   0  0  0  0  0  0  0  0  0  0  0  0\n   -3.7876   -8.4746    0.0000 C   0  0  0  0  0  0  0  0  0  0  0  0\n   -4.1871   -9.1941    0.0000 C   0  0  0  0  0  0  0  0  0  0  0  0\n   -3.7595   -9.9012    0.0000 C   0  0  0  0  0  0  0  0  0  0  0  0\n   -2.9397   -9.8839    0.0000 C   0  0  0  0  0  0  0  0  0  0  0  0\n    4.1757   -4.4502    0.0000 F   0  0  0  0  0  0  0  0  0  0  0  0\n   -4.1570  -10.6239    0.0000 Cl  0  0  0  0  0  0  0  0  0  0  0  0\n   -5.0120   -9.2093    0.0000 F   0  0  0  0  0  0  0  0  0  0  0  0\n  6  7  1  0\n  3 17  1  0\n  7  1  1  0\n 17 18  2  0\n  1  8  1  0\n 18 19  1  0\n  8  9  1  0\n 19 20  2  0\n 20 21  1  0\n  5  6  1  0\n 21 22  2  0\n 22 17  1  0\n 10 11  2  0\n 19 23  1  0\n  1  2  1  0\n  5 24  1  0\n 27 26  1  0\n 11 12  1  0\n 25 28  1  0\n  2  3  1  0\n 24 25  2  0\n 26 24  1  0\n 12 13  2  0\n  3  4  1  0\n 27 28  2  0\n 13 14  1  0\n 28 29  1  0\n  4  1  1  0\n 29 30  2  0\n 14 15  2  0\n 30 31  1  0\n 15 10  1  0\n 31 32  2  0\n 32 27  1  0\n  2 10  1  0\n 20 33  1  0\n  5  9  1  0\n 31 34  1  0\n  4 16  2  0\n 30 35  1  0\nM  END\n> <chembl_id>\nCHEMBL1210901\n\n> <chembl_pref_name>\nNone"", ""standard_inchi"": ""InChI=1S/C25H19Cl2F2N5O/c26-15-11-14(4-5-17(15)28)34-22(19-3-1-2-8-30-19)25(23(34)35)6-9-33(10-7-25)24-31-20-12-16(27)18(29)13-21(20)32-24/h1-5,8,11-13,22H,6-7,9-10H2,(H,31,32)"", ""standard_inchi_key"": ""XVBZNKYJEANPDR-UHFFFAOYSA-N""}","[]","[]","[]","0adfbfb6-3304-4e79-a3cb-cfaf3fa39d83","incremental","None","2025-12-22T18:37:09.734701+00:00"
"chembl:CHEMBL1222987","3724732b968f942870d78284ede55a87a4f2e0b35026a59e3b16fe379928b5d9","CHEMBL1222987",,"Small molecule","MOL",,,false,false,false,0,0,-1,-1,false,false,-1,0,"{""active_chembl_id"": ""CHEMBL1222987"", ""molecule_chembl_id"": ""CHEMBL1222987"", ""parent_chembl_id"": ""CHEMBL1222987""}","{""alogp"": ""4.37"", ""aromatic_rings"": 4, ""full_molformula"": ""C22H18N2O3S"", ""full_mwt"": ""390.46"", ""hba"": 5, ""hbd"": 0, ""heavy_atoms"": 28, ""mw_freebase"": ""390.46"", ""np_likeness_score"": ""-1.13"", ""num_ro5_violations"": 0, ""psa"": ""61.19"", ""qed_weighted"": ""0.46"", ""ro3_pass"": ""N"", ""rtb"": 6}","{""canonical_smiles"": ""O=S(=O)(Oc1ccc(Cn2ccnc2)cc1)c1ccc(-c2ccccc2)cc1"", ""molfile"": ""\n     RDKit          2D\n\n 28 31  0  0  0  0  0  0  0  0999 V2000\n    3.1736  -18.3375    0.0000 C   0  0  0  0  0  0  0  0  0  0  0  0\n    3.1724  -19.1648    0.0000 C   0  0  0  0  0  0  0  0  0  0  0  0\n    3.8872  -19.5777    0.0000 C   0  0  0  0  0  0  0  0  0  0  0  0\n    4.6037  -19.1644    0.0000 C   0  0  0  0  0  0  0  0  0  0  0  0\n    4.6008  -18.3338    0.0000 C   0  0  0  0  0  0  0  0  0  0  0  0\n    3.8854  -17.9247    0.0000 C   0  0  0  0  0  0  0  0  0  0  0  0\n    5.3137  -17.9186    0.0000 C   0  0  0  0  0  0  0  0  0  0  0  0\n    5.9826  -18.4014    0.0000 N   0  0  0  0  0  0  0  0  0  0  0  0\n    5.9850  -19.2255    0.0000 C   0  0  0  0  0  0  0  0  0  0  0  0\n    6.7705  -19.4777    0.0000 C   0  0  0  0  0  0  0  0  0  0  0  0\n    7.2532  -18.8087    0.0000 N   0  0  0  0  0  0  0  0  0  0  0  0\n    6.7661  -18.1429    0.0000 C   0  0  0  0  0  0  0  0  0  0  0  0\n    2.4576  -19.5768    0.0000 O   0  0  0  0  0  0  0  0  0  0  0  0\n    1.7435  -19.1637    0.0000 S   0  0  0  0  0  0  0  0  0  0  0  0\n    1.0287  -19.5756    0.0000 C   0  0  0  0  0  0  0  0  0  0  0  0\n    2.1500  -18.4458    0.0000 O   0  0  0  0  0  0  0  0  0  0  0  0\n    1.3250  -18.4458    0.0000 O   0  0  0  0  0  0  0  0  0  0  0  0\n    0.3153  -19.1604    0.0000 C   0  0  0  0  0  0  0  0  0  0  0  0\n   -0.3990  -19.5716    0.0000 C   0  0  0  0  0  0  0  0  0  0  0  0\n   -0.4001  -20.3975    0.0000 C   0  0  0  0  0  0  0  0  0  0  0  0\n    0.3191  -20.8104    0.0000 C   0  0  0  0  0  0  0  0  0  0  0  0\n    1.0304  -20.3968    0.0000 C   0  0  0  0  0  0  0  0  0  0  0  0\n   -1.1144  -20.8104    0.0000 C   0  0  0  0  0  0  0  0  0  0  0  0\n   -1.8257  -20.3943    0.0000 C   0  0  0  0  0  0  0  0  0  0  0  0\n   -2.5394  -20.8065    0.0000 C   0  0  0  0  0  0  0  0  0  0  0  0\n   -2.5394  -21.6324    0.0000 C   0  0  0  0  0  0  0  0  0  0  0  0\n   -1.8197  -22.0444    0.0000 C   0  0  0  0  0  0  0  0  0  0  0  0\n   -1.1089  -21.6298    0.0000 C   0  0  0  0  0  0  0  0  0  0  0  0\n  1  2  2  0\n 13 14  1  0\n  5  7  1  0\n 14 15  1  0\n  3  4  2  0\n 14 16  2  0\n  7  8  1  0\n 14 17  2  0\n 11 12  2  0\n 15 18  2  0\n 18 19  1  0\n  9 10  2  0\n 19 20  2  0\n  4  5  1  0\n 20 21  1  0\n  2  3  1  0\n 21 22  2  0\n 22 15  1  0\n  5  6  2  0\n 20 23  1  0\n  8  9  1  0\n 23 24  2  0\n 10 11  1  0\n 24 25  1  0\n 12  8  1  0\n 25 26  2  0\n  6  1  1  0\n 26 27  1  0\n  2 13  1  0\n 27 28  2  0\n 28 23  1  0\nM  END\n> <chembl_id>\nCHEMBL1222987\n\n> <chembl_pref_name>\nNone"", ""standard_inchi"": ""InChI=1S/C22H18N2O3S/c25-28(26,22-12-8-20(9-13-22)19-4-2-1-3-5-19)27-21-10-6-18(7-11-21)16-24-15-14-23-17-24/h1-15,17H,16H2"", ""standard_inchi_key"": ""LEERWRJVJRNYSA-UHFFFAOYSA-N""}","[]","[]","[]","0adfbfb6-3304-4e79-a3cb-cfaf3fa39d83","incremental","None","2025-12-22T18:37:09.734789+00:00"
"chembl:CHEMBL1230579","9c4f3db78cb78cc2cbc9e06b370cafa7c4046b0ea14282b94a93974ba6de1bc9","CHEMBL1230579",,"Small molecule","MOL",,,false,false,false,0,0,-1,-1,false,false,-1,0,"{""active_chembl_id"": ""CHEMBL1230579"", ""molecule_chembl_id"": ""CHEMBL1230579"", ""parent_chembl_id"": ""CHEMBL1230579""}","{""alogp"": ""-0.27"", ""aromatic_rings"": 0, ""full_molformula"": ""C3H10O6P2"", ""full_mwt"": ""204.06"", ""hba"": 2, ""hbd"": 4, ""heavy_atoms"": 11, ""mw_freebase"": ""204.06"", ""np_likeness_score"": ""0.46"", ""num_ro5_violations"": 0, ""psa"": ""115.06"", ""qed_weighted"": ""0.47"", ""ro3_pass"": ""N"", ""rtb"": 4}","{""canonical_smiles"": ""O=P(O)(O)CCCP(=O)(O)O"", ""molfile"": ""\n     RDKit          2D\n\n 11 10  0  0  0  0  0  0  0  0999 V2000\n   -1.9285   -1.9495    0.0000 O   0  0  0  0  0  0  0  0  0  0  0  0\n   -0.8015   -2.2514    0.0000 O   0  0  0  0  0  0  0  0  0  0  0  0\n    0.2149    0.1130    0.0000 C   0  0  0  0  0  0  0  0  0  0  0  0\n   -0.4995   -0.2995    0.0000 C   0  0  0  0  0  0  0  0  0  0  0  0\n    0.2149    0.9380    0.0000 P   0  0  0  0  0  0  0  0  0  0  0  0\n   -0.4995   -1.1245    0.0000 C   0  0  0  0  0  0  0  0  0  0  0  0\n   -1.2140   -1.5370    0.0000 P   0  0  0  0  0  0  0  0  0  0  0  0\n    0.2149    1.7630    0.0000 O   0  0  0  0  0  0  0  0  0  0  0  0\n    1.0399    0.9380    0.0000 O   0  0  0  0  0  0  0  0  0  0  0  0\n   -1.6265   -0.8225    0.0000 O   0  0  0  0  0  0  0  0  0  0  0  0\n   -0.6101    0.9380    0.0000 O   0  0  0  0  0  0  0  0  0  0  0  0\n  1  7  2  0\n  2  7  1  0\n  3  4  1  0\n  3  5  1  0\n  4  6  1  0\n  8  5  2  0\n  9  5  1  0\n 11  5  1  0\n  6  7  1  0\n 10  7  1  0\nM  END\n> <chembl_id>\nCHEMBL1230579\n\n> <chembl_pref_name>\nNone"", ""standard_inchi"": ""InChI=1S/C3H10O6P2/c4-10(5,6)2-1-3-11(7,8)9/h1-3H2,(H2,4,5,6)(H2,7,8,9)"", ""standard_inchi_key"": ""PUVMVPFLXCHEOY-UHFFFAOYSA-N""}","[]","[]","[]","0adfbfb6-3304-4e79-a3cb-cfaf3fa39d83","incremental","None","2025-12-22T18:37:09.734867+00:00"
"chembl:CHEMBL1237317","cadfd9906f099973f3597ab8ab16174d7aacbd09e70271778e137d55d965303b","CHEMBL1237317",,"Small molecule","MOL",,,false,false,false,0,0,-1,-1,false,false,-1,0,"{""active_chembl_id"": ""CHEMBL1237317"", ""molecule_chembl_id"": ""CHEMBL1237317"", ""parent_chembl_id"": ""CHEMBL1237317""}","{""alogp"": null, ""aromatic_rings"": null, ""full_molformula"": ""C52H48O8"", ""full_mwt"": ""800.95"", ""hba"": null, ""hbd"": null, ""heavy_atoms"": null, ""mw_freebase"": ""800.95"", ""np_likeness_score"": null, ""num_ro5_violations"": null, ""psa"": null, ""qed_weighted"": null, ""ro3_pass"": null, ""rtb"": null}","{""canonical_smiles"": ""COc1cc(/C=C\\Cc2ccccc2/C=C/C(=O)O)ccc1OCc1ccccc1.COc1cc(C/C=C/c2ccccc2/C=C/C(=O)O)ccc1OCc1ccccc1"", ""molfile"": ""\n     RDKit          2D\n\n 60 64  0  0  0  0  0  0  0  0999 V2000\n    8.7007   -0.9109    0.0000 C   0  0  0  0  0  0  0  0  0  0  0  0\n    9.4152   -1.3234    0.0000 O   0  0  0  0  0  0  0  0  0  0  0  0\n    9.4152   -2.1484    0.0000 C   0  0  0  0  0  0  0  0  0  0  0  0\n   10.1297   -2.5609    0.0000 C   0  0  0  0  0  0  0  0  0  0  0  0\n   10.1297   -3.3859    0.0000 C   0  0  0  0  0  0  0  0  0  0  0  0\n   10.8441   -3.7984    0.0000 C   0  0  0  0  0  0  0  0  0  0  0  0\n   10.8441   -4.6234    0.0000 C   0  0  0  0  0  0  0  0  0  0  0  0\n   10.1297   -5.0359    0.0000 C   0  0  0  0  0  0  0  0  0  0  0  0\n   10.1297   -5.8609    0.0000 C   0  0  0  0  0  0  0  0  0  0  0  0\n   10.8441   -6.2734    0.0000 C   0  0  0  0  0  0  0  0  0  0  0  0\n   10.8441   -7.0984    0.0000 C   0  0  0  0  0  0  0  0  0  0  0  0\n   10.1297   -7.5109    0.0000 C   0  0  0  0  0  0  0  0  0  0  0  0\n    9.4152   -7.0984    0.0000 C   0  0  0  0  0  0  0  0  0  0  0  0\n    9.4152   -6.2734    0.0000 C   0  0  0  0  0  0  0  0  0  0  0  0\n    8.7007   -5.8609    0.0000 C   0  0  0  0  0  0  0  0  0  0  0  0\n    8.7007   -5.0359    0.0000 C   0  0  0  0  0  0  0  0  0  0  0  0\n    7.9863   -4.6234    0.0000 C   0  0  0  0  0  0  0  0  0  0  0  0\n    7.9863   -3.7984    0.0000 O   0  0  0  0  0  0  0  0  0  0  0  0\n    7.2718   -5.0359    0.0000 O   0  0  0  0  0  0  0  0  0  0  0  0\n    9.4152   -3.7984    0.0000 C   0  0  0  0  0  0  0  0  0  0  0  0\n    8.7007   -3.3859    0.0000 C   0  0  0  0  0  0  0  0  0  0  0  0\n    8.7007   -2.5609    0.0000 C   0  0  0  0  0  0  0  0  0  0  0  0\n    7.9863   -2.1484    0.0000 O   0  0  0  0  0  0  0  0  0  0  0  0\n    7.2718   -2.5609    0.0000 C   0  0  0  0  0  0  0  0  0  0  0  0\n    6.5573   -2.1484    0.0000 C   0  0  0  0  0  0  0  0  0  0  0  0\n    5.8428   -2.5609    0.0000 C   0  0  0  0  0  0  0  0  0  0  0  0\n    5.1284   -2.1484    0.0000 C   0  0  0  0  0  0  0  0  0  0  0  0\n    5.1284   -1.3234    0.0000 C   0  0  0  0  0  0  0  0  0  0  0  0\n    5.8428   -0.9109    0.0000 C   0  0  0  0  0  0  0  0  0  0  0  0\n    6.5573   -1.3234    0.0000 C   0  0  0  0  0  0  0  0  0  0  0  0\n    0.7145   -1.2375    0.0000 C   0  0  0  0  0  0  0  0  0  0  0  0\n    1.4289   -1.6500    0.0000 O   0  0  0  0  0  0  0  0  0  0  0  0\n    1.4289   -2.4750    0.0000 C   0  0  0  0  0  0  0  0  0  0  0  0\n    2.1434   -2.8875    0.0000 C   0  0  0  0  0  0  0  0  0  0  0  0\n    2.1434   -3.7125    0.0000 C   0  0  0  0  0  0  0  0  0  0  0  0\n    2.8579   -4.1250    0.0000 C   0  0  0  0  0  0  0  0  0  0  0  0\n    2.8579   -4.9500    0.0000 C   0  0  0  0  0  0  0  0  0  0  0  0\n    2.1434   -5.3625    0.0000 C   0  0  0  0  0  0  0  0  0  0  0  0\n    2.1434   -6.1875    0.0000 C   0  0  0  0  0  0  0  0  0  0  0  0\n    2.8579   -6.6000    0.0000 C   0  0  0  0  0  0  0  0  0  0  0  0\n    2.8579   -7.4250    0.0000 C   0  0  0  0  0  0  0  0  0  0  0  0\n    2.1434   -7.8375    0.0000 C   0  0  0  0  0  0  0  0  0  0  0  0\n    1.4289   -7.4250    0.0000 C   0  0  0  0  0  0  0  0  0  0  0  0\n    1.4289   -6.6000    0.0000 C   0  0  0  0  0  0  0  0  0  0  0  0\n    0.7145   -6.1875    0.0000 C   0  0  0  0  0  0  0  0  0  0  0  0\n    0.7145   -5.3625    0.0000 C   0  0  0  0  0  0  0  0  0  0  0  0\n    0.0000   -4.9500    0.0000 C   0  0  0  0  0  0  0  0  0  0  0  0\n    0.0000   -4.1250    0.0000 O   0  0  0  0  0  0  0  0  0  0  0  0\n   -0.7145   -5.3625    0.0000 O   0  0  0  0  0  0  0  0  0  0  0  0\n    1.4289   -4.1250    0.0000 C   0  0  0  0  0  0  0  0  0  0  0  0\n    0.7145   -3.7125    0.0000 C   0  0  0  0  0  0  0  0  0  0  0  0\n    0.7145   -2.8875    0.0000 C   0  0  0  0  0  0  0  0  0  0  0  0\n    0.0000   -2.4750    0.0000 O   0  0  0  0  0  0  0  0  0  0  0  0\n   -0.7145   -2.8875    0.0000 C   0  0  0  0  0  0  0  0  0  0  0  0\n   -1.4289   -2.4750    0.0000 C   0  0  0  0  0  0  0  0  0  0  0  0\n   -2.1434   -2.8875    0.0000 C   0  0  0  0  0  0  0  0  0  0  0  0\n   -2.8579   -2.4750    0.0000 C   0  0  0  0  0  0  0  0  0  0  0  0\n   -2.8579   -1.6500    0.0000 C   0  0  0  0  0  0  0  0  0  0  0  0\n   -2.1434   -1.2375    0.0000 C   0  0  0  0  0  0  0  0  0  0  0  0\n   -1.4289   -1.6500    0.0000 C   0  0  0  0  0  0  0  0  0  0  0  0\n  1  2  1  0\n  2  3  1  0\n  3  4  2  0\n  4  5  1  0\n  5  6  1  0\n  6  7  2  0\n  7  8  1  0\n  8  9  1  0\n  9 10  2  0\n 10 11  1  0\n 11 12  2  0\n 12 13  1  0\n 13 14  2  0\n  9 14  1  0\n 14 15  1  0\n 15 16  2  0\n 16 17  1  0\n 17 18  2  0\n 17 19  1  0\n  5 20  2  0\n 20 21  1  0\n 21 22  2  0\n  3 22  1  0\n 22 23  1  0\n 23 24  1  0\n 24 25  1  0\n 25 26  2  0\n 26 27  1  0\n 27 28  2  0\n 28 29  1  0\n 29 30  2  0\n 25 30  1  0\n 31 32  1  0\n 32 33  1  0\n 33 34  2  0\n 34 35  1  0\n 35 36  1  0\n 36 37  1  0\n 37 38  2  0\n 38 39  1  0\n 39 40  2  0\n 40 41  1  0\n 41 42  2  0\n 42 43  1  0\n 43 44  2  0\n 39 44  1  0\n 44 45  1  0\n 45 46  2  0\n 46 47  1  0\n 47 48  2  0\n 47 49  1  0\n 35 50  2  0\n 50 51  1  0\n 51 52  2  0\n 33 52  1  0\n 52 53  1  0\n 53 54  1  0\n 54 55  1  0\n 55 56  2  0\n 56 57  1  0\n 57 58  2  0\n 58 59  1  0\n 59 60  2  0\n 55 60  1  0\nM  END\n> <chembl_id>\nCHEMBL1237317\n\n> <chembl_pref_name>\nNone"", ""standard_inchi"": ""InChI=1S/2C26H24O4/c2*1-29-25-18-20(14-16-24(25)30-19-21-8-3-2-4-9-21)10-7-13-22-11-5-6-12-23(22)15-17-26(27)28/h2-9,11-18H,10,19H2,1H3,(H,27,28);2-12,14-18H,13,19H2,1H3,(H,27,28)/b13-7+,17-15+;10-7-,17-15+"", ""standard_inchi_key"": ""XQGPFUQABWAMAT-PSDOXWGBSA-N""}","[]","[]","[]","0adfbfb6-3304-4e79-a3cb-cfaf3fa39d83","incremental","None","2025-12-22T18:37:09.734975+00:00"
"chembl:CHEMBL1242564","2afc535877c1f54b85d151f8570060d85db149ae77d79f45aa5a7a2603a8924c","CHEMBL1242564","PLA D","Small molecule","MOL",,,false,false,false,0,0,-1,-1,false,false,-1,0,"{""active_chembl_id"": ""CHEMBL1242564"", ""molecule_chembl_id"": ""CHEMBL1242564"", ""parent_chembl_id"": ""CHEMBL1242564""}","{""alogp"": ""3.36"", ""aromatic_rings"": 0, ""full_molformula"": ""C30H50O9"", ""full_mwt"": ""554.72"", ""hba"": 9, ""hbd"": 4, ""heavy_atoms"": 39, ""mw_freebase"": ""554.72"", ""np_likeness_score"": ""2.50"", ""num_ro5_violations"": 1, ""psa"": ""146.05"", ""qed_weighted"": ""0.19"", ""ro3_pass"": ""N"", ""rtb"": 9}","{""canonical_smiles"": ""CC[C@H](O)[C@@H](C)[C@H]1O[C@@H]1C[C@@](C)(O)/C=C/C=C(\\C)[C@H]1OC(=O)C[C@H](O)CC[C@@](C)(O)[C@@H](OC(C)=O)CC[C@@H]1C"", ""molfile"": ""\n     RDKit          2D\n\n 41 42  0  0  0  0  0  0  0  0999 V2000\n   13.6948  -22.7997    0.0000 C   0  0  0  0  0  0  0  0  0  0  0  0\n   13.6855  -21.9730    0.0000 C   0  0  0  0  0  0  0  0  0  0  0  0\n   12.9875  -23.2247    0.0000 C   0  0  0  0  0  0  0  0  0  0  0  0\n   12.2707  -22.8146    0.0000 C   0  0  0  0  0  0  0  0  0  0  0  0\n   10.8358  -21.9980    0.0000 C   0  0  0  0  0  0  0  0  0  0  0  0\n   10.8440  -22.8247    0.0000 C   0  0  0  0  0  0  0  0  0  0  0  0\n   11.5586  -23.2365    0.0000 O   0  0  0  0  0  0  0  0  0  0  0  0\n   12.9718  -21.5765    0.0000 C   0  0  0  0  0  0  0  0  0  0  0  0\n   12.9654  -20.7634    0.0000 C   0  0  0  0  0  0  0  0  0  0  0  0\n   12.2563  -20.3565    0.0000 C   0  0  0  0  0  0  0  0  0  0  0  0\n   11.5511  -20.7679    0.0000 C   0  0  0  0  0  0  0  0  0  0  0  0\n   11.5549  -21.5904    0.0000 C   0  0  0  0  0  0  0  0  0  0  0  0\n   12.2605  -21.9879    0.0000 O   0  0  0  0  0  0  0  0  0  0  0  0\n   10.1209  -21.5886    0.0000 C   0  0  0  0  0  0  0  0  0  0  0  0\n   13.6762  -21.1738    0.0000 C   0  0  0  0  0  0  0  0  0  0  0  0\n   12.2515  -19.5298    0.0000 O   0  0  0  0  0  0  0  0  0  0  0  0\n   10.1296  -23.2420    0.0000 C   0  0  0  0  0  0  0  0  0  0  0  0\n    9.4123  -22.8326    0.0000 C   0  0  0  0  0  0  0  0  0  0  0  0\n   10.1324  -24.0646    0.0000 C   0  0  0  0  0  0  0  0  0  0  0  0\n    8.6979  -23.2498    0.0000 C   0  0  0  0  0  0  0  0  0  0  0  0\n    7.9849  -22.8404    0.0000 C   0  0  0  0  0  0  0  0  0  0  0  0\n    7.2703  -23.2577    0.0000 C   0  0  0  0  0  0  0  0  0  0  0  0\n    6.5531  -22.8483    0.0000 C   0  0  0  0  0  0  0  0  0  0  0  0\n    5.8428  -23.2656    0.0000 C   0  0  0  0  0  0  0  0  0  0  0  0\n    5.1256  -22.8562    0.0000 C   0  0  0  0  0  0  0  0  0  0  0  0\n    4.4112  -23.2735    0.0000 C   0  0  0  0  0  0  0  0  0  0  0  0\n    3.6939  -22.8641    0.0000 C   0  0  0  0  0  0  0  0  0  0  0  0\n    4.4181  -24.1002    0.0000 C   0  0  0  0  0  0  0  0  0  0  0  0\n    2.9837  -23.2813    0.0000 C   0  0  0  0  0  0  0  0  0  0  0  0\n    2.2735  -22.8719    0.0000 C   0  0  0  0  0  0  0  0  0  0  0  0\n    5.8343  -22.4372    0.0000 O   0  0  0  0  0  0  0  0  0  0  0  0\n    5.8428  -24.0882    0.0000 H   0  0  0  0  0  0  0  0  0  0  0  0\n    5.1256  -22.0294    0.0000 H   0  0  0  0  0  0  0  0  0  0  0  0\n   11.5368  -19.1226    0.0000 C   0  0  0  0  0  0  0  0  0  0  0  0\n   11.5321  -18.3000    0.0000 C   0  0  0  0  0  0  0  0  0  0  0  0\n   10.8268  -19.5380    0.0000 O   0  0  0  0  0  0  0  0  0  0  0  0\n    6.8665  -23.9456    0.0000 C   0  0  0  0  0  0  0  0  0  0  0  0\n    7.8503  -23.8388    0.0000 O   0  0  0  0  0  0  0  0  0  0  0  0\n   14.4129  -23.2002    0.0000 O   0  0  0  0  0  0  0  0  0  0  0  0\n   12.9575  -19.9367    0.0000 O   0  0  0  0  0  0  0  0  0  0  0  0\n    3.6911  -22.0373    0.0000 O   0  0  0  0  0  0  0  0  0  0  0  0\n  6  7  1  0\n  8  9  1  0\n  9 10  1  0\n 10 11  1  0\n 11 12  1  0\n  4 13  2  0\n  5 14  1  1\n  9 15  1  1\n 10 16  1  6\n  6 17  1  6\n 17 18  2  0\n 17 19  1  0\n 18 20  1  0\n 20 21  2  0\n 21 22  1  0\n 22 23  1  0\n 23 24  1  0\n 24 25  1  0\n 25 26  1  0\n 26 27  1  0\n 26 28  1  6\n 27 29  1  0\n 29 30  1  0\n 25 31  1  0\n 24 31  1  0\n 24 32  1  1\n 25 33  1  6\n 16 34  1  0\n  1  2  1  0\n 34 35  1  0\n  1  3  1  0\n 34 36  2  0\n  2  8  1  0\n 22 37  1  1\n  4  3  1  0\n 22 38  1  0\n  4  7  1  0\n 12  5  1  0\n  5  6  1  0\n  9 40  1  0\n  1 39  1  1\n 27 41  1  6\nM  END\n> <chembl_id>\nCHEMBL1242564\n\n> <chembl_pref_name>\nPLA D"", ""standard_inchi"": ""InChI=1S/C30H50O9/c1-8-23(33)20(4)28-24(38-28)17-29(6,35)14-9-10-18(2)27-19(3)11-12-25(37-21(5)31)30(7,36)15-13-22(32)16-26(34)39-27/h9-10,14,19-20,22-25,27-28,32-33,35-36H,8,11-13,15-17H2,1-7H3/b14-9+,18-10+/t19-,20+,22+,23-,24+,25-,27+,28+,29-,30+/m0/s1"", ""standard_inchi_key"": ""XNQFVAOONHSTGY-ZRQGREGYSA-N""}","[]","[]","[]","0adfbfb6-3304-4e79-a3cb-cfaf3fa39d83","incremental","None","2025-12-22T18:37:09.735075+00:00"
"chembl:CHEMBL1672104","7cb083d8ce7a6e3a98cfb5c697fd2fb6cecf74e645d8476d4222754e27604fe5","CHEMBL1672104",,"Small molecule","MOL",,,false,false,false,0,0,-1,-1,false,false,-1,0,"{""active_chembl_id"": ""CHEMBL1741102"", ""molecule_chembl_id"": ""CHEMBL1672104"", ""parent_chembl_id"": ""CHEMBL1741102""}","{""alogp"": ""3.52"", ""aromatic_rings"": 4, ""full_molformula"": ""C23H12Cl2N6Na2O8S2"", ""full_mwt"": ""681.40"", ""hba"": 12, ""hbd"": 5, ""heavy_atoms"": 41, ""mw_freebase"": ""637.44"", ""np_likeness_score"": ""-0.52"", ""num_ro5_violations"": 2, ""psa"": ""231.63"", ""qed_weighted"": ""0.13"", ""ro3_pass"": ""N"", ""rtb"": 6}","{""canonical_smiles"": ""Nc1c(S(=O)(=O)[O-])cc(Nc2ccc(S(=O)(=O)[O-])c(Nc3nc(Cl)nc(Cl)n3)c2)c2c1C(=O)c1ccccc1C2=O.[Na+].[Na+]"", ""molfile"": ""\n     RDKit          2D\n\n 43 45  0  0  0  0  0  0  0  0999 V2000\n   20.1126   -3.7551    0.0000 Na  0  0  0  0  0 15  0  0  0  0  0  0\n   12.6983    0.9329    0.0000 C   0  0  0  0  0  0  0  0  0  0  0  0\n   12.6972    0.1066    0.0000 C   0  0  0  0  0  0  0  0  0  0  0  0\n   13.4107   -0.3057    0.0000 C   0  0  0  0  0  0  0  0  0  0  0  0\n   13.4090    1.3453    0.0000 C   0  0  0  0  0  0  0  0  0  0  0  0\n   14.1231    0.9364    0.0000 C   0  0  0  0  0  0  0  0  0  0  0  0\n   14.1264    0.1046    0.0000 C   0  0  0  0  0  0  0  0  0  0  0  0\n   14.8444   -0.3063    0.0000 C   0  0  0  0  0  0  0  0  0  0  0  0\n   14.8378    1.3573    0.0000 C   0  0  0  0  0  0  0  0  0  0  0  0\n   15.5605    0.9419    0.0000 C   0  0  0  0  0  0  0  0  0  0  0  0\n   15.5620    0.1106    0.0000 C   0  0  0  0  0  0  0  0  0  0  0  0\n   16.2816   -0.3020    0.0000 C   0  0  0  0  0  0  0  0  0  0  0  0\n   17.0001    0.1157    0.0000 C   0  0  0  0  0  0  0  0  0  0  0  0\n   16.9946    0.9502    0.0000 C   0  0  0  0  0  0  0  0  0  0  0  0\n   16.2744    1.3590    0.0000 C   0  0  0  0  0  0  0  0  0  0  0  0\n   14.8452    2.2126    0.0000 O   0  0  0  0  0  0  0  0  0  0  0  0\n   14.8470   -1.1303    0.0000 O   0  0  0  0  0  0  0  0  0  0  0  0\n   16.2693    2.1831    0.0000 N   0  0  0  0  0  0  0  0  0  0  0  0\n   16.2841   -1.1261    0.0000 N   0  0  0  0  0  0  0  0  0  0  0  0\n   17.7054    1.3672    0.0000 S   0  0  0  0  0  0  0  0  0  0  0  0\n   18.4219    0.9602    0.0000 O   0  0  0  0  0  0  0  0  0  0  0  0\n   17.2866    2.0835    0.0000 O   0  0  0  0  0  0  0  0  0  0  0  0\n   18.2817    1.9514    0.0000 O   0  0  0  0  0  0  0  0  0  0  0  0\n   16.9990   -1.5360    0.0000 C   0  0  0  0  0  0  0  0  0  0  0  0\n   16.9986   -2.3606    0.0000 C   0  0  0  0  0  0  0  0  0  0  0  0\n   17.7127   -2.7705    0.0000 C   0  0  0  0  0  0  0  0  0  0  0  0\n   18.4261   -2.3562    0.0000 C   0  0  0  0  0  0  0  0  0  0  0  0\n   18.4210   -1.5279    0.0000 C   0  0  0  0  0  0  0  0  0  0  0  0\n   17.7063   -1.1218    0.0000 C   0  0  0  0  0  0  0  0  0  0  0  0\n   17.7147   -3.5945    0.0000 N   0  0  0  0  0  0  0  0  0  0  0  0\n   17.0021   -4.0084    0.0000 C   0  0  0  0  0  0  0  0  0  0  0  0\n   19.1416   -2.7652    0.0000 S   0  0  0  0  0  0  0  0  0  0  0  0\n   19.1451   -3.5893    0.0000 O   0  0  0  0  0  0  0  0  0  0  0  0\n   19.7200   -2.1807    0.0000 O   0  0  0  0  0  0  0  0  0  0  0  0\n   19.9338   -2.9737    0.0000 O   0  0  0  0  0  0  0  0  0  0  0  0\n   16.2880   -3.5962    0.0000 N   0  0  0  0  0  0  0  0  0  0  0  0\n   15.5758   -4.0093    0.0000 C   0  0  0  0  0  0  0  0  0  0  0  0\n   15.5775   -4.8343    0.0000 N   0  0  0  0  0  0  0  0  0  0  0  0\n   16.2971   -5.2443    0.0000 C   0  0  0  0  0  0  0  0  0  0  0  0\n   17.0064   -4.8289    0.0000 N   0  0  0  0  0  0  0  0  0  0  0  0\n   14.8614   -3.5987    0.0000 Cl  0  0  0  0  0  0  0  0  0  0  0  0\n   16.3021   -6.0685    0.0000 Cl  0  0  0  0  0  0  0  0  0  0  0  0\n   19.2419    0.9912    0.0000 Na  0  0  0  0  0 15  0  0  0  0  0  0\n  8 11  1  0\n 20 21  1  0\n 10  9  1  0\n 20 22  2  0\n  4  7  2  0\n 20 23  2  0\n 19 24  1  0\n 10 11  2  0\n 24 25  2  0\n  6  5  2  0\n 25 26  1  0\n 11 12  1  0\n 26 27  2  0\n  5  2  1  0\n 27 28  1  0\n 12 13  2  0\n 28 29  2  0\n 29 24  1  0\n  6  7  1  0\n 26 30  1  0\n 13 14  1  0\n 30 31  1  0\n 27 32  1  0\n 14 15  2  0\n 32 33  1  0\n 15 10  1  0\n 32 34  2  0\n  2  3  2  0\n 32 35  2  0\n  9 16  2  0\n 31 36  2  0\n 36 37  1  0\n  8 17  2  0\n 37 38  2  0\n  3  4  1  0\n 38 39  1  0\n 15 18  1  0\n 39 40  2  0\n 40 31  1  0\n  6  9  1  0\n 37 41  1  0\n 12 19  1  0\n 39 42  1  0\n  7  8  1  0\n 14 20  1  0\nM  CHG  4   1   1  21  -1  33  -1  43   1\nM  END\n> <chembl_id>\nCHEMBL1672104\n\n> <chembl_pref_name>\nNone"", ""standard_inchi"": ""InChI=1S/C23H14Cl2N6O8S2.2Na/c24-21-29-22(25)31-23(30-21)28-12-7-9(5-6-14(12)40(34,35)36)27-13-8-15(41(37,38)39)18(26)17-16(13)19(32)10-3-1-2-4-11(10)20(17)33;;/h1-8,27H,26H2,(H,34,35,36)(H,37,38,39)(H,28,29,30,31);;/q;2*+1/p-2"", ""standard_inchi_key"": ""DHHMYWVFMSHEIP-UHFFFAOYSA-L""}","[]","[]","[]","0adfbfb6-3304-4e79-a3cb-cfaf3fa39d83","incremental","None","2025-12-22T18:37:09.735176+00:00"
"chembl:CHEMBL1672576","bf560de4805c4c84199817a0d83de2a07fa4626a8a0d945c0bb893d8975a6701","CHEMBL1672576",,"Small molecule","MOL",,,false,false,false,0,0,-1,-1,false,false,-1,0,"{""active_chembl_id"": ""CHEMBL1672576"", ""molecule_chembl_id"": ""CHEMBL1672576"", ""parent_chembl_id"": ""CHEMBL1672576""}","{""alogp"": ""3.81"", ""aromatic_rings"": 3, ""full_molformula"": ""C16H11F3IN3O2S"", ""full_mwt"": ""493.25"", ""hba"": 4, ""hbd"": 1, ""heavy_atoms"": 26, ""mw_freebase"": ""493.25"", ""np_likeness_score"": ""-1.83"", ""num_ro5_violations"": 0, ""psa"": ""77.98"", ""qed_weighted"": ""0.56"", ""ro3_pass"": ""N"", ""rtb"": 3}","{""canonical_smiles"": ""NS(=O)(=O)c1ccc(-n2nc(C(F)(F)F)cc2-c2cccc(I)c2)cc1"", ""molfile"": ""\n     RDKit          2D\n\n 26 28  0  0  0  0  0  0  0  0999 V2000\n   -3.5034   -0.0583    0.0000 C   0  0  0  0  0  0  0  0  0  0  0  0\n   -3.5046   -0.8851    0.0000 C   0  0  0  0  0  0  0  0  0  0  0  0\n   -2.7901   -1.2977    0.0000 C   0  0  0  0  0  0  0  0  0  0  0  0\n   -2.0742   -0.8846    0.0000 C   0  0  0  0  0  0  0  0  0  0  0  0\n   -2.0771   -0.0547    0.0000 C   0  0  0  0  0  0  0  0  0  0  0  0\n   -2.7919    0.3543    0.0000 C   0  0  0  0  0  0  0  0  0  0  0  0\n   -1.3643    0.3605    0.0000 N   0  0  0  0  0  0  0  0  0  0  0  0\n   -0.5687    0.1473    0.0000 N   0  0  0  0  0  0  0  0  0  0  0  0\n   -0.1169    0.8381    0.0000 C   0  0  0  0  0  0  0  0  0  0  0  0\n   -0.6356    1.4805    0.0000 C   0  0  0  0  0  0  0  0  0  0  0  0\n   -1.4060    1.1847    0.0000 C   0  0  0  0  0  0  0  0  0  0  0  0\n   -2.1252    1.5803    0.0000 C   0  0  0  0  0  0  0  0  0  0  0  0\n   -2.1402    2.4058    0.0000 C   0  0  0  0  0  0  0  0  0  0  0  0\n   -2.8616    2.8036    0.0000 C   0  0  0  0  0  0  0  0  0  0  0  0\n   -3.5681    2.3772    0.0000 C   0  0  0  0  0  0  0  0  0  0  0  0\n   -3.5491    1.5486    0.0000 C   0  0  0  0  0  0  0  0  0  0  0  0\n   -2.8272    1.1545    0.0000 C   0  0  0  0  0  0  0  0  0  0  0  0\n   -2.8776    3.6279    0.0000 I   0  0  0  0  0  0  0  0  0  0  0  0\n    0.7066    0.8792    0.0000 C   0  0  0  0  0  0  0  0  0  0  0  0\n    1.1539    0.1867    0.0000 F   0  0  0  0  0  0  0  0  0  0  0  0\n    1.0826    1.6129    0.0000 F   0  0  0  0  0  0  0  0  0  0  0  0\n    1.5282    0.8827    0.0000 F   0  0  0  0  0  0  0  0  0  0  0  0\n   -4.2189   -1.2968    0.0000 S   0  0  0  0  0  0  0  0  0  0  0  0\n   -4.9326   -0.8839    0.0000 N   0  0  0  0  0  0  0  0  0  0  0  0\n   -4.6388   -2.0070    0.0000 O   0  0  0  0  0  0  0  0  0  0  0  0\n   -3.8143   -2.0070    0.0000 O   0  0  0  0  0  0  0  0  0  0  0  0\n 12 13  2  0\n  1  2  2  0\n 13 14  1  0\n  5  7  1  0\n 14 15  2  0\n  8  9  2  0\n 15 16  1  0\n  3  4  2  0\n 16 17  2  0\n 17 12  1  0\n 11 12  1  0\n 14 18  1  0\n  4  5  1  0\n  9 19  1  0\n  2  3  1  0\n 19 20  1  0\n  7  8  1  0\n 19 21  1  0\n  9 10  1  0\n 19 22  1  0\n 10 11  2  0\n  2 23  1  0\n 11  7  1  0\n 23 24  1  0\n  5  6  2  0\n 23 25  2  0\n  6  1  1  0\n 23 26  2  0\nM  END\n> <chembl_id>\nCHEMBL1672576\n\n> <chembl_pref_name>\nNone"", ""standard_inchi"": ""InChI=1S/C16H11F3IN3O2S/c17-16(18,19)15-9-14(10-2-1-3-11(20)8-10)23(22-15)12-4-6-13(7-5-12)26(21,24)25/h1-9H,(H2,21,24,25)"", ""standard_inchi_key"": ""AJGSEJWZBVVWIB-UHFFFAOYSA-N""}","[]","[]","[]","0adfbfb6-3304-4e79-a3cb-cfaf3fa39d83","incremental","None","2025-12-22T18:37:09.735262+00:00"
"chembl:CHEMBL175862","4dba8a92c65521dee1e9fc48132229495bb7d49e284f61cbf07b8ca1877a1619","CHEMBL175862",,"Small molecule","MOL",,,false,false,false,0,0,-1,-1,false,false,-1,0,"{""active_chembl_id"": ""CHEMBL175862"", ""molecule_chembl_id"": ""CHEMBL175862"", ""parent_chembl_id"": ""CHEMBL175862""}","{""alogp"": ""4.28"", ""aromatic_rings"": 4, ""full_molformula"": ""C19H18N6OS"", ""full_mwt"": ""378.46"", ""hba"": 8, ""hbd"": 3, ""heavy_atoms"": 27, ""mw_freebase"": ""378.46"", ""np_likeness_score"": ""-1.52"", ""num_ro5_violations"": 0, ""psa"": ""95.85"", ""qed_weighted"": ""0.48"", ""ro3_pass"": ""N"", ""rtb"": 5}","{""canonical_smiles"": ""CC(C)(Nc1nc(O)nc(Nc2ccc3ncsc3c2)n1)c1ccccc1"", ""molfile"": ""\n     RDKit          2D\n\n 27 30  0  0  0  0  0  0  0  0999 V2000\n    0.2417   -1.1250    0.0000 C   0  0  0  0  0  0  0  0  0  0  0  0\n   -0.4708    0.1083    0.0000 C   0  0  0  0  0  0  0  0  0  0  0  0\n    0.2417   -0.3000    0.0000 N   0  0  0  0  0  0  0  0  0  0  0  0\n   -0.4708   -1.5375    0.0000 N   0  0  0  0  0  0  0  0  0  0  0  0\n   -1.1833   -0.3000    0.0000 N   0  0  0  0  0  0  0  0  0  0  0  0\n   -1.1833   -1.1250    0.0000 C   0  0  0  0  0  0  0  0  0  0  0  0\n    0.9542   -1.5292    0.0000 N   0  0  0  0  0  0  0  0  0  0  0  0\n   -3.2250    2.7208    0.0000 N   0  0  0  0  0  0  0  0  0  0  0  0\n    1.6667   -1.1167    0.0000 C   0  0  0  0  0  0  0  0  0  0  0  0\n   -1.9083    2.5958    0.0000 C   0  0  0  0  0  0  0  0  0  0  0  0\n   -2.8958    3.4833    0.0000 C   0  0  0  0  0  0  0  0  0  0  0  0\n   -2.0833    3.3958    0.0000 S   0  0  0  0  0  0  0  0  0  0  0  0\n   -0.4625    0.9375    0.0000 N   0  0  0  0  0  0  0  0  0  0  0  0\n   -2.6125    2.1750    0.0000 C   0  0  0  0  0  0  0  0  0  0  0  0\n   -1.1833    2.1833    0.0000 C   0  0  0  0  0  0  0  0  0  0  0  0\n   -1.1833    1.3583    0.0000 C   0  0  0  0  0  0  0  0  0  0  0  0\n    2.3792   -1.5292    0.0000 C   0  0  0  0  0  0  0  0  0  0  0  0\n   -2.6125    1.3583    0.0000 C   0  0  0  0  0  0  0  0  0  0  0  0\n   -1.8958   -1.5292    0.0000 O   0  0  0  0  0  0  0  0  0  0  0  0\n   -1.9083    0.9458    0.0000 C   0  0  0  0  0  0  0  0  0  0  0  0\n    1.2500   -0.4042    0.0000 C   0  0  0  0  0  0  0  0  0  0  0  0\n    2.2500   -0.5292    0.0000 C   0  0  0  0  0  0  0  0  0  0  0  0\n    2.3792   -2.3542    0.0000 C   0  0  0  0  0  0  0  0  0  0  0  0\n    3.0917   -1.1167    0.0000 C   0  0  0  0  0  0  0  0  0  0  0  0\n    3.0917   -2.7667    0.0000 C   0  0  0  0  0  0  0  0  0  0  0  0\n    3.8042   -1.5292    0.0000 C   0  0  0  0  0  0  0  0  0  0  0  0\n    3.8125   -2.3542    0.0000 C   0  0  0  0  0  0  0  0  0  0  0  0\n  2  3  1  0\n  3  1  2  0\n  4  1  1  0\n  5  6  1  0\n  6  4  2  0\n  7  1  1  0\n  8 14  1  0\n  9  7  1  0\n 10 15  1  0\n 11 12  1  0\n 12 10  1  0\n 13  2  1  0\n 14 18  1  0\n 15 16  2  0\n 16 13  1  0\n 17  9  1  0\n 18 20  2  0\n 19  6  1  0\n 20 16  1  0\n 21  9  1  0\n 22  9  1  0\n 23 17  2  0\n 24 17  1  0\n 25 23  1  0\n 26 24  2  0\n 27 26  1  0\n  5  2  2  0\n 27 25  2  0\n 14 10  2  0\n 11  8  2  0\nM  END\n> <chembl_id>\nCHEMBL175862\n\n> <chembl_pref_name>\nNone"", ""standard_inchi"": ""InChI=1S/C19H18N6OS/c1-19(2,12-6-4-3-5-7-12)25-17-22-16(23-18(26)24-17)21-13-8-9-14-15(10-13)27-11-20-14/h3-11H,1-2H3,(H3,21,22,23,24,25,26)"", ""standard_inchi_key"": ""BJNCGWGKNWXUIL-UHFFFAOYSA-N""}","[]","[]","[]","0adfbfb6-3304-4e79-a3cb-cfaf3fa39d83","incremental","None","2025-12-22T18:37:09.732063+00:00"
"chembl:CHEMBL1760162","5d874752265207057bdcad4fdbcdb6934e1858b805577a3666c05c70bec9efa8","CHEMBL1760162",,"Small molecule","MOL",,,false,false,false,0,0,-1,-1,false,false,-1,0,"{""active_chembl_id"": ""CHEMBL1760162"", ""molecule_chembl_id"": ""CHEMBL1760162"", ""parent_chembl_id"": ""CHEMBL1760162""}","{""alogp"": ""2.72"", ""aromatic_rings"": 5, ""full_molformula"": ""C18H15N9"", ""full_mwt"": ""357.38"", ""hba"": 8, ""hbd"": 3, ""heavy_atoms"": 27, ""mw_freebase"": ""357.38"", ""np_likeness_score"": ""-1.22"", ""num_ro5_violations"": 0, ""psa"": ""123.22"", ""qed_weighted"": ""0.45"", ""ro3_pass"": ""N"", ""rtb"": 3}","{""canonical_smiles"": ""Cc1nc(N)nc(-n2c(Nc3n[nH]c4ccccc34)nc3ccccc32)n1"", ""molfile"": ""\n     RDKit          2D\n\n 27 31  0  0  0  0  0  0  0  0999 V2000\n   -2.3569  -14.4741    0.0000 C   0  0  0  0  0  0  0  0  0  0  0  0\n   -1.6420  -14.8869    0.0000 C   0  0  0  0  0  0  0  0  0  0  0  0\n   -0.9256  -14.4736    0.0000 C   0  0  0  0  0  0  0  0  0  0  0  0\n   -0.9285  -13.6431    0.0000 C   0  0  0  0  0  0  0  0  0  0  0  0\n   -2.3557  -13.6467    0.0000 C   0  0  0  0  0  0  0  0  0  0  0  0\n   -1.6480  -13.2314    0.0000 C   0  0  0  0  0  0  0  0  0  0  0  0\n   -1.8241  -12.4300    0.0000 N   0  0  0  0  0  0  0  0  0  0  0  0\n   -2.6409  -12.3498    0.0000 C   0  0  0  0  0  0  0  0  0  0  0  0\n   -2.9693  -13.1018    0.0000 N   0  0  0  0  0  0  0  0  0  0  0  0\n   -3.0584  -11.6382    0.0000 N   0  0  0  0  0  0  0  0  0  0  0  0\n   -3.7945  -13.0884    0.0000 C   0  0  0  0  0  0  0  0  0  0  0  0\n   -4.1916  -12.3675    0.0000 N   0  0  0  0  0  0  0  0  0  0  0  0\n   -5.0157  -12.3535    0.0000 C   0  0  0  0  0  0  0  0  0  0  0  0\n   -5.4409  -13.0615    0.0000 N   0  0  0  0  0  0  0  0  0  0  0  0\n   -5.0360  -13.7853    0.0000 C   0  0  0  0  0  0  0  0  0  0  0  0\n   -4.2131  -13.7958    0.0000 N   0  0  0  0  0  0  0  0  0  0  0  0\n   -5.4159  -11.6319    0.0000 C   0  0  0  0  0  0  0  0  0  0  0  0\n   -5.4578  -14.4943    0.0000 N   0  0  0  0  0  0  0  0  0  0  0  0\n   -2.6509  -10.9208    0.0000 C   0  0  0  0  0  0  0  0  0  0  0  0\n   -2.3823   -9.6092    0.0000 N   0  0  0  0  0  0  0  0  0  0  0  0\n   -2.9914  -10.1656    0.0000 N   0  0  0  0  0  0  0  0  0  0  0  0\n   -1.6648  -10.0167    0.0000 C   0  0  0  0  0  0  0  0  0  0  0  0\n   -1.8316  -10.8236    0.0000 C   0  0  0  0  0  0  0  0  0  0  0  0\n   -1.2170  -11.3695    0.0000 C   0  0  0  0  0  0  0  0  0  0  0  0\n   -0.4353  -11.1098    0.0000 C   0  0  0  0  0  0  0  0  0  0  0  0\n   -0.2717  -10.2991    0.0000 C   0  0  0  0  0  0  0  0  0  0  0  0\n   -0.8877   -9.7567    0.0000 C   0  0  0  0  0  0  0  0  0  0  0  0\n 12 13  1  0\n  2  3  2  0\n 13 14  2  0\n 14 15  1  0\n  3  4  1  0\n 15 16  2  0\n 16 11  1  0\n  6  7  1  0\n 13 17  1  0\n  7  8  2  0\n 15 18  1  0\n  8  9  1  0\n 10 19  1  0\n 19 23  1  0\n  9  5  1  0\n  4  6  2  0\n 22 20  1  0\n 20 21  1  0\n 21 19  2  0\n  8 10  1  0\n  5  6  1  0\n 22 23  2  0\n  9 11  1  0\n 23 24  1  0\n  1  2  1  0\n 24 25  2  0\n 11 12  2  0\n 25 26  1  0\n  5  1  2  0\n 26 27  2  0\n 27 22  1  0\nM  END\n> <chembl_id>\nCHEMBL1760162\n\n> <chembl_pref_name>\nNone"", ""standard_inchi"": ""InChI=1S/C18H15N9/c1-10-20-16(19)24-17(21-10)27-14-9-5-4-8-13(14)22-18(27)23-15-11-6-2-3-7-12(11)25-26-15/h2-9H,1H3,(H2,19,20,21,24)(H2,22,23,25,26)"", ""standard_inchi_key"": ""FYQVTANPXKLEIP-UHFFFAOYSA-N""}","[]","[]","[]","0adfbfb6-3304-4e79-a3cb-cfaf3fa39d83","incremental","None","2025-12-22T18:37:09.735351+00:00"
"chembl:CHEMBL1774461","a689b3a6210abd214a54cef6fab90a4255109ae344afc4ac699b1f15054aae85","CHEMBL1774461","FLORBETAPIR F 18","Small molecule","MOL",,2012,false,true,false,0,0,1,0,false,false,0,0,"{""active_chembl_id"": ""CHEMBL1908919"", ""molecule_chembl_id"": ""CHEMBL1774461"", ""parent_chembl_id"": ""CHEMBL1908919""}","{""alogp"": ""3.68"", ""aromatic_rings"": 2, ""full_molformula"": ""C20H25FN2O3"", ""full_mwt"": ""359.43"", ""hba"": 5, ""hbd"": 1, ""heavy_atoms"": 26, ""mw_freebase"": ""360.43"", ""np_likeness_score"": ""-0.94"", ""num_ro5_violations"": 0, ""psa"": ""52.61"", ""qed_weighted"": ""0.59"", ""ro3_pass"": ""N"", ""rtb"": 12}","{""canonical_smiles"": ""CNc1ccc(/C=C/c2ccc(OCCOCCOCC[18F])nc2)cc1"", ""molfile"": ""\n     RDKit          2D\n\n 26 27  0  0  0  0  0  0  0  0999 V2000\n   -6.1286    3.4179    0.0000 C   0  0  0  0  0  0  0  0  0  0  0  0\n   -6.8431    3.0054    0.0000 C   0  0  0  0  0  0  0  0  0  0  0  0\n   -6.8431    2.1804    0.0000 C   0  0  0  0  0  0  0  0  0  0  0  0\n   -6.1286    1.7679    0.0000 C   0  0  0  0  0  0  0  0  0  0  0  0\n   -5.4141    2.1804    0.0000 C   0  0  0  0  0  0  0  0  0  0  0  0\n   -5.4141    3.0054    0.0000 C   0  0  0  0  0  0  0  0  0  0  0  0\n   -7.5575    3.4179    0.0000 N   0  0  0  0  0  0  0  0  0  0  0  0\n   -8.2720    3.0054    0.0000 C   0  0  0  0  0  0  0  0  0  0  0  0\n   -4.6996    1.7679    0.0000 C   0  0  0  0  0  0  0  0  0  0  0  0\n   -3.9851    2.1804    0.0000 C   0  0  0  0  0  0  0  0  0  0  0  0\n   -3.2707    1.7679    0.0000 C   0  0  0  0  0  0  0  0  0  0  0  0\n   -3.2707    0.9428    0.0000 C   0  0  0  0  0  0  0  0  0  0  0  0\n   -2.5562    0.5303    0.0000 N   0  0  0  0  0  0  0  0  0  0  0  0\n   -1.8417    0.9429    0.0000 C   0  0  0  0  0  0  0  0  0  0  0  0\n   -1.8417    1.7679    0.0000 C   0  0  0  0  0  0  0  0  0  0  0  0\n   -2.5562    2.1804    0.0000 C   0  0  0  0  0  0  0  0  0  0  0  0\n   -1.1272    0.5304    0.0000 O   0  0  0  0  0  0  0  0  0  0  0  0\n   -0.4128    0.9429    0.0000 C   0  0  0  0  0  0  0  0  0  0  0  0\n    0.3017    0.5304    0.0000 C   0  0  0  0  0  0  0  0  0  0  0  0\n    1.0162    0.9429    0.0000 O   0  0  0  0  0  0  0  0  0  0  0  0\n    1.7306    0.5304    0.0000 C   0  0  0  0  0  0  0  0  0  0  0  0\n    2.4451    0.9429    0.0000 C   0  0  0  0  0  0  0  0  0  0  0  0\n    3.1596    0.5304    0.0000 O   0  0  0  0  0  0  0  0  0  0  0  0\n    3.8740    0.9429    0.0000 C   0  0  0  0  0  0  0  0  0  0  0  0\n    4.5885    0.5304    0.0000 C   0  0  0  0  0  0  0  0  0  0  0  0\n    5.3030    0.9429    0.0000 F   0  0  0  0  0  0  0  0  0  0  0  0\n  1  2  1  0\n  1  6  2  0\n  2  3  2  0\n  3  4  1  0\n  4  5  2  0\n  5  6  1  0\n  2  7  1  0\n  7  8  1  0\n  5  9  1  0\n  9 10  2  0\n 10 11  1  0\n 11 12  1  0\n 11 16  2  0\n 12 13  2  0\n 13 14  1  0\n 14 15  2  0\n 15 16  1  0\n 14 17  1  0\n 17 18  1  0\n 18 19  1  0\n 19 20  1  0\n 20 21  1  0\n 21 22  1  0\n 22 23  1  0\n 23 24  1  0\n 24 25  1  0\n 25 26  1  0\nM  ISO  1  26  18\nM  END\n> <chembl_id>\nCHEMBL1774461\n\n> <chembl_pref_name>\nFLORBETAPIR F 18"", ""standard_inchi"": ""InChI=1S/C20H25FN2O3/c1-22-19-7-4-17(5-8-19)2-3-18-6-9-20(23-16-18)26-15-14-25-13-12-24-11-10-21/h2-9,16,22H,10-15H2,1H3/b3-2+/i21-1"", ""standard_inchi_key"": ""YNDIAUKFXKEXSV-CRYLGTRXSA-N""}","[{""molecule_synonym"": ""(18F)AV-45"", ""syn_type"": ""RESEARCH_CODE"", ""synonyms"": ""(18F)AV-45""}, {""molecule_synonym"": ""18F-AV-45"", ""syn_type"": ""RESEARCH_CODE"", ""synonyms"": ""18F-AV-45""}, {""molecule_synonym"": ""18f-av45"", ""syn_type"": ""OTHER"", ""synonyms"": ""18F-AV45""}, {""molecule_synonym"": ""Amyvid"", ""syn_type"": ""TRADE_NAME"", ""synonyms"": ""AMYVID""}, {""molecule_synonym"": ""AV-45 F-18"", ""syn_type"": ""RESEARCH_CODE"", ""synonyms"": ""AV-45 F-18""}, {""molecule_synonym"": ""Av45 f-18"", ""syn_type"": ""OTHER"", ""synonyms"": ""AV45 F-18""}, {""molecule_synonym"": ""Florbetapir (18f)"", ""syn_type"": ""ATC"", ""synonyms"": ""FLORBETAPIR (18F)""}, {""molecule_synonym"": ""Florbetapir (18f)"", ""syn_type"": ""EMA"", ""synonyms"": ""FLORBETAPIR (18F)""}, {""molecule_synonym"": ""Florbetapir (18f)"", ""syn_type"": ""INN"", ""synonyms"": ""FLORBETAPIR (18F)""}, {""molecule_synonym"": ""Florbetapir (18f)"", ""syn_type"": ""OTHER"", ""synonyms"": ""FLORBETAPIR (18F)""}, {""molecule_synonym"": ""Florbetapir(18-f)"", ""syn_type"": ""OTHER"", ""synonyms"": ""FLORBETAPIR(18-F)""}, {""molecule_synonym"": ""Florbetapir f 18"", ""syn_type"": ""EMA"", ""synonyms"": ""FLORBETAPIR F 18""}, {""molecule_synonym"": ""Florbetapir f 18"", ""syn_type"": ""MERCK_INDEX"", ""synonyms"": ""FLORBETAPIR F 18""}, {""molecule_synonym"": ""Florbetapir f 18"", ""syn_type"": ""OTHER"", ""synonyms"": ""FLORBETAPIR F 18""}, {""molecule_synonym"": ""Florbetapir f 18"", ""syn_type"": ""USAN"", ""synonyms"": ""FLORBETAPIR F 18""}, {""molecule_synonym"": ""Florbetapir f-18"", ""syn_type"": ""FDA"", ""synonyms"": ""FLORBETAPIR F-18""}, {""molecule_synonym"": ""Florbetapir f-18"", ""syn_type"": ""USAN"", ""synonyms"": ""FLORBETAPIR F-18""}, {""molecule_synonym"": ""Florbetapir, f-18"", ""syn_type"": ""OTHER"", ""synonyms"": ""FLORBETAPIR, F-18""}]","[{""xref_id"": ""florbetapir%20f-18"", ""xref_name"": ""florbetapir f-18"", ""xref_src"": ""DailyMed""}, {""xref_id"": ""human/EPAR/amyvid"", ""xref_name"": ""amyvid"", ""xref_src"": ""EMA""}]","[""V09AX05""]","0adfbfb6-3304-4e79-a3cb-cfaf3fa39d83","incremental","None","2025-12-22T18:37:09.735475+00:00"
"chembl:CHEMBL1822241","5c0106193470c1e637c4bd15d856f0754b4a7c1ddcd31759bfd0fcf4194617c8","CHEMBL1822241",,"Small molecule","MOL",,,false,false,false,0,0,-1,-1,false,false,-1,0,"{""active_chembl_id"": ""CHEMBL1822241"", ""molecule_chembl_id"": ""CHEMBL1822241"", ""parent_chembl_id"": ""CHEMBL1822241""}","{""alogp"": ""3.40"", ""aromatic_rings"": 3, ""full_molformula"": ""C16H14BrF2N5O3S"", ""full_mwt"": ""474.29"", ""hba"": 5, ""hbd"": 3, ""heavy_atoms"": 28, ""mw_freebase"": ""474.29"", ""np_likeness_score"": ""-2.21"", ""num_ro5_violations"": 0, ""psa"": ""116.84"", ""qed_weighted"": ""0.51"", ""ro3_pass"": ""N"", ""rtb"": 6}","{""canonical_smiles"": ""CCCS(=O)(=O)Nc1ccc(F)c(C(=O)Nc2cnc3[nH]nc(Br)c3c2)c1F"", ""molfile"": ""\n     RDKit          2D\n\n 28 30  0  0  0  0  0  0  0  0999 V2000\n   14.2583    3.0708    0.0000 O   0  0  0  0  0  0  0  0  0  0  0  0\n   14.6750    2.3542    0.0000 S   0  0  0  0  0  0  0  0  0  0  0  0\n   15.0873    3.0733    0.0000 O   0  0  0  0  0  0  0  0  0  0  0  0\n   11.8194    3.1750    0.0000 C   0  0  0  0  0  0  0  0  0  0  0  0\n   11.8182    2.3477    0.0000 C   0  0  0  0  0  0  0  0  0  0  0  0\n   12.5331    1.9348    0.0000 C   0  0  0  0  0  0  0  0  0  0  0  0\n   13.2495    2.3481    0.0000 C   0  0  0  0  0  0  0  0  0  0  0  0\n   13.2466    3.1787    0.0000 C   0  0  0  0  0  0  0  0  0  0  0  0\n   12.5313    3.5878    0.0000 C   0  0  0  0  0  0  0  0  0  0  0  0\n   13.9646    1.9368    0.0000 N   0  0  0  0  0  0  0  0  0  0  0  0\n   11.1035    1.9357    0.0000 C   0  0  0  0  0  0  0  0  0  0  0  0\n   10.3893    2.3488    0.0000 N   0  0  0  0  0  0  0  0  0  0  0  0\n   11.1028    1.1107    0.0000 O   0  0  0  0  0  0  0  0  0  0  0  0\n    9.6745    1.9369    0.0000 C   0  0  0  0  0  0  0  0  0  0  0  0\n    8.9611    2.3521    0.0000 C   0  0  0  0  0  0  0  0  0  0  0  0\n    8.2468    1.9409    0.0000 N   0  0  0  0  0  0  0  0  0  0  0  0\n    9.6763    1.1157    0.0000 C   0  0  0  0  0  0  0  0  0  0  0  0\n    8.9649    0.7021    0.0000 C   0  0  0  0  0  0  0  0  0  0  0  0\n    8.2470    1.1175    0.0000 C   0  0  0  0  0  0  0  0  0  0  0  0\n    7.6301    0.5632    0.0000 N   0  0  0  0  0  0  0  0  0  0  0  0\n    7.9667   -0.1949    0.0000 N   0  0  0  0  0  0  0  0  0  0  0  0\n    8.7916   -0.1089    0.0000 C   0  0  0  0  0  0  0  0  0  0  0  0\n   11.1048    3.5874    0.0000 F   0  0  0  0  0  0  0  0  0  0  0  0\n   12.5329    1.1098    0.0000 F   0  0  0  0  0  0  0  0  0  0  0  0\n   15.3926    1.9471    0.0000 C   0  0  0  0  0  0  0  0  0  0  0  0\n   16.1039    2.3651    0.0000 C   0  0  0  0  0  0  0  0  0  0  0  0\n   16.8215    1.9580    0.0000 C   0  0  0  0  0  0  0  0  0  0  0  0\n    9.3430   -0.7226    0.0000 Br  0  0  0  0  0  0  0  0  0  0  0  0\n 12 14  1  0\n  7  8  1  0\n 14 15  2  0\n  4  5  2  0\n 15 16  1  0\n 16 19  2  0\n  8  9  2  0\n 18 17  2  0\n 17 14  1  0\n 18 19  1  0\n  9  4  1  0\n  3  2  2  0\n  7 10  1  0\n 10  2  1  0\n  5  6  1  0\n 19 20  1  0\n 20 21  1  0\n 21 22  2  0\n 22 18  1  0\n  5 11  1  0\n  4 23  1  0\n  6 24  1  0\n 11 12  1  0\n  2 25  1  0\n  6  7  2  0\n 25 26  1  0\n 11 13  2  0\n 26 27  1  0\n  2  1  2  0\n 22 28  1  0\nM  END\n> <chembl_id>\nCHEMBL1822241\n\n> <chembl_pref_name>\nNone"", ""standard_inchi"": ""InChI=1S/C16H14BrF2N5O3S/c1-2-5-28(26,27)24-11-4-3-10(18)12(13(11)19)16(25)21-8-6-9-14(17)22-23-15(9)20-7-8/h3-4,6-7,24H,2,5H2,1H3,(H,21,25)(H,20,22,23)"", ""standard_inchi_key"": ""HLDIRQFSCNLEAS-UHFFFAOYSA-N""}","[]","[]","[]","0adfbfb6-3304-4e79-a3cb-cfaf3fa39d83","incremental","None","2025-12-22T18:37:09.735566+00:00"
"chembl:CHEMBL187248","75fe3157ddbbfa7de5ecc76f5d7125bb2fb43f653e76b96811a10eeb14f2081f","CHEMBL187248",,"Small molecule","MOL",,,false,false,false,0,0,-1,-1,false,false,-1,0,"{""active_chembl_id"": ""CHEMBL187248"", ""molecule_chembl_id"": ""CHEMBL187248"", ""parent_chembl_id"": ""CHEMBL187248""}","{""alogp"": ""3.44"", ""aromatic_rings"": 2, ""full_molformula"": ""C20H27N5O"", ""full_mwt"": ""353.47"", ""hba"": 4, ""hbd"": 1, ""heavy_atoms"": 26, ""mw_freebase"": ""353.47"", ""np_likeness_score"": ""-1.78"", ""num_ro5_violations"": 0, ""psa"": ""61.36"", ""qed_weighted"": ""0.90"", ""ro3_pass"": ""N"", ""rtb"": 2}","{""canonical_smiles"": ""Cc1ccnnc1N1CCN(C(=O)Nc2ccc(C(C)(C)C)cc2)CC1"", ""molfile"": ""\n     RDKit          2D\n\n 26 28  0  0  0  0  0  0  0  0999 V2000\n    0.3542    0.3625    0.0000 C   0  0  0  0  0  0  0  0  0  0  0  0\n   -0.4708    0.3625    0.0000 N   0  0  0  0  0  0  0  0  0  0  0  0\n   -2.1208    0.3625    0.0000 N   0  0  0  0  0  0  0  0  0  0  0  0\n   -2.9500    0.3625    0.0000 C   0  0  0  0  0  0  0  0  0  0  0  0\n    0.7667   -0.3500    0.0000 N   0  0  0  0  0  0  0  0  0  0  0  0\n   -3.3625    1.0750    0.0000 N   0  0  0  0  0  0  0  0  0  0  0  0\n   -4.2083    1.0750    0.0000 N   0  0  0  0  0  0  0  0  0  0  0  0\n    0.7667    1.0833    0.0000 O   0  0  0  0  0  0  0  0  0  0  0  0\n    4.0792   -0.3500    0.0000 C   0  0  0  0  0  0  0  0  0  0  0  0\n    3.2542   -0.3500    0.0000 C   0  0  0  0  0  0  0  0  0  0  0  0\n   -0.8833   -0.3500    0.0000 C   0  0  0  0  0  0  0  0  0  0  0  0\n   -0.8833    1.0750    0.0000 C   0  0  0  0  0  0  0  0  0  0  0  0\n   -1.7083    1.0750    0.0000 C   0  0  0  0  0  0  0  0  0  0  0  0\n   -1.7083   -0.3500    0.0000 C   0  0  0  0  0  0  0  0  0  0  0  0\n   -3.3625   -0.3500    0.0000 C   0  0  0  0  0  0  0  0  0  0  0  0\n    1.6000   -0.3500    0.0000 C   0  0  0  0  0  0  0  0  0  0  0  0\n    2.8375    0.3625    0.0000 C   0  0  0  0  0  0  0  0  0  0  0  0\n    2.8375   -1.0625    0.0000 C   0  0  0  0  0  0  0  0  0  0  0  0\n    2.0042    0.3625    0.0000 C   0  0  0  0  0  0  0  0  0  0  0  0\n    2.0042   -1.0625    0.0000 C   0  0  0  0  0  0  0  0  0  0  0  0\n   -4.6083    0.3625    0.0000 C   0  0  0  0  0  0  0  0  0  0  0  0\n    4.4917   -1.0625    0.0000 C   0  0  0  0  0  0  0  0  0  0  0  0\n    4.4917    0.3625    0.0000 C   0  0  0  0  0  0  0  0  0  0  0  0\n    3.8667   -1.1417    0.0000 C   0  0  0  0  0  0  0  0  0  0  0  0\n   -4.2083   -0.3500    0.0000 C   0  0  0  0  0  0  0  0  0  0  0  0\n   -2.9500   -1.0625    0.0000 C   0  0  0  0  0  0  0  0  0  0  0  0\n  2  1  1  0\n  3 13  1  0\n  4  3  1  0\n  5  1  1  0\n  6  4  2  0\n  7  6  1  0\n  8  1  2  0\n  9 10  1  0\n 10 18  2  0\n 11  2  1  0\n 12  2  1  0\n 13 12  1  0\n 14 11  1  0\n 15  4  1  0\n 16  5  1  0\n 17 19  2  0\n 18 20  1  0\n 19 16  1  0\n 20 16  2  0\n 21 25  1  0\n 22  9  1  0\n 23  9  1  0\n 24  9  1  0\n 25 15  2  0\n 26 15  1  0\n 14  3  1  0\n 17 10  1  0\n  7 21  2  0\nM  END\n> <chembl_id>\nCHEMBL187248\n\n> <chembl_pref_name>\nNone"", ""standard_inchi"": ""InChI=1S/C20H27N5O/c1-15-9-10-21-23-18(15)24-11-13-25(14-12-24)19(26)22-17-7-5-16(6-8-17)20(2,3)4/h5-10H,11-14H2,1-4H3,(H,22,26)"", ""standard_inchi_key"": ""ABZARQSFHNJRAZ-UHFFFAOYSA-N""}","[]","[]","[]","0adfbfb6-3304-4e79-a3cb-cfaf3fa39d83","incremental","None","2025-12-22T18:37:09.732418+00:00"
"chembl:CHEMBL189928","6610766c80f66af39a939d318a4f1ac7ec0f1157791496fc92f3d27fe318ed4e","CHEMBL189928",,"Small molecule","MOL",,,false,false,false,0,0,-1,-1,false,false,-1,0,"{""active_chembl_id"": ""CHEMBL189928"", ""molecule_chembl_id"": ""CHEMBL189928"", ""parent_chembl_id"": ""CHEMBL189928""}","{""alogp"": ""4.11"", ""aromatic_rings"": 3, ""full_molformula"": ""C25H26N4O4"", ""full_mwt"": ""446.51"", ""hba"": 6, ""hbd"": 1, ""heavy_atoms"": 33, ""mw_freebase"": ""446.51"", ""np_likeness_score"": ""-0.66"", ""num_ro5_violations"": 0, ""psa"": ""95.86"", ""qed_weighted"": ""0.58"", ""ro3_pass"": ""N"", ""rtb"": 7}","{""canonical_smiles"": ""CCc1cc(C(=O)O)ccc1OCCc1cnc2c(c1)C(=O)N(C)c1cccnc1N2CC"", ""molfile"": ""\n     RDKit          2D\n\n 33 36  0  0  0  0  0  0  0  0999 V2000\n    2.7000   -0.3292    0.0000 C   0  0  0  0  0  0  0  0  0  0  0  0\n    1.7292   -1.4417    0.0000 N   0  0  0  0  0  0  0  0  0  0  0  0\n    2.4875   -1.1167    0.0000 C   0  0  0  0  0  0  0  0  0  0  0  0\n    2.2125    0.3375    0.0000 C   0  0  0  0  0  0  0  0  0  0  0  0\n    1.3917    0.3625    0.0000 N   0  0  0  0  0  0  0  0  0  0  0  0\n    1.0125   -1.0542    0.0000 C   0  0  0  0  0  0  0  0  0  0  0  0\n    0.8500   -0.2542    0.0000 C   0  0  0  0  0  0  0  0  0  0  0  0\n    3.0792   -1.7042    0.0000 N   0  0  0  0  0  0  0  0  0  0  0  0\n    8.8500   -0.8375    0.0000 C   0  0  0  0  0  0  0  0  0  0  0  0\n    8.1167   -0.4542    0.0000 C   0  0  0  0  0  0  0  0  0  0  0  0\n    0.3875   -1.6042    0.0000 N   0  0  0  0  0  0  0  0  0  0  0  0\n    3.5000   -0.1042    0.0000 C   0  0  0  0  0  0  0  0  0  0  0  0\n    8.0792    0.3708    0.0000 C   0  0  0  0  0  0  0  0  0  0  0  0\n    7.3542    0.7500    0.0000 C   0  0  0  0  0  0  0  0  0  0  0  0\n    2.6000    1.0625    0.0000 O   0  0  0  0  0  0  0  0  0  0  0  0\n    6.6667    0.3125    0.0000 C   0  0  0  0  0  0  0  0  0  0  0  0\n    8.4667   -1.5667    0.0000 O   0  0  0  0  0  0  0  0  0  0  0  0\n    7.4167   -0.8917    0.0000 C   0  0  0  0  0  0  0  0  0  0  0  0\n    3.8667   -1.4917    0.0000 C   0  0  0  0  0  0  0  0  0  0  0  0\n    6.6917   -0.5125    0.0000 C   0  0  0  0  0  0  0  0  0  0  0  0\n    1.6917   -2.2792    0.0000 C   0  0  0  0  0  0  0  0  0  0  0  0\n    1.0542    1.1250    0.0000 C   0  0  0  0  0  0  0  0  0  0  0  0\n    4.0750   -0.6917    0.0000 C   0  0  0  0  0  0  0  0  0  0  0  0\n    9.6667   -0.7875    0.0000 O   0  0  0  0  0  0  0  0  0  0  0  0\n    5.8667    0.5250    0.0000 O   0  0  0  0  0  0  0  0  0  0  0  0\n    0.0667    0.0083    0.0000 C   0  0  0  0  0  0  0  0  0  0  0  0\n    5.0792    0.3125    0.0000 C   0  0  0  0  0  0  0  0  0  0  0  0\n    7.3042    1.5833    0.0000 C   0  0  0  0  0  0  0  0  0  0  0  0\n   -0.4000   -1.3375    0.0000 C   0  0  0  0  0  0  0  0  0  0  0  0\n    4.8667   -0.4792    0.0000 C   0  0  0  0  0  0  0  0  0  0  0  0\n    0.9542   -2.6542    0.0000 C   0  0  0  0  0  0  0  0  0  0  0  0\n   -0.5583   -0.5375    0.0000 C   0  0  0  0  0  0  0  0  0  0  0  0\n    8.0000    2.0333    0.0000 C   0  0  0  0  0  0  0  0  0  0  0  0\n  2  3  1  0\n  3  1  2  0\n  4  1  1  0\n  5  4  1  0\n  6  2  1  0\n  7  5  1  0\n  8  3  1  0\n  9 10  1  0\n 10 18  2  0\n 11  6  2  0\n 12  1  1  0\n 13 14  2  0\n 14 16  1  0\n 15  4  2  0\n 16 25  1  0\n 17  9  2  0\n 18 20  1  0\n 19 23  1  0\n 20 16  2  0\n 21  2  1  0\n 22  5  1  0\n 23 12  2  0\n 24  9  1  0\n 25 27  1  0\n 26  7  2  0\n 27 30  1  0\n 28 14  1  0\n 29 11  1  0\n 30 23  1  0\n 31 21  1  0\n 32 26  1  0\n 33 28  1  0\n 19  8  2  0\n  7  6  1  0\n 29 32  2  0\n 10 13  1  0\nM  END\n> <chembl_id>\nCHEMBL189928\n\n> <chembl_pref_name>\nNone"", ""standard_inchi"": ""InChI=1S/C25H26N4O4/c1-4-17-14-18(25(31)32)8-9-21(17)33-12-10-16-13-19-22(27-15-16)29(5-2)23-20(7-6-11-26-23)28(3)24(19)30/h6-9,11,13-15H,4-5,10,12H2,1-3H3,(H,31,32)"", ""standard_inchi_key"": ""YMKHMSHTUHYJPJ-UHFFFAOYSA-N""}","[]","[]","[]","0adfbfb6-3304-4e79-a3cb-cfaf3fa39d83","incremental","None","2025-12-22T18:37:09.732556+00:00"
"chembl:CHEMBL1963046","3bfe6a8da7fcd4f6b16229b87bc2738cba6258ae50cc5c41b37aaf63e8348cb2","CHEMBL1963046",,"Small molecule","MOL",,,false,false,false,0,0,-1,-1,false,false,-1,0,"{""active_chembl_id"": ""CHEMBL1963046"", ""molecule_chembl_id"": ""CHEMBL1963046"", ""parent_chembl_id"": ""CHEMBL1963046""}","{""alogp"": ""4.13"", ""aromatic_rings"": 3, ""full_molformula"": ""C27H30N2O3"", ""full_mwt"": ""430.55"", ""hba"": 5, ""hbd"": 0, ""heavy_atoms"": 32, ""mw_freebase"": ""430.55"", ""np_likeness_score"": ""-0.44"", ""num_ro5_violations"": 0, ""psa"": ""34.17"", ""qed_weighted"": ""0.59"", ""ro3_pass"": ""N"", ""rtb"": 6}","{""canonical_smiles"": ""COc1ccccc1N1CCN(CC2COC(c3ccccc3)(c3ccccc3)O2)CC1"", ""molfile"": ""\n     RDKit          2D\n\n 32 36  0  0  0  0  0  0  0  0999 V2000\n   -2.8996   -6.6950    0.0000 O   0  0  0  0  0  0  0  0  0  0  0  0\n   -2.0747   -6.6950    0.0000 C   0  0  0  0  0  0  0  0  0  0  0  0\n   -1.8173   -5.9103    0.0000 C   0  0  0  0  0  0  0  0  0  0  0  0\n   -2.4872   -5.4242    0.0000 O   0  0  0  0  0  0  0  0  0  0  0  0\n   -3.1529   -5.9112    0.0000 C   0  0  0  0  0  0  0  0  0  0  0  0\n   -3.8680   -5.5058    0.0000 C   0  0  0  0  0  0  0  0  0  0  0  0\n   -3.8713   -4.6798    0.0000 C   0  0  0  0  0  0  0  0  0  0  0  0\n   -4.5872   -4.2715    0.0000 C   0  0  0  0  0  0  0  0  0  0  0  0\n   -5.3002   -4.6881    0.0000 C   0  0  0  0  0  0  0  0  0  0  0  0\n   -5.2928   -5.5172    0.0000 C   0  0  0  0  0  0  0  0  0  0  0  0\n   -4.5764   -5.9218    0.0000 C   0  0  0  0  0  0  0  0  0  0  0  0\n   -3.7412   -6.4908    0.0000 C   0  0  0  0  0  0  0  0  0  0  0  0\n   -4.5376   -6.2681    0.0000 C   0  0  0  0  0  0  0  0  0  0  0  0\n   -5.1255   -6.8469    0.0000 C   0  0  0  0  0  0  0  0  0  0  0  0\n   -4.9179   -7.6471    0.0000 C   0  0  0  0  0  0  0  0  0  0  0  0\n   -4.1170   -7.8654    0.0000 C   0  0  0  0  0  0  0  0  0  0  0  0\n   -3.5325   -7.2851    0.0000 C   0  0  0  0  0  0  0  0  0  0  0  0\n   -1.1021   -5.4993    0.0000 C   0  0  0  0  0  0  0  0  0  0  0  0\n   -0.3885   -5.9133    0.0000 N   0  0  0  0  0  0  0  0  0  0  0  0\n   -0.3955   -6.7374    0.0000 C   0  0  0  0  0  0  0  0  0  0  0  0\n    0.3139   -7.1512    0.0000 C   0  0  0  0  0  0  0  0  0  0  0  0\n    1.0315   -6.7438    0.0000 N   0  0  0  0  0  0  0  0  0  0  0  0\n    1.0352   -5.9179    0.0000 C   0  0  0  0  0  0  0  0  0  0  0  0\n    0.3213   -5.4995    0.0000 C   0  0  0  0  0  0  0  0  0  0  0  0\n    1.7401   -7.1573    0.0000 C   0  0  0  0  0  0  0  0  0  0  0  0\n    1.7339   -7.9833    0.0000 C   0  0  0  0  0  0  0  0  0  0  0  0\n    2.4450   -8.3998    0.0000 C   0  0  0  0  0  0  0  0  0  0  0  0\n    3.1627   -7.9915    0.0000 C   0  0  0  0  0  0  0  0  0  0  0  0\n    3.1649   -7.1623    0.0000 C   0  0  0  0  0  0  0  0  0  0  0  0\n    2.4532   -6.7496    0.0000 C   0  0  0  0  0  0  0  0  0  0  0  0\n    2.4558   -5.9247    0.0000 O   0  0  0  0  0  0  0  0  0  0  0  0\n    3.1714   -5.5144    0.0000 C   0  0  0  0  0  0  0  0  0  0  0  0\n  2  3  1  0\n  3 18  1  0\n  8  9  2  0\n 18 19  1  0\n 19 20  1  0\n  3  4  1  0\n  9 10  1  0\n  4  5  1  0\n 10 11  2  0\n 11  6  1  0\n 19 24  1  0\n 20 21  1  0\n 21 22  1  0\n 22 23  1  0\n 23 24  1  0\n  5  6  1  0\n  5  1  1  0\n 25 26  2  0\n  5 12  1  0\n 26 27  1  0\n  1  2  1  0\n 27 28  2  0\n 12 13  2  0\n 28 29  1  0\n 29 30  2  0\n 30 25  1  0\n 22 25  1  0\n 13 14  1  0\n 30 31  1  0\n  6  7  2  0\n 31 32  1  0\n 14 15  2  0\n 15 16  1  0\n  7  8  1  0\n 16 17  2  0\n 17 12  1  0\nM  END\n> <chembl_id>\nCHEMBL1963046\n\n> <chembl_pref_name>\nNone"", ""standard_inchi"": ""InChI=1S/C27H30N2O3/c1-30-26-15-9-8-14-25(26)29-18-16-28(17-19-29)20-24-21-31-27(32-24,22-10-4-2-5-11-22)23-12-6-3-7-13-23/h2-15,24H,16-21H2,1H3"", ""standard_inchi_key"": ""NVQUZQNWBJQXMB-UHFFFAOYSA-N""}","[]","[]","[]","0adfbfb6-3304-4e79-a3cb-cfaf3fa39d83","incremental","None","2025-12-22T18:37:09.735657+00:00"
"chembl:CHEMBL200629","96e254248cc799a89372ae4acd0f4b2967a68b630968cb8fb1e29d29cf58d1d0","CHEMBL200629",,"Small molecule","MOL",,,false,false,false,0,0,-1,-1,false,false,-1,0,"{""active_chembl_id"": ""CHEMBL200629"", ""molecule_chembl_id"": ""CHEMBL200629"", ""parent_chembl_id"": ""CHEMBL200629""}","{""alogp"": ""4.19"", ""aromatic_rings"": 2, ""full_molformula"": ""C24H27ClFN3O3"", ""full_mwt"": ""459.95"", ""hba"": 4, ""hbd"": 1, ""heavy_atoms"": 32, ""mw_freebase"": ""459.95"", ""np_likeness_score"": ""-1.31"", ""num_ro5_violations"": 0, ""psa"": ""61.88"", ""qed_weighted"": ""0.66"", ""ro3_pass"": ""N"", ""rtb"": 6}","{""canonical_smiles"": ""COc1cc(/C=C/C(=O)N2CCN(Cc3ccc(F)cc3)C[C@H]2C)c(NC(C)=O)cc1Cl"", ""molfile"": ""\n     RDKit          2D\n\n 32 34  0  0  1  0  0  0  0  0999 V2000\n   -3.5014  -20.3416    0.0000 C   0  0  0  0  0  0  0  0  0  0  0  0\n   -3.5026  -21.1690    0.0000 C   0  0  0  0  0  0  0  0  0  0  0  0\n   -2.7878  -21.5819    0.0000 C   0  0  0  0  0  0  0  0  0  0  0  0\n   -2.0713  -21.1685    0.0000 C   0  0  0  0  0  0  0  0  0  0  0  0\n   -2.0742  -20.3380    0.0000 C   0  0  0  0  0  0  0  0  0  0  0  0\n   -2.7896  -19.9289    0.0000 C   0  0  0  0  0  0  0  0  0  0  0  0\n   -2.7920  -19.1039    0.0000 N   0  0  0  0  0  0  0  0  0  0  0  0\n   -3.5077  -18.6935    0.0000 C   0  0  0  0  0  0  0  0  0  0  0  0\n   -3.5102  -17.8685    0.0000 O   0  0  0  0  0  0  0  0  0  0  0  0\n   -4.2210  -19.1081    0.0000 C   0  0  0  0  0  0  0  0  0  0  0  0\n   -4.2174  -21.5809    0.0000 Cl  0  0  0  0  0  0  0  0  0  0  0  0\n   -1.3613  -19.9228    0.0000 C   0  0  0  0  0  0  0  0  0  0  0  0\n   -0.6453  -20.3326    0.0000 C   0  0  0  0  0  0  0  0  0  0  0  0\n    0.0677  -19.9174    0.0000 C   0  0  0  0  0  0  0  0  0  0  0  0\n    0.7837  -20.3272    0.0000 N   0  0  0  0  0  0  0  0  0  0  0  0\n    0.0645  -19.0924    0.0000 O   0  0  0  0  0  0  0  0  0  0  0  0\n    0.7844  -21.1553    0.0000 C   0  0  0  0  0  0  0  0  0  0  0  0\n    1.4963  -21.5650    0.0000 C   0  0  0  0  0  0  0  0  0  0  0  0\n    2.2117  -21.1534    0.0000 N   0  0  0  0  0  0  0  0  0  0  0  0\n    2.2106  -20.3274    0.0000 C   0  0  0  0  0  0  0  0  0  0  0  0\n    1.4941  -19.9131    0.0000 C   0  0  0  0  0  0  0  0  0  0  0  0\n    2.9262  -21.5659    0.0000 C   0  0  0  0  0  0  0  0  0  0  0  0\n    1.4926  -19.0881    0.0000 C   0  0  0  0  0  0  0  0  0  0  0  0\n    2.9262  -22.3909    0.0000 C   0  0  0  0  0  0  0  0  0  0  0  0\n    2.2117  -22.7988    0.0000 C   0  0  0  0  0  0  0  0  0  0  0  0\n    2.2113  -23.6230    0.0000 C   0  0  0  0  0  0  0  0  0  0  0  0\n    2.9263  -24.0364    0.0000 C   0  0  0  0  0  0  0  0  0  0  0  0\n    3.6432  -23.6195    0.0000 C   0  0  0  0  0  0  0  0  0  0  0  0\n    3.6400  -22.7966    0.0000 C   0  0  0  0  0  0  0  0  0  0  0  0\n    2.9274  -24.8614    0.0000 F   0  0  0  0  0  0  0  0  0  0  0  0\n   -2.7860  -22.4046    0.0000 O   0  0  0  0  0  0  0  0  0  0  0  0\n   -2.0717  -22.8172    0.0000 C   0  0  0  0  0  0  0  0  0  0  0  0\n 14 16  2  0\n 15 17  1  0\n  7  8  1  0\n  8  9  2  0\n  4  5  2  0\n  8 10  1  0\n 15 21  1  0\n 17 18  1  0\n 18 19  1  0\n 19 20  1  0\n 20 21  1  0\n  2  3  2  0\n 19 22  1  0\n  2 11  1  0\n 21 23  1  6\n  5  6  1  0\n 22 24  1  0\n  5 12  1  0\n 24 25  2  0\n  6  1  2  0\n 25 26  1  0\n 12 13  2  0\n 26 27  2  0\n  1  2  1  0\n 27 28  1  0\n 13 14  1  0\n 28 29  2  0\n 29 24  1  0\n  6  7  1  0\n 27 30  1  0\n 14 15  1  0\n  3  4  1  0\n 31 32  1  0\n  3 31  1  0\nM  END\n> <chembl_id>\nCHEMBL200629\n\n> <chembl_pref_name>\nNone"", ""standard_inchi"": ""InChI=1S/C24H27ClFN3O3/c1-16-14-28(15-18-4-7-20(26)8-5-18)10-11-29(16)24(31)9-6-19-12-23(32-3)21(25)13-22(19)27-17(2)30/h4-9,12-13,16H,10-11,14-15H2,1-3H3,(H,27,30)/b9-6+/t16-/m1/s1"", ""standard_inchi_key"": ""JKAIKDYLOFOXMP-YXMGTMDOSA-N""}","[]","[]","[]","0adfbfb6-3304-4e79-a3cb-cfaf3fa39d83","incremental","None","2025-12-22T18:37:09.732728+00:00"
"chembl:CHEMBL2017608","e25b067dc322abe04e48a05c4c9bd6fc33cd9743528493f9696fd60a328e1479","CHEMBL2017608",,"Small molecule","MOL",,,false,false,false,0,0,-1,-1,false,false,-1,0,"{""active_chembl_id"": ""CHEMBL2017608"", ""molecule_chembl_id"": ""CHEMBL2017608"", ""parent_chembl_id"": ""CHEMBL2017608""}","{""alogp"": ""4.61"", ""aromatic_rings"": 3, ""full_molformula"": ""C26H29ClN4O3"", ""full_mwt"": ""481.00"", ""hba"": 6, ""hbd"": 2, ""heavy_atoms"": 34, ""mw_freebase"": ""481.00"", ""np_likeness_score"": ""-0.94"", ""num_ro5_violations"": 0, ""psa"": ""87.58"", ""qed_weighted"": ""0.48"", ""ro3_pass"": ""N"", ""rtb"": 7}","{""canonical_smiles"": ""COCCC1(O)CCN(c2nc(C)c3cc(NC(=O)/C=C/c4ccc(Cl)cc4)ccc3n2)CC1"", ""molfile"": ""\n     RDKit          2D\n\n 34 37  0  0  0  0  0  0  0  0999 V2000\n    2.4946   -2.8028    0.0000 C   0  0  0  0  0  0  0  0  0  0  0  0\n    3.3196   -2.8017    0.0000 C   0  0  0  0  0  0  0  0  0  0  0  0\n    2.9062   -2.0878    0.0000 O   0  0  0  0  0  0  0  0  0  0  0  0\n   -7.4902   -5.3083    0.0000 C   0  0  0  0  0  0  0  0  0  0  0  0\n   -7.4891   -6.1357    0.0000 C   0  0  0  0  0  0  0  0  0  0  0  0\n   -6.7789   -6.5485    0.0000 C   0  0  0  0  0  0  0  0  0  0  0  0\n   -6.0620   -6.1352    0.0000 C   0  0  0  0  0  0  0  0  0  0  0  0\n   -6.0591   -5.3047    0.0000 C   0  0  0  0  0  0  0  0  0  0  0  0\n   -6.7771   -4.8955    0.0000 C   0  0  0  0  0  0  0  0  0  0  0  0\n   -5.3446   -4.8895    0.0000 C   0  0  0  0  0  0  0  0  0  0  0  0\n   -4.6286   -5.2993    0.0000 C   0  0  0  0  0  0  0  0  0  0  0  0\n   -3.9157   -4.8841    0.0000 C   0  0  0  0  0  0  0  0  0  0  0  0\n   -3.1997   -5.2939    0.0000 N   0  0  0  0  0  0  0  0  0  0  0  0\n   -3.9188   -4.0591    0.0000 O   0  0  0  0  0  0  0  0  0  0  0  0\n   -2.4867   -4.8787    0.0000 C   0  0  0  0  0  0  0  0  0  0  0  0\n   -1.7748   -5.2903    0.0000 C   0  0  0  0  0  0  0  0  0  0  0  0\n   -1.7860   -3.6403    0.0000 C   0  0  0  0  0  0  0  0  0  0  0  0\n   -2.4955   -4.0571    0.0000 C   0  0  0  0  0  0  0  0  0  0  0  0\n   -1.0650   -4.0499    0.0000 C   0  0  0  0  0  0  0  0  0  0  0  0\n   -1.0651   -4.8732    0.0000 C   0  0  0  0  0  0  0  0  0  0  0  0\n   -0.3533   -5.2831    0.0000 C   0  0  0  0  0  0  0  0  0  0  0  0\n    0.3591   -4.8709    0.0000 N   0  0  0  0  0  0  0  0  0  0  0  0\n    0.3552   -4.0444    0.0000 C   0  0  0  0  0  0  0  0  0  0  0  0\n   -0.3572   -3.6382    0.0000 N   0  0  0  0  0  0  0  0  0  0  0  0\n   -0.3524   -6.1081    0.0000 C   0  0  0  0  0  0  0  0  0  0  0  0\n    1.0676   -3.6283    0.0000 N   0  0  0  0  0  0  0  0  0  0  0  0\n    1.7843   -4.0407    0.0000 C   0  0  0  0  0  0  0  0  0  0  0  0\n    2.4945   -3.6281    0.0000 C   0  0  0  0  0  0  0  0  0  0  0  0\n    1.7782   -2.3917    0.0000 C   0  0  0  0  0  0  0  0  0  0  0  0\n    1.0617   -2.8060    0.0000 C   0  0  0  0  0  0  0  0  0  0  0  0\n   -8.2076   -6.5476    0.0000 Cl  0  0  0  0  0  0  0  0  0  0  0  0\n    3.7330   -3.5156    0.0000 C   0  0  0  0  0  0  0  0  0  0  0  0\n    4.5580   -3.5146    0.0000 O   0  0  0  0  0  0  0  0  0  0  0  0\n    4.9715   -4.2285    0.0000 C   0  0  0  0  0  0  0  0  0  0  0  0\n 19 17  1  0\n  9  4  1  0\n 17 18  2  0\n 18 15  1  0\n  1  3  1  0\n  8 10  1  0\n 19 20  1  0\n  5  6  1  0\n 20 21  2  0\n 10 11  2  0\n 21 22  1  0\n 22 23  2  0\n 11 12  1  0\n 23 24  1  0\n 24 19  2  0\n  6  7  2  0\n 21 25  1  0\n 12 13  1  0\n 23 26  1  0\n 26 27  1  0\n  2  1  1  0\n 12 14  2  0\n  7  8  1  0\n 13 15  1  0\n 26 30  1  0\n 27 28  1  0\n 28  1  1  0\n  1 29  1  0\n 29 30  1  0\n  4  5  2  0\n  5 31  1  0\n 15 16  2  0\n  2 32  1  0\n 16 20  1  0\n 32 33  1  0\n  8  9  2  0\n 33 34  1  0\nM  END\n> <chembl_id>\nCHEMBL2017608\n\n> <chembl_pref_name>\nNone"", ""standard_inchi"": ""InChI=1S/C26H29ClN4O3/c1-18-22-17-21(29-24(32)10-5-19-3-6-20(27)7-4-19)8-9-23(22)30-25(28-18)31-14-11-26(33,12-15-31)13-16-34-2/h3-10,17,33H,11-16H2,1-2H3,(H,29,32)/b10-5+"", ""standard_inchi_key"": ""OQEUJIZMSWVJQA-BJMVGYQFSA-N""}","[]","[]","[]","0adfbfb6-3304-4e79-a3cb-cfaf3fa39d83","incremental","None","2025-12-22T18:37:09.735750+00:00"
"chembl:CHEMBL2035187","f936d6daf36f424a4c9b3c5c71cf8d17a3c4de85a481f3e73f4be06582d27fab","CHEMBL2035187","PACRITINIB","Small molecule","MOL",,2022,true,false,false,0,1,0,0,true,false,0,0,"{""active_chembl_id"": ""CHEMBL2035187"", ""molecule_chembl_id"": ""CHEMBL2035187"", ""parent_chembl_id"": ""CHEMBL2035187""}","{""alogp"": ""4.47"", ""aromatic_rings"": 2, ""full_molformula"": ""C28H32N4O3"", ""full_mwt"": ""472.59"", ""hba"": 7, ""hbd"": 1, ""heavy_atoms"": 35, ""mw_freebase"": ""472.59"", ""np_likeness_score"": ""0.11"", ""num_ro5_violations"": 0, ""psa"": ""67.68"", ""qed_weighted"": ""0.67"", ""ro3_pass"": ""N"", ""rtb"": 4}","{""canonical_smiles"": ""C1=N/C2=N/c3ccc(OCCN4CCCC4)c(c3)COC/C=C/COCc3cccc(c3)C(=C1)N2"", ""molfile"": ""\n     RDKit          2D\n\n 35 39  0  0  0  0  0  0  0  0999 V2000\n    8.1417   -8.5763    0.0000 C   0  0  0  0  0  0  0  0  0  0  0  0\n    8.1447   -7.7392    0.0000 C   0  0  0  0  0  0  0  0  0  0  0  0\n    8.1469   -6.0629    0.0000 C   0  0  0  0  0  0  0  0  0  0  0  0\n    8.8725   -6.4836    0.0000 C   0  0  0  0  0  0  0  0  0  0  0  0\n    8.8696   -7.3207    0.0000 O   0  0  0  0  0  0  0  0  0  0  0  0\n    6.7545   -5.2703    0.0000 O   0  0  0  0  0  0  0  0  0  0  0  0\n    7.4656   -4.8542    0.0000 C   0  0  0  0  0  0  0  0  0  0  0  0\n    8.1467   -5.2373    0.0000 C   0  0  0  0  0  0  0  0  0  0  0  0\n    6.7578   -6.1132    0.0000 C   0  0  0  0  0  0  0  0  0  0  0  0\n    5.3155   -7.7591    0.0000 C   0  0  0  0  0  0  0  0  0  0  0  0\n    6.0368   -7.3584    0.0000 C   0  0  0  0  0  0  0  0  0  0  0  0\n    6.0502   -6.5380    0.0000 C   0  0  0  0  0  0  0  0  0  0  0  0\n    5.3443   -6.1121    0.0000 C   0  0  0  0  0  0  0  0  0  0  0  0\n    4.6231   -6.5128    0.0000 C   0  0  0  0  0  0  0  0  0  0  0  0\n    4.6078   -7.3394    0.0000 C   0  0  0  0  0  0  0  0  0  0  0  0\n    5.9766   -8.9808    0.0000 N   0  0  0  0  0  0  0  0  0  0  0  0\n    5.3150   -8.5797    0.0000 C   0  0  0  0  0  0  0  0  0  0  0  0\n    4.6389   -8.9521    0.0000 C   0  0  0  0  0  0  0  0  0  0  0  0\n    4.6232   -9.7253    0.0000 C   0  0  0  0  0  0  0  0  0  0  0  0\n    5.2892  -10.1247    0.0000 N   0  0  0  0  0  0  0  0  0  0  0  0\n    5.9626   -9.7501    0.0000 C   0  0  0  0  0  0  0  0  0  0  0  0\n    7.4152   -8.9889    0.0000 C   0  0  0  0  0  0  0  0  0  0  0  0\n    7.4119   -9.8252    0.0000 C   0  0  0  0  0  0  0  0  0  0  0  0\n    8.1359  -10.2473    0.0000 C   0  0  0  0  0  0  0  0  0  0  0  0\n    8.8649   -9.8268    0.0000 C   0  0  0  0  0  0  0  0  0  0  0  0\n    8.8647   -8.9919    0.0000 C   0  0  0  0  0  0  0  0  0  0  0  0\n    6.6979  -10.2335    0.0000 N   0  0  0  0  0  0  0  0  0  0  0  0\n    9.5765   -8.5798    0.0000 O   0  0  0  0  0  0  0  0  0  0  0  0\n   10.2892   -8.9903    0.0000 C   0  0  0  0  0  0  0  0  0  0  0  0\n   11.0010   -8.5782    0.0000 C   0  0  0  0  0  0  0  0  0  0  0  0\n   11.7137   -8.9887    0.0000 N   0  0  0  0  0  0  0  0  0  0  0  0\n   11.8044   -9.8017    0.0000 C   0  0  0  0  0  0  0  0  0  0  0  0\n   12.6090   -9.9717    0.0000 C   0  0  0  0  0  0  0  0  0  0  0  0\n   13.0195   -9.2589    0.0000 C   0  0  0  0  0  0  0  0  0  0  0  0\n   12.4684   -8.6485    0.0000 C   0  0  0  0  0  0  0  0  0  0  0  0\n  7  8  1  0\n 17 18  2  0\n 18 19  1  0\n 12  9  1  0\n 19 20  2  0\n 10 11  2  0\n 20 21  1  0\n 21 16  1  0\n 21 27  2  0\n  1  2  1  0\n  1 22  2  0\n  3  4  1  0\n 22 23  1  0\n  4  5  1  0\n 23 24  2  0\n  5  2  1  0\n 24 25  1  0\n 10 17  1  0\n 25 26  2  0\n 26  1  1  0\n  6  7  1  0\n 23 27  1  0\n 10 15  1  0\n 26 28  1  0\n 11 12  1  0\n 28 29  1  0\n 12 13  2  0\n 29 30  1  0\n 13 14  1  0\n 30 31  1  0\n 31 32  1  0\n 14 15  2  0\n  9  6  1  0\n  3  8  2  0\n 16 17  1  0\n 32 33  1  0\n 33 34  1  0\n 34 35  1  0\n 35 31  1  0\nM  END\n> <chembl_id>\nCHEMBL2035187\n\n> <chembl_pref_name>\nPACRITINIB"", ""standard_inchi"": ""InChI=1S/C28H32N4O3/c1-2-13-32(12-1)14-17-35-27-9-8-25-19-24(27)21-34-16-4-3-15-33-20-22-6-5-7-23(18-22)26-10-11-29-28(30-25)31-26/h3-11,18-19H,1-2,12-17,20-21H2,(H,29,30,31)/b4-3+"", ""standard_inchi_key"": ""HWXVIOGONBBTBY-ONEGZZNKSA-N""}","[{""molecule_synonym"": ""ONX-0803"", ""syn_type"": ""RESEARCH_CODE"", ""synonyms"": ""ONX-0803""}, {""molecule_synonym"": ""Pacritinib"", ""syn_type"": ""USAN"", ""synonyms"": ""Pacritinib""}, {""molecule_synonym"": ""Pacritinib"", ""syn_type"": ""ATC"", ""synonyms"": ""PACRITINIB""}, {""molecule_synonym"": ""Pacritinib"", ""syn_type"": ""INN"", ""synonyms"": ""PACRITINIB""}, {""molecule_synonym"": ""Pacritinib"", ""syn_type"": ""OTHER"", ""synonyms"": ""PACRITINIB""}, {""molecule_synonym"": ""Sb-1518"", ""syn_type"": ""OTHER"", ""synonyms"": ""SB-1518""}, {""molecule_synonym"": ""SB-1518"", ""syn_type"": ""RESEARCH_CODE"", ""synonyms"": ""SB-1518""}, {""molecule_synonym"": ""SB1518"", ""syn_type"": ""RESEARCH_CODE"", ""synonyms"": ""SB1518""}]","[]","[""L01EJ03""]","0adfbfb6-3304-4e79-a3cb-cfaf3fa39d83","incremental","None","2025-12-22T18:37:09.735861+00:00"
"chembl:CHEMBL2096899","b0409698b40006263acbe55d304b11e129bb5e3de40401af1d40b8a9c5b78213","CHEMBL2096899",,"Small molecule","MOL",,,false,false,false,0,0,-1,-1,false,false,-1,0,"{""active_chembl_id"": ""CHEMBL258994"", ""molecule_chembl_id"": ""CHEMBL2096899"", ""parent_chembl_id"": ""CHEMBL258994""}","{""alogp"": ""6.20"", ""aromatic_rings"": 0, ""full_molformula"": ""C21H34Na4O6P2"", ""full_mwt"": ""536.41"", ""hba"": 2, ""hbd"": 4, ""heavy_atoms"": 29, ""mw_freebase"": ""448.48"", ""np_likeness_score"": ""0.90"", ""num_ro5_violations"": 1, ""psa"": ""115.06"", ""qed_weighted"": ""0.21"", ""ro3_pass"": ""N"", ""rtb"": 12}","{""canonical_smiles"": ""CC(C)=CCC/C(C)=C/CC(C/C=C(\\C)CCC=C(C)C)(P(=O)([O-])[O-])P(=O)([O-])[O-].[Na+].[Na+].[Na+].[Na+]"", ""molfile"": ""\n     RDKit          2D\n\n 33 28  0  0  0  0  0  0  0  0999 V2000\n    0.9918   -6.5907    0.0000 Na  0  0  0  0  0 15  0  0  0  0  0  0\n   -1.8876   -2.7642    0.0000 C   0  0  0  0  0  0  0  0  0  0  0  0\n   -1.9061   -3.5889    0.0000 C   0  0  0  0  0  0  0  0  0  0  0  0\n   -1.1981   -4.0182    0.0000 C   0  0  0  0  0  0  0  0  0  0  0  0\n   -0.4755   -3.6203    0.0000 C   0  0  0  0  0  0  0  0  0  0  0  0\n    0.4407   -4.1758    0.0000 C   0  0  0  0  0  0  0  0  0  0  0  0\n   -2.6289   -3.9868    0.0000 C   0  0  0  0  0  0  0  0  0  0  0  0\n    1.3607   -4.7336    0.0000 C   0  0  0  0  0  0  0  0  0  0  0  0\n    0.8699   -3.4676    0.0000 P   0  0  0  0  0  0  0  0  0  0  0  0\n    0.0138   -4.8799    0.0000 P   0  0  0  0  0  0  0  0  0  0  0  0\n    2.0834   -4.3357    0.0000 C   0  0  0  0  0  0  0  0  0  0  0  0\n    2.7875   -4.7625    0.0000 C   0  0  0  0  0  0  0  0  0  0  0  0\n    3.5142   -4.3671    0.0000 C   0  0  0  0  0  0  0  0  0  0  0  0\n    2.7729   -5.5897    0.0000 C   0  0  0  0  0  0  0  0  0  0  0  0\n    4.2181   -4.7940    0.0000 C   0  0  0  0  0  0  0  0  0  0  0  0\n    4.9409   -4.3962    0.0000 C   0  0  0  0  0  0  0  0  0  0  0  0\n    5.6489   -4.8254    0.0000 C   0  0  0  0  0  0  0  0  0  0  0  0\n    5.6304   -5.6501    0.0000 C   0  0  0  0  0  0  0  0  0  0  0  0\n    6.3716   -4.4275    0.0000 C   0  0  0  0  0  0  0  0  0  0  0  0\n   -0.4155   -5.5879    0.0000 O   0  0  0  0  0  0  0  0  0  0  0  0\n    0.7218   -5.3091    0.0000 O   0  0  0  0  0  0  0  0  0  0  0  0\n    1.2968   -2.7635    0.0000 O   0  0  0  0  0  0  0  0  0  0  0  0\n    0.1658   -3.0408    0.0000 O   0  0  0  0  0  0  0  0  0  0  0  0\n   -0.6903   -4.4530    0.0000 O   0  0  0  0  0  0  0  0  0  0  0  0\n    1.5780   -3.8970    0.0000 O   0  0  0  0  0  0  0  0  0  0  0  0\n   -3.3434   -3.5743    0.0000 C   0  0  0  0  0  0  0  0  0  0  0  0\n   -4.0578   -3.9868    0.0000 C   0  0  0  0  0  0  0  0  0  0  0  0\n   -4.7723   -3.5743    0.0000 C   0  0  0  0  0  0  0  0  0  0  0  0\n   -5.4868   -3.9868    0.0000 C   0  0  0  0  0  0  0  0  0  0  0  0\n   -4.7723   -2.7493    0.0000 C   0  0  0  0  0  0  0  0  0  0  0  0\n    1.2085   -1.9074    0.0000 Na  0  0  0  0  0 15  0  0  0  0  0  0\n    3.1460   -2.7490    0.0000 Na  0  0  0  0  0 15  0  0  0  0  0  0\n   -2.0999   -5.4032    0.0000 Na  0  0  0  0  0 15  0  0  0  0  0  0\n  2  3  1  0\n  3  4  2  0\n  4  5  1  0\n  5  6  1  0\n  3  7  1  0\n  6  8  1  0\n  6  9  1  0\n  6 10  1  0\n  8 11  1  0\n 11 12  2  0\n 12 13  1  0\n 12 14  1  0\n 13 15  1  0\n 15 16  1  0\n 16 17  2  0\n 17 18  1  0\n 17 19  1  0\n 10 20  2  0\n 10 21  1  0\n  9 22  2  0\n  9 23  1  0\n 10 24  1  0\n  9 25  1  0\n  7 26  1  0\n 26 27  1  0\n 27 28  2  0\n 28 29  1  0\n 28 30  1  0\nM  CHG  8   1   1  21  -1  23  -1  24  -1  25  -1  31   1  32   1  33   1\nM  END\n> <chembl_id>\nCHEMBL2096899\n\n> <chembl_pref_name>\nNone"", ""standard_inchi"": ""InChI=1S/C21H38O6P2.4Na/c1-17(2)9-7-11-19(5)13-15-21(28(22,23)24,29(25,26)27)16-14-20(6)12-8-10-18(3)4;;;;/h9-10,13-14H,7-8,11-12,15-16H2,1-6H3,(H2,22,23,24)(H2,25,26,27);;;;/q;4*+1/p-4/b19-13+,20-14+;;;;"", ""standard_inchi_key"": ""MPGGMSSLQRFXRP-DRLFUFNGSA-J""}","[]","[]","[]","0adfbfb6-3304-4e79-a3cb-cfaf3fa39d83","incremental","None","2025-12-22T18:37:09.735957+00:00"
"chembl:CHEMBL2107493","8d75a82274b028c9e27b51f5de7071ed5eb23a70b77d1527a716fa13cd80ba3e","CHEMBL2107493",,"Small molecule","MOL",,,false,false,false,0,0,-1,-1,false,false,-1,0,"{""active_chembl_id"": ""CHEMBL76688"", ""molecule_chembl_id"": ""CHEMBL2107493"", ""parent_chembl_id"": ""CHEMBL76688""}","{""alogp"": ""2.25"", ""aromatic_rings"": 2, ""full_molformula"": ""C20H21N2NaO7S"", ""full_mwt"": ""456.45"", ""hba"": 6, ""hbd"": 3, ""heavy_atoms"": 30, ""mw_freebase"": ""434.47"", ""np_likeness_score"": ""-1.22"", ""num_ro5_violations"": 0, ""psa"": ""138.87"", ""qed_weighted"": ""0.45"", ""ro3_pass"": ""N"", ""rtb"": 7}","{""canonical_smiles"": ""CC(C)(C)C(=O)Oc1ccc(S(=O)(=O)Nc2ccccc2C(=O)NCC(=O)[O-])cc1.[Na+]"", ""molfile"": ""\n     RDKit          2D\n\n 31 31  0  0  0  0  0  0  0  0999 V2000\n    6.0542   -2.5750    0.0000 Na  0  0  0  0  0 15  0  0  0  0  0  0\n    3.6792   -5.3042    0.0000 S   0  0  0  0  0  0  0  0  0  0  0  0\n    3.0542   -5.6667    0.0000 N   0  0  0  0  0  0  0  0  0  0  0  0\n    2.4292   -4.5792    0.0000 C   0  0  0  0  0  0  0  0  0  0  0  0\n    6.6542   -6.3292    0.0000 C   0  0  0  0  0  0  0  0  0  0  0  0\n    3.0542   -4.2125    0.0000 C   0  0  0  0  0  0  0  0  0  0  0  0\n    2.4292   -5.3042    0.0000 C   0  0  0  0  0  0  0  0  0  0  0  0\n    4.3167   -5.6625    0.0000 C   0  0  0  0  0  0  0  0  0  0  0  0\n    3.0750   -4.9417    0.0000 O   0  0  0  0  0  0  0  0  0  0  0  0\n    4.2917   -4.9417    0.0000 O   0  0  0  0  0  0  0  0  0  0  0  0\n    3.0542   -3.4250    0.0000 N   0  0  0  0  0  0  0  0  0  0  0  0\n    6.0667   -6.6625    0.0000 O   0  0  0  0  0  0  0  0  0  0  0  0\n    7.2500   -6.6625    0.0000 C   0  0  0  0  0  0  0  0  0  0  0  0\n    4.3250   -3.4250    0.0000 C   0  0  0  0  0  0  0  0  0  0  0  0\n    6.6542   -5.6625    0.0000 O   0  0  0  0  0  0  0  0  0  0  0  0\n    3.7125   -4.5417    0.0000 O   0  0  0  0  0  0  0  0  0  0  0  0\n    4.9667   -3.1250    0.0000 O   0  0  0  0  0  0  0  0  0  0  0  0\n    4.3250   -4.1667    0.0000 O   0  0  0  0  0  0  0  0  0  0  0  0\n    4.8917   -5.3167    0.0000 C   0  0  0  0  0  0  0  0  0  0  0  0\n    4.3167   -6.3292    0.0000 C   0  0  0  0  0  0  0  0  0  0  0  0\n    3.7125   -3.1250    0.0000 C   0  0  0  0  0  0  0  0  0  0  0  0\n    5.4917   -6.3417    0.0000 C   0  0  0  0  0  0  0  0  0  0  0  0\n    4.9042   -6.6792    0.0000 C   0  0  0  0  0  0  0  0  0  0  0  0\n    5.4917   -5.6625    0.0000 C   0  0  0  0  0  0  0  0  0  0  0  0\n    1.7792   -4.2042    0.0000 C   0  0  0  0  0  0  0  0  0  0  0  0\n    1.7792   -5.6667    0.0000 C   0  0  0  0  0  0  0  0  0  0  0  0\n    7.8167   -6.3292    0.0000 C   0  0  0  0  0  0  0  0  0  0  0  0\n    7.2500   -7.3292    0.0000 C   0  0  0  0  0  0  0  0  0  0  0  0\n    7.9167   -7.0542    0.0000 C   0  0  0  0  0  0  0  0  0  0  0  0\n    1.1417   -4.5792    0.0000 C   0  0  0  0  0  0  0  0  0  0  0  0\n    1.1417   -5.2917    0.0000 C   0  0  0  0  0  0  0  0  0  0  0  0\n  3  2  1  0\n  4  7  2  0\n  5 12  1  0\n  6  4  1  0\n  7  3  1  0\n  8  2  1  0\n  9  2  2  0\n 10  2  2  0\n 11  6  1  0\n 12 22  1  0\n 13  5  1  0\n 14 21  1  0\n 15  5  2  0\n 16  6  2  0\n 17 14  1  0\n 18 14  2  0\n 19  8  2  0\n 20  8  1  0\n 21 11  1  0\n 22 23  1  0\n 23 20  2  0\n 24 19  1  0\n 25  4  1  0\n 26  7  1  0\n 27 13  1  0\n 28 13  1  0\n 29 13  1  0\n 30 31  1  0\n 31 26  2  0\n 22 24  2  0\n 30 25  2  0\nM  CHG  2   1   1  17  -1\nM  END\n> <chembl_id>\nCHEMBL2107493\n\n> <chembl_pref_name>\nNone"", ""standard_inchi"": ""InChI=1S/C20H22N2O7S.Na/c1-20(2,3)19(26)29-13-8-10-14(11-9-13)30(27,28)22-16-7-5-4-6-15(16)18(25)21-12-17(23)24;/h4-11,22H,12H2,1-3H3,(H,21,25)(H,23,24);/q;+1/p-1"", ""standard_inchi_key"": ""ZAIFANJZUGNYCK-UHFFFAOYSA-M""}","[]","[]","[]","0adfbfb6-3304-4e79-a3cb-cfaf3fa39d83","incremental","None","2025-12-22T18:37:09.736048+00:00"
"chembl:CHEMBL220037","f7caa7c0417a6dae4ea94026b9367aa49a94a68adbc17bc4d0f58a377fb72904","CHEMBL220037",,"Small molecule","MOL",,,false,false,false,0,0,-1,-1,false,false,-1,0,"{""active_chembl_id"": ""CHEMBL220037"", ""molecule_chembl_id"": ""CHEMBL220037"", ""parent_chembl_id"": ""CHEMBL220037""}","{""alogp"": ""4.98"", ""aromatic_rings"": 4, ""full_molformula"": ""C20H14ClFN6"", ""full_mwt"": ""392.82"", ""hba"": 5, ""hbd"": 3, ""heavy_atoms"": 28, ""mw_freebase"": ""392.82"", ""np_likeness_score"": ""-1.85"", ""num_ro5_violations"": 0, ""psa"": ""89.42"", ""qed_weighted"": ""0.45"", ""ro3_pass"": ""N"", ""rtb"": 5}","{""canonical_smiles"": ""N#Cc1cnc2ccc(NCc3c[nH]cn3)cc2c1Nc1ccc(F)c(Cl)c1"", ""molfile"": ""\n     RDKit          2D\n\n 28 31  0  0  0  0  0  0  0  0999 V2000\n    8.8370   -0.4375    0.0000 C   0  0  0  0  0  0  0  0  0  0  0  0\n    9.5527   -0.0271    0.0000 N   0  0  0  0  0  0  0  0  0  0  0  0\n   10.2660   -0.4417    0.0000 C   0  0  0  0  0  0  0  0  0  0  0  0\n   10.2623   -1.2678    0.0000 C   0  0  0  0  0  0  0  0  0  0  0  0\n   10.9747   -1.6823    0.0000 C   0  0  0  0  0  0  0  0  0  0  0  0\n   10.9781   -0.0317    0.0000 C   0  0  0  0  0  0  0  0  0  0  0  0\n   11.6912   -0.4425    0.0000 C   0  0  0  0  0  0  0  0  0  0  0  0\n   11.6900   -1.2691    0.0000 C   0  0  0  0  0  0  0  0  0  0  0  0\n   12.4040   -1.6816    0.0000 N   0  0  0  0  0  0  0  0  0  0  0  0\n   13.1198   -1.2688    0.0000 C   0  0  0  0  0  0  0  0  0  0  0  0\n   13.1170   -0.4390    0.0000 C   0  0  0  0  0  0  0  0  0  0  0  0\n   12.4024   -0.0303    0.0000 C   0  0  0  0  0  0  0  0  0  0  0  0\n   13.8300   -0.0239    0.0000 C   0  0  0  0  0  0  0  0  0  0  0  0\n   14.5486    0.3905    0.0000 N   0  0  0  0  0  0  0  0  0  0  0  0\n   12.4000    0.7948    0.0000 N   0  0  0  0  0  0  0  0  0  0  0  0\n   13.1134    1.2094    0.0000 C   0  0  0  0  0  0  0  0  0  0  0  0\n   13.8259    0.7977    0.0000 C   0  0  0  0  0  0  0  0  0  0  0  0\n   14.5387    1.2116    0.0000 C   0  0  0  0  0  0  0  0  0  0  0  0\n   14.5368    2.0376    0.0000 C   0  0  0  0  0  0  0  0  0  0  0  0\n   13.8160    2.4478    0.0000 C   0  0  0  0  0  0  0  0  0  0  0  0\n   13.1062    2.0316    0.0000 C   0  0  0  0  0  0  0  0  0  0  0  0\n   13.8107    3.2728    0.0000 Cl  0  0  0  0  0  0  0  0  0  0  0  0\n   15.2496    2.4531    0.0000 F   0  0  0  0  0  0  0  0  0  0  0  0\n    8.1236   -0.0229    0.0000 C   0  0  0  0  0  0  0  0  0  0  0  0\n    8.0423    0.7957    0.0000 C   0  0  0  0  0  0  0  0  0  0  0  0\n    7.2358    0.9696    0.0000 N   0  0  0  0  0  0  0  0  0  0  0  0\n    6.8211    0.2561    0.0000 C   0  0  0  0  0  0  0  0  0  0  0  0\n    7.3716   -0.3585    0.0000 N   0  0  0  0  0  0  0  0  0  0  0  0\n  6  3  1  0\n 13 14  3  0\n  1  2  1  0\n 12 15  1  0\n  3  4  2  0\n 15 16  1  0\n  7  8  1  0\n 16 17  2  0\n 17 18  1  0\n  8  9  1  0\n 18 19  2  0\n  4  5  1  0\n 19 20  1  0\n  9 10  2  0\n 20 21  2  0\n 21 16  1  0\n  5  8  2  0\n 20 22  1  0\n 10 11  1  0\n 19 23  1  0\n  2  3  1  0\n  1 24  1  0\n 24 25  2  0\n 11 12  2  0\n 12  7  1  0\n  7  6  2  0\n 11 13  1  0\n 25 26  1  0\n 26 27  1  0\n 27 28  2  0\n 28 24  1  0\nM  END\n> <chembl_id>\nCHEMBL220037\n\n> <chembl_pref_name>\nNone"", ""standard_inchi"": ""InChI=1S/C20H14ClFN6/c21-17-6-14(1-3-18(17)22)28-20-12(7-23)8-26-19-4-2-13(5-16(19)20)25-10-15-9-24-11-27-15/h1-6,8-9,11,25H,10H2,(H,24,27)(H,26,28)"", ""standard_inchi_key"": ""HFOOHVUKODGHBP-UHFFFAOYSA-N""}","[]","[]","[]","0adfbfb6-3304-4e79-a3cb-cfaf3fa39d83","incremental","None","2025-12-22T18:37:09.732924+00:00"
"chembl:CHEMBL2385904","8c39f2e6b676439246081568cde8109cb9e575623b90fbe9c33e5d2d54b6f09b","CHEMBL2385904",,"Small molecule","MOL",,,false,false,false,0,0,-1,-1,false,false,-1,0,"{""active_chembl_id"": ""CHEMBL2385904"", ""molecule_chembl_id"": ""CHEMBL2385904"", ""parent_chembl_id"": ""CHEMBL2385904""}","{""alogp"": ""5.15"", ""aromatic_rings"": 4, ""full_molformula"": ""C28H26N2O3"", ""full_mwt"": ""438.53"", ""hba"": 3, ""hbd"": 1, ""heavy_atoms"": 33, ""mw_freebase"": ""438.53"", ""np_likeness_score"": ""-0.99"", ""num_ro5_violations"": 1, ""psa"": ""62.54"", ""qed_weighted"": ""0.47"", ""ro3_pass"": ""N"", ""rtb"": 5}","{""canonical_smiles"": ""CCc1ccc(-c2ccc(C(=O)N3CCc4c(c5ccccc5n4CC(=O)O)C3)cc2)cc1"", ""molfile"": ""\n     RDKit          2D\n\n 33 37  0  0  0  0  0  0  0  0999 V2000\n    0.2957   -3.4214    0.0000 C   0  0  0  0  0  0  0  0  0  0  0  0\n    0.2946   -4.2410    0.0000 C   0  0  0  0  0  0  0  0  0  0  0  0\n    1.0026   -4.6499    0.0000 C   0  0  0  0  0  0  0  0  0  0  0  0\n    1.0009   -3.0126    0.0000 C   0  0  0  0  0  0  0  0  0  0  0  0\n    1.7095   -3.4178    0.0000 C   0  0  0  0  0  0  0  0  0  0  0  0\n    1.7097   -4.2410    0.0000 C   0  0  0  0  0  0  0  0  0  0  0  0\n    2.4927   -4.4952    0.0000 N   0  0  0  0  0  0  0  0  0  0  0  0\n    2.4923   -3.1633    0.0000 C   0  0  0  0  0  0  0  0  0  0  0  0\n    2.9765   -3.8304    0.0000 C   0  0  0  0  0  0  0  0  0  0  0  0\n    3.7918   -3.7451    0.0000 C   0  0  0  0  0  0  0  0  0  0  0  0\n    4.1292   -2.9937    0.0000 C   0  0  0  0  0  0  0  0  0  0  0  0\n    3.6448   -2.3267    0.0000 N   0  0  0  0  0  0  0  0  0  0  0  0\n    2.8234   -2.4109    0.0000 C   0  0  0  0  0  0  0  0  0  0  0  0\n    2.7450   -5.2724    0.0000 C   0  0  0  0  0  0  0  0  0  0  0  0\n    3.5621   -5.2333    0.0000 C   0  0  0  0  0  0  0  0  0  0  0  0\n    4.0033   -5.9225    0.0000 O   0  0  0  0  0  0  0  0  0  0  0  0\n    3.9419   -4.5084    0.0000 O   0  0  0  0  0  0  0  0  0  0  0  0\n    4.0519   -1.6181    0.0000 C   0  0  0  0  0  0  0  0  0  0  0  0\n    4.8691   -1.6165    0.0000 C   0  0  0  0  0  0  0  0  0  0  0  0\n    3.6419   -0.9113    0.0000 O   0  0  0  0  0  0  0  0  0  0  0  0\n    5.2768   -2.3228    0.0000 C   0  0  0  0  0  0  0  0  0  0  0  0\n    6.0933   -2.3215    0.0000 C   0  0  0  0  0  0  0  0  0  0  0  0\n    6.5012   -1.6124    0.0000 C   0  0  0  0  0  0  0  0  0  0  0  0\n    6.0868   -0.9032    0.0000 C   0  0  0  0  0  0  0  0  0  0  0  0\n    5.2717   -0.9080    0.0000 C   0  0  0  0  0  0  0  0  0  0  0  0\n    7.3164   -1.6107    0.0000 C   0  0  0  0  0  0  0  0  0  0  0  0\n    7.7268   -2.3187    0.0000 C   0  0  0  0  0  0  0  0  0  0  0  0\n    8.5433   -2.3163    0.0000 C   0  0  0  0  0  0  0  0  0  0  0  0\n    8.9503   -1.6066    0.0000 C   0  0  0  0  0  0  0  0  0  0  0  0\n    8.5349   -0.8980    0.0000 C   0  0  0  0  0  0  0  0  0  0  0  0\n    7.7198   -0.9039    0.0000 C   0  0  0  0  0  0  0  0  0  0  0  0\n    9.7675   -1.6028    0.0000 C   0  0  0  0  0  0  0  0  0  0  0  0\n   10.1794   -2.3086    0.0000 C   0  0  0  0  0  0  0  0  0  0  0  0\n  1  2  2  0\n  2  3  1  0\n  3  6  2  0\n  5  4  2  0\n  4  1  1  0\n  5  6  1  0\n  6  7  1  0\n  7  9  1  0\n  8  5  1  0\n  8  9  2  0\n  8 13  1  0\n  9 10  1  0\n 10 11  1  0\n 11 12  1  0\n 12 13  1  0\n  7 14  1  0\n 14 15  1  0\n 15 16  1  0\n 15 17  2  0\n 12 18  1  0\n 18 19  1  0\n 18 20  2  0\n 19 21  2  0\n 21 22  1  0\n 22 23  2  0\n 23 24  1  0\n 24 25  2  0\n 25 19  1  0\n 26 27  2  0\n 27 28  1  0\n 28 29  2  0\n 29 30  1  0\n 30 31  2  0\n 31 26  1  0\n 23 26  1  0\n 29 32  1  0\n 32 33  1  0\nM  END\n> <chembl_id>\nCHEMBL2385904\n\n> <chembl_pref_name>\nNone"", ""standard_inchi"": ""InChI=1S/C28H26N2O3/c1-2-19-7-9-20(10-8-19)21-11-13-22(14-12-21)28(33)29-16-15-26-24(17-29)23-5-3-4-6-25(23)30(26)18-27(31)32/h3-14H,2,15-18H2,1H3,(H,31,32)"", ""standard_inchi_key"": ""PJEVQOJEJXZQAR-UHFFFAOYSA-N""}","[]","[]","[]","0adfbfb6-3304-4e79-a3cb-cfaf3fa39d83","incremental","None","2025-12-22T18:37:09.736144+00:00"
"chembl:CHEMBL241749","fa433baef5a54bb9bae374bd554730aebf871a03d41243bf0c0b0cc2a2211e55","CHEMBL241749",,"Small molecule","MOL",,,false,false,false,0,0,-1,-1,false,false,-1,0,"{""active_chembl_id"": ""CHEMBL241749"", ""molecule_chembl_id"": ""CHEMBL241749"", ""parent_chembl_id"": ""CHEMBL241749""}","{""alogp"": ""5.79"", ""aromatic_rings"": 4, ""full_molformula"": ""C21H19Cl2N5S"", ""full_mwt"": ""444.39"", ""hba"": 6, ""hbd"": 1, ""heavy_atoms"": 29, ""mw_freebase"": ""444.39"", ""np_likeness_score"": ""-1.86"", ""num_ro5_violations"": 1, ""psa"": ""55.63"", ""qed_weighted"": ""0.22"", ""ro3_pass"": ""N"", ""rtb"": 7}","{""canonical_smiles"": ""CSc1nc(NCc2ccccc2)c2cnn(CC(Cl)c3ccc(Cl)cc3)c2n1"", ""molfile"": ""\n     RDKit          2D\n\n 29 32  0  0  0  0  0  0  0  0999 V2000\n   18.3958  -30.8639    0.0000 N   0  0  0  0  0  0  0  0  0  0  0  0\n   18.3945  -31.6916    0.0000 C   0  0  0  0  0  0  0  0  0  0  0  0\n   19.1075  -32.1044    0.0000 N   0  0  0  0  0  0  0  0  0  0  0  0\n   19.1056  -30.4511    0.0000 C   0  0  0  0  0  0  0  0  0  0  0  0\n   17.6795  -32.1030    0.0000 S   0  0  0  0  0  0  0  0  0  0  0  0\n   19.1016  -29.6261    0.0000 N   0  0  0  0  0  0  0  0  0  0  0  0\n   20.6145  -31.9468    0.0000 N   0  0  0  0  0  0  0  0  0  0  0  0\n   21.1024  -31.2743    0.0000 N   0  0  0  0  0  0  0  0  0  0  0  0\n   20.6135  -30.6027    0.0000 C   0  0  0  0  0  0  0  0  0  0  0  0\n   19.8236  -30.8600    0.0000 C   0  0  0  0  0  0  0  0  0  0  0  0\n   19.8242  -31.6907    0.0000 C   0  0  0  0  0  0  0  0  0  0  0  0\n   21.0190  -32.6560    0.0000 C   0  0  0  0  0  0  0  0  0  0  0  0\n   21.8440  -32.6603    0.0000 C   0  0  0  0  0  0  0  0  0  0  0  0\n   22.2602  -31.9481    0.0000 C   0  0  0  0  0  0  0  0  0  0  0  0\n   22.2528  -33.3770    0.0000 Cl  0  0  0  0  0  0  0  0  0  0  0  0\n   23.0841  -31.9545    0.0000 C   0  0  0  0  0  0  0  0  0  0  0  0\n   23.5003  -31.2430    0.0000 C   0  0  0  0  0  0  0  0  0  0  0  0\n   23.0915  -30.5254    0.0000 C   0  0  0  0  0  0  0  0  0  0  0  0\n   22.2622  -30.5237    0.0000 C   0  0  0  0  0  0  0  0  0  0  0  0\n   21.8497  -31.2357    0.0000 C   0  0  0  0  0  0  0  0  0  0  0  0\n   16.9656  -31.6895    0.0000 C   0  0  0  0  0  0  0  0  0  0  0  0\n   18.3853  -29.2170    0.0000 C   0  0  0  0  0  0  0  0  0  0  0  0\n   18.3814  -28.3920    0.0000 C   0  0  0  0  0  0  0  0  0  0  0  0\n   19.0950  -27.9813    0.0000 C   0  0  0  0  0  0  0  0  0  0  0  0\n   19.0915  -27.1571    0.0000 C   0  0  0  0  0  0  0  0  0  0  0  0\n   18.3746  -26.7471    0.0000 C   0  0  0  0  0  0  0  0  0  0  0  0\n   17.6597  -27.1673    0.0000 C   0  0  0  0  0  0  0  0  0  0  0  0\n   17.6667  -27.9902    0.0000 C   0  0  0  0  0  0  0  0  0  0  0  0\n   23.5067  -29.8126    0.0000 Cl  0  0  0  0  0  0  0  0  0  0  0  0\n 13 14  1  0\n 10 11  1  0\n 13 15  1  0\n  3 11  2  0\n 14 16  2  0\n  1  2  2  0\n 16 17  1  0\n  8  9  2  0\n 17 18  2  0\n 10  4  2  0\n 18 19  1  0\n  4  1  1  0\n 19 20  2  0\n 20 14  1  0\n  5 21  1  0\n  7  8  1  0\n  6 22  1  0\n  9 10  1  0\n 22 23  1  0\n 11  7  1  0\n 23 24  2  0\n  2  5  1  0\n 24 25  1  0\n  7 12  1  0\n 25 26  2  0\n  2  3  1  0\n 26 27  1  0\n 12 13  1  0\n 27 28  2  0\n 28 23  1  0\n  4  6  1  0\n 18 29  1  0\nM  END\n> <chembl_id>\nCHEMBL241749\n\n> <chembl_pref_name>\nNone"", ""standard_inchi"": ""InChI=1S/C21H19Cl2N5S/c1-29-21-26-19(24-11-14-5-3-2-4-6-14)17-12-25-28(20(17)27-21)13-18(23)15-7-9-16(22)10-8-15/h2-10,12,18H,11,13H2,1H3,(H,24,26,27)"", ""standard_inchi_key"": ""JUBQMCOOSJGKFM-UHFFFAOYSA-N""}","[]","[]","[]","0adfbfb6-3304-4e79-a3cb-cfaf3fa39d83","incremental","None","2025-12-22T18:37:09.733382+00:00"
"chembl:CHEMBL242237","698360a7f1ac01b43be5b495ccedf9542fb1ab03c456c9bb19472add9a047729","CHEMBL242237",,"Small molecule","MOL",,,false,false,false,0,1,-1,-1,false,false,-1,0,"{""active_chembl_id"": ""CHEMBL242237"", ""molecule_chembl_id"": ""CHEMBL242237"", ""parent_chembl_id"": ""CHEMBL242237""}","{""alogp"": ""2.77"", ""aromatic_rings"": 3, ""full_molformula"": ""C17H15N5O2"", ""full_mwt"": ""321.34"", ""hba"": 6, ""hbd"": 4, ""heavy_atoms"": 24, ""mw_freebase"": ""321.34"", ""np_likeness_score"": ""-1.15"", ""num_ro5_violations"": 0, ""psa"": ""113.16"", ""qed_weighted"": ""0.57"", ""ro3_pass"": ""N"", ""rtb"": 5}","{""canonical_smiles"": ""NC(=O)c1ccccc1Nc1ccnc(Nc2cccc(O)c2)n1"", ""molfile"": ""\n     RDKit          2D\n\n 24 26  0  0  0  0  0  0  0  0999 V2000\n    2.7861    0.3256    0.0000 C   0  0  0  0  0  0  0  0  0  0  0  0\n    2.0716   -0.0869    0.0000 N   0  0  0  0  0  0  0  0  0  0  0  0\n    2.0716   -0.9119    0.0000 C   0  0  0  0  0  0  0  0  0  0  0  0\n    2.7861   -1.3244    0.0000 C   0  0  0  0  0  0  0  0  0  0  0  0\n    3.5006   -0.9119    0.0000 C   0  0  0  0  0  0  0  0  0  0  0  0\n    3.5006   -0.0869    0.0000 N   0  0  0  0  0  0  0  0  0  0  0  0\n    1.3572   -1.3244    0.0000 N   0  0  0  0  0  0  0  0  0  0  0  0\n    1.3572   -2.1494    0.0000 C   0  0  0  0  0  0  0  0  0  0  0  0\n    0.6427   -2.5619    0.0000 C   0  0  0  0  0  0  0  0  0  0  0  0\n    0.6427   -3.3869    0.0000 C   0  0  0  0  0  0  0  0  0  0  0  0\n    1.3572   -3.7994    0.0000 C   0  0  0  0  0  0  0  0  0  0  0  0\n    2.0716   -3.3869    0.0000 C   0  0  0  0  0  0  0  0  0  0  0  0\n    2.0716   -2.5619    0.0000 C   0  0  0  0  0  0  0  0  0  0  0  0\n    2.7861    1.1506    0.0000 N   0  0  0  0  0  0  0  0  0  0  0  0\n    2.0716    1.5631    0.0000 C   0  0  0  0  0  0  0  0  0  0  0  0\n    2.0716    2.3881    0.0000 C   0  0  0  0  0  0  0  0  0  0  0  0\n    1.3572    2.8006    0.0000 C   0  0  0  0  0  0  0  0  0  0  0  0\n    0.6427    2.3881    0.0000 C   0  0  0  0  0  0  0  0  0  0  0  0\n    0.6427    1.5631    0.0000 C   0  0  0  0  0  0  0  0  0  0  0  0\n    1.3572    1.1506    0.0000 C   0  0  0  0  0  0  0  0  0  0  0  0\n   -0.0718    1.1506    0.0000 O   0  0  0  0  0  0  0  0  0  0  0  0\n   -0.0718   -2.1494    0.0000 C   0  0  0  0  0  0  0  0  0  0  0  0\n   -0.0718   -1.3244    0.0000 N   0  0  0  0  0  0  0  0  0  0  0  0\n   -0.7863   -2.5619    0.0000 O   0  0  0  0  0  0  0  0  0  0  0  0\n  1  6  2  0\n  1  2  1  0\n  1 14  1  0\n  3  2  2  0\n  3  4  1  0\n  3  7  1  0\n  4  5  2  0\n  5  6  1  0\n  8  7  1  0\n  8  9  1  0\n 13  8  2  0\n 22  9  1  0\n 10  9  2  0\n 10 11  1  0\n 11 12  2  0\n 12 13  1  0\n 15 14  1  0\n 15 20  2  0\n 15 16  1  0\n 16 17  2  0\n 17 18  1  0\n 18 19  2  0\n 19 20  1  0\n 19 21  1  0\n 22 23  1  0\n 22 24  2  0\nM  END\n> <chembl_id>\nCHEMBL242237\n\n> <chembl_pref_name>\nNone"", ""standard_inchi"": ""InChI=1S/C17H15N5O2/c18-16(24)13-6-1-2-7-14(13)21-15-8-9-19-17(22-15)20-11-4-3-5-12(23)10-11/h1-10,23H,(H2,18,24)(H2,19,20,21,22)"", ""standard_inchi_key"": ""QHPKKGUGRGRSGA-UHFFFAOYSA-N""}","[]","[]","[]","0adfbfb6-3304-4e79-a3cb-cfaf3fa39d83","incremental","None","2025-12-22T18:37:09.733103+00:00"
"chembl:CHEMBL2426573","5bab054ba2fec33abb57c32d335b652be628b6da2109c77e76fdb799bbfa7621","CHEMBL2426573",,"Small molecule","MOL",,,false,false,false,0,0,-1,-1,false,false,-1,0,"{""active_chembl_id"": ""CHEMBL2426573"", ""molecule_chembl_id"": ""CHEMBL2426573"", ""parent_chembl_id"": ""CHEMBL2426573""}","{""alogp"": ""4.17"", ""aromatic_rings"": 3, ""full_molformula"": ""C22H29N5O3S2"", ""full_mwt"": ""475.64"", ""hba"": 10, ""hbd"": 3, ""heavy_atoms"": 32, ""mw_freebase"": ""475.64"", ""np_likeness_score"": ""-0.96"", ""num_ro5_violations"": 0, ""psa"": ""129.40"", ""qed_weighted"": ""0.29"", ""ro3_pass"": ""N"", ""rtb"": 10}","{""canonical_smiles"": ""CCCc1sc(-c2ccc(OC)c(OCC(C)(C)O)c2)nc1CSc1nc(N)cc(N)n1"", ""molfile"": ""\n     RDKit          2D\n\n 32 34  0  0  0  0  0  0  0  0999 V2000\n   17.4417   -7.0287    0.0000 C   0  0  0  0  0  0  0  0  0  0  0  0\n   17.0372   -7.7386    0.0000 C   0  0  0  0  0  0  0  0  0  0  0  0\n   17.8542   -7.7339    0.0000 C   0  0  0  0  0  0  0  0  0  0  0  0\n   13.4987   -6.5169    0.0000 C   0  0  0  0  0  0  0  0  0  0  0  0\n   13.4976   -7.3364    0.0000 C   0  0  0  0  0  0  0  0  0  0  0  0\n   14.2056   -7.7454    0.0000 C   0  0  0  0  0  0  0  0  0  0  0  0\n   14.9153   -7.3359    0.0000 C   0  0  0  0  0  0  0  0  0  0  0  0\n   14.9125   -6.5133    0.0000 C   0  0  0  0  0  0  0  0  0  0  0  0\n   14.2039   -6.1080    0.0000 C   0  0  0  0  0  0  0  0  0  0  0  0\n   14.2019   -5.2909    0.0000 C   0  0  0  0  0  0  0  0  0  0  0  0\n   14.8616   -4.8086    0.0000 N   0  0  0  0  0  0  0  0  0  0  0  0\n   14.6067   -4.0321    0.0000 C   0  0  0  0  0  0  0  0  0  0  0  0\n   13.7895   -4.0346    0.0000 C   0  0  0  0  0  0  0  0  0  0  0  0\n   13.5394   -4.8125    0.0000 S   0  0  0  0  0  0  0  0  0  0  0  0\n   15.0851   -3.3696    0.0000 C   0  0  0  0  0  0  0  0  0  0  0  0\n   15.8981   -3.4526    0.0000 S   0  0  0  0  0  0  0  0  0  0  0  0\n   16.3174   -2.7507    0.0000 C   0  0  0  0  0  0  0  0  0  0  0  0\n   17.1397   -2.7654    0.0000 N   0  0  0  0  0  0  0  0  0  0  0  0\n   17.5588   -2.0647    0.0000 C   0  0  0  0  0  0  0  0  0  0  0  0\n   17.1608   -1.3500    0.0000 C   0  0  0  0  0  0  0  0  0  0  0  0\n   16.3394   -1.3403    0.0000 C   0  0  0  0  0  0  0  0  0  0  0  0\n   15.9240   -2.0416    0.0000 N   0  0  0  0  0  0  0  0  0  0  0  0\n   18.3759   -2.0774    0.0000 N   0  0  0  0  0  0  0  0  0  0  0  0\n   15.9390   -0.6279    0.0000 N   0  0  0  0  0  0  0  0  0  0  0  0\n   13.3071   -3.3749    0.0000 C   0  0  0  0  0  0  0  0  0  0  0  0\n   12.4947   -3.4628    0.0000 C   0  0  0  0  0  0  0  0  0  0  0  0\n   12.0123   -2.8032    0.0000 C   0  0  0  0  0  0  0  0  0  0  0  0\n   14.2054   -8.5625    0.0000 O   0  0  0  0  0  0  0  0  0  0  0  0\n   14.9131   -8.9713    0.0000 C   0  0  0  0  0  0  0  0  0  0  0  0\n   15.6237   -7.7434    0.0000 O   0  0  0  0  0  0  0  0  0  0  0  0\n   16.3307   -7.3337    0.0000 C   0  0  0  0  0  0  0  0  0  0  0  0\n   17.0398   -8.5557    0.0000 O   0  0  0  0  0  0  0  0  0  0  0  0\n  2  1  1  0\n  3  2  1  0\n  4  5  2  0\n  5  6  1  0\n  6  7  2  0\n  7  8  1  0\n  8  9  2  0\n  9  4  1  0\n 10 11  2  0\n 11 12  1  0\n 12 13  2  0\n 13 14  1  0\n 14 10  1  0\n  9 10  1  0\n 12 15  1  0\n 15 16  1  0\n 16 17  1  0\n 17 18  2  0\n 18 19  1  0\n 19 20  2  0\n 20 21  1  0\n 21 22  2  0\n 22 17  1  0\n 19 23  1  0\n 21 24  1  0\n 13 25  1  0\n 25 26  1  0\n 26 27  1  0\n  6 28  1  0\n 28 29  1  0\n  7 30  1  0\n 30 31  1  0\n 31  2  1  0\n  2 32  1  0\nM  END\n> <chembl_id>\nCHEMBL2426573\n\n> <chembl_pref_name>\nNone"", ""standard_inchi"": ""InChI=1S/C22H29N5O3S2/c1-5-6-17-14(11-31-21-26-18(23)10-19(24)27-21)25-20(32-17)13-7-8-15(29-4)16(9-13)30-12-22(2,3)28/h7-10,28H,5-6,11-12H2,1-4H3,(H4,23,24,26,27)"", ""standard_inchi_key"": ""PWASXBOUTAWHOZ-UHFFFAOYSA-N""}","[]","[]","[]","0adfbfb6-3304-4e79-a3cb-cfaf3fa39d83","incremental","None","2025-12-22T18:37:09.736352+00:00"
"chembl:CHEMBL242904","9ae90535516956cb9ec00997039b8ca514662736a9c01d04af38bf6b35cace2a","CHEMBL242904",,"Small molecule","MOL",,,false,false,false,0,0,-1,-1,false,false,-1,0,"{""active_chembl_id"": ""CHEMBL242904"", ""molecule_chembl_id"": ""CHEMBL242904"", ""parent_chembl_id"": ""CHEMBL242904""}","{""alogp"": ""3.09"", ""aromatic_rings"": 2, ""full_molformula"": ""C17H19N3O6S"", ""full_mwt"": ""393.42"", ""hba"": 6, ""hbd"": 2, ""heavy_atoms"": 27, ""mw_freebase"": ""393.42"", ""np_likeness_score"": ""-1.48"", ""num_ro5_violations"": 0, ""psa"": ""127.64"", ""qed_weighted"": ""0.57"", ""ro3_pass"": ""N"", ""rtb"": 6}","{""canonical_smiles"": ""Cc1ccc(Oc2ccc([N+](=O)[O-])cc2S(=O)(=O)NC(=O)NC(C)C)cc1"", ""molfile"": ""\n     RDKit          2D\n\n 27 28  0  0  0  0  0  0  0  0999 V2000\n    6.0861  -26.0000    0.0000 C   0  0  0  0  0  0  0  0  0  0  0  0\n    6.0849  -26.8273    0.0000 C   0  0  0  0  0  0  0  0  0  0  0  0\n    6.7997  -27.2402    0.0000 C   0  0  0  0  0  0  0  0  0  0  0  0\n    7.5162  -26.8269    0.0000 C   0  0  0  0  0  0  0  0  0  0  0  0\n    7.5133  -25.9963    0.0000 C   0  0  0  0  0  0  0  0  0  0  0  0\n    6.7979  -25.5872    0.0000 C   0  0  0  0  0  0  0  0  0  0  0  0\n    6.7955  -24.7622    0.0000 O   0  0  0  0  0  0  0  0  0  0  0  0\n    8.2262  -25.5811    0.0000 S   0  0  0  0  0  0  0  0  0  0  0  0\n    8.9375  -25.1625    0.0000 N   0  0  0  0  0  0  0  0  0  0  0  0\n    8.6431  -26.2931    0.0000 O   0  0  0  0  0  0  0  0  0  0  0  0\n    7.8091  -24.8694    0.0000 O   0  0  0  0  0  0  0  0  0  0  0  0\n    9.6554  -25.5690    0.0000 C   0  0  0  0  0  0  0  0  0  0  0  0\n   10.3664  -25.1505    0.0000 N   0  0  0  0  0  0  0  0  0  0  0  0\n    9.6623  -26.3940    0.0000 O   0  0  0  0  0  0  0  0  0  0  0  0\n    6.0798  -24.3518    0.0000 C   0  0  0  0  0  0  0  0  0  0  0  0\n    6.0807  -23.5276    0.0000 C   0  0  0  0  0  0  0  0  0  0  0  0\n    5.3658  -23.1173    0.0000 C   0  0  0  0  0  0  0  0  0  0  0  0\n    4.6516  -23.5320    0.0000 C   0  0  0  0  0  0  0  0  0  0  0  0\n    4.6567  -24.3612    0.0000 C   0  0  0  0  0  0  0  0  0  0  0  0\n    5.3721  -24.7678    0.0000 C   0  0  0  0  0  0  0  0  0  0  0  0\n   11.0843  -25.5570    0.0000 C   0  0  0  0  0  0  0  0  0  0  0  0\n    3.9353  -23.1226    0.0000 C   0  0  0  0  0  0  0  0  0  0  0  0\n   11.0912  -26.3820    0.0000 C   0  0  0  0  0  0  0  0  0  0  0  0\n   11.7953  -25.1386    0.0000 C   0  0  0  0  0  0  0  0  0  0  0  0\n    6.8016  -28.0698    0.0000 N   0  0  0  0  0  0  0  0  0  0  0  0\n    7.5159  -28.4825    0.0000 O   0  0  0  0  0  0  0  0  0  0  0  0\n    6.0870  -28.4821    0.0000 O   0  0  0  0  0  0  0  0  0  0  0  0\n  1  2  2  0\n 12 14  2  0\n  6  7  1  0\n  7 15  1  0\n  3  4  2  0\n 15 16  2  0\n  5  8  1  0\n 16 17  1  0\n 17 18  2  0\n  8  9  1  0\n 18 19  1  0\n  4  5  1  0\n 19 20  2  0\n 20 15  1  0\n  8 10  2  0\n 13 21  1  0\n  2  3  1  0\n 18 22  1  0\n  8 11  2  0\n 21 23  1  0\n  5  6  2  0\n 21 24  1  0\n  9 12  1  0\n  6  1  1  0\n 12 13  1  0\n 25 26  2  0\n 25 27  1  0\n  3 25  1  0\nM  CHG  2  25   1  27  -1\nM  END\n> <chembl_id>\nCHEMBL242904\n\n> <chembl_pref_name>\nNone"", ""standard_inchi"": ""InChI=1S/C17H19N3O6S/c1-11(2)18-17(21)19-27(24,25)16-10-13(20(22)23)6-9-15(16)26-14-7-4-12(3)5-8-14/h4-11H,1-3H3,(H2,18,19,21)"", ""standard_inchi_key"": ""KECGMRJJNYCKKG-UHFFFAOYSA-N""}","[]","[]","[]","0adfbfb6-3304-4e79-a3cb-cfaf3fa39d83","incremental","None","2025-12-22T18:37:09.733193+00:00"
"chembl:CHEMBL260326","db338c84ba7e9bbff3423a2354cbdecb65e82b3362b85c7b3048dad3d2828acb","CHEMBL260326",,"Small molecule","MOL",,,false,false,false,0,0,-1,-1,false,false,-1,0,"{""active_chembl_id"": ""CHEMBL260326"", ""molecule_chembl_id"": ""CHEMBL260326"", ""parent_chembl_id"": ""CHEMBL260326""}","{""alogp"": ""6.13"", ""aromatic_rings"": 4, ""full_molformula"": ""C22H16Cl2N2O3"", ""full_mwt"": ""427.29"", ""hba"": 4, ""hbd"": 1, ""heavy_atoms"": 29, ""mw_freebase"": ""427.29"", ""np_likeness_score"": ""-1.79"", ""num_ro5_violations"": 1, ""psa"": ""64.36"", ""qed_weighted"": ""0.42"", ""ro3_pass"": ""N"", ""rtb"": 5}","{""canonical_smiles"": ""Cc1ccccc1OCC(=O)Nc1ccc(-c2nc3cc(Cl)cc(Cl)c3o2)cc1"", ""molfile"": ""\n     RDKit          2D\n\n 29 32  0  0  0  0  0  0  0  0999 V2000\n   -4.7275  -17.2074    0.0000 C   0  0  0  0  0  0  0  0  0  0  0  0\n   -4.7287  -18.0352    0.0000 C   0  0  0  0  0  0  0  0  0  0  0  0\n   -4.0157  -18.4481    0.0000 C   0  0  0  0  0  0  0  0  0  0  0  0\n   -4.0177  -16.7947    0.0000 C   0  0  0  0  0  0  0  0  0  0  0  0\n   -3.2994  -17.2035    0.0000 C   0  0  0  0  0  0  0  0  0  0  0  0\n   -3.2943  -18.0305    0.0000 C   0  0  0  0  0  0  0  0  0  0  0  0\n   -2.5062  -18.2813    0.0000 N   0  0  0  0  0  0  0  0  0  0  0  0\n   -2.0241  -17.6091    0.0000 C   0  0  0  0  0  0  0  0  0  0  0  0\n   -2.5144  -16.9431    0.0000 O   0  0  0  0  0  0  0  0  0  0  0  0\n   -1.1990  -17.6040    0.0000 C   0  0  0  0  0  0  0  0  0  0  0  0\n   -0.7865  -18.3173    0.0000 C   0  0  0  0  0  0  0  0  0  0  0  0\n    0.0378  -18.3126    0.0000 C   0  0  0  0  0  0  0  0  0  0  0  0\n    0.4468  -17.5950    0.0000 C   0  0  0  0  0  0  0  0  0  0  0  0\n    0.0253  -16.8807    0.0000 C   0  0  0  0  0  0  0  0  0  0  0  0\n   -0.7976  -16.8890    0.0000 C   0  0  0  0  0  0  0  0  0  0  0  0\n    1.2718  -17.5887    0.0000 N   0  0  0  0  0  0  0  0  0  0  0  0\n    1.6790  -16.8710    0.0000 C   0  0  0  0  0  0  0  0  0  0  0  0\n    2.5040  -16.8649    0.0000 C   0  0  0  0  0  0  0  0  0  0  0  0\n    1.2611  -16.1597    0.0000 O   0  0  0  0  0  0  0  0  0  0  0  0\n    2.9111  -16.1472    0.0000 O   0  0  0  0  0  0  0  0  0  0  0  0\n    3.7362  -16.1410    0.0000 C   0  0  0  0  0  0  0  0  0  0  0  0\n    4.1513  -16.8538    0.0000 C   0  0  0  0  0  0  0  0  0  0  0  0\n    4.9756  -16.8478    0.0000 C   0  0  0  0  0  0  0  0  0  0  0  0\n    5.3835  -16.1297    0.0000 C   0  0  0  0  0  0  0  0  0  0  0  0\n    4.9612  -15.4159    0.0000 C   0  0  0  0  0  0  0  0  0  0  0  0\n    4.1383  -15.4254    0.0000 C   0  0  0  0  0  0  0  0  0  0  0  0\n    3.7427  -17.5705    0.0000 C   0  0  0  0  0  0  0  0  0  0  0  0\n   -5.4439  -18.4467    0.0000 Cl  0  0  0  0  0  0  0  0  0  0  0  0\n   -4.0216  -15.9696    0.0000 Cl  0  0  0  0  0  0  0  0  0  0  0  0\n 13 14  1  0\n  1  2  2  0\n 14 15  2  0\n 15 10  1  0\n  5  4  2  0\n 13 16  1  0\n  6  7  1  0\n 16 17  1  0\n  7  8  2  0\n 17 18  1  0\n  8  9  1  0\n 17 19  2  0\n  9  5  1  0\n 18 20  1  0\n  4  1  1  0\n 20 21  1  0\n  8 10  1  0\n 21 22  2  0\n  5  6  1  0\n 22 23  1  0\n 10 11  2  0\n 23 24  2  0\n 24 25  1  0\n 11 12  1  0\n 25 26  2  0\n 26 21  1  0\n  2  3  1  0\n 22 27  1  0\n 12 13  2  0\n  2 28  1  0\n  3  6  2  0\n  4 29  1  0\nM  END\n> <chembl_id>\nCHEMBL260326\n\n> <chembl_pref_name>\nNone"", ""standard_inchi"": ""InChI=1S/C22H16Cl2N2O3/c1-13-4-2-3-5-19(13)28-12-20(27)25-16-8-6-14(7-9-16)22-26-18-11-15(23)10-17(24)21(18)29-22/h2-11H,12H2,1H3,(H,25,27)"", ""standard_inchi_key"": ""PCTKZYXDBNHYTO-UHFFFAOYSA-N""}","[]","[]","[]","0adfbfb6-3304-4e79-a3cb-cfaf3fa39d83","incremental","None","2025-12-22T18:37:09.733579+00:00"
"chembl:CHEMBL28324","b40170b0e0859d4f389abd85dda937bd4a1436f03e6cd8e4789753639be8658a","CHEMBL28324",,"Small molecule","MOL",,,false,false,false,0,0,-1,-1,false,false,-1,0,"{""active_chembl_id"": ""CHEMBL28324"", ""molecule_chembl_id"": ""CHEMBL28324"", ""parent_chembl_id"": ""CHEMBL28324""}","{""alogp"": ""5.13"", ""aromatic_rings"": 6, ""full_molformula"": ""C38H35N5O6S2"", ""full_mwt"": ""721.86"", ""hba"": 9, ""hbd"": 0, ""heavy_atoms"": 51, ""mw_freebase"": ""721.86"", ""np_likeness_score"": ""-0.94"", ""num_ro5_violations"": 2, ""psa"": ""130.08"", ""qed_weighted"": ""0.18"", ""ro3_pass"": ""N"", ""rtb"": 10}","{""canonical_smiles"": ""CN([C@@H](Cc1ccc(OS(=O)(=O)c2cccc3cnccc23)cc1)C(=O)N1CCN(c2ccccc2)CC1)S(=O)(=O)c1cccc2cnccc12"", ""molfile"": ""\n     RDKit          2D\n\n 51 57  0  0  0  0  0  0  0  0999 V2000\n    1.3508   -2.6921    0.0000 C   0  0  0  0  0  0  0  0  0  0  0  0\n    1.7857   -3.3959    0.0000 C   0  0  0  0  0  0  0  0  0  0  0  0\n    2.6107   -3.3704    0.0000 C   0  0  0  0  0  0  0  0  0  0  0  0\n    3.0020   -2.6416    0.0000 C   0  0  0  0  0  0  0  0  0  0  0  0\n    1.7385   -1.9662    0.0000 C   0  0  0  0  0  0  0  0  0  0  0  0\n    2.5648   -1.9393    0.0000 C   0  0  0  0  0  0  0  0  0  0  0  0\n    2.9529   -1.2114    0.0000 C   0  0  0  0  0  0  0  0  0  0  0  0\n    2.5158   -0.5099    0.0000 N   0  0  0  0  0  0  0  0  0  0  0  0\n    1.6864   -0.5410    0.0000 C   0  0  0  0  0  0  0  0  0  0  0  0\n    1.3021   -1.2693    0.0000 C   0  0  0  0  0  0  0  0  0  0  0  0\n    0.5262   -2.7180    0.0000 S   0  0  0  0  0  0  0  0  0  0  0  0\n    0.0915   -2.0168    0.0000 N   0  0  0  0  0  0  0  0  0  0  0  0\n   -0.7331   -2.0427    0.0000 C   0  0  0  0  0  0  0  0  0  0  0  0\n   -1.1678   -1.3415    0.0000 C   0  0  0  0  0  0  0  0  0  0  0  0\n    0.9333   -3.4292    0.0000 O   0  0  0  0  0  0  0  0  0  0  0  0\n   -0.0625   -3.3000    0.0000 O   0  0  0  0  0  0  0  0  0  0  0  0\n   -1.1229   -2.7697    0.0000 C   0  0  0  0  0  0  0  0  0  0  0  0\n   -1.9475   -2.7956    0.0000 N   0  0  0  0  0  0  0  0  0  0  0  0\n   -0.6882   -3.4709    0.0000 O   0  0  0  0  0  0  0  0  0  0  0  0\n   -2.3828   -2.0934    0.0000 C   0  0  0  0  0  0  0  0  0  0  0  0\n   -3.2038   -2.1172    0.0000 C   0  0  0  0  0  0  0  0  0  0  0  0\n   -3.5976   -2.8426    0.0000 N   0  0  0  0  0  0  0  0  0  0  0  0\n   -3.1641   -3.5456    0.0000 C   0  0  0  0  0  0  0  0  0  0  0  0\n   -2.3367   -3.5233    0.0000 C   0  0  0  0  0  0  0  0  0  0  0  0\n   -4.4223   -2.8654    0.0000 C   0  0  0  0  0  0  0  0  0  0  0  0\n   -4.8523   -2.1634    0.0000 C   0  0  0  0  0  0  0  0  0  0  0  0\n   -5.6762   -2.1858    0.0000 C   0  0  0  0  0  0  0  0  0  0  0  0\n   -6.0697   -2.9120    0.0000 C   0  0  0  0  0  0  0  0  0  0  0  0\n   -5.6331   -3.6170    0.0000 C   0  0  0  0  0  0  0  0  0  0  0  0\n   -4.8106   -3.5911    0.0000 C   0  0  0  0  0  0  0  0  0  0  0  0\n    0.4814   -1.2897    0.0000 C   0  0  0  0  0  0  0  0  0  0  0  0\n   -0.7779   -0.6144    0.0000 C   0  0  0  0  0  0  0  0  0  0  0  0\n    0.0459   -0.5926    0.0000 C   0  0  0  0  0  0  0  0  0  0  0  0\n    0.4357    0.1336    0.0000 C   0  0  0  0  0  0  0  0  0  0  0  0\n    0.0009    0.8358    0.0000 C   0  0  0  0  0  0  0  0  0  0  0  0\n   -0.8278    0.8071    0.0000 C   0  0  0  0  0  0  0  0  0  0  0  0\n   -1.2139    0.0804    0.0000 C   0  0  0  0  0  0  0  0  0  0  0  0\n    0.3898    1.5634    0.0000 O   0  0  0  0  0  0  0  0  0  0  0  0\n    1.2144    1.5904    0.0000 S   0  0  0  0  0  0  0  0  0  0  0  0\n    1.6033    2.3180    0.0000 C   0  0  0  0  0  0  0  0  0  0  0  0\n    1.2083    0.7667    0.0000 O   0  0  0  0  0  0  0  0  0  0  0  0\n    1.9250    1.1792    0.0000 O   0  0  0  0  0  0  0  0  0  0  0  0\n    2.3834    3.7715    0.0000 C   0  0  0  0  0  0  0  0  0  0  0  0\n    1.5546    3.7417    0.0000 C   0  0  0  0  0  0  0  0  0  0  0  0\n    1.1696    3.0145    0.0000 C   0  0  0  0  0  0  0  0  0  0  0  0\n    2.8191    3.0699    0.0000 C   0  0  0  0  0  0  0  0  0  0  0  0\n    2.4252    2.3415    0.0000 C   0  0  0  0  0  0  0  0  0  0  0  0\n    2.8589    1.6384    0.0000 C   0  0  0  0  0  0  0  0  0  0  0  0\n    3.6863    1.6623    0.0000 C   0  0  0  0  0  0  0  0  0  0  0  0\n    4.0782    2.3953    0.0000 N   0  0  0  0  0  0  0  0  0  0  0  0\n    3.6423    3.0955    0.0000 C   0  0  0  0  0  0  0  0  0  0  0  0\n  2  3  1  0\n 22 25  1  0\n 11 12  1  0\n 25 26  2  0\n  5  6  2  0\n 26 27  1  0\n 12 13  1  0\n 27 28  2  0\n  1  2  2  0\n 28 29  1  0\n 13 14  1  0\n 29 30  2  0\n 30 25  1  0\n  6  7  1  0\n 12 31  1  0\n 11 15  2  0\n 14 32  1  0\n  3  4  2  0\n 32 33  2  0\n 11 16  2  0\n 33 34  1  0\n  7  8  2  0\n 34 35  2  0\n 13 17  1  6\n 35 36  1  0\n  4  6  1  0\n 36 37  2  0\n 37 32  1  0\n 17 18  1  0\n 35 38  1  0\n  8  9  1  0\n 38 39  1  0\n 17 19  2  0\n 39 40  1  0\n 18 20  1  0\n 39 41  2  0\n  5  1  1  0\n 39 42  2  0\n 40 47  2  0\n  9 10  2  0\n 46 43  2  0\n 10  5  1  0\n 43 44  1  0\n 44 45  2  0\n 45 40  1  0\n  1 11  1  0\n 18 24  1  0\n 46 47  1  0\n 20 21  1  0\n 47 48  1  0\n 21 22  1  0\n 48 49  2  0\n 22 23  1  0\n 49 50  1  0\n 23 24  1  0\n 50 51  2  0\n 51 46  1  0\nM  END\n> <chembl_id>\nCHEMBL28324\n\n> <chembl_pref_name>\nNone"", ""standard_inchi"": ""InChI=1S/C38H35N5O6S2/c1-41(50(45,46)36-11-5-7-29-26-39-19-17-33(29)36)35(38(44)43-23-21-42(22-24-43)31-9-3-2-4-10-31)25-28-13-15-32(16-14-28)49-51(47,48)37-12-6-8-30-27-40-20-18-34(30)37/h2-20,26-27,35H,21-25H2,1H3/t35-/m0/s1"", ""standard_inchi_key"": ""RJVLFQBBRSMWHX-DHUJRADRSA-N""}","[]","[]","[]","0adfbfb6-3304-4e79-a3cb-cfaf3fa39d83","incremental","None","2025-12-22T18:37:09.730825+00:00"
"chembl:CHEMBL289233","4c3fe334af9c720db066ff55b18013e171232b665020523329ef885c5ea181e7","CHEMBL289233","IODOMELATONIN","Small molecule","MOL",,,false,false,false,0,1,-1,-1,false,false,-1,0,"{""active_chembl_id"": ""CHEMBL289233"", ""molecule_chembl_id"": ""CHEMBL289233"", ""parent_chembl_id"": ""CHEMBL289233""}","{""alogp"": ""2.46"", ""aromatic_rings"": 2, ""full_molformula"": ""C13H15IN2O2"", ""full_mwt"": ""358.18"", ""hba"": 2, ""hbd"": 2, ""heavy_atoms"": 18, ""mw_freebase"": ""358.18"", ""np_likeness_score"": ""-0.52"", ""num_ro5_violations"": 0, ""psa"": ""54.12"", ""qed_weighted"": ""0.83"", ""ro3_pass"": ""N"", ""rtb"": 4}","{""canonical_smiles"": ""COc1ccc2[nH]c(I)c(CCNC(C)=O)c2c1"", ""molfile"": ""\n     RDKit          2D\n\n 18 19  0  0  0  0  0  0  0  0999 V2000\n   -1.8417    1.5533    0.0000 C   0  0  0  0  0  0  0  0  0  0  0  0\n   -1.9812    0.2257    0.0000 C   0  0  0  0  0  0  0  0  0  0  0  0\n   -2.2361   -0.5589    0.0000 C   0  0  0  0  0  0  0  0  0  0  0  0\n   -1.6841   -1.1720    0.0000 C   0  0  0  0  0  0  0  0  0  0  0  0\n   -0.5800   -2.3982    0.0000 C   0  0  0  0  0  0  0  0  0  0  0  0\n   -1.0880    1.2177    0.0000 C   0  0  0  0  0  0  0  0  0  0  0  0\n   -0.3735    1.6302    0.0000 C   0  0  0  0  0  0  0  0  0  0  0  0\n    1.0554    1.6302    0.0000 N   0  0  0  0  0  0  0  0  0  0  0  0\n    1.7699    1.2177    0.0000 C   0  0  0  0  0  0  0  0  0  0  0  0\n    2.4844    1.6302    0.0000 C   0  0  0  0  0  0  0  0  0  0  0  0\n   -2.0132    2.3603    0.0000 I   0  0  0  0  0  0  0  0  0  0  0  0\n   -2.3937    0.9402    0.0000 N   0  0  0  0  0  0  0  0  0  0  0  0\n   -0.8771   -1.0005    0.0000 C   0  0  0  0  0  0  0  0  0  0  0  0\n   -0.3251   -1.6136    0.0000 O   0  0  0  0  0  0  0  0  0  0  0  0\n   -0.6222   -0.2158    0.0000 C   0  0  0  0  0  0  0  0  0  0  0  0\n   -1.1742    0.3973    0.0000 C   0  0  0  0  0  0  0  0  0  0  0  0\n    0.3409    1.2177    0.0000 C   0  0  0  0  0  0  0  0  0  0  0  0\n    1.7699    0.3927    0.0000 O   0  0  0  0  0  0  0  0  0  0  0  0\n  9 10  1  0\n  9  8  1  0\n  9 18  2  0\n 17  8  1  0\n  7 17  1  0\n  6  7  1  0\n  6  1  2  0\n 16  6  1  0\n  1 11  1  0\n  1 12  1  0\n 15 16  2  0\n 15 13  1  0\n 16  2  1  0\n 13 14  1  0\n  5 14  1  0\n  4 13  2  0\n  2 12  1  0\n  2  3  2  0\n  3  4  1  0\nM  END\n> <chembl_id>\nCHEMBL289233\n\n> <chembl_pref_name>\nIODOMELATONIN"", ""standard_inchi"": ""InChI=1S/C13H15IN2O2/c1-8(17)15-6-5-10-11-7-9(18-2)3-4-12(11)16-13(10)14/h3-4,7,16H,5-6H2,1-2H3,(H,15,17)"", ""standard_inchi_key"": ""FJDDSMSDZHURBJ-UHFFFAOYSA-N""}","[]","[]","[]","0adfbfb6-3304-4e79-a3cb-cfaf3fa39d83","incremental","None","2025-12-22T18:37:09.730959+00:00"
"chembl:CHEMBL298474","d976530bcbba69dbb659a1bf98be3ff61ca9786e8bfbf2a085752c50cbb2932c","CHEMBL298474",,"Small molecule","MOL",,,false,false,false,0,1,-1,-1,false,false,-1,0,"{""active_chembl_id"": ""CHEMBL298474"", ""molecule_chembl_id"": ""CHEMBL298474"", ""parent_chembl_id"": ""CHEMBL298474""}","{""alogp"": ""1.60"", ""aromatic_rings"": 2, ""full_molformula"": ""C18H24N4O3"", ""full_mwt"": ""344.42"", ""hba"": 6, ""hbd"": 1, ""heavy_atoms"": 25, ""mw_freebase"": ""344.42"", ""np_likeness_score"": ""-0.02"", ""num_ro5_violations"": 0, ""psa"": ""85.21"", ""qed_weighted"": ""0.83"", ""ro3_pass"": ""N"", ""rtb"": 5}","{""canonical_smiles"": ""CCCn1c(=O)c2nc(C3CC4CC3C3OC43)[nH]c2n(CCC)c1=O"", ""molfile"": ""\n     RDKit          2D\n\n 25 29  0  0  0  0  0  0  0  0999 V2000\n    3.6875   -2.5625    0.0000 C   0  0  0  0  0  0  0  0  0  0  0  0\n    2.8667   -2.5542    0.0000 C   0  0  0  0  0  0  0  0  0  0  0  0\n    4.0917   -3.2875    0.0000 N   0  0  0  0  0  0  0  0  0  0  0  0\n    2.8417   -3.9792    0.0000 N   0  0  0  0  0  0  0  0  0  0  0  0\n    3.6667   -4.0000    0.0000 C   0  0  0  0  0  0  0  0  0  0  0  0\n    3.9500   -1.7875    0.0000 N   0  0  0  0  0  0  0  0  0  0  0  0\n    2.4417   -3.2542    0.0000 C   0  0  0  0  0  0  0  0  0  0  0  0\n    1.8792   -0.3292    0.0000 C   0  0  0  0  0  0  0  0  0  0  0  0\n    3.2917   -1.3000    0.0000 C   0  0  0  0  0  0  0  0  0  0  0  0\n    2.6250   -1.7667    0.0000 N   0  0  0  0  0  0  0  0  0  0  0  0\n    1.4667    0.6250    0.0000 O   0  0  0  0  0  0  0  0  0  0  0  0\n    2.2667    0.3375    0.0000 C   0  0  0  0  0  0  0  0  0  0  0  0\n    2.6750   -0.0917    0.0000 C   0  0  0  0  0  0  0  0  0  0  0  0\n    3.3042   -0.4750    0.0000 C   0  0  0  0  0  0  0  0  0  0  0  0\n    3.0417    0.6958    0.0000 C   0  0  0  0  0  0  0  0  0  0  0  0\n    2.8917    1.4458    0.0000 C   0  0  0  0  0  0  0  0  0  0  0  0\n    3.7125    0.2458    0.0000 C   0  0  0  0  0  0  0  0  0  0  0  0\n    4.0667   -4.7167    0.0000 O   0  0  0  0  0  0  0  0  0  0  0  0\n    1.6167   -3.2417    0.0000 O   0  0  0  0  0  0  0  0  0  0  0  0\n    4.9167   -3.3042    0.0000 C   0  0  0  0  0  0  0  0  0  0  0  0\n    2.4167   -4.6792    0.0000 C   0  0  0  0  0  0  0  0  0  0  0  0\n    5.3167   -4.0250    0.0000 C   0  0  0  0  0  0  0  0  0  0  0  0\n    1.5917   -4.6667    0.0000 C   0  0  0  0  0  0  0  0  0  0  0  0\n    6.1417   -4.0375    0.0000 C   0  0  0  0  0  0  0  0  0  0  0  0\n    1.1625   -5.3667    0.0000 C   0  0  0  0  0  0  0  0  0  0  0  0\n  2  1  2  0\n  3  1  1  0\n  4  5  1  0\n  5  3  1  0\n  6  1  1  0\n  7  2  1  0\n  8 13  1  0\n  9  6  1  0\n 10  2  1  0\n 11  8  1  0\n 12 15  1  0\n 13 14  1  0\n 14  9  1  0\n 15 17  1  0\n 16 13  1  0\n 17 14  1  0\n 18  5  2  0\n 19  7  2  0\n 20  3  1  0\n 21  4  1  0\n 22 20  1  0\n 23 21  1  0\n 24 22  1  0\n 25 23  1  0\n 10  9  2  0\n  4  7  1  0\n 16 15  1  0\n 12 11  1  0\n  8 12  1  0\nM  END\n> <chembl_id>\nCHEMBL298474\n\n> <chembl_pref_name>\nNone"", ""standard_inchi"": ""InChI=1S/C18H24N4O3/c1-3-5-21-16-12(17(23)22(6-4-2)18(21)24)19-15(20-16)11-8-9-7-10(11)14-13(9)25-14/h9-11,13-14H,3-8H2,1-2H3,(H,19,20)"", ""standard_inchi_key"": ""OQCJPFYWFGUHIN-UHFFFAOYSA-N""}","[]","[]","[]","0adfbfb6-3304-4e79-a3cb-cfaf3fa39d83","incremental","None","2025-12-22T18:37:09.731262+00:00"
"chembl:CHEMBL301559","fcc1f70de9890fb50a7a5776fc3e3381b937e1c9138c408a82a9faf2ca92e7d8","CHEMBL301559",,"Small molecule","MOL",,,false,false,false,0,0,-1,-1,false,false,-1,0,"{""active_chembl_id"": ""CHEMBL301559"", ""molecule_chembl_id"": ""CHEMBL301559"", ""parent_chembl_id"": ""CHEMBL301559""}","{""alogp"": ""3.37"", ""aromatic_rings"": 1, ""full_molformula"": ""C16H25NO"", ""full_mwt"": ""247.38"", ""hba"": 2, ""hbd"": 1, ""heavy_atoms"": 18, ""mw_freebase"": ""247.38"", ""np_likeness_score"": ""-0.15"", ""num_ro5_violations"": 0, ""psa"": ""23.47"", ""qed_weighted"": ""0.86"", ""ro3_pass"": ""N"", ""rtb"": 5}","{""canonical_smiles"": ""CCCN(CCC)[C@@H]1CCc2ccc(O)cc2C1"", ""molfile"": ""\n     RDKit          2D\n\n 19 20  0  0  0  0  0  0  0  0999 V2000\n    1.2637   -1.7940    0.0000 C   0  0  0  0  0  0  0  0  0  0  0  0\n    3.2747   -1.2096    0.0000 N   0  0  0  0  0  0  0  0  0  0  0  0\n    2.6903   -1.7940    0.0000 C   0  0  0  0  0  0  0  0  0  0  0  0\n    1.9798   -1.3815    0.0000 C   0  0  0  0  0  0  0  0  0  0  0  0\n    1.2637   -2.6190    0.0000 C   0  0  0  0  0  0  0  0  0  0  0  0\n    0.5419   -1.3815    0.0000 C   0  0  0  0  0  0  0  0  0  0  0  0\n    2.6903   -2.6304    0.0000 C   0  0  0  0  0  0  0  0  0  0  0  0\n    1.9798   -3.0429    0.0000 C   0  0  0  0  0  0  0  0  0  0  0  0\n    0.5419   -3.0429    0.0000 C   0  0  0  0  0  0  0  0  0  0  0  0\n   -0.1628   -1.8054    0.0000 C   0  0  0  0  0  0  0  0  0  0  0  0\n   -0.1628   -2.6304    0.0000 C   0  0  0  0  0  0  0  0  0  0  0  0\n    4.0653   -1.4159    0.0000 C   0  0  0  0  0  0  0  0  0  0  0  0\n    3.2747   -0.3846    0.0000 C   0  0  0  0  0  0  0  0  0  0  0  0\n   -0.8847   -1.3929    0.0000 O   0  0  0  0  0  0  0  0  0  0  0  0\n    4.2887   -2.2065    0.0000 C   0  0  0  0  0  0  0  0  0  0  0  0\n    3.9794    0.0279    0.0000 C   0  0  0  0  0  0  0  0  0  0  0  0\n    5.0966   -2.4127    0.0000 C   0  0  0  0  0  0  0  0  0  0  0  0\n    3.9794    0.8529    0.0000 C   0  0  0  0  0  0  0  0  0  0  0  0\n    3.4064   -2.2065    0.0000 H   0  0  0  0  0  0  0  0  0  0  0  0\n  3  2  1  6\n  3  4  1  0\n  4  1  1  0\n  5  1  1  0\n  6  1  2  0\n  7  8  1  0\n  8  5  1  0\n  9  5  2  0\n 10  6  1  0\n 11 10  2  0\n 12  2  1  0\n 13  2  1  0\n 14 10  1  0\n 15 12  1  0\n 16 13  1  0\n 17 15  1  0\n 18 16  1  0\n  3 19  1  1\n 11  9  1  0\n  3  7  1  0\nM  END\n> <chembl_id>\nCHEMBL301559\n\n> <chembl_pref_name>\nNone"", ""standard_inchi"": ""InChI=1S/C16H25NO/c1-3-9-17(10-4-2)15-7-5-13-6-8-16(18)12-14(13)11-15/h6,8,12,15,18H,3-5,7,9-11H2,1-2H3/t15-/m1/s1"", ""standard_inchi_key"": ""BLYMJBIZMIGWFK-OAHLLOKOSA-N""}","[]","[]","[]","0adfbfb6-3304-4e79-a3cb-cfaf3fa39d83","incremental","None","2025-12-22T18:37:09.731353+00:00"
"chembl:CHEMBL3094423","0945dc3a9023250095e5e1993fac52f6e1da2d6975bfef7e2fe1fcaa3328ff30","CHEMBL3094423",,"Small molecule","MOL",,,false,false,false,0,0,-1,-1,false,false,-1,0,"{""active_chembl_id"": ""CHEMBL3094423"", ""molecule_chembl_id"": ""CHEMBL3094423"", ""parent_chembl_id"": ""CHEMBL3094423""}","{""alogp"": ""6.52"", ""aromatic_rings"": 3, ""full_molformula"": ""C22H25ClN4O3S2"", ""full_mwt"": ""493.05"", ""hba"": 8, ""hbd"": 2, ""heavy_atoms"": 32, ""mw_freebase"": ""493.05"", ""np_likeness_score"": ""-1.22"", ""num_ro5_violations"": 1, ""psa"": ""97.23"", ""qed_weighted"": ""0.13"", ""ro3_pass"": ""N"", ""rtb"": 12}","{""canonical_smiles"": ""CCCCCCC(Sc1nc(Cl)cc(Nc2nc(-c3ccc(OC)cc3)cs2)n1)C(=O)O"", ""molfile"": ""\n     RDKit          2D\n\n 32 34  0  0  0  0  0  0  0  0999 V2000\n    7.1542  -12.5042    0.0000 C   0  0  0  0  0  0  0  0  0  0  0  0\n    7.8184  -12.0148    0.0000 N   0  0  0  0  0  0  0  0  0  0  0  0\n    8.5342  -12.4248    0.0000 C   0  0  0  0  0  0  0  0  0  0  0  0\n    8.5340  -13.2474    0.0000 C   0  0  0  0  0  0  0  0  0  0  0  0\n    9.2492  -13.6572    0.0000 C   0  0  0  0  0  0  0  0  0  0  0  0\n    9.9631  -13.2419    0.0000 N   0  0  0  0  0  0  0  0  0  0  0  0\n    9.9573  -12.4127    0.0000 C   0  0  0  0  0  0  0  0  0  0  0  0\n    9.2415  -12.0066    0.0000 N   0  0  0  0  0  0  0  0  0  0  0  0\n   10.6688  -11.9949    0.0000 S   0  0  0  0  0  0  0  0  0  0  0  0\n    9.2519  -14.4822    0.0000 Cl  0  0  0  0  0  0  0  0  0  0  0  0\n   11.3863  -12.4022    0.0000 C   0  0  0  0  0  0  0  0  0  0  0  0\n   12.0978  -11.9845    0.0000 C   0  0  0  0  0  0  0  0  0  0  0  0\n   12.8153  -12.3918    0.0000 O   0  0  0  0  0  0  0  0  0  0  0  0\n   12.0917  -11.1595    0.0000 O   0  0  0  0  0  0  0  0  0  0  0  0\n    6.3686  -12.2555    0.0000 N   0  0  0  0  0  0  0  0  0  0  0  0\n    5.8882  -12.9261    0.0000 C   0  0  0  0  0  0  0  0  0  0  0  0\n    6.3777  -13.5904    0.0000 C   0  0  0  0  0  0  0  0  0  0  0  0\n    7.1606  -13.3300    0.0000 S   0  0  0  0  0  0  0  0  0  0  0  0\n    5.0659  -12.9326    0.0000 C   0  0  0  0  0  0  0  0  0  0  0  0\n    4.6492  -12.2193    0.0000 C   0  0  0  0  0  0  0  0  0  0  0  0\n    3.8250  -12.2246    0.0000 C   0  0  0  0  0  0  0  0  0  0  0  0\n    3.4165  -12.9424    0.0000 C   0  0  0  0  0  0  0  0  0  0  0  0\n    3.8383  -13.6564    0.0000 C   0  0  0  0  0  0  0  0  0  0  0  0\n    4.6611  -13.6477    0.0000 C   0  0  0  0  0  0  0  0  0  0  0  0\n   11.3924  -13.2272    0.0000 C   0  0  0  0  0  0  0  0  0  0  0  0\n   12.1098  -13.6345    0.0000 C   0  0  0  0  0  0  0  0  0  0  0  0\n   12.8212  -13.2168    0.0000 C   0  0  0  0  0  0  0  0  0  0  0  0\n   13.5388  -13.6241    0.0000 C   0  0  0  0  0  0  0  0  0  0  0  0\n   14.2502  -13.2064    0.0000 C   0  0  0  0  0  0  0  0  0  0  0  0\n   14.9677  -13.6137    0.0000 C   0  0  0  0  0  0  0  0  0  0  0  0\n    2.5914  -12.9491    0.0000 O   0  0  0  0  0  0  0  0  0  0  0  0\n    2.1848  -13.6669    0.0000 C   0  0  0  0  0  0  0  0  0  0  0  0\n  1  2  1  0\n  2  3  1  0\n  3  4  2  0\n  4  5  1  0\n  5  6  2  0\n  6  7  1  0\n  7  8  2  0\n  8  3  1  0\n  7  9  1  0\n  5 10  1  0\n  9 11  1  0\n 11 12  1  0\n 12 13  1  0\n 12 14  2  0\n  1 15  2  0\n 15 16  1  0\n 16 17  2  0\n 17 18  1  0\n 18  1  1  0\n 19 20  2  0\n 20 21  1  0\n 21 22  2  0\n 22 23  1  0\n 23 24  2  0\n 24 19  1  0\n 16 19  1  0\n 11 25  1  0\n 25 26  1  0\n 26 27  1  0\n 27 28  1  0\n 28 29  1  0\n 29 30  1  0\n 22 31  1  0\n 31 32  1  0\nM  END\n> <chembl_id>\nCHEMBL3094423\n\n> <chembl_pref_name>\nNone"", ""standard_inchi"": ""InChI=1S/C22H25ClN4O3S2/c1-3-4-5-6-7-17(20(28)29)32-22-25-18(23)12-19(27-22)26-21-24-16(13-31-21)14-8-10-15(30-2)11-9-14/h8-13,17H,3-7H2,1-2H3,(H,28,29)(H,24,25,26,27)"", ""standard_inchi_key"": ""QCIBHDSGSBKHSX-UHFFFAOYSA-N""}","[]","[]","[]","0adfbfb6-3304-4e79-a3cb-cfaf3fa39d83","incremental","None","2025-12-22T18:37:09.736488+00:00"
"chembl:CHEMBL3112855","4f68dea10cba2bb4d0cbff96de3b90769bc47b63a26e68781cd29e0f8da0540c","CHEMBL3112855",,"Small molecule","MOL",,,false,false,false,0,0,-1,-1,false,false,-1,0,"{""active_chembl_id"": ""CHEMBL3112855"", ""molecule_chembl_id"": ""CHEMBL3112855"", ""parent_chembl_id"": ""CHEMBL3112855""}","{""alogp"": ""2.41"", ""aromatic_rings"": 3, ""full_molformula"": ""C24H24N4O3"", ""full_mwt"": ""416.48"", ""hba"": 5, ""hbd"": 1, ""heavy_atoms"": 31, ""mw_freebase"": ""416.48"", ""np_likeness_score"": ""-1.30"", ""num_ro5_violations"": 0, ""psa"": ""78.53"", ""qed_weighted"": ""0.71"", ""ro3_pass"": ""N"", ""rtb"": 4}","{""canonical_smiles"": ""O=C(Cc1nc(N2CCOCC2)cc(=O)[nH]1)N1CCc2c(-c3ccccc3)cccc21"", ""molfile"": ""\n     RDKit          2D\n\n 31 35  0  0  0  0  0  0  0  0999 V2000\n    2.3889    3.5306    0.0000 O   0  0  0  0  0  0  0  0  0  0  0  0\n    3.1904    2.6376    0.0000 C   0  0  0  0  0  0  0  0  0  0  0  0\n    4.6588    2.9478    0.0000 C   0  0  0  0  0  0  0  0  0  0  0  0\n    5.1253    4.3743    0.0000 C   0  0  0  0  0  0  0  0  0  0  0  0\n    6.5925    4.6865    0.0000 N   0  0  0  0  0  0  0  0  0  0  0  0\n    7.0558    6.1132    0.0000 C   0  0  0  0  0  0  0  0  0  0  0  0\n    6.0519    7.2277    0.0000 C   0  0  0  0  0  0  0  0  0  0  0  0\n    4.5847    6.9156    0.0000 C   0  0  0  0  0  0  0  0  0  0  0  0\n    3.7816    7.8073    0.0000 O   0  0  0  0  0  0  0  0  0  0  0  0\n    4.1214    5.4890    0.0000 N   0  0  0  0  0  0  0  0  0  0  0  0\n    8.5237    6.4254    0.0000 N   0  0  0  0  0  0  0  0  0  0  0  0\n    9.5294    5.3125    0.0000 C   0  0  0  0  0  0  0  0  0  0  0  0\n   10.9961    5.6269    0.0000 C   0  0  0  0  0  0  0  0  0  0  0  0\n   11.4571    7.0543    0.0000 O   0  0  0  0  0  0  0  0  0  0  0  0\n   10.4515    8.1673    0.0000 C   0  0  0  0  0  0  0  0  0  0  0  0\n    8.9848    7.8529    0.0000 C   0  0  0  0  0  0  0  0  0  0  0  0\n    2.7248    1.2135    0.0000 N   0  0  0  0  0  0  0  0  0  0  0  0\n    3.6065    0.0000    0.0000 C   0  0  0  0  0  0  0  0  0  0  0  0\n    2.7248   -1.2135    0.0000 C   0  0  0  0  0  0  0  0  0  0  0  0\n    1.2990   -0.7500    0.0000 C   0  0  0  0  0  0  0  0  0  0  0  0\n    1.2990    0.7500    0.0000 C   0  0  0  0  0  0  0  0  0  0  0  0\n    0.0000    1.5000    0.0000 C   0  0  0  0  0  0  0  0  0  0  0  0\n   -1.2990    0.7500    0.0000 C   0  0  0  0  0  0  0  0  0  0  0  0\n   -1.2990   -0.7500    0.0000 C   0  0  0  0  0  0  0  0  0  0  0  0\n    0.0000   -1.5000    0.0000 C   0  0  0  0  0  0  0  0  0  0  0  0\n    0.0000   -3.0008    0.0000 C   0  0  0  0  0  0  0  0  0  0  0  0\n   -1.2978   -3.7529    0.0000 C   0  0  0  0  0  0  0  0  0  0  0  0\n   -1.2955   -5.2529    0.0000 C   0  0  0  0  0  0  0  0  0  0  0  0\n    0.0048   -6.0009    0.0000 C   0  0  0  0  0  0  0  0  0  0  0  0\n    1.3026   -5.2488    0.0000 C   0  0  0  0  0  0  0  0  0  0  0  0\n    1.3002   -3.7488    0.0000 C   0  0  0  0  0  0  0  0  0  0  0  0\n  1  2  2  0\n  2  3  1  0\n  3  4  1  0\n  4  5  2  0\n  5  6  1  0\n  6  7  2  0\n  7  8  1  0\n  8  9  2  0\n  8 10  1  0\n 10  4  1  0\n  6 11  1  0\n 11 12  1  0\n 12 13  1  0\n 13 14  1  0\n 14 15  1  0\n 15 16  1  0\n 16 11  1  0\n  2 17  1  0\n 17 18  1  0\n 18 19  1  0\n 19 20  1  0\n 20 21  2  0\n 21 17  1  0\n 21 22  1  0\n 22 23  2  0\n 23 24  1  0\n 24 25  2  0\n 25 20  1  0\n 25 26  1  0\n 26 27  2  0\n 27 28  1  0\n 28 29  2  0\n 29 30  1  0\n 30 31  2  0\n 31 26  1  0\nM  END\n> <chembl_id>\nCHEMBL3112855\n\n> <chembl_pref_name>\nNone"", ""standard_inchi"": ""InChI=1S/C24H24N4O3/c29-23-16-22(27-11-13-31-14-12-27)25-21(26-23)15-24(30)28-10-9-19-18(7-4-8-20(19)28)17-5-2-1-3-6-17/h1-8,16H,9-15H2,(H,25,26,29)"", ""standard_inchi_key"": ""WBLYYZMOJFRKFU-UHFFFAOYSA-N""}","[]","[]","[]","0adfbfb6-3304-4e79-a3cb-cfaf3fa39d83","incremental","None","2025-12-22T18:37:09.736590+00:00"
"chembl:CHEMBL3218011","f956c0bd1813a5d6cf069bb19fb520924106769b21635da839dcb2e2bf98db9c","CHEMBL3218011",,"Small molecule","MOL",,,false,false,false,0,0,-1,-1,false,false,-1,0,"{""active_chembl_id"": ""CHEMBL3218011"", ""molecule_chembl_id"": ""CHEMBL3218011"", ""parent_chembl_id"": ""CHEMBL3218011""}","{""alogp"": ""3.23"", ""aromatic_rings"": 3, ""full_molformula"": ""C16H14N4O2S"", ""full_mwt"": ""326.38"", ""hba"": 5, ""hbd"": 3, ""heavy_atoms"": 23, ""mw_freebase"": ""326.38"", ""np_likeness_score"": ""-1.88"", ""num_ro5_violations"": 0, ""psa"": ""87.14"", ""qed_weighted"": ""0.69"", ""ro3_pass"": ""N"", ""rtb"": 4}","{""canonical_smiles"": ""O=C(NCc1cccc(O)c1)Nc1nc(-c2ccncc2)cs1"", ""molfile"": ""\n     RDKit          2D\n\n 23 25  0  0  0  0  0  0  0  0999 V2000\n    2.3383   -1.3500    0.0000 O   0  0  0  0  0  0  0  0  0  0  0  0\n    1.2990   -0.7500    0.0000 C   0  0  0  0  0  0  0  0  0  0  0  0\n    1.2990    0.7500    0.0000 C   0  0  0  0  0  0  0  0  0  0  0  0\n    0.0000    1.5000    0.0000 C   0  0  0  0  0  0  0  0  0  0  0  0\n   -1.2990    0.7500    0.0000 C   0  0  0  0  0  0  0  0  0  0  0  0\n   -1.2990   -0.7500    0.0000 C   0  0  0  0  0  0  0  0  0  0  0  0\n   -2.5972   -1.5031    0.0000 C   0  0  0  0  0  0  0  0  0  0  0  0\n   -2.5951   -3.0039    0.0000 N   0  0  0  0  0  0  0  0  0  0  0  0\n   -3.8933   -3.7570    0.0000 C   0  0  0  0  0  0  0  0  0  0  0  0\n   -4.9336   -3.1588    0.0000 O   0  0  0  0  0  0  0  0  0  0  0  0\n   -3.8912   -5.2578    0.0000 N   0  0  0  0  0  0  0  0  0  0  0  0\n   -5.1894   -6.0109    0.0000 C   0  0  0  0  0  0  0  0  0  0  0  0\n   -5.3272   -7.4918    0.0000 N   0  0  0  0  0  0  0  0  0  0  0  0\n   -6.7944   -7.8036    0.0000 C   0  0  0  0  0  0  0  0  0  0  0  0\n   -7.5445   -6.5046    0.0000 C   0  0  0  0  0  0  0  0  0  0  0  0\n   -6.5408   -5.3899    0.0000 S   0  0  0  0  0  0  0  0  0  0  0  0\n   -7.4048   -9.1747    0.0000 C   0  0  0  0  0  0  0  0  0  0  0  0\n   -6.6188  -10.4464    0.0000 C   0  0  0  0  0  0  0  0  0  0  0  0\n   -7.3303  -11.7669    0.0000 C   0  0  0  0  0  0  0  0  0  0  0  0\n   -8.8296  -11.8110    0.0000 N   0  0  0  0  0  0  0  0  0  0  0  0\n   -9.6175  -10.5346    0.0000 C   0  0  0  0  0  0  0  0  0  0  0  0\n   -8.9061   -9.2141    0.0000 C   0  0  0  0  0  0  0  0  0  0  0  0\n    0.0000   -1.5000    0.0000 C   0  0  0  0  0  0  0  0  0  0  0  0\n  1  2  1  0\n  2  3  2  0\n  3  4  1  0\n  4  5  2  0\n  5  6  1  0\n  6  7  1  0\n  7  8  1  0\n  8  9  1  0\n  9 10  2  0\n  9 11  1  0\n 11 12  1  0\n 12 13  2  0\n 13 14  1  0\n 14 15  2  0\n 15 16  1  0\n 16 12  1  0\n 14 17  1  0\n 17 18  2  0\n 18 19  1  0\n 19 20  2  0\n 20 21  1  0\n 21 22  2  0\n 22 17  1  0\n  6 23  2  0\n 23  2  1  0\nM  END\n> <chembl_id>\nCHEMBL3218011\n\n> <chembl_pref_name>\nNone"", ""standard_inchi"": ""InChI=1S/C16H14N4O2S/c21-13-3-1-2-11(8-13)9-18-15(22)20-16-19-14(10-23-16)12-4-6-17-7-5-12/h1-8,10,21H,9H2,(H2,18,19,20,22)"", ""standard_inchi_key"": ""GDVRVPIXWXOKQO-UHFFFAOYSA-N""}","[]","[]","[]","0adfbfb6-3304-4e79-a3cb-cfaf3fa39d83","incremental","None","2025-12-22T18:37:09.736683+00:00"
"chembl:CHEMBL3237564","b8aa6ad42a1f1e1307341f11a3304f443e708de0e25548450ebf1d721d6b70e9","CHEMBL3237564",,"Small molecule","MOL",,,false,false,false,0,0,-1,-1,false,false,-1,0,"{""active_chembl_id"": ""CHEMBL3237564"", ""molecule_chembl_id"": ""CHEMBL3237564"", ""parent_chembl_id"": ""CHEMBL3237564""}","{""alogp"": ""1.88"", ""aromatic_rings"": 2, ""full_molformula"": ""C19H25N7O"", ""full_mwt"": ""367.46"", ""hba"": 7, ""hbd"": 4, ""heavy_atoms"": 27, ""mw_freebase"": ""367.46"", ""np_likeness_score"": ""-0.87"", ""num_ro5_violations"": 0, ""psa"": ""131.84"", ""qed_weighted"": ""0.63"", ""ro3_pass"": ""N"", ""rtb"": 5}","{""canonical_smiles"": ""NC(=O)c1nnc(N[C@@H]2CCCC[C@@H]2N)cc1Nc1ccc2c(n1)CCC2"", ""molfile"": ""\n     RDKit          2D\n\n 27 30  0  0  0  0  0  0  0  0999 V2000\n   33.7304   -8.2668    0.0000 C   0  0  0  0  0  0  0  0  0  0  0  0\n   33.7293   -9.0863    0.0000 C   0  0  0  0  0  0  0  0  0  0  0  0\n   34.4373   -9.4953    0.0000 C   0  0  0  0  0  0  0  0  0  0  0  0\n   35.1470   -9.0859    0.0000 C   0  0  0  0  0  0  0  0  0  0  0  0\n   35.1442   -8.2632    0.0000 N   0  0  0  0  0  0  0  0  0  0  0  0\n   34.4355   -7.8579    0.0000 N   0  0  0  0  0  0  0  0  0  0  0  0\n   35.8553   -9.4933    0.0000 N   0  0  0  0  0  0  0  0  0  0  0  0\n   36.5624   -9.0836    0.0000 C   0  0  0  0  0  0  0  0  0  0  0  0\n   37.2691   -9.4967    0.0000 C   0  0  0  0  0  0  0  0  0  0  0  0\n   37.9740   -9.0905    0.0000 C   0  0  0  0  0  0  0  0  0  0  0  0\n   37.9770   -8.2730    0.0000 C   0  0  0  0  0  0  0  0  0  0  0  0\n   37.2688   -7.8633    0.0000 C   0  0  0  0  0  0  0  0  0  0  0  0\n   36.5577   -8.2712    0.0000 C   0  0  0  0  0  0  0  0  0  0  0  0\n   37.2665  -10.3139    0.0000 N   0  0  0  0  0  0  0  0  0  0  0  0\n   33.0199   -7.8598    0.0000 C   0  0  0  0  0  0  0  0  0  0  0  0\n   33.0197   -7.0426    0.0000 N   0  0  0  0  0  0  0  0  0  0  0  0\n   32.3123   -8.2686    0.0000 O   0  0  0  0  0  0  0  0  0  0  0  0\n   33.0212   -9.4944    0.0000 N   0  0  0  0  0  0  0  0  0  0  0  0\n   33.0206  -10.3116    0.0000 C   0  0  0  0  0  0  0  0  0  0  0  0\n   32.3125  -10.7180    0.0000 C   0  0  0  0  0  0  0  0  0  0  0  0\n   32.3115  -11.5345    0.0000 C   0  0  0  0  0  0  0  0  0  0  0  0\n   33.7273  -10.7169    0.0000 N   0  0  0  0  0  0  0  0  0  0  0  0\n   33.7298  -11.5320    0.0000 C   0  0  0  0  0  0  0  0  0  0  0  0\n   33.0210  -11.9438    0.0000 C   0  0  0  0  0  0  0  0  0  0  0  0\n   33.1936  -12.7451    0.0000 C   0  0  0  0  0  0  0  0  0  0  0  0\n   34.0091  -12.8286    0.0000 C   0  0  0  0  0  0  0  0  0  0  0  0\n   34.3403  -12.0789    0.0000 C   0  0  0  0  0  0  0  0  0  0  0  0\n  1  2  2  0\n  2  3  1  0\n  3  4  2  0\n  4  5  1  0\n  5  6  2  0\n  6  1  1  0\n  4  7  1  0\n  8  7  1  6\n  8  9  1  0\n  8 13  1  0\n  9 10  1  0\n 10 11  1  0\n 11 12  1  0\n 12 13  1  0\n  9 14  1  6\n 15 16  1  0\n 15 17  2  0\n  1 15  1  0\n  2 18  1  0\n 18 19  1  0\n 19 20  2  0\n 20 21  1  0\n 21 24  2  0\n 23 22  2  0\n 22 19  1  0\n 23 24  1  0\n 24 25  1  0\n 25 26  1  0\n 26 27  1  0\n 27 23  1  0\nM  END\n> <chembl_id>\nCHEMBL3237564\n\n> <chembl_pref_name>\nNone"", ""standard_inchi"": ""InChI=1S/C19H25N7O/c20-12-5-1-2-6-14(12)23-17-10-15(18(19(21)27)26-25-17)24-16-9-8-11-4-3-7-13(11)22-16/h8-10,12,14H,1-7,20H2,(H2,21,27)(H2,22,23,24,25)/t12-,14+/m0/s1"", ""standard_inchi_key"": ""WPELTQURDISYSR-GXTWGEPZSA-N""}","[]","[]","[]","0adfbfb6-3304-4e79-a3cb-cfaf3fa39d83","incremental","None","2025-12-22T18:37:09.736844+00:00"
"chembl:CHEMBL3286823","c62bd7ddf2e8f07acac6ecdc959ac36e90d3d654fe26d3da94ff22f5e13b7c70","CHEMBL3286823",,"Small molecule","MOL",,,false,false,false,0,0,-1,-1,false,false,-1,0,"{""active_chembl_id"": ""CHEMBL3286823"", ""molecule_chembl_id"": ""CHEMBL3286823"", ""parent_chembl_id"": ""CHEMBL3286823""}","{""alogp"": ""2.63"", ""aromatic_rings"": 3, ""full_molformula"": ""C20H21FN6O2"", ""full_mwt"": ""396.43"", ""hba"": 7, ""hbd"": 1, ""heavy_atoms"": 29, ""mw_freebase"": ""396.43"", ""np_likeness_score"": ""-0.68"", ""num_ro5_violations"": 0, ""psa"": ""99.16"", ""qed_weighted"": ""0.63"", ""ro3_pass"": ""N"", ""rtb"": 0}","{""canonical_smiles"": ""Cc1nn(C)c2c1-c1cnc(N)c(n1)O[C@H](C)c1cc(F)ccc1C(=O)N(C)C2"", ""molfile"": ""\n     RDKit          2D\n\n 29 32  0  0  0  0  0  0  0  0999 V2000\n    4.9153   -4.1332    0.0000 O   0  0  0  0  0  0  0  0  0  0  0  0\n    4.1943   -4.5280    0.0000 C   0  0  0  0  0  0  0  0  0  0  0  0\n    3.4888   -4.0991    0.0000 C   0  0  0  0  0  0  0  0  0  0  0  0\n    3.5133   -3.2753    0.0000 C   0  0  0  0  0  0  0  0  0  0  0  0\n    2.8087   -2.8465    0.0000 C   0  0  0  0  0  0  0  0  0  0  0  0\n    2.0868   -3.2413    0.0000 C   0  0  0  0  0  0  0  0  0  0  0  0\n    2.0698   -4.0695    0.0000 C   0  0  0  0  0  0  0  0  0  0  0  0\n    2.7751   -4.4945    0.0000 C   0  0  0  0  0  0  0  0  0  0  0  0\n    4.2397   -2.8827    0.0000 C   0  0  0  0  0  0  0  0  0  0  0  0\n    1.3461   -4.4669    0.0000 F   0  0  0  0  0  0  0  0  0  0  0  0\n    7.7890   -3.3721    0.0000 C   0  0  0  0  0  0  0  0  0  0  0  0\n    5.6018   -4.5613    0.0000 C   0  0  0  0  0  0  0  0  0  0  0  0\n    7.0500   -4.5968    0.0000 C   0  0  0  0  0  0  0  0  0  0  0  0\n    5.6020   -5.3875    0.0000 C   0  0  0  0  0  0  0  0  0  0  0  0\n    6.3478   -4.1673    0.0000 N   0  0  0  0  0  0  0  0  0  0  0  0\n    7.0303   -5.4215    0.0000 C   0  0  0  0  0  0  0  0  0  0  0  0\n    6.3085   -5.8169    0.0000 N   0  0  0  0  0  0  0  0  0  0  0  0\n    4.8758   -5.7828    0.0000 N   0  0  0  0  0  0  0  0  0  0  0  0\n    7.7736   -4.2013    0.0000 C   0  0  0  0  0  0  0  0  0  0  0  0\n    8.5501   -4.4702    0.0000 C   0  0  0  0  0  0  0  0  0  0  0  0\n    9.0507   -3.8141    0.0000 N   0  0  0  0  0  0  0  0  0  0  0  0\n    8.5802   -3.1403    0.0000 N   0  0  0  0  0  0  0  0  0  0  0  0\n    8.7884   -5.2575    0.0000 C   0  0  0  0  0  0  0  0  0  0  0  0\n    4.9558   -3.3235    0.0000 O   0  0  0  0  0  0  0  0  0  0  0  0\n    4.2634   -2.0421    0.0000 N   0  0  0  0  0  0  0  0  0  0  0  0\n    5.0031   -1.6423    0.0000 C   0  0  0  0  0  0  0  0  0  0  0  0\n    3.5473   -1.6014    0.0000 C   0  0  0  0  0  0  0  0  0  0  0  0\n    8.8592   -2.3470    0.0000 C   0  0  0  0  0  0  0  0  0  0  0  0\n    3.7672   -5.2536    0.0000 C   0  0  0  0  0  0  0  0  0  0  0  0\n 12  1  1  0\n  1  2  1  0\n  2  3  1  0\n  3  4  2  0\n  4  5  1  0\n  5  6  2  0\n  6  7  1  0\n  7  8  2  0\n  8  3  1  0\n  4  9  1  0\n  7 10  1  0\n 14 12  1  0\n 12 15  2  0\n 15 13  1  0\n 13 16  2  0\n 16 17  1  0\n 14 17  2  0\n 14 18  1  0\n 13 19  1  0\n 11 19  2  0\n 19 20  1  0\n 20 21  2  0\n 21 22  1  0\n 22 11  1  0\n 20 23  1  0\n  9 24  2  0\n  9 25  1  0\n 25 26  1  0\n 25 27  1  0\n 26 11  1  0\n 22 28  1  0\n  2 29  1  6\nM  END\n> <chembl_id>\nCHEMBL3286823\n\n> <chembl_pref_name>\nNone"", ""standard_inchi"": ""InChI=1S/C20H21FN6O2/c1-10-17-15-8-23-18(22)19(24-15)29-11(2)14-7-12(21)5-6-13(14)20(28)26(3)9-16(17)27(4)25-10/h5-8,11H,9H2,1-4H3,(H2,22,23)/t11-/m1/s1"", ""standard_inchi_key"": ""BOSKQVUEUWJLFT-LLVKDONJSA-N""}","[]","[]","[]","0adfbfb6-3304-4e79-a3cb-cfaf3fa39d83","incremental","None","2025-12-22T18:37:09.736980+00:00"
"chembl:CHEMBL3298984","fa55ff7929070291d8820999d950f89b3728e4b59ea42de000c39e5d9dbe86a5","CHEMBL3298984",,"Small molecule","MOL",,,false,false,false,0,0,-1,-1,false,false,-1,0,"{""active_chembl_id"": ""CHEMBL3298984"", ""molecule_chembl_id"": ""CHEMBL3298984"", ""parent_chembl_id"": ""CHEMBL3298984""}","{""alogp"": ""3.69"", ""aromatic_rings"": 2, ""full_molformula"": ""C21H25ClFN5O2"", ""full_mwt"": ""433.92"", ""hba"": 5, ""hbd"": 2, ""heavy_atoms"": 30, ""mw_freebase"": ""433.92"", ""np_likeness_score"": ""-1.79"", ""num_ro5_violations"": 0, ""psa"": ""79.38"", ""qed_weighted"": ""0.77"", ""ro3_pass"": ""N"", ""rtb"": 4}","{""canonical_smiles"": ""C[C@@H](NC(=O)N1CCc2cnc(NC3CCOCC3)nc2C1)c1ccc(Cl)c(F)c1"", ""molfile"": ""\n     RDKit          2D\n\n 30 33  0  0  0  0  0  0  0  0999 V2000\n    2.0581   -5.5270    0.0000 C   0  0  0  0  0  0  0  0  0  0  0  0\n    2.7649   -3.4814    0.0000 N   0  0  0  0  0  0  0  0  0  0  0  0\n    2.7632   -4.3021    0.0000 C   0  0  0  0  0  0  0  0  0  0  0  0\n    3.4728   -4.7113    0.0000 N   0  0  0  0  0  0  0  0  0  0  0  0\n    3.4701   -3.0724    0.0000 C   0  0  0  0  0  0  0  0  0  0  0  0\n    2.0577   -4.7099    0.0000 N   0  0  0  0  0  0  0  0  0  0  0  0\n    4.1805   -3.4759    0.0000 C   0  0  0  0  0  0  0  0  0  0  0  0\n    4.1815   -4.3011    0.0000 C   0  0  0  0  0  0  0  0  0  0  0  0\n    4.8936   -4.7120    0.0000 C   0  0  0  0  0  0  0  0  0  0  0  0\n    5.6074   -4.2964    0.0000 N   0  0  0  0  0  0  0  0  0  0  0  0\n    5.6064   -3.4712    0.0000 C   0  0  0  0  0  0  0  0  0  0  0  0\n    4.8874   -3.0616    0.0000 C   0  0  0  0  0  0  0  0  0  0  0  0\n    6.3182   -4.7020    0.0000 C   0  0  0  0  0  0  0  0  0  0  0  0\n    6.3174   -5.5192    0.0000 O   0  0  0  0  0  0  0  0  0  0  0  0\n    7.0215   -4.2946    0.0000 N   0  0  0  0  0  0  0  0  0  0  0  0\n    7.7322   -4.7003    0.0000 C   0  0  0  0  0  0  0  0  0  0  0  0\n    8.4396   -4.2888    0.0000 C   0  0  0  0  0  0  0  0  0  0  0  0\n    9.1443   -4.6987    0.0000 C   0  0  0  0  0  0  0  0  0  0  0  0\n    9.1341   -3.0643    0.0000 C   0  0  0  0  0  0  0  0  0  0  0  0\n    8.4318   -3.4783    0.0000 C   0  0  0  0  0  0  0  0  0  0  0  0\n    7.7356   -5.5175    0.0000 C   0  0  0  0  0  0  0  0  0  0  0  0\n    1.3502   -5.9357    0.0000 C   0  0  0  0  0  0  0  0  0  0  0  0\n    1.3486   -6.7493    0.0000 C   0  0  0  0  0  0  0  0  0  0  0  0\n    2.0547   -7.1614    0.0000 O   0  0  0  0  0  0  0  0  0  0  0  0\n    2.7640   -6.7537    0.0000 C   0  0  0  0  0  0  0  0  0  0  0  0\n    2.7673   -5.9339    0.0000 C   0  0  0  0  0  0  0  0  0  0  0  0\n    9.8483   -3.4697    0.0000 C   0  0  0  0  0  0  0  0  0  0  0  0\n    9.8509   -4.2844    0.0000 C   0  0  0  0  0  0  0  0  0  0  0  0\n   10.5538   -3.0574    0.0000 Cl  0  0  0  0  0  0  0  0  0  0  0  0\n   10.5606   -4.6895    0.0000 F   0  0  0  0  0  0  0  0  0  0  0  0\n  2  3  2  0\n  3  4  1  0\n  4  8  2  0\n  7  5  2  0\n  5  2  1  0\n  3  6  1  0\n  7  8  1  0\n  7 12  1  0\n  8  9  1  0\n  9 10  1  0\n 10 11  1  0\n 11 12  1  0\n 10 13  1  0\n 13 14  2  0\n 13 15  1  0\n 15 16  1  0\n 16 17  1  0\n 17 18  2  0\n 18 28  1  0\n 27 19  1  0\n 19 20  2  0\n 20 17  1  0\n 16 21  1  1\n  6  1  1  0\n  1 22  1  0\n  1 26  1  0\n 22 23  1  0\n 23 24  1  0\n 24 25  1  0\n 25 26  1  0\n 27 28  2  0\n 27 29  1  0\n 28 30  1  0\nM  END\n> <chembl_id>\nCHEMBL3298984\n\n> <chembl_pref_name>\nNone"", ""standard_inchi"": ""InChI=1S/C21H25ClFN5O2/c1-13(14-2-3-17(22)18(23)10-14)25-21(29)28-7-4-15-11-24-20(27-19(15)12-28)26-16-5-8-30-9-6-16/h2-3,10-11,13,16H,4-9,12H2,1H3,(H,25,29)(H,24,26,27)/t13-/m1/s1"", ""standard_inchi_key"": ""XHQBOSUFOHFXGZ-CYBMUJFWSA-N""}","[]","[]","[]","0adfbfb6-3304-4e79-a3cb-cfaf3fa39d83","incremental","None","2025-12-22T18:37:09.737141+00:00"
"chembl:CHEMBL3309328","e47a9af76019ab4a2f8cd908927c863d7c0e17851e64ca14795f405948e6a308","CHEMBL3309328",,"Small molecule","MOL",,,false,false,false,0,0,-1,-1,false,false,-1,0,"{""active_chembl_id"": ""CHEMBL3309328"", ""molecule_chembl_id"": ""CHEMBL3309328"", ""parent_chembl_id"": ""CHEMBL3309328""}","{""alogp"": ""0.03"", ""aromatic_rings"": 0, ""full_molformula"": ""C4H11NO2S2"", ""full_mwt"": ""169.27"", ""hba"": 4, ""hbd"": 1, ""heavy_atoms"": 9, ""mw_freebase"": ""169.27"", ""np_likeness_score"": ""-0.45"", ""num_ro5_violations"": 0, ""psa"": ""60.16"", ""qed_weighted"": ""0.48"", ""ro3_pass"": ""N"", ""rtb"": 4}","{""canonical_smiles"": ""CS(=O)(=O)SCCCN"", ""molfile"": ""\n     RDKit          2D\n\n  9  8  0  0  0  0  0  0  0  0999 V2000\n    3.8177   -4.1272    0.0000 C   0  0  0  0  0  0  0  0  0  0  0  0\n    4.5254   -3.7186    0.0000 S   0  0  0  0  0  0  0  0  0  0  0  0\n    5.2331   -4.1272    0.0000 S   0  0  0  0  0  0  0  0  0  0  0  0\n    4.3088   -2.9221    0.0000 O   0  0  0  0  0  0  0  0  0  0  0  0\n    5.1013   -3.1326    0.0000 O   0  0  0  0  0  0  0  0  0  0  0  0\n    5.9408   -3.7186    0.0000 C   0  0  0  0  0  0  0  0  0  0  0  0\n    6.6485   -4.1272    0.0000 C   0  0  0  0  0  0  0  0  0  0  0  0\n    7.3562   -3.7186    0.0000 C   0  0  0  0  0  0  0  0  0  0  0  0\n    8.0639   -4.1272    0.0000 N   0  0  0  0  0  0  0  0  0  0  0  0\n  1  2  1  0\n  2  3  1  0\n  2  4  2  0\n  2  5  2  0\n  3  6  1  0\n  6  7  1  0\n  7  8  1  0\n  8  9  1  0\nM  END\n> <chembl_id>\nCHEMBL3309328\n\n> <chembl_pref_name>\nNone"", ""standard_inchi"": ""InChI=1S/C4H11NO2S2/c1-9(6,7)8-4-2-3-5/h2-5H2,1H3"", ""standard_inchi_key"": ""VNSAROOCJXPTPB-UHFFFAOYSA-N""}","[]","[]","[]","0adfbfb6-3304-4e79-a3cb-cfaf3fa39d83","incremental","None","2025-12-22T18:37:09.737234+00:00"
"chembl:CHEMBL3311480","7b85a55467f14660cd45cee27b21687798d97b2f2b1b7825a8ba34065a62c1dc","CHEMBL3311480",,"Small molecule","MOL",,,false,false,false,0,0,-1,-1,false,false,-1,0,"{""active_chembl_id"": ""CHEMBL3311480"", ""molecule_chembl_id"": ""CHEMBL3311480"", ""parent_chembl_id"": ""CHEMBL3311480""}","{""alogp"": ""6.83"", ""aromatic_rings"": 5, ""full_molformula"": ""C43H45ClF3N7O6S3"", ""full_mwt"": ""944.52"", ""hba"": 13, ""hbd"": 2, ""heavy_atoms"": 63, ""mw_freebase"": ""944.52"", ""np_likeness_score"": ""-1.44"", ""num_ro5_violations"": 3, ""psa"": ""154.14"", ""qed_weighted"": ""0.10"", ""ro3_pass"": ""N"", ""rtb"": 16}","{""canonical_smiles"": ""O=C(NS(=O)(=O)c1ccc(N[C@H](CCN2CCOCC2)CSc2ccccc2)c(S(=O)(=O)C(F)(F)F)c1)c1cnc(N2CCN(Cc3ccccc3-c3ccc(Cl)cc3)CC2)nc1"", ""molfile"": ""\n     RDKit          2D\n\n 63 69  0  0  0  0  0  0  0  0999 V2000\n   14.1564   -6.8141    0.0000 S   0  0  0  0  0  0  0  0  0  0  0  0\n   12.7531   -9.2450    0.0000 S   0  0  0  0  0  0  0  0  0  0  0  0\n   14.1523   -7.6230    0.0000 C   0  0  0  0  0  0  0  0  0  0  0  0\n   12.0515   -8.8405    0.0000 N   0  0  0  0  0  0  0  0  0  0  0  0\n   14.8580   -6.4096    0.0000 C   0  0  0  0  0  0  0  0  0  0  0  0\n   11.3540  -11.6718    0.0000 C   0  0  0  0  0  0  0  0  0  0  0  0\n   11.3499   -9.2450    0.0000 C   0  0  0  0  0  0  0  0  0  0  0  0\n   13.4506   -8.0275    0.0000 C   0  0  0  0  0  0  0  0  0  0  0  0\n   13.4506   -8.8405    0.0000 C   0  0  0  0  0  0  0  0  0  0  0  0\n   11.3540  -12.4807    0.0000 N   0  0  0  0  0  0  0  0  0  0  0  0\n   14.8539   -8.0316    0.0000 C   0  0  0  0  0  0  0  0  0  0  0  0\n   12.0556  -11.2591    0.0000 N   0  0  0  0  0  0  0  0  0  0  0  0\n   10.6524  -11.2632    0.0000 N   0  0  0  0  0  0  0  0  0  0  0  0\n   11.3499  -10.0539    0.0000 C   0  0  0  0  0  0  0  0  0  0  0  0\n   11.3581  -14.0986    0.0000 N   0  0  0  0  0  0  0  0  0  0  0  0\n   12.0598  -15.3120    0.0000 C   0  0  0  0  0  0  0  0  0  0  0  0\n   15.5555   -7.6271    0.0000 N   0  0  0  0  0  0  0  0  0  0  0  0\n   13.3681   -7.0204    0.0000 O   0  0  0  0  0  0  0  0  0  0  0  0\n   13.5786   -6.2362    0.0000 O   0  0  0  0  0  0  0  0  0  0  0  0\n   12.0515  -16.1210    0.0000 C   0  0  0  0  0  0  0  0  0  0  0  0\n   12.3404   -9.9425    0.0000 O   0  0  0  0  0  0  0  0  0  0  0  0\n   13.1494   -9.9425    0.0000 O   0  0  0  0  0  0  0  0  0  0  0  0\n   16.9547  -10.0539    0.0000 N   0  0  0  0  0  0  0  0  0  0  0  0\n   11.3581  -14.9075    0.0000 C   0  0  0  0  0  0  0  0  0  0  0  0\n   12.0515  -10.4543    0.0000 C   0  0  0  0  0  0  0  0  0  0  0  0\n   10.6524  -10.4584    0.0000 C   0  0  0  0  0  0  0  0  0  0  0  0\n   11.3540  -16.5213    0.0000 C   0  0  0  0  0  0  0  0  0  0  0  0\n   10.6482   -8.8405    0.0000 O   0  0  0  0  0  0  0  0  0  0  0  0\n   10.6606  -12.8852    0.0000 C   0  0  0  0  0  0  0  0  0  0  0  0\n   12.0639  -12.8811    0.0000 C   0  0  0  0  0  0  0  0  0  0  0  0\n   14.8539   -8.8364    0.0000 C   0  0  0  0  0  0  0  0  0  0  0  0\n   14.1564   -9.2450    0.0000 C   0  0  0  0  0  0  0  0  0  0  0  0\n   17.6563   -8.0316    0.0000 S   0  0  0  0  0  0  0  0  0  0  0  0\n   15.5514   -6.0010    0.0000 F   0  0  0  0  0  0  0  0  0  0  0  0\n   14.8580   -5.6006    0.0000 F   0  0  0  0  0  0  0  0  0  0  0  0\n   15.5555   -6.8182    0.0000 F   0  0  0  0  0  0  0  0  0  0  0  0\n   16.9547  -11.6718    0.0000 O   0  0  0  0  0  0  0  0  0  0  0  0\n   11.3540  -17.3261    0.0000 C   0  0  0  0  0  0  0  0  0  0  0  0\n   10.6524  -16.1127    0.0000 C   0  0  0  0  0  0  0  0  0  0  0  0\n   16.9547   -9.2450    0.0000 C   0  0  0  0  0  0  0  0  0  0  0  0\n   10.6606  -13.6900    0.0000 C   0  0  0  0  0  0  0  0  0  0  0  0\n   12.0598  -13.6900    0.0000 C   0  0  0  0  0  0  0  0  0  0  0  0\n   16.2572   -8.8405    0.0000 C   0  0  0  0  0  0  0  0  0  0  0  0\n   16.2572   -8.0316    0.0000 C   0  0  0  0  0  0  0  0  0  0  0  0\n    9.9466  -17.3220    0.0000 C   0  0  0  0  0  0  0  0  0  0  0  0\n   16.9547   -7.6271    0.0000 C   0  0  0  0  0  0  0  0  0  0  0  0\n   18.3579   -7.6271    0.0000 C   0  0  0  0  0  0  0  0  0  0  0  0\n    9.9507  -16.5130    0.0000 C   0  0  0  0  0  0  0  0  0  0  0  0\n   10.6524  -17.7306    0.0000 C   0  0  0  0  0  0  0  0  0  0  0  0\n    9.2450  -17.7264    0.0000 Cl  0  0  0  0  0  0  0  0  0  0  0  0\n   17.6645  -10.4584    0.0000 C   0  0  0  0  0  0  0  0  0  0  0  0\n   16.2572  -10.4584    0.0000 C   0  0  0  0  0  0  0  0  0  0  0  0\n   12.7531  -14.9034    0.0000 C   0  0  0  0  0  0  0  0  0  0  0  0\n   12.7531  -16.5254    0.0000 C   0  0  0  0  0  0  0  0  0  0  0  0\n   16.2572  -11.2632    0.0000 C   0  0  0  0  0  0  0  0  0  0  0  0\n   17.6604  -11.2715    0.0000 C   0  0  0  0  0  0  0  0  0  0  0  0\n   19.0595   -8.0357    0.0000 C   0  0  0  0  0  0  0  0  0  0  0  0\n   18.3538   -6.8223    0.0000 C   0  0  0  0  0  0  0  0  0  0  0  0\n   13.4548  -15.3079    0.0000 C   0  0  0  0  0  0  0  0  0  0  0  0\n   13.4548  -16.1210    0.0000 C   0  0  0  0  0  0  0  0  0  0  0  0\n   19.0554   -6.4178    0.0000 C   0  0  0  0  0  0  0  0  0  0  0  0\n   19.7570   -7.6312    0.0000 C   0  0  0  0  0  0  0  0  0  0  0  0\n   19.7612   -6.8223    0.0000 C   0  0  0  0  0  0  0  0  0  0  0  0\n  2  9  1  0\n  3  1  1  0\n  4  2  1  0\n  5  1  1  0\n  6 12  1  0\n  7  4  1  0\n  8  3  1  0\n  9  8  2  0\n 10  6  1  0\n 11  3  2  0\n 12 25  2  0\n 13 26  1  0\n 14  7  1  0\n 15 42  1  0\n 16 24  1  0\n 17 11  1  0\n 18  1  2  0\n 19  1  2  0\n 20 16  2  0\n 21  2  2  0\n 22  2  2  0\n 23 40  1  0\n 24 15  1  0\n 25 14  1  0\n 26 14  2  0\n 27 20  1  0\n 28  7  2  0\n 29 10  1  0\n 30 10  1  0\n 31 11  1  0\n 32  9  1  0\n 33 46  1  0\n 34  5  1  0\n 35  5  1  0\n 36  5  1  0\n 37 56  1  0\n 38 27  1  0\n 39 27  2  0\n 40 43  1  0\n 41 29  1  0\n 42 30  1  0\n 44 43  1  1\n 44 17  1  0\n 45 49  1  0\n 46 44  1  0\n 47 33  1  0\n 48 39  1  0\n 49 38  2  0\n 50 45  1  0\n 51 23  1  0\n 52 23  1  0\n 53 16  1  0\n 54 20  1  0\n 55 52  1  0\n 56 51  1  0\n 57 47  2  0\n 58 47  1  0\n 59 53  2  0\n 60 59  1  0\n 61 58  2  0\n 62 57  1  0\n 63 61  1  0\n 31 32  2  0\n  6 13  2  0\n 37 55  1  0\n 63 62  2  0\n 15 41  1  0\n 60 54  2  0\n 45 48  2  0\nM  END\n> <chembl_id>\nCHEMBL3311480\n\n> <chembl_pref_name>\nNone"", ""standard_inchi"": ""InChI=1S/C43H45ClF3N7O6S3/c44-34-12-10-31(11-13-34)38-9-5-4-6-32(38)29-53-18-20-54(21-19-53)42-48-27-33(28-49-42)41(55)51-63(58,59)37-14-15-39(40(26-37)62(56,57)43(45,46)47)50-35(16-17-52-22-24-60-25-23-52)30-61-36-7-2-1-3-8-36/h1-15,26-28,35,50H,16-25,29-30H2,(H,51,55)/t35-/m1/s1"", ""standard_inchi_key"": ""LJZUXAFCLNDUEH-PGUFJCEWSA-N""}","[]","[]","[]","0adfbfb6-3304-4e79-a3cb-cfaf3fa39d83","incremental","None","2025-12-22T18:37:09.737353+00:00"
"chembl:CHEMBL3318978","202dbb15b6b8819bde718514f95655af9cb33846c96042fab489221845cf7a0c","CHEMBL3318978",,"Small molecule","MOL",,,false,false,false,0,0,-1,-1,false,false,-1,0,"{""active_chembl_id"": ""CHEMBL3318978"", ""molecule_chembl_id"": ""CHEMBL3318978"", ""parent_chembl_id"": ""CHEMBL3318978""}","{""alogp"": ""4.34"", ""aromatic_rings"": 3, ""full_molformula"": ""C18H16ClN3"", ""full_mwt"": ""309.80"", ""hba"": 3, ""hbd"": 0, ""heavy_atoms"": 22, ""mw_freebase"": ""309.80"", ""np_likeness_score"": ""-0.72"", ""num_ro5_violations"": 0, ""psa"": ""30.19"", ""qed_weighted"": ""0.72"", ""ro3_pass"": ""N"", ""rtb"": 3}","{""canonical_smiles"": ""Clc1ccc(C2(c3nnc4c(C5CC5)cccn34)CC2)cc1"", ""molfile"": ""\n     RDKit          2D\n\n 22 26  0  0  0  0  0  0  0  0999 V2000\n    7.8500   -9.6536    0.0000 C   0  0  0  0  0  0  0  0  0  0  0  0\n    7.1442   -9.2450    0.0000 C   0  0  0  0  0  0  0  0  0  0  0  0\n    7.1433  -10.0605    0.0000 C   0  0  0  0  0  0  0  0  0  0  0  0\n    4.3239   -9.6247    0.0000 C   0  0  0  0  0  0  0  0  0  0  0  0\n    4.3228  -10.4442    0.0000 C   0  0  0  0  0  0  0  0  0  0  0  0\n    5.0308  -10.8532    0.0000 C   0  0  0  0  0  0  0  0  0  0  0  0\n    5.7405  -10.4437    0.0000 C   0  0  0  0  0  0  0  0  0  0  0  0\n    5.0290   -9.2158    0.0000 C   0  0  0  0  0  0  0  0  0  0  0  0\n    5.7388   -9.6264    0.0000 N   0  0  0  0  0  0  0  0  0  0  0  0\n    6.3486   -9.0783    0.0000 C   0  0  0  0  0  0  0  0  0  0  0  0\n    6.0158   -8.3289    0.0000 N   0  0  0  0  0  0  0  0  0  0  0  0\n    5.2003   -8.4139    0.0000 N   0  0  0  0  0  0  0  0  0  0  0  0\n    7.6952   -8.6421    0.0000 C   0  0  0  0  0  0  0  0  0  0  0  0\n    8.4907   -8.8168    0.0000 C   0  0  0  0  0  0  0  0  0  0  0  0\n    9.0378   -8.2108    0.0000 C   0  0  0  0  0  0  0  0  0  0  0  0\n    8.7861   -7.4324    0.0000 C   0  0  0  0  0  0  0  0  0  0  0  0\n    7.9822   -7.2635    0.0000 C   0  0  0  0  0  0  0  0  0  0  0  0\n    7.4386   -7.8708    0.0000 C   0  0  0  0  0  0  0  0  0  0  0  0\n    9.3326   -6.8249    0.0000 Cl  0  0  0  0  0  0  0  0  0  0  0  0\n    3.6125   -9.2174    0.0000 C   0  0  0  0  0  0  0  0  0  0  0  0\n    3.1972   -8.5069    0.0000 C   0  0  0  0  0  0  0  0  0  0  0  0\n    2.7899   -9.2183    0.0000 C   0  0  0  0  0  0  0  0  0  0  0  0\n  2  1  1  0\n  3  2  1  0\n  1  3  1  0\n  4  5  2  0\n  5  6  1  0\n  6  7  2  0\n  7  9  1  0\n  8  4  1  0\n  8  9  1  0\n  9 10  1  0\n 10 11  2  0\n 11 12  1  0\n 12  8  2  0\n 10  2  1  0\n  2 13  1  0\n 13 14  2  0\n 14 15  1  0\n 15 16  2  0\n 16 17  1  0\n 17 18  2  0\n 18 13  1  0\n 16 19  1  0\n  4 20  1  0\n 21 20  1  0\n 22 21  1  0\n 20 22  1  0\nM  END\n> <chembl_id>\nCHEMBL3318978\n\n> <chembl_pref_name>\nNone"", ""standard_inchi"": ""InChI=1S/C18H16ClN3/c19-14-7-5-13(6-8-14)18(9-10-18)17-21-20-16-15(12-3-4-12)2-1-11-22(16)17/h1-2,5-8,11-12H,3-4,9-10H2"", ""standard_inchi_key"": ""DSIKPABWAOKGSR-UHFFFAOYSA-N""}","[]","[]","[]","0adfbfb6-3304-4e79-a3cb-cfaf3fa39d83","incremental","None","2025-12-22T18:37:09.737442+00:00"
"chembl:CHEMBL3330105","a1b517c94631ce51018bd61fb1bc22324d72f50f5df12b8ee3260efa092498a3","CHEMBL3330105",,"Small molecule","MOL",,,false,false,false,0,0,-1,-1,false,false,-1,0,"{""active_chembl_id"": ""CHEMBL3330105"", ""molecule_chembl_id"": ""CHEMBL3330105"", ""parent_chembl_id"": ""CHEMBL3330105""}","{""alogp"": ""3.04"", ""aromatic_rings"": 3, ""full_molformula"": ""C17H16ClN5O"", ""full_mwt"": ""341.80"", ""hba"": 4, ""hbd"": 3, ""heavy_atoms"": 24, ""mw_freebase"": ""341.80"", ""np_likeness_score"": ""-0.93"", ""num_ro5_violations"": 0, ""psa"": ""96.69"", ""qed_weighted"": ""0.68"", ""ro3_pass"": ""N"", ""rtb"": 3}","{""canonical_smiles"": ""CNC(=O)c1cc(-c2ccnc(N)n2)[nH]c1-c1cc(Cl)ccc1C"", ""molfile"": ""\n     RDKit          2D\n\n 24 26  0  0  0  0  0  0  0  0999 V2000\n    3.3978   -2.5132    0.0000 N   0  0  0  0  0  0  0  0  0  0  0  0\n    3.9404   -1.9022    0.0000 C   0  0  0  0  0  0  0  0  0  0  0  0\n    3.5270   -1.1973    0.0000 C   0  0  0  0  0  0  0  0  0  0  0  0\n    2.7288   -1.3727    0.0000 C   0  0  0  0  0  0  0  0  0  0  0  0\n    2.6490   -2.1860    0.0000 C   0  0  0  0  0  0  0  0  0  0  0  0\n    3.8542   -0.4485    0.0000 C   0  0  0  0  0  0  0  0  0  0  0  0\n    3.3694    0.2117    0.0000 O   0  0  0  0  0  0  0  0  0  0  0  0\n    4.6663   -0.3575    0.0000 N   0  0  0  0  0  0  0  0  0  0  0  0\n    4.7537   -1.9820    0.0000 C   0  0  0  0  0  0  0  0  0  0  0  0\n    5.0912   -2.7263    0.0000 C   0  0  0  0  0  0  0  0  0  0  0  0\n    5.9045   -2.8061    0.0000 C   0  0  0  0  0  0  0  0  0  0  0  0\n    6.3803   -2.1417    0.0000 C   0  0  0  0  0  0  0  0  0  0  0  0\n    6.0428   -1.3975    0.0000 C   0  0  0  0  0  0  0  0  0  0  0  0\n    5.2295   -1.3176    0.0000 C   0  0  0  0  0  0  0  0  0  0  0  0\n    1.2448   -3.8300    0.0000 C   0  0  0  0  0  0  0  0  0  0  0  0\n    1.9497   -3.4166    0.0000 N   0  0  0  0  0  0  0  0  0  0  0  0\n    1.9441   -2.5994    0.0000 C   0  0  0  0  0  0  0  0  0  0  0  0\n    1.2336   -2.1957    0.0000 C   0  0  0  0  0  0  0  0  0  0  0  0\n    0.5287   -2.6091    0.0000 C   0  0  0  0  0  0  0  0  0  0  0  0\n    0.5343   -3.4263    0.0000 N   0  0  0  0  0  0  0  0  0  0  0  0\n    1.2504   -4.6472    0.0000 N   0  0  0  0  0  0  0  0  0  0  0  0\n    4.6154   -3.3907    0.0000 C   0  0  0  0  0  0  0  0  0  0  0  0\n    6.5186   -0.7331    0.0000 Cl  0  0  0  0  0  0  0  0  0  0  0  0\n    5.1558   -1.0216    0.0000 C   0  0  0  0  0  0  0  0  0  0  0  0\n  1  2  1  0\n  2  3  2  0\n  3  4  1  0\n  4  5  2  0\n  1  5  1  0\n  6  7  2  0\n  6  8  1  0\n  3  6  1  0\n  9 10  1  0\n 10 11  2  0\n 11 12  1  0\n 12 13  2  0\n 13 14  1  0\n  9 14  2  0\n  2  9  1  0\n 15 16  1  0\n 16 17  2  0\n 17 18  1  0\n 18 19  2  0\n 19 20  1  0\n 15 20  2  0\n 15 21  1  0\n  5 17  1  0\n 10 22  1  0\n 13 23  1  0\n  8 24  1  0\nM  END\n> <chembl_id>\nCHEMBL3330105\n\n> <chembl_pref_name>\nNone"", ""standard_inchi"": ""InChI=1S/C17H16ClN5O/c1-9-3-4-10(18)7-11(9)15-12(16(24)20-2)8-14(22-15)13-5-6-21-17(19)23-13/h3-8,22H,1-2H3,(H,20,24)(H2,19,21,23)"", ""standard_inchi_key"": ""BFOWVKRAGHVYJA-UHFFFAOYSA-N""}","[]","[]","[]","0adfbfb6-3304-4e79-a3cb-cfaf3fa39d83","incremental","None","2025-12-22T18:37:09.737535+00:00"
"chembl:CHEMBL3330790","0983bebee431374161f5f5bf45aae20e9c863a786b35e9a370862fea40b3577a","CHEMBL3330790",,"Small molecule","MOL",,,false,false,false,0,0,-1,-1,false,false,-1,0,"{""active_chembl_id"": ""CHEMBL469321"", ""molecule_chembl_id"": ""CHEMBL3330790"", ""parent_chembl_id"": ""CHEMBL469321""}","{""alogp"": ""2.94"", ""aromatic_rings"": 3, ""full_molformula"": ""C22H25ClN4O2S"", ""full_mwt"": ""444.99"", ""hba"": 7, ""hbd"": 4, ""heavy_atoms"": 29, ""mw_freebase"": ""408.53"", ""np_likeness_score"": ""-0.31"", ""num_ro5_violations"": 0, ""psa"": ""82.26"", ""qed_weighted"": ""0.27"", ""ro3_pass"": ""N"", ""rtb"": 8}","{""canonical_smiles"": ""CNCCNc1c2c(c(NCCNC)c3sccc13)C(=O)c1ccccc1C2=O.Cl"", ""molfile"": ""\n     RDKit          2D\n\n 30 32  0  0  0  0  0  0  0  0999 V2000\n   13.7304   -2.5929    0.0000 Cl  0  0  0  0  0  0  0  0  0  0  0  0\n    6.7727   -3.0677    0.0000 C   0  0  0  0  0  0  0  0  0  0  0  0\n    6.7715   -3.8909    0.0000 C   0  0  0  0  0  0  0  0  0  0  0  0\n    7.4828   -4.3018    0.0000 C   0  0  0  0  0  0  0  0  0  0  0  0\n    7.4810   -2.6572    0.0000 C   0  0  0  0  0  0  0  0  0  0  0  0\n    8.1927   -3.0641    0.0000 C   0  0  0  0  0  0  0  0  0  0  0  0\n    8.1961   -3.8930    0.0000 C   0  0  0  0  0  0  0  0  0  0  0  0\n    8.9118   -4.3023    0.0000 C   0  0  0  0  0  0  0  0  0  0  0  0\n    8.9049   -2.6445    0.0000 C   0  0  0  0  0  0  0  0  0  0  0  0\n    9.6250   -3.0583    0.0000 C   0  0  0  0  0  0  0  0  0  0  0  0\n    9.6279   -3.8868    0.0000 C   0  0  0  0  0  0  0  0  0  0  0  0\n   10.3458   -4.2969    0.0000 C   0  0  0  0  0  0  0  0  0  0  0  0\n   10.3359   -2.6415    0.0000 C   0  0  0  0  0  0  0  0  0  0  0  0\n   11.0543   -3.0477    0.0000 C   0  0  0  0  0  0  0  0  0  0  0  0\n   11.0601   -3.8835    0.0000 C   0  0  0  0  0  0  0  0  0  0  0  0\n   11.8569   -4.1364    0.0000 S   0  0  0  0  0  0  0  0  0  0  0  0\n   12.3435   -3.4567    0.0000 C   0  0  0  0  0  0  0  0  0  0  0  0\n   11.8474   -2.7840    0.0000 C   0  0  0  0  0  0  0  0  0  0  0  0\n    8.9004   -1.8236    0.0000 O   0  0  0  0  0  0  0  0  0  0  0  0\n    8.9143   -5.1232    0.0000 O   0  0  0  0  0  0  0  0  0  0  0  0\n   10.3295   -1.8206    0.0000 N   0  0  0  0  0  0  0  0  0  0  0  0\n   10.3481   -5.1177    0.0000 N   0  0  0  0  0  0  0  0  0  0  0  0\n    9.6382   -5.5301    0.0000 C   0  0  0  0  0  0  0  0  0  0  0  0\n    9.6406   -6.3509    0.0000 C   0  0  0  0  0  0  0  0  0  0  0  0\n    8.9308   -6.7633    0.0000 N   0  0  0  0  0  0  0  0  0  0  0  0\n    8.9332   -7.5842    0.0000 C   0  0  0  0  0  0  0  0  0  0  0  0\n   11.0371   -1.4047    0.0000 C   0  0  0  0  0  0  0  0  0  0  0  0\n   11.0307   -0.5839    0.0000 C   0  0  0  0  0  0  0  0  0  0  0  0\n   11.7384   -0.1678    0.0000 N   0  0  0  0  0  0  0  0  0  0  0  0\n   11.7319    0.6571    0.0000 C   0  0  0  0  0  0  0  0  0  0  0  0\n  2  3  2  0\n  3  4  1  0\n  4  7  2  0\n  6  5  2  0\n  5  2  1  0\n  6  7  1  0\n  6  9  1  0\n  7  8  1  0\n  8 11  1  0\n 10  9  1  0\n 10 11  2  0\n 11 12  1  0\n 12 15  2  0\n 14 13  2  0\n 13 10  1  0\n 14 15  1  0\n 15 16  1  0\n 16 17  1  0\n 17 18  2  0\n 18 14  1  0\n  9 19  2  0\n  8 20  2  0\n 13 21  1  0\n 12 22  1  0\n 22 23  1  0\n 23 24  1  0\n 24 25  1  0\n 25 26  1  0\n 21 27  1  0\n 27 28  1  0\n 28 29  1  0\n 29 30  1  0\nM  END\n> <chembl_id>\nCHEMBL3330790\n\n> <chembl_pref_name>\nNone"", ""standard_inchi"": ""InChI=1S/C22H24N4O2S.ClH/c1-23-8-10-25-18-15-7-12-29-22(15)19(26-11-9-24-2)17-16(18)20(27)13-5-3-4-6-14(13)21(17)28;/h3-7,12,23-26H,8-11H2,1-2H3;1H"", ""standard_inchi_key"": ""IWFNYBFNXUYKLW-UHFFFAOYSA-N""}","[]","[]","[]","0adfbfb6-3304-4e79-a3cb-cfaf3fa39d83","incremental","None","2025-12-22T18:37:09.737629+00:00"
"chembl:CHEMBL3334542","c9b5d05c6113ca8fa867df9184f916a9c6f80d2e4bdfc7e03c2f5669367ca5e8","CHEMBL3334542",,"Small molecule","MOL",,,false,false,false,0,0,-1,-1,false,false,-1,0,"{""active_chembl_id"": ""CHEMBL3334542"", ""molecule_chembl_id"": ""CHEMBL3334542"", ""parent_chembl_id"": ""CHEMBL3334542""}","{""alogp"": ""1.32"", ""aromatic_rings"": 5, ""full_molformula"": ""C16H13N9"", ""full_mwt"": ""331.34"", ""hba"": 9, ""hbd"": 0, ""heavy_atoms"": 25, ""mw_freebase"": ""331.34"", ""np_likeness_score"": ""-2.49"", ""num_ro5_violations"": 0, ""psa"": ""91.61"", ""qed_weighted"": ""0.49"", ""ro3_pass"": ""N"", ""rtb"": 3}","{""canonical_smiles"": ""Cn1cc(-c2cnc3nnn(Cc4ccc5nccn5c4)c3n2)cn1"", ""molfile"": ""\n     RDKit          2D\n\n 25 29  0  0  0  0  0  0  0  0999 V2000\n   10.0154   -8.8529    0.0000 C   0  0  0  0  0  0  0  0  0  0  0  0\n   10.0142   -9.6724    0.0000 C   0  0  0  0  0  0  0  0  0  0  0  0\n   10.7223  -10.0814    0.0000 N   0  0  0  0  0  0  0  0  0  0  0  0\n   10.7205   -8.4440    0.0000 N   0  0  0  0  0  0  0  0  0  0  0  0\n   11.4291   -8.8493    0.0000 C   0  0  0  0  0  0  0  0  0  0  0  0\n   11.4294   -9.6724    0.0000 C   0  0  0  0  0  0  0  0  0  0  0  0\n   12.2123   -9.9266    0.0000 N   0  0  0  0  0  0  0  0  0  0  0  0\n   12.6960   -9.2605    0.0000 N   0  0  0  0  0  0  0  0  0  0  0  0\n   12.2119   -8.5947    0.0000 N   0  0  0  0  0  0  0  0  0  0  0  0\n    9.3116   -8.4402    0.0000 C   0  0  0  0  0  0  0  0  0  0  0  0\n    9.2259   -7.6275    0.0000 C   0  0  0  0  0  0  0  0  0  0  0  0\n    8.4265   -7.4578    0.0000 N   0  0  0  0  0  0  0  0  0  0  0  0\n    8.0181   -8.1657    0.0000 N   0  0  0  0  0  0  0  0  0  0  0  0\n    8.5651   -8.7727    0.0000 C   0  0  0  0  0  0  0  0  0  0  0  0\n   12.4642   -7.8174    0.0000 C   0  0  0  0  0  0  0  0  0  0  0  0\n   13.2635   -7.6473    0.0000 C   0  0  0  0  0  0  0  0  0  0  0  0\n    8.0940   -6.7114    0.0000 C   0  0  0  0  0  0  0  0  0  0  0  0\n   13.8047   -8.2561    0.0000 C   0  0  0  0  0  0  0  0  0  0  0  0\n   14.6033   -8.0865    0.0000 C   0  0  0  0  0  0  0  0  0  0  0  0\n   13.5079   -6.8728    0.0000 C   0  0  0  0  0  0  0  0  0  0  0  0\n   14.3045   -6.7000    0.0000 N   0  0  0  0  0  0  0  0  0  0  0  0\n   14.8571   -7.3041    0.0000 C   0  0  0  0  0  0  0  0  0  0  0  0\n   15.6025   -6.9652    0.0000 N   0  0  0  0  0  0  0  0  0  0  0  0\n   15.5105   -6.1516    0.0000 C   0  0  0  0  0  0  0  0  0  0  0  0\n   14.7083   -5.9878    0.0000 C   0  0  0  0  0  0  0  0  0  0  0  0\n  1  2  1  0\n  2  3  2  0\n  3  6  1  0\n  5  4  1  0\n  4  1  2  0\n  5  6  2  0\n  6  7  1  0\n  7  8  2  0\n  8  9  1  0\n  9  5  1  0\n 10 11  2  0\n 11 12  1  0\n 12 13  1  0\n 13 14  2  0\n 14 10  1  0\n  1 10  1  0\n  9 15  1  0\n 15 16  1  0\n 12 17  1  0\n 16 18  1  0\n 18 19  2  0\n 19 22  1  0\n 21 20  1  0\n 20 16  2  0\n 21 22  1  0\n 22 23  2  0\n 23 24  1  0\n 24 25  2  0\n 25 21  1  0\nM  END\n> <chembl_id>\nCHEMBL3334542\n\n> <chembl_pref_name>\nNone"", ""standard_inchi"": ""InChI=1S/C16H13N9/c1-23-10-12(6-19-23)13-7-18-15-16(20-13)25(22-21-15)9-11-2-3-14-17-4-5-24(14)8-11/h2-8,10H,9H2,1H3"", ""standard_inchi_key"": ""HWQZQGUNPZBXNP-UHFFFAOYSA-N""}","[]","[]","[]","0adfbfb6-3304-4e79-a3cb-cfaf3fa39d83","incremental","None","2025-12-22T18:37:09.737717+00:00"
"chembl:CHEMBL3356074","917b0c7ffc81eebb9534d78a1b791b80ecdd6fef4a315e67a05a6c354ef06ada","CHEMBL3356074",,"Small molecule","MOL",,,false,false,false,0,0,-1,-1,false,false,-1,0,"{""active_chembl_id"": ""CHEMBL3356074"", ""molecule_chembl_id"": ""CHEMBL3356074"", ""parent_chembl_id"": ""CHEMBL3356074""}","{""alogp"": ""3.16"", ""aromatic_rings"": 2, ""full_molformula"": ""C19H20N2O2"", ""full_mwt"": ""308.38"", ""hba"": 3, ""hbd"": 1, ""heavy_atoms"": 23, ""mw_freebase"": ""308.38"", ""np_likeness_score"": ""-0.43"", ""num_ro5_violations"": 0, ""psa"": ""50.69"", ""qed_weighted"": ""0.94"", ""ro3_pass"": ""N"", ""rtb"": 4}","{""canonical_smiles"": ""COc1cccc2c1C(NCC(C)(C)c1ccccc1)=NC2=O"", ""molfile"": ""\n     RDKit          2D\n\n 23 25  0  0  0  0  0  0  0  0999 V2000\n   14.9845  -13.3227    0.0000 C   0  0  0  0  0  0  0  0  0  0  0  0\n   15.8057  -13.4070    0.0000 C   0  0  0  0  0  0  0  0  0  0  0  0\n   16.2904  -12.7367    0.0000 C   0  0  0  0  0  0  0  0  0  0  0  0\n   15.9480  -11.9801    0.0000 C   0  0  0  0  0  0  0  0  0  0  0  0\n   14.6471  -12.5672    0.0000 C   0  0  0  0  0  0  0  0  0  0  0  0\n   15.1231  -11.8988    0.0000 C   0  0  0  0  0  0  0  0  0  0  0  0\n   14.6346  -11.2396    0.0000 C   0  0  0  0  0  0  0  0  0  0  0  0\n   13.8565  -11.5005    0.0000 N   0  0  0  0  0  0  0  0  0  0  0  0\n   13.8644  -12.3210    0.0000 C   0  0  0  0  0  0  0  0  0  0  0  0\n   13.1425  -12.7206    0.0000 N   0  0  0  0  0  0  0  0  0  0  0  0\n   12.4357  -12.2952    0.0000 C   0  0  0  0  0  0  0  0  0  0  0  0\n   11.7138  -12.6945    0.0000 C   0  0  0  0  0  0  0  0  0  0  0  0\n   11.0070  -12.2690    0.0000 C   0  0  0  0  0  0  0  0  0  0  0  0\n   11.0274  -11.4466    0.0000 C   0  0  0  0  0  0  0  0  0  0  0  0\n   10.3215  -11.0212    0.0000 C   0  0  0  0  0  0  0  0  0  0  0  0\n    9.5985  -11.4207    0.0000 C   0  0  0  0  0  0  0  0  0  0  0  0\n    9.5860  -12.2498    0.0000 C   0  0  0  0  0  0  0  0  0  0  0  0\n   10.2927  -12.6715    0.0000 C   0  0  0  0  0  0  0  0  0  0  0  0\n   11.1426  -13.2901    0.0000 C   0  0  0  0  0  0  0  0  0  0  0  0\n   12.1436  -13.3968    0.0000 C   0  0  0  0  0  0  0  0  0  0  0  0\n   14.5007  -13.9909    0.0000 O   0  0  0  0  0  0  0  0  0  0  0  0\n   14.8376  -14.7440    0.0000 C   0  0  0  0  0  0  0  0  0  0  0  0\n   14.8821  -10.4525    0.0000 O   0  0  0  0  0  0  0  0  0  0  0  0\n  5  1  2  0\n  1  2  1  0\n  2  3  2  0\n  3  4  1  0\n  4  6  2  0\n  5  6  1  0\n  6  7  1  0\n  7  8  1  0\n  8  9  2  0\n  9  5  1  0\n  9 10  1  0\n 10 11  1  0\n 11 12  1  0\n 12 13  1  0\n 13 14  2  0\n 14 15  1  0\n 15 16  2  0\n 16 17  1  0\n 17 18  2  0\n 18 13  1  0\n 12 19  1  0\n 12 20  1  0\n  1 21  1  0\n 21 22  1  0\n  7 23  2  0\nM  END\n> <chembl_id>\nCHEMBL3356074\n\n> <chembl_pref_name>\nNone"", ""standard_inchi"": ""InChI=1S/C19H20N2O2/c1-19(2,13-8-5-4-6-9-13)12-20-17-16-14(18(22)21-17)10-7-11-15(16)23-3/h4-11H,12H2,1-3H3,(H,20,21,22)"", ""standard_inchi_key"": ""WVNWIKASGFTXTN-UHFFFAOYSA-N""}","[]","[]","[]","0adfbfb6-3304-4e79-a3cb-cfaf3fa39d83","incremental","None","2025-12-22T18:37:09.737806+00:00"
"chembl:CHEMBL3357634","b047ccf00bbac64ef3fa9a47669a4c4e1067f4aa237b7288831f2a09e84452a6","CHEMBL3357634",,"Small molecule","MOL",,,false,false,false,0,0,-1,-1,false,false,-1,0,"{""active_chembl_id"": ""CHEMBL3357634"", ""molecule_chembl_id"": ""CHEMBL3357634"", ""parent_chembl_id"": ""CHEMBL3357634""}","{""alogp"": ""4.53"", ""aromatic_rings"": 3, ""full_molformula"": ""C21H20ClF2N5O2"", ""full_mwt"": ""447.87"", ""hba"": 6, ""hbd"": 2, ""heavy_atoms"": 31, ""mw_freebase"": ""447.87"", ""np_likeness_score"": ""-1.56"", ""num_ro5_violations"": 0, ""psa"": ""79.38"", ""qed_weighted"": ""0.52"", ""ro3_pass"": ""N"", ""rtb"": 7}","{""canonical_smiles"": ""COc1cc2ncnc(Nc3ccc(F)c(Cl)c3)c2cc1NC(=O)/C(F)=C/CN(C)C"", ""molfile"": ""\n     RDKit          2D\n\n 31 33  0  0  0  0  0  0  0  0999 V2000\n    7.7470   -4.4995    0.0000 C   0  0  0  0  0  0  0  0  0  0  0  0\n    8.4520   -4.0909    0.0000 C   0  0  0  0  0  0  0  0  0  0  0  0\n    8.4520   -3.2738    0.0000 C   0  0  0  0  0  0  0  0  0  0  0  0\n    9.1611   -2.8652    0.0000 C   0  0  0  0  0  0  0  0  0  0  0  0\n    7.7470   -5.3167    0.0000 O   0  0  0  0  0  0  0  0  0  0  0  0\n    7.0379   -4.0909    0.0000 N   0  0  0  0  0  0  0  0  0  0  0  0\n    9.1611   -4.4995    0.0000 F   0  0  0  0  0  0  0  0  0  0  0  0\n    9.8702   -3.2738    0.0000 N   0  0  0  0  0  0  0  0  0  0  0  0\n   10.5751   -2.8652    0.0000 C   0  0  0  0  0  0  0  0  0  0  0  0\n    9.8702   -4.0909    0.0000 C   0  0  0  0  0  0  0  0  0  0  0  0\n    4.2057   -5.7253    0.0000 N   0  0  0  0  0  0  0  0  0  0  0  0\n    3.5007   -5.3167    0.0000 C   0  0  0  0  0  0  0  0  0  0  0  0\n    3.5007   -4.4995    0.0000 N   0  0  0  0  0  0  0  0  0  0  0  0\n    4.2057   -4.0909    0.0000 C   0  0  0  0  0  0  0  0  0  0  0  0\n    4.9148   -4.4995    0.0000 C   0  0  0  0  0  0  0  0  0  0  0  0\n    5.6239   -4.0909    0.0000 C   0  0  0  0  0  0  0  0  0  0  0  0\n    6.3288   -4.4995    0.0000 C   0  0  0  0  0  0  0  0  0  0  0  0\n    6.3288   -5.3167    0.0000 C   0  0  0  0  0  0  0  0  0  0  0  0\n    5.6239   -5.7253    0.0000 C   0  0  0  0  0  0  0  0  0  0  0  0\n    4.9148   -5.3167    0.0000 C   0  0  0  0  0  0  0  0  0  0  0  0\n    7.0379   -5.7253    0.0000 O   0  0  0  0  0  0  0  0  0  0  0  0\n    7.0379   -6.5425    0.0000 C   0  0  0  0  0  0  0  0  0  0  0  0\n    4.2057   -3.2738    0.0000 N   0  0  0  0  0  0  0  0  0  0  0  0\n    3.5007   -2.8652    0.0000 C   0  0  0  0  0  0  0  0  0  0  0  0\n    2.7916   -3.2738    0.0000 C   0  0  0  0  0  0  0  0  0  0  0  0\n    2.0826   -2.8652    0.0000 C   0  0  0  0  0  0  0  0  0  0  0  0\n    2.0826   -2.0480    0.0000 C   0  0  0  0  0  0  0  0  0  0  0  0\n    2.7916   -1.6394    0.0000 C   0  0  0  0  0  0  0  0  0  0  0  0\n    3.5007   -2.0480    0.0000 C   0  0  0  0  0  0  0  0  0  0  0  0\n    1.3776   -1.6394    0.0000 F   0  0  0  0  0  0  0  0  0  0  0  0\n    1.3776   -3.2738    0.0000 Cl  0  0  0  0  0  0  0  0  0  0  0  0\n  1  2  1  0\n  2  3  2  0\n  3  4  1  0\n  1  5  2  0\n  1  6  1  0\n  2  7  1  0\n  8  9  1  0\n  8 10  1  0\n  4  8  1  0\n 11 12  1  0\n 12 13  2  0\n 13 14  1  0\n 14 15  2  0\n 15 16  1  0\n 16 17  2  0\n 17 18  1  0\n 18 19  2  0\n 19 20  1  0\n 11 20  2  0\n 15 20  1  0\n 21 22  1  0\n 18 21  1  0\n 24 25  1  0\n 25 26  2  0\n 26 27  1  0\n 27 28  2  0\n 28 29  1  0\n 24 29  2  0\n 27 30  1  0\n 26 31  1  0\n 23 24  1  0\n 14 23  1  0\n  6 17  1  0\nM  END\n> <chembl_id>\nCHEMBL3357634\n\n> <chembl_pref_name>\nNone"", ""standard_inchi"": ""InChI=1S/C21H20ClF2N5O2/c1-29(2)7-6-16(24)21(30)28-18-9-13-17(10-19(18)31-3)25-11-26-20(13)27-12-4-5-15(23)14(22)8-12/h4-6,8-11H,7H2,1-3H3,(H,28,30)(H,25,26,27)/b16-6-"", ""standard_inchi_key"": ""MJLGATKKRYTQPD-SOFYXZRVSA-N""}","[]","[]","[]","0adfbfb6-3304-4e79-a3cb-cfaf3fa39d83","incremental","None","2025-12-22T18:37:09.737897+00:00"
"chembl:CHEMBL3393758","bd728ee99f86d8688923054f344cb0bcea9197cfb89ac00ceca1a57c2d6ae995","CHEMBL3393758",,"Small molecule","MOL",,,false,false,false,0,0,-1,-1,false,false,-1,0,"{""active_chembl_id"": ""CHEMBL3393758"", ""molecule_chembl_id"": ""CHEMBL3393758"", ""parent_chembl_id"": ""CHEMBL3393758""}","{""alogp"": ""7.44"", ""aromatic_rings"": 0, ""full_molformula"": ""C29H52O5"", ""full_mwt"": ""480.73"", ""hba"": 5, ""hbd"": 1, ""heavy_atoms"": 34, ""mw_freebase"": ""480.73"", ""np_likeness_score"": ""0.78"", ""num_ro5_violations"": 1, ""psa"": ""72.83"", ""qed_weighted"": ""0.12"", ""ro3_pass"": ""N"", ""rtb"": 19}","{""canonical_smiles"": ""CCCCCCCCCCCCCCCCC/C=C1/CC(=O)OC1(CO)COC(=O)C(C)(C)C"", ""molfile"": ""\n     RDKit          2D\n\n 34 34  0  0  0  0  0  0  0  0999 V2000\n    3.8806    9.5385    0.0000 C   0  0  0  0  0  0  0  0  0  0  0  0\n    5.1783   10.2925    0.0000 C   0  0  0  0  0  0  0  0  0  0  0  0\n    5.1752   11.7933    0.0000 C   0  0  0  0  0  0  0  0  0  0  0  0\n    6.4729   12.5472    0.0000 C   0  0  0  0  0  0  0  0  0  0  0  0\n    6.4697   14.0481    0.0000 C   0  0  0  0  0  0  0  0  0  0  0  0\n    7.7675   14.8020    0.0000 C   0  0  0  0  0  0  0  0  0  0  0  0\n    7.7643   16.3028    0.0000 C   0  0  0  0  0  0  0  0  0  0  0  0\n    9.0620   17.0568    0.0000 C   0  0  0  0  0  0  0  0  0  0  0  0\n    9.0589   18.5576    0.0000 C   0  0  0  0  0  0  0  0  0  0  0  0\n   10.3566   19.3115    0.0000 C   0  0  0  0  0  0  0  0  0  0  0  0\n   10.3535   20.8124    0.0000 C   0  0  0  0  0  0  0  0  0  0  0  0\n   11.3911   21.4152    0.0000 C   0  0  0  0  0  0  0  0  0  0  0  0\n    3.1763    3.8411    0.0000 C   0  0  0  0  0  0  0  0  0  0  0  0\n    4.5878    4.3509    0.0000 C   0  0  0  0  0  0  0  0  0  0  0  0\n    4.7999    5.5320    0.0000 C   0  0  0  0  0  0  0  0  0  0  0  0\n    5.5049    3.5770    0.0000 C   0  0  0  0  0  0  0  0  0  0  0  0\n    5.7167    4.7580    0.0000 C   0  0  0  0  0  0  0  0  0  0  0  0\n    2.2592    4.6150    0.0000 O   0  0  0  0  0  0  0  0  0  0  0  0\n    2.9110    2.3639    0.0000 O   0  0  0  0  0  0  0  0  0  0  0  0\n    1.4995    1.8541    0.0000 C   0  0  0  0  0  0  0  0  0  0  0  0\n    0.7500   -1.0323    0.0000 O   0  0  0  0  0  0  0  0  0  0  0  0\n    1.2135    0.3943    0.0000 C   0  0  0  0  0  0  0  0  0  0  0  0\n    0.0000    1.2760    0.0000 C   0  0  0  0  0  0  0  0  0  0  0  0\n   -1.2135    0.3943    0.0000 C   0  0  0  0  0  0  0  0  0  0  0  0\n   -0.7500   -1.0323    0.0000 C   0  0  0  0  0  0  0  0  0  0  0  0\n   -1.4553   -2.0031    0.0000 O   0  0  0  0  0  0  0  0  0  0  0  0\n   -0.0031    2.7742    0.0000 C   0  0  0  0  0  0  0  0  0  0  0  0\n    2.3033   -0.6187    0.0000 C   0  0  0  0  0  0  0  0  0  0  0  0\n    2.0544   -1.7926    0.0000 O   0  0  0  0  0  0  0  0  0  0  0  0\n    1.2946    3.5282    0.0000 C   0  0  0  0  0  0  0  0  0  0  0  0\n    1.2914    5.0290    0.0000 C   0  0  0  0  0  0  0  0  0  0  0  0\n    2.5892    5.7829    0.0000 C   0  0  0  0  0  0  0  0  0  0  0  0\n    2.5860    7.2838    0.0000 C   0  0  0  0  0  0  0  0  0  0  0  0\n    3.8837    8.0377    0.0000 C   0  0  0  0  0  0  0  0  0  0  0  0\n  1  2  1  0\n  2  3  1  0\n  3  4  1  0\n  4  5  1  0\n  5  6  1  0\n  6  7  1  0\n  7  8  1  0\n  8  9  1  0\n  9 10  1  0\n 10 11  1  0\n 11 12  1  0\n 13 14  1  0\n 14 15  1  0\n 14 16  1  0\n 14 17  1  0\n 13 18  2  0\n 13 19  1  0\n 21 22  1  0\n 22 23  1  0\n 23 24  1  0\n 24 25  1  0\n 21 25  1  0\n 25 26  2  0\n 23 27  2  0\n 20 22  1  0\n 19 20  1  0\n 22 28  1  0\n 28 29  1  0\n 27 30  1  0\n 30 31  1  0\n 31 32  1  0\n 32 33  1  0\n 33 34  1  0\n 34  1  1  0\nM  END\n> <chembl_id>\nCHEMBL3393758\n\n> <chembl_pref_name>\nNone"", ""standard_inchi"": ""InChI=1S/C29H52O5/c1-5-6-7-8-9-10-11-12-13-14-15-16-17-18-19-20-21-25-22-26(31)34-29(25,23-30)24-33-27(32)28(2,3)4/h21,30H,5-20,22-24H2,1-4H3/b25-21-"", ""standard_inchi_key"": ""GQLCVGQQDYKVCM-DAFNUICNSA-N""}","[]","[]","[]","0adfbfb6-3304-4e79-a3cb-cfaf3fa39d83","incremental","None","2025-12-22T18:37:09.738012+00:00"
"chembl:CHEMBL3417698","fbc0c95d77f1f037ffe0c879ed799fa2bc26b407681c7f632c952f6ea79579ea","CHEMBL3417698",,"Small molecule","MOL",,,false,false,false,0,0,-1,-1,false,false,-1,0,"{""active_chembl_id"": ""CHEMBL3417698"", ""molecule_chembl_id"": ""CHEMBL3417698"", ""parent_chembl_id"": ""CHEMBL3417698""}","{""alogp"": ""7.12"", ""aromatic_rings"": 6, ""full_molformula"": ""C40H42N4O5"", ""full_mwt"": ""658.80"", ""hba"": 8, ""hbd"": 1, ""heavy_atoms"": 49, ""mw_freebase"": ""658.80"", ""np_likeness_score"": ""-0.90"", ""num_ro5_violations"": 2, ""psa"": ""90.98"", ""qed_weighted"": ""0.13"", ""ro3_pass"": ""N"", ""rtb"": 13}","{""canonical_smiles"": ""Cc1nn(C)c(COc2ccccc2)c1-c1cccc2c(CCCOc3cccc4ccccc34)c(C(=O)O)n(CCN3CCOCC3)c12"", ""molfile"": ""\n     RDKit          2D\n\n 49 55  0  0  0  0  0  0  0  0999 V2000\n   -7.5521   -9.1933    0.0000 C   0  0  0  0  0  0  0  0  0  0  0  0\n   -7.0818  -10.6124    0.0000 C   0  0  0  0  0  0  0  0  0  0  0  0\n   -5.5949  -10.9264    0.0000 C   0  0  0  0  0  0  0  0  0  0  0  0\n   -6.5469   -8.0535    0.0000 C   0  0  0  0  0  0  0  0  0  0  0  0\n   -5.0772   -8.3732    0.0000 C   0  0  0  0  0  0  0  0  0  0  0  0\n   -4.6070   -9.7924    0.0000 C   0  0  0  0  0  0  0  0  0  0  0  0\n   -3.1137   -9.7777    0.0000 N   0  0  0  0  0  0  0  0  0  0  0  0\n   -2.6672   -8.3429    0.0000 C   0  0  0  0  0  0  0  0  0  0  0  0\n   -3.8717   -7.5123    0.0000 C   0  0  0  0  0  0  0  0  0  0  0  0\n   -3.8775   -6.0115    0.0000 C   0  0  0  0  0  0  0  0  0  0  0  0\n   -2.5812   -5.2552    0.0000 C   0  0  0  0  0  0  0  0  0  0  0  0\n   -2.5870   -3.7544    0.0000 C   0  0  0  0  0  0  0  0  0  0  0  0\n   -1.2907   -2.9981    0.0000 O   0  0  0  0  0  0  0  0  0  0  0  0\n   -1.2964   -1.4973    0.0000 C   0  0  0  0  0  0  0  0  0  0  0  0\n   -1.2964    1.4973    0.0000 C   0  0  0  0  0  0  0  0  0  0  0  0\n   -2.6111    0.7486    0.0000 C   0  0  0  0  0  0  0  0  0  0  0  0\n   -2.6111   -0.7486    0.0000 C   0  0  0  0  0  0  0  0  0  0  0  0\n   -1.2548   -7.8430    0.0000 C   0  0  0  0  0  0  0  0  0  0  0  0\n   -0.3426   -8.6227    0.0000 O   0  0  0  0  0  0  0  0  0  0  0  0\n   -1.0353   -6.6633    0.0000 O   0  0  0  0  0  0  0  0  0  0  0  0\n    0.0000    0.7486    0.0000 C   0  0  0  0  0  0  0  0  0  0  0  0\n    0.0000   -0.7486    0.0000 C   0  0  0  0  0  0  0  0  0  0  0  0\n    1.2964   -1.4973    0.0000 C   0  0  0  0  0  0  0  0  0  0  0  0\n    2.5929   -0.7486    0.0000 C   0  0  0  0  0  0  0  0  0  0  0  0\n    2.5929    0.7486    0.0000 C   0  0  0  0  0  0  0  0  0  0  0  0\n    1.2964    1.4973    0.0000 C   0  0  0  0  0  0  0  0  0  0  0  0\n   -5.1185  -12.3495    0.0000 C   0  0  0  0  0  0  0  0  0  0  0  0\n   -2.2187  -10.9792    0.0000 C   0  0  0  0  0  0  0  0  0  0  0  0\n   -0.7279  -10.8056    0.0000 C   0  0  0  0  0  0  0  0  0  0  0  0\n    0.1686  -12.0092    0.0000 N   0  0  0  0  0  0  0  0  0  0  0  0\n    1.6588  -11.8377    0.0000 C   0  0  0  0  0  0  0  0  0  0  0  0\n    2.5524  -13.0425    0.0000 C   0  0  0  0  0  0  0  0  0  0  0  0\n    1.9559  -14.4188    0.0000 O   0  0  0  0  0  0  0  0  0  0  0  0\n    0.4657  -14.5903    0.0000 C   0  0  0  0  0  0  0  0  0  0  0  0\n   -0.4279  -13.3855    0.0000 C   0  0  0  0  0  0  0  0  0  0  0  0\n   -5.9875  -13.5561    0.0000 C   0  0  0  0  0  0  0  0  0  0  0  0\n   -5.0865  -14.7553    0.0000 N   0  0  0  0  0  0  0  0  0  0  0  0\n   -3.6675  -14.2689    0.0000 N   0  0  0  0  0  0  0  0  0  0  0  0\n   -3.6916  -12.7691    0.0000 C   0  0  0  0  0  0  0  0  0  0  0  0\n   -7.4857  -13.5716    0.0000 C   0  0  0  0  0  0  0  0  0  0  0  0\n   -2.7366  -12.0425    0.0000 C   0  0  0  0  0  0  0  0  0  0  0  0\n   -5.4390  -15.9024    0.0000 C   0  0  0  0  0  0  0  0  0  0  0  0\n   -8.2234  -14.8786    0.0000 O   0  0  0  0  0  0  0  0  0  0  0  0\n   -9.7242  -14.8941    0.0000 C   0  0  0  0  0  0  0  0  0  0  0  0\n  -10.4635  -16.1993    0.0000 C   0  0  0  0  0  0  0  0  0  0  0  0\n  -11.9634  -16.2118    0.0000 C   0  0  0  0  0  0  0  0  0  0  0  0\n  -12.7242  -14.9190    0.0000 C   0  0  0  0  0  0  0  0  0  0  0  0\n  -11.9850  -13.6138    0.0000 C   0  0  0  0  0  0  0  0  0  0  0  0\n  -10.4850  -13.6013    0.0000 C   0  0  0  0  0  0  0  0  0  0  0  0\n  1  2  2  0\n  2  3  1  0\n  3  6  2  0\n  5  4  2  0\n  4  1  1  0\n  5  6  1  0\n  6  7  1  0\n  7  8  1  0\n  8  9  2  0\n  9  5  1  0\n  9 10  1  0\n 10 11  1  0\n 11 12  1  0\n 12 13  1  0\n 13 14  1  0\n 14 22  1  0\n 14 17  2  0\n 21 15  1  0\n 15 16  2  0\n 16 17  1  0\n 18 19  1  0\n 18 20  2  0\n  8 18  1  0\n 21 22  2  0\n 22 23  1  0\n 23 24  2  0\n 24 25  1  0\n 25 26  2  0\n 26 21  1  0\n  3 27  1  0\n  7 28  1  0\n 28 29  1  0\n 29 30  1  0\n 30 31  1  0\n 30 35  1  0\n 31 32  1  0\n 32 33  1  0\n 33 34  1  0\n 34 35  1  0\n 27 36  2  0\n 36 37  1  0\n 37 38  1  0\n 38 39  2  0\n 39 27  1  0\n 36 40  1  0\n 39 41  1  0\n 37 42  1  0\n 40 43  1  0\n 43 44  1  0\n 44 45  2  0\n 45 46  1  0\n 46 47  2  0\n 47 48  1  0\n 48 49  2  0\n 49 44  1  0\nM  END\n> <chembl_id>\nCHEMBL3417698\n\n> <chembl_pref_name>\nNone"", ""standard_inchi"": ""InChI=1S/C40H42N4O5/c1-28-37(35(42(2)41-28)27-49-30-13-4-3-5-14-30)34-17-9-16-32-33(18-10-24-48-36-19-8-12-29-11-6-7-15-31(29)36)39(40(45)46)44(38(32)34)21-20-43-22-25-47-26-23-43/h3-9,11-17,19H,10,18,20-27H2,1-2H3,(H,45,46)"", ""standard_inchi_key"": ""BICFZVJFUDVOCT-UHFFFAOYSA-N""}","[]","[]","[]","0adfbfb6-3304-4e79-a3cb-cfaf3fa39d83","incremental","None","2025-12-22T18:37:09.738134+00:00"
"chembl:CHEMBL3425673","7a8cedd76ad82f1ec90c1b555147350fe64fc255ac409608a07855fe380fd996","CHEMBL3425673",,"Small molecule","MOL",,,false,false,false,0,0,-1,-1,false,false,-1,0,"{""active_chembl_id"": ""CHEMBL3425673"", ""molecule_chembl_id"": ""CHEMBL3425673"", ""parent_chembl_id"": ""CHEMBL3425673""}","{""alogp"": ""5.56"", ""aromatic_rings"": 3, ""full_molformula"": ""C28H33ClN6O3"", ""full_mwt"": ""537.06"", ""hba"": 8, ""hbd"": 2, ""heavy_atoms"": 38, ""mw_freebase"": ""537.06"", ""np_likeness_score"": ""-1.64"", ""num_ro5_violations"": 2, ""psa"": ""91.85"", ""qed_weighted"": ""0.35"", ""ro3_pass"": ""N"", ""rtb"": 10}","{""canonical_smiles"": ""COc1cc(N2CCN(C)CC2)ccc1Nc1ncc(Cl)c(Oc2cccc(NC(=O)CCC3CC3)c2)n1"", ""molfile"": ""\n     RDKit          2D\n\n 38 42  0  0  0  0  0  0  0  0999 V2000\n    1.2990   -0.7500    0.0000 N   0  0  0  0  0  0  0  0  0  0  0  0\n    1.2990    0.7500    0.0000 C   0  0  0  0  0  0  0  0  0  0  0  0\n    0.0000    1.5000    0.0000 N   0  0  0  0  0  0  0  0  0  0  0  0\n   -1.2990    0.7500    0.0000 C   0  0  0  0  0  0  0  0  0  0  0  0\n   -1.2990   -0.7500    0.0000 C   0  0  0  0  0  0  0  0  0  0  0  0\n    0.0000   -1.5000    0.0000 C   0  0  0  0  0  0  0  0  0  0  0  0\n   -2.5973    1.5031    0.0000 O   0  0  0  0  0  0  0  0  0  0  0  0\n    2.5972    1.5031    0.0000 N   0  0  0  0  0  0  0  0  0  0  0  0\n    2.5951    3.0039    0.0000 C   0  0  0  0  0  0  0  0  0  0  0  0\n   -3.8990    0.7562    0.0000 C   0  0  0  0  0  0  0  0  0  0  0  0\n   -5.1976    1.5069    0.0000 C   0  0  0  0  0  0  0  0  0  0  0  0\n   -6.4972    0.7578    0.0000 C   0  0  0  0  0  0  0  0  0  0  0  0\n   -6.4981   -0.7422    0.0000 C   0  0  0  0  0  0  0  0  0  0  0  0\n   -5.1996   -1.4931    0.0000 C   0  0  0  0  0  0  0  0  0  0  0  0\n   -3.9001   -0.7439    0.0000 C   0  0  0  0  0  0  0  0  0  0  0  0\n    3.8915    3.7585    0.0000 C   0  0  0  0  0  0  0  0  0  0  0  0\n    3.8863    5.2585    0.0000 C   0  0  0  0  0  0  0  0  0  0  0  0\n    2.5847    6.0040    0.0000 C   0  0  0  0  0  0  0  0  0  0  0  0\n    1.2883    5.2495    0.0000 C   0  0  0  0  0  0  0  0  0  0  0  0\n    1.2934    3.7495    0.0000 C   0  0  0  0  0  0  0  0  0  0  0  0\n    2.5795    7.5047    0.0000 N   0  0  0  0  0  0  0  0  0  0  0  0\n    3.8747    8.2614    0.0000 C   0  0  0  0  0  0  0  0  0  0  0  0\n    3.8671    9.7614    0.0000 C   0  0  0  0  0  0  0  0  0  0  0  0\n    2.5643   10.5048    0.0000 N   0  0  0  0  0  0  0  0  0  0  0  0\n    1.2691    9.7483    0.0000 C   0  0  0  0  0  0  0  0  0  0  0  0\n    1.2767    8.2483    0.0000 C   0  0  0  0  0  0  0  0  0  0  0  0\n   -2.3383   -1.3500    0.0000 Cl  0  0  0  0  0  0  0  0  0  0  0  0\n   -5.1975   -2.9939    0.0000 N   0  0  0  0  0  0  0  0  0  0  0  0\n   -3.8972   -3.7433    0.0000 C   0  0  0  0  0  0  0  0  0  0  0  0\n   -3.8950   -5.2441    0.0000 C   0  0  0  0  0  0  0  0  0  0  0  0\n   -2.8586   -3.1422    0.0000 O   0  0  0  0  0  0  0  0  0  0  0  0\n    2.5583   11.7048    0.0000 C   0  0  0  0  0  0  0  0  0  0  0  0\n    5.1954    3.0153    0.0000 O   0  0  0  0  0  0  0  0  0  0  0  0\n    6.2317    3.6204    0.0000 C   0  0  0  0  0  0  0  0  0  0  0  0\n   -2.5947   -5.9935    0.0000 C   0  0  0  0  0  0  0  0  0  0  0  0\n   -2.5926   -7.4944    0.0000 C   0  0  0  0  0  0  0  0  0  0  0  0\n   -1.8435   -8.7025    0.0000 C   0  0  0  0  0  0  0  0  0  0  0  0\n   -3.3435   -8.7014    0.0000 C   0  0  0  0  0  0  0  0  0  0  0  0\n  1  2  2  0\n  2  3  1  0\n  3  4  2  0\n  4  5  1  0\n  5  6  2  0\n  6  1  1  0\n  4  7  1  0\n  2  8  1  0\n  8  9  1  0\n  7 10  1  0\n 10 11  2  0\n 11 12  1  0\n 12 13  2  0\n 13 14  1  0\n 14 15  2  0\n 15 10  1  0\n  9 16  2  0\n 16 17  1  0\n 17 18  2  0\n 18 19  1  0\n 19 20  2  0\n 20  9  1  0\n 21 22  1  0\n 22 23  1  0\n 23 24  1  0\n 24 25  1  0\n 25 26  1  0\n 26 21  1  0\n 18 21  1  0\n  5 27  1  0\n 14 28  1  0\n 28 29  1  0\n 29 30  1  0\n 29 31  2  0\n 24 32  1  0\n 16 33  1  0\n 33 34  1  0\n 30 35  1  0\n 35 36  1  0\n 37 36  1  0\n 38 37  1  0\n 36 38  1  0\nM  END\n> <chembl_id>\nCHEMBL3425673\n\n> <chembl_pref_name>\nNone"", ""standard_inchi"": ""InChI=1S/C28H33ClN6O3/c1-34-12-14-35(15-13-34)21-9-10-24(25(17-21)37-2)32-28-30-18-23(29)27(33-28)38-22-5-3-4-20(16-22)31-26(36)11-8-19-6-7-19/h3-5,9-10,16-19H,6-8,11-15H2,1-2H3,(H,31,36)(H,30,32,33)"", ""standard_inchi_key"": ""NCWNHUNTEASHMC-UHFFFAOYSA-N""}","[]","[]","[]","0adfbfb6-3304-4e79-a3cb-cfaf3fa39d83","incremental","None","2025-12-22T18:37:09.738247+00:00"
"chembl:CHEMBL34291","2b19dfd4ec9c55c12b160a28df5aaca5c879950e11075112312f046e007ea2de","CHEMBL34291",,"Small molecule","MOL",,,false,false,false,0,0,-1,-1,false,false,-1,0,"{""active_chembl_id"": ""CHEMBL34291"", ""molecule_chembl_id"": ""CHEMBL34291"", ""parent_chembl_id"": ""CHEMBL34291""}","{""alogp"": ""2.14"", ""aromatic_rings"": 1, ""full_molformula"": ""C16H22ClN3O2"", ""full_mwt"": ""323.82"", ""hba"": 4, ""hbd"": 2, ""heavy_atoms"": 22, ""mw_freebase"": ""323.82"", ""np_likeness_score"": ""-0.64"", ""num_ro5_violations"": 0, ""psa"": ""67.59"", ""qed_weighted"": ""0.83"", ""ro3_pass"": ""N"", ""rtb"": 4}","{""canonical_smiles"": ""COc1cc(N)c(Cl)cc1C(=O)NC[C@@H]1CCN2CCC[C@@H]12"", ""molfile"": ""\n     RDKit          2D\n\n 23 25  0  0  1  0  0  0  0  0999 V2000\n    3.0792   -1.6542    0.0000 C   0  0  0  0  0  0  0  0  0  0  0  0\n    3.7875   -1.2500    0.0000 C   0  0  0  0  0  0  0  0  0  0  0  0\n    3.0750   -2.4792    0.0000 C   0  0  0  0  0  0  0  0  0  0  0  0\n    2.3625   -1.2417    0.0000 C   0  0  0  0  0  0  0  0  0  0  0  0\n    7.2417   -1.9500    0.0000 N   0  0  0  0  0  0  0  0  0  0  0  0\n    2.3625   -2.8917    0.0000 C   0  0  0  0  0  0  0  0  0  0  0  0\n    1.6500   -1.6542    0.0000 C   0  0  0  0  0  0  0  0  0  0  0  0\n    1.6417   -2.4750    0.0000 C   0  0  0  0  0  0  0  0  0  0  0  0\n    6.6875   -1.3375    0.0000 C   0  0  0  0  0  0  0  0  0  0  0  0\n    4.5042   -1.6667    0.0000 N   0  0  0  0  0  0  0  0  0  0  0  0\n    5.9375   -1.6750    0.0000 C   0  0  0  0  0  0  0  0  0  0  0  0\n    6.8292   -2.6625    0.0000 C   0  0  0  0  0  0  0  0  0  0  0  0\n    5.2167   -1.2542    0.0000 C   0  0  0  0  0  0  0  0  0  0  0  0\n    3.7917   -0.4292    0.0000 O   0  0  0  0  0  0  0  0  0  0  0  0\n    6.0167   -2.4875    0.0000 C   0  0  0  0  0  0  0  0  0  0  0  0\n    0.9167   -2.8792    0.0000 N   0  0  0  0  0  0  0  0  0  0  0  0\n    0.9375   -1.2292    0.0000 Cl  0  0  0  0  0  0  0  0  0  0  0  0\n    3.7875   -2.9000    0.0000 O   0  0  0  0  0  0  0  0  0  0  0  0\n    7.9917   -1.6167    0.0000 C   0  0  0  0  0  0  0  0  0  0  0  0\n    7.1000   -0.6250    0.0000 C   0  0  0  0  0  0  0  0  0  0  0  0\n    7.9042   -0.7917    0.0000 C   0  0  0  0  0  0  0  0  0  0  0  0\n    3.7792   -3.7167    0.0000 C   0  0  0  0  0  0  0  0  0  0  0  0\n    6.0173   -0.5953    0.0000 H   0  0  0  0  0  0  0  0  0  0  0  0\n  2  1  1  0\n  3  1  1  0\n  4  1  2  0\n  9  5  1  0\n  6  3  2  0\n  7  4  1  0\n  8  7  2  0\n  9 11  1  0\n 10  2  1  0\n 11 13  1  1\n 12 15  1  0\n 13 10  1  0\n 14  2  2  0\n 15 11  1  0\n 16  8  1  0\n 17  7  1  0\n 18  3  1  0\n 19  5  1  0\n 20  9  1  0\n 21 20  1  0\n 22 18  1  0\n  6  8  1  0\n  5 12  1  0\n 21 19  1  0\n  9 23  1  1\nM  END\n> <chembl_id>\nCHEMBL34291\n\n> <chembl_pref_name>\nNone"", ""standard_inchi"": ""InChI=1S/C16H22ClN3O2/c1-22-15-8-13(18)12(17)7-11(15)16(21)19-9-10-4-6-20-5-2-3-14(10)20/h7-8,10,14H,2-6,9,18H2,1H3,(H,19,21)/t10-,14-/m0/s1"", ""standard_inchi_key"": ""GAYSOZKZPOVDSB-HZMBPMFUSA-N""}","[]","[]","[]","0adfbfb6-3304-4e79-a3cb-cfaf3fa39d83","incremental","None","2025-12-22T18:37:09.731068+00:00"
"chembl:CHEMBL3621356","e383986b535845a2f445406f029bc84058a443aae409fee6f103523b32eb574c","CHEMBL3621356",,"Small molecule","MOL",,,false,false,false,0,0,-1,-1,false,false,-1,0,"{""active_chembl_id"": ""CHEMBL3621356"", ""molecule_chembl_id"": ""CHEMBL3621356"", ""parent_chembl_id"": ""CHEMBL3621356""}","{""alogp"": ""5.66"", ""aromatic_rings"": 0, ""full_molformula"": ""C20H40BrO6P"", ""full_mwt"": ""487.41"", ""hba"": 4, ""hbd"": 3, ""heavy_atoms"": 28, ""mw_freebase"": ""487.41"", ""np_likeness_score"": ""0.50"", ""num_ro5_violations"": 1, ""psa"": ""104.06"", ""qed_weighted"": ""0.09"", ""ro3_pass"": ""N"", ""rtb"": 19}","{""canonical_smiles"": ""CCCCCCCCCCCCCCCC(=O)OC[C@@H](O)C[C@H](Br)P(=O)(O)O"", ""molfile"": ""\n     RDKit          2D\n\n 28 27  0  0  0  0  0  0  0  0999 V2000\n    9.0999    0.7500    0.0000 C   0  0  0  0  0  0  0  0  0  0  0  0\n    7.7999    0.0000    0.0000 O   0  0  0  0  0  0  0  0  0  0  0  0\n    6.5000    0.7500    0.0000 C   0  0  0  0  0  0  0  0  0  0  0  0\n    9.0999    1.9500    0.0000 O   0  0  0  0  0  0  0  0  0  0  0  0\n   10.3999    0.0000    0.0000 C   0  0  0  0  0  0  0  0  0  0  0  0\n    5.2000    0.0000    0.0000 C   0  0  0  0  0  0  0  0  0  0  0  0\n    3.9000    0.7500    0.0000 C   0  0  0  0  0  0  0  0  0  0  0  0\n    2.6000    0.0000    0.0000 C   0  0  0  0  0  0  0  0  0  0  0  0\n    1.3000    0.7500    0.0000 P   0  0  0  0  0  0  0  0  0  0  0  0\n    0.2606    0.1503    0.0000 O   0  0  0  0  0  0  0  0  0  0  0  0\n    0.2609    1.3502    0.0000 O   0  0  0  0  0  0  0  0  0  0  0  0\n    1.3000    1.9500    0.0000 O   0  0  0  0  0  0  0  0  0  0  0  0\n    5.2000   -1.2000    0.0000 O   0  0  0  0  0  0  0  0  0  0  0  0\n    2.6000   -1.2000    0.0000 Br  0  0  0  0  0  0  0  0  0  0  0  0\n   11.6999    0.7500    0.0000 C   0  0  0  0  0  0  0  0  0  0  0  0\n   12.9999    0.0000    0.0000 C   0  0  0  0  0  0  0  0  0  0  0  0\n   14.2999    0.7500    0.0000 C   0  0  0  0  0  0  0  0  0  0  0  0\n   15.5999    0.0000    0.0000 C   0  0  0  0  0  0  0  0  0  0  0  0\n   16.8999    0.7500    0.0000 C   0  0  0  0  0  0  0  0  0  0  0  0\n   18.1999    0.0000    0.0000 C   0  0  0  0  0  0  0  0  0  0  0  0\n   19.4998    0.7500    0.0000 C   0  0  0  0  0  0  0  0  0  0  0  0\n   20.7998    0.0000    0.0000 C   0  0  0  0  0  0  0  0  0  0  0  0\n   22.0998    0.7500    0.0000 C   0  0  0  0  0  0  0  0  0  0  0  0\n   23.3998    0.0000    0.0000 C   0  0  0  0  0  0  0  0  0  0  0  0\n   24.6998    0.7500    0.0000 C   0  0  0  0  0  0  0  0  0  0  0  0\n   25.9998    0.0000    0.0000 C   0  0  0  0  0  0  0  0  0  0  0  0\n   27.2998    0.7500    0.0000 C   0  0  0  0  0  0  0  0  0  0  0  0\n   28.3392    0.1503    0.0000 C   0  0  0  0  0  0  0  0  0  0  0  0\n  1  2  1  0\n  2  3  1  0\n  1  4  2  0\n  1  5  1  0\n  3  6  1  0\n  6  7  1  0\n  7  8  1  0\n  8  9  1  0\n  9 10  2  0\n  9 11  1  0\n  9 12  1  0\n  6 13  1  1\n  8 14  1  6\n  5 15  1  0\n 15 16  1  0\n 16 17  1  0\n 17 18  1  0\n 18 19  1  0\n 19 20  1  0\n 20 21  1  0\n 21 22  1  0\n 22 23  1  0\n 23 24  1  0\n 24 25  1  0\n 25 26  1  0\n 26 27  1  0\n 27 28  1  0\nM  END\n> <chembl_id>\nCHEMBL3621356\n\n> <chembl_pref_name>\nNone"", ""standard_inchi"": ""InChI=1S/C20H40BrO6P/c1-2-3-4-5-6-7-8-9-10-11-12-13-14-15-20(23)27-17-18(22)16-19(21)28(24,25)26/h18-19,22H,2-17H2,1H3,(H2,24,25,26)/t18-,19+/m0/s1"", ""standard_inchi_key"": ""HLVKVWDSLLFMSX-RBUKOAKNSA-N""}","[]","[]","[]","0adfbfb6-3304-4e79-a3cb-cfaf3fa39d83","incremental","None","2025-12-22T18:37:09.738338+00:00"
"chembl:CHEMBL3623232","19cfddf2d038eb5c3f40eed5f733f86970ec011640392db2b93f0acdafb046ea","CHEMBL3623232",,"Small molecule","MOL",,,false,false,false,0,0,-1,-1,false,false,-1,0,"{""active_chembl_id"": ""CHEMBL3623232"", ""molecule_chembl_id"": ""CHEMBL3623232"", ""parent_chembl_id"": ""CHEMBL3623232""}","{""alogp"": ""1.95"", ""aromatic_rings"": 3, ""full_molformula"": ""C17H14FN5O3S"", ""full_mwt"": ""387.40"", ""hba"": 7, ""hbd"": 1, ""heavy_atoms"": 27, ""mw_freebase"": ""387.40"", ""np_likeness_score"": ""-1.57"", ""num_ro5_violations"": 0, ""psa"": ""114.24"", ""qed_weighted"": ""0.69"", ""ro3_pass"": ""N"", ""rtb"": 6}","{""canonical_smiles"": ""N#Cc1ccc(N(Cc2ccc(OS(N)(=O)=O)cc2F)n2ccnc2)cc1"", ""molfile"": ""\n     RDKit          2D\n\n 27 29  0  0  0  0  0  0  0  0999 V2000\n    3.8983   -0.7531    0.0000 C   0  0  0  0  0  0  0  0  0  0  0  0\n    2.5977   -1.5021    0.0000 N   0  0  0  0  0  0  0  0  0  0  0  0\n    1.2990   -0.7500    0.0000 C   0  0  0  0  0  0  0  0  0  0  0  0\n    2.5952   -3.0030    0.0000 N   0  0  0  0  0  0  0  0  0  0  0  0\n    1.3821   -3.8633    0.0000 C   0  0  0  0  0  0  0  0  0  0  0  0\n    1.8461   -5.2897    0.0000 N   0  0  0  0  0  0  0  0  0  0  0  0\n    3.3461   -5.2891    0.0000 C   0  0  0  0  0  0  0  0  0  0  0  0\n    3.8091   -3.8623    0.0000 C   0  0  0  0  0  0  0  0  0  0  0  0\n    1.2990    0.7500    0.0000 C   0  0  0  0  0  0  0  0  0  0  0  0\n    0.0000    1.5000    0.0000 C   0  0  0  0  0  0  0  0  0  0  0  0\n   -1.2990    0.7500    0.0000 C   0  0  0  0  0  0  0  0  0  0  0  0\n   -1.2990   -0.7500    0.0000 C   0  0  0  0  0  0  0  0  0  0  0  0\n    0.0000   -1.5000    0.0000 C   0  0  0  0  0  0  0  0  0  0  0  0\n   -2.5988    1.5004    0.0000 C   0  0  0  0  0  0  0  0  0  0  0  0\n   -3.6380    2.1004    0.0000 N   0  0  0  0  0  0  0  0  0  0  0  0\n    3.9008    0.7478    0.0000 C   0  0  0  0  0  0  0  0  0  0  0  0\n    2.6014    1.4974    0.0000 C   0  0  0  0  0  0  0  0  0  0  0  0\n    2.6009    2.9974    0.0000 C   0  0  0  0  0  0  0  0  0  0  0  0\n    3.8996    3.7479    0.0000 C   0  0  0  0  0  0  0  0  0  0  0  0\n    5.1989    2.9983    0.0000 C   0  0  0  0  0  0  0  0  0  0  0  0\n    5.1995    1.4983    0.0000 C   0  0  0  0  0  0  0  0  0  0  0  0\n    3.9022    5.2487    0.0000 O   0  0  0  0  0  0  0  0  0  0  0  0\n    5.2027    5.9977    0.0000 S   0  0  0  0  0  0  0  0  0  0  0  0\n    6.2411    5.3963    0.0000 N   0  0  0  0  0  0  0  0  0  0  0  0\n    5.2047    7.1977    0.0000 O   0  0  0  0  0  0  0  0  0  0  0  0\n    6.2429    6.5961    0.0000 O   0  0  0  0  0  0  0  0  0  0  0  0\n    6.2390    0.8987    0.0000 F   0  0  0  0  0  0  0  0  0  0  0  0\n  1  2  1  0\n  2  3  1  0\n  2  4  1  0\n  4  5  1  0\n  5  6  2  0\n  6  7  1  0\n  7  8  2  0\n  8  4  1  0\n  3  9  2  0\n  9 10  1  0\n 10 11  2  0\n 11 12  1  0\n 12 13  2  0\n 13  3  1  0\n 14 15  3  0\n 11 14  1  0\n  1 16  1  0\n 16 17  2  0\n 17 18  1  0\n 18 19  2  0\n 19 20  1  0\n 20 21  2  0\n 21 16  1  0\n 19 22  1  0\n 22 23  1  0\n 23 24  1  0\n 23 25  2  0\n 23 26  2  0\n 21 27  1  0\nM  END\n> <chembl_id>\nCHEMBL3623232\n\n> <chembl_pref_name>\nNone"", ""standard_inchi"": ""InChI=1S/C17H14FN5O3S/c18-17-9-16(26-27(20,24)25)6-3-14(17)11-23(22-8-7-21-12-22)15-4-1-13(10-19)2-5-15/h1-9,12H,11H2,(H2,20,24,25)"", ""standard_inchi_key"": ""JQBLWLMMDJRXNW-UHFFFAOYSA-N""}","[]","[]","[]","0adfbfb6-3304-4e79-a3cb-cfaf3fa39d83","incremental","None","2025-12-22T18:37:09.738427+00:00"
"chembl:CHEMBL3623563","d31bedbdeaae3e056558c0f29bdbeafa6765c5cf658b4c24bf60637634087019","CHEMBL3623563",,"Small molecule","MOL",,,false,false,false,0,0,-1,-1,false,false,-1,0,"{""active_chembl_id"": ""CHEMBL3623563"", ""molecule_chembl_id"": ""CHEMBL3623563"", ""parent_chembl_id"": ""CHEMBL3623563""}","{""alogp"": ""2.01"", ""aromatic_rings"": 1, ""full_molformula"": ""C9H13FN2O"", ""full_mwt"": ""184.21"", ""hba"": 3, ""hbd"": 0, ""heavy_atoms"": 13, ""mw_freebase"": ""184.21"", ""np_likeness_score"": ""-1.43"", ""num_ro5_violations"": 0, ""psa"": ""34.89"", ""qed_weighted"": ""0.67"", ""ro3_pass"": ""N"", ""rtb"": 4}","{""canonical_smiles"": ""CCC(C)n1cc(C(=O)CF)cn1"", ""molfile"": ""\n     RDKit          2D\n\n 13 13  0  0  0  0  0  0  0  0999 V2000\n    0.7500   -1.0323    0.0000 N   0  0  0  0  0  0  0  0  0  0  0  0\n    1.2135    0.3943    0.0000 N   0  0  0  0  0  0  0  0  0  0  0  0\n    0.0000    1.2760    0.0000 C   0  0  0  0  0  0  0  0  0  0  0  0\n   -1.2135    0.3943    0.0000 C   0  0  0  0  0  0  0  0  0  0  0  0\n   -0.7500   -1.0323    0.0000 C   0  0  0  0  0  0  0  0  0  0  0  0\n   -2.6394    0.8543    0.0000 C   0  0  0  0  0  0  0  0  0  0  0  0\n   -2.8910    2.0276    0.0000 O   0  0  0  0  0  0  0  0  0  0  0  0\n   -3.7533   -0.1515    0.0000 C   0  0  0  0  0  0  0  0  0  0  0  0\n   -4.8953    0.2169    0.0000 F   0  0  0  0  0  0  0  0  0  0  0  0\n    2.6375    0.8603    0.0000 C   0  0  0  0  0  0  0  0  0  0  0  0\n    3.5307    0.0589    0.0000 C   0  0  0  0  0  0  0  0  0  0  0  0\n    2.9474    2.3287    0.0000 C   0  0  0  0  0  0  0  0  0  0  0  0\n    4.0879    2.7019    0.0000 C   0  0  0  0  0  0  0  0  0  0  0  0\n  1  2  1  0\n  2  3  1  0\n  3  4  2  0\n  4  5  1  0\n  5  1  2  0\n  4  6  1  0\n  6  7  2  0\n  6  8  1  0\n  8  9  1  0\n  2 10  1  0\n 10 11  1  0\n 10 12  1  0\n 12 13  1  0\nM  END\n> <chembl_id>\nCHEMBL3623563\n\n> <chembl_pref_name>\nNone"", ""standard_inchi"": ""InChI=1S/C9H13FN2O/c1-3-7(2)12-6-8(5-11-12)9(13)4-10/h5-7H,3-4H2,1-2H3"", ""standard_inchi_key"": ""MKFBTCMZCVVDQG-UHFFFAOYSA-N""}","[]","[]","[]","0adfbfb6-3304-4e79-a3cb-cfaf3fa39d83","incremental","None","2025-12-22T18:37:09.738507+00:00"
"chembl:CHEMBL3628205","33fcbae841927a091c70e1b88bf0b42f1799bdc7993cc61d7edbcf1eea9366a5","CHEMBL3628205",,"Small molecule","MOL",,,false,false,false,0,0,-1,-1,false,false,-1,0,"{""active_chembl_id"": ""CHEMBL3628205"", ""molecule_chembl_id"": ""CHEMBL3628205"", ""parent_chembl_id"": ""CHEMBL3628205""}","{""alogp"": ""3.45"", ""aromatic_rings"": 2, ""full_molformula"": ""C19H23N3O4"", ""full_mwt"": ""357.41"", ""hba"": 6, ""hbd"": 1, ""heavy_atoms"": 26, ""mw_freebase"": ""357.41"", ""np_likeness_score"": ""-0.82"", ""num_ro5_violations"": 0, ""psa"": ""97.37"", ""qed_weighted"": ""0.69"", ""ro3_pass"": ""N"", ""rtb"": 9}","{""canonical_smiles"": ""CCCCCCOc1ccc(-c2nc(C)c(C(=O)O)n2OC)cc1C#N"", ""molfile"": ""\n     RDKit          2D\n\n 26 27  0  0  0  0  0  0  0  0999 V2000\n    1.2990   -0.7500    0.0000 C   0  0  0  0  0  0  0  0  0  0  0  0\n    1.2990    0.7500    0.0000 C   0  0  0  0  0  0  0  0  0  0  0  0\n    0.0000    1.5000    0.0000 C   0  0  0  0  0  0  0  0  0  0  0  0\n   -1.2990    0.7500    0.0000 C   0  0  0  0  0  0  0  0  0  0  0  0\n   -1.2990   -0.7500    0.0000 C   0  0  0  0  0  0  0  0  0  0  0  0\n    0.0000   -1.5000    0.0000 C   0  0  0  0  0  0  0  0  0  0  0  0\n   -2.5987   -1.5004    0.0000 C   0  0  0  0  0  0  0  0  0  0  0  0\n   -2.7343   -2.9815    0.0000 N   0  0  0  0  0  0  0  0  0  0  0  0\n   -4.2010   -3.2957    0.0000 C   0  0  0  0  0  0  0  0  0  0  0  0\n   -4.9530   -1.9978    0.0000 C   0  0  0  0  0  0  0  0  0  0  0  0\n   -3.9511   -0.8815    0.0000 N   0  0  0  0  0  0  0  0  0  0  0  0\n   -6.4430   -1.8405    0.0000 C   0  0  0  0  0  0  0  0  0  0  0  0\n   -7.1485   -2.8112    0.0000 O   0  0  0  0  0  0  0  0  0  0  0  0\n   -6.9313   -0.7443    0.0000 O   0  0  0  0  0  0  0  0  0  0  0  0\n    0.0000    3.0008    0.0000 C   0  0  0  0  0  0  0  0  0  0  0  0\n    0.0000    4.2008    0.0000 N   0  0  0  0  0  0  0  0  0  0  0  0\n   -4.2506    0.5864    0.0000 O   0  0  0  0  0  0  0  0  0  0  0  0\n    2.6003    1.4978    0.0000 O   0  0  0  0  0  0  0  0  0  0  0  0\n   -4.6873   -4.3927    0.0000 C   0  0  0  0  0  0  0  0  0  0  0  0\n    3.8990    0.7455    0.0000 C   0  0  0  0  0  0  0  0  0  0  0  0\n    5.2003    1.4932    0.0000 C   0  0  0  0  0  0  0  0  0  0  0  0\n    6.4990    0.7410    0.0000 C   0  0  0  0  0  0  0  0  0  0  0  0\n    7.8003    1.4887    0.0000 C   0  0  0  0  0  0  0  0  0  0  0  0\n    9.0990    0.7365    0.0000 C   0  0  0  0  0  0  0  0  0  0  0  0\n   10.1394    1.3343    0.0000 C   0  0  0  0  0  0  0  0  0  0  0  0\n   -3.3528    1.3826    0.0000 C   0  0  0  0  0  0  0  0  0  0  0  0\n  1  2  2  0\n  2  3  1  0\n  3  4  2  0\n  4  5  1  0\n  5  6  2  0\n  6  1  1  0\n  7  8  2  0\n  8  9  1  0\n  9 10  2  0\n 10 11  1  0\n 11  7  1  0\n  5  7  1  0\n 12 13  1  0\n 12 14  2  0\n 10 12  1  0\n 15 16  3  0\n  3 15  1  0\n 11 17  1  0\n  2 18  1  0\n  9 19  1  0\n 18 20  1  0\n 20 21  1  0\n 21 22  1  0\n 22 23  1  0\n 23 24  1  0\n 24 25  1  0\n 17 26  1  0\nM  END\n> <chembl_id>\nCHEMBL3628205\n\n> <chembl_pref_name>\nNone"", ""standard_inchi"": ""InChI=1S/C19H23N3O4/c1-4-5-6-7-10-26-16-9-8-14(11-15(16)12-20)18-21-13(2)17(19(23)24)22(18)25-3/h8-9,11H,4-7,10H2,1-3H3,(H,23,24)"", ""standard_inchi_key"": ""QIRNLXPDZULZBN-UHFFFAOYSA-N""}","[]","[]","[]","0adfbfb6-3304-4e79-a3cb-cfaf3fa39d83","incremental","None","2025-12-22T18:37:09.738594+00:00"
"chembl:CHEMBL3682658","cd74302bf6cb3f5e0734f125c13adccf4626da0c7efcead524570bc5aa5ce983","CHEMBL3682658",,"Small molecule","MOL",,,false,false,false,0,0,-1,-1,false,false,-1,0,"{""active_chembl_id"": ""CHEMBL3682658"", ""molecule_chembl_id"": ""CHEMBL3682658"", ""parent_chembl_id"": ""CHEMBL3682658""}","{""alogp"": ""5.49"", ""aromatic_rings"": 4, ""full_molformula"": ""C26H21F3N4O2S"", ""full_mwt"": ""510.54"", ""hba"": 5, ""hbd"": 2, ""heavy_atoms"": 36, ""mw_freebase"": ""510.54"", ""np_likeness_score"": ""-0.98"", ""num_ro5_violations"": 2, ""psa"": ""83.98"", ""qed_weighted"": ""0.37"", ""ro3_pass"": ""N"", ""rtb"": 5}","{""canonical_smiles"": ""O=S(=O)(Nc1ccncn1)c1ccc2c(-c3ccc(C(F)(F)F)cc3C3=CCNCC3)cccc2c1"", ""molfile"": ""\n     RDKit          2D\n\n 36 40  0  0  0  0  0  0  0  0999 V2000\n    6.4920   -4.9570    0.0000 F   0  0  0  0  0  0  0  0  0  0  0  0\n    6.4931   -3.7570    0.0000 C   0  0  0  0  0  0  0  0  0  0  0  0\n    7.5331   -3.1583    0.0000 F   0  0  0  0  0  0  0  0  0  0  0  0\n    7.5317   -4.3581    0.0000 F   0  0  0  0  0  0  0  0  0  0  0  0\n    5.1945   -3.0045    0.0000 C   0  0  0  0  0  0  0  0  0  0  0  0\n    3.8943   -3.7525    0.0000 C   0  0  0  0  0  0  0  0  0  0  0  0\n    2.5965   -3.0004    0.0000 C   0  0  0  0  0  0  0  0  0  0  0  0\n    2.5987   -1.5004    0.0000 C   0  0  0  0  0  0  0  0  0  0  0  0\n    3.8991   -0.7525    0.0000 C   0  0  0  0  0  0  0  0  0  0  0  0\n    5.1969   -1.5045    0.0000 C   0  0  0  0  0  0  0  0  0  0  0  0\n    3.9015    0.7483    0.0000 C   0  0  0  0  0  0  0  0  0  0  0  0\n    2.6048    1.5025    0.0000 C   0  0  0  0  0  0  0  0  0  0  0  0\n    2.6096    3.0025    0.0000 C   0  0  0  0  0  0  0  0  0  0  0  0\n    3.9110    3.7484    0.0000 N   0  0  0  0  0  0  0  0  0  0  0  0\n    5.2077    2.9942    0.0000 C   0  0  0  0  0  0  0  0  0  0  0  0\n    5.2029    1.4942    0.0000 C   0  0  0  0  0  0  0  0  0  0  0  0\n    1.2990   -0.7500    0.0000 C   0  0  0  0  0  0  0  0  0  0  0  0\n    1.2990    0.7500    0.0000 C   0  0  0  0  0  0  0  0  0  0  0  0\n    0.0000    1.5000    0.0000 C   0  0  0  0  0  0  0  0  0  0  0  0\n   -1.2990    0.7500    0.0000 C   0  0  0  0  0  0  0  0  0  0  0  0\n   -1.2990   -0.7500    0.0000 C   0  0  0  0  0  0  0  0  0  0  0  0\n   -2.5981   -1.5000    0.0000 C   0  0  0  0  0  0  0  0  0  0  0  0\n   -2.5981   -3.0000    0.0000 C   0  0  0  0  0  0  0  0  0  0  0  0\n   -1.2990   -3.7500    0.0000 C   0  0  0  0  0  0  0  0  0  0  0  0\n    0.0000   -3.0000    0.0000 C   0  0  0  0  0  0  0  0  0  0  0  0\n    0.0000   -1.5000    0.0000 C   0  0  0  0  0  0  0  0  0  0  0  0\n   -3.8978   -3.7504    0.0000 S   0  0  0  0  0  0  0  0  0  0  0  0\n   -3.8974   -4.9504    0.0000 O   0  0  0  0  0  0  0  0  0  0  0  0\n   -4.9368   -4.3509    0.0000 O   0  0  0  0  0  0  0  0  0  0  0  0\n   -5.1980   -3.0009    0.0000 N   0  0  0  0  0  0  0  0  0  0  0  0\n   -6.4978   -3.7513    0.0000 C   0  0  0  0  0  0  0  0  0  0  0  0\n   -7.7984   -3.0040    0.0000 C   0  0  0  0  0  0  0  0  0  0  0  0\n   -9.0959   -3.7566    0.0000 C   0  0  0  0  0  0  0  0  0  0  0  0\n   -9.0929   -5.2566    0.0000 N   0  0  0  0  0  0  0  0  0  0  0  0\n   -7.7923   -6.0040    0.0000 C   0  0  0  0  0  0  0  0  0  0  0  0\n   -6.4948   -5.2513    0.0000 N   0  0  0  0  0  0  0  0  0  0  0  0\n  1  2  1  0\n  2  3  1  0\n  2  4  1  0\n  2  5  1  0\n  5  6  2  0\n  6  7  1  0\n  7  8  2  0\n  8  9  1  0\n  9 10  2  0\n 10  5  1  0\n  9 11  1  0\n 11 12  2  0\n 12 13  1  0\n 13 14  1  0\n 14 15  1  0\n 15 16  1  0\n 16 11  1  0\n  8 17  1  0\n 17 18  2  0\n 18 19  1  0\n 19 20  2  0\n 20 21  1  0\n 21 22  2  0\n 22 23  1  0\n 23 24  2  0\n 24 25  1  0\n 25 26  2  0\n 26 17  1  0\n 26 21  1  0\n 23 27  1  0\n 27 28  2  0\n 27 29  2  0\n 27 30  1  0\n 30 31  1  0\n 31 32  2  0\n 32 33  1  0\n 33 34  2  0\n 34 35  1  0\n 35 36  2  0\n 36 31  1  0\nM  END\n> <chembl_id>\nCHEMBL3682658\n\n> <chembl_pref_name>\nNone"", ""standard_inchi"": ""InChI=1S/C26H21F3N4O2S/c27-26(28,29)19-4-6-23(24(15-19)17-8-11-30-12-9-17)22-3-1-2-18-14-20(5-7-21(18)22)36(34,35)33-25-10-13-31-16-32-25/h1-8,10,13-16,30H,9,11-12H2,(H,31,32,33)"", ""standard_inchi_key"": ""BRVBNTMXWCBWKC-UHFFFAOYSA-N""}","[]","[]","[]","0adfbfb6-3304-4e79-a3cb-cfaf3fa39d83","incremental","None","2025-12-22T18:37:09.738688+00:00"
"chembl:CHEMBL3736388","9ca95fe677e97a3805a959d66379ac7f486467493a986b2b2002a004dddef358","CHEMBL3736388",,"Small molecule","MOL",,,false,false,false,0,0,-1,-1,false,false,-1,0,"{""active_chembl_id"": ""CHEMBL3736388"", ""molecule_chembl_id"": ""CHEMBL3736388"", ""parent_chembl_id"": ""CHEMBL3736388""}","{""alogp"": ""5.51"", ""aromatic_rings"": 3, ""full_molformula"": ""C32H33N3O3"", ""full_mwt"": ""507.63"", ""hba"": 4, ""hbd"": 1, ""heavy_atoms"": 38, ""mw_freebase"": ""507.63"", ""np_likeness_score"": ""-0.07"", ""num_ro5_violations"": 2, ""psa"": ""86.19"", ""qed_weighted"": ""0.51"", ""ro3_pass"": ""N"", ""rtb"": 3}","{""canonical_smiles"": ""CCc1cc2c(cc1C1=CCN(C(=O)C3CCOCC3)CC1)C(C)(C)c1[nH]c3cc(C#N)ccc3c1C2=O"", ""molfile"": ""\n     RDKit          2D\n\n 38 43  0  0  0  0  0  0  0  0999 V2000\n    0.0000   -0.3300    0.0000 N   0  0  0  0  0  0  0  0  0  0  0  0\n    1.2600    0.4000    0.0000 C   0  0  0  0  0  0  0  0  0  0  0  0\n    2.5200   -0.3300    0.0000 C   0  0  0  0  0  0  0  0  0  0  0  0\n    3.8000    0.4000    0.0000 C   0  0  0  0  0  0  0  0  0  0  0  0\n    3.8000    1.8600    0.0000 C   0  0  0  0  0  0  0  0  0  0  0  0\n    2.5200    2.6000    0.0000 C   0  0  0  0  0  0  0  0  0  0  0  0\n    1.2600    1.8600    0.0000 C   0  0  0  0  0  0  0  0  0  0  0  0\n   -1.2800    1.8600    0.0000 C   0  0  0  0  0  0  0  0  0  0  0  0\n   -2.5200    2.6000    0.0000 C   0  0  0  0  0  0  0  0  0  0  0  0\n   -3.7800    1.8600    0.0000 C   0  0  0  0  0  0  0  0  0  0  0  0\n   -3.7800    0.4000    0.0000 C   0  0  0  0  0  0  0  0  0  0  0  0\n   -2.5200   -0.3300    0.0000 C   0  0  0  0  0  0  0  0  0  0  0  0\n   -1.2800    0.4000    0.0000 C   0  0  0  0  0  0  0  0  0  0  0  0\n    5.0500    2.5700    0.0000 C   0  0  0  0  0  0  0  0  0  0  0  0\n    6.3600    1.8600    0.0000 C   0  0  0  0  0  0  0  0  0  0  0  0\n    6.3600    0.4000    0.0000 C   0  0  0  0  0  0  0  0  0  0  0  0\n    5.0500   -0.3600    0.0000 C   0  0  0  0  0  0  0  0  0  0  0  0\n   -5.0802   -0.3506    0.0000 C   0  0  0  0  0  0  0  0  0  0  0  0\n   -6.1194   -0.9505    0.0000 N   0  0  0  0  0  0  0  0  0  0  0  0\n    8.9639   -2.5966    0.0000 C   0  0  0  0  0  0  0  0  0  0  0  0\n    7.6634   -1.8491    0.0000 C   0  0  0  0  0  0  0  0  0  0  0  0\n    7.6605   -0.3490    0.0000 C   0  0  0  0  0  0  0  0  0  0  0  0\n    8.9582    0.4034    0.0000 C   0  0  0  0  0  0  0  0  0  0  0  0\n   10.2587   -0.3442    0.0000 C   0  0  0  0  0  0  0  0  0  0  0  0\n   10.2615   -1.8442    0.0000 N   0  0  0  0  0  0  0  0  0  0  0  0\n   11.5612   -2.5948    0.0000 C   0  0  0  0  0  0  0  0  0  0  0  0\n   12.6003   -1.9946    0.0000 O   0  0  0  0  0  0  0  0  0  0  0  0\n   12.8574   -6.3477    0.0000 C   0  0  0  0  0  0  0  0  0  0  0  0\n   12.8597   -4.8477    0.0000 C   0  0  0  0  0  0  0  0  0  0  0  0\n   11.5619   -4.0956    0.0000 C   0  0  0  0  0  0  0  0  0  0  0  0\n   10.2616   -4.8437    0.0000 C   0  0  0  0  0  0  0  0  0  0  0  0\n   10.2593   -6.3437    0.0000 C   0  0  0  0  0  0  0  0  0  0  0  0\n   11.5572   -7.0957    0.0000 O   0  0  0  0  0  0  0  0  0  0  0  0\n    2.5159    3.8000    0.0000 O   0  0  0  0  0  0  0  0  0  0  0  0\n    3.5712   -0.9087    0.0000 C   0  0  0  0  0  0  0  0  0  0  0  0\n    1.4649   -0.9017    0.0000 C   0  0  0  0  0  0  0  0  0  0  0  0\n    7.6520    2.6236    0.0000 C   0  0  0  0  0  0  0  0  0  0  0  0\n    7.6406    3.8235    0.0000 C   0  0  0  0  0  0  0  0  0  0  0  0\n  1  2  1  0\n  2  3  1  0\n  3  4  1  0\n  4  5  1  0\n  5  6  1  0\n  6  7  1  0\n  2  7  2  0\n  7  8  1  0\n  8  9  1  0\n  9 10  2  0\n 10 11  1  0\n 11 12  2  0\n 12 13  1  0\n  8 13  2  0\n  1 13  1  0\n 14 15  1  0\n 15 16  2  0\n 16 17  1  0\n  4 17  2  0\n  5 14  2  0\n 18 19  3  0\n 11 18  1  0\n 20 21  1  0\n 21 22  1  0\n 22 23  2  0\n 23 24  1  0\n 24 25  1  0\n 20 25  1  0\n 26 27  2  0\n 28 29  1  0\n 29 30  1  0\n 30 31  1  0\n 31 32  1  0\n 32 33  1  0\n 28 33  1  0\n 26 30  1  0\n 25 26  1  0\n 16 22  1  0\n  6 34  2  0\n  3 35  1  0\n  3 36  1  0\n 37 38  1  0\n 15 37  1  0\nM  END\n> <chembl_id>\nCHEMBL3736388\n\n> <chembl_pref_name>\nNone"", ""standard_inchi"": ""InChI=1S/C32H33N3O3/c1-4-20-16-25-26(17-24(20)21-7-11-35(12-8-21)31(37)22-9-13-38-14-10-22)32(2,3)30-28(29(25)36)23-6-5-19(18-33)15-27(23)34-30/h5-7,15-17,22,34H,4,8-14H2,1-3H3"", ""standard_inchi_key"": ""BTNPTMBSLGUHRO-UHFFFAOYSA-N""}","[]","[]","[]","0adfbfb6-3304-4e79-a3cb-cfaf3fa39d83","incremental","None","2025-12-22T18:37:09.738805+00:00"
"chembl:CHEMBL3758186","ab59602fd52d2909247efde6c121e4d3fd57f7f3a5692af68cfed23865d5ad61","CHEMBL3758186",,"Small molecule","MOL",,,false,false,false,0,0,-1,-1,false,false,-1,0,"{""active_chembl_id"": ""CHEMBL3758186"", ""molecule_chembl_id"": ""CHEMBL3758186"", ""parent_chembl_id"": ""CHEMBL3758186""}","{""alogp"": ""3.37"", ""aromatic_rings"": 2, ""full_molformula"": ""C17H21ClN4O2"", ""full_mwt"": ""348.83"", ""hba"": 3, ""hbd"": 3, ""heavy_atoms"": 24, ""mw_freebase"": ""348.83"", ""np_likeness_score"": ""-1.47"", ""num_ro5_violations"": 0, ""psa"": ""86.88"", ""qed_weighted"": ""0.75"", ""ro3_pass"": ""N"", ""rtb"": 6}","{""canonical_smiles"": ""CCC(C)(C)C(=O)NCc1ccc(Cl)c(C(=O)Nc2ncc[nH]2)c1"", ""molfile"": ""\n     RDKit          2D\n\n 24 25  0  0  0  0  0  0  0  0999 V2000\n    2.5973   -1.5031    0.0000 C   0  0  0  0  0  0  0  0  0  0  0  0\n    1.2990   -0.7500    0.0000 C   0  0  0  0  0  0  0  0  0  0  0  0\n    1.2990    0.7500    0.0000 C   0  0  0  0  0  0  0  0  0  0  0  0\n    0.0000    1.5000    0.0000 C   0  0  0  0  0  0  0  0  0  0  0  0\n   -1.2990    0.7500    0.0000 C   0  0  0  0  0  0  0  0  0  0  0  0\n   -1.2990   -0.7500    0.0000 C   0  0  0  0  0  0  0  0  0  0  0  0\n    0.0000   -1.5000    0.0000 C   0  0  0  0  0  0  0  0  0  0  0  0\n    3.6375   -0.9049    0.0000 O   0  0  0  0  0  0  0  0  0  0  0  0\n    2.5951   -3.0039    0.0000 N   0  0  0  0  0  0  0  0  0  0  0  0\n    3.8933   -3.7570    0.0000 C   0  0  0  0  0  0  0  0  0  0  0  0\n    4.0312   -5.2378    0.0000 N   0  0  0  0  0  0  0  0  0  0  0  0\n    5.4984   -5.5497    0.0000 C   0  0  0  0  0  0  0  0  0  0  0  0\n    6.2484   -4.2507    0.0000 C   0  0  0  0  0  0  0  0  0  0  0  0\n    5.2447   -3.1359    0.0000 N   0  0  0  0  0  0  0  0  0  0  0  0\n   -2.5972   -1.5031    0.0000 C   0  0  0  0  0  0  0  0  0  0  0  0\n   -3.8933   -3.7570    0.0000 C   0  0  0  0  0  0  0  0  0  0  0  0\n   -4.9336   -3.1588    0.0000 O   0  0  0  0  0  0  0  0  0  0  0  0\n   -2.5951   -3.0039    0.0000 N   0  0  0  0  0  0  0  0  0  0  0  0\n    2.3383    1.3500    0.0000 Cl  0  0  0  0  0  0  0  0  0  0  0  0\n   -3.8912   -5.2578    0.0000 C   0  0  0  0  0  0  0  0  0  0  0  0\n   -5.1894   -6.0109    0.0000 C   0  0  0  0  0  0  0  0  0  0  0  0\n   -3.8889   -6.4578    0.0000 C   0  0  0  0  0  0  0  0  0  0  0  0\n   -2.8509   -5.8560    0.0000 C   0  0  0  0  0  0  0  0  0  0  0  0\n   -5.1877   -7.2109    0.0000 C   0  0  0  0  0  0  0  0  0  0  0  0\n  1  2  1  0\n  2  3  1  0\n  3  4  2  0\n  4  5  1  0\n  5  6  2  0\n  6  7  1  0\n  2  7  2  0\n  1  8  2  0\n  1  9  1  0\n 10 11  2  0\n 11 12  1  0\n 12 13  2  0\n 13 14  1  0\n 10 14  1  0\n  9 10  1  0\n 16 17  2  0\n 16 18  1  0\n 15 18  1  0\n  6 15  1  0\n  3 19  1  0\n 16 20  1  0\n 20 21  1  0\n 20 22  1  0\n 20 23  1  0\n 21 24  1  0\nM  END\n> <chembl_id>\nCHEMBL3758186\n\n> <chembl_pref_name>\nNone"", ""standard_inchi"": ""InChI=1S/C17H21ClN4O2/c1-4-17(2,3)15(24)21-10-11-5-6-13(18)12(9-11)14(23)22-16-19-7-8-20-16/h5-9H,4,10H2,1-3H3,(H,21,24)(H2,19,20,22,23)"", ""standard_inchi_key"": ""RPKSAVYFACDWIP-UHFFFAOYSA-N""}","[]","[]","[]","0adfbfb6-3304-4e79-a3cb-cfaf3fa39d83","incremental","None","2025-12-22T18:37:09.738893+00:00"
"chembl:CHEMBL3775664","93f4a0b4e8a07eb3ca4dd7cbfb3a816d867ef67e3ef1f50ee7f4be336b362f9b","CHEMBL3775664",,"Small molecule","MOL",,,false,false,false,0,0,-1,-1,false,false,-1,0,"{""active_chembl_id"": ""CHEMBL3775664"", ""molecule_chembl_id"": ""CHEMBL3775664"", ""parent_chembl_id"": ""CHEMBL3775664""}","{""alogp"": ""3.61"", ""aromatic_rings"": 3, ""full_molformula"": ""C23H23ClFN5O3"", ""full_mwt"": ""471.92"", ""hba"": 7, ""hbd"": 1, ""heavy_atoms"": 33, ""mw_freebase"": ""471.92"", ""np_likeness_score"": ""-1.97"", ""num_ro5_violations"": 0, ""psa"": ""79.82"", ""qed_weighted"": ""0.59"", ""ro3_pass"": ""N"", ""rtb"": 6}","{""canonical_smiles"": ""O=C1COc2cc3ncnc(Nc4ccc(F)c(Cl)c4)c3cc2N1CCCN1CCOCC1"", ""molfile"": ""\n     RDKit          2D\n\n 33 37  0  0  0  0  0  0  0  0999 V2000\n   -2.5978    1.5002    0.0000 N   0  0  0  0  0  0  0  0  0  0  0  0\n   -3.8968    0.7501    0.0000 C   0  0  0  0  0  0  0  0  0  0  0  0\n   -3.8968   -0.7501    0.0000 N   0  0  0  0  0  0  0  0  0  0  0  0\n   -2.5978   -1.5002    0.0000 C   0  0  0  0  0  0  0  0  0  0  0  0\n   -1.2989   -0.7501    0.0000 C   0  0  0  0  0  0  0  0  0  0  0  0\n    0.0000   -1.5002    0.0000 C   0  0  0  0  0  0  0  0  0  0  0  0\n    1.2806   -0.7501    0.0000 C   0  0  0  0  0  0  0  0  0  0  0  0\n    1.2806    0.7501    0.0000 C   0  0  0  0  0  0  0  0  0  0  0  0\n    0.0000    1.5002    0.0000 C   0  0  0  0  0  0  0  0  0  0  0  0\n   -1.2989    0.7501    0.0000 C   0  0  0  0  0  0  0  0  0  0  0  0\n    2.5978    1.5002    0.0000 O   0  0  0  0  0  0  0  0  0  0  0  0\n    2.5978   -1.5002    0.0000 N   0  0  0  0  0  0  0  0  0  0  0  0\n    3.8968   -0.7501    0.0000 C   0  0  0  0  0  0  0  0  0  0  0  0\n    3.8968    0.7501    0.0000 C   0  0  0  0  0  0  0  0  0  0  0  0\n    4.9360   -1.3500    0.0000 O   0  0  0  0  0  0  0  0  0  0  0  0\n    2.6098   -3.0009    0.0000 C   0  0  0  0  0  0  0  0  0  0  0  0\n    3.9150   -3.7418    0.0000 C   0  0  0  0  0  0  0  0  0  0  0  0\n    3.9270   -5.2425    0.0000 C   0  0  0  0  0  0  0  0  0  0  0  0\n    7.8444   -7.4589    0.0000 O   0  0  0  0  0  0  0  0  0  0  0  0\n    6.5525   -8.2211    0.0000 C   0  0  0  0  0  0  0  0  0  0  0  0\n    5.2464   -7.4833    0.0000 C   0  0  0  0  0  0  0  0  0  0  0  0\n    5.2323   -5.9834    0.0000 N   0  0  0  0  0  0  0  0  0  0  0  0\n    6.5243   -5.2212    0.0000 C   0  0  0  0  0  0  0  0  0  0  0  0\n    7.8303   -5.9590    0.0000 C   0  0  0  0  0  0  0  0  0  0  0  0\n   -2.6009   -3.0010    0.0000 N   0  0  0  0  0  0  0  0  0  0  0  0\n   -3.9017   -3.7496    0.0000 C   0  0  0  0  0  0  0  0  0  0  0  0\n   -3.9070   -5.2496    0.0000 C   0  0  0  0  0  0  0  0  0  0  0  0\n   -5.2086   -5.9951    0.0000 C   0  0  0  0  0  0  0  0  0  0  0  0\n   -6.5051   -5.2406    0.0000 C   0  0  0  0  0  0  0  0  0  0  0  0\n   -6.4999   -3.7406    0.0000 C   0  0  0  0  0  0  0  0  0  0  0  0\n   -5.1983   -2.9951    0.0000 C   0  0  0  0  0  0  0  0  0  0  0  0\n   -7.5464   -5.8370    0.0000 F   0  0  0  0  0  0  0  0  0  0  0  0\n   -5.2128   -7.1951    0.0000 Cl  0  0  0  0  0  0  0  0  0  0  0  0\n  1  2  1  0\n  2  3  2  0\n  3  4  1  0\n  4  5  2  0\n  5  6  1  0\n  6  7  2  0\n  7  8  1  0\n  8  9  2  0\n  9 10  1  0\n  1 10  2  0\n  5 10  1  0\n 12 13  1  0\n 13 14  1  0\n 11 14  1  0\n  7 12  1  0\n  8 11  1  0\n 13 15  2  0\n 16 17  1  0\n 17 18  1  0\n 19 20  1  0\n 20 21  1  0\n 21 22  1  0\n 22 23  1  0\n 23 24  1  0\n 19 24  1  0\n 18 22  1  0\n 12 16  1  0\n 26 27  1  0\n 27 28  2  0\n 28 29  1  0\n 29 30  2  0\n 30 31  1  0\n 26 31  2  0\n 29 32  1  0\n 28 33  1  0\n 25 26  1  0\n  4 25  1  0\nM  END\n> <chembl_id>\nCHEMBL3775664\n\n> <chembl_pref_name>\nNone"", ""standard_inchi"": ""InChI=1S/C23H23ClFN5O3/c24-17-10-15(2-3-18(17)25)28-23-16-11-20-21(12-19(16)26-14-27-23)33-13-22(31)30(20)5-1-4-29-6-8-32-9-7-29/h2-3,10-12,14H,1,4-9,13H2,(H,26,27,28)"", ""standard_inchi_key"": ""OTFQIRDSLHXCMT-UHFFFAOYSA-N""}","[]","[]","[]","0adfbfb6-3304-4e79-a3cb-cfaf3fa39d83","incremental","None","2025-12-22T18:37:09.739067+00:00"
"chembl:CHEMBL3786326","22a8c4b6e90bca80874fb339c5649b77549851c4db041e43deeeb76201922d61","CHEMBL3786326",,"Small molecule","MOL",,,false,false,false,0,0,-1,-1,false,false,-1,0,"{""active_chembl_id"": ""CHEMBL3786326"", ""molecule_chembl_id"": ""CHEMBL3786326"", ""parent_chembl_id"": ""CHEMBL3786326""}","{""alogp"": ""3.39"", ""aromatic_rings"": 3, ""full_molformula"": ""C26H32FN5O3S"", ""full_mwt"": ""513.64"", ""hba"": 8, ""hbd"": 1, ""heavy_atoms"": 36, ""mw_freebase"": ""513.64"", ""np_likeness_score"": ""-0.58"", ""num_ro5_violations"": 1, ""psa"": ""101.49"", ""qed_weighted"": ""0.48"", ""ro3_pass"": ""N"", ""rtb"": 7}","{""canonical_smiles"": ""Nc1ncnc2c1c(-c1cc(F)cc(OC[C@@H]3CCCO3)c1)cn2[C@H]1C[C@@H](CN2CC[S+]([O-])CC2)C1"", ""molfile"": ""\n     RDKit          2D\n\n 36 41  0  0  0  0  0  0  0  0999 V2000\n   -2.3155    0.7475    0.0000 N   0  0  0  0  0  0  0  0  0  0  0  0\n   -2.3155   -0.7475    0.0000 C   0  0  0  0  0  0  0  0  0  0  0  0\n   -1.0028   -1.5132    0.0000 N   0  0  0  0  0  0  0  0  0  0  0  0\n   -1.0028    1.5132    0.0000 C   0  0  0  0  0  0  0  0  0  0  0  0\n    0.2917    0.7475    0.0000 C   0  0  0  0  0  0  0  0  0  0  0  0\n    0.2917   -0.7475    0.0000 C   0  0  0  0  0  0  0  0  0  0  0  0\n    1.7138   -1.2033    0.0000 N   0  0  0  0  0  0  0  0  0  0  0  0\n    2.5889    0.0182    0.0000 C   0  0  0  0  0  0  0  0  0  0  0  0\n    1.7138    1.2033    0.0000 C   0  0  0  0  0  0  0  0  0  0  0  0\n    2.1852   -2.6281    0.0000 C   0  0  0  0  0  0  0  0  0  0  0  0\n    2.1749    2.6315    0.0000 C   0  0  0  0  0  0  0  0  0  0  0  0\n    1.2517    3.8078    0.0000 C   0  0  0  0  0  0  0  0  0  0  0  0\n    1.8114    5.1995    0.0000 C   0  0  0  0  0  0  0  0  0  0  0  0\n    3.2965    5.4106    0.0000 C   0  0  0  0  0  0  0  0  0  0  0  0\n    4.2218    4.2301    0.0000 C   0  0  0  0  0  0  0  0  0  0  0  0\n    3.6621    2.8384    0.0000 C   0  0  0  0  0  0  0  0  0  0  0  0\n    0.8879    6.3826    0.0000 O   0  0  0  0  0  0  0  0  0  0  0  0\n    1.4499    7.7742    0.0000 C   0  0  0  0  0  0  0  0  0  0  0  0\n    3.4488   -3.3583    0.0000 C   0  0  0  0  0  0  0  0  0  0  0  0\n    2.6658   -4.6377    0.0000 C   0  0  0  0  0  0  0  0  0  0  0  0\n    1.3864   -3.8548    0.0000 C   0  0  0  0  0  0  0  0  0  0  0  0\n   -0.9991    2.7132    0.0000 N   0  0  0  0  0  0  0  0  0  0  0  0\n    0.5265    8.9573    0.0000 C   0  0  0  0  0  0  0  0  0  0  0  0\n    0.9512   10.3827    0.0000 O   0  0  0  0  0  0  0  0  0  0  0  0\n   -0.2937   11.2195    0.0000 C   0  0  0  0  0  0  0  0  0  0  0  0\n   -1.4743   10.2942    0.0000 C   0  0  0  0  0  0  0  0  0  0  0  0\n   -0.9590    8.8854    0.0000 C   0  0  0  0  0  0  0  0  0  0  0  0\n    5.4099    4.3989    0.0000 F   0  0  0  0  0  0  0  0  0  0  0  0\n    3.0187   -6.0902    0.0000 C   0  0  0  0  0  0  0  0  0  0  0  0\n    4.4587   -6.5134    0.0000 N   0  0  0  0  0  0  0  0  0  0  0  0\n    4.8149   -7.9706    0.0000 C   0  0  0  0  0  0  0  0  0  0  0  0\n    6.2549   -8.3906    0.0000 C   0  0  0  0  0  0  0  0  0  0  0  0\n    7.3387   -7.3536    0.0000 S   0  0  0  0  0  0  0  0  0  0  0  0\n    6.9825   -5.8965    0.0000 C   0  0  0  0  0  0  0  0  0  0  0  0\n    5.5425   -5.4764    0.0000 C   0  0  0  0  0  0  0  0  0  0  0  0\n    8.4907   -7.6897    0.0000 O   0  0  0  0  0  0  0  0  0  0  0  0\n  1  2  2  0\n  2  3  1  0\n  3  6  2  0\n  5  4  2  0\n  4  1  1  0\n  5  6  1  0\n  6  7  1  0\n  7  8  1  0\n  8  9  2  0\n  9  5  1  0\n 10  7  1  6\n  9 11  1  0\n 11 12  2  0\n 12 13  1  0\n 13 14  2  0\n 14 15  1  0\n 15 16  2  0\n 16 11  1  0\n 13 17  1  0\n 17 18  1  0\n 10 19  1  0\n 19 20  1  0\n 20 21  1  0\n 21 10  1  0\n  4 22  1  0\n 23 18  1  6\n 23 24  1  0\n 24 25  1  0\n 25 26  1  0\n 26 27  1  0\n 27 23  1  0\n 15 28  1  0\n 20 29  1  6\n 29 30  1  0\n 30 31  1  0\n 30 35  1  0\n 31 32  1  0\n 32 33  1  0\n 33 34  1  0\n 34 35  1  0\n 33 36  1  0\nM  CHG  2  33   1  36  -1\nM  END\n> <chembl_id>\nCHEMBL3786326\n\n> <chembl_pref_name>\nNone"", ""standard_inchi"": ""InChI=1S/C26H32FN5O3S/c27-19-10-18(11-22(12-19)35-15-21-2-1-5-34-21)23-14-32(26-24(23)25(28)29-16-30-26)20-8-17(9-20)13-31-3-6-36(33)7-4-31/h10-12,14,16-17,20-21H,1-9,13,15H2,(H2,28,29,30)/t17-,20+,21-/m0/s1"", ""standard_inchi_key"": ""ZGWCTFPWFCDXAF-WMQCIHAUSA-N""}","[]","[]","[]","0adfbfb6-3304-4e79-a3cb-cfaf3fa39d83","incremental","None","2025-12-22T18:37:09.739214+00:00"
"chembl:CHEMBL378950","58db9dbb1d317e6b0aa8bfcf712a1b15f4c7a718147e70e44ef8b1c8c4e114d8","CHEMBL378950",,"Small molecule","MOL",,,false,false,false,0,0,-1,-1,false,false,-1,0,"{""active_chembl_id"": ""CHEMBL378950"", ""molecule_chembl_id"": ""CHEMBL378950"", ""parent_chembl_id"": ""CHEMBL378950""}","{""alogp"": ""4.52"", ""aromatic_rings"": 3, ""full_molformula"": ""C19H20N2O2"", ""full_mwt"": ""308.38"", ""hba"": 3, ""hbd"": 2, ""heavy_atoms"": 23, ""mw_freebase"": ""308.38"", ""np_likeness_score"": ""-0.69"", ""num_ro5_violations"": 0, ""psa"": ""54.12"", ""qed_weighted"": ""0.68"", ""ro3_pass"": ""N"", ""rtb"": 5}","{""canonical_smiles"": ""CCOC(=O)c1c(NC(C)c2ccccc2)[nH]c2ccccc12"", ""molfile"": ""\n     RDKit          2D\n\n 23 25  0  0  0  0  0  0  0  0999 V2000\n    0.9231  -19.4067    0.0000 C   0  0  0  0  0  0  0  0  0  0  0  0\n    1.3362  -20.1216    0.0000 C   0  0  0  0  0  0  0  0  0  0  0  0\n    2.1599  -20.1204    0.0000 C   0  0  0  0  0  0  0  0  0  0  0  0\n    2.5716  -19.4050    0.0000 C   0  0  0  0  0  0  0  0  0  0  0  0\n    2.1536  -18.6895    0.0000 C   0  0  0  0  0  0  0  0  0  0  0  0\n    1.3312  -18.6941    0.0000 C   0  0  0  0  0  0  0  0  0  0  0  0\n   -3.8532  -18.2969    0.0000 C   0  0  0  0  0  0  0  0  0  0  0  0\n   -3.8544  -19.1238    0.0000 C   0  0  0  0  0  0  0  0  0  0  0  0\n   -3.1399  -19.5363    0.0000 C   0  0  0  0  0  0  0  0  0  0  0  0\n   -3.1417  -17.8844    0.0000 C   0  0  0  0  0  0  0  0  0  0  0  0\n   -1.6360  -18.0348    0.0000 C   0  0  0  0  0  0  0  0  0  0  0  0\n   -2.4269  -18.2933    0.0000 C   0  0  0  0  0  0  0  0  0  0  0  0\n   -2.4243  -19.1259    0.0000 C   0  0  0  0  0  0  0  0  0  0  0  0\n   -1.6310  -19.3794    0.0000 N   0  0  0  0  0  0  0  0  0  0  0  0\n   -1.1459  -18.7025    0.0000 C   0  0  0  0  0  0  0  0  0  0  0  0\n   -0.3214  -18.6979    0.0000 N   0  0  0  0  0  0  0  0  0  0  0  0\n   -1.3871  -17.2520    0.0000 C   0  0  0  0  0  0  0  0  0  0  0  0\n   -0.5817  -17.0756    0.0000 O   0  0  0  0  0  0  0  0  0  0  0  0\n   -1.9427  -16.6428    0.0000 O   0  0  0  0  0  0  0  0  0  0  0  0\n   -0.0262  -17.6848    0.0000 C   0  0  0  0  0  0  0  0  0  0  0  0\n    0.7791  -17.5083    0.0000 C   0  0  0  0  0  0  0  0  0  0  0  0\n    0.0948  -19.4096    0.0000 C   0  0  0  0  0  0  0  0  0  0  0  0\n   -0.3133  -20.1260    0.0000 C   0  0  0  0  0  0  0  0  0  0  0  0\n  2  3  1  0\n  5  6  2  0\n  6  1  1  0\n  1  2  2  0\n  3  4  2  0\n 11 12  1  0\n 13 14  1  0\n 14 15  1  0\n 15 11  2  0\n  7  8  2  0\n 15 16  1  0\n 11 17  1  0\n  8  9  1  0\n 17 18  1  0\n  9 13  2  0\n 17 19  2  0\n  4  5  1  0\n 18 20  1  0\n 12 10  2  0\n 20 21  1  0\n 10  7  1  0\n 16 22  1  0\n 22  1  1  0\n 12 13  1  0\n 22 23  1  0\nM  END\n> <chembl_id>\nCHEMBL378950\n\n> <chembl_pref_name>\nNone"", ""standard_inchi"": ""InChI=1S/C19H20N2O2/c1-3-23-19(22)17-15-11-7-8-12-16(15)21-18(17)20-13(2)14-9-5-4-6-10-14/h4-13,20-21H,3H2,1-2H3"", ""standard_inchi_key"": ""UIIASLWZKUKENL-UHFFFAOYSA-N""}","[]","[]","[]","0adfbfb6-3304-4e79-a3cb-cfaf3fa39d83","incremental","None","2025-12-22T18:37:09.732835+00:00"
"chembl:CHEMBL3808921","c412e90240a29e7d6898cf90ae51b14daef1af360cc2922fd4cc6fd5abc7bd56","CHEMBL3808921",,"Small molecule","MOL",,,false,false,false,0,0,-1,-1,false,false,-1,0,"{""active_chembl_id"": ""CHEMBL3808921"", ""molecule_chembl_id"": ""CHEMBL3808921"", ""parent_chembl_id"": ""CHEMBL3808921""}","{""alogp"": ""4.92"", ""aromatic_rings"": 4, ""full_molformula"": ""C24H21F3N6O3"", ""full_mwt"": ""498.47"", ""hba"": 8, ""hbd"": 2, ""heavy_atoms"": 36, ""mw_freebase"": ""498.47"", ""np_likeness_score"": ""-0.60"", ""num_ro5_violations"": 0, ""psa"": ""107.10"", ""qed_weighted"": ""0.41"", ""ro3_pass"": ""N"", ""rtb"": 4}","{""canonical_smiles"": ""C[C@H]1Cc2c(ncnc2Oc2ccc3c(ccn3C(=O)Nc3cc(C4(C(F)(F)F)CC4)on3)c2)CN1"", ""molfile"": ""\n     RDKit          2D\n\n 36 41  0  0  0  0  0  0  0  0999 V2000\n    0.0000    0.7486    0.0000 C   0  0  0  0  0  0  0  0  0  0  0  0\n   -2.6111    0.7486    0.0000 N   0  0  0  0  0  0  0  0  0  0  0  0\n    1.2995   -2.9981    0.0000 O   0  0  0  0  0  0  0  0  0  0  0  0\n   -2.6111   -0.7486    0.0000 C   0  0  0  0  0  0  0  0  0  0  0  0\n    1.2964    1.4973    0.0000 N   0  0  0  0  0  0  0  0  0  0  0  0\n   -3.6486   -1.3517    0.0000 C   0  0  0  0  0  0  0  0  0  0  0  0\n    0.0000   -0.7486    0.0000 C   0  0  0  0  0  0  0  0  0  0  0  0\n    1.2964   -1.4973    0.0000 C   0  0  0  0  0  0  0  0  0  0  0  0\n    2.5929    0.7486    0.0000 C   0  0  0  0  0  0  0  0  0  0  0  0\n   -1.2964    1.4973    0.0000 C   0  0  0  0  0  0  0  0  0  0  0  0\n   -1.2964   -1.4973    0.0000 C   0  0  0  0  0  0  0  0  0  0  0  0\n    2.5929   -0.7486    0.0000 N   0  0  0  0  0  0  0  0  0  0  0  0\n    9.5571  -13.8138    0.0000 C   0  0  0  0  0  0  0  0  0  0  0  0\n    6.6253   -5.7060    0.0000 N   0  0  0  0  0  0  0  0  0  0  0  0\n   10.4435   -9.3123    0.0000 N   0  0  0  0  0  0  0  0  0  0  0  0\n    7.5671  -13.6761    0.0000 C   0  0  0  0  0  0  0  0  0  0  0  0\n    8.5584   -7.4417    0.0000 N   0  0  0  0  0  0  0  0  0  0  0  0\n    5.2041   -5.2476    0.0000 C   0  0  0  0  0  0  0  0  0  0  0  0\n    9.0155  -11.2747    0.0000 C   0  0  0  0  0  0  0  0  0  0  0  0\n   10.3607  -14.7049    0.0000 F   0  0  0  0  0  0  0  0  0  0  0  0\n    7.2548  -12.2089    0.0000 C   0  0  0  0  0  0  0  0  0  0  0  0\n   10.4424  -10.8123    0.0000 O   0  0  0  0  0  0  0  0  0  0  0  0\n    6.2881   -8.0232    0.0000 O   0  0  0  0  0  0  0  0  0  0  0  0\n    5.2068   -3.7526    0.0000 C   0  0  0  0  0  0  0  0  0  0  0  0\n    8.1347  -10.0606    0.0000 C   0  0  0  0  0  0  0  0  0  0  0  0\n    7.0902   -7.1307    0.0000 C   0  0  0  0  0  0  0  0  0  0  0  0\n    9.0240   -8.8685    0.0000 C   0  0  0  0  0  0  0  0  0  0  0  0\n    9.1873  -14.9554    0.0000 F   0  0  0  0  0  0  0  0  0  0  0  0\n    3.9137   -2.9845    0.0000 C   0  0  0  0  0  0  0  0  0  0  0  0\n    8.5514  -12.6997    0.0000 C   0  0  0  0  0  0  0  0  0  0  0  0\n    7.5026   -4.5225    0.0000 C   0  0  0  0  0  0  0  0  0  0  0  0\n    6.6297   -3.2994    0.0000 C   0  0  0  0  0  0  0  0  0  0  0  0\n    2.5969   -5.2429    0.0000 C   0  0  0  0  0  0  0  0  0  0  0  0\n   10.7307  -13.5635    0.0000 F   0  0  0  0  0  0  0  0  0  0  0  0\n    3.9082   -6.0110    0.0000 C   0  0  0  0  0  0  0  0  0  0  0  0\n    2.6003   -3.7467    0.0000 C   0  0  0  0  0  0  0  0  0  0  0  0\n 10  2  1  0\n 11  4  1  0\n  1  7  1  0\n  9 12  2  0\n  5  1  2  0\n  4  6  1  6\n  7  8  2  0\n  9  5  1  0\n  3  8  1  0\n  1 10  1  0\n  7 11  1  0\n  4  2  1  0\n  8 12  1  0\n 14 31  1  0\n 26 23  2  0\n 30 16  1  0\n 36 33  1  0\n 14 18  1  0\n 26 17  1  0\n 13 34  1  0\n 15 27  2  0\n 24 18  2  0\n 22 15  1  0\n 13 28  1  0\n 27 25  1  0\n 35 18  1  0\n 25 19  2  0\n 24 29  1  0\n 19 30  1  0\n 22 19  1  0\n 32 24  1  0\n 33 35  2  0\n 29 36  2  0\n 14 26  1  0\n 31 32  2  0\n 17 27  1  0\n 30 13  1  0\n 30 21  1  0\n 16 21  1  0\n 13 20  1  0\n 36  3  1  0\nM  END\n> <chembl_id>\nCHEMBL3808921\n\n> <chembl_pref_name>\nNone"", ""standard_inchi"": ""InChI=1S/C24H21F3N6O3/c1-13-8-16-17(11-28-13)29-12-30-21(16)35-15-2-3-18-14(9-15)4-7-33(18)22(34)31-20-10-19(36-32-20)23(5-6-23)24(25,26)27/h2-4,7,9-10,12-13,28H,5-6,8,11H2,1H3,(H,31,32,34)/t13-/m0/s1"", ""standard_inchi_key"": ""WGGSXHRZQATNAN-ZDUSSCGKSA-N""}","[]","[]","[]","0adfbfb6-3304-4e79-a3cb-cfaf3fa39d83","incremental","None","2025-12-22T18:37:09.739380+00:00"
"chembl:CHEMBL3916901","8e98ff35b7f7880a9d23c5bef15ad4db283d7354213b67f5ce3cd2e30c89bb21","CHEMBL3916901",,"Small molecule","MOL",,,false,false,false,0,0,-1,-1,false,false,-1,0,"{""active_chembl_id"": ""CHEMBL3916901"", ""molecule_chembl_id"": ""CHEMBL3916901"", ""parent_chembl_id"": ""CHEMBL3916901""}","{""alogp"": ""3.35"", ""aromatic_rings"": 2, ""full_molformula"": ""C25H30N2O5"", ""full_mwt"": ""438.52"", ""hba"": 6, ""hbd"": 0, ""heavy_atoms"": 32, ""mw_freebase"": ""438.52"", ""np_likeness_score"": ""-1.03"", ""num_ro5_violations"": 0, ""psa"": ""68.31"", ""qed_weighted"": ""0.56"", ""ro3_pass"": ""N"", ""rtb"": 9}","{""canonical_smiles"": ""COc1cc(CN(C)C(C)c2ccc3c(c2)CCO3)ccc1OCCN1C(=O)CCC1=O"", ""molfile"": ""\n     RDKit          2D\n\n 32 35  0  0  0  0  0  0  0  0999 V2000\n    2.1887   -4.9333    0.0000 C   0  0  0  0  0  0  0  0  0  0  0  0\n    1.7048   -4.2691    0.0000 C   0  0  0  0  0  0  0  0  0  0  0  0\n    2.1846   -3.6015    0.0000 O   0  0  0  0  0  0  0  0  0  0  0  0\n    2.9689   -3.8530    0.0000 C   0  0  0  0  0  0  0  0  0  0  0  0\n    2.9689   -4.6743    0.0000 C   0  0  0  0  0  0  0  0  0  0  0  0\n    3.6798   -5.0852    0.0000 C   0  0  0  0  0  0  0  0  0  0  0  0\n    4.3910   -4.6716    0.0000 C   0  0  0  0  0  0  0  0  0  0  0  0\n    4.3910   -3.8472    0.0000 C   0  0  0  0  0  0  0  0  0  0  0  0\n    3.6755   -3.4442    0.0000 C   0  0  0  0  0  0  0  0  0  0  0  0\n    5.1000   -5.0821    0.0000 C   0  0  0  0  0  0  0  0  0  0  0  0\n    5.1000   -5.9035    0.0000 C   0  0  0  0  0  0  0  0  0  0  0  0\n    5.8105   -4.6672    0.0000 N   0  0  0  0  0  0  0  0  0  0  0  0\n    6.5236   -5.0777    0.0000 C   0  0  0  0  0  0  0  0  0  0  0  0\n    7.2342   -4.6628    0.0000 C   0  0  0  0  0  0  0  0  0  0  0  0\n    7.9446   -5.0739    0.0000 C   0  0  0  0  0  0  0  0  0  0  0  0\n    8.6546   -4.6596    0.0000 C   0  0  0  0  0  0  0  0  0  0  0  0\n    8.6546   -3.8374    0.0000 C   0  0  0  0  0  0  0  0  0  0  0  0\n    7.9344   -3.4312    0.0000 C   0  0  0  0  0  0  0  0  0  0  0  0\n    7.2342   -3.8437    0.0000 C   0  0  0  0  0  0  0  0  0  0  0  0\n    9.3625   -3.4257    0.0000 O   0  0  0  0  0  0  0  0  0  0  0  0\n   10.0762   -3.8311    0.0000 C   0  0  0  0  0  0  0  0  0  0  0  0\n   10.7820   -3.4194    0.0000 C   0  0  0  0  0  0  0  0  0  0  0  0\n   11.4444   -3.9035    0.0000 N   0  0  0  0  0  0  0  0  0  0  0  0\n   11.4444   -4.7233    0.0000 C   0  0  0  0  0  0  0  0  0  0  0  0\n   12.2186   -4.9842    0.0000 C   0  0  0  0  0  0  0  0  0  0  0  0\n   12.7067   -4.3215    0.0000 C   0  0  0  0  0  0  0  0  0  0  0  0\n   12.2258   -3.6538    0.0000 C   0  0  0  0  0  0  0  0  0  0  0  0\n   12.4817   -2.8735    0.0000 O   0  0  0  0  0  0  0  0  0  0  0  0\n   10.7704   -5.2036    0.0000 O   0  0  0  0  0  0  0  0  0  0  0  0\n    9.3675   -5.0705    0.0000 O   0  0  0  0  0  0  0  0  0  0  0  0\n   10.0783   -4.6559    0.0000 C   0  0  0  0  0  0  0  0  0  0  0  0\n    5.8105   -3.8459    0.0000 C   0  0  0  0  0  0  0  0  0  0  0  0\n  2  1  1  0\n  3  2  1  0\n  4  3  1  0\n  4  5  2  0\n  1  5  1  0\n  5  6  1  0\n  6  7  2  0\n  7  8  1  0\n  8  9  2  0\n  9  4  1  0\n  7 10  1  0\n 10 11  1  0\n 10 12  1  0\n 12 13  1  0\n 13 14  1  0\n 14 15  2  0\n 15 16  1  0\n 16 17  2  0\n 17 18  1  0\n 18 19  2  0\n 19 14  1  0\n 17 20  1  0\n 20 21  1  0\n 21 22  1  0\n 22 23  1  0\n 23 24  1  0\n 24 25  1  0\n 25 26  1  0\n 26 27  1  0\n 27 23  1  0\n 27 28  2  0\n 24 29  2  0\n 16 30  1  0\n 30 31  1  0\n 12 32  1  0\nM  END\n> <chembl_id>\nCHEMBL3916901\n\n> <chembl_pref_name>\nNone"", ""standard_inchi"": ""InChI=1S/C25H30N2O5/c1-17(19-5-7-21-20(15-19)10-12-31-21)26(2)16-18-4-6-22(23(14-18)30-3)32-13-11-27-24(28)8-9-25(27)29/h4-7,14-15,17H,8-13,16H2,1-3H3"", ""standard_inchi_key"": ""BSNWZBYWVSWGSR-UHFFFAOYSA-N""}","[]","[]","[]","0adfbfb6-3304-4e79-a3cb-cfaf3fa39d83","incremental","None","2025-12-22T18:37:09.739496+00:00"
"chembl:CHEMBL3976319","0b817a7cd9c37ef3b93d87b1316e6408a698622ba9eacc3380b5c62ebafa9335","CHEMBL3976319",,"Small molecule","MOL",,,false,false,false,0,0,-1,-1,false,false,-1,0,"{""active_chembl_id"": ""CHEMBL3976319"", ""molecule_chembl_id"": ""CHEMBL3976319"", ""parent_chembl_id"": ""CHEMBL3976319""}","{""alogp"": ""5.92"", ""aromatic_rings"": 3, ""full_molformula"": ""C23H25F3N4S2"", ""full_mwt"": ""478.61"", ""hba"": 6, ""hbd"": 0, ""heavy_atoms"": 32, ""mw_freebase"": ""478.61"", ""np_likeness_score"": ""-1.71"", ""num_ro5_violations"": 1, ""psa"": ""33.95"", ""qed_weighted"": ""0.31"", ""ro3_pass"": ""N"", ""rtb"": 7}","{""canonical_smiles"": ""Cn1c(SCCCN2CC[C@]3(C[C@@H]3c3ccc(C(F)(F)F)cc3)C2)nnc1-c1cccs1"", ""molfile"": ""\n     RDKit          2D\n\n 32 36  0  0  0  0  0  0  0  0999 V2000\n   15.2620  -16.9520    0.0000 C   0  0  0  0  0  0  0  0  0  0  0  0\n   15.9047  -16.4304    0.0000 C   0  0  0  0  0  0  0  0  0  0  0  0\n   15.1315  -16.1345    0.0000 C   0  0  0  0  0  0  0  0  0  0  0  0\n   16.4592  -17.0447    0.0000 C   0  0  0  0  0  0  0  0  0  0  0  0\n   17.2118  -16.7066    0.0000 N   0  0  0  0  0  0  0  0  0  0  0  0\n   17.1247  -15.8861    0.0000 C   0  0  0  0  0  0  0  0  0  0  0  0\n   16.3148  -15.7163    0.0000 C   0  0  0  0  0  0  0  0  0  0  0  0\n   14.9701  -17.7220    0.0000 C   0  0  0  0  0  0  0  0  0  0  0  0\n   14.1541  -17.8508    0.0000 C   0  0  0  0  0  0  0  0  0  0  0  0\n   13.8593  -18.6205    0.0000 C   0  0  0  0  0  0  0  0  0  0  0  0\n   14.3794  -19.2620    0.0000 C   0  0  0  0  0  0  0  0  0  0  0  0\n   15.1979  -19.1288    0.0000 C   0  0  0  0  0  0  0  0  0  0  0  0\n   15.4889  -18.3591    0.0000 C   0  0  0  0  0  0  0  0  0  0  0  0\n   17.9272  -17.1176    0.0000 C   0  0  0  0  0  0  0  0  0  0  0  0\n   18.6407  -16.7035    0.0000 C   0  0  0  0  0  0  0  0  0  0  0  0\n   19.3561  -17.1145    0.0000 C   0  0  0  0  0  0  0  0  0  0  0  0\n   20.0698  -16.7005    0.0000 S   0  0  0  0  0  0  0  0  0  0  0  0\n   20.7851  -17.1115    0.0000 C   0  0  0  0  0  0  0  0  0  0  0  0\n   20.8760  -17.9300    0.0000 N   0  0  0  0  0  0  0  0  0  0  0  0\n   21.6834  -18.0998    0.0000 C   0  0  0  0  0  0  0  0  0  0  0  0\n   22.0944  -17.3844    0.0000 N   0  0  0  0  0  0  0  0  0  0  0  0\n   21.5409  -16.7726    0.0000 N   0  0  0  0  0  0  0  0  0  0  0  0\n   20.2651  -18.4844    0.0000 C   0  0  0  0  0  0  0  0  0  0  0  0\n   22.0246  -18.8508    0.0000 C   0  0  0  0  0  0  0  0  0  0  0  0\n   21.6137  -19.5662    0.0000 C   0  0  0  0  0  0  0  0  0  0  0  0\n   22.1671  -20.1781    0.0000 C   0  0  0  0  0  0  0  0  0  0  0  0\n   22.9200  -19.8409    0.0000 C   0  0  0  0  0  0  0  0  0  0  0  0\n   22.8320  -19.0206    0.0000 S   0  0  0  0  0  0  0  0  0  0  0  0\n   14.0856  -20.0329    0.0000 C   0  0  0  0  0  0  0  0  0  0  0  0\n   13.2711  -20.1641    0.0000 F   0  0  0  0  0  0  0  0  0  0  0  0\n   14.6064  -20.6729    0.0000 F   0  0  0  0  0  0  0  0  0  0  0  0\n   13.8669  -20.8254    0.0000 F   0  0  0  0  0  0  0  0  0  0  0  0\n  2  1  1  0\n  2  3  1  0\n  1  3  1  0\n  4  5  1  0\n  5  6  1  0\n  6  7  1  0\n  2  7  1  0\n  2  4  1  1\n  8  9  2  0\n  9 10  1  0\n 10 11  2  0\n 11 12  1  0\n 12 13  2  0\n 13  8  1  0\n  1  8  1  1\n  5 14  1  0\n 14 15  1  0\n 15 16  1  0\n 16 17  1  0\n 17 18  1  0\n 18 19  1  0\n 19 20  1  0\n 20 21  2  0\n 21 22  1  0\n 22 18  2  0\n 19 23  1  0\n 24 25  2  0\n 25 26  1  0\n 26 27  2  0\n 27 28  1  0\n 28 24  1  0\n 20 24  1  0\n 11 29  1  0\n 29 30  1  0\n 29 31  1  0\n 29 32  1  0\nM  END\n> <chembl_id>\nCHEMBL3976319\n\n> <chembl_pref_name>\nNone"", ""standard_inchi"": ""InChI=1S/C23H25F3N4S2/c1-29-20(19-4-2-12-31-19)27-28-21(29)32-13-3-10-30-11-9-22(15-30)14-18(22)16-5-7-17(8-6-16)23(24,25)26/h2,4-8,12,18H,3,9-11,13-15H2,1H3/t18-,22+/m1/s1"", ""standard_inchi_key"": ""ZWINHZKEJACBFT-GCJKJVERSA-N""}","[]","[]","[]","0adfbfb6-3304-4e79-a3cb-cfaf3fa39d83","incremental","None","2025-12-22T18:37:09.739609+00:00"
"chembl:CHEMBL401141","9d4f21cd32ebe9e2599d5df626550b2f695c4cf8aa270220aad93e2bf990f9f0","CHEMBL401141",,"Small molecule","MOL",,,false,false,false,0,0,-1,-1,false,false,-1,0,"{""active_chembl_id"": ""CHEMBL401141"", ""molecule_chembl_id"": ""CHEMBL401141"", ""parent_chembl_id"": ""CHEMBL401141""}","{""alogp"": ""3.65"", ""aromatic_rings"": 2, ""full_molformula"": ""C28H42N2O5S"", ""full_mwt"": ""518.72"", ""hba"": 6, ""hbd"": 3, ""heavy_atoms"": 36, ""mw_freebase"": ""518.72"", ""np_likeness_score"": ""-0.28"", ""num_ro5_violations"": 1, ""psa"": ""104.73"", ""qed_weighted"": ""0.30"", ""ro3_pass"": ""N"", ""rtb"": 17}","{""canonical_smiles"": ""CCCC(CCC)S(=O)(=O)CCC(=O)N[C@@H](Cc1ccccc1)[C@H](O)CNCc1cccc(OC)c1"", ""molfile"": ""\n     RDKit          2D\n\n 36 37  0  0  1  0  0  0  0  0999 V2000\n    3.5236  -19.5416    0.0000 C   0  0  0  0  0  0  0  0  0  0  0  0\n    3.5224  -20.3690    0.0000 C   0  0  0  0  0  0  0  0  0  0  0  0\n    4.2372  -20.7819    0.0000 C   0  0  0  0  0  0  0  0  0  0  0  0\n    4.9537  -20.3685    0.0000 C   0  0  0  0  0  0  0  0  0  0  0  0\n    4.9508  -19.5380    0.0000 C   0  0  0  0  0  0  0  0  0  0  0  0\n    4.2354  -19.1289    0.0000 C   0  0  0  0  0  0  0  0  0  0  0  0\n    5.6637  -19.1228    0.0000 O   0  0  0  0  0  0  0  0  0  0  0  0\n    6.3797  -19.5326    0.0000 C   0  0  0  0  0  0  0  0  0  0  0  0\n    2.8090  -19.1293    0.0000 C   0  0  0  0  0  0  0  0  0  0  0  0\n    2.0946  -19.5420    0.0000 N   0  0  0  0  0  0  0  0  0  0  0  0\n    1.3801  -19.1296    0.0000 C   0  0  0  0  0  0  0  0  0  0  0  0\n    0.6657  -19.5423    0.0000 C   0  0  0  0  0  0  0  0  0  0  0  0\n   -0.0489  -19.1300    0.0000 C   0  0  0  0  0  0  0  0  0  0  0  0\n   -0.7633  -19.5427    0.0000 N   0  0  0  0  0  0  0  0  0  0  0  0\n   -0.0491  -18.3050    0.0000 C   0  0  0  0  0  0  0  0  0  0  0  0\n    0.6653  -17.8923    0.0000 C   0  0  0  0  0  0  0  0  0  0  0  0\n    1.3795  -18.3061    0.0000 C   0  0  0  0  0  0  0  0  0  0  0  0\n    2.0934  -17.8941    0.0000 C   0  0  0  0  0  0  0  0  0  0  0  0\n    2.0937  -17.0682    0.0000 C   0  0  0  0  0  0  0  0  0  0  0  0\n    1.3741  -16.6560    0.0000 C   0  0  0  0  0  0  0  0  0  0  0  0\n    0.6631  -17.0704    0.0000 C   0  0  0  0  0  0  0  0  0  0  0  0\n   -1.4778  -19.1303    0.0000 C   0  0  0  0  0  0  0  0  0  0  0  0\n   -2.1922  -19.5430    0.0000 C   0  0  0  0  0  0  0  0  0  0  0  0\n   -1.4780  -18.3053    0.0000 O   0  0  0  0  0  0  0  0  0  0  0  0\n   -2.9068  -19.1307    0.0000 C   0  0  0  0  0  0  0  0  0  0  0  0\n   -3.6211  -19.5433    0.0000 S   0  0  0  0  0  0  0  0  0  0  0  0\n   -4.3417  -19.9500    0.0000 C   0  0  0  0  0  0  0  0  0  0  0  0\n   -3.2121  -20.2598    0.0000 O   0  0  0  0  0  0  0  0  0  0  0  0\n   -4.0282  -18.8257    0.0000 O   0  0  0  0  0  0  0  0  0  0  0  0\n    0.6659  -20.3673    0.0000 O   0  0  0  0  0  0  0  0  0  0  0  0\n   -5.0521  -19.5305    0.0000 C   0  0  0  0  0  0  0  0  0  0  0  0\n   -4.3497  -20.7750    0.0000 C   0  0  0  0  0  0  0  0  0  0  0  0\n   -5.0440  -18.7056    0.0000 C   0  0  0  0  0  0  0  0  0  0  0  0\n   -5.7544  -18.2861    0.0000 C   0  0  0  0  0  0  0  0  0  0  0  0\n   -5.0682  -21.1805    0.0000 C   0  0  0  0  0  0  0  0  0  0  0  0\n   -5.0763  -22.0054    0.0000 C   0  0  0  0  0  0  0  0  0  0  0  0\n 17 18  1  0\n  1  9  1  0\n 18 19  2  0\n  4  5  1  0\n 19 20  1  0\n  9 10  1  0\n 20 21  2  0\n 21 16  1  0\n  2  3  1  0\n 14 22  1  0\n 10 11  1  0\n 22 23  1  0\n  5  6  2  0\n 22 24  2  0\n 11 12  1  0\n 23 25  1  0\n  6  1  1  0\n 25 26  1  0\n 12 13  1  0\n 26 27  1  0\n  1  2  2  0\n 26 28  2  0\n 13 14  1  0\n 26 29  2  0\n  5  7  1  0\n 12 30  1  1\n 13 15  1  1\n 27 31  1  0\n  3  4  2  0\n 27 32  1  0\n 15 16  1  0\n 31 33  1  0\n  7  8  1  0\n 33 34  1  0\n 16 17  2  0\n 32 35  1  0\n 35 36  1  0\nM  END\n> <chembl_id>\nCHEMBL401141\n\n> <chembl_pref_name>\nNone"", ""standard_inchi"": ""InChI=1S/C28H42N2O5S/c1-4-10-25(11-5-2)36(33,34)17-16-28(32)30-26(19-22-12-7-6-8-13-22)27(31)21-29-20-23-14-9-15-24(18-23)35-3/h6-9,12-15,18,25-27,29,31H,4-5,10-11,16-17,19-21H2,1-3H3,(H,30,32)/t26-,27+/m0/s1"", ""standard_inchi_key"": ""MPGYFTYRJCOSLV-RRPNLBNLSA-N""}","[]","[]","[]","0adfbfb6-3304-4e79-a3cb-cfaf3fa39d83","incremental","None","2025-12-22T18:37:09.733489+00:00"
"chembl:CHEMBL4060355","6552cb96d974adb287d83f4f5714c1cc203ea4fb3541e619b0504ce1517ae677","CHEMBL4060355",,"Small molecule","MOL",,,false,false,false,0,0,-1,-1,false,false,-1,0,"{""active_chembl_id"": ""CHEMBL4060355"", ""molecule_chembl_id"": ""CHEMBL4060355"", ""parent_chembl_id"": ""CHEMBL4060355""}","{""alogp"": ""4.88"", ""aromatic_rings"": 3, ""full_molformula"": ""C24H25F3N4O3"", ""full_mwt"": ""474.48"", ""hba"": 5, ""hbd"": 2, ""heavy_atoms"": 34, ""mw_freebase"": ""474.48"", ""np_likeness_score"": ""-0.98"", ""num_ro5_violations"": 0, ""psa"": ""91.34"", ""qed_weighted"": ""0.56"", ""ro3_pass"": ""N"", ""rtb"": 4}","{""canonical_smiles"": ""O=C(O)CC1CCC2(CCN(c3ccc(-c4nc5cc(C(F)(F)F)ccc5[nH]4)cn3)CC2)OC1"", ""molfile"": ""\n     RDKit          2D\n\n 34 38  0  0  0  0  0  0  0  0999 V2000\n   34.0492  -13.0189    0.0000 C   0  0  0  0  0  0  0  0  0  0  0  0\n   34.4541  -13.7255    0.0000 O   0  0  0  0  0  0  0  0  0  0  0  0\n   35.2639  -13.7280    0.0000 C   0  0  0  0  0  0  0  0  0  0  0  0\n   35.6749  -13.0257    0.0000 C   0  0  0  0  0  0  0  0  0  0  0  0\n   35.2700  -12.3193    0.0000 C   0  0  0  0  0  0  0  0  0  0  0  0\n   34.4541  -12.3150    0.0000 C   0  0  0  0  0  0  0  0  0  0  0  0\n   27.8275  -13.4272    0.0000 C   0  0  0  0  0  0  0  0  0  0  0  0\n   28.6139  -12.3439    0.0000 N   0  0  0  0  0  0  0  0  0  0  0  0\n   27.1128  -13.8450    0.0000 C   0  0  0  0  0  0  0  0  0  0  0  0\n   26.3971  -13.4317    0.0000 C   0  0  0  0  0  0  0  0  0  0  0  0\n   30.3331  -12.3007    0.0000 C   0  0  0  0  0  0  0  0  0  0  0  0\n   33.6376  -12.3039    0.0000 C   0  0  0  0  0  0  0  0  0  0  0  0\n   25.6830  -12.1906    0.0000 C   0  0  0  0  0  0  0  0  0  0  0  0\n   31.1569  -12.2973    0.0000 C   0  0  0  0  0  0  0  0  0  0  0  0\n   28.6143  -13.6825    0.0000 N   0  0  0  0  0  0  0  0  0  0  0  0\n   26.3983  -12.6034    0.0000 C   0  0  0  0  0  0  0  0  0  0  0  0\n   32.8127  -13.7339    0.0000 C   0  0  0  0  0  0  0  0  0  0  0  0\n   31.1610  -13.7308    0.0000 N   0  0  0  0  0  0  0  0  0  0  0  0\n   24.9679  -12.6038    0.0000 F   0  0  0  0  0  0  0  0  0  0  0  0\n   32.4004  -13.0134    0.0000 N   0  0  0  0  0  0  0  0  0  0  0  0\n   29.1005  -13.0130    0.0000 C   0  0  0  0  0  0  0  0  0  0  0  0\n   27.8272  -12.5998    0.0000 C   0  0  0  0  0  0  0  0  0  0  0  0\n   32.8091  -12.3016    0.0000 C   0  0  0  0  0  0  0  0  0  0  0  0\n   24.9648  -11.7776    0.0000 F   0  0  0  0  0  0  0  0  0  0  0  0\n   33.6350  -13.7345    0.0000 C   0  0  0  0  0  0  0  0  0  0  0  0\n   25.6828  -11.3646    0.0000 F   0  0  0  0  0  0  0  0  0  0  0  0\n   27.1110  -12.1902    0.0000 C   0  0  0  0  0  0  0  0  0  0  0  0\n   31.5745  -13.0148    0.0000 C   0  0  0  0  0  0  0  0  0  0  0  0\n   29.9263  -13.0127    0.0000 C   0  0  0  0  0  0  0  0  0  0  0  0\n   30.3358  -13.7307    0.0000 C   0  0  0  0  0  0  0  0  0  0  0  0\n   36.4930  -13.0295    0.0000 C   0  0  0  0  0  0  0  0  0  0  0  0\n   36.9052  -12.3229    0.0000 C   0  0  0  0  0  0  0  0  0  0  0  0\n   37.7233  -12.3267    0.0000 O   0  0  0  0  0  0  0  0  0  0  0  0\n   36.4995  -11.6126    0.0000 O   0  0  0  0  0  0  0  0  0  0  0  0\n  1  2  1  0\n  1  6  1  0\n  2  3  1  0\n  3  4  1  0\n  4  5  1  0\n  5  6  1  0\n 21  8  2  0\n 13 26  1  0\n  9  7  2  0\n 25  1  1  0\n 27 16  1  0\n 18 28  2  0\n 29 30  2  0\n 22  7  1  0\n 28 20  1  0\n 30 18  1  0\n 11 29  1  0\n 20 17  1  0\n 21 29  1  0\n 15 21  1  0\n 13 24  1  0\n 16 10  2  0\n 17 25  1  0\n  1 12  1  0\n 20 23  1  0\n 13 19  1  0\n  7 15  1  0\n 16 13  1  0\n 28 14  1  0\n 14 11  2  0\n 12 23  1  0\n  8 22  1  0\n 10  9  1  0\n 22 27  2  0\n  4 31  1  0\n 31 32  1  0\n 32 33  1  0\n 32 34  2  0\nM  END\n> <chembl_id>\nCHEMBL4060355\n\n> <chembl_pref_name>\nNone"", ""standard_inchi"": ""InChI=1S/C24H25F3N4O3/c25-24(26,27)17-2-3-18-19(12-17)30-22(29-18)16-1-4-20(28-13-16)31-9-7-23(8-10-31)6-5-15(14-34-23)11-21(32)33/h1-4,12-13,15H,5-11,14H2,(H,29,30)(H,32,33)"", ""standard_inchi_key"": ""LFHXTDBDALXSLW-UHFFFAOYSA-N""}","[]","[]","[]","0adfbfb6-3304-4e79-a3cb-cfaf3fa39d83","incremental","None","2025-12-22T18:37:09.739760+00:00"
"chembl:CHEMBL4061179","6c03ee67dcc28d2135694d902e2c86ae5cef3ba472123f85fcdb5ae75b1fbc54","CHEMBL4061179",,"Small molecule","MOL",,,false,false,false,0,0,-1,-1,false,false,-1,0,"{""active_chembl_id"": ""CHEMBL4061179"", ""molecule_chembl_id"": ""CHEMBL4061179"", ""parent_chembl_id"": ""CHEMBL4061179""}","{""alogp"": ""6.64"", ""aromatic_rings"": 4, ""full_molformula"": ""C30H34N4O2"", ""full_mwt"": ""482.63"", ""hba"": 6, ""hbd"": 0, ""heavy_atoms"": 36, ""mw_freebase"": ""482.63"", ""np_likeness_score"": ""-0.86"", ""num_ro5_violations"": 1, ""psa"": ""65.85"", ""qed_weighted"": ""0.28"", ""ro3_pass"": ""N"", ""rtb"": 7}","{""canonical_smiles"": ""CCCCCn1cc(-c2cn(C34CC5CC(CC(C5)C3)C4)nn2)c(=O)c2cc(-c3ccco3)ccc21"", ""molfile"": ""\n     RDKit          2D\n\n 36 42  0  0  0  0  0  0  0  0999 V2000\n   19.8442  -12.1279    0.0000 C   0  0  0  0  0  0  0  0  0  0  0  0\n   19.2137  -11.4360    0.0000 C   0  0  0  0  0  0  0  0  0  0  0  0\n   19.6822  -11.3072    0.0000 C   0  0  0  0  0  0  0  0  0  0  0  0\n   19.5319  -10.7514    0.0000 C   0  0  0  0  0  0  0  0  0  0  0  0\n   20.0479  -10.5848    0.0000 C   0  0  0  0  0  0  0  0  0  0  0  0\n   19.4089   -9.9859    0.0000 C   0  0  0  0  0  0  0  0  0  0  0  0\n   18.8356  -11.2450    0.0000 C   0  0  0  0  0  0  0  0  0  0  0  0\n   18.2241  -10.6348    0.0000 C   0  0  0  0  0  0  0  0  0  0  0  0\n   18.4199  -11.3758    0.0000 C   0  0  0  0  0  0  0  0  0  0  0  0\n   18.5925   -9.9135    0.0000 C   0  0  0  0  0  0  0  0  0  0  0  0\n   14.6655  -12.4671    0.0000 N   0  0  0  0  0  0  0  0  0  0  0  0\n   15.3786  -12.0564    0.0000 C   0  0  0  0  0  0  0  0  0  0  0  0\n   15.3786  -11.2308    0.0000 C   0  0  0  0  0  0  0  0  0  0  0  0\n   14.6655  -10.8159    0.0000 C   0  0  0  0  0  0  0  0  0  0  0  0\n   13.9524  -12.0564    0.0000 C   0  0  0  0  0  0  0  0  0  0  0  0\n   13.9549  -11.2326    0.0000 C   0  0  0  0  0  0  0  0  0  0  0  0\n   13.2475  -10.8223    0.0000 C   0  0  0  0  0  0  0  0  0  0  0  0\n   12.5329  -11.2307    0.0000 C   0  0  0  0  0  0  0  0  0  0  0  0\n   12.5343  -12.0576    0.0000 C   0  0  0  0  0  0  0  0  0  0  0  0\n   13.2464  -12.4682    0.0000 C   0  0  0  0  0  0  0  0  0  0  0  0\n   16.0953  -10.8221    0.0000 C   0  0  0  0  0  0  0  0  0  0  0  0\n   16.8476  -11.1554    0.0000 C   0  0  0  0  0  0  0  0  0  0  0  0\n   17.4032  -10.5465    0.0000 N   0  0  0  0  0  0  0  0  0  0  0  0\n   16.9904   -9.8297    0.0000 N   0  0  0  0  0  0  0  0  0  0  0  0\n   16.1823   -9.9983    0.0000 N   0  0  0  0  0  0  0  0  0  0  0  0\n   14.6655  -13.2927    0.0000 C   0  0  0  0  0  0  0  0  0  0  0  0\n   15.3810  -13.7034    0.0000 C   0  0  0  0  0  0  0  0  0  0  0  0\n   16.0965  -13.2927    0.0000 C   0  0  0  0  0  0  0  0  0  0  0  0\n   16.8122  -13.7034    0.0000 C   0  0  0  0  0  0  0  0  0  0  0  0\n   17.5277  -13.2927    0.0000 C   0  0  0  0  0  0  0  0  0  0  0  0\n   11.8174  -10.8198    0.0000 C   0  0  0  0  0  0  0  0  0  0  0  0\n   11.7276  -10.0010    0.0000 C   0  0  0  0  0  0  0  0  0  0  0  0\n   10.9199   -9.8301    0.0000 C   0  0  0  0  0  0  0  0  0  0  0  0\n   10.5050  -10.5456    0.0000 C   0  0  0  0  0  0  0  0  0  0  0  0\n   11.0588  -11.1561    0.0000 O   0  0  0  0  0  0  0  0  0  0  0  0\n   14.6641   -9.9909    0.0000 O   0  0  0  0  0  0  0  0  0  0  0  0\n  1  2  1  0\n  1  3  1  0\n  2  4  1  0\n  3  5  1  0\n  4  6  1  0\n  5  6  1  0\n  7  8  1  0\n  3  7  1  0\n  2  9  1  0\n  6 10  1  0\n 10  8  1  0\n  8  9  1  0\n 16 14  1  0\n 15 11  1  0\n 11 12  1  0\n 12 13  2  0\n 13 14  1  0\n 15 16  2  0\n 16 17  1  0\n 17 18  2  0\n 18 19  1  0\n 19 20  2  0\n 20 15  1  0\n 13 21  1  0\n 21 22  2  0\n 22 23  1  0\n 23 24  1  0\n 24 25  2  0\n 25 21  1  0\n 23  8  1  0\n 11 26  1  0\n 26 27  1  0\n 27 28  1  0\n 28 29  1  0\n 29 30  1  0\n 18 31  1  0\n 31 32  2  0\n 32 33  1  0\n 33 34  2  0\n 34 35  1  0\n 35 31  1  0\n 14 36  2  0\nM  END\n> <chembl_id>\nCHEMBL4061179\n\n> <chembl_pref_name>\nNone"", ""standard_inchi"": ""InChI=1S/C30H34N4O2/c1-2-3-4-9-33-18-25(29(35)24-14-23(7-8-27(24)33)28-6-5-10-36-28)26-19-34(32-31-26)30-15-20-11-21(16-30)13-22(12-20)17-30/h5-8,10,14,18-22H,2-4,9,11-13,15-17H2,1H3"", ""standard_inchi_key"": ""WLLZYBWCVOVHFO-UHFFFAOYSA-N""}","[]","[]","[]","0adfbfb6-3304-4e79-a3cb-cfaf3fa39d83","incremental","None","2025-12-22T18:37:09.739862+00:00"
"chembl:CHEMBL40625","77c858d7d3bad6c4a46051256f10f71e4b200f956a847fc08be7ef3dad60fee8","CHEMBL40625",,"Small molecule","MOL",,,false,false,false,0,0,-1,-1,false,false,-1,0,"{""active_chembl_id"": ""CHEMBL40625"", ""molecule_chembl_id"": ""CHEMBL40625"", ""parent_chembl_id"": ""CHEMBL40625""}","{""alogp"": ""3.92"", ""aromatic_rings"": 2, ""full_molformula"": ""C14H13BrFN3S"", ""full_mwt"": ""354.25"", ""hba"": 2, ""hbd"": 2, ""heavy_atoms"": 20, ""mw_freebase"": ""354.25"", ""np_likeness_score"": ""-1.69"", ""num_ro5_violations"": 0, ""psa"": ""37.28"", ""qed_weighted"": ""0.50"", ""ro3_pass"": ""N"", ""rtb"": 4}","{""canonical_smiles"": ""Fc1cccc(CC/N=C(\\S)Nc2ccc(Br)cn2)c1"", ""molfile"": ""\n     RDKit          2D\n\n 20 21  0  0  0  0  0  0  0  0999 V2000\n    0.6625   -5.8875    0.0000 N   0  0  0  0  0  0  0  0  0  0  0  0\n    1.4292   -5.4417    0.0000 C   0  0  0  0  0  0  0  0  0  0  0  0\n    0.6667   -6.7667    0.0000 C   0  0  0  0  0  0  0  0  0  0  0  0\n    1.4292   -7.2125    0.0000 N   0  0  0  0  0  0  0  0  0  0  0  0\n    1.4250   -4.5625    0.0000 S   0  0  0  0  0  0  0  0  0  0  0  0\n    2.1917   -5.8792    0.0000 N   0  0  0  0  0  0  0  0  0  0  0  0\n    1.4292   -8.1000    0.0000 C   0  0  0  0  0  0  0  0  0  0  0  0\n    0.6667   -8.5417    0.0000 C   0  0  0  0  0  0  0  0  0  0  0  0\n   -0.0958   -7.2125    0.0000 C   0  0  0  0  0  0  0  0  0  0  0  0\n    4.4792   -4.5542    0.0000 C   0  0  0  0  0  0  0  0  0  0  0  0\n    5.2417   -4.1125    0.0000 C   0  0  0  0  0  0  0  0  0  0  0  0\n    0.6667   -9.4250    0.0000 Br  0  0  0  0  0  0  0  0  0  0  0  0\n    5.2375   -3.2292    0.0000 F   0  0  0  0  0  0  0  0  0  0  0  0\n   -0.0958   -8.1000    0.0000 C   0  0  0  0  0  0  0  0  0  0  0  0\n    4.4875   -5.4375    0.0000 C   0  0  0  0  0  0  0  0  0  0  0  0\n    2.9542   -5.4417    0.0000 C   0  0  0  0  0  0  0  0  0  0  0  0\n    6.0125   -5.4375    0.0000 C   0  0  0  0  0  0  0  0  0  0  0  0\n    3.7250   -5.8792    0.0000 C   0  0  0  0  0  0  0  0  0  0  0  0\n    6.0125   -4.5542    0.0000 C   0  0  0  0  0  0  0  0  0  0  0  0\n    5.2500   -5.8792    0.0000 C   0  0  0  0  0  0  0  0  0  0  0  0\n  2  1  1  0\n  3  1  1  0\n  4  3  2  0\n  5  2  1  0\n  6  2  2  0\n  7  4  1  0\n  8 14  1  0\n  9  3  1  0\n 10 15  1  0\n 11 10  2  0\n 12  8  1  0\n 13 11  1  0\n 14  9  2  0\n 15 18  1  0\n 16  6  1  0\n 17 20  1  0\n 18 16  1  0\n 19 17  2  0\n 20 15  2  0\n  7  8  2  0\n 19 11  1  0\nM  END\n> <chembl_id>\nCHEMBL40625\n\n> <chembl_pref_name>\nNone"", ""standard_inchi"": ""InChI=1S/C14H13BrFN3S/c15-11-4-5-13(18-9-11)19-14(20)17-7-6-10-2-1-3-12(16)8-10/h1-5,8-9H,6-7H2,(H2,17,18,19,20)"", ""standard_inchi_key"": ""OEBGVSGGLQGGNH-UHFFFAOYSA-N""}","[]","[]","[]","0adfbfb6-3304-4e79-a3cb-cfaf3fa39d83","incremental","None","2025-12-22T18:37:09.731166+00:00"
"chembl:CHEMBL4062546","da3a3741485c4278ec647ebe07624433b51c7b0e478f31fa3dcec52ec6269e6b","CHEMBL4062546",,"Small molecule","MOL",,,false,false,false,0,0,-1,-1,false,false,-1,0,"{""active_chembl_id"": ""CHEMBL4062546"", ""molecule_chembl_id"": ""CHEMBL4062546"", ""parent_chembl_id"": ""CHEMBL4062546""}","{""alogp"": ""3.23"", ""aromatic_rings"": 1, ""full_molformula"": ""C18H23ClN2O5S"", ""full_mwt"": ""414.91"", ""hba"": 5, ""hbd"": 3, ""heavy_atoms"": 27, ""mw_freebase"": ""414.91"", ""np_likeness_score"": ""-0.50"", ""num_ro5_violations"": 0, ""psa"": ""104.73"", ""qed_weighted"": ""0.52"", ""ro3_pass"": ""N"", ""rtb"": 4}","{""canonical_smiles"": ""CC1=CCC[C@H]1NC(=O)Nc1ccc(Cl)c(S(=O)(=O)C2(C)CCOC2)c1O"", ""molfile"": ""\n     RDKit          2D\n\n 27 29  0  0  0  0  0  0  0  0999 V2000\n   18.2960  -26.0222    0.0000 O   0  0  0  0  0  0  0  0  0  0  0  0\n   17.8874  -26.7362    0.0000 S   0  0  0  0  0  0  0  0  0  0  0  0\n   18.7085  -26.7315    0.0000 O   0  0  0  0  0  0  0  0  0  0  0  0\n   17.1844  -27.9743    0.0000 C   0  0  0  0  0  0  0  0  0  0  0  0\n   17.1832  -28.7980    0.0000 C   0  0  0  0  0  0  0  0  0  0  0  0\n   17.8954  -29.2069    0.0000 C   0  0  0  0  0  0  0  0  0  0  0  0\n   18.6092  -28.7975    0.0000 C   0  0  0  0  0  0  0  0  0  0  0  0\n   18.6063  -27.9707    0.0000 C   0  0  0  0  0  0  0  0  0  0  0  0\n   17.8936  -27.5613    0.0000 C   0  0  0  0  0  0  0  0  0  0  0  0\n   19.3217  -29.2050    0.0000 N   0  0  0  0  0  0  0  0  0  0  0  0\n   20.0329  -28.7953    0.0000 C   0  0  0  0  0  0  0  0  0  0  0  0\n   20.7453  -29.2028    0.0000 N   0  0  0  0  0  0  0  0  0  0  0  0\n   20.0316  -27.9740    0.0000 O   0  0  0  0  0  0  0  0  0  0  0  0\n   17.1781  -26.3335    0.0000 C   0  0  0  0  0  0  0  0  0  0  0  0\n   19.3166  -27.5553    0.0000 O   0  0  0  0  0  0  0  0  0  0  0  0\n   21.4565  -28.7931    0.0000 C   0  0  0  0  0  0  0  0  0  0  0  0\n   22.2051  -29.1213    0.0000 C   0  0  0  0  0  0  0  0  0  0  0  0\n   22.7510  -28.5090    0.0000 C   0  0  0  0  0  0  0  0  0  0  0  0\n   22.3413  -27.7978    0.0000 C   0  0  0  0  0  0  0  0  0  0  0  0\n   21.5381  -27.9732    0.0000 C   0  0  0  0  0  0  0  0  0  0  0  0\n   20.9249  -27.4243    0.0000 C   0  0  0  0  0  0  0  0  0  0  0  0\n   16.4766  -27.5618    0.0000 Cl  0  0  0  0  0  0  0  0  0  0  0  0\n   17.0875  -25.5231    0.0000 C   0  0  0  0  0  0  0  0  0  0  0  0\n   16.2883  -25.3540    0.0000 O   0  0  0  0  0  0  0  0  0  0  0  0\n   15.8856  -26.0633    0.0000 C   0  0  0  0  0  0  0  0  0  0  0  0\n   16.4319  -26.6682    0.0000 C   0  0  0  0  0  0  0  0  0  0  0  0\n   17.7595  -25.7457    0.0000 C   0  0  0  0  0  0  0  0  0  0  0  0\n  2  1  2  0\n  3  2  2  0\n  4  5  2  0\n  5  6  1  0\n  6  7  2  0\n  7  8  1  0\n  8  9  2  0\n  9  4  1  0\n  7 10  1  0\n 10 11  1  0\n 11 12  1  0\n 11 13  2  0\n  9  2  1  0\n  2 14  1  0\n  8 15  1  0\n 16 12  1  1\n 16 17  1  0\n 17 18  1  0\n 18 19  1  0\n 19 20  2  0\n 20 16  1  0\n 20 21  1  0\n  4 22  1  0\n 14 23  1  0\n 23 24  1  0\n 24 25  1  0\n 25 26  1  0\n 26 14  1  0\n 14 27  1  0\nM  END\n> <chembl_id>\nCHEMBL4062546\n\n> <chembl_pref_name>\nNone"", ""standard_inchi"": ""InChI=1S/C18H23ClN2O5S/c1-11-4-3-5-13(11)20-17(23)21-14-7-6-12(19)16(15(14)22)27(24,25)18(2)8-9-26-10-18/h4,6-7,13,22H,3,5,8-10H2,1-2H3,(H2,20,21,23)/t13-,18?/m1/s1"", ""standard_inchi_key"": ""DNXKACKCTLURQN-YJJYDOSJSA-N""}","[]","[]","[]","0adfbfb6-3304-4e79-a3cb-cfaf3fa39d83","incremental","None","2025-12-22T18:37:09.739953+00:00"
"chembl:CHEMBL4068702","772bbba333b8abbf32a6b17ae2e011cec3c109e366a3e3ca6b195af12b9cf234","CHEMBL4068702",,"Small molecule","MOL",,,false,false,false,0,0,-1,-1,false,false,-1,0,"{""active_chembl_id"": ""CHEMBL4068702"", ""molecule_chembl_id"": ""CHEMBL4068702"", ""parent_chembl_id"": ""CHEMBL4068702""}","{""alogp"": ""4.37"", ""aromatic_rings"": 4, ""full_molformula"": ""C35H47N7O5"", ""full_mwt"": ""645.80"", ""hba"": 10, ""hbd"": 3, ""heavy_atoms"": 47, ""mw_freebase"": ""645.80"", ""np_likeness_score"": ""-1.12"", ""num_ro5_violations"": 1, ""psa"": ""137.84"", ""qed_weighted"": ""0.15"", ""ro3_pass"": ""N"", ""rtb"": 16}","{""canonical_smiles"": ""CCCCn1cc(CCCOc2ccc(C(=O)NCCCCN3CCCN(c4ccc(O)c5[nH]c(=O)ccc45)CC3)cc2OC)nn1"", ""molfile"": ""\n     RDKit          2D\n\n 47 51  0  0  0  0  0  0  0  0999 V2000\n    8.3456  -15.2649    0.0000 C   0  0  0  0  0  0  0  0  0  0  0  0\n    7.6348  -14.8624    0.0000 C   0  0  0  0  0  0  0  0  0  0  0  0\n    6.9317  -15.2770    0.0000 C   0  0  0  0  0  0  0  0  0  0  0  0\n    6.2167  -14.8787    0.0000 N   0  0  0  0  0  0  0  0  0  0  0  0\n    6.2635  -14.0353    0.0000 C   0  0  0  0  0  0  0  0  0  0  0  0\n    5.6562  -13.5141    0.0000 C   0  0  0  0  0  0  0  0  0  0  0  0\n    5.5422  -15.3479    0.0000 C   0  0  0  0  0  0  0  0  0  0  0  0\n    4.7640  -15.1006    0.0000 C   0  0  0  0  0  0  0  0  0  0  0  0\n    4.4599  -14.3046    0.0000 N   0  0  0  0  0  0  0  0  0  0  0  0\n    4.8594  -13.6298    0.0000 C   0  0  0  0  0  0  0  0  0  0  0  0\n    3.6453  -14.3192    0.0000 C   0  0  0  0  0  0  0  0  0  0  0  0\n    2.0117  -14.3480    0.0000 C   0  0  0  0  0  0  0  0  0  0  0  0\n    2.4378  -15.0503    0.0000 C   0  0  0  0  0  0  0  0  0  0  0  0\n    3.2527  -15.0321    0.0000 C   0  0  0  0  0  0  0  0  0  0  0  0\n    2.4079  -13.6323    0.0000 C   0  0  0  0  0  0  0  0  0  0  0  0\n    3.2219  -13.6215    0.0000 C   0  0  0  0  0  0  0  0  0  0  0  0\n    3.6172  -12.9151    0.0000 C   0  0  0  0  0  0  0  0  0  0  0  0\n    3.2031  -12.2150    0.0000 C   0  0  0  0  0  0  0  0  0  0  0  0\n    2.3892  -12.2259    0.0000 C   0  0  0  0  0  0  0  0  0  0  0  0\n    1.9894  -12.9368    0.0000 N   0  0  0  0  0  0  0  0  0  0  0  0\n    1.9719  -11.5233    0.0000 O   0  0  0  0  0  0  0  0  0  0  0  0\n    1.1947  -14.3643    0.0000 O   0  0  0  0  0  0  0  0  0  0  0  0\n    9.0499  -14.8504    0.0000 C   0  0  0  0  0  0  0  0  0  0  0  0\n    9.7610  -15.2531    0.0000 N   0  0  0  0  0  0  0  0  0  0  0  0\n   10.4653  -14.8386    0.0000 C   0  0  0  0  0  0  0  0  0  0  0  0\n   11.1763  -15.2413    0.0000 C   0  0  0  0  0  0  0  0  0  0  0  0\n   10.4584  -14.0215    0.0000 O   0  0  0  0  0  0  0  0  0  0  0  0\n   11.1806  -16.0560    0.0000 C   0  0  0  0  0  0  0  0  0  0  0  0\n   11.8908  -16.4586    0.0000 C   0  0  0  0  0  0  0  0  0  0  0  0\n   12.5961  -16.0440    0.0000 C   0  0  0  0  0  0  0  0  0  0  0  0\n   12.5866  -15.2227    0.0000 C   0  0  0  0  0  0  0  0  0  0  0  0\n   11.8758  -14.8238    0.0000 C   0  0  0  0  0  0  0  0  0  0  0  0\n   13.2880  -14.8100    0.0000 O   0  0  0  0  0  0  0  0  0  0  0  0\n   13.2783  -13.9928    0.0000 C   0  0  0  0  0  0  0  0  0  0  0  0\n   13.3077  -16.4458    0.0000 O   0  0  0  0  0  0  0  0  0  0  0  0\n   14.0114  -16.0304    0.0000 C   0  0  0  0  0  0  0  0  0  0  0  0\n   14.7231  -16.4321    0.0000 C   0  0  0  0  0  0  0  0  0  0  0  0\n   15.4268  -16.0167    0.0000 C   0  0  0  0  0  0  0  0  0  0  0  0\n   16.1384  -16.4184    0.0000 C   0  0  0  0  0  0  0  0  0  0  0  0\n   16.2319  -17.2291    0.0000 C   0  0  0  0  0  0  0  0  0  0  0  0\n   17.0328  -17.3913    0.0000 N   0  0  0  0  0  0  0  0  0  0  0  0\n   17.4346  -16.6796    0.0000 N   0  0  0  0  0  0  0  0  0  0  0  0\n   16.8819  -16.0777    0.0000 N   0  0  0  0  0  0  0  0  0  0  0  0\n   17.3724  -18.1346    0.0000 C   0  0  0  0  0  0  0  0  0  0  0  0\n   18.1859  -18.2121    0.0000 C   0  0  0  0  0  0  0  0  0  0  0  0\n   18.5255  -18.9554    0.0000 C   0  0  0  0  0  0  0  0  0  0  0  0\n   19.3390  -19.0330    0.0000 C   0  0  0  0  0  0  0  0  0  0  0  0\n  1  2  1  0\n  2  3  1  0\n  3  4  1  0\n  4  5  1  0\n  5  6  1  0\n  4  7  1  0\n  8  9  1  0\n  9 10  1  0\n 10  6  1  0\n  7  8  1  0\n 11 16  2  0\n 15 12  2  0\n 12 13  1  0\n 13 14  2  0\n 14 11  1  0\n  9 11  1  0\n 15 16  1  0\n 15 20  1  0\n 16 17  1  0\n 17 18  2  0\n 18 19  1  0\n 19 20  1  0\n 19 21  2  0\n 12 22  1  0\n  1 23  1  0\n 23 24  1  0\n 24 25  1  0\n 25 26  1  0\n 25 27  2  0\n 26 28  2  0\n 28 29  1  0\n 29 30  2  0\n 30 31  1  0\n 31 32  2  0\n 32 26  1  0\n 33 34  1  0\n 31 33  1  0\n 30 35  1  0\n 35 36  1  0\n 36 37  1  0\n 37 38  1  0\n 38 39  1  0\n 39 40  2  0\n 40 41  1  0\n 41 42  1  0\n 42 43  2  0\n 43 39  1  0\n 41 44  1  0\n 44 45  1  0\n 45 46  1  0\n 46 47  1  0\nM  END\n> <chembl_id>\nCHEMBL4068702\n\n> <chembl_pref_name>\nNone"", ""standard_inchi"": ""InChI=1S/C35H47N7O5/c1-3-4-20-42-25-27(38-39-42)9-7-23-47-31-14-10-26(24-32(31)46-2)35(45)36-16-5-6-17-40-18-8-19-41(22-21-40)29-12-13-30(43)34-28(29)11-15-33(44)37-34/h10-15,24-25,43H,3-9,16-23H2,1-2H3,(H,36,45)(H,37,44)"", ""standard_inchi_key"": ""QUFMZNYDEPSZLF-UHFFFAOYSA-N""}","[]","[]","[]","0adfbfb6-3304-4e79-a3cb-cfaf3fa39d83","incremental","None","2025-12-22T18:37:09.740075+00:00"
"chembl:CHEMBL4083977","3a7092e0e98c419adf95ea720b68f1e3f3acd5c2b3fb01a4eea2f3453b1d5f6f","CHEMBL4083977",,"Small molecule","MOL",,,false,false,false,0,0,-1,-1,false,false,-1,0,"{""active_chembl_id"": ""CHEMBL4083977"", ""molecule_chembl_id"": ""CHEMBL4083977"", ""parent_chembl_id"": ""CHEMBL4083977""}","{""alogp"": ""2.72"", ""aromatic_rings"": 2, ""full_molformula"": ""C28H39FN4O2"", ""full_mwt"": ""482.64"", ""hba"": 5, ""hbd"": 1, ""heavy_atoms"": 35, ""mw_freebase"": ""482.64"", ""np_likeness_score"": ""-1.14"", ""num_ro5_violations"": 0, ""psa"": ""50.26"", ""qed_weighted"": ""0.66"", ""ro3_pass"": ""N"", ""rtb"": 7}","{""canonical_smiles"": ""Cc1cc([C@H]2CN(Cc3c(C)cccc3F)C[C@@H]2N(C)C)ccc1C(=O)N1CCN(CCO)CC1"", ""molfile"": ""\n     RDKit          2D\n\n 35 38  0  0  0  0  0  0  0  0999 V2000\n   13.0035  -13.5249    0.0000 C   0  0  0  0  0  0  0  0  0  0  0  0\n   13.0023  -14.3444    0.0000 C   0  0  0  0  0  0  0  0  0  0  0  0\n   13.7104  -14.7534    0.0000 C   0  0  0  0  0  0  0  0  0  0  0  0\n   14.4200  -14.3440    0.0000 C   0  0  0  0  0  0  0  0  0  0  0  0\n   14.4172  -13.5213    0.0000 C   0  0  0  0  0  0  0  0  0  0  0  0\n   13.7086  -13.1160    0.0000 C   0  0  0  0  0  0  0  0  0  0  0  0\n   12.2957  -13.1165    0.0000 C   0  0  0  0  0  0  0  0  0  0  0  0\n   12.2955  -12.2993    0.0000 N   0  0  0  0  0  0  0  0  0  0  0  0\n   11.5881  -13.5252    0.0000 O   0  0  0  0  0  0  0  0  0  0  0  0\n   13.7062  -12.2988    0.0000 C   0  0  0  0  0  0  0  0  0  0  0  0\n   15.1289  -14.7490    0.0000 C   0  0  0  0  0  0  0  0  0  0  0  0\n   15.2156  -15.5616    0.0000 C   0  0  0  0  0  0  0  0  0  0  0  0\n   16.0152  -15.7302    0.0000 N   0  0  0  0  0  0  0  0  0  0  0  0\n   16.4227  -15.0218    0.0000 C   0  0  0  0  0  0  0  0  0  0  0  0\n   15.8749  -14.4155    0.0000 C   0  0  0  0  0  0  0  0  0  0  0  0\n   16.0435  -13.6159    0.0000 N   0  0  0  0  0  0  0  0  0  0  0  0\n   16.8203  -13.3621    0.0000 C   0  0  0  0  0  0  0  0  0  0  0  0\n   15.4353  -13.0701    0.0000 C   0  0  0  0  0  0  0  0  0  0  0  0\n   16.3488  -16.4763    0.0000 C   0  0  0  0  0  0  0  0  0  0  0  0\n   15.8695  -17.1381    0.0000 C   0  0  0  0  0  0  0  0  0  0  0  0\n   15.0578  -17.0510    0.0000 C   0  0  0  0  0  0  0  0  0  0  0  0\n   14.5786  -17.7121    0.0000 C   0  0  0  0  0  0  0  0  0  0  0  0\n   14.9121  -18.4591    0.0000 C   0  0  0  0  0  0  0  0  0  0  0  0\n   15.7295  -18.5411    0.0000 C   0  0  0  0  0  0  0  0  0  0  0  0\n   16.2050  -17.8791    0.0000 C   0  0  0  0  0  0  0  0  0  0  0  0\n   14.7258  -16.3043    0.0000 F   0  0  0  0  0  0  0  0  0  0  0  0\n   17.0182  -17.9597    0.0000 C   0  0  0  0  0  0  0  0  0  0  0  0\n   13.0028  -11.8883    0.0000 C   0  0  0  0  0  0  0  0  0  0  0  0\n   13.0045  -11.0747    0.0000 C   0  0  0  0  0  0  0  0  0  0  0  0\n   12.2985  -10.6624    0.0000 N   0  0  0  0  0  0  0  0  0  0  0  0\n   11.5891  -11.0700    0.0000 C   0  0  0  0  0  0  0  0  0  0  0  0\n   11.5857  -11.8898    0.0000 C   0  0  0  0  0  0  0  0  0  0  0  0\n   12.3014   -9.8453    0.0000 C   0  0  0  0  0  0  0  0  0  0  0  0\n   11.5952   -9.4342    0.0000 C   0  0  0  0  0  0  0  0  0  0  0  0\n   11.5981   -8.6170    0.0000 O   0  0  0  0  0  0  0  0  0  0  0  0\n  1  2  2  0\n  2  3  1  0\n  3  4  2  0\n  4  5  1  0\n  5  6  2  0\n  6  1  1  0\n  1  7  1  0\n  7  8  1  0\n  7  9  2  0\n  6 10  1  0\n 11 12  1  0\n 12 13  1  0\n 13 14  1  0\n 14 15  1  0\n 15 11  1  0\n 11  4  1  6\n 15 16  1  1\n 16 17  1  0\n 16 18  1  0\n 13 19  1  0\n 19 20  1  0\n 20 21  2  0\n 21 22  1  0\n 22 23  2  0\n 23 24  1  0\n 24 25  2  0\n 25 20  1  0\n 21 26  1  0\n 25 27  1  0\n  8 28  1  0\n  8 32  1  0\n 28 29  1  0\n 29 30  1  0\n 30 31  1  0\n 31 32  1  0\n 30 33  1  0\n 33 34  1  0\n 34 35  1  0\nM  END\n> <chembl_id>\nCHEMBL4083977\n\n> <chembl_pref_name>\nNone"", ""standard_inchi"": ""InChI=1S/C28H39FN4O2/c1-20-6-5-7-26(29)24(20)17-32-18-25(27(19-32)30(3)4)22-8-9-23(21(2)16-22)28(35)33-12-10-31(11-13-33)14-15-34/h5-9,16,25,27,34H,10-15,17-19H2,1-4H3/t25-,27+/m1/s1"", ""standard_inchi_key"": ""TXWNEKUONHHMIK-VPUSJEBWSA-N""}","[]","[]","[]","0adfbfb6-3304-4e79-a3cb-cfaf3fa39d83","incremental","None","2025-12-22T18:37:09.740224+00:00"
"chembl:CHEMBL4084576","4a8db9f5f0a3b03a36f1e57ecb1143c60f64bc3d48cc5f9aa8cccc85d32e9cc6","CHEMBL4084576",,"Small molecule","MOL",,,false,false,false,0,0,-1,-1,false,false,-1,0,"{""active_chembl_id"": ""CHEMBL4084576"", ""molecule_chembl_id"": ""CHEMBL4084576"", ""parent_chembl_id"": ""CHEMBL4084576""}","{""alogp"": ""2.64"", ""aromatic_rings"": 3, ""full_molformula"": ""C18H20N6O"", ""full_mwt"": ""336.40"", ""hba"": 7, ""hbd"": 1, ""heavy_atoms"": 25, ""mw_freebase"": ""336.40"", ""np_likeness_score"": ""-0.60"", ""num_ro5_violations"": 0, ""psa"": ""93.96"", ""qed_weighted"": ""0.78"", ""ro3_pass"": ""N"", ""rtb"": 4}","{""canonical_smiles"": ""CN(C)c1nc(C2(c3ccc(-c4cnc(N)nc4)cc3)CCC2)no1"", ""molfile"": ""\n     RDKit          2D\n\n 25 28  0  0  0  0  0  0  0  0999 V2000\n   33.3150  -10.8400    0.0000 C   0  0  0  0  0  0  0  0  0  0  0  0\n   33.8928  -10.2580    0.0000 C   0  0  0  0  0  0  0  0  0  0  0  0\n   33.3108   -9.6802    0.0000 C   0  0  0  0  0  0  0  0  0  0  0  0\n   32.7330  -10.2622    0.0000 C   0  0  0  0  0  0  0  0  0  0  0  0\n   29.0832  -12.4890    0.0000 N   0  0  0  0  0  0  0  0  0  0  0  0\n   29.0820  -13.3085    0.0000 C   0  0  0  0  0  0  0  0  0  0  0  0\n   29.7901  -13.7175    0.0000 N   0  0  0  0  0  0  0  0  0  0  0  0\n   30.4997  -13.3080    0.0000 C   0  0  0  0  0  0  0  0  0  0  0  0\n   30.4969  -12.4854    0.0000 C   0  0  0  0  0  0  0  0  0  0  0  0\n   29.7883  -12.0801    0.0000 C   0  0  0  0  0  0  0  0  0  0  0  0\n   31.2000  -12.0754    0.0000 C   0  0  0  0  0  0  0  0  0  0  0  0\n   31.9096  -12.4830    0.0000 C   0  0  0  0  0  0  0  0  0  0  0  0\n   32.6152  -12.0724    0.0000 C   0  0  0  0  0  0  0  0  0  0  0  0\n   32.6126  -11.2544    0.0000 C   0  0  0  0  0  0  0  0  0  0  0  0\n   31.8984  -10.8486    0.0000 C   0  0  0  0  0  0  0  0  0  0  0  0\n   31.1956  -11.2616    0.0000 C   0  0  0  0  0  0  0  0  0  0  0  0\n   28.3740  -13.7165    0.0000 N   0  0  0  0  0  0  0  0  0  0  0  0\n   34.0280  -11.2472    0.0000 C   0  0  0  0  0  0  0  0  0  0  0  0\n   34.1132  -12.0564    0.0000 N   0  0  0  0  0  0  0  0  0  0  0  0\n   34.9134  -12.2222    0.0000 C   0  0  0  0  0  0  0  0  0  0  0  0\n   35.3184  -11.5124    0.0000 O   0  0  0  0  0  0  0  0  0  0  0  0\n   34.7684  -10.9080    0.0000 N   0  0  0  0  0  0  0  0  0  0  0  0\n   35.2496  -12.9671    0.0000 N   0  0  0  0  0  0  0  0  0  0  0  0\n   34.7726  -13.6306    0.0000 C   0  0  0  0  0  0  0  0  0  0  0  0\n   36.0627  -13.0483    0.0000 C   0  0  0  0  0  0  0  0  0  0  0  0\n  1  2  1  0\n  2  3  1  0\n  3  4  1  0\n  4  1  1  0\n  5  6  2  0\n  6  7  1  0\n  7  8  2  0\n  8  9  1  0\n  9 10  2  0\n 10  5  1  0\n 11 12  2  0\n 12 13  1  0\n 13 14  2  0\n 14 15  1  0\n 15 16  2  0\n 16 11  1  0\n  9 11  1  0\n  6 17  1  0\n 14  1  1  0\n  1 18  1  0\n 18 19  1  0\n 19 20  2  0\n 20 21  1  0\n 21 22  1  0\n 22 18  2  0\n 20 23  1  0\n 23 24  1  0\n 23 25  1  0\nM  END\n> <chembl_id>\nCHEMBL4084576\n\n> <chembl_pref_name>\nNone"", ""standard_inchi"": ""InChI=1S/C18H20N6O/c1-24(2)17-22-15(23-25-17)18(8-3-9-18)14-6-4-12(5-7-14)13-10-20-16(19)21-11-13/h4-7,10-11H,3,8-9H2,1-2H3,(H2,19,20,21)"", ""standard_inchi_key"": ""GVHNMEWMBOSYFW-UHFFFAOYSA-N""}","[]","[]","[]","0adfbfb6-3304-4e79-a3cb-cfaf3fa39d83","incremental","None","2025-12-22T18:37:09.740338+00:00"
"chembl:CHEMBL4085694","ce42e4c84e4cb4345fe8a4f3afbf306965099822dd38e2e3159623ec59e26e4e","CHEMBL4085694",,"Small molecule","MOL",,,false,false,false,0,0,-1,-1,false,false,-1,0,"{""active_chembl_id"": ""CHEMBL4085694"", ""molecule_chembl_id"": ""CHEMBL4085694"", ""parent_chembl_id"": ""CHEMBL4085694""}","{""alogp"": ""2.69"", ""aromatic_rings"": 2, ""full_molformula"": ""C22H23N3O3"", ""full_mwt"": ""377.44"", ""hba"": 3, ""hbd"": 2, ""heavy_atoms"": 28, ""mw_freebase"": ""377.44"", ""np_likeness_score"": ""-1.16"", ""num_ro5_violations"": 0, ""psa"": ""92.50"", ""qed_weighted"": ""0.78"", ""ro3_pass"": ""N"", ""rtb"": 5}","{""canonical_smiles"": ""NC(=O)c1cccc(NC(=O)/C=C\\C(=O)N2CCCC(c3ccccc3)C2)c1"", ""molfile"": ""\n     RDKit          2D\n\n 28 30  0  0  0  0  0  0  0  0999 V2000\n   26.7059   -2.7074    0.0000 C   0  0  0  0  0  0  0  0  0  0  0  0\n   26.7047   -3.5311    0.0000 C   0  0  0  0  0  0  0  0  0  0  0  0\n   27.4169   -3.9401    0.0000 C   0  0  0  0  0  0  0  0  0  0  0  0\n   28.1307   -3.5306    0.0000 C   0  0  0  0  0  0  0  0  0  0  0  0\n   28.1279   -2.7038    0.0000 C   0  0  0  0  0  0  0  0  0  0  0  0\n   27.4151   -2.2944    0.0000 C   0  0  0  0  0  0  0  0  0  0  0  0\n   28.8382   -2.2884    0.0000 C   0  0  0  0  0  0  0  0  0  0  0  0\n   29.5474   -2.6985    0.0000 N   0  0  0  0  0  0  0  0  0  0  0  0\n   28.8351   -1.4671    0.0000 O   0  0  0  0  0  0  0  0  0  0  0  0\n   27.4167   -4.7614    0.0000 N   0  0  0  0  0  0  0  0  0  0  0  0\n   26.7048   -5.1739    0.0000 C   0  0  0  0  0  0  0  0  0  0  0  0\n   26.7046   -5.9952    0.0000 C   0  0  0  0  0  0  0  0  0  0  0  0\n   27.4163   -6.4040    0.0000 C   0  0  0  0  0  0  0  0  0  0  0  0\n   28.1282   -5.9956    0.0000 C   0  0  0  0  0  0  0  0  0  0  0  0\n   28.8400   -6.4044    0.0000 N   0  0  0  0  0  0  0  0  0  0  0  0\n   28.1284   -5.1743    0.0000 O   0  0  0  0  0  0  0  0  0  0  0  0\n   25.9930   -4.7610    0.0000 O   0  0  0  0  0  0  0  0  0  0  0  0\n   28.8345   -7.2233    0.0000 C   0  0  0  0  0  0  0  0  0  0  0  0\n   29.5380   -7.6361    0.0000 C   0  0  0  0  0  0  0  0  0  0  0  0\n   30.2524   -7.2270    0.0000 C   0  0  0  0  0  0  0  0  0  0  0  0\n   30.2545   -6.4048    0.0000 C   0  0  0  0  0  0  0  0  0  0  0  0\n   29.5424   -5.9916    0.0000 C   0  0  0  0  0  0  0  0  0  0  0  0\n   30.9648   -6.0001    0.0000 C   0  0  0  0  0  0  0  0  0  0  0  0\n   31.6755   -6.4130    0.0000 C   0  0  0  0  0  0  0  0  0  0  0  0\n   32.3883   -6.0077    0.0000 C   0  0  0  0  0  0  0  0  0  0  0  0\n   32.3917   -5.1855    0.0000 C   0  0  0  0  0  0  0  0  0  0  0  0\n   31.6764   -4.7703    0.0000 C   0  0  0  0  0  0  0  0  0  0  0  0\n   30.9665   -5.1821    0.0000 C   0  0  0  0  0  0  0  0  0  0  0  0\n  1  2  2  0\n  2  3  1  0\n  3  4  2  0\n  4  5  1  0\n  5  6  2  0\n  6  1  1  0\n  5  7  1  0\n  7  8  1  0\n  7  9  2  0\n  3 10  1  0\n 10 11  1  0\n 11 12  1  0\n 12 13  2  0\n 13 14  1  0\n 14 15  1  0\n 14 16  2  0\n 11 17  2  0\n 15 18  1  0\n 15 22  1  0\n 18 19  1  0\n 19 20  1  0\n 20 21  1  0\n 21 22  1  0\n 23 24  2  0\n 24 25  1  0\n 25 26  2  0\n 26 27  1  0\n 27 28  2  0\n 28 23  1  0\n 21 23  1  0\nM  END\n> <chembl_id>\nCHEMBL4085694\n\n> <chembl_pref_name>\nNone"", ""standard_inchi"": ""InChI=1S/C22H23N3O3/c23-22(28)17-8-4-10-19(14-17)24-20(26)11-12-21(27)25-13-5-9-18(15-25)16-6-2-1-3-7-16/h1-4,6-8,10-12,14,18H,5,9,13,15H2,(H2,23,28)(H,24,26)/b12-11-"", ""standard_inchi_key"": ""DUVLGZHVLHPLOD-QXMHVHEDSA-N""}","[]","[]","[]","0adfbfb6-3304-4e79-a3cb-cfaf3fa39d83","incremental","None","2025-12-22T18:37:09.740429+00:00"
"chembl:CHEMBL4087723","de6ce1729a027d1d2e0e78b39650bab0a2cc20a1ca8030b3dd6709e2a6b8e095","CHEMBL4087723",,"Small molecule","MOL",,,false,false,false,0,0,-1,-1,false,false,-1,0,"{""active_chembl_id"": ""CHEMBL4087723"", ""molecule_chembl_id"": ""CHEMBL4087723"", ""parent_chembl_id"": ""CHEMBL4087723""}","{""alogp"": ""5.15"", ""aromatic_rings"": 3, ""full_molformula"": ""C17H10BrF3O3"", ""full_mwt"": ""399.16"", ""hba"": 3, ""hbd"": 0, ""heavy_atoms"": 24, ""mw_freebase"": ""399.16"", ""np_likeness_score"": ""-0.73"", ""num_ro5_violations"": 1, ""psa"": ""39.44"", ""qed_weighted"": ""0.57"", ""ro3_pass"": ""N"", ""rtb"": 3}","{""canonical_smiles"": ""O=c1cc(C(F)(F)F)c2ccc(OCc3ccc(Br)cc3)cc2o1"", ""molfile"": ""\n     RDKit          2D\n\n 24 26  0  0  0  0  0  0  0  0999 V2000\n   13.6859  -16.5997    0.0000 C   0  0  0  0  0  0  0  0  0  0  0  0\n   13.6859  -17.4169    0.0000 C   0  0  0  0  0  0  0  0  0  0  0  0\n   14.3912  -17.8214    0.0000 C   0  0  0  0  0  0  0  0  0  0  0  0\n   14.3912  -16.1870    0.0000 O   0  0  0  0  0  0  0  0  0  0  0  0\n   15.0964  -16.5997    0.0000 C   0  0  0  0  0  0  0  0  0  0  0  0\n   15.0948  -17.4151    0.0000 C   0  0  0  0  0  0  0  0  0  0  0  0\n   15.7991  -17.8224    0.0000 C   0  0  0  0  0  0  0  0  0  0  0  0\n   16.5054  -17.4154    0.0000 C   0  0  0  0  0  0  0  0  0  0  0  0\n   16.5030  -16.5969    0.0000 C   0  0  0  0  0  0  0  0  0  0  0  0\n   15.7982  -16.1933    0.0000 C   0  0  0  0  0  0  0  0  0  0  0  0\n   12.9770  -16.1932    0.0000 O   0  0  0  0  0  0  0  0  0  0  0  0\n   17.2094  -16.1861    0.0000 O   0  0  0  0  0  0  0  0  0  0  0  0\n   17.9184  -16.5924    0.0000 C   0  0  0  0  0  0  0  0  0  0  0  0\n   18.6248  -16.1815    0.0000 C   0  0  0  0  0  0  0  0  0  0  0  0\n   19.3316  -16.5882    0.0000 C   0  0  0  0  0  0  0  0  0  0  0  0\n   20.0376  -16.1780    0.0000 C   0  0  0  0  0  0  0  0  0  0  0  0\n   20.0354  -15.3600    0.0000 C   0  0  0  0  0  0  0  0  0  0  0  0\n   19.3214  -14.9538    0.0000 C   0  0  0  0  0  0  0  0  0  0  0  0\n   18.6184  -15.3663    0.0000 C   0  0  0  0  0  0  0  0  0  0  0  0\n   20.7412  -14.9482    0.0000 Br  0  0  0  0  0  0  0  0  0  0  0  0\n   14.3924  -18.6386    0.0000 C   0  0  0  0  0  0  0  0  0  0  0  0\n   13.6852  -19.0482    0.0000 F   0  0  0  0  0  0  0  0  0  0  0  0\n   15.1007  -19.0461    0.0000 F   0  0  0  0  0  0  0  0  0  0  0  0\n   14.3875  -19.4516    0.0000 F   0  0  0  0  0  0  0  0  0  0  0  0\n  1  2  1  0\n  1  4  1  0\n  2  3  2  0\n  3  6  1  0\n  5  4  1  0\n  5  6  2  0\n  6  7  1  0\n  7  8  2  0\n  8  9  1  0\n  9 10  2  0\n 10  5  1  0\n  1 11  2  0\n  9 12  1  0\n 12 13  1  0\n 13 14  1  0\n 14 15  2  0\n 15 16  1  0\n 16 17  2  0\n 17 18  1  0\n 18 19  2  0\n 19 14  1  0\n 17 20  1  0\n  3 21  1  0\n 21 22  1  0\n 21 23  1  0\n 21 24  1  0\nM  END\n> <chembl_id>\nCHEMBL4087723\n\n> <chembl_pref_name>\nNone"", ""standard_inchi"": ""InChI=1S/C17H10BrF3O3/c18-11-3-1-10(2-4-11)9-23-12-5-6-13-14(17(19,20)21)8-16(22)24-15(13)7-12/h1-8H,9H2"", ""standard_inchi_key"": ""OYQVJRKBTAURET-UHFFFAOYSA-N""}","[]","[]","[]","0adfbfb6-3304-4e79-a3cb-cfaf3fa39d83","incremental","None","2025-12-22T18:37:09.740516+00:00"
"chembl:CHEMBL4097235","32e32524a312d3847a1ae2ac6f59c2ed208ff88426375a7d1f08e72fec554944","CHEMBL4097235",,"Small molecule","MOL",,,false,false,false,0,0,-1,-1,false,false,-1,0,"{""active_chembl_id"": ""CHEMBL4097235"", ""molecule_chembl_id"": ""CHEMBL4097235"", ""parent_chembl_id"": ""CHEMBL4097235""}","{""alogp"": ""7.74"", ""aromatic_rings"": 5, ""full_molformula"": ""C35H35Cl2N5O4"", ""full_mwt"": ""660.60"", ""hba"": 7, ""hbd"": 1, ""heavy_atoms"": 46, ""mw_freebase"": ""660.60"", ""np_likeness_score"": ""-0.95"", ""num_ro5_violations"": 2, ""psa"": ""102.48"", ""qed_weighted"": ""0.17"", ""ro3_pass"": ""N"", ""rtb"": 8}","{""canonical_smiles"": ""Cc1cc(OCCCc2c3n(c4c(-c5c(C)nn(C)c5C)c(Cl)ccc24)CCCN(c2cc(C(=O)O)ccn2)C3=O)cc(C)c1Cl"", ""molfile"": ""\n     RDKit          2D\n\n 46 51  0  0  0  0  0  0  0  0999 V2000\n   19.2975  -25.2792    0.0000 C   0  0  0  0  0  0  0  0  0  0  0  0\n   19.2964  -26.0988    0.0000 C   0  0  0  0  0  0  0  0  0  0  0  0\n   20.0044  -26.5077    0.0000 C   0  0  0  0  0  0  0  0  0  0  0  0\n   20.0026  -24.8704    0.0000 C   0  0  0  0  0  0  0  0  0  0  0  0\n   20.7112  -25.2756    0.0000 C   0  0  0  0  0  0  0  0  0  0  0  0\n   20.7115  -26.0988    0.0000 C   0  0  0  0  0  0  0  0  0  0  0  0\n   21.4945  -26.3530    0.0000 C   0  0  0  0  0  0  0  0  0  0  0  0\n   21.7472  -27.1301    0.0000 C   0  0  0  0  0  0  0  0  0  0  0  0\n   22.5466  -27.2998    0.0000 C   0  0  0  0  0  0  0  0  0  0  0  0\n   22.7993  -28.0769    0.0000 C   0  0  0  0  0  0  0  0  0  0  0  0\n   23.5987  -28.2466    0.0000 O   0  0  0  0  0  0  0  0  0  0  0  0\n   23.8514  -29.0238    0.0000 C   0  0  0  0  0  0  0  0  0  0  0  0\n   23.3026  -29.6292    0.0000 C   0  0  0  0  0  0  0  0  0  0  0  0\n   23.5548  -30.4057    0.0000 C   0  0  0  0  0  0  0  0  0  0  0  0\n   24.3549  -30.5760    0.0000 C   0  0  0  0  0  0  0  0  0  0  0  0\n   24.9024  -29.9637    0.0000 C   0  0  0  0  0  0  0  0  0  0  0  0\n   24.6474  -29.1896    0.0000 C   0  0  0  0  0  0  0  0  0  0  0  0\n   24.6087  -31.3528    0.0000 Cl  0  0  0  0  0  0  0  0  0  0  0  0\n   25.7024  -30.1306    0.0000 C   0  0  0  0  0  0  0  0  0  0  0  0\n   23.0078  -31.0129    0.0000 C   0  0  0  0  0  0  0  0  0  0  0  0\n   19.9980  -24.0496    0.0000 C   0  0  0  0  0  0  0  0  0  0  0  0\n   20.6577  -23.5673    0.0000 C   0  0  0  0  0  0  0  0  0  0  0  0\n   20.4028  -22.7908    0.0000 N   0  0  0  0  0  0  0  0  0  0  0  0\n   19.5856  -22.7933    0.0000 N   0  0  0  0  0  0  0  0  0  0  0  0\n   19.3355  -23.5712    0.0000 C   0  0  0  0  0  0  0  0  0  0  0  0\n   21.4356  -23.8175    0.0000 C   0  0  0  0  0  0  0  0  0  0  0  0\n   18.5591  -23.8261    0.0000 C   0  0  0  0  0  0  0  0  0  0  0  0\n   19.1032  -22.1336    0.0000 C   0  0  0  0  0  0  0  0  0  0  0  0\n   18.5897  -24.8708    0.0000 Cl  0  0  0  0  0  0  0  0  0  0  0  0\n   21.9773  -25.6852    0.0000 C   0  0  0  0  0  0  0  0  0  0  0  0\n   21.4941  -25.0211    0.0000 N   0  0  0  0  0  0  0  0  0  0  0  0\n   21.7107  -24.2230    0.0000 C   0  0  0  0  0  0  0  0  0  0  0  0\n   22.8036  -25.7196    0.0000 C   0  0  0  0  0  0  0  0  0  0  0  0\n   22.4656  -23.8931    0.0000 C   0  0  0  0  0  0  0  0  0  0  0  0\n   23.3447  -25.0948    0.0000 N   0  0  0  0  0  0  0  0  0  0  0  0\n   23.1915  -24.2830    0.0000 C   0  0  0  0  0  0  0  0  0  0  0  0\n   23.1277  -26.4698    0.0000 O   0  0  0  0  0  0  0  0  0  0  0  0\n   24.1337  -25.3077    0.0000 C   0  0  0  0  0  0  0  0  0  0  0  0\n   24.3387  -26.0961    0.0000 C   0  0  0  0  0  0  0  0  0  0  0  0\n   25.1269  -26.3091    0.0000 C   0  0  0  0  0  0  0  0  0  0  0  0\n   25.7067  -25.7320    0.0000 C   0  0  0  0  0  0  0  0  0  0  0  0\n   25.4930  -24.9389    0.0000 C   0  0  0  0  0  0  0  0  0  0  0  0\n   24.7052  -24.7296    0.0000 N   0  0  0  0  0  0  0  0  0  0  0  0\n   25.3366  -27.0990    0.0000 C   0  0  0  0  0  0  0  0  0  0  0  0\n   24.7574  -27.6755    0.0000 O   0  0  0  0  0  0  0  0  0  0  0  0\n   26.1255  -27.3122    0.0000 O   0  0  0  0  0  0  0  0  0  0  0  0\n  1  2  2  0\n  2  3  1  0\n  3  6  2  0\n  5  4  2  0\n  4  1  1  0\n  5  6  1  0\n  6  7  1  0\n  7 30  2  0\n 31  5  1  0\n  7  8  1  0\n  8  9  1  0\n  9 10  1  0\n 10 11  1  0\n 11 12  1  0\n 12 13  2  0\n 13 14  1  0\n 14 15  2  0\n 15 16  1  0\n 16 17  2  0\n 17 12  1  0\n 15 18  1  0\n 16 19  1  0\n 14 20  1  0\n 21 22  1  0\n 22 23  2  0\n 23 24  1  0\n 24 25  1  0\n 25 21  2  0\n  4 21  1  0\n 22 26  1  0\n 25 27  1  0\n 24 28  1  0\n  1 29  1  0\n 30 31  1  0\n 31 32  1  0\n 30 33  1  0\n 32 34  1  0\n 33 35  1  0\n 34 36  1  0\n 35 36  1  0\n 33 37  2  0\n 35 38  1  0\n 38 39  2  0\n 39 40  1  0\n 40 41  2  0\n 41 42  1  0\n 42 43  2  0\n 43 38  1  0\n 40 44  1  0\n 44 45  2  0\n 44 46  1  0\nM  END\n> <chembl_id>\nCHEMBL4097235\n\n> <chembl_pref_name>\nNone"", ""standard_inchi"": ""InChI=1S/C35H35Cl2N5O4/c1-19-16-24(17-20(2)31(19)37)46-15-6-8-25-26-9-10-27(36)30(29-21(3)39-40(5)22(29)4)32(26)42-14-7-13-41(34(43)33(25)42)28-18-23(35(44)45)11-12-38-28/h9-12,16-18H,6-8,13-15H2,1-5H3,(H,44,45)"", ""standard_inchi_key"": ""IXXFVSWCZIPWPF-UHFFFAOYSA-N""}","[]","[]","[]","0adfbfb6-3304-4e79-a3cb-cfaf3fa39d83","incremental","None","2025-12-22T18:37:09.740617+00:00"
"chembl:CHEMBL409773","741f32e3c8fe7a910d0d9ca68d5955a9c585da6df34383586dea26e3eeae2e28","CHEMBL409773",,"Small molecule","MOL",,,false,false,false,0,0,-1,-1,false,false,-1,0,"{""active_chembl_id"": ""CHEMBL409773"", ""molecule_chembl_id"": ""CHEMBL409773"", ""parent_chembl_id"": ""CHEMBL409773""}","{""alogp"": ""5.37"", ""aromatic_rings"": 3, ""full_molformula"": ""C27H25Cl2N3O3"", ""full_mwt"": ""510.42"", ""hba"": 4, ""hbd"": 1, ""heavy_atoms"": 35, ""mw_freebase"": ""510.42"", ""np_likeness_score"": ""-1.01"", ""num_ro5_violations"": 2, ""psa"": ""71.53"", ""qed_weighted"": ""0.50"", ""ro3_pass"": ""N"", ""rtb"": 5}","{""canonical_smiles"": ""O=C(NC1CCN(C(=O)CCc2cccnc2)CC1)C1c2cc(Cl)ccc2Oc2ccc(Cl)cc21"", ""molfile"": ""\n     RDKit          2D\n\n 35 39  0  0  0  0  0  0  0  0999 V2000\n   -4.2904   -3.1688    0.0000 C   0  0  0  0  0  0  0  0  0  0  0  0\n   -4.2916   -3.9957    0.0000 C   0  0  0  0  0  0  0  0  0  0  0  0\n   -3.5771   -4.4082    0.0000 C   0  0  0  0  0  0  0  0  0  0  0  0\n   -3.5789   -2.7563    0.0000 C   0  0  0  0  0  0  0  0  0  0  0  0\n   -2.8641   -3.1652    0.0000 C   0  0  0  0  0  0  0  0  0  0  0  0\n   -2.8653   -3.9977    0.0000 C   0  0  0  0  0  0  0  0  0  0  0  0\n   -2.1488   -4.4127    0.0000 O   0  0  0  0  0  0  0  0  0  0  0  0\n   -2.1464   -2.7477    0.0000 C   0  0  0  0  0  0  0  0  0  0  0  0\n   -1.4254   -3.1672    0.0000 C   0  0  0  0  0  0  0  0  0  0  0  0\n   -1.4267   -3.9957    0.0000 C   0  0  0  0  0  0  0  0  0  0  0  0\n   -0.7111   -4.4091    0.0000 C   0  0  0  0  0  0  0  0  0  0  0  0\n    0.0064   -3.9954    0.0000 C   0  0  0  0  0  0  0  0  0  0  0  0\n    0.0036   -3.1638    0.0000 C   0  0  0  0  0  0  0  0  0  0  0  0\n   -0.7125   -2.7541    0.0000 C   0  0  0  0  0  0  0  0  0  0  0  0\n   -2.1463   -1.9232    0.0000 C   0  0  0  0  0  0  0  0  0  0  0  0\n   -1.4323   -1.5109    0.0000 N   0  0  0  0  0  0  0  0  0  0  0  0\n   -2.8604   -1.5108    0.0000 O   0  0  0  0  0  0  0  0  0  0  0  0\n   -1.4323   -0.6865    0.0000 C   0  0  0  0  0  0  0  0  0  0  0  0\n   -0.7157   -0.2752    0.0000 C   0  0  0  0  0  0  0  0  0  0  0  0\n   -0.7137    0.5457    0.0000 C   0  0  0  0  0  0  0  0  0  0  0  0\n   -1.4260    0.9617    0.0000 N   0  0  0  0  0  0  0  0  0  0  0  0\n   -2.1418    0.5508    0.0000 C   0  0  0  0  0  0  0  0  0  0  0  0\n   -2.1455   -0.2763    0.0000 C   0  0  0  0  0  0  0  0  0  0  0  0\n   -1.4228    1.7862    0.0000 C   0  0  0  0  0  0  0  0  0  0  0  0\n   -0.7072    2.1957    0.0000 C   0  0  0  0  0  0  0  0  0  0  0  0\n   -2.1353    2.2012    0.0000 O   0  0  0  0  0  0  0  0  0  0  0  0\n    0.0052    1.7808    0.0000 C   0  0  0  0  0  0  0  0  0  0  0  0\n    0.7208    2.1902    0.0000 C   0  0  0  0  0  0  0  0  0  0  0  0\n    1.4325    1.7720    0.0000 C   0  0  0  0  0  0  0  0  0  0  0  0\n    2.1476    2.1808    0.0000 C   0  0  0  0  0  0  0  0  0  0  0  0\n    2.1512    3.0061    0.0000 C   0  0  0  0  0  0  0  0  0  0  0  0\n    1.4338    3.4209    0.0000 N   0  0  0  0  0  0  0  0  0  0  0  0\n    0.7216    3.0098    0.0000 C   0  0  0  0  0  0  0  0  0  0  0  0\n   -5.0045   -2.7568    0.0000 Cl  0  0  0  0  0  0  0  0  0  0  0  0\n    0.7161   -2.7490    0.0000 Cl  0  0  0  0  0  0  0  0  0  0  0  0\n  6  7  1  0\n 15 17  2  0\n  7 10  1  0\n 16 18  1  0\n 18 19  1  0\n  9  8  1  0\n  5  4  2  0\n  4  1  1  0\n  9 10  2  0\n  5  6  1  0\n 18 23  1  0\n 19 20  1  0\n 20 21  1  0\n 21 22  1  0\n 22 23  1  0\n 10 11  1  0\n 21 24  1  0\n 24 25  1  0\n 11 12  2  0\n 24 26  2  0\n  2  3  1  0\n 25 27  1  0\n 12 13  1  0\n 27 28  1  0\n  3  6  2  0\n 28 29  2  0\n 13 14  2  0\n 29 30  1  0\n 14  9  1  0\n 30 31  2  0\n  1  2  2  0\n 31 32  1  0\n  8 15  1  0\n 32 33  2  0\n 33 28  1  0\n  5  8  1  0\n  1 34  1  0\n 15 16  1  0\n 13 35  1  0\nM  END\n> <chembl_id>\nCHEMBL409773\n\n> <chembl_pref_name>\nNone"", ""standard_inchi"": ""InChI=1S/C27H25Cl2N3O3/c28-18-4-6-23-21(14-18)26(22-15-19(29)5-7-24(22)35-23)27(34)31-20-9-12-32(13-10-20)25(33)8-3-17-2-1-11-30-16-17/h1-2,4-7,11,14-16,20,26H,3,8-10,12-13H2,(H,31,34)"", ""standard_inchi_key"": ""LSPGRTPRIJOMNA-UHFFFAOYSA-N""}","[]","[]","[]","0adfbfb6-3304-4e79-a3cb-cfaf3fa39d83","incremental","None","2025-12-22T18:37:09.733285+00:00"
"chembl:CHEMBL4128199","a5562d00c79a5b87ac8b8cfb2b0381ab0b6e85a1f7fc1f7e443182d078f4a058","CHEMBL4128199",,"Small molecule","MOL",,,false,false,false,0,0,-1,-1,false,false,-1,0,"{""active_chembl_id"": ""CHEMBL4128199"", ""molecule_chembl_id"": ""CHEMBL4128199"", ""parent_chembl_id"": ""CHEMBL4128199""}","{""alogp"": ""4.40"", ""aromatic_rings"": 3, ""full_molformula"": ""C18H16ClNO3"", ""full_mwt"": ""329.78"", ""hba"": 4, ""hbd"": 2, ""heavy_atoms"": 23, ""mw_freebase"": ""329.78"", ""np_likeness_score"": ""-0.38"", ""num_ro5_violations"": 0, ""psa"": ""66.49"", ""qed_weighted"": ""0.75"", ""ro3_pass"": ""N"", ""rtb"": 3}","{""canonical_smiles"": ""Cc1noc(C)c1-c1cc(O)cc(C(O)c2ccc(Cl)cc2)c1"", ""molfile"": ""\n     RDKit          2D\n\n 23 25  0  0  0  0  0  0  0  0999 V2000\n   14.8855  -12.7162    0.0000 C   0  0  0  0  0  0  0  0  0  0  0  0\n   14.8843  -13.5435    0.0000 C   0  0  0  0  0  0  0  0  0  0  0  0\n   15.5992  -13.9564    0.0000 C   0  0  0  0  0  0  0  0  0  0  0  0\n   16.3155  -13.5430    0.0000 C   0  0  0  0  0  0  0  0  0  0  0  0\n   16.3127  -12.7125    0.0000 C   0  0  0  0  0  0  0  0  0  0  0  0\n   15.5973  -12.3034    0.0000 C   0  0  0  0  0  0  0  0  0  0  0  0\n   17.0256  -12.2973    0.0000 C   0  0  0  0  0  0  0  0  0  0  0  0\n   17.7790  -12.6336    0.0000 C   0  0  0  0  0  0  0  0  0  0  0  0\n   18.3295  -12.0179    0.0000 O   0  0  0  0  0  0  0  0  0  0  0  0\n   17.9126  -11.3047    0.0000 N   0  0  0  0  0  0  0  0  0  0  0  0\n   17.1060  -11.4820    0.0000 C   0  0  0  0  0  0  0  0  0  0  0  0\n   17.9516  -13.4403    0.0000 C   0  0  0  0  0  0  0  0  0  0  0  0\n   16.4891  -10.9342    0.0000 C   0  0  0  0  0  0  0  0  0  0  0  0\n   15.5990  -14.7813    0.0000 O   0  0  0  0  0  0  0  0  0  0  0  0\n   14.1710  -12.3038    0.0000 C   0  0  0  0  0  0  0  0  0  0  0  0\n   14.1708  -11.4788    0.0000 O   0  0  0  0  0  0  0  0  0  0  0  0\n   13.4567  -12.7165    0.0000 C   0  0  0  0  0  0  0  0  0  0  0  0\n   12.7422  -12.3024    0.0000 C   0  0  0  0  0  0  0  0  0  0  0  0\n   12.0283  -12.7144    0.0000 C   0  0  0  0  0  0  0  0  0  0  0  0\n   12.0281  -13.5402    0.0000 C   0  0  0  0  0  0  0  0  0  0  0  0\n   12.7477  -13.9524    0.0000 C   0  0  0  0  0  0  0  0  0  0  0  0\n   13.4586  -13.5380    0.0000 C   0  0  0  0  0  0  0  0  0  0  0  0\n   11.3143  -13.9538    0.0000 Cl  0  0  0  0  0  0  0  0  0  0  0  0\n  1  2  2  0\n  2  3  1  0\n  3  4  2  0\n  4  5  1  0\n  5  6  2  0\n  6  1  1  0\n  5  7  1  0\n  8  9  1  0\n  7  8  2  0\n  9 10  1  0\n 10 11  2  0\n 11  7  1  0\n  8 12  1  0\n 11 13  1  0\n  3 14  1  0\n  1 15  1  0\n 15 16  1  0\n 15 17  1  0\n 17 18  2  0\n 18 19  1  0\n 19 20  2  0\n 20 21  1  0\n 21 22  2  0\n 22 17  1  0\n 20 23  1  0\nM  END\n> <chembl_id>\nCHEMBL4128199\n\n> <chembl_pref_name>\nNone"", ""standard_inchi"": ""InChI=1S/C18H16ClNO3/c1-10-17(11(2)23-20-10)13-7-14(9-16(21)8-13)18(22)12-3-5-15(19)6-4-12/h3-9,18,21-22H,1-2H3"", ""standard_inchi_key"": ""JULXCZRWWNHUAF-UHFFFAOYSA-N""}","[]","[]","[]","0adfbfb6-3304-4e79-a3cb-cfaf3fa39d83","incremental","None","2025-12-22T18:37:09.740709+00:00"
"chembl:CHEMBL415620","da6238e79c2a3ce235b199619cb858465372e9104ebf2815b5662c3f76a7c780","CHEMBL415620",,"Small molecule","MOL",,,false,false,false,0,0,-1,-1,false,false,-1,0,"{""active_chembl_id"": ""CHEMBL415620"", ""molecule_chembl_id"": ""CHEMBL415620"", ""parent_chembl_id"": ""CHEMBL415620""}","{""alogp"": null, ""aromatic_rings"": null, ""full_molformula"": ""C47H71N11O11S2"", ""full_mwt"": ""1030.28"", ""hba"": null, ""hbd"": null, ""heavy_atoms"": null, ""mw_freebase"": ""1030.28"", ""np_likeness_score"": null, ""num_ro5_violations"": null, ""psa"": null, ""qed_weighted"": null, ""ro3_pass"": null, ""rtb"": null}","{""canonical_smiles"": ""CSCC[C@H](NC(=O)[C@@H](NC(=O)[C@H]1N(C(=O)C(O)[C@H](Cc2ccccc2)NC(=O)[C@@H](NC(=O)[C@H](CCC(N)=O)NC(=O)[C@@H]2CCCN2)C(C)C)CSC1(C)C)C(C)C)C(=O)N[C@@H](Cc1c[nH]cn1)C(=O)O"", ""molfile"": ""\n     RDKit          2D\n\n 71 74  0  0  1  0  0  0  0  0999 V2000\n    0.3417    0.2708    0.0000 N   0  0  0  0  0  0  0  0  0  0  0  0\n    0.7417   -0.0250    0.0000 C   0  0  0  0  0  0  0  0  0  0  0  0\n   -0.4250    0.0250    0.0000 C   0  0  0  0  0  0  0  0  0  0  0  0\n    1.1792    0.2625    0.0000 C   0  0  0  0  0  0  0  0  0  0  0  0\n   -0.9000    0.3208    0.0000 C   0  0  0  0  0  0  0  0  0  0  0  0\n    1.6250    0.0208    0.0000 N   0  0  0  0  0  0  0  0  0  0  0  0\n   -0.0500   -0.1167    0.0000 C   0  0  0  0  0  0  0  0  0  0  0  0\n   -2.3625    0.0625    0.0000 C   0  0  0  0  0  0  0  0  0  0  0  0\n    2.4542    0.0250    0.0000 C   0  0  0  0  0  0  0  0  0  0  0  0\n   -3.2583    0.0583    0.0000 N   0  0  0  0  0  0  0  0  0  0  0  0\n   -1.3958    0.0458    0.0000 C   0  0  0  0  0  0  0  0  0  0  0  0\n   -3.7458    0.3125    0.0000 C   0  0  0  0  0  0  0  0  0  0  0  0\n    0.1917   -0.6250    0.0000 S   0  0  0  0  0  0  0  0  0  0  0  0\n   -1.8708    0.3250    0.0000 N   0  0  0  0  0  0  0  0  0  0  0  0\n    3.7292    0.2625    0.0000 C   0  0  0  0  0  0  0  0  0  0  0  0\n   -5.1250    0.0625    0.0000 C   0  0  0  0  0  0  0  0  0  0  0  0\n    0.7417   -0.5417    0.0000 C   0  0  0  0  0  0  0  0  0  0  0  0\n    2.0292    0.3208    0.0000 C   0  0  0  0  0  0  0  0  0  0  0  0\n    4.1792    0.0208    0.0000 N   0  0  0  0  0  0  0  0  0  0  0  0\n    2.9000    0.2708    0.0000 N   0  0  0  0  0  0  0  0  0  0  0  0\n   -2.8208    0.3750    0.0000 C   0  0  0  0  0  0  0  0  0  0  0  0\n   -4.6458    0.3250    0.0000 N   0  0  0  0  0  0  0  0  0  0  0  0\n    4.5792    0.3208    0.0000 C   0  0  0  0  0  0  0  0  0  0  0  0\n    5.8167    1.3333    0.0000 N   0  0  0  0  0  0  0  0  0  0  0  0\n    5.0167    0.0250    0.0000 C   0  0  0  0  0  0  0  0  0  0  0  0\n    5.0292    1.0833    0.0000 C   0  0  0  0  0  0  0  0  0  0  0  0\n   -4.2083    0.0000    0.0000 C   0  0  0  0  0  0  0  0  0  0  0  0\n    4.5792    0.8333    0.0000 C   0  0  0  0  0  0  0  0  0  0  0  0\n    3.3042   -0.0250    0.0000 C   0  0  0  0  0  0  0  0  0  0  0  0\n    5.0375    1.5958    0.0000 N   0  0  0  0  0  0  0  0  0  0  0  0\n    5.5250    1.7500    0.0000 C   0  0  0  0  0  0  0  0  0  0  0  0\n   -0.4333   -0.3500    0.0000 O   0  0  0  0  0  0  0  0  0  0  0  0\n    1.1792    0.7750    0.0000 O   0  0  0  0  0  0  0  0  0  0  0  0\n   -3.7250   -1.3792    0.0000 C   0  0  0  0  0  0  0  0  0  0  0  0\n    5.5125    0.9208    0.0000 C   0  0  0  0  0  0  0  0  0  0  0  0\n   -6.0167    0.0583    0.0000 N   0  0  0  0  0  0  0  0  0  0  0  0\n   -5.5958    0.3750    0.0000 C   0  0  0  0  0  0  0  0  0  0  0  0\n   -2.3583   -0.4917    0.0000 O   0  0  0  0  0  0  0  0  0  0  0  0\n    2.4542   -0.4875    0.0000 O   0  0  0  0  0  0  0  0  0  0  0  0\n   -1.4000   -0.5125    0.0000 C   0  0  0  0  0  0  0  0  0  0  0  0\n   -3.7458    0.8708    0.0000 O   0  0  0  0  0  0  0  0  0  0  0  0\n    3.7375    0.7750    0.0000 O   0  0  0  0  0  0  0  0  0  0  0  0\n   -5.1208   -0.4917    0.0000 O   0  0  0  0  0  0  0  0  0  0  0  0\n    5.0167   -0.4875    0.0000 O   0  0  0  0  0  0  0  0  0  0  0  0\n   -3.2458   -1.6542    0.0000 O   0  0  0  0  0  0  0  0  0  0  0  0\n   -4.2083   -0.5542    0.0000 C   0  0  0  0  0  0  0  0  0  0  0  0\n   -0.9000    0.8708    0.0000 O   0  0  0  0  0  0  0  0  0  0  0  0\n   -2.8208    0.9333    0.0000 C   0  0  0  0  0  0  0  0  0  0  0  0\n    2.0292    0.8333    0.0000 C   0  0  0  0  0  0  0  0  0  0  0  0\n   -3.7250   -0.8292    0.0000 C   0  0  0  0  0  0  0  0  0  0  0  0\n   -4.2083   -1.6542    0.0000 N   0  0  0  0  0  0  0  0  0  0  0  0\n    5.4625    0.2708    0.0000 O   0  0  0  0  0  0  0  0  0  0  0  0\n    3.3042   -0.5417    0.0000 C   0  0  0  0  0  0  0  0  0  0  0  0\n   -1.0000   -0.9042    0.0000 C   0  0  0  0  0  0  0  0  0  0  0  0\n    3.7500   -1.3042    0.0000 S   0  0  0  0  0  0  0  0  0  0  0  0\n    0.8875   -1.0625    0.0000 C   0  0  0  0  0  0  0  0  0  0  0  0\n    1.2792   -0.5417    0.0000 C   0  0  0  0  0  0  0  0  0  0  0  0\n   -6.4542    0.4833    0.0000 C   0  0  0  0  0  0  0  0  0  0  0  0\n    3.7500   -0.8000    0.0000 C   0  0  0  0  0  0  0  0  0  0  0  0\n   -5.5958    0.9333    0.0000 C   0  0  0  0  0  0  0  0  0  0  0  0\n    4.1917   -1.5542    0.0000 C   0  0  0  0  0  0  0  0  0  0  0  0\n    1.5917    1.0833    0.0000 C   0  0  0  0  0  0  0  0  0  0  0  0\n   -2.3458    1.2083    0.0000 C   0  0  0  0  0  0  0  0  0  0  0  0\n   -3.2958    1.2083    0.0000 C   0  0  0  0  0  0  0  0  0  0  0  0\n    2.4667    1.0833    0.0000 C   0  0  0  0  0  0  0  0  0  0  0  0\n   -0.4708   -0.7542    0.0000 C   0  0  0  0  0  0  0  0  0  0  0  0\n   -1.1500   -1.4375    0.0000 C   0  0  0  0  0  0  0  0  0  0  0  0\n   -6.1792    1.0208    0.0000 C   0  0  0  0  0  0  0  0  0  0  0  0\n   -0.0833   -1.1500    0.0000 C   0  0  0  0  0  0  0  0  0  0  0  0\n   -0.7583   -1.8375    0.0000 C   0  0  0  0  0  0  0  0  0  0  0  0\n   -0.2208   -1.6917    0.0000 C   0  0  0  0  0  0  0  0  0  0  0  0\n  2  1  1  0\n  3  1  1  0\n  2  4  1  6\n  5  3  1  0\n  6  4  1  0\n  7  1  1  0\n  8 14  1  0\n  9 18  1  0\n 21 10  1  1\n 11  5  1  0\n 12 10  1  0\n 13  7  1  0\n 11 14  1  6\n 15 29  1  0\n 16 22  1  0\n  2 17  1  0\n 18  6  1  1\n 19 15  1  0\n 20  9  1  0\n 21  8  1  0\n 27 22  1  6\n 23 19  1  1\n 24 35  1  0\n 25 23  1  0\n 26 28  1  0\n 27 12  1  0\n 23 28  1  0\n 29 20  1  6\n 30 26  1  0\n 31 30  2  0\n 32  3  2  0\n 33  4  2  0\n 34 50  1  0\n 35 26  2  0\n 36 37  1  0\n 37 16  1  1\n 38  8  2  0\n 39  9  2  0\n 11 40  1  0\n 41 12  2  0\n 42 15  2  0\n 43 16  2  0\n 44 25  2  0\n 45 34  2  0\n 27 46  1  0\n 47  5  1  0\n 21 48  1  0\n 18 49  1  0\n 50 46  1  0\n 51 34  1  0\n 52 25  1  0\n 29 53  1  0\n 54 40  1  0\n 55 59  1  0\n 56 17  1  0\n 57 17  1  0\n 58 36  1  0\n 59 53  1  0\n 37 60  1  0\n 61 55  1  0\n 62 49  1  0\n 63 48  1  0\n 64 48  1  0\n 65 49  1  0\n 66 54  1  0\n 67 54  2  0\n 68 60  1  0\n 69 66  2  0\n 70 67  1  0\n 71 70  2  0\n 17 13  1  0\n 69 71  1  0\n 68 58  1  0\n 24 31  1  0\nM  END\n> <chembl_id>\nCHEMBL415620\n\n> <chembl_pref_name>\nNone"", ""standard_inchi"": ""InChI=1S/C47H71N11O11S2/c1-25(2)35(56-41(63)30(15-16-34(48)59)52-39(61)29-14-11-18-50-29)43(65)54-32(20-27-12-9-8-10-13-27)37(60)45(67)58-24-71-47(5,6)38(58)44(66)57-36(26(3)4)42(64)53-31(17-19-70-7)40(62)55-33(46(68)69)21-28-22-49-23-51-28/h8-10,12-13,22-23,25-26,29-33,35-38,50,60H,11,14-21,24H2,1-7H3,(H2,48,59)(H,49,51)(H,52,61)(H,53,64)(H,54,65)(H,55,62)(H,56,63)(H,57,66)(H,68,69)/t29-,30-,31-,32-,33-,35-,36-,37?,38+/m0/s1"", ""standard_inchi_key"": ""QIYZSNGTDPTWKA-ZUBKMQHWSA-N""}","[]","[]","[]","0adfbfb6-3304-4e79-a3cb-cfaf3fa39d83","incremental","None","2025-12-22T18:37:09.732307+00:00"
"chembl:CHEMBL4173234","b43cada08e98a1500e0948e5feb7af50e0d70a0ea68fb7855c190c7149420900","CHEMBL4173234",,"Small molecule","MOL",,,false,false,false,0,0,-1,-1,false,false,-1,0,"{""active_chembl_id"": ""CHEMBL4173234"", ""molecule_chembl_id"": ""CHEMBL4173234"", ""parent_chembl_id"": ""CHEMBL4173234""}","{""alogp"": ""1.09"", ""aromatic_rings"": 3, ""full_molformula"": ""C30H35N5O5"", ""full_mwt"": ""545.64"", ""hba"": 6, ""hbd"": 5, ""heavy_atoms"": 40, ""mw_freebase"": ""545.64"", ""np_likeness_score"": ""-0.06"", ""num_ro5_violations"": 1, ""psa"": ""167.85"", ""qed_weighted"": ""0.28"", ""ro3_pass"": ""N"", ""rtb"": 8}","{""canonical_smiles"": ""Cc1cc(O)cc(C)c1C[C@H](N)C(=O)N[C@H](C)C(=O)N[C@H]1Cc2c(ccc3ccccc23)CN(CC(N)=O)C1=O"", ""molfile"": ""\n     RDKit          2D\n\n 40 43  0  0  0  0  0  0  0  0999 V2000\n   37.0531  -14.4804    0.0000 C   0  0  0  0  0  0  0  0  0  0  0  0\n   36.8378  -13.6892    0.0000 C   0  0  0  0  0  0  0  0  0  0  0  0\n   37.8121  -14.8058    0.0000 C   0  0  0  0  0  0  0  0  0  0  0  0\n   38.5388  -14.4147    0.0000 N   0  0  0  0  0  0  0  0  0  0  0  0\n   38.6839  -13.6027    0.0000 C   0  0  0  0  0  0  0  0  0  0  0  0\n   33.5131  -14.8910    0.0000 C   0  0  0  0  0  0  0  0  0  0  0  0\n   34.2208  -14.4824    0.0000 N   0  0  0  0  0  0  0  0  0  0  0  0\n   32.8054  -14.4824    0.0000 C   0  0  0  0  0  0  0  0  0  0  0  0\n   33.5131  -15.7082    0.0000 O   0  0  0  0  0  0  0  0  0  0  0  0\n   34.9285  -14.8910    0.0000 C   0  0  0  0  0  0  0  0  0  0  0  0\n   35.6362  -14.4824    0.0000 C   0  0  0  0  0  0  0  0  0  0  0  0\n   36.3439  -14.8910    0.0000 N   0  0  0  0  0  0  0  0  0  0  0  0\n   35.6362  -13.6653    0.0000 O   0  0  0  0  0  0  0  0  0  0  0  0\n   34.9285  -15.7082    0.0000 C   0  0  0  0  0  0  0  0  0  0  0  0\n   37.3194  -13.0235    0.0000 C   0  0  0  0  0  0  0  0  0  0  0  0\n   38.1448  -12.9812    0.0000 C   0  0  0  0  0  0  0  0  0  0  0  0\n   38.5192  -12.2465    0.0000 C   0  0  0  0  0  0  0  0  0  0  0  0\n   38.0693  -11.5535    0.0000 C   0  0  0  0  0  0  0  0  0  0  0  0\n   37.8483  -15.6222    0.0000 O   0  0  0  0  0  0  0  0  0  0  0  0\n   39.2006  -14.8941    0.0000 C   0  0  0  0  0  0  0  0  0  0  0  0\n   39.9467  -14.5607    0.0000 C   0  0  0  0  0  0  0  0  0  0  0  0\n   40.6084  -15.0402    0.0000 N   0  0  0  0  0  0  0  0  0  0  0  0\n   40.0310  -13.7479    0.0000 O   0  0  0  0  0  0  0  0  0  0  0  0\n   32.8054  -13.6653    0.0000 C   0  0  0  0  0  0  0  0  0  0  0  0\n   32.0977  -14.8910    0.0000 N   0  0  0  0  0  0  0  0  0  0  0  0\n   32.0977  -13.2567    0.0000 C   0  0  0  0  0  0  0  0  0  0  0  0\n   32.1007  -12.4384    0.0000 C   0  0  0  0  0  0  0  0  0  0  0  0\n   31.3938  -12.0299    0.0000 C   0  0  0  0  0  0  0  0  0  0  0  0\n   30.6851  -12.4385    0.0000 C   0  0  0  0  0  0  0  0  0  0  0  0\n   30.6877  -13.2600    0.0000 C   0  0  0  0  0  0  0  0  0  0  0  0\n   31.3952  -13.6648    0.0000 C   0  0  0  0  0  0  0  0  0  0  0  0\n   31.3978  -14.4820    0.0000 C   0  0  0  0  0  0  0  0  0  0  0  0\n   32.8092  -12.0312    0.0000 C   0  0  0  0  0  0  0  0  0  0  0  0\n   29.9768  -12.0309    0.0000 O   0  0  0  0  0  0  0  0  0  0  0  0\n   36.8703  -12.3350    0.0000 C   0  0  0  0  0  0  0  0  0  0  0  0\n   37.2459  -11.5977    0.0000 C   0  0  0  0  0  0  0  0  0  0  0  0\n   36.7955  -10.9059    0.0000 C   0  0  0  0  0  0  0  0  0  0  0  0\n   35.9695  -10.9501    0.0000 C   0  0  0  0  0  0  0  0  0  0  0  0\n   35.5960  -11.6920    0.0000 C   0  0  0  0  0  0  0  0  0  0  0  0\n   36.0486  -12.3807    0.0000 C   0  0  0  0  0  0  0  0  0  0  0  0\n  1  2  1  0\n  2 15  1  0\n  1  3  1  0\n  3  4  1  0\n 16  5  1  0\n  4  5  1  0\n  6  7  1  0\n  6  8  1  0\n  6  9  2  0\n  7 10  1  0\n 10 11  1  0\n 11 12  1  0\n 11 13  2  0\n 10 14  1  1\n  1 12  1  1\n 15 16  2  0\n 16 17  1  0\n 17 18  2  0\n 18 36  1  0\n 35 15  1  0\n  3 19  2  0\n  4 20  1  0\n 20 21  1  0\n 21 22  1  0\n 21 23  2  0\n  8 24  1  1\n  8 25  1  0\n 24 26  1  0\n 26 27  2  0\n 27 28  1  0\n 28 29  2  0\n 29 30  1  0\n 30 31  2  0\n 31 26  1  0\n 31 32  1  0\n 27 33  1  0\n 29 34  1  0\n 35 36  1  0\n 36 37  2  0\n 37 38  1  0\n 38 39  2  0\n 39 40  1  0\n 40 35  2  0\nM  END\n> <chembl_id>\nCHEMBL4173234\n\n> <chembl_pref_name>\nNone"", ""standard_inchi"": ""InChI=1S/C30H35N5O5/c1-16-10-21(36)11-17(2)23(16)12-25(31)29(39)33-18(3)28(38)34-26-13-24-20(14-35(30(26)40)15-27(32)37)9-8-19-6-4-5-7-22(19)24/h4-11,18,25-26,36H,12-15,31H2,1-3H3,(H2,32,37)(H,33,39)(H,34,38)/t18-,25+,26+/m1/s1"", ""standard_inchi_key"": ""AXVHCKACGKXESV-LROUJFHJSA-N""}","[]","[]","[]","0adfbfb6-3304-4e79-a3cb-cfaf3fa39d83","incremental","None","2025-12-22T18:37:09.740808+00:00"
"chembl:CHEMBL4205871","7976eb24ea8ea77d1e8b69d8606fd64c11aedfbe3f28560314a3e9642679591e","CHEMBL4205871",,"Small molecule","MOL",,,false,false,false,0,0,-1,-1,false,false,-1,0,"{""active_chembl_id"": ""CHEMBL4205871"", ""molecule_chembl_id"": ""CHEMBL4205871"", ""parent_chembl_id"": ""CHEMBL4205871""}","{""alogp"": null, ""aromatic_rings"": null, ""full_molformula"": ""C67H119N15O17"", ""full_mwt"": ""1406.78"", ""hba"": null, ""hbd"": null, ""heavy_atoms"": null, ""mw_freebase"": ""1406.78"", ""np_likeness_score"": null, ""num_ro5_violations"": null, ""psa"": null, ""qed_weighted"": null, ""ro3_pass"": null, ""rtb"": null}","{""canonical_smiles"": ""CCCC[C@@H](NC(=O)[C@H](CC(C)C)NC(=O)[C@@H](CCCC)NC(=O)[C@H](CO)NC(=O)[C@@H](NC(=O)CNC(=O)[C@@H](NC(=O)[C@H](CO)NC(=O)[C@H](CCC(N)=O)NC(=O)[C@@H](NC(=O)[C@@H](NC(=O)[C@H](CC(C)C)NC(=O)[C@@H]1CCCN1C(C)=O)[C@@H](C)CC)[C@@H](C)CC)C(C)C)[C@@H](C)CC)C(N)=O"", ""molfile"": ""\n     RDKit          2D\n\n 99 99  0  0  0  0  0  0  0  0999 V2000\n    1.1097    0.9051    0.0000 C   0  0  0  0  0  0  0  0  0  0  0  0\n    0.4246   -0.3169    0.0000 O   0  0  0  0  0  0  0  0  0  0  0  0\n    1.1433    0.0897    0.0000 C   0  0  0  0  0  0  0  0  0  0  0  0\n    1.8487   -0.3423    0.0000 N   0  0  0  0  0  0  0  0  0  0  0  0\n    1.8335   -1.1611    0.0000 C   0  0  0  0  0  0  0  0  0  0  0  0\n    3.2535   -1.1864    0.0000 O   0  0  0  0  0  0  0  0  0  0  0  0\n    2.5348   -1.5829    0.0000 C   0  0  0  0  0  0  0  0  0  0  0  0\n    1.1148   -1.5575    0.0000 C   0  0  0  0  0  0  0  0  0  0  0  0\n    1.1015   -2.3799    0.0000 C   0  0  0  0  0  0  0  0  0  0  0  0\n    0.3828   -2.7805    0.0000 C   0  0  0  0  0  0  0  0  0  0  0  0\n    1.8050   -2.8023    0.0000 C   0  0  0  0  0  0  0  0  0  0  0  0\n    2.5195   -2.4017    0.0000 N   0  0  0  0  0  0  0  0  0  0  0  0\n    3.2250   -2.8276    0.0000 C   0  0  0  0  0  0  0  0  0  0  0  0\n    2.4930   -4.0465    0.0000 O   0  0  0  0  0  0  0  0  0  0  0  0\n    3.2117   -3.6500    0.0000 C   0  0  0  0  0  0  0  0  0  0  0  0\n    3.9437   -2.4270    0.0000 C   0  0  0  0  0  0  0  0  0  0  0  0\n    4.6491   -2.8529    0.0000 C   0  0  0  0  0  0  0  0  0  0  0  0\n    3.9569   -1.6046    0.0000 C   0  0  0  0  0  0  0  0  0  0  0  0\n    4.6756   -1.2081    0.0000 C   0  0  0  0  0  0  0  0  0  0  0  0\n    3.9171   -4.0718    0.0000 N   0  0  0  0  0  0  0  0  0  0  0  0\n    3.9019   -4.8906    0.0000 C   0  0  0  0  0  0  0  0  0  0  0  0\n    4.5921   -6.1353    0.0000 O   0  0  0  0  0  0  0  0  0  0  0  0\n    4.6073   -5.3165    0.0000 C   0  0  0  0  0  0  0  0  0  0  0  0\n    3.1832   -5.2912    0.0000 C   0  0  0  0  0  0  0  0  0  0  0  0\n    3.1699   -6.1136    0.0000 C   0  0  0  0  0  0  0  0  0  0  0  0\n    2.4798   -4.8689    0.0000 C   0  0  0  0  0  0  0  0  0  0  0  0\n    1.7611   -5.2695    0.0000 C   0  0  0  0  0  0  0  0  0  0  0  0\n    5.3260   -4.9159    0.0000 N   0  0  0  0  0  0  0  0  0  0  0  0\n    6.0295   -5.3382    0.0000 C   0  0  0  0  0  0  0  0  0  0  0  0\n    6.7634   -4.1188    0.0000 O   0  0  0  0  0  0  0  0  0  0  0  0\n    6.7482   -4.9376    0.0000 C   0  0  0  0  0  0  0  0  0  0  0  0\n    6.0162   -6.1607    0.0000 C   0  0  0  0  0  0  0  0  0  0  0  0\n    6.7216   -6.5825    0.0000 C   0  0  0  0  0  0  0  0  0  0  0  0\n    6.7084   -7.4049    0.0000 C   0  0  0  0  0  0  0  0  0  0  0  0\n    7.4077   -7.8272    0.0000 O   0  0  0  0  0  0  0  0  0  0  0  0\n    5.9897   -7.8055    0.0000 N   0  0  0  0  0  0  0  0  0  0  0  0\n    7.4495   -5.3636    0.0000 N   0  0  0  0  0  0  0  0  0  0  0  0\n    8.1682   -4.9630    0.0000 C   0  0  0  0  0  0  0  0  0  0  0  0\n    8.8603   -6.2113    0.0000 O   0  0  0  0  0  0  0  0  0  0  0  0\n    8.8736   -5.3889    0.0000 C   0  0  0  0  0  0  0  0  0  0  0  0\n    8.1814   -4.1406    0.0000 C   0  0  0  0  0  0  0  0  0  0  0  0\n    8.9001   -3.7441    0.0000 O   0  0  0  0  0  0  0  0  0  0  0  0\n    9.5923   -4.9883    0.0000 N   0  0  0  0  0  0  0  0  0  0  0  0\n   10.2977   -5.4142    0.0000 C   0  0  0  0  0  0  0  0  0  0  0  0\n   11.0297   -4.1912    0.0000 O   0  0  0  0  0  0  0  0  0  0  0  0\n   11.0164   -5.0136    0.0000 C   0  0  0  0  0  0  0  0  0  0  0  0\n   10.2825   -6.2330    0.0000 C   0  0  0  0  0  0  0  0  0  0  0  0\n   10.9879   -6.6590    0.0000 C   0  0  0  0  0  0  0  0  0  0  0  0\n    9.5638   -6.6295    0.0000 C   0  0  0  0  0  0  0  0  0  0  0  0\n   11.7199   -5.4359    0.0000 N   0  0  0  0  0  0  0  0  0  0  0  0\n   12.4386   -5.0395    0.0000 C   0  0  0  0  0  0  0  0  0  0  0  0\n   13.1266   -6.2837    0.0000 O   0  0  0  0  0  0  0  0  0  0  0  0\n   13.1341   -5.4645    0.0000 C   0  0  0  0  0  0  0  0  0  0  0  0\n   13.8528   -5.0680    0.0000 N   0  0  0  0  0  0  0  0  0  0  0  0\n   14.5582   -5.4898    0.0000 C   0  0  0  0  0  0  0  0  0  0  0  0\n   15.2902   -4.2709    0.0000 O   0  0  0  0  0  0  0  0  0  0  0  0\n   15.2769   -5.0934    0.0000 C   0  0  0  0  0  0  0  0  0  0  0  0\n   14.5429   -6.3086    0.0000 C   0  0  0  0  0  0  0  0  0  0  0  0\n   15.2484   -6.7346    0.0000 C   0  0  0  0  0  0  0  0  0  0  0  0\n   13.8242   -6.7092    0.0000 C   0  0  0  0  0  0  0  0  0  0  0  0\n   13.8168   -7.5284    0.0000 C   0  0  0  0  0  0  0  0  0  0  0  0\n   15.9803   -5.5115    0.0000 N   0  0  0  0  0  0  0  0  0  0  0  0\n   16.6990   -5.1151    0.0000 C   0  0  0  0  0  0  0  0  0  0  0  0\n   17.3892   -6.3557    0.0000 O   0  0  0  0  0  0  0  0  0  0  0  0\n   17.4045   -5.5369    0.0000 C   0  0  0  0  0  0  0  0  0  0  0  0\n   16.7143   -4.2963    0.0000 C   0  0  0  0  0  0  0  0  0  0  0  0\n   17.4330   -3.8957    0.0000 O   0  0  0  0  0  0  0  0  0  0  0  0\n   18.1232   -5.1404    0.0000 N   0  0  0  0  0  0  0  0  0  0  0  0\n   18.8225   -5.5586    0.0000 C   0  0  0  0  0  0  0  0  0  0  0  0\n   19.5564   -4.3433    0.0000 O   0  0  0  0  0  0  0  0  0  0  0  0\n   19.5412   -5.1621    0.0000 C   0  0  0  0  0  0  0  0  0  0  0  0\n   20.2466   -5.5839    0.0000 N   0  0  0  0  0  0  0  0  0  0  0  0\n   20.9653   -5.1874    0.0000 C   0  0  0  0  0  0  0  0  0  0  0  0\n   21.6575   -6.4317    0.0000 O   0  0  0  0  0  0  0  0  0  0  0  0\n   21.6707   -5.6092    0.0000 C   0  0  0  0  0  0  0  0  0  0  0  0\n   20.9786   -4.3650    0.0000 C   0  0  0  0  0  0  0  0  0  0  0  0\n   21.6973   -3.9644    0.0000 C   0  0  0  0  0  0  0  0  0  0  0  0\n   21.7125   -3.1456    0.0000 C   0  0  0  0  0  0  0  0  0  0  0  0\n   22.4027   -4.3904    0.0000 C   0  0  0  0  0  0  0  0  0  0  0  0\n   22.3894   -5.2128    0.0000 N   0  0  0  0  0  0  0  0  0  0  0  0\n   23.0949   -5.6346    0.0000 C   0  0  0  0  0  0  0  0  0  0  0  0\n   23.8227   -4.4157    0.0000 O   0  0  0  0  0  0  0  0  0  0  0  0\n   23.8095   -5.2381    0.0000 C   0  0  0  0  0  0  0  0  0  0  0  0\n   24.5129   -5.6563    0.0000 N   0  0  0  0  0  0  0  0  0  0  0  0\n    1.7459    1.4137    0.0000 C   0  0  0  0  0  0  0  0  0  0  0  0\n    1.4621    2.1804    0.0000 C   0  0  0  0  0  0  0  0  0  0  0  0\n    0.6432    2.1480    0.0000 C   0  0  0  0  0  0  0  0  0  0  0  0\n    0.4235    1.3608    0.0000 N   0  0  0  0  0  0  0  0  0  0  0  0\n   -0.3469    1.0762    0.0000 C   0  0  0  0  0  0  0  0  0  0  0  0\n   -0.9842    1.5996    0.0000 C   0  0  0  0  0  0  0  0  0  0  0  0\n   -0.4831    0.2683    0.0000 O   0  0  0  0  0  0  0  0  0  0  0  0\n   18.8092   -6.3798    0.0000 C   0  0  0  0  0  0  0  0  0  0  0  0\n   18.0909   -6.7810    0.0000 C   0  0  0  0  0  0  0  0  0  0  0  0\n   18.0776   -7.6022    0.0000 C   0  0  0  0  0  0  0  0  0  0  0  0\n   17.3634   -7.9993    0.0000 C   0  0  0  0  0  0  0  0  0  0  0  0\n   23.0806   -6.4558    0.0000 C   0  0  0  0  0  0  0  0  0  0  0  0\n   23.7811   -6.8808    0.0000 C   0  0  0  0  0  0  0  0  0  0  0  0\n   23.7668   -7.7020    0.0000 C   0  0  0  0  0  0  0  0  0  0  0  0\n   24.4714   -8.1229    0.0000 C   0  0  0  0  0  0  0  0  0  0  0  0\n  3  4  1  0\n  7 12  1  0\n 15 20  1  0\n 23 28  1  0\n 31 37  1  0\n 40 43  1  0\n 46 50  1  0\n 53 54  1  0\n 57 62  1  0\n 65 68  1  0\n 71 72  1  0\n 75 80  1  0\n 83 84  1  0\n  1  3  1  1\n  3  2  2  0\n  4  5  1  0\n  5  7  1  0\n  7  6  2  0\n  5  8  1  6\n  8  9  1  0\n  9 10  1  0\n  9 11  1  0\n 12 13  1  0\n 13 15  1  1\n 15 14  2  0\n 13 16  1  0\n 16 17  1  6\n 16 18  1  0\n 18 19  1  0\n 20 21  1  0\n 21 23  1  6\n 23 22  2  0\n 21 24  1  0\n 24 25  1  1\n 24 26  1  0\n 26 27  1  0\n 28 29  1  0\n 29 31  1  0\n 31 30  2  0\n 29 32  1  6\n 32 33  1  0\n 33 34  1  0\n 34 35  2  0\n 34 36  1  0\n 37 38  1  0\n 38 40  1  0\n 40 39  2  0\n 38 41  1  1\n 41 42  1  0\n 43 44  1  0\n 44 46  1  0\n 46 45  2  0\n 44 47  1  6\n 47 48  1  0\n 47 49  1  0\n 50 51  1  0\n 51 53  1  0\n 53 52  2  0\n 54 55  1  0\n 55 57  1  6\n 57 56  2  0\n 55 58  1  0\n 58 59  1  1\n 58 60  1  0\n 60 61  1  0\n 62 63  1  0\n 63 65  1  0\n 65 64  2  0\n 63 66  1  1\n 66 67  1  0\n 69 68  1  1\n 69 71  1  0\n 71 70  2  0\n 72 73  1  0\n 73 75  1  0\n 75 74  2  0\n 73 76  1  1\n 76 77  1  0\n 77 78  1  0\n 77 79  1  0\n 81 80  1  1\n 81 83  1  0\n 83 82  2  0\n  1 85  1  0\n 85 86  1  0\n 86 87  1  0\n 87 88  1  0\n 88  1  1  0\n 88 89  1  0\n 89 90  1  0\n 89 91  2  0\n 69 92  1  0\n 92 93  1  0\n 93 94  1  0\n 94 95  1  0\n 81 96  1  0\n 96 97  1  0\n 97 98  1  0\n 98 99  1  0\nM  END\n> <chembl_id>\nCHEMBL4205871\n\n> <chembl_pref_name>\nNone"", ""standard_inchi"": ""InChI=1S/C67H119N15O17/c1-16-21-24-42(56(69)88)71-59(91)45(30-35(6)7)74-57(89)43(25-22-17-2)72-61(93)47(33-83)77-65(97)53(38(12)18-3)78-51(87)32-70-64(96)52(37(10)11)79-62(94)48(34-84)76-58(90)44(27-28-50(68)86)73-66(98)54(39(13)19-4)81-67(99)55(40(14)20-5)80-60(92)46(31-36(8)9)75-63(95)49-26-23-29-82(49)41(15)85/h35-40,42-49,52-55,83-84H,16-34H2,1-15H3,(H2,68,86)(H2,69,88)(H,70,96)(H,71,91)(H,72,93)(H,73,98)(H,74,89)(H,75,95)(H,76,90)(H,77,97)(H,78,87)(H,79,94)(H,80,92)(H,81,99)/t38-,39-,40-,42+,43+,44-,45-,46-,47-,48-,49-,52-,53-,54-,55-/m0/s1"", ""standard_inchi_key"": ""KWCIRCOTVTXJGQ-JYQPVIDPSA-N""}","[]","[]","[]","0adfbfb6-3304-4e79-a3cb-cfaf3fa39d83","incremental","None","2025-12-22T18:37:09.740944+00:00"
"chembl:CHEMBL4218285","e32270ccfa50f036338716eebb58bc07d5f5aa52cb0b81ba6b1c6870e054b1ef","CHEMBL4218285",,"Small molecule","MOL",,,false,false,false,0,0,-1,-1,false,false,-1,0,"{""active_chembl_id"": ""CHEMBL4218285"", ""molecule_chembl_id"": ""CHEMBL4218285"", ""parent_chembl_id"": ""CHEMBL4218285""}","{""alogp"": ""3.10"", ""aromatic_rings"": 3, ""full_molformula"": ""C24H24N6O2"", ""full_mwt"": ""428.50"", ""hba"": 7, ""hbd"": 4, ""heavy_atoms"": 32, ""mw_freebase"": ""428.50"", ""np_likeness_score"": ""-0.81"", ""num_ro5_violations"": 0, ""psa"": ""122.96"", ""qed_weighted"": ""0.49"", ""ro3_pass"": ""N"", ""rtb"": 5}","{""canonical_smiles"": ""CNC(=O)c1ccc(C)c(Nc2nccc(-c3cc(C#N)c4c(c3)[C@@](C)(CO)CN4)n2)c1"", ""molfile"": ""\n     RDKit          2D\n\n 32 35  0  0  0  0  0  0  0  0999 V2000\n    5.1962   -3.5164    0.0000 C   0  0  0  0  0  0  0  0  0  0  0  0\n    4.4904   -3.9291    0.0000 C   0  0  0  0  0  0  0  0  0  0  0  0\n    5.2007   -4.3340    0.0000 C   0  0  0  0  0  0  0  0  0  0  0  0\n    2.4667   -4.4863    0.0000 C   0  0  0  0  0  0  0  0  0  0  0  0\n    2.4655   -5.3058    0.0000 C   0  0  0  0  0  0  0  0  0  0  0  0\n    3.1736   -5.7148    0.0000 C   0  0  0  0  0  0  0  0  0  0  0  0\n    3.8832   -5.3053    0.0000 C   0  0  0  0  0  0  0  0  0  0  0  0\n    3.1752   -6.5298    0.0000 C   0  0  0  0  0  0  0  0  0  0  0  0\n    2.4658   -6.9376    0.0000 C   0  0  0  0  0  0  0  0  0  0  0  0\n    2.4653   -7.7540    0.0000 C   0  0  0  0  0  0  0  0  0  0  0  0\n    3.1734   -8.1636    0.0000 N   0  0  0  0  0  0  0  0  0  0  0  0\n    3.8836   -7.7508    0.0000 C   0  0  0  0  0  0  0  0  0  0  0  0\n    3.8806   -6.9357    0.0000 N   0  0  0  0  0  0  0  0  0  0  0  0\n    3.1718   -4.0774    0.0000 C   0  0  0  0  0  0  0  0  0  0  0  0\n    3.8838   -4.4840    0.0000 C   0  0  0  0  0  0  0  0  0  0  0  0\n    4.1536   -3.1850    0.0000 C   0  0  0  0  0  0  0  0  0  0  0  0\n    3.3385   -3.2746    0.0000 N   0  0  0  0  0  0  0  0  0  0  0  0\n    1.7589   -4.0778    0.0000 C   0  0  0  0  0  0  0  0  0  0  0  0\n    1.0483   -3.6691    0.0000 N   0  0  0  0  0  0  0  0  0  0  0  0\n    5.1916   -2.6992    0.0000 O   0  0  0  0  0  0  0  0  0  0  0  0\n    4.5926   -8.1571    0.0000 N   0  0  0  0  0  0  0  0  0  0  0  0\n    5.2990   -7.7462    0.0000 C   0  0  0  0  0  0  0  0  0  0  0  0\n    6.0048   -8.1533    0.0000 C   0  0  0  0  0  0  0  0  0  0  0  0\n    6.7106   -7.7430    0.0000 C   0  0  0  0  0  0  0  0  0  0  0  0\n    6.7084   -6.9250    0.0000 C   0  0  0  0  0  0  0  0  0  0  0  0\n    5.9944   -6.5189    0.0000 C   0  0  0  0  0  0  0  0  0  0  0  0\n    5.2914   -6.9315    0.0000 C   0  0  0  0  0  0  0  0  0  0  0  0\n    6.0061   -8.9705    0.0000 C   0  0  0  0  0  0  0  0  0  0  0  0\n    5.9888   -5.7017    0.0000 C   0  0  0  0  0  0  0  0  0  0  0  0\n    6.6937   -5.2883    0.0000 N   0  0  0  0  0  0  0  0  0  0  0  0\n    5.2783   -5.2980    0.0000 O   0  0  0  0  0  0  0  0  0  0  0  0\n    7.4042   -5.6921    0.0000 C   0  0  0  0  0  0  0  0  0  0  0  0\n  2  1  1  0\n  2  3  1  1\n  4  5  2  0\n  5  6  1  0\n  6  7  2  0\n  7 15  1  0\n 14  4  1  0\n  8  9  2  0\n  9 10  1  0\n 10 11  2  0\n 11 12  1  0\n 12 13  2  0\n 13  8  1  0\n  6  8  1  0\n 14 15  2  0\n 15  2  1  0\n  2 16  1  0\n 16 17  1  0\n 17 14  1  0\n  4 18  1  0\n 18 19  3  0\n  1 20  1  0\n 12 21  1  0\n 21 22  1  0\n 22 23  2  0\n 23 24  1  0\n 24 25  2  0\n 25 26  1  0\n 26 27  2  0\n 27 22  1  0\n 23 28  1  0\n 26 29  1  0\n 29 30  1  0\n 29 31  2  0\n 30 32  1  0\nM  END\n> <chembl_id>\nCHEMBL4218285\n\n> <chembl_pref_name>\nNone"", ""standard_inchi"": ""InChI=1S/C24H24N6O2/c1-14-4-5-15(22(32)26-3)10-20(14)30-23-27-7-6-19(29-23)16-8-17(11-25)21-18(9-16)24(2,13-31)12-28-21/h4-10,28,31H,12-13H2,1-3H3,(H,26,32)(H,27,29,30)/t24-/m1/s1"", ""standard_inchi_key"": ""AZLAULHUEAUCSF-XMMPIXPASA-N""}","[]","[]","[]","0adfbfb6-3304-4e79-a3cb-cfaf3fa39d83","incremental","None","2025-12-22T18:37:09.741040+00:00"
"chembl:CHEMBL425303","3ee2cf07134787ed5b599b49155a0ff8121020df89d9d5851e6dd240a6783663","CHEMBL425303",,"Small molecule","MOL",,,false,false,false,0,0,-1,-1,false,false,-1,0,"{""active_chembl_id"": ""CHEMBL425303"", ""molecule_chembl_id"": ""CHEMBL425303"", ""parent_chembl_id"": ""CHEMBL425303""}","{""alogp"": ""4.21"", ""aromatic_rings"": 5, ""full_molformula"": ""C24H21ClN6O2"", ""full_mwt"": ""460.93"", ""hba"": 6, ""hbd"": 4, ""heavy_atoms"": 33, ""mw_freebase"": ""460.93"", ""np_likeness_score"": ""-1.29"", ""num_ro5_violations"": 0, ""psa"": ""111.62"", ""qed_weighted"": ""0.30"", ""ro3_pass"": ""N"", ""rtb"": 6}","{""canonical_smiles"": ""Cc1cc(-n2ccnc2)cc2[nH]c(-c3c(NC[C@H](O)c4cccc(Cl)c4)cc[nH]c3=O)nc12"", ""molfile"": ""\n     RDKit          2D\n\n 33 37  0  0  1  0  0  0  0  0999 V2000\n    8.8319  -22.8166    0.0000 C   0  0  0  0  0  0  0  0  0  0  0  0\n    8.8307  -23.6440    0.0000 C   0  0  0  0  0  0  0  0  0  0  0  0\n    9.5456  -24.0569    0.0000 C   0  0  0  0  0  0  0  0  0  0  0  0\n    9.5438  -22.4039    0.0000 C   0  0  0  0  0  0  0  0  0  0  0  0\n   10.2591  -22.8130    0.0000 C   0  0  0  0  0  0  0  0  0  0  0  0\n   10.2594  -23.6440    0.0000 C   0  0  0  0  0  0  0  0  0  0  0  0\n   11.0499  -23.9006    0.0000 N   0  0  0  0  0  0  0  0  0  0  0  0\n   11.5382  -23.2281    0.0000 C   0  0  0  0  0  0  0  0  0  0  0  0\n   11.0494  -22.5560    0.0000 N   0  0  0  0  0  0  0  0  0  0  0  0\n   12.3632  -23.2278    0.0000 C   0  0  0  0  0  0  0  0  0  0  0  0\n   12.7721  -23.9424    0.0000 C   0  0  0  0  0  0  0  0  0  0  0  0\n   13.5963  -23.9424    0.0000 C   0  0  0  0  0  0  0  0  0  0  0  0\n   14.0094  -23.2273    0.0000 C   0  0  0  0  0  0  0  0  0  0  0  0\n   13.5922  -22.5106    0.0000 N   0  0  0  0  0  0  0  0  0  0  0  0\n   12.7693  -22.5141    0.0000 C   0  0  0  0  0  0  0  0  0  0  0  0\n   12.3531  -21.8018    0.0000 O   0  0  0  0  0  0  0  0  0  0  0  0\n    8.1214  -22.4000    0.0000 N   0  0  0  0  0  0  0  0  0  0  0  0\n    8.0349  -21.5796    0.0000 C   0  0  0  0  0  0  0  0  0  0  0  0\n    7.2279  -21.4083    0.0000 N   0  0  0  0  0  0  0  0  0  0  0  0\n    6.8178  -22.1229    0.0000 C   0  0  0  0  0  0  0  0  0  0  0  0\n    7.3678  -22.7357    0.0000 C   0  0  0  0  0  0  0  0  0  0  0  0\n    9.5458  -24.8819    0.0000 C   0  0  0  0  0  0  0  0  0  0  0  0\n   12.3581  -24.6560    0.0000 N   0  0  0  0  0  0  0  0  0  0  0  0\n   12.7692  -25.3713    0.0000 C   0  0  0  0  0  0  0  0  0  0  0  0\n   12.3553  -26.0850    0.0000 C   0  0  0  0  0  0  0  0  0  0  0  0\n   12.7664  -26.8003    0.0000 C   0  0  0  0  0  0  0  0  0  0  0  0\n   12.3499  -27.5134    0.0000 C   0  0  0  0  0  0  0  0  0  0  0  0\n   12.7603  -28.2281    0.0000 C   0  0  0  0  0  0  0  0  0  0  0  0\n   13.5862  -28.2302    0.0000 C   0  0  0  0  0  0  0  0  0  0  0  0\n   13.9999  -27.5115    0.0000 C   0  0  0  0  0  0  0  0  0  0  0  0\n   13.5872  -26.7997    0.0000 C   0  0  0  0  0  0  0  0  0  0  0  0\n   11.5303  -26.0833    0.0000 O   0  0  0  0  0  0  0  0  0  0  0  0\n   14.8249  -27.5103    0.0000 Cl  0  0  0  0  0  0  0  0  0  0  0  0\n  5  4  2  0\n 15 16  2  0\n 17 18  1  0\n  6  7  1  0\n  7  8  2  0\n  8  9  1  0\n  9  5  1  0\n  4  1  1  0\n 18 19  2  0\n 19 20  1  0\n 20 21  2  0\n 21 17  1  0\n  1 17  1  0\n  8 10  1  0\n  3 22  1  0\n  5  6  1  0\n 11 23  1  0\n 10 11  2  0\n 23 24  1  0\n 24 25  1  0\n 11 12  1  0\n 25 26  1  0\n  2  3  1  0\n 26 27  2  0\n 12 13  2  0\n 27 28  1  0\n  3  6  2  0\n 28 29  2  0\n 13 14  1  0\n 29 30  1  0\n  1  2  2  0\n 30 31  2  0\n 31 26  1  0\n 14 15  1  0\n 25 32  1  1\n 15 10  1  0\n 30 33  1  0\nM  END\n> <chembl_id>\nCHEMBL425303\n\n> <chembl_pref_name>\nNone"", ""standard_inchi"": ""InChI=1S/C24H21ClN6O2/c1-14-9-17(31-8-7-26-13-31)11-19-22(14)30-23(29-19)21-18(5-6-27-24(21)33)28-12-20(32)15-3-2-4-16(25)10-15/h2-11,13,20,32H,12H2,1H3,(H,29,30)(H2,27,28,33)/t20-/m0/s1"", ""standard_inchi_key"": ""WASNZPFVELUKFM-FQEVSTJZSA-N""}","[]","[]","[]","0adfbfb6-3304-4e79-a3cb-cfaf3fa39d83","incremental","None","2025-12-22T18:37:09.733017+00:00"
"chembl:CHEMBL4281005","2eefa7ecfa6cb646c9eb39113686efc5b23b9ec27323be2c4f35939f535b42cb","CHEMBL4281005",,"Small molecule","MOL",,,false,false,false,0,0,-1,-1,false,false,-1,0,"{""active_chembl_id"": ""CHEMBL4281005"", ""molecule_chembl_id"": ""CHEMBL4281005"", ""parent_chembl_id"": ""CHEMBL4281005""}","{""alogp"": ""4.28"", ""aromatic_rings"": 2, ""full_molformula"": ""C22H30N2O"", ""full_mwt"": ""338.50"", ""hba"": 3, ""hbd"": 0, ""heavy_atoms"": 25, ""mw_freebase"": ""338.50"", ""np_likeness_score"": ""-1.14"", ""num_ro5_violations"": 0, ""psa"": ""15.71"", ""qed_weighted"": ""0.75"", ""ro3_pass"": ""N"", ""rtb"": 7}","{""canonical_smiles"": ""CN(C)Cc1ccccc1-c1cccc(OCCN2CCCCC2)c1"", ""molfile"": ""\n     RDKit          2D\n\n 25 27  0  0  0  0  0  0  0  0999 V2000\n   25.5641  -12.7366    0.0000 C   0  0  0  0  0  0  0  0  0  0  0  0\n   25.5641  -13.5579    0.0000 C   0  0  0  0  0  0  0  0  0  0  0  0\n   26.2735  -13.9665    0.0000 C   0  0  0  0  0  0  0  0  0  0  0  0\n   26.9829  -13.5579    0.0000 N   0  0  0  0  0  0  0  0  0  0  0  0\n   26.9829  -12.7366    0.0000 C   0  0  0  0  0  0  0  0  0  0  0  0\n   26.2735  -12.3239    0.0000 C   0  0  0  0  0  0  0  0  0  0  0  0\n   27.6941  -13.9717    0.0000 C   0  0  0  0  0  0  0  0  0  0  0  0\n   28.4065  -13.5600    0.0000 C   0  0  0  0  0  0  0  0  0  0  0  0\n   29.1178  -13.9737    0.0000 O   0  0  0  0  0  0  0  0  0  0  0  0\n   29.8302  -13.5621    0.0000 C   0  0  0  0  0  0  0  0  0  0  0  0\n   30.5417  -13.9775    0.0000 C   0  0  0  0  0  0  0  0  0  0  0  0\n   31.2495  -13.5665    0.0000 C   0  0  0  0  0  0  0  0  0  0  0  0\n   31.2512  -12.7443    0.0000 C   0  0  0  0  0  0  0  0  0  0  0  0\n   30.5391  -12.3348    0.0000 C   0  0  0  0  0  0  0  0  0  0  0  0\n   29.8300  -12.7441    0.0000 C   0  0  0  0  0  0  0  0  0  0  0  0\n   31.9606  -13.9806    0.0000 C   0  0  0  0  0  0  0  0  0  0  0  0\n   31.9569  -14.8013    0.0000 C   0  0  0  0  0  0  0  0  0  0  0  0\n   32.6671  -15.2112    0.0000 C   0  0  0  0  0  0  0  0  0  0  0  0\n   33.3807  -14.8039    0.0000 C   0  0  0  0  0  0  0  0  0  0  0  0\n   33.3797  -13.9784    0.0000 C   0  0  0  0  0  0  0  0  0  0  0  0\n   32.6689  -13.5680    0.0000 C   0  0  0  0  0  0  0  0  0  0  0  0\n   32.6673  -12.7467    0.0000 C   0  0  0  0  0  0  0  0  0  0  0  0\n   33.3784  -12.3368    0.0000 N   0  0  0  0  0  0  0  0  0  0  0  0\n   33.3768  -11.5154    0.0000 C   0  0  0  0  0  0  0  0  0  0  0  0\n   34.0910  -12.7440    0.0000 C   0  0  0  0  0  0  0  0  0  0  0  0\n  1  2  1  0\n  1  6  1  0\n  2  3  1  0\n  3  4  1  0\n  4  5  1  0\n  5  6  1  0\n  4  7  1  0\n  7  8  1  0\n  8  9  1  0\n  9 10  1  0\n 10 11  2  0\n 11 12  1  0\n 12 13  2  0\n 13 14  1  0\n 14 15  2  0\n 15 10  1  0\n 12 16  1  0\n 16 17  2  0\n 17 18  1  0\n 18 19  2  0\n 19 20  1  0\n 20 21  2  0\n 21 16  1  0\n 21 22  1  0\n 22 23  1  0\n 23 24  1  0\n 23 25  1  0\nM  END\n> <chembl_id>\nCHEMBL4281005\n\n> <chembl_pref_name>\nNone"", ""standard_inchi"": ""InChI=1S/C22H30N2O/c1-23(2)18-20-9-4-5-12-22(20)19-10-8-11-21(17-19)25-16-15-24-13-6-3-7-14-24/h4-5,8-12,17H,3,6-7,13-16,18H2,1-2H3"", ""standard_inchi_key"": ""QPYQOROYFGTEMI-UHFFFAOYSA-N""}","[]","[]","[]","0adfbfb6-3304-4e79-a3cb-cfaf3fa39d83","incremental","None","2025-12-22T18:37:09.741132+00:00"
"chembl:CHEMBL4282052","61bb9a84b153593e60d4b4aeae3ccabfcf08a3ad858fda1cc8e01b5c3d126b29","CHEMBL4282052",,"Small molecule","MOL",,,false,false,false,0,0,-1,-1,false,false,-1,0,"{""active_chembl_id"": ""CHEMBL4288391"", ""molecule_chembl_id"": ""CHEMBL4282052"", ""parent_chembl_id"": ""CHEMBL4288391""}","{""alogp"": ""6.01"", ""aromatic_rings"": 3, ""full_molformula"": ""C34H36F4N2O7"", ""full_mwt"": ""660.66"", ""hba"": 5, ""hbd"": 1, ""heavy_atoms"": 40, ""mw_freebase"": ""546.64"", ""np_likeness_score"": ""-0.61"", ""num_ro5_violations"": 2, ""psa"": ""79.31"", ""qed_weighted"": ""0.35"", ""ro3_pass"": ""N"", ""rtb"": 9}","{""canonical_smiles"": ""CCOc1cc(CN2CCC3(CC2)CC(=O)N(c2ccc(C(=O)O)cc2)C3)cc(OCC)c1-c1ccc(F)cc1.O=C(O)C(F)(F)F"", ""molfile"": ""\n     RDKit          2D\n\n 47 50  0  0  0  0  0  0  0  0999 V2000\n   26.0757  -25.8392    0.0000 F   0  0  0  0  0  0  0  0  0  0  0  0\n   25.2566  -25.8392    0.0000 C   0  0  0  0  0  0  0  0  0  0  0  0\n   24.8491  -25.1273    0.0000 C   0  0  0  0  0  0  0  0  0  0  0  0\n   24.0300  -25.1273    0.0000 O   0  0  0  0  0  0  0  0  0  0  0  0\n   25.2566  -24.4196    0.0000 O   0  0  0  0  0  0  0  0  0  0  0  0\n   24.8493  -26.5466    0.0000 F   0  0  0  0  0  0  0  0  0  0  0  0\n   25.6680  -26.5466    0.0000 F   0  0  0  0  0  0  0  0  0  0  0  0\n   15.3388  -21.6711    0.0000 C   0  0  0  0  0  0  0  0  0  0  0  0\n   15.7429  -20.9632    0.0000 C   0  0  0  0  0  0  0  0  0  0  0  0\n   15.7536  -22.3745    0.0000 O   0  0  0  0  0  0  0  0  0  0  0  0\n   15.3494  -23.0876    0.0000 C   0  0  0  0  0  0  0  0  0  0  0  0\n   15.7662  -23.7894    0.0000 C   0  0  0  0  0  0  0  0  0  0  0  0\n   15.3581  -24.5015    0.0000 C   0  0  0  0  0  0  0  0  0  0  0  0\n   14.5371  -24.5015    0.0000 C   0  0  0  0  0  0  0  0  0  0  0  0\n   14.1282  -23.7996    0.0000 C   0  0  0  0  0  0  0  0  0  0  0  0\n   14.5283  -23.0876    0.0000 C   0  0  0  0  0  0  0  0  0  0  0  0\n   14.1191  -22.3833    0.0000 C   0  0  0  0  0  0  0  0  0  0  0  0\n   13.2980  -22.3833    0.0000 C   0  0  0  0  0  0  0  0  0  0  0  0\n   12.8888  -21.6891    0.0000 C   0  0  0  0  0  0  0  0  0  0  0  0\n   13.2886  -20.9746    0.0000 C   0  0  0  0  0  0  0  0  0  0  0  0\n   14.1054  -20.9746    0.0000 C   0  0  0  0  0  0  0  0  0  0  0  0\n   14.5267  -21.6726    0.0000 C   0  0  0  0  0  0  0  0  0  0  0  0\n   12.8707  -20.2769    0.0000 F   0  0  0  0  0  0  0  0  0  0  0  0\n   13.3132  -23.7996    0.0000 O   0  0  0  0  0  0  0  0  0  0  0  0\n   12.9060  -24.5109    0.0000 C   0  0  0  0  0  0  0  0  0  0  0  0\n   12.0911  -24.5109    0.0000 C   0  0  0  0  0  0  0  0  0  0  0  0\n   15.7670  -25.2067    0.0000 C   0  0  0  0  0  0  0  0  0  0  0  0\n   16.5820  -25.2067    0.0000 N   0  0  0  0  0  0  0  0  0  0  0  0\n   16.9939  -25.9139    0.0000 C   0  0  0  0  0  0  0  0  0  0  0  0\n   17.8194  -25.9139    0.0000 C   0  0  0  0  0  0  0  0  0  0  0  0\n   18.2268  -25.2083    0.0000 C   0  0  0  0  0  0  0  0  0  0  0  0\n   18.7151  -25.8709    0.0000 C   0  0  0  0  0  0  0  0  0  0  0  0\n   19.4974  -25.6161    0.0000 N   0  0  0  0  0  0  0  0  0  0  0  0\n   19.4974  -24.7906    0.0000 C   0  0  0  0  0  0  0  0  0  0  0  0\n   18.7096  -24.5429    0.0000 C   0  0  0  0  0  0  0  0  0  0  0  0\n   20.1499  -24.3087    0.0000 O   0  0  0  0  0  0  0  0  0  0  0  0\n   20.1585  -26.0886    0.0000 C   0  0  0  0  0  0  0  0  0  0  0  0\n   20.0809  -26.9021    0.0000 C   0  0  0  0  0  0  0  0  0  0  0  0\n   20.7389  -27.3827    0.0000 C   0  0  0  0  0  0  0  0  0  0  0  0\n   21.4896  -27.0450    0.0000 C   0  0  0  0  0  0  0  0  0  0  0  0\n   21.5740  -26.2309    0.0000 C   0  0  0  0  0  0  0  0  0  0  0  0\n   20.9050  -25.7551    0.0000 C   0  0  0  0  0  0  0  0  0  0  0  0\n   22.1476  -27.5218    0.0000 C   0  0  0  0  0  0  0  0  0  0  0  0\n   22.8900  -27.1938    0.0000 O   0  0  0  0  0  0  0  0  0  0  0  0\n   22.0631  -28.3344    0.0000 O   0  0  0  0  0  0  0  0  0  0  0  0\n   17.8194  -24.4931    0.0000 C   0  0  0  0  0  0  0  0  0  0  0  0\n   16.9939  -24.4931    0.0000 C   0  0  0  0  0  0  0  0  0  0  0  0\n  1  2  1  0\n  3  2  1  0\n  3  4  1  0\n  3  5  2  0\n  2  6  1  0\n  2  7  1  0\n  8  9  1  0\n  8 10  1  0\n 10 11  1  0\n 12 11  2  0\n 13 12  1  0\n 14 13  2  0\n 15 14  1  0\n 16 15  2  0\n 16 11  1  0\n 16 17  1  0\n 17 18  2  0\n 18 19  1  0\n 19 20  2  0\n 20 21  1  0\n 21 22  2  0\n 17 22  1  0\n 23 20  1  0\n 24 15  1  0\n 25 24  1  0\n 25 26  1  0\n 13 27  1  0\n 27 28  1  0\n 29 28  1  0\n 30 29  1  0\n 31 30  1  0\n 32 31  1  0\n 32 33  1  0\n 33 34  1  0\n 34 35  1  0\n 35 31  1  0\n 36 34  2  0\n 33 37  1  0\n 38 37  2  0\n 39 38  1  0\n 40 39  2  0\n 40 41  1  0\n 42 41  2  0\n 37 42  1  0\n 40 43  1  0\n 43 44  1  0\n 43 45  2  0\n 31 46  1  0\n 47 46  1  0\n 28 47  1  0\nM  END\n> <chembl_id>\nCHEMBL4282052\n\n> <chembl_pref_name>\nNone"", ""standard_inchi"": ""InChI=1S/C32H35FN2O5.C2HF3O2/c1-3-39-27-17-22(18-28(40-4-2)30(27)23-5-9-25(33)10-6-23)20-34-15-13-32(14-16-34)19-29(36)35(21-32)26-11-7-24(8-12-26)31(37)38;3-2(4,5)1(6)7/h5-12,17-18H,3-4,13-16,19-21H2,1-2H3,(H,37,38);(H,6,7)"", ""standard_inchi_key"": ""VFUWYNPQDXMVOJ-UHFFFAOYSA-N""}","[]","[]","[]","0adfbfb6-3304-4e79-a3cb-cfaf3fa39d83","incremental","None","2025-12-22T18:37:09.741360+00:00"
"chembl:CHEMBL4285005","2e4c5bcc868850dd35fcb63355a28ea59753bd0c3d9e7f983f69ba3a48181b3e","CHEMBL4285005",,"Small molecule","MOL",,,false,false,false,0,0,-1,-1,false,false,-1,0,"{""active_chembl_id"": ""CHEMBL4285005"", ""molecule_chembl_id"": ""CHEMBL4285005"", ""parent_chembl_id"": ""CHEMBL4285005""}","{""alogp"": ""4.12"", ""aromatic_rings"": 3, ""full_molformula"": ""C25H27N5O2"", ""full_mwt"": ""429.52"", ""hba"": 5, ""hbd"": 1, ""heavy_atoms"": 32, ""mw_freebase"": ""429.52"", ""np_likeness_score"": ""-1.55"", ""num_ro5_violations"": 0, ""psa"": ""91.02"", ""qed_weighted"": ""0.68"", ""ro3_pass"": ""N"", ""rtb"": 4}","{""canonical_smiles"": ""CCC(=O)N1CCC(c2cn(C)c3ncc(NC(=O)c4cccc(C#N)c4)c(C)c23)CC1"", ""molfile"": ""\n     RDKit          2D\n\n 32 35  0  0  0  0  0  0  0  0999 V2000\n   17.5571   -1.9731    0.0000 C   0  0  0  0  0  0  0  0  0  0  0  0\n   17.9817   -2.6713    0.0000 C   0  0  0  0  0  0  0  0  0  0  0  0\n   10.6977   -4.5819    0.0000 C   0  0  0  0  0  0  0  0  0  0  0  0\n   10.6965   -5.4014    0.0000 C   0  0  0  0  0  0  0  0  0  0  0  0\n   11.4046   -5.8104    0.0000 C   0  0  0  0  0  0  0  0  0  0  0  0\n   12.1142   -5.4010    0.0000 C   0  0  0  0  0  0  0  0  0  0  0  0\n   12.1114   -4.5783    0.0000 C   0  0  0  0  0  0  0  0  0  0  0  0\n   11.4028   -4.1730    0.0000 C   0  0  0  0  0  0  0  0  0  0  0  0\n   11.4003   -3.3558    0.0000 C   0  0  0  0  0  0  0  0  0  0  0  0\n   11.3979   -2.5387    0.0000 N   0  0  0  0  0  0  0  0  0  0  0  0\n   12.8226   -5.8084    0.0000 C   0  0  0  0  0  0  0  0  0  0  0  0\n   12.8239   -6.6256    0.0000 O   0  0  0  0  0  0  0  0  0  0  0  0\n   13.5297   -5.3987    0.0000 N   0  0  0  0  0  0  0  0  0  0  0  0\n   14.2380   -5.8062    0.0000 C   0  0  0  0  0  0  0  0  0  0  0  0\n   14.2347   -6.6219    0.0000 C   0  0  0  0  0  0  0  0  0  0  0  0\n   14.9422   -7.0293    0.0000 N   0  0  0  0  0  0  0  0  0  0  0  0\n   14.9382   -5.3944    0.0000 C   0  0  0  0  0  0  0  0  0  0  0  0\n   15.6463   -5.7981    0.0000 C   0  0  0  0  0  0  0  0  0  0  0  0\n   15.6533   -6.6166    0.0000 C   0  0  0  0  0  0  0  0  0  0  0  0\n   16.4339   -6.8629    0.0000 N   0  0  0  0  0  0  0  0  0  0  0  0\n   16.9094   -6.1966    0.0000 C   0  0  0  0  0  0  0  0  0  0  0  0\n   16.4219   -5.5391    0.0000 C   0  0  0  0  0  0  0  0  0  0  0  0\n   16.8101   -4.8200    0.0000 C   0  0  0  0  0  0  0  0  0  0  0  0\n   17.6237   -4.8018    0.0000 C   0  0  0  0  0  0  0  0  0  0  0  0\n   18.0133   -4.0875    0.0000 C   0  0  0  0  0  0  0  0  0  0  0  0\n   17.5894   -3.3884    0.0000 N   0  0  0  0  0  0  0  0  0  0  0  0\n   16.7715   -3.4083    0.0000 C   0  0  0  0  0  0  0  0  0  0  0  0\n   16.3775   -4.1273    0.0000 C   0  0  0  0  0  0  0  0  0  0  0  0\n   18.7986   -2.6528    0.0000 O   0  0  0  0  0  0  0  0  0  0  0  0\n   16.6930   -7.6379    0.0000 C   0  0  0  0  0  0  0  0  0  0  0  0\n   14.9327   -4.5772    0.0000 C   0  0  0  0  0  0  0  0  0  0  0  0\n   17.9494   -1.2562    0.0000 C   0  0  0  0  0  0  0  0  0  0  0  0\n  3  4  2  0\n  4  5  1  0\n  5  6  2  0\n  6  7  1  0\n  7  8  2  0\n  8  3  1  0\n  8  9  1  0\n  9 10  3  0\n  6 11  1  0\n 11 12  2  0\n 11 13  1  0\n 13 14  1  0\n 14 15  2  0\n 15 16  1  0\n 16 19  2  0\n 18 17  2  0\n 17 14  1  0\n 18 19  1  0\n 19 20  1  0\n 20 21  1  0\n 21 22  2  0\n 22 18  1  0\n 23 24  1  0\n 23 28  1  0\n 24 25  1  0\n 25 26  1  0\n 26 27  1  0\n 27 28  1  0\n 26  2  1  0\n  2 29  2  0\n 23 22  1  0\n  2  1  1  0\n 20 30  1  0\n 17 31  1  0\n  1 32  1  0\nM  END\n> <chembl_id>\nCHEMBL4285005\n\n> <chembl_pref_name>\nNone"", ""standard_inchi"": ""InChI=1S/C25H27N5O2/c1-4-22(31)30-10-8-18(9-11-30)20-15-29(3)24-23(20)16(2)21(14-27-24)28-25(32)19-7-5-6-17(12-19)13-26/h5-7,12,14-15,18H,4,8-11H2,1-3H3,(H,28,32)"", ""standard_inchi_key"": ""IUNGMCZDZCURDO-UHFFFAOYSA-N""}","[]","[]","[]","0adfbfb6-3304-4e79-a3cb-cfaf3fa39d83","incremental","None","2025-12-22T18:37:09.741523+00:00"
"chembl:CHEMBL433757","4b4576661cd8213205dd091c98452ff71d68eaa57508fc769750484115d07da7","CHEMBL433757",,"Small molecule","MOL",,,false,false,false,0,0,-1,-1,false,false,-1,0,"{""active_chembl_id"": ""CHEMBL433757"", ""molecule_chembl_id"": ""CHEMBL433757"", ""parent_chembl_id"": ""CHEMBL433757""}","{""alogp"": ""6.82"", ""aromatic_rings"": 3, ""full_molformula"": ""C32H35N5O3S"", ""full_mwt"": ""569.73"", ""hba"": 9, ""hbd"": 1, ""heavy_atoms"": 41, ""mw_freebase"": ""569.73"", ""np_likeness_score"": ""-0.76"", ""num_ro5_violations"": 2, ""psa"": ""97.31"", ""qed_weighted"": ""0.20"", ""ro3_pass"": ""N"", ""rtb"": 10}","{""canonical_smiles"": ""COc1ccc(Cn2cnc(N)c3nc(C(C)(C)COc4ccccc4-c4cccs4)nc2-3)cc1OC1CCCC1"", ""molfile"": ""\n     RDKit          2D\n\n 41 46  0  0  0  0  0  0  0  0999 V2000\n    0.7849    1.1985    0.0000 C   0  0  0  0  0  0  0  0  0  0  0  0\n    0.7849    0.3735    0.0000 C   0  0  0  0  0  0  0  0  0  0  0  0\n    0.0003    0.1186    0.0000 N   0  0  0  0  0  0  0  0  0  0  0  0\n    0.0003    1.4534    0.0000 N   0  0  0  0  0  0  0  0  0  0  0  0\n   -0.4846    0.7860    0.0000 C   0  0  0  0  0  0  0  0  0  0  0  0\n    1.4994   -0.0390    0.0000 N   0  0  0  0  0  0  0  0  0  0  0  0\n    2.2139    1.1985    0.0000 N   0  0  0  0  0  0  0  0  0  0  0  0\n    1.4994    1.6110    0.0000 C   0  0  0  0  0  0  0  0  0  0  0  0\n    2.2139    0.3735    0.0000 C   0  0  0  0  0  0  0  0  0  0  0  0\n   -1.3096    0.7860    0.0000 C   0  0  0  0  0  0  0  0  0  0  0  0\n   -3.3721    2.9294    0.0000 C   0  0  0  0  0  0  0  0  0  0  0  0\n   -3.7846    2.2149    0.0000 C   0  0  0  0  0  0  0  0  0  0  0  0\n    2.9283   -2.5140    0.0000 C   0  0  0  0  0  0  0  0  0  0  0  0\n    1.4994   -0.8640    0.0000 C   0  0  0  0  0  0  0  0  0  0  0  0\n   -2.5517    3.0156    0.0000 S   0  0  0  0  0  0  0  0  0  0  0  0\n    2.9283   -3.3390    0.0000 O   0  0  0  0  0  0  0  0  0  0  0  0\n   -2.1346    0.7860    0.0000 C   0  0  0  0  0  0  0  0  0  0  0  0\n   -3.3721    1.5005    0.0000 C   0  0  0  0  0  0  0  0  0  0  0  0\n    3.6428   -2.1015    0.0000 C   0  0  0  0  0  0  0  0  0  0  0  0\n   -2.5471    1.5005    0.0000 O   0  0  0  0  0  0  0  0  0  0  0  0\n    2.2139   -2.1015    0.0000 C   0  0  0  0  0  0  0  0  0  0  0  0\n   -3.7077    3.6831    0.0000 C   0  0  0  0  0  0  0  0  0  0  0  0\n    2.2139   -1.2765    0.0000 C   0  0  0  0  0  0  0  0  0  0  0  0\n   -2.3801    3.8226    0.0000 C   0  0  0  0  0  0  0  0  0  0  0  0\n   -3.0946    4.2351    0.0000 C   0  0  0  0  0  0  0  0  0  0  0  0\n    1.4994    2.4360    0.0000 N   0  0  0  0  0  0  0  0  0  0  0  0\n    3.6428   -1.2765    0.0000 C   0  0  0  0  0  0  0  0  0  0  0  0\n    2.9283   -0.8640    0.0000 C   0  0  0  0  0  0  0  0  0  0  0  0\n    2.2139   -3.7515    0.0000 C   0  0  0  0  0  0  0  0  0  0  0  0\n   -1.3096   -0.0390    0.0000 C   0  0  0  0  0  0  0  0  0  0  0  0\n   -1.3096    1.6110    0.0000 C   0  0  0  0  0  0  0  0  0  0  0  0\n    4.3573   -2.5140    0.0000 O   0  0  0  0  0  0  0  0  0  0  0  0\n   -4.6096    2.2149    0.0000 C   0  0  0  0  0  0  0  0  0  0  0  0\n   -3.7846    0.7860    0.0000 C   0  0  0  0  0  0  0  0  0  0  0  0\n    4.3573   -3.3390    0.0000 C   0  0  0  0  0  0  0  0  0  0  0  0\n    1.4602   -3.4159    0.0000 C   0  0  0  0  0  0  0  0  0  0  0  0\n    2.1276   -4.5720    0.0000 C   0  0  0  0  0  0  0  0  0  0  0  0\n   -5.0221    1.5005    0.0000 C   0  0  0  0  0  0  0  0  0  0  0  0\n   -4.6096    0.7860    0.0000 C   0  0  0  0  0  0  0  0  0  0  0  0\n    1.3206   -4.7435    0.0000 C   0  0  0  0  0  0  0  0  0  0  0  0\n    0.9081   -4.0290    0.0000 C   0  0  0  0  0  0  0  0  0  0  0  0\n  2  1  1  0\n  3  2  2  0\n  4  1  1  0\n  5  4  2  0\n  6  2  1  0\n  7  8  1  0\n  8  1  2  0\n  9  7  2  0\n 10  5  1  0\n 11 12  1  0\n 12 18  1  0\n 13 21  1  0\n  6 14  1  0\n 15 11  1  0\n 16 13  1  0\n 17 10  1  0\n 18 20  1  0\n 19 27  1  0\n 20 17  1  0\n 21 23  2  0\n 22 11  2  0\n 23 14  1  0\n 24 15  1  0\n 25 22  1  0\n 26  8  1  0\n 27 28  2  0\n 28 23  1  0\n 29 16  1  0\n 30 10  1  0\n 31 10  1  0\n 32 19  1  0\n 33 12  2  0\n 34 18  2  0\n 35 32  1  0\n 36 29  1  0\n 37 29  1  0\n 38 39  2  0\n 39 34  1  0\n 40 37  1  0\n 41 36  1  0\n  5  3  1  0\n  9  6  1  0\n 19 13  2  0\n 38 33  1  0\n 24 25  2  0\n 40 41  1  0\nM  END\n> <chembl_id>\nCHEMBL433757\n\n> <chembl_pref_name>\nNone"", ""standard_inchi"": ""InChI=1S/C32H35N5O3S/c1-32(2,19-39-24-12-7-6-11-23(24)27-13-8-16-41-27)31-35-28-29(33)34-20-37(30(28)36-31)18-21-14-15-25(38-3)26(17-21)40-22-9-4-5-10-22/h6-8,11-17,20,22H,4-5,9-10,18-19,33H2,1-3H3"", ""standard_inchi_key"": ""WIQOYODZISEKQB-UHFFFAOYSA-N""}","[]","[]","[]","0adfbfb6-3304-4e79-a3cb-cfaf3fa39d83","incremental","None","2025-12-22T18:37:09.732186+00:00"
"chembl:CHEMBL481611","c80cbfa1571f8dd023093813aa11b6d3d343254076fe87dee839c4d78e2a86cf","CHEMBL481611","ODANACATIB","Small molecule","MOL",,,false,false,false,0,0,0,0,false,false,0,0,"{""active_chembl_id"": ""CHEMBL481611"", ""molecule_chembl_id"": ""CHEMBL481611"", ""parent_chembl_id"": ""CHEMBL481611""}","{""alogp"": ""4.63"", ""aromatic_rings"": 2, ""full_molformula"": ""C25H27F4N3O3S"", ""full_mwt"": ""525.57"", ""hba"": 5, ""hbd"": 2, ""heavy_atoms"": 36, ""mw_freebase"": ""525.57"", ""np_likeness_score"": ""-0.91"", ""num_ro5_violations"": 1, ""psa"": ""99.06"", ""qed_weighted"": ""0.47"", ""ro3_pass"": ""N"", ""rtb"": 9}","{""canonical_smiles"": ""CC(C)(F)C[C@H](N[C@@H](c1ccc(-c2ccc(S(C)(=O)=O)cc2)cc1)C(F)(F)F)C(=O)NC1(C#N)CC1"", ""molfile"": ""\n     RDKit          2D\n\n 36 38  0  0  0  0  0  0  0  0999 V2000\n    3.4473  -14.0839    0.0000 C   0  0  0  0  0  0  0  0  0  0  0  0\n    2.7328  -14.4964    0.0000 C   0  0  0  0  0  0  0  0  0  0  0  0\n    2.7328  -15.3214    0.0000 C   0  0  0  0  0  0  0  0  0  0  0  0\n    3.4473  -15.7339    0.0000 C   0  0  0  0  0  0  0  0  0  0  0  0\n    4.1618  -15.3214    0.0000 C   0  0  0  0  0  0  0  0  0  0  0  0\n    4.1618  -14.4964    0.0000 C   0  0  0  0  0  0  0  0  0  0  0  0\n    4.8763  -14.0839    0.0000 C   0  0  0  0  0  0  0  0  0  0  0  0\n    5.5908  -14.4964    0.0000 C   0  0  0  0  0  0  0  0  0  0  0  0\n    6.3052  -14.0839    0.0000 C   0  0  0  0  0  0  0  0  0  0  0  0\n    6.3052  -13.2589    0.0000 C   0  0  0  0  0  0  0  0  0  0  0  0\n    5.5907  -12.8464    0.0000 C   0  0  0  0  0  0  0  0  0  0  0  0\n    4.8763  -13.2589    0.0000 C   0  0  0  0  0  0  0  0  0  0  0  0\n    2.0184  -15.7339    0.0000 S   0  0  0  0  0  0  0  0  0  0  0  0\n    1.3039  -15.3214    0.0000 C   0  0  0  0  0  0  0  0  0  0  0  0\n    1.4350  -16.3173    0.0000 O   0  0  0  0  0  0  0  0  0  0  0  0\n    2.6017  -16.3173    0.0000 O   0  0  0  0  0  0  0  0  0  0  0  0\n    7.0197  -12.8464    0.0000 C   0  0  0  0  0  0  0  0  0  0  0  0\n    7.7342  -13.2589    0.0000 N   0  0  0  0  0  0  0  0  0  0  0  0\n    8.4486  -12.8464    0.0000 C   0  0  0  0  0  0  0  0  0  0  0  0\n    9.1631  -13.2589    0.0000 C   0  0  0  0  0  0  0  0  0  0  0  0\n    9.8776  -12.8464    0.0000 N   0  0  0  0  0  0  0  0  0  0  0  0\n    9.1631  -14.0839    0.0000 O   0  0  0  0  0  0  0  0  0  0  0  0\n   10.5920  -13.2589    0.0000 C   0  0  0  0  0  0  0  0  0  0  0  0\n   11.3065  -12.8464    0.0000 C   0  0  0  0  0  0  0  0  0  0  0  0\n   12.0210  -12.4339    0.0000 N   0  0  0  0  0  0  0  0  0  0  0  0\n   10.1796  -13.9734    0.0000 C   0  0  0  0  0  0  0  0  0  0  0  0\n   11.0045  -13.9734    0.0000 C   0  0  0  0  0  0  0  0  0  0  0  0\n    8.0361  -12.1319    0.0000 C   0  0  0  0  0  0  0  0  0  0  0  0\n    8.6195  -11.5486    0.0000 C   0  0  0  0  0  0  0  0  0  0  0  0\n    8.4060  -10.7517    0.0000 F   0  0  0  0  0  0  0  0  0  0  0  0\n    9.4164  -11.7621    0.0000 C   0  0  0  0  0  0  0  0  0  0  0  0\n    9.2029  -10.9652    0.0000 C   0  0  0  0  0  0  0  0  0  0  0  0\n    6.6072  -12.1319    0.0000 C   0  0  0  0  0  0  0  0  0  0  0  0\n    7.0197  -11.4175    0.0000 F   0  0  0  0  0  0  0  0  0  0  0  0\n    5.7822  -12.1319    0.0000 F   0  0  0  0  0  0  0  0  0  0  0  0\n    6.1947  -11.4175    0.0000 F   0  0  0  0  0  0  0  0  0  0  0  0\n  1  2  2  0\n  1  6  1  0\n  2  3  1  0\n  3  4  2  0\n  4  5  1  0\n  5  6  2  0\n  6  7  1  0\n  7  8  2  0\n  7 12  1  0\n  8  9  1  0\n  9 10  2  0\n 10 11  1  0\n 11 12  2  0\n  3 13  1  0\n 13 14  1  0\n 13 15  2  0\n 13 16  2  0\n 10 17  1  0\n 17 18  1  1\n 19 18  1  1\n 19 20  1  0\n 20 21  1  0\n 20 22  2  0\n 21 23  1  0\n 23 24  1  0\n 24 25  3  0\n 23 26  1  0\n 27 23  1  0\n 26 27  1  0\n 19 28  1  0\n 28 29  1  0\n 29 30  1  0\n 29 31  1  0\n 29 32  1  0\n 17 33  1  0\n 33 34  1  0\n 33 35  1  0\n 33 36  1  0\nM  END\n> <chembl_id>\nCHEMBL481611\n\n> <chembl_pref_name>\nODANACATIB"", ""standard_inchi"": ""InChI=1S/C25H27F4N3O3S/c1-23(2,26)14-20(22(33)32-24(15-30)12-13-24)31-21(25(27,28)29)18-6-4-16(5-7-18)17-8-10-19(11-9-17)36(3,34)35/h4-11,20-21,31H,12-14H2,1-3H3,(H,32,33)/t20-,21-/m0/s1"", ""standard_inchi_key"": ""FWIVDMJALNEADT-SFTDATJTSA-N""}","[{""molecule_synonym"": ""L-001037536"", ""syn_type"": ""RESEARCH_CODE"", ""synonyms"": ""L-001037536""}, {""molecule_synonym"": ""L-1037536"", ""syn_type"": ""RESEARCH_CODE"", ""synonyms"": ""L-1037536""}, {""molecule_synonym"": ""MK-0822"", ""syn_type"": ""RESEARCH_CODE"", ""synonyms"": ""MK-0822""}, {""molecule_synonym"": ""MK0822"", ""syn_type"": ""RESEARCH_CODE"", ""synonyms"": ""MK0822""}, {""molecule_synonym"": ""Odanacatib"", ""syn_type"": ""INN"", ""synonyms"": ""ODANACATIB""}, {""molecule_synonym"": ""Odanacatib"", ""syn_type"": ""JAN"", ""synonyms"": ""ODANACATIB""}, {""molecule_synonym"": ""Odanacatib"", ""syn_type"": ""MERCK_INDEX"", ""synonyms"": ""ODANACATIB""}, {""molecule_synonym"": ""Odanacatib"", ""syn_type"": ""OTHER"", ""synonyms"": ""ODANACATIB""}, {""molecule_synonym"": ""Odanacatib"", ""syn_type"": ""USAN"", ""synonyms"": ""ODANACATIB""}]","[]","[]","0adfbfb6-3304-4e79-a3cb-cfaf3fa39d83","incremental","None","2025-12-22T18:37:09.733790+00:00"
"chembl:CHEMBL497512","01b60e2df37f94243ef2412a33524a7aa1dfc4dffa2104c82c5479f381b54232","CHEMBL497512",,"Small molecule","MOL",,,false,false,false,0,0,-1,-1,false,false,-1,0,"{""active_chembl_id"": ""CHEMBL497512"", ""molecule_chembl_id"": ""CHEMBL497512"", ""parent_chembl_id"": ""CHEMBL497512""}","{""alogp"": ""4.08"", ""aromatic_rings"": 2, ""full_molformula"": ""C18H17F4NO2"", ""full_mwt"": ""355.33"", ""hba"": 3, ""hbd"": 1, ""heavy_atoms"": 25, ""mw_freebase"": ""355.33"", ""np_likeness_score"": ""-0.11"", ""num_ro5_violations"": 0, ""psa"": ""30.49"", ""qed_weighted"": ""0.84"", ""ro3_pass"": ""N"", ""rtb"": 4}","{""canonical_smiles"": ""CNC[C@@H]1OCc2ccccc2[C@@H]1Oc1c(F)cccc1C(F)(F)F"", ""molfile"": ""\n     RDKit          2D\n\n 25 27  0  0  0  0  0  0  0  0999 V2000\n    9.9867  -20.2239    0.0000 C   0  0  0  0  0  0  0  0  0  0  0  0\n    9.9848  -21.0460    0.0000 C   0  0  0  0  0  0  0  0  0  0  0  0\n   10.7007  -21.4601    0.0000 C   0  0  0  0  0  0  0  0  0  0  0  0\n   10.6980  -19.8100    0.0000 C   0  0  0  0  0  0  0  0  0  0  0  0\n   11.4104  -20.2183    0.0000 C   0  0  0  0  0  0  0  0  0  0  0  0\n   11.4157  -21.0493    0.0000 C   0  0  0  0  0  0  0  0  0  0  0  0\n   12.1342  -21.4610    0.0000 C   0  0  0  0  0  0  0  0  0  0  0  0\n   12.8500  -21.0401    0.0000 O   0  0  0  0  0  0  0  0  0  0  0  0\n   12.8438  -20.2116    0.0000 C   0  0  0  0  0  0  0  0  0  0  0  0\n   12.1235  -19.7989    0.0000 C   0  0  0  0  0  0  0  0  0  0  0  0\n   11.9322  -18.7463    0.0000 O   0  0  0  0  0  0  0  0  0  0  0  0\n   13.5598  -19.7978    0.0000 C   0  0  0  0  0  0  0  0  0  0  0  0\n   14.2701  -20.2108    0.0000 N   0  0  0  0  0  0  0  0  0  0  0  0\n   14.2701  -21.0334    0.0000 C   0  0  0  0  0  0  0  0  0  0  0  0\n   12.6221  -17.9239    0.0000 C   0  0  0  0  0  0  0  0  0  0  0  0\n   12.2103  -17.2173    0.0000 C   0  0  0  0  0  0  0  0  0  0  0  0\n   12.6285  -16.5037    0.0000 C   0  0  0  0  0  0  0  0  0  0  0  0\n   13.4526  -16.5100    0.0000 C   0  0  0  0  0  0  0  0  0  0  0  0\n   13.8596  -17.2281    0.0000 C   0  0  0  0  0  0  0  0  0  0  0  0\n   13.4400  -17.9355    0.0000 C   0  0  0  0  0  0  0  0  0  0  0  0\n   13.8539  -18.6473    0.0000 C   0  0  0  0  0  0  0  0  0  0  0  0\n   11.3868  -17.2173    0.0000 F   0  0  0  0  0  0  0  0  0  0  0  0\n   14.2680  -19.3753    0.0000 F   0  0  0  0  0  0  0  0  0  0  0  0\n   14.5862  -18.2261    0.0000 F   0  0  0  0  0  0  0  0  0  0  0  0\n   13.1145  -19.0559    0.0000 F   0  0  0  0  0  0  0  0  0  0  0  0\n  3  6  2  0\n  5  4  2  0\n  4  1  1  0\n  5  6  1  0\n  5 10  1  0\n  6  7  1  0\n  7  8  1  0\n  8  9  1  0\n  9 10  1  0\n 10 11  1  6\n  9 12  1  6\n 12 13  1  0\n 13 14  1  0\n 11 15  1  0\n 15 16  2  0\n 16 17  1  0\n 17 18  2  0\n 18 19  1  0\n 19 20  2  0\n 20 15  1  0\n 20 21  1  0\n 16 22  1  0\n 21 23  1  0\n  1  2  2  0\n 21 24  1  0\n  2  3  1  0\n 21 25  1  0\nM  END\n> <chembl_id>\nCHEMBL497512\n\n> <chembl_pref_name>\nNone"", ""standard_inchi"": ""InChI=1S/C18H17F4NO2/c1-23-9-15-16(12-6-3-2-5-11(12)10-24-15)25-17-13(18(20,21)22)7-4-8-14(17)19/h2-8,15-16,23H,9-10H2,1H3/t15-,16-/m0/s1"", ""standard_inchi_key"": ""ULFUJAQEYUFVSH-HOTGVXAUSA-N""}","[]","[]","[]","0adfbfb6-3304-4e79-a3cb-cfaf3fa39d83","incremental","None","2025-12-22T18:37:09.734066+00:00"
"chembl:CHEMBL514837","cbd07e491d9c348b0bb8337785151cc0b4acc1189db6b02ddfa5b4ae97d0cda4","CHEMBL514837",,"Small molecule","MOL",,,false,false,false,0,0,-1,-1,false,false,-1,0,"{""active_chembl_id"": ""CHEMBL514837"", ""molecule_chembl_id"": ""CHEMBL514837"", ""parent_chembl_id"": ""CHEMBL514837""}","{""alogp"": ""2.84"", ""aromatic_rings"": 2, ""full_molformula"": ""C26H36N4O4"", ""full_mwt"": ""468.60"", ""hba"": 7, ""hbd"": 1, ""heavy_atoms"": 34, ""mw_freebase"": ""468.60"", ""np_likeness_score"": ""-1.38"", ""num_ro5_violations"": 0, ""psa"": ""76.16"", ""qed_weighted"": ""0.54"", ""ro3_pass"": ""N"", ""rtb"": 10}","{""canonical_smiles"": ""CCCCOc1ncccc1C(=O)NCCN1CCCN(CC2COc3ccccc3O2)CC1"", ""molfile"": ""\n     RDKit          2D\n\n 34 37  0  0  0  0  0  0  0  0999 V2000\n    1.6408   -3.7261    0.0000 C   0  0  0  0  0  0  0  0  0  0  0  0\n    0.9263   -4.1386    0.0000 C   0  0  0  0  0  0  0  0  0  0  0  0\n    0.9263   -4.9636    0.0000 C   0  0  0  0  0  0  0  0  0  0  0  0\n    1.6408   -5.3761    0.0000 C   0  0  0  0  0  0  0  0  0  0  0  0\n    2.3553   -4.1386    0.0000 C   0  0  0  0  0  0  0  0  0  0  0  0\n    2.3553   -4.9636    0.0000 C   0  0  0  0  0  0  0  0  0  0  0  0\n    3.0697   -5.3761    0.0000 O   0  0  0  0  0  0  0  0  0  0  0  0\n    3.7842   -4.9636    0.0000 C   0  0  0  0  0  0  0  0  0  0  0  0\n    3.7842   -4.1386    0.0000 C   0  0  0  0  0  0  0  0  0  0  0  0\n    3.0697   -3.7261    0.0000 O   0  0  0  0  0  0  0  0  0  0  0  0\n    4.4987   -3.7261    0.0000 C   0  0  0  0  0  0  0  0  0  0  0  0\n    5.2131   -4.1386    0.0000 N   0  0  0  0  0  0  0  0  0  0  0  0\n    5.8948   -3.6738    0.0000 C   0  0  0  0  0  0  0  0  0  0  0  0\n    6.6831   -3.9170    0.0000 C   0  0  0  0  0  0  0  0  0  0  0  0\n    5.1515   -4.9613    0.0000 C   0  0  0  0  0  0  0  0  0  0  0  0\n    6.9845   -4.6850    0.0000 N   0  0  0  0  0  0  0  0  0  0  0  0\n    5.7563   -5.5224    0.0000 C   0  0  0  0  0  0  0  0  0  0  0  0\n    6.5720   -5.3994    0.0000 C   0  0  0  0  0  0  0  0  0  0  0  0\n    7.8072   -4.7466    0.0000 C   0  0  0  0  0  0  0  0  0  0  0  0\n    8.1652   -5.4899    0.0000 C   0  0  0  0  0  0  0  0  0  0  0  0\n    8.9879   -5.5516    0.0000 N   0  0  0  0  0  0  0  0  0  0  0  0\n    9.3458   -6.2949    0.0000 C   0  0  0  0  0  0  0  0  0  0  0  0\n    8.8811   -6.9765    0.0000 O   0  0  0  0  0  0  0  0  0  0  0  0\n   10.1685   -6.3565    0.0000 C   0  0  0  0  0  0  0  0  0  0  0  0\n   10.6333   -5.6749    0.0000 C   0  0  0  0  0  0  0  0  0  0  0  0\n   11.4560   -5.7365    0.0000 C   0  0  0  0  0  0  0  0  0  0  0  0\n   11.8139   -6.4798    0.0000 C   0  0  0  0  0  0  0  0  0  0  0  0\n   11.3492   -7.1615    0.0000 N   0  0  0  0  0  0  0  0  0  0  0  0\n   10.5265   -7.0998    0.0000 C   0  0  0  0  0  0  0  0  0  0  0  0\n   10.0617   -7.7815    0.0000 O   0  0  0  0  0  0  0  0  0  0  0  0\n   10.4197   -8.5248    0.0000 C   0  0  0  0  0  0  0  0  0  0  0  0\n   11.2424   -8.5864    0.0000 C   0  0  0  0  0  0  0  0  0  0  0  0\n   11.6003   -9.3297    0.0000 C   0  0  0  0  0  0  0  0  0  0  0  0\n   12.4230   -9.3914    0.0000 C   0  0  0  0  0  0  0  0  0  0  0  0\n  4  6  1  0\n 15 17  1  0\n  5 10  1  0\n 16 18  1  0\n 17 18  1  0\n  6  7  1  0\n 16 19  1  0\n  7  8  1  0\n 19 20  1  0\n  8  9  1  0\n 20 21  1  0\n  9 10  1  0\n 21 22  1  0\n  5  6  2  0\n 22 23  2  0\n  9 11  1  0\n 22 24  1  0\n  1  2  2  0\n 24 25  2  0\n 11 12  1  0\n 25 26  1  0\n  5  1  1  0\n 26 27  2  0\n 12 13  1  0\n 27 28  1  0\n  2  3  1  0\n 28 29  2  0\n 29 24  1  0\n 13 14  1  0\n 29 30  1  0\n 30 31  1  0\n 12 15  1  0\n 31 32  1  0\n  3  4  2  0\n 32 33  1  0\n 14 16  1  0\n 33 34  1  0\nM  END\n> <chembl_id>\nCHEMBL514837\n\n> <chembl_pref_name>\nNone"", ""standard_inchi"": ""InChI=1S/C26H36N4O4/c1-2-3-18-32-26-22(8-6-11-28-26)25(31)27-12-15-29-13-7-14-30(17-16-29)19-21-20-33-23-9-4-5-10-24(23)34-21/h4-6,8-11,21H,2-3,7,12-20H2,1H3,(H,27,31)"", ""standard_inchi_key"": ""OYOGQACTFBHTOD-UHFFFAOYSA-N""}","[]","[]","[]","0adfbfb6-3304-4e79-a3cb-cfaf3fa39d83","incremental","None","2025-12-22T18:37:09.733885+00:00"
"chembl:CHEMBL518208","1463799721dc16c40badb75723b126bbb82c98416920346f4853e2ff1fb84bc9","CHEMBL518208",,"Small molecule","MOL",,,false,false,false,0,0,-1,-1,false,false,-1,0,"{""active_chembl_id"": ""CHEMBL518208"", ""molecule_chembl_id"": ""CHEMBL518208"", ""parent_chembl_id"": ""CHEMBL518208""}","{""alogp"": ""5.69"", ""aromatic_rings"": 5, ""full_molformula"": ""C28H23FN4O4"", ""full_mwt"": ""498.51"", ""hba"": 8, ""hbd"": 1, ""heavy_atoms"": 37, ""mw_freebase"": ""498.51"", ""np_likeness_score"": ""-0.80"", ""num_ro5_violations"": 1, ""psa"": ""87.50"", ""qed_weighted"": ""0.31"", ""ro3_pass"": ""N"", ""rtb"": 7}","{""canonical_smiles"": ""COc1cc2nccc(Oc3ccc(-c4cnc(Nc5ccccc5)n(C)c4=O)cc3F)c2cc1OC"", ""molfile"": ""\n     RDKit          2D\n\n 37 41  0  0  0  0  0  0  0  0999 V2000\n   -3.9694  -22.6742    0.0000 C   0  0  0  0  0  0  0  0  0  0  0  0\n   -3.9708  -23.5025    0.0000 C   0  0  0  0  0  0  0  0  0  0  0  0\n   -3.2572  -23.9157    0.0000 C   0  0  0  0  0  0  0  0  0  0  0  0\n   -3.2591  -22.2610    0.0000 C   0  0  0  0  0  0  0  0  0  0  0  0\n   -2.5404  -22.6702    0.0000 C   0  0  0  0  0  0  0  0  0  0  0  0\n   -2.5394  -23.4982    0.0000 C   0  0  0  0  0  0  0  0  0  0  0  0\n   -1.8228  -23.9096    0.0000 N   0  0  0  0  0  0  0  0  0  0  0  0\n   -1.1069  -23.4939    0.0000 C   0  0  0  0  0  0  0  0  0  0  0  0\n   -1.1119  -22.6627    0.0000 C   0  0  0  0  0  0  0  0  0  0  0  0\n   -1.8291  -22.2552    0.0000 C   0  0  0  0  0  0  0  0  0  0  0  0\n   -1.8337  -21.4295    0.0000 O   0  0  0  0  0  0  0  0  0  0  0  0\n   -1.1209  -21.0126    0.0000 C   0  0  0  0  0  0  0  0  0  0  0  0\n   -0.4081  -21.4251    0.0000 C   0  0  0  0  0  0  0  0  0  0  0  0\n    0.3042  -21.0088    0.0000 C   0  0  0  0  0  0  0  0  0  0  0  0\n    0.2999  -20.1822    0.0000 C   0  0  0  0  0  0  0  0  0  0  0  0\n   -0.4225  -19.7737    0.0000 C   0  0  0  0  0  0  0  0  0  0  0  0\n   -1.1317  -20.1923    0.0000 C   0  0  0  0  0  0  0  0  0  0  0  0\n   -0.4063  -22.2507    0.0000 F   0  0  0  0  0  0  0  0  0  0  0  0\n    1.0121  -19.7644    0.0000 C   0  0  0  0  0  0  0  0  0  0  0  0\n    1.7258  -20.1762    0.0000 C   0  0  0  0  0  0  0  0  0  0  0  0\n    2.4375  -19.7591    0.0000 N   0  0  0  0  0  0  0  0  0  0  0  0\n    2.4321  -18.9325    0.0000 C   0  0  0  0  0  0  0  0  0  0  0  0\n    1.7092  -18.5248    0.0000 N   0  0  0  0  0  0  0  0  0  0  0  0\n    1.0005  -18.9444    0.0000 C   0  0  0  0  0  0  0  0  0  0  0  0\n    1.7287  -21.0019    0.0000 O   0  0  0  0  0  0  0  0  0  0  0  0\n    3.1438  -18.5137    0.0000 N   0  0  0  0  0  0  0  0  0  0  0  0\n    3.8622  -18.9206    0.0000 C   0  0  0  0  0  0  0  0  0  0  0  0\n    3.8664  -19.7444    0.0000 C   0  0  0  0  0  0  0  0  0  0  0  0\n    4.5841  -20.1512    0.0000 C   0  0  0  0  0  0  0  0  0  0  0  0\n    5.2966  -19.7324    0.0000 C   0  0  0  0  0  0  0  0  0  0  0  0\n    5.2871  -18.9024    0.0000 C   0  0  0  0  0  0  0  0  0  0  0  0\n    4.5689  -18.4994    0.0000 C   0  0  0  0  0  0  0  0  0  0  0  0\n   -4.6848  -22.2619    0.0000 O   0  0  0  0  0  0  0  0  0  0  0  0\n   -4.6856  -21.4362    0.0000 C   0  0  0  0  0  0  0  0  0  0  0  0\n   -4.6864  -23.9142    0.0000 O   0  0  0  0  0  0  0  0  0  0  0  0\n   -5.4009  -23.5004    0.0000 C   0  0  0  0  0  0  0  0  0  0  0  0\n    3.1552  -20.1673    0.0000 C   0  0  0  0  0  0  0  0  0  0  0  0\n  5  4  2  0\n 13 18  1  0\n  8  9  1  0\n 15 19  1  0\n  4  1  1  0\n 19 20  1  0\n  9 10  2  0\n 20 21  1  0\n 10  5  1  0\n 21 22  1  0\n 22 23  2  0\n 10 11  1  0\n 23 24  1  0\n 24 19  2  0\n  2  3  1  0\n 20 25  2  0\n 11 12  1  0\n 22 26  1  0\n  5  6  1  0\n 26 27  1  0\n 12 13  2  0\n 27 28  2  0\n  3  6  2  0\n 28 29  1  0\n 13 14  1  0\n 29 30  2  0\n  6  7  1  0\n 30 31  1  0\n 14 15  2  0\n 31 32  2  0\n 32 27  1  0\n  1  2  2  0\n  1 33  1  0\n 15 16  1  0\n 33 34  1  0\n  7  8  2  0\n  2 35  1  0\n 16 17  2  0\n 35 36  1  0\n 17 12  1  0\n 21 37  1  0\nM  END\n> <chembl_id>\nCHEMBL518208\n\n> <chembl_pref_name>\nNone"", ""standard_inchi"": ""InChI=1S/C28H23FN4O4/c1-33-27(34)20(16-31-28(33)32-18-7-5-4-6-8-18)17-9-10-24(21(29)13-17)37-23-11-12-30-22-15-26(36-3)25(35-2)14-19(22)23/h4-16H,1-3H3,(H,31,32)"", ""standard_inchi_key"": ""BJPFHTCZRZBWRU-UHFFFAOYSA-N""}","[]","[]","[]","0adfbfb6-3304-4e79-a3cb-cfaf3fa39d83","incremental","None","2025-12-22T18:37:09.733678+00:00"
"chembl:CHEMBL52076","4d8347cb0f81ff8bf395cf39f098c5fca3da61374d90a62e9d294bde628b5c66","CHEMBL52076",,"Small molecule","MOL",,,false,false,false,0,0,-1,-1,false,false,-1,0,"{""active_chembl_id"": ""CHEMBL52076"", ""molecule_chembl_id"": ""CHEMBL52076"", ""parent_chembl_id"": ""CHEMBL52076""}","{""alogp"": ""3.11"", ""aromatic_rings"": 3, ""full_molformula"": ""C13H10BrN5"", ""full_mwt"": ""316.16"", ""hba"": 5, ""hbd"": 2, ""heavy_atoms"": 19, ""mw_freebase"": ""316.16"", ""np_likeness_score"": ""-0.98"", ""num_ro5_violations"": 0, ""psa"": ""76.72"", ""qed_weighted"": ""0.76"", ""ro3_pass"": ""N"", ""rtb"": 2}","{""canonical_smiles"": ""Nc1cc2ncnc(Nc3cccc(Br)c3)c2cn1"", ""molfile"": ""\n     RDKit          2D\n\n 19 21  0  0  0  0  0  0  0  0999 V2000\n   -1.4289   -3.0829    0.0000 Br  0  0  0  0  0  0  0  0  0  0  0  0\n    0.0000   -0.6079    0.0000 N   0  0  0  0  0  0  0  0  0  0  0  0\n   -0.7145    0.6296    0.0000 N   0  0  0  0  0  0  0  0  0  0  0  0\n    0.0000    1.8671    0.0000 N   0  0  0  0  0  0  0  0  0  0  0  0\n    2.1434    0.6296    0.0000 N   0  0  0  0  0  0  0  0  0  0  0  0\n    2.8579    1.8671    0.0000 N   0  0  0  0  0  0  0  0  0  0  0  0\n    0.7145    0.6296    0.0000 C   0  0  0  0  0  0  0  0  0  0  0  0\n    0.7145    1.4546    0.0000 C   0  0  0  0  0  0  0  0  0  0  0  0\n    0.0000    0.2171    0.0000 C   0  0  0  0  0  0  0  0  0  0  0  0\n    1.4289    0.2171    0.0000 C   0  0  0  0  0  0  0  0  0  0  0  0\n    1.4289    1.8671    0.0000 C   0  0  0  0  0  0  0  0  0  0  0  0\n    2.1434    1.4546    0.0000 C   0  0  0  0  0  0  0  0  0  0  0  0\n   -0.7145   -1.0204    0.0000 C   0  0  0  0  0  0  0  0  0  0  0  0\n   -0.7145    1.4546    0.0000 C   0  0  0  0  0  0  0  0  0  0  0  0\n   -0.7145   -1.8454    0.0000 C   0  0  0  0  0  0  0  0  0  0  0  0\n   -1.4289   -0.6079    0.0000 C   0  0  0  0  0  0  0  0  0  0  0  0\n   -1.4289   -2.2579    0.0000 C   0  0  0  0  0  0  0  0  0  0  0  0\n   -2.1434   -1.0204    0.0000 C   0  0  0  0  0  0  0  0  0  0  0  0\n   -2.1434   -1.8454    0.0000 C   0  0  0  0  0  0  0  0  0  0  0  0\n  1 17  1  0\n  2  9  1  0\n  2 13  1  0\n  3  9  2  0\n  3 14  1  0\n  4  8  1  0\n  4 14  2  0\n  5 10  2  0\n  5 12  1  0\n  6 12  1  0\n  7  8  2  0\n  7  9  1  0\n  7 10  1  0\n  8 11  1  0\n 11 12  2  0\n 13 15  2  0\n 13 16  1  0\n 15 17  1  0\n 16 18  2  0\n 17 19  2  0\n 18 19  1  0\nM  END\n> <chembl_id>\nCHEMBL52076\n\n> <chembl_pref_name>\nNone"", ""standard_inchi"": ""InChI=1S/C13H10BrN5/c14-8-2-1-3-9(4-8)19-13-10-6-16-12(15)5-11(10)17-7-18-13/h1-7H,(H2,15,16)(H,17,18,19)"", ""standard_inchi_key"": ""SFUYILVZGXHCDG-UHFFFAOYSA-N""}","[]","[]","[]","0adfbfb6-3304-4e79-a3cb-cfaf3fa39d83","incremental","None","2025-12-22T18:37:09.731442+00:00"
"chembl:CHEMBL525375","7e6de4d5f7d37fb8043022b6f0af9f8099d7baffd8c8ca79be3b8ec7ca7a74e9","CHEMBL525375",,"Small molecule","MOL",,,false,false,false,0,0,-1,-1,false,false,-1,0,"{""active_chembl_id"": ""CHEMBL525375"", ""molecule_chembl_id"": ""CHEMBL525375"", ""parent_chembl_id"": ""CHEMBL525375""}","{""alogp"": ""3.90"", ""aromatic_rings"": 2, ""full_molformula"": ""C19H23NO"", ""full_mwt"": ""281.40"", ""hba"": 2, ""hbd"": 1, ""heavy_atoms"": 21, ""mw_freebase"": ""281.40"", ""np_likeness_score"": ""0.49"", ""num_ro5_violations"": 0, ""psa"": ""21.26"", ""qed_weighted"": ""0.92"", ""ro3_pass"": ""N"", ""rtb"": 4}","{""canonical_smiles"": ""CNC[C@@H]1CCc2ccccc2[C@@H]1Oc1ccccc1C"", ""molfile"": ""\n     RDKit          2D\n\n 21 23  0  0  0  0  0  0  0  0999 V2000\n   14.7775  -21.4198    0.0000 C   0  0  0  0  0  0  0  0  0  0  0  0\n   15.4908  -21.0106    0.0000 C   0  0  0  0  0  0  0  0  0  0  0  0\n   15.4908  -20.1840    0.0000 C   0  0  0  0  0  0  0  0  0  0  0  0\n   14.7775  -19.7666    0.0000 C   0  0  0  0  0  0  0  0  0  0  0  0\n   14.0641  -21.0106    0.0000 C   0  0  0  0  0  0  0  0  0  0  0  0\n   14.0667  -20.1859    0.0000 C   0  0  0  0  0  0  0  0  0  0  0  0\n   13.3549  -19.7732    0.0000 C   0  0  0  0  0  0  0  0  0  0  0  0\n   12.6400  -20.1839    0.0000 C   0  0  0  0  0  0  0  0  0  0  0  0\n   12.6414  -21.0118    0.0000 C   0  0  0  0  0  0  0  0  0  0  0  0\n   13.3539  -21.4209    0.0000 C   0  0  0  0  0  0  0  0  0  0  0  0\n   14.7761  -18.9401    0.0000 O   0  0  0  0  0  0  0  0  0  0  0  0\n   16.2079  -19.7729    0.0000 C   0  0  0  0  0  0  0  0  0  0  0  0\n   16.9226  -20.1882    0.0000 N   0  0  0  0  0  0  0  0  0  0  0  0\n   15.4911  -18.5255    0.0000 C   0  0  0  0  0  0  0  0  0  0  0  0\n   16.2051  -18.9385    0.0000 C   0  0  0  0  0  0  0  0  0  0  0  0\n   16.9196  -18.5246    0.0000 C   0  0  0  0  0  0  0  0  0  0  0  0\n   16.9186  -17.6971    0.0000 C   0  0  0  0  0  0  0  0  0  0  0  0\n   16.1971  -17.2853    0.0000 C   0  0  0  0  0  0  0  0  0  0  0  0\n   15.4854  -17.7015    0.0000 C   0  0  0  0  0  0  0  0  0  0  0  0\n   14.7671  -17.2928    0.0000 C   0  0  0  0  0  0  0  0  0  0  0  0\n   16.9201  -21.0148    0.0000 C   0  0  0  0  0  0  0  0  0  0  0  0\n 10  5  1  0\n  4 11  1  6\n  6  4  1  0\n  3 12  1  6\n  5  6  2  0\n 12 13  1  0\n  5  1  1  0\n 11 14  1  0\n  6  7  1  0\n 14 15  2  0\n  1  2  1  0\n 15 16  1  0\n  7  8  2  0\n 16 17  2  0\n  2  3  1  0\n 17 18  1  0\n  8  9  1  0\n 18 19  2  0\n 19 14  1  0\n  3  4  1  0\n 19 20  1  0\n  9 10  2  0\n 13 21  1  0\nM  END\n> <chembl_id>\nCHEMBL525375\n\n> <chembl_pref_name>\nNone"", ""standard_inchi"": ""InChI=1S/C19H23NO/c1-14-7-3-6-10-18(14)21-19-16(13-20-2)12-11-15-8-4-5-9-17(15)19/h3-10,16,19-20H,11-13H2,1-2H3/t16-,19+/m0/s1"", ""standard_inchi_key"": ""CBIWVBLPTDWHKB-QFBILLFUSA-N""}","[]","[]","[]","0adfbfb6-3304-4e79-a3cb-cfaf3fa39d83","incremental","None","2025-12-22T18:37:09.733973+00:00"
"chembl:CHEMBL590397","118e0d2495e8fce5350bd356ee18e1a20a5ac3ae765c26450fc0d9d7b01a6927","CHEMBL590397",,"Small molecule","MOL",,,false,false,false,0,0,-1,-1,false,false,-1,0,"{""active_chembl_id"": ""CHEMBL590397"", ""molecule_chembl_id"": ""CHEMBL590397"", ""parent_chembl_id"": ""CHEMBL590397""}","{""alogp"": ""4.18"", ""aromatic_rings"": 3, ""full_molformula"": ""C17H14N2O2S"", ""full_mwt"": ""310.38"", ""hba"": 4, ""hbd"": 2, ""heavy_atoms"": 22, ""mw_freebase"": ""310.38"", ""np_likeness_score"": ""-1.37"", ""num_ro5_violations"": 0, ""psa"": ""62.22"", ""qed_weighted"": ""0.74"", ""ro3_pass"": ""N"", ""rtb"": 5}","{""canonical_smiles"": ""O=C(O)Cc1sc(Nc2ccccc2)nc1-c1ccccc1"", ""molfile"": ""\n     RDKit          2D\n\n 22 24  0  0  0  0  0  0  0  0999 V2000\n   -2.0616   -2.0199    0.0000 C   0  0  0  0  0  0  0  0  0  0  0  0\n   -1.2353   -2.0199    0.0000 S   0  0  0  0  0  0  0  0  0  0  0  0\n   -0.9781   -1.2345    0.0000 C   0  0  0  0  0  0  0  0  0  0  0  0\n   -1.6485   -0.7470    0.0000 N   0  0  0  0  0  0  0  0  0  0  0  0\n   -2.3145   -1.2345    0.0000 C   0  0  0  0  0  0  0  0  0  0  0  0\n   -3.0342   -0.8336    0.0000 C   0  0  0  0  0  0  0  0  0  0  0  0\n   -2.5482   -2.6877    0.0000 C   0  0  0  0  0  0  0  0  0  0  0  0\n   -2.2131   -3.4430    0.0000 C   0  0  0  0  0  0  0  0  0  0  0  0\n   -2.6980   -4.1111    0.0000 O   0  0  0  0  0  0  0  0  0  0  0  0\n   -1.3898   -3.5307    0.0000 O   0  0  0  0  0  0  0  0  0  0  0  0\n   -3.0446   -0.0119    0.0000 C   0  0  0  0  0  0  0  0  0  0  0  0\n   -3.7635    0.3889    0.0000 C   0  0  0  0  0  0  0  0  0  0  0  0\n   -4.4715   -0.0341    0.0000 C   0  0  0  0  0  0  0  0  0  0  0  0\n   -4.4561   -0.8620    0.0000 C   0  0  0  0  0  0  0  0  0  0  0  0\n   -3.7366   -1.2591    0.0000 C   0  0  0  0  0  0  0  0  0  0  0  0\n   -0.1919   -0.9802    0.0000 N   0  0  0  0  0  0  0  0  0  0  0  0\n   -0.1707   -0.1479    0.0000 C   0  0  0  0  0  0  0  0  0  0  0  0\n    0.5542    0.2460    0.0000 C   0  0  0  0  0  0  0  0  0  0  0  0\n    0.5731    1.0713    0.0000 C   0  0  0  0  0  0  0  0  0  0  0  0\n   -0.1336    1.5012    0.0000 C   0  0  0  0  0  0  0  0  0  0  0  0\n   -0.8607    1.0999    0.0000 C   0  0  0  0  0  0  0  0  0  0  0  0\n   -0.8761    0.2759    0.0000 C   0  0  0  0  0  0  0  0  0  0  0  0\n  6 11  2  0\n  1  2  1  0\n 11 12  1  0\n  5  6  1  0\n 12 13  2  0\n 13 14  1  0\n  1  7  1  0\n 14 15  2  0\n 15  6  1  0\n  2  3  1  0\n  3 16  1  0\n  7  8  1  0\n 16 17  1  0\n  3  4  2  0\n 17 18  2  0\n  4  5  1  0\n 18 19  1  0\n  8  9  1  0\n 19 20  2  0\n  8 10  2  0\n 20 21  1  0\n  5  1  2  0\n 21 22  2  0\n 22 17  1  0\nM  END\n> <chembl_id>\nCHEMBL590397\n\n> <chembl_pref_name>\nNone"", ""standard_inchi"": ""InChI=1S/C17H14N2O2S/c20-15(21)11-14-16(12-7-3-1-4-8-12)19-17(22-14)18-13-9-5-2-6-10-13/h1-10H,11H2,(H,18,19)(H,20,21)"", ""standard_inchi_key"": ""PXJWQRNWNJPWPS-UHFFFAOYSA-N""}","[]","[]","[]","0adfbfb6-3304-4e79-a3cb-cfaf3fa39d83","incremental","None","2025-12-22T18:37:09.734244+00:00"
"chembl:CHEMBL590546","713d06cd924c3c895588cfd0177fd6d5ced5ac3c7847a776c9c352a1b80b444e","CHEMBL590546",,"Small molecule","MOL",,,false,false,false,0,0,-1,-1,false,false,-1,0,"{""active_chembl_id"": ""CHEMBL590546"", ""molecule_chembl_id"": ""CHEMBL590546"", ""parent_chembl_id"": ""CHEMBL590546""}","{""alogp"": ""5.29"", ""aromatic_rings"": 4, ""full_molformula"": ""C23H16F2N2O2S"", ""full_mwt"": ""422.46"", ""hba"": 4, ""hbd"": 1, ""heavy_atoms"": 30, ""mw_freebase"": ""422.46"", ""np_likeness_score"": ""-0.95"", ""num_ro5_violations"": 1, ""psa"": ""63.08"", ""qed_weighted"": ""0.46"", ""ro3_pass"": ""N"", ""rtb"": 6}","{""canonical_smiles"": ""O=C(O)Cc1sc(C(c2ccc(F)cc2)c2ccc(F)cc2)nc1-c1cccnc1"", ""molfile"": ""\n     RDKit          2D\n\n 30 33  0  0  0  0  0  0  0  0999 V2000\n   19.7130  -21.2477    0.0000 C   0  0  0  0  0  0  0  0  0  0  0  0\n   20.5387  -21.2477    0.0000 S   0  0  0  0  0  0  0  0  0  0  0  0\n   20.7957  -20.4629    0.0000 C   0  0  0  0  0  0  0  0  0  0  0  0\n   20.1258  -19.9757    0.0000 N   0  0  0  0  0  0  0  0  0  0  0  0\n   19.4603  -20.4629    0.0000 C   0  0  0  0  0  0  0  0  0  0  0  0\n   18.7409  -20.0623    0.0000 C   0  0  0  0  0  0  0  0  0  0  0  0\n   19.2268  -21.9151    0.0000 C   0  0  0  0  0  0  0  0  0  0  0  0\n   19.5616  -22.6699    0.0000 C   0  0  0  0  0  0  0  0  0  0  0  0\n   19.0770  -23.3375    0.0000 O   0  0  0  0  0  0  0  0  0  0  0  0\n   20.3843  -22.7575    0.0000 O   0  0  0  0  0  0  0  0  0  0  0  0\n   21.5194  -20.0636    0.0000 C   0  0  0  0  0  0  0  0  0  0  0  0\n   22.2264  -20.4902    0.0000 C   0  0  0  0  0  0  0  0  0  0  0  0\n   21.5356  -19.2395    0.0000 C   0  0  0  0  0  0  0  0  0  0  0  0\n   22.2602  -18.8411    0.0000 C   0  0  0  0  0  0  0  0  0  0  0  0\n   22.2765  -18.0163    0.0000 C   0  0  0  0  0  0  0  0  0  0  0  0\n   21.5690  -17.5888    0.0000 C   0  0  0  0  0  0  0  0  0  0  0  0\n   20.8437  -17.9922    0.0000 C   0  0  0  0  0  0  0  0  0  0  0  0\n   20.8309  -18.8157    0.0000 C   0  0  0  0  0  0  0  0  0  0  0  0\n   22.2090  -21.3153    0.0000 C   0  0  0  0  0  0  0  0  0  0  0  0\n   22.9151  -21.7418    0.0000 C   0  0  0  0  0  0  0  0  0  0  0  0\n   23.6390  -21.3429    0.0000 C   0  0  0  0  0  0  0  0  0  0  0  0\n   23.6524  -20.5130    0.0000 C   0  0  0  0  0  0  0  0  0  0  0  0\n   22.9456  -20.0902    0.0000 C   0  0  0  0  0  0  0  0  0  0  0  0\n   21.5839  -16.7633    0.0000 F   0  0  0  0  0  0  0  0  0  0  0  0\n   24.3465  -21.7686    0.0000 F   0  0  0  0  0  0  0  0  0  0  0  0\n   18.7307  -19.2412    0.0000 C   0  0  0  0  0  0  0  0  0  0  0  0\n   18.0123  -18.8406    0.0000 N   0  0  0  0  0  0  0  0  0  0  0  0\n   17.3048  -19.2633    0.0000 C   0  0  0  0  0  0  0  0  0  0  0  0\n   17.3202  -20.0907    0.0000 C   0  0  0  0  0  0  0  0  0  0  0  0\n   18.0391  -20.4875    0.0000 C   0  0  0  0  0  0  0  0  0  0  0  0\n  2  3  1  0\n 15 16  1  0\n  7  8  1  0\n 16 17  2  0\n  3  4  2  0\n 17 18  1  0\n 18 13  2  0\n 11 13  1  0\n  4  5  1  0\n 12 19  2  0\n  8  9  1  0\n 19 20  1  0\n  8 10  2  0\n 20 21  2  0\n  5  1  2  0\n 21 22  1  0\n  3 11  1  0\n 22 23  2  0\n 23 12  1  0\n  1  2  1  0\n 16 24  1  0\n 11 12  1  0\n 21 25  1  0\n  5  6  1  0\n  6 26  2  0\n 26 27  1  0\n 13 14  1  0\n 27 28  2  0\n  1  7  1  0\n 28 29  1  0\n 14 15  2  0\n 29 30  2  0\n 30  6  1  0\nM  END\n> <chembl_id>\nCHEMBL590546\n\n> <chembl_pref_name>\nNone"", ""standard_inchi"": ""InChI=1S/C23H16F2N2O2S/c24-17-7-3-14(4-8-17)21(15-5-9-18(25)10-6-15)23-27-22(16-2-1-11-26-13-16)19(30-23)12-20(28)29/h1-11,13,21H,12H2,(H,28,29)"", ""standard_inchi_key"": ""SDBCLPYRXJSZPH-UHFFFAOYSA-N""}","[]","[]","[]","0adfbfb6-3304-4e79-a3cb-cfaf3fa39d83","incremental","None","2025-12-22T18:37:09.734156+00:00"
"chembl:CHEMBL610009","39591fb753ba3b79454bea0f26860d5c6b0e901ff62b0f472461906b5eaeff82","CHEMBL610009",,"Small molecule","MOL",,,false,false,false,0,0,-1,-1,false,false,-1,0,"{""active_chembl_id"": ""CHEMBL610009"", ""molecule_chembl_id"": ""CHEMBL610009"", ""parent_chembl_id"": ""CHEMBL610009""}","{""alogp"": ""4.34"", ""aromatic_rings"": 3, ""full_molformula"": ""C26H25BrN2O3"", ""full_mwt"": ""493.40"", ""hba"": 4, ""hbd"": 3, ""heavy_atoms"": 32, ""mw_freebase"": ""493.40"", ""np_likeness_score"": ""1.14"", ""num_ro5_violations"": 0, ""psa"": ""68.72"", ""qed_weighted"": ""0.50"", ""ro3_pass"": ""N"", ""rtb"": 2}","{""canonical_smiles"": ""Oc1ccc2c3c1O[C@H]1c4[nH]c5c(Br)cccc5c4C[C@@]4(O)[C@@H](C2)N(CC2CC2)CC[C@]314"", ""molfile"": ""\n     RDKit          2D\n\n 34 41  0  0  0  0  0  0  0  0999 V2000\n    2.7750   -3.8042    0.0000 C   0  0  0  0  0  0  0  0  0  0  0  0\n    4.0750   -4.5667    0.0000 C   0  0  0  0  0  0  0  0  0  0  0  0\n    3.2167   -3.0542    0.0000 C   0  0  0  0  0  0  0  0  0  0  0  0\n    4.5167   -3.8167    0.0000 C   0  0  0  0  0  0  0  0  0  0  0  0\n    3.2042   -4.5625    0.0000 C   0  0  0  0  0  0  0  0  0  0  0  0\n    1.9042   -3.8125    0.0000 C   0  0  0  0  0  0  0  0  0  0  0  0\n    4.9917   -5.1167    0.0000 N   0  0  0  0  0  0  0  0  0  0  0  0\n    1.4667   -4.5667    0.0000 C   0  0  0  0  0  0  0  0  0  0  0  0\n    2.3375   -5.0917    0.0000 O   0  0  0  0  0  0  0  0  0  0  0  0\n    2.7792   -2.2917    0.0000 C   0  0  0  0  0  0  0  0  0  0  0  0\n    3.2250   -1.5292    0.0000 N   0  0  0  0  0  0  0  0  0  0  0  0\n    5.8292   -4.6000    0.0000 C   0  0  0  0  0  0  0  0  0  0  0  0\n    5.4000   -3.8292    0.0000 C   0  0  0  0  0  0  0  0  0  0  0  0\n    4.0875   -3.0542    0.0000 C   0  0  0  0  0  0  0  0  0  0  0  0\n    1.4667   -3.0542    0.0000 C   0  0  0  0  0  0  0  0  0  0  0  0\n    1.9000   -2.2917    0.0000 C   0  0  0  0  0  0  0  0  0  0  0  0\n    2.3292   -3.0417    0.0000 C   0  0  0  0  0  0  0  0  0  0  0  0\n    3.9250   -1.0000    0.0000 C   0  0  0  0  0  0  0  0  0  0  0  0\n    0.5917   -4.5667    0.0000 C   0  0  0  0  0  0  0  0  0  0  0  0\n    2.3667   -1.7542    0.0000 C   0  0  0  0  0  0  0  0  0  0  0  0\n    3.8167   -0.1250    0.0000 C   0  0  0  0  0  0  0  0  0  0  0  0\n    4.1625    0.6875    0.0000 C   0  0  0  0  0  0  0  0  0  0  0  0\n    3.2792    0.5750    0.0000 C   0  0  0  0  0  0  0  0  0  0  0  0\n    6.7125   -4.6042    0.0000 C   0  0  0  0  0  0  0  0  0  0  0  0\n    0.5917   -3.0542    0.0000 C   0  0  0  0  0  0  0  0  0  0  0  0\n    3.6542   -2.2917    0.0000 O   0  0  0  0  0  0  0  0  0  0  0  0\n    0.1542   -3.8042    0.0000 C   0  0  0  0  0  0  0  0  0  0  0  0\n    7.1500   -5.3667    0.0000 Br  0  0  0  0  0  0  0  0  0  0  0  0\n    5.8417   -3.0667    0.0000 C   0  0  0  0  0  0  0  0  0  0  0  0\n    0.1417   -5.3292    0.0000 O   0  0  0  0  0  0  0  0  0  0  0  0\n    6.7167   -3.0750    0.0000 C   0  0  0  0  0  0  0  0  0  0  0  0\n    7.1625   -3.8417    0.0000 C   0  0  0  0  0  0  0  0  0  0  0  0\n    2.2816   -1.4243    0.0000 H   0  0  0  0  0  0  0  0  0  0  0  0\n    3.4725   -5.5258    0.0000 H   0  0  0  0  0  0  0  0  0  0  0  0\n  2  5  1  0\n  3  1  1  0\n  4  2  2  0\n  5  1  1  0\n  6  1  1  0\n  7  2  1  0\n  8  6  2  0\n  5  9  1  0\n 10  3  1  0\n 11 20  1  0\n 12  7  1  0\n 13  4  1  0\n 14  3  1  0\n 15  6  1  0\n 16 15  1  0\n  1 17  1  1\n 18 11  1  0\n 19  8  1  0\n 20 17  1  0\n 21 18  1  0\n 22 21  1  0\n 23 21  1  0\n 24 12  1  0\n 25 15  2  0\n  3 26  1  1\n 27 25  1  0\n 28 24  1  0\n 29 13  1  0\n 30 19  1  0\n 31 29  2  0\n 32 24  2  0\n  9  8  1  0\n 14  4  1  0\n 10 11  1  0\n 16 10  1  0\n 27 19  2  0\n 12 13  2  0\n 22 23  1  0\n 31 32  1  0\n 10 33  1  6\n  5 34  1  1\nM  END\n> <chembl_id>\nCHEMBL610009\n\n> <chembl_pref_name>\nNone"", ""standard_inchi"": ""InChI=1S/C26H25BrN2O3/c27-17-3-1-2-15-16-11-26(31)19-10-14-6-7-18(30)23-20(14)25(26,8-9-29(19)12-13-4-5-13)24(32-23)22(16)28-21(15)17/h1-3,6-7,13,19,24,28,30-31H,4-5,8-12H2/t19-,24+,25+,26-/m1/s1"", ""standard_inchi_key"": ""KXQMACNKPIFADJ-UAZYKBCHSA-N""}","[]","[]","[]","0adfbfb6-3304-4e79-a3cb-cfaf3fa39d83","incremental","None","2025-12-22T18:37:09.734336+00:00"
"chembl:CHEMBL66650","332742de1259f2097d12a1bdc0d7dfd34127147df4c195d512471938af888127","CHEMBL66650",,"Small molecule","MOL",,,false,false,false,0,0,-1,-1,false,false,-1,0,"{""active_chembl_id"": ""CHEMBL66650"", ""molecule_chembl_id"": ""CHEMBL66650"", ""parent_chembl_id"": ""CHEMBL66650""}","{""alogp"": ""5.57"", ""aromatic_rings"": 2, ""full_molformula"": ""C20H17BrFNO2"", ""full_mwt"": ""402.26"", ""hba"": 3, ""hbd"": 1, ""heavy_atoms"": 25, ""mw_freebase"": ""402.26"", ""np_likeness_score"": ""0.51"", ""num_ro5_violations"": 1, ""psa"": ""38.33"", ""qed_weighted"": ""0.63"", ""ro3_pass"": ""N"", ""rtb"": 1}","{""canonical_smiles"": ""CC1=CC(C)(C)Nc2ccc3c(c21)COc1c-3cc(Br)c(C=O)c1F"", ""molfile"": ""\n     RDKit          2D\n\n 25 28  0  0  0  0  0  0  0  0999 V2000\n    1.6542   -0.0292    0.0000 C   0  0  0  0  0  0  0  0  0  0  0  0\n    3.1000   -0.0292    0.0000 C   0  0  0  0  0  0  0  0  0  0  0  0\n    1.6625    0.7958    0.0000 C   0  0  0  0  0  0  0  0  0  0  0  0\n    2.3750   -0.4500    0.0000 C   0  0  0  0  0  0  0  0  0  0  0  0\n    0.2292    0.7958    0.0000 C   0  0  0  0  0  0  0  0  0  0  0  0\n    3.8125   -0.4542    0.0000 C   0  0  0  0  0  0  0  0  0  0  0  0\n    4.5292   -0.0417    0.0000 C   0  0  0  0  0  0  0  0  0  0  0  0\n    0.9417    1.2083    0.0000 C   0  0  0  0  0  0  0  0  0  0  0  0\n    3.8042   -1.2875    0.0000 C   0  0  0  0  0  0  0  0  0  0  0  0\n    2.3792    1.2208    0.0000 O   0  0  0  0  0  0  0  0  0  0  0  0\n    4.5250   -1.7042    0.0000 N   0  0  0  0  0  0  0  0  0  0  0  0\n    0.9417   -0.4417    0.0000 C   0  0  0  0  0  0  0  0  0  0  0  0\n    0.2292   -0.0292    0.0000 C   0  0  0  0  0  0  0  0  0  0  0  0\n    5.2500   -0.4625    0.0000 C   0  0  0  0  0  0  0  0  0  0  0  0\n    3.1000    0.7958    0.0000 C   0  0  0  0  0  0  0  0  0  0  0  0\n    5.2417   -1.2917    0.0000 C   0  0  0  0  0  0  0  0  0  0  0  0\n    2.3667   -1.2792    0.0000 C   0  0  0  0  0  0  0  0  0  0  0  0\n    3.0875   -1.7000    0.0000 C   0  0  0  0  0  0  0  0  0  0  0  0\n   -0.4833    1.2083    0.0000 C   0  0  0  0  0  0  0  0  0  0  0  0\n    0.9417    2.0333    0.0000 F   0  0  0  0  0  0  0  0  0  0  0  0\n   -0.4833    2.0333    0.0000 O   0  0  0  0  0  0  0  0  0  0  0  0\n   -0.4833   -0.4417    0.0000 Br  0  0  0  0  0  0  0  0  0  0  0  0\n    4.5375    0.7833    0.0000 C   0  0  0  0  0  0  0  0  0  0  0  0\n    5.9542   -0.8750    0.0000 C   0  0  0  0  0  0  0  0  0  0  0  0\n    5.2417   -2.1167    0.0000 C   0  0  0  0  0  0  0  0  0  0  0  0\n  2  4  2  0\n  3  1  1  0\n  4  1  1  0\n  5 13  2  0\n  6  2  1  0\n  7  6  1  0\n  8  3  2  0\n  9 18  1  0\n 10  3  1  0\n 11  9  1  0\n 12  1  2  0\n 13 12  1  0\n 14  7  2  0\n 15  2  1  0\n 16 11  1  0\n 17  4  1  0\n 18 17  2  0\n 19  5  1  0\n 20  8  1  0\n 21 19  2  0\n 22 13  1  0\n 23  7  1  0\n 24 16  1  0\n 25 16  1  0\n  5  8  1  0\n 15 10  1  0\n  9  6  2  0\n 14 16  1  0\nM  END\n> <chembl_id>\nCHEMBL66650\n\n> <chembl_pref_name>\nNone"", ""standard_inchi"": ""InChI=1S/C20H17BrFNO2/c1-10-7-20(2,3)23-16-5-4-11-12-6-15(21)13(8-24)18(22)19(12)25-9-14(11)17(10)16/h4-8,23H,9H2,1-3H3"", ""standard_inchi_key"": ""VXRUDZMHVUXDPT-UHFFFAOYSA-N""}","[]","[]","[]","0adfbfb6-3304-4e79-a3cb-cfaf3fa39d83","incremental","None","2025-12-22T18:37:09.731533+00:00"
"chembl:CHEMBL78498","70aafab54b32fb042223284c3b58a8517617b8a4664e69a929c03d8227faa7b5","CHEMBL78498",,"Small molecule","MOL",,,false,false,false,0,0,-1,-1,false,false,-1,0,"{""active_chembl_id"": ""CHEMBL78498"", ""molecule_chembl_id"": ""CHEMBL78498"", ""parent_chembl_id"": ""CHEMBL78498""}","{""alogp"": ""1.73"", ""aromatic_rings"": 1, ""full_molformula"": ""C11H19N3"", ""full_mwt"": ""193.29"", ""hba"": 2, ""hbd"": 2, ""heavy_atoms"": 14, ""mw_freebase"": ""193.29"", ""np_likeness_score"": ""0.28"", ""num_ro5_violations"": 0, ""psa"": ""40.71"", ""qed_weighted"": ""0.76"", ""ro3_pass"": ""N"", ""rtb"": 4}","{""canonical_smiles"": ""c1nc(CCCC2CCNCC2)c[nH]1"", ""molfile"": ""\n     RDKit          2D\n\n 14 15  0  0  0  0  0  0  0  0999 V2000\n    2.0542   -1.8917    0.0000 N   0  0  0  0  0  0  0  0  0  0  0  0\n    3.3917   -1.9167    0.0000 N   0  0  0  0  0  0  0  0  0  0  0  0\n    2.7167   -2.3917    0.0000 C   0  0  0  0  0  0  0  0  0  0  0  0\n    3.1500   -1.1292    0.0000 C   0  0  0  0  0  0  0  0  0  0  0  0\n    2.3167   -1.1167    0.0000 C   0  0  0  0  0  0  0  0  0  0  0  0\n    7.2667    0.2958    0.0000 N   0  0  0  0  0  0  0  0  0  0  0  0\n    3.5625   -0.4167    0.0000 C   0  0  0  0  0  0  0  0  0  0  0  0\n    4.3875   -0.4167    0.0000 C   0  0  0  0  0  0  0  0  0  0  0  0\n    6.8542    1.0083    0.0000 C   0  0  0  0  0  0  0  0  0  0  0  0\n    6.8500   -0.4167    0.0000 C   0  0  0  0  0  0  0  0  0  0  0  0\n    5.6167    0.2958    0.0000 C   0  0  0  0  0  0  0  0  0  0  0  0\n    4.8000    0.3000    0.0000 C   0  0  0  0  0  0  0  0  0  0  0  0\n    6.0292   -0.4167    0.0000 C   0  0  0  0  0  0  0  0  0  0  0  0\n    6.0292    1.0125    0.0000 C   0  0  0  0  0  0  0  0  0  0  0  0\n  2  3  2  0\n  3  1  1  0\n  4  5  2  0\n  5  1  1  0\n  6  9  1  0\n  7  4  1  0\n  8  7  1  0\n  9 14  1  0\n 10 13  1  0\n 11 12  1  0\n 12  8  1  0\n 13 11  1  0\n 14 11  1  0\n  2  4  1  0\n 10  6  1  0\nM  END\n> <chembl_id>\nCHEMBL78498\n\n> <chembl_pref_name>\nNone"", ""standard_inchi"": ""InChI=1S/C11H19N3/c1(3-11-8-13-9-14-11)2-10-4-6-12-7-5-10/h8-10,12H,1-7H2,(H,13,14)"", ""standard_inchi_key"": ""YPGRNKJNOSUCLY-UHFFFAOYSA-N""}","[]","[]","[]","0adfbfb6-3304-4e79-a3cb-cfaf3fa39d83","incremental","None","2025-12-22T18:37:09.731719+00:00"
"chembl:CHEMBL81707","014ade94d0b77c4821016c21e02bdd3fb141e96b8d139f7dd34ec9976c94f0f4","CHEMBL81707",,"Small molecule","MOL",,,false,false,false,0,0,-1,-1,false,false,-1,0,"{""active_chembl_id"": ""CHEMBL81707"", ""molecule_chembl_id"": ""CHEMBL81707"", ""parent_chembl_id"": ""CHEMBL81707""}","{""alogp"": ""6.47"", ""aromatic_rings"": 4, ""full_molformula"": ""C27H29N5O2S2"", ""full_mwt"": ""519.70"", ""hba"": 6, ""hbd"": 2, ""heavy_atoms"": 36, ""mw_freebase"": ""519.70"", ""np_likeness_score"": ""-1.59"", ""num_ro5_violations"": 2, ""psa"": ""83.14"", ""qed_weighted"": ""0.25"", ""ro3_pass"": ""N"", ""rtb"": 9}","{""canonical_smiles"": ""COc1ccc(CN(Cc2cccc(-c3cc[nH]n3)c2)C(=O)Nc2c(SC)cc(C)nc2SC)cc1"", ""molfile"": ""\n     RDKit          2D\n\n 36 39  0  0  0  0  0  0  0  0999 V2000\n    4.9167   -1.0625    0.0000 C   0  0  0  0  0  0  0  0  0  0  0  0\n    3.3875   -0.6417    0.0000 C   0  0  0  0  0  0  0  0  0  0  0  0\n    4.1000   -1.0625    0.0000 N   0  0  0  0  0  0  0  0  0  0  0  0\n    5.3250   -1.7792    0.0000 C   0  0  0  0  0  0  0  0  0  0  0  0\n    2.6750   -1.0542    0.0000 N   0  0  0  0  0  0  0  0  0  0  0  0\n    6.1417   -1.7750    0.0000 N   0  0  0  0  0  0  0  0  0  0  0  0\n    5.3292   -0.3542    0.0000 C   0  0  0  0  0  0  0  0  0  0  0  0\n   -0.8958   -0.6542    0.0000 C   0  0  0  0  0  0  0  0  0  0  0  0\n   -2.0583    0.0000    0.0000 N   0  0  0  0  0  0  0  0  0  0  0  0\n   -1.7125   -0.7500    0.0000 N   0  0  0  0  0  0  0  0  0  0  0  0\n    6.1500   -0.3542    0.0000 C   0  0  0  0  0  0  0  0  0  0  0  0\n   -0.1750   -1.0667    0.0000 C   0  0  0  0  0  0  0  0  0  0  0  0\n   -0.7333    0.1500    0.0000 C   0  0  0  0  0  0  0  0  0  0  0  0\n    6.5625   -1.0667    0.0000 C   0  0  0  0  0  0  0  0  0  0  0  0\n    1.9625   -0.6417    0.0000 C   0  0  0  0  0  0  0  0  0  0  0  0\n    3.3875    0.1833    0.0000 O   0  0  0  0  0  0  0  0  0  0  0  0\n    2.6667   -1.8792    0.0000 C   0  0  0  0  0  0  0  0  0  0  0  0\n    0.5292   -0.6500    0.0000 C   0  0  0  0  0  0  0  0  0  0  0  0\n   -1.4625    0.5583    0.0000 C   0  0  0  0  0  0  0  0  0  0  0  0\n    1.2500   -1.0625    0.0000 C   0  0  0  0  0  0  0  0  0  0  0  0\n    4.9125   -2.5042    0.0000 S   0  0  0  0  0  0  0  0  0  0  0  0\n    4.9167    0.3583    0.0000 S   0  0  0  0  0  0  0  0  0  0  0  0\n    2.2542   -2.5917    0.0000 C   0  0  0  0  0  0  0  0  0  0  0  0\n    1.4167   -4.0042    0.0000 C   0  0  0  0  0  0  0  0  0  0  0  0\n    1.4250   -2.5792    0.0000 C   0  0  0  0  0  0  0  0  0  0  0  0\n    2.6542   -3.3000    0.0000 C   0  0  0  0  0  0  0  0  0  0  0  0\n    2.2417   -4.0042    0.0000 C   0  0  0  0  0  0  0  0  0  0  0  0\n    1.0042   -3.2917    0.0000 C   0  0  0  0  0  0  0  0  0  0  0  0\n    1.0042   -4.7250    0.0000 O   0  0  0  0  0  0  0  0  0  0  0  0\n   -0.1750   -1.8917    0.0000 C   0  0  0  0  0  0  0  0  0  0  0  0\n    0.5500   -2.3000    0.0000 C   0  0  0  0  0  0  0  0  0  0  0  0\n    1.2542   -1.8792    0.0000 C   0  0  0  0  0  0  0  0  0  0  0  0\n    7.3875   -1.0667    0.0000 C   0  0  0  0  0  0  0  0  0  0  0  0\n    5.3292   -3.2167    0.0000 C   0  0  0  0  0  0  0  0  0  0  0  0\n    5.3292    1.0708    0.0000 C   0  0  0  0  0  0  0  0  0  0  0  0\n    1.4125   -5.4417    0.0000 C   0  0  0  0  0  0  0  0  0  0  0  0\n  2  3  1  0\n  3  1  1  0\n  4  1  1  0\n  5  2  1  0\n  6  4  2  0\n  7  1  2  0\n  8 12  1  0\n  9 10  1  0\n 10  8  2  0\n 11  7  1  0\n 12 18  2  0\n 13  8  1  0\n 14 11  2  0\n 15  5  1  0\n 16  2  2  0\n 17  5  1  0\n 18 20  1  0\n 19 13  2  0\n 20 15  1  0\n 21  4  1  0\n 22  7  1  0\n 23 17  1  0\n 24 27  1  0\n 25 23  2  0\n 26 23  1  0\n 27 26  2  0\n 28 25  1  0\n 29 24  1  0\n 30 31  2  0\n 31 32  1  0\n 32 20  2  0\n 33 14  1  0\n 34 21  1  0\n 35 22  1  0\n 36 29  1  0\n 14  6  1  0\n 28 24  2  0\n 30 12  1  0\n  9 19  1  0\nM  END\n> <chembl_id>\nCHEMBL81707\n\n> <chembl_pref_name>\nNone"", ""standard_inchi"": ""InChI=1S/C27H29N5O2S2/c1-18-14-24(35-3)25(26(29-18)36-4)30-27(33)32(16-19-8-10-22(34-2)11-9-19)17-20-6-5-7-21(15-20)23-12-13-28-31-23/h5-15H,16-17H2,1-4H3,(H,28,31)(H,30,33)"", ""standard_inchi_key"": ""RIOWAVRDUCHPKO-UHFFFAOYSA-N""}","[]","[]","[]","0adfbfb6-3304-4e79-a3cb-cfaf3fa39d83","incremental","None","2025-12-22T18:37:09.731632+00:00"
