"run_id","workflow_id","pipeline_id","provider_id","stage","record_index","source_record_id","primary_key","payload_hash","input_payload_hash","output_payload_hash","status","reason_code","reason_message","rule_id","rule_layer","failed_field","failed_value","expected_constraint","contract_version","action","created_at","raw_payload","normalized_payload","batch_id","source_metadata"
"785c5bb7-a083-504b-86c7-abf84f4e761c","chembl_activity","chembl_activity","chembl","bronze","0","70146","70146","f88c39606e9d8a245a83bf7c93fd0f93cd57681a06adf9ee5f7ea502ed06286c","f88c39606e9d8a245a83bf7c93fd0f93cd57681a06adf9ee5f7ea502ed06286c","f88c39606e9d8a245a83bf7c93fd0f93cd57681a06adf9ee5f7ea502ed06286c","included","","","","","","","","","extract","2026-06-30T10:43:54.021713+00:00","{""action_type"": null, ""activity_comment"": null, ""activity_id"": 70146, ""activity_properties"": [], ""assay_chembl_id"": ""CHEMBL657026"", ""assay_description"": ""Inhibitory activity against bovine carbonic anhydrase IV from lung microsomes"", ""assay_type"": ""B"", ""assay_variant_accession"": null, ""assay_variant_mutation"": null, ""bao_endpoint"": ""BAO_0000192"", ""bao_format"": ""BAO_0000019"", ""bao_label"": ""assay format"", ""canonical_smiles"": ""NS(=O)(=O)c1ccc(N/C(S)=N/C(C(=O)O)C(O)c2ccccc2)cc1"", ""data_validity_comment"": null, ""data_validity_description"": null, ""document_chembl_id"": ""CHEMBL1133556"", ""document_journal"": ""J Med Chem"", ""document_year"": 2000, ""ligand_efficiency"": {""bei"": ""20.35"", ""le"": ""0.42"", ""lle"": ""6.83"", ""sei"": ""5.66""}, ""molecule_chembl_id"": ""CHEMBL144946"", ""molecule_pref_name"": null, ""parent_molecule_chembl_id"": ""CHEMBL144946"", ""pchembl_value"": ""8.05"", ""potential_duplicate"": 0, ""qudt_units"": ""http://www.openphacts.org/units/Nanomolar"", ""record_id"": 282527, ""relation"": ""="", ""src_id"": 1, ""standard_flag"": 1, ""standard_relation"": ""="", ""standard_text_value"": null, ""standard_type"": ""Ki"", ""standard_units"": ""nM"", ""standard_upper_value"": null, ""standard_value"": ""9.0"", ""target_chembl_id"": ""CHEMBL281"", ""target_organism"": ""Bos taurus"", ""target_pref_name"": ""Carbonic anhydrase 4"", ""target_tax_id"": ""9913"", ""text_value"": null, ""toid"": null, ""type"": ""Ki"", ""units"": ""nM"", ""uo_units"": ""UO_0000065"", ""upper_value"": null, ""value"": ""9.0""}","{""action_type"": null, ""activity_comment"": null, ""activity_id"": 70146, ""activity_properties"": [], ""assay_chembl_id"": ""CHEMBL657026"", ""assay_description"": ""Inhibitory activity against bovine carbonic anhydrase IV from lung microsomes"", ""assay_type"": ""B"", ""assay_variant_accession"": null, ""assay_variant_mutation"": null, ""bao_endpoint"": ""BAO_0000192"", ""bao_format"": ""BAO_0000019"", ""bao_label"": ""assay format"", ""canonical_smiles"": ""NS(=O)(=O)c1ccc(N/C(S)=N/C(C(=O)O)C(O)c2ccccc2)cc1"", ""data_validity_comment"": null, ""data_validity_description"": null, ""document_chembl_id"": ""CHEMBL1133556"", ""document_journal"": ""J Med Chem"", ""document_year"": 2000, ""ligand_efficiency"": {""bei"": ""20.35"", ""le"": ""0.42"", ""lle"": ""6.83"", ""sei"": ""5.66""}, ""molecule_chembl_id"": ""CHEMBL144946"", ""molecule_pref_name"": null, ""parent_molecule_chembl_id"": ""CHEMBL144946"", ""pchembl_value"": ""8.05"", ""potential_duplicate"": 0, ""qudt_units"": ""http://www.openphacts.org/units/Nanomolar"", ""record_id"": 282527, ""relation"": ""="", ""src_id"": 1, ""standard_flag"": 1, ""standard_relation"": ""="", ""standard_text_value"": null, ""standard_type"": ""Ki"", ""standard_units"": ""nM"", ""standard_upper_value"": null, ""standard_value"": ""9.0"", ""target_chembl_id"": ""CHEMBL281"", ""target_organism"": ""Bos taurus"", ""target_pref_name"": ""Carbonic anhydrase 4"", ""target_tax_id"": ""9913"", ""text_value"": null, ""toid"": null, ""type"": ""Ki"", ""units"": ""nM"", ""uo_units"": ""UO_0000065"", ""upper_value"": null, ""value"": ""9.0""}","583dc675-942e-5de8-b3d7-eceabebe7bd7","{}"
"785c5bb7-a083-504b-86c7-abf84f4e761c","chembl_activity","chembl_activity","chembl","bronze","1","70230","70230","723e2afc778607b7be3f019fea900b67123beea8e19c797797efc5922547243d","723e2afc778607b7be3f019fea900b67123beea8e19c797797efc5922547243d","723e2afc778607b7be3f019fea900b67123beea8e19c797797efc5922547243d","included","","","","","","","","","extract","2026-06-30T10:43:54.021713+00:00","{""action_type"": null, ""activity_comment"": null, ""activity_id"": 70230, ""activity_properties"": [], ""assay_chembl_id"": ""CHEMBL809735"", ""assay_description"": ""Cell free inhibiting activity against erythromycin-susceptible strain Streptococcus pneumoniae 1813 (methylated ribosomes for transcription/translation assay)"", ""assay_type"": ""F"", ""assay_variant_accession"": null, ""assay_variant_mutation"": null, ""bao_endpoint"": ""BAO_0000190"", ""bao_format"": ""BAO_0000218"", ""bao_label"": ""organism-based format"", ""canonical_smiles"": ""CC[C@H]1OC(=O)[C@H](C)C(=O)[C@H](C)[C@@H](O[C@@H]2O[C@H](C)C[C@H](N(C)C)[C@H]2O)[C@](C)(OC/C=C/c2ccc3nccnc3c2)C[C@@H](C)C(=O)[C@H](C)[C@H]2NC(=O)O[C@@]21C"", ""data_validity_comment"": null, ""data_validity_description"": null, ""document_chembl_id"": ""CHEMBL1134286"", ""document_journal"": ""J Med Chem"", ""document_year"": 2001, ""ligand_efficiency"": null, ""molecule_chembl_id"": ""CHEMBL435997"", ""molecule_pref_name"": null, ""parent_molecule_chembl_id"": ""CHEMBL435997"", ""pchembl_value"": ""4.40"", ""potential_duplicate"": 0, ""qudt_units"": ""http://www.openphacts.org/units/Nanomolar"", ""record_id"": 255091, ""relation"": ""="", ""src_id"": 1, ""standard_flag"": 1, ""standard_relation"": ""="", ""standard_text_value"": null, ""standard_type"": ""IC50"", ""standard_units"": ""nM"", ""standard_upper_value"": null, ""standard_value"": ""40000.0"", ""target_chembl_id"": ""CHEMBL347"", ""target_organism"": ""Streptococcus pneumoniae"", ""target_pref_name"": ""Streptococcus pneumoniae"", ""target_tax_id"": ""1313"", ""text_value"": null, ""toid"": null, ""type"": ""IC50"", ""units"": ""uM"", ""uo_units"": ""UO_0000065"", ""upper_value"": null, ""value"": ""40.0""}","{""action_type"": null, ""activity_comment"": null, ""activity_id"": 70230, ""activity_properties"": [], ""assay_chembl_id"": ""CHEMBL809735"", ""assay_description"": ""Cell free inhibiting activity against erythromycin-susceptible strain Streptococcus pneumoniae 1813 (methylated ribosomes for transcription/translation assay)"", ""assay_type"": ""F"", ""assay_variant_accession"": null, ""assay_variant_mutation"": null, ""bao_endpoint"": ""BAO_0000190"", ""bao_format"": ""BAO_0000218"", ""bao_label"": ""organism-based format"", ""canonical_smiles"": ""CC[C@H]1OC(=O)[C@H](C)C(=O)[C@H](C)[C@@H](O[C@@H]2O[C@H](C)C[C@H](N(C)C)[C@H]2O)[C@](C)(OC/C=C/c2ccc3nccnc3c2)C[C@@H](C)C(=O)[C@H](C)[C@H]2NC(=O)O[C@@]21C"", ""data_validity_comment"": null, ""data_validity_description"": null, ""document_chembl_id"": ""CHEMBL1134286"", ""document_journal"": ""J Med Chem"", ""document_year"": 2001, ""ligand_efficiency"": null, ""molecule_chembl_id"": ""CHEMBL435997"", ""molecule_pref_name"": null, ""parent_molecule_chembl_id"": ""CHEMBL435997"", ""pchembl_value"": ""4.40"", ""potential_duplicate"": 0, ""qudt_units"": ""http://www.openphacts.org/units/Nanomolar"", ""record_id"": 255091, ""relation"": ""="", ""src_id"": 1, ""standard_flag"": 1, ""standard_relation"": ""="", ""standard_text_value"": null, ""standard_type"": ""IC50"", ""standard_units"": ""nM"", ""standard_upper_value"": null, ""standard_value"": ""40000.0"", ""target_chembl_id"": ""CHEMBL347"", ""target_organism"": ""Streptococcus pneumoniae"", ""target_pref_name"": ""Streptococcus pneumoniae"", ""target_tax_id"": ""1313"", ""text_value"": null, ""toid"": null, ""type"": ""IC50"", ""units"": ""uM"", ""uo_units"": ""UO_0000065"", ""upper_value"": null, ""value"": ""40.0""}","583dc675-942e-5de8-b3d7-eceabebe7bd7","{}"
"785c5bb7-a083-504b-86c7-abf84f4e761c","chembl_activity","chembl_activity","chembl","bronze","2","70280","70280","887588b149f23f72fdcb9209e928cbb910b99638e977b84c1221e9321f8467a5","887588b149f23f72fdcb9209e928cbb910b99638e977b84c1221e9321f8467a5","887588b149f23f72fdcb9209e928cbb910b99638e977b84c1221e9321f8467a5","included","","","","","","","","","extract","2026-06-30T10:43:54.021713+00:00","{""action_type"": null, ""activity_comment"": null, ""activity_id"": 70280, ""activity_properties"": [], ""assay_chembl_id"": ""CHEMBL717016"", ""assay_description"": ""In vitro inhibitory activity against matrix metalloprotease-13."", ""assay_type"": ""B"", ""assay_variant_accession"": null, ""assay_variant_mutation"": null, ""bao_endpoint"": ""BAO_0000190"", ""bao_format"": ""BAO_0000357"", ""bao_label"": ""single protein format"", ""canonical_smiles"": ""COc1ccc(S(=O)(=O)C2(C(=O)NO)CCN(Cc3ccc(Br)cc3)CC2)cc1"", ""data_validity_comment"": null, ""data_validity_description"": null, ""document_chembl_id"": ""CHEMBL1145787"", ""document_journal"": ""J Med Chem"", ""document_year"": 2003, ""ligand_efficiency"": {""bei"": ""18.00"", ""le"": ""0.41"", ""lle"": ""5.93"", ""sei"": ""9.07""}, ""molecule_chembl_id"": ""CHEMBL78255"", ""molecule_pref_name"": null, ""parent_molecule_chembl_id"": ""CHEMBL78255"", ""pchembl_value"": ""8.70"", ""potential_duplicate"": 0, ""qudt_units"": ""http://www.openphacts.org/units/Nanomolar"", ""record_id"": 140713, ""relation"": ""="", ""src_id"": 1, ""standard_flag"": 1, ""standard_relation"": ""="", ""standard_text_value"": null, ""standard_type"": ""IC50"", ""standard_units"": ""nM"", ""standard_upper_value"": null, ""standard_value"": ""2.0"", ""target_chembl_id"": ""CHEMBL280"", ""target_organism"": ""Homo sapiens"", ""target_pref_name"": ""Collagenase 3"", ""target_tax_id"": ""9606"", ""text_value"": null, ""toid"": null, ""type"": ""IC50"", ""units"": ""nM"", ""uo_units"": ""UO_0000065"", ""upper_value"": null, ""value"": ""2.0""}","{""action_type"": null, ""activity_comment"": null, ""activity_id"": 70280, ""activity_properties"": [], ""assay_chembl_id"": ""CHEMBL717016"", ""assay_description"": ""In vitro inhibitory activity against matrix metalloprotease-13."", ""assay_type"": ""B"", ""assay_variant_accession"": null, ""assay_variant_mutation"": null, ""bao_endpoint"": ""BAO_0000190"", ""bao_format"": ""BAO_0000357"", ""bao_label"": ""single protein format"", ""canonical_smiles"": ""COc1ccc(S(=O)(=O)C2(C(=O)NO)CCN(Cc3ccc(Br)cc3)CC2)cc1"", ""data_validity_comment"": null, ""data_validity_description"": null, ""document_chembl_id"": ""CHEMBL1145787"", ""document_journal"": ""J Med Chem"", ""document_year"": 2003, ""ligand_efficiency"": {""bei"": ""18.00"", ""le"": ""0.41"", ""lle"": ""5.93"", ""sei"": ""9.07""}, ""molecule_chembl_id"": ""CHEMBL78255"", ""molecule_pref_name"": null, ""parent_molecule_chembl_id"": ""CHEMBL78255"", ""pchembl_value"": ""8.70"", ""potential_duplicate"": 0, ""qudt_units"": ""http://www.openphacts.org/units/Nanomolar"", ""record_id"": 140713, ""relation"": ""="", ""src_id"": 1, ""standard_flag"": 1, ""standard_relation"": ""="", ""standard_text_value"": null, ""standard_type"": ""IC50"", ""standard_units"": ""nM"", ""standard_upper_value"": null, ""standard_value"": ""2.0"", ""target_chembl_id"": ""CHEMBL280"", ""target_organism"": ""Homo sapiens"", ""target_pref_name"": ""Collagenase 3"", ""target_tax_id"": ""9606"", ""text_value"": null, ""toid"": null, ""type"": ""IC50"", ""units"": ""nM"", ""uo_units"": ""UO_0000065"", ""upper_value"": null, ""value"": ""2.0""}","583dc675-942e-5de8-b3d7-eceabebe7bd7","{}"
"785c5bb7-a083-504b-86c7-abf84f4e761c","chembl_activity","chembl_activity","chembl","bronze","3","31864","31864","b4cb69ab8f78d3921caddbb4f76073aa6e661568eaf149ac8aa5f8407fa75efd","b4cb69ab8f78d3921caddbb4f76073aa6e661568eaf149ac8aa5f8407fa75efd","b4cb69ab8f78d3921caddbb4f76073aa6e661568eaf149ac8aa5f8407fa75efd","included","","","","","","","","","extract","2026-06-30T10:43:54.021713+00:00","{""action_type"": null, ""activity_comment"": null, ""activity_id"": 31864, ""activity_properties"": [], ""assay_chembl_id"": ""CHEMBL872937"", ""assay_description"": ""In vivo inhibitory activity against human Heparanase"", ""assay_type"": ""B"", ""assay_variant_accession"": null, ""assay_variant_mutation"": null, ""bao_endpoint"": ""BAO_0000190"", ""bao_format"": ""BAO_0000218"", ""bao_label"": ""organism-based format"", ""canonical_smiles"": ""Cc1ccc2oc(-c3cccc(N4C(=O)c5ccc(C(=O)O)cc5C4=O)c3)nc2c1"", ""data_validity_comment"": null, ""data_validity_description"": null, ""document_chembl_id"": ""CHEMBL1146658"", ""document_journal"": ""Bioorg Med Chem Lett"", ""document_year"": 2004, ""ligand_efficiency"": {""bei"": ""14.06"", ""le"": ""0.26"", ""lle"": ""1.30"", ""sei"": ""5.56""}, ""molecule_chembl_id"": ""CHEMBL324340"", ""molecule_pref_name"": null, ""parent_molecule_chembl_id"": ""CHEMBL324340"", ""pchembl_value"": ""5.60"", ""potential_duplicate"": 0, ""qudt_units"": ""http://www.openphacts.org/units/Nanomolar"", ""record_id"": 208970, ""relation"": ""="", ""src_id"": 1, ""standard_flag"": 1, ""standard_relation"": ""="", ""standard_text_value"": null, ""standard_type"": ""IC50"", ""standard_units"": ""nM"", ""standard_upper_value"": null, ""standard_value"": ""2500.0"", ""target_chembl_id"": ""CHEMBL3921"", ""target_organism"": ""Homo sapiens"", ""target_pref_name"": ""Heparanase"", ""target_tax_id"": ""9606"", ""text_value"": null, ""toid"": null, ""type"": ""IC50"", ""units"": ""uM"", ""uo_units"": ""UO_0000065"", ""upper_value"": null, ""value"": ""2.5""}","{""action_type"": null, ""activity_comment"": null, ""activity_id"": 31864, ""activity_properties"": [], ""assay_chembl_id"": ""CHEMBL872937"", ""assay_description"": ""In vivo inhibitory activity against human Heparanase"", ""assay_type"": ""B"", ""assay_variant_accession"": null, ""assay_variant_mutation"": null, ""bao_endpoint"": ""BAO_0000190"", ""bao_format"": ""BAO_0000218"", ""bao_label"": ""organism-based format"", ""canonical_smiles"": ""Cc1ccc2oc(-c3cccc(N4C(=O)c5ccc(C(=O)O)cc5C4=O)c3)nc2c1"", ""data_validity_comment"": null, ""data_validity_description"": null, ""document_chembl_id"": ""CHEMBL1146658"", ""document_journal"": ""Bioorg Med Chem Lett"", ""document_year"": 2004, ""ligand_efficiency"": {""bei"": ""14.06"", ""le"": ""0.26"", ""lle"": ""1.30"", ""sei"": ""5.56""}, ""molecule_chembl_id"": ""CHEMBL324340"", ""molecule_pref_name"": null, ""parent_molecule_chembl_id"": ""CHEMBL324340"", ""pchembl_value"": ""5.60"", ""potential_duplicate"": 0, ""qudt_units"": ""http://www.openphacts.org/units/Nanomolar"", ""record_id"": 208970, ""relation"": ""="", ""src_id"": 1, ""standard_flag"": 1, ""standard_relation"": ""="", ""standard_text_value"": null, ""standard_type"": ""IC50"", ""standard_units"": ""nM"", ""standard_upper_value"": null, ""standard_value"": ""2500.0"", ""target_chembl_id"": ""CHEMBL3921"", ""target_organism"": ""Homo sapiens"", ""target_pref_name"": ""Heparanase"", ""target_tax_id"": ""9606"", ""text_value"": null, ""toid"": null, ""type"": ""IC50"", ""units"": ""uM"", ""uo_units"": ""UO_0000065"", ""upper_value"": null, ""value"": ""2.5""}","583dc675-942e-5de8-b3d7-eceabebe7bd7","{}"
"785c5bb7-a083-504b-86c7-abf84f4e761c","chembl_activity","chembl_activity","chembl","bronze","4","31866","31866","eaed9b3f7460ab9fcf29ac9fd93592afb93828c9492d96f8c5786528c26e3617","eaed9b3f7460ab9fcf29ac9fd93592afb93828c9492d96f8c5786528c26e3617","eaed9b3f7460ab9fcf29ac9fd93592afb93828c9492d96f8c5786528c26e3617","included","","","","","","","","","extract","2026-06-30T10:43:54.021713+00:00","{""action_type"": null, ""activity_comment"": null, ""activity_id"": 31866, ""activity_properties"": [], ""assay_chembl_id"": ""CHEMBL872937"", ""assay_description"": ""In vivo inhibitory activity against human Heparanase"", ""assay_type"": ""B"", ""assay_variant_accession"": null, ""assay_variant_mutation"": null, ""bao_endpoint"": ""BAO_0000190"", ""bao_format"": ""BAO_0000218"", ""bao_label"": ""organism-based format"", ""canonical_smiles"": ""COc1ccccc1-c1ccc2oc(-c3ccc(OC)c(N4C(=O)c5ccc(C(=O)O)cc5C4=O)c3)nc2c1"", ""data_validity_comment"": null, ""data_validity_description"": null, ""document_chembl_id"": ""CHEMBL1146658"", ""document_journal"": ""Bioorg Med Chem Lett"", ""document_year"": 2004, ""ligand_efficiency"": {""bei"": ""9.69"", ""le"": ""0.18"", ""lle"": ""-0.63"", ""sei"": ""4.23""}, ""molecule_chembl_id"": ""CHEMBL109600"", ""molecule_pref_name"": null, ""parent_molecule_chembl_id"": ""CHEMBL109600"", ""pchembl_value"": ""5.05"", ""potential_duplicate"": 0, ""qudt_units"": ""http://www.openphacts.org/units/Nanomolar"", ""record_id"": 208987, ""relation"": ""="", ""src_id"": 1, ""standard_flag"": 1, ""standard_relation"": ""="", ""standard_text_value"": null, ""standard_type"": ""IC50"", ""standard_units"": ""nM"", ""standard_upper_value"": null, ""standard_value"": ""9000.0"", ""target_chembl_id"": ""CHEMBL3921"", ""target_organism"": ""Homo sapiens"", ""target_pref_name"": ""Heparanase"", ""target_tax_id"": ""9606"", ""text_value"": null, ""toid"": null, ""type"": ""IC50"", ""units"": ""uM"", ""uo_units"": ""UO_0000065"", ""upper_value"": null, ""value"": ""9.0""}","{""action_type"": null, ""activity_comment"": null, ""activity_id"": 31866, ""activity_properties"": [], ""assay_chembl_id"": ""CHEMBL872937"", ""assay_description"": ""In vivo inhibitory activity against human Heparanase"", ""assay_type"": ""B"", ""assay_variant_accession"": null, ""assay_variant_mutation"": null, ""bao_endpoint"": ""BAO_0000190"", ""bao_format"": ""BAO_0000218"", ""bao_label"": ""organism-based format"", ""canonical_smiles"": ""COc1ccccc1-c1ccc2oc(-c3ccc(OC)c(N4C(=O)c5ccc(C(=O)O)cc5C4=O)c3)nc2c1"", ""data_validity_comment"": null, ""data_validity_description"": null, ""document_chembl_id"": ""CHEMBL1146658"", ""document_journal"": ""Bioorg Med Chem Lett"", ""document_year"": 2004, ""ligand_efficiency"": {""bei"": ""9.69"", ""le"": ""0.18"", ""lle"": ""-0.63"", ""sei"": ""4.23""}, ""molecule_chembl_id"": ""CHEMBL109600"", ""molecule_pref_name"": null, ""parent_molecule_chembl_id"": ""CHEMBL109600"", ""pchembl_value"": ""5.05"", ""potential_duplicate"": 0, ""qudt_units"": ""http://www.openphacts.org/units/Nanomolar"", ""record_id"": 208987, ""relation"": ""="", ""src_id"": 1, ""standard_flag"": 1, ""standard_relation"": ""="", ""standard_text_value"": null, ""standard_type"": ""IC50"", ""standard_units"": ""nM"", ""standard_upper_value"": null, ""standard_value"": ""9000.0"", ""target_chembl_id"": ""CHEMBL3921"", ""target_organism"": ""Homo sapiens"", ""target_pref_name"": ""Heparanase"", ""target_tax_id"": ""9606"", ""text_value"": null, ""toid"": null, ""type"": ""IC50"", ""units"": ""uM"", ""uo_units"": ""UO_0000065"", ""upper_value"": null, ""value"": ""9.0""}","583dc675-942e-5de8-b3d7-eceabebe7bd7","{}"
"785c5bb7-a083-504b-86c7-abf84f4e761c","chembl_activity","chembl_activity","chembl","bronze","5","31868","31868","953a75cdb4fbc59e88d179c1db8a45c84fc2e9a2a3b61c9c69267a0cf6527790","953a75cdb4fbc59e88d179c1db8a45c84fc2e9a2a3b61c9c69267a0cf6527790","953a75cdb4fbc59e88d179c1db8a45c84fc2e9a2a3b61c9c69267a0cf6527790","included","","","","","","","","","extract","2026-06-30T10:43:54.021713+00:00","{""action_type"": null, ""activity_comment"": null, ""activity_id"": 31868, ""activity_properties"": [], ""assay_chembl_id"": ""CHEMBL760688"", ""assay_description"": ""Inhibitory activity against Palmitoyl-CoA oxidase to inhibit rat heart mitochondrial Palmitoyl-CoA oxidation."", ""assay_type"": ""B"", ""assay_variant_accession"": null, ""assay_variant_mutation"": null, ""bao_endpoint"": ""BAO_0000190"", ""bao_format"": ""BAO_0000357"", ""bao_label"": ""single protein format"", ""canonical_smiles"": ""Cc1nc2cc(OC[C@H](O)CN3CCN(CC(=O)Nc4ccc(Cl)c(C(F)(F)F)c4)CC3)ccc2s1"", ""data_validity_comment"": null, ""data_validity_description"": null, ""document_chembl_id"": ""CHEMBL1148425"", ""document_journal"": ""Bioorg Med Chem Lett"", ""document_year"": 2004, ""ligand_efficiency"": {""bei"": ""9.94"", ""le"": ""0.20"", ""lle"": ""1.13"", ""sei"": ""6.93""}, ""molecule_chembl_id"": ""CHEMBL357278"", ""molecule_pref_name"": null, ""parent_molecule_chembl_id"": ""CHEMBL357278"", ""pchembl_value"": ""5.40"", ""potential_duplicate"": 0, ""qudt_units"": ""http://www.openphacts.org/units/Nanomolar"", ""record_id"": 297547, ""relation"": ""="", ""src_id"": 1, ""standard_flag"": 1, ""standard_relation"": ""="", ""standard_text_value"": null, ""standard_type"": ""IC50"", ""standard_units"": ""nM"", ""standard_upper_value"": null, ""standard_value"": ""4000.0"", ""target_chembl_id"": ""CHEMBL4632"", ""target_organism"": ""Rattus norvegicus"", ""target_pref_name"": ""Peroxisomal acyl-coenzyme A oxidase 1"", ""target_tax_id"": ""10116"", ""text_value"": null, ""toid"": null, ""type"": ""IC50"", ""units"": ""uM"", ""uo_units"": ""UO_0000065"", ""upper_value"": null, ""value"": ""4.0""}","{""action_type"": null, ""activity_comment"": null, ""activity_id"": 31868, ""activity_properties"": [], ""assay_chembl_id"": ""CHEMBL760688"", ""assay_description"": ""Inhibitory activity against Palmitoyl-CoA oxidase to inhibit rat heart mitochondrial Palmitoyl-CoA oxidation."", ""assay_type"": ""B"", ""assay_variant_accession"": null, ""assay_variant_mutation"": null, ""bao_endpoint"": ""BAO_0000190"", ""bao_format"": ""BAO_0000357"", ""bao_label"": ""single protein format"", ""canonical_smiles"": ""Cc1nc2cc(OC[C@H](O)CN3CCN(CC(=O)Nc4ccc(Cl)c(C(F)(F)F)c4)CC3)ccc2s1"", ""data_validity_comment"": null, ""data_validity_description"": null, ""document_chembl_id"": ""CHEMBL1148425"", ""document_journal"": ""Bioorg Med Chem Lett"", ""document_year"": 2004, ""ligand_efficiency"": {""bei"": ""9.94"", ""le"": ""0.20"", ""lle"": ""1.13"", ""sei"": ""6.93""}, ""molecule_chembl_id"": ""CHEMBL357278"", ""molecule_pref_name"": null, ""parent_molecule_chembl_id"": ""CHEMBL357278"", ""pchembl_value"": ""5.40"", ""potential_duplicate"": 0, ""qudt_units"": ""http://www.openphacts.org/units/Nanomolar"", ""record_id"": 297547, ""relation"": ""="", ""src_id"": 1, ""standard_flag"": 1, ""standard_relation"": ""="", ""standard_text_value"": null, ""standard_type"": ""IC50"", ""standard_units"": ""nM"", ""standard_upper_value"": null, ""standard_value"": ""4000.0"", ""target_chembl_id"": ""CHEMBL4632"", ""target_organism"": ""Rattus norvegicus"", ""target_pref_name"": ""Peroxisomal acyl-coenzyme A oxidase 1"", ""target_tax_id"": ""10116"", ""text_value"": null, ""toid"": null, ""type"": ""IC50"", ""units"": ""uM"", ""uo_units"": ""UO_0000065"", ""upper_value"": null, ""value"": ""4.0""}","583dc675-942e-5de8-b3d7-eceabebe7bd7","{}"
"785c5bb7-a083-504b-86c7-abf84f4e761c","chembl_activity","chembl_activity","chembl","bronze","6","31870","31870","6669d94931386bb771ba8e80fcf47ed1a7717194cfde9eee9006a86ae95b4d66","6669d94931386bb771ba8e80fcf47ed1a7717194cfde9eee9006a86ae95b4d66","6669d94931386bb771ba8e80fcf47ed1a7717194cfde9eee9006a86ae95b4d66","included","","","","","","","","","extract","2026-06-30T10:43:54.021713+00:00","{""action_type"": null, ""activity_comment"": null, ""activity_id"": 31870, ""activity_properties"": [], ""assay_chembl_id"": ""CHEMBL760688"", ""assay_description"": ""Inhibitory activity against Palmitoyl-CoA oxidase to inhibit rat heart mitochondrial Palmitoyl-CoA oxidation."", ""assay_type"": ""B"", ""assay_variant_accession"": null, ""assay_variant_mutation"": null, ""bao_endpoint"": ""BAO_0000190"", ""bao_format"": ""BAO_0000357"", ""bao_label"": ""single protein format"", ""canonical_smiles"": ""Cc1nc2cc(OC[C@H](O)CN3CCN(CC(=O)NCCc4ccccc4)CC3)ccc2s1"", ""data_validity_comment"": null, ""data_validity_description"": null, ""document_chembl_id"": ""CHEMBL1148425"", ""document_journal"": ""Bioorg Med Chem Lett"", ""document_year"": 2004, ""ligand_efficiency"": {""bei"": ""10.18"", ""le"": ""0.20"", ""lle"": ""2.45"", ""sei"": ""6.12""}, ""molecule_chembl_id"": ""CHEMBL357119"", ""molecule_pref_name"": null, ""parent_molecule_chembl_id"": ""CHEMBL357119"", ""pchembl_value"": ""4.77"", ""potential_duplicate"": 0, ""qudt_units"": ""http://www.openphacts.org/units/Nanomolar"", ""record_id"": 297563, ""relation"": ""="", ""src_id"": 1, ""standard_flag"": 1, ""standard_relation"": ""="", ""standard_text_value"": null, ""standard_type"": ""IC50"", ""standard_units"": ""nM"", ""standard_upper_value"": null, ""standard_value"": ""17000.0"", ""target_chembl_id"": ""CHEMBL4632"", ""target_organism"": ""Rattus norvegicus"", ""target_pref_name"": ""Peroxisomal acyl-coenzyme A oxidase 1"", ""target_tax_id"": ""10116"", ""text_value"": null, ""toid"": null, ""type"": ""IC50"", ""units"": ""uM"", ""uo_units"": ""UO_0000065"", ""upper_value"": null, ""value"": ""17.0""}","{""action_type"": null, ""activity_comment"": null, ""activity_id"": 31870, ""activity_properties"": [], ""assay_chembl_id"": ""CHEMBL760688"", ""assay_description"": ""Inhibitory activity against Palmitoyl-CoA oxidase to inhibit rat heart mitochondrial Palmitoyl-CoA oxidation."", ""assay_type"": ""B"", ""assay_variant_accession"": null, ""assay_variant_mutation"": null, ""bao_endpoint"": ""BAO_0000190"", ""bao_format"": ""BAO_0000357"", ""bao_label"": ""single protein format"", ""canonical_smiles"": ""Cc1nc2cc(OC[C@H](O)CN3CCN(CC(=O)NCCc4ccccc4)CC3)ccc2s1"", ""data_validity_comment"": null, ""data_validity_description"": null, ""document_chembl_id"": ""CHEMBL1148425"", ""document_journal"": ""Bioorg Med Chem Lett"", ""document_year"": 2004, ""ligand_efficiency"": {""bei"": ""10.18"", ""le"": ""0.20"", ""lle"": ""2.45"", ""sei"": ""6.12""}, ""molecule_chembl_id"": ""CHEMBL357119"", ""molecule_pref_name"": null, ""parent_molecule_chembl_id"": ""CHEMBL357119"", ""pchembl_value"": ""4.77"", ""potential_duplicate"": 0, ""qudt_units"": ""http://www.openphacts.org/units/Nanomolar"", ""record_id"": 297563, ""relation"": ""="", ""src_id"": 1, ""standard_flag"": 1, ""standard_relation"": ""="", ""standard_text_value"": null, ""standard_type"": ""IC50"", ""standard_units"": ""nM"", ""standard_upper_value"": null, ""standard_value"": ""17000.0"", ""target_chembl_id"": ""CHEMBL4632"", ""target_organism"": ""Rattus norvegicus"", ""target_pref_name"": ""Peroxisomal acyl-coenzyme A oxidase 1"", ""target_tax_id"": ""10116"", ""text_value"": null, ""toid"": null, ""type"": ""IC50"", ""units"": ""uM"", ""uo_units"": ""UO_0000065"", ""upper_value"": null, ""value"": ""17.0""}","583dc675-942e-5de8-b3d7-eceabebe7bd7","{}"
"785c5bb7-a083-504b-86c7-abf84f4e761c","chembl_activity","chembl_activity","chembl","bronze","7","31872","31872","06289f038b76db9771f13763837775cc41a8c04da4dc7a42b1aa732fab1b85d1","06289f038b76db9771f13763837775cc41a8c04da4dc7a42b1aa732fab1b85d1","06289f038b76db9771f13763837775cc41a8c04da4dc7a42b1aa732fab1b85d1","included","","","","","","","","","extract","2026-06-30T10:43:54.021713+00:00","{""action_type"": null, ""activity_comment"": null, ""activity_id"": 31872, ""activity_properties"": [], ""assay_chembl_id"": ""CHEMBL760688"", ""assay_description"": ""Inhibitory activity against Palmitoyl-CoA oxidase to inhibit rat heart mitochondrial Palmitoyl-CoA oxidation."", ""assay_type"": ""B"", ""assay_variant_accession"": null, ""assay_variant_mutation"": null, ""bao_endpoint"": ""BAO_0000190"", ""bao_format"": ""BAO_0000357"", ""bao_label"": ""single protein format"", ""canonical_smiles"": ""Cc1nc2cc(OC[C@H](O)CN3CCN(CC(=O)Nc4cccc(-c5ccccc5)c4)CC3)ccc2s1"", ""data_validity_comment"": null, ""data_validity_description"": null, ""document_chembl_id"": ""CHEMBL1148425"", ""document_journal"": ""Bioorg Med Chem Lett"", ""document_year"": 2004, ""ligand_efficiency"": {""bei"": ""13.05"", ""le"": ""0.25"", ""lle"": ""2.47"", ""sei"": ""8.65""}, ""molecule_chembl_id"": ""CHEMBL152968"", ""molecule_pref_name"": null, ""parent_molecule_chembl_id"": ""CHEMBL152968"", ""pchembl_value"": ""6.75"", ""potential_duplicate"": 0, ""qudt_units"": ""http://www.openphacts.org/units/Nanomolar"", ""record_id"": 297580, ""relation"": ""="", ""src_id"": 1, ""standard_flag"": 1, ""standard_relation"": ""="", ""standard_text_value"": null, ""standard_type"": ""IC50"", ""standard_units"": ""nM"", ""standard_upper_value"": null, ""standard_value"": ""180.0"", ""target_chembl_id"": ""CHEMBL4632"", ""target_organism"": ""Rattus norvegicus"", ""target_pref_name"": ""Peroxisomal acyl-coenzyme A oxidase 1"", ""target_tax_id"": ""10116"", ""text_value"": null, ""toid"": null, ""type"": ""IC50"", ""units"": ""nM"", ""uo_units"": ""UO_0000065"", ""upper_value"": null, ""value"": ""180.0""}","{""action_type"": null, ""activity_comment"": null, ""activity_id"": 31872, ""activity_properties"": [], ""assay_chembl_id"": ""CHEMBL760688"", ""assay_description"": ""Inhibitory activity against Palmitoyl-CoA oxidase to inhibit rat heart mitochondrial Palmitoyl-CoA oxidation."", ""assay_type"": ""B"", ""assay_variant_accession"": null, ""assay_variant_mutation"": null, ""bao_endpoint"": ""BAO_0000190"", ""bao_format"": ""BAO_0000357"", ""bao_label"": ""single protein format"", ""canonical_smiles"": ""Cc1nc2cc(OC[C@H](O)CN3CCN(CC(=O)Nc4cccc(-c5ccccc5)c4)CC3)ccc2s1"", ""data_validity_comment"": null, ""data_validity_description"": null, ""document_chembl_id"": ""CHEMBL1148425"", ""document_journal"": ""Bioorg Med Chem Lett"", ""document_year"": 2004, ""ligand_efficiency"": {""bei"": ""13.05"", ""le"": ""0.25"", ""lle"": ""2.47"", ""sei"": ""8.65""}, ""molecule_chembl_id"": ""CHEMBL152968"", ""molecule_pref_name"": null, ""parent_molecule_chembl_id"": ""CHEMBL152968"", ""pchembl_value"": ""6.75"", ""potential_duplicate"": 0, ""qudt_units"": ""http://www.openphacts.org/units/Nanomolar"", ""record_id"": 297580, ""relation"": ""="", ""src_id"": 1, ""standard_flag"": 1, ""standard_relation"": ""="", ""standard_text_value"": null, ""standard_type"": ""IC50"", ""standard_units"": ""nM"", ""standard_upper_value"": null, ""standard_value"": ""180.0"", ""target_chembl_id"": ""CHEMBL4632"", ""target_organism"": ""Rattus norvegicus"", ""target_pref_name"": ""Peroxisomal acyl-coenzyme A oxidase 1"", ""target_tax_id"": ""10116"", ""text_value"": null, ""toid"": null, ""type"": ""IC50"", ""units"": ""nM"", ""uo_units"": ""UO_0000065"", ""upper_value"": null, ""value"": ""180.0""}","583dc675-942e-5de8-b3d7-eceabebe7bd7","{}"
"785c5bb7-a083-504b-86c7-abf84f4e761c","chembl_activity","chembl_activity","chembl","bronze","8","31892","31892","ee4d6449a06280e47f30cac2880587656972f1a8e6ed7343b7619f115d841ec9","ee4d6449a06280e47f30cac2880587656972f1a8e6ed7343b7619f115d841ec9","ee4d6449a06280e47f30cac2880587656972f1a8e6ed7343b7619f115d841ec9","included","","","","","","","","","extract","2026-06-30T10:43:54.021713+00:00","{""action_type"": null, ""activity_comment"": null, ""activity_id"": 31892, ""activity_properties"": [], ""assay_chembl_id"": ""CHEMBL657976"", ""assay_description"": ""Inhibitory activity against murine carbonic anhydrase XIII (mCA XIII) by using CO2 hydrase assay method"", ""assay_type"": ""B"", ""assay_variant_accession"": null, ""assay_variant_mutation"": null, ""bao_endpoint"": ""BAO_0000192"", ""bao_format"": ""BAO_0000357"", ""bao_label"": ""single protein format"", ""canonical_smiles"": ""Nc1ccc(S(N)(=O)=O)cc1I"", ""data_validity_comment"": null, ""data_validity_description"": null, ""document_chembl_id"": ""CHEMBL1146805"", ""document_journal"": ""Bioorg Med Chem Lett"", ""document_year"": 2004, ""ligand_efficiency"": {""bei"": ""24.49"", ""le"": ""0.83"", ""lle"": ""6.78"", ""sei"": ""8.47""}, ""molecule_chembl_id"": ""CHEMBL268177"", ""molecule_pref_name"": null, ""parent_molecule_chembl_id"": ""CHEMBL268177"", ""pchembl_value"": ""7.30"", ""potential_duplicate"": 0, ""qudt_units"": ""http://www.openphacts.org/units/Nanomolar"", ""record_id"": 235484, ""relation"": ""="", ""src_id"": 1, ""standard_flag"": 1, ""standard_relation"": ""="", ""standard_text_value"": null, ""standard_type"": ""Ki"", ""standard_units"": ""nM"", ""standard_upper_value"": null, ""standard_value"": ""50.0"", ""target_chembl_id"": ""CHEMBL2186"", ""target_organism"": ""Mus musculus"", ""target_pref_name"": ""Carbonic anhydrase 13"", ""target_tax_id"": ""10090"", ""text_value"": null, ""toid"": null, ""type"": ""Ki"", ""units"": ""nM"", ""uo_units"": ""UO_0000065"", ""upper_value"": null, ""value"": ""50.0""}","{""action_type"": null, ""activity_comment"": null, ""activity_id"": 31892, ""activity_properties"": [], ""assay_chembl_id"": ""CHEMBL657976"", ""assay_description"": ""Inhibitory activity against murine carbonic anhydrase XIII (mCA XIII) by using CO2 hydrase assay method"", ""assay_type"": ""B"", ""assay_variant_accession"": null, ""assay_variant_mutation"": null, ""bao_endpoint"": ""BAO_0000192"", ""bao_format"": ""BAO_0000357"", ""bao_label"": ""single protein format"", ""canonical_smiles"": ""Nc1ccc(S(N)(=O)=O)cc1I"", ""data_validity_comment"": null, ""data_validity_description"": null, ""document_chembl_id"": ""CHEMBL1146805"", ""document_journal"": ""Bioorg Med Chem Lett"", ""document_year"": 2004, ""ligand_efficiency"": {""bei"": ""24.49"", ""le"": ""0.83"", ""lle"": ""6.78"", ""sei"": ""8.47""}, ""molecule_chembl_id"": ""CHEMBL268177"", ""molecule_pref_name"": null, ""parent_molecule_chembl_id"": ""CHEMBL268177"", ""pchembl_value"": ""7.30"", ""potential_duplicate"": 0, ""qudt_units"": ""http://www.openphacts.org/units/Nanomolar"", ""record_id"": 235484, ""relation"": ""="", ""src_id"": 1, ""standard_flag"": 1, ""standard_relation"": ""="", ""standard_text_value"": null, ""standard_type"": ""Ki"", ""standard_units"": ""nM"", ""standard_upper_value"": null, ""standard_value"": ""50.0"", ""target_chembl_id"": ""CHEMBL2186"", ""target_organism"": ""Mus musculus"", ""target_pref_name"": ""Carbonic anhydrase 13"", ""target_tax_id"": ""10090"", ""text_value"": null, ""toid"": null, ""type"": ""Ki"", ""units"": ""nM"", ""uo_units"": ""UO_0000065"", ""upper_value"": null, ""value"": ""50.0""}","583dc675-942e-5de8-b3d7-eceabebe7bd7","{}"
"785c5bb7-a083-504b-86c7-abf84f4e761c","chembl_activity","chembl_activity","chembl","bronze","9","31896","31896","dbd14709b2f6452e54c03aefeae9e58c6a16b55c2bf74ed78b2cfb6235d9e121","dbd14709b2f6452e54c03aefeae9e58c6a16b55c2bf74ed78b2cfb6235d9e121","dbd14709b2f6452e54c03aefeae9e58c6a16b55c2bf74ed78b2cfb6235d9e121","included","","","","","","","","","extract","2026-06-30T10:43:54.021713+00:00","{""action_type"": null, ""activity_comment"": null, ""activity_id"": 31896, ""activity_properties"": [], ""assay_chembl_id"": ""CHEMBL657976"", ""assay_description"": ""Inhibitory activity against murine carbonic anhydrase XIII (mCA XIII) by using CO2 hydrase assay method"", ""assay_type"": ""B"", ""assay_variant_accession"": null, ""assay_variant_mutation"": null, ""bao_endpoint"": ""BAO_0000192"", ""bao_format"": ""BAO_0000357"", ""bao_label"": ""single protein format"", ""canonical_smiles"": ""Nc1ccc(S(=O)(=O)Nc2nnc(S(N)(=O)=O)s2)cc1"", ""data_validity_comment"": null, ""data_validity_description"": null, ""document_chembl_id"": ""CHEMBL1146805"", ""document_journal"": ""Bioorg Med Chem Lett"", ""document_year"": 2004, ""ligand_efficiency"": {""bei"": ""25.94"", ""le"": ""0.59"", ""lle"": ""9.13"", ""sei"": ""5.50""}, ""molecule_chembl_id"": ""CHEMBL268439"", ""molecule_pref_name"": null, ""parent_molecule_chembl_id"": ""CHEMBL268439"", ""pchembl_value"": ""8.70"", ""potential_duplicate"": 0, ""qudt_units"": ""http://www.openphacts.org/units/Nanomolar"", ""record_id"": 235480, ""relation"": ""="", ""src_id"": 1, ""standard_flag"": 1, ""standard_relation"": ""="", ""standard_text_value"": null, ""standard_type"": ""Ki"", ""standard_units"": ""nM"", ""standard_upper_value"": null, ""standard_value"": ""2.0"", ""target_chembl_id"": ""CHEMBL2186"", ""target_organism"": ""Mus musculus"", ""target_pref_name"": ""Carbonic anhydrase 13"", ""target_tax_id"": ""10090"", ""text_value"": null, ""toid"": null, ""type"": ""Ki"", ""units"": ""nM"", ""uo_units"": ""UO_0000065"", ""upper_value"": null, ""value"": ""2.0""}","{""action_type"": null, ""activity_comment"": null, ""activity_id"": 31896, ""activity_properties"": [], ""assay_chembl_id"": ""CHEMBL657976"", ""assay_description"": ""Inhibitory activity against murine carbonic anhydrase XIII (mCA XIII) by using CO2 hydrase assay method"", ""assay_type"": ""B"", ""assay_variant_accession"": null, ""assay_variant_mutation"": null, ""bao_endpoint"": ""BAO_0000192"", ""bao_format"": ""BAO_0000357"", ""bao_label"": ""single protein format"", ""canonical_smiles"": ""Nc1ccc(S(=O)(=O)Nc2nnc(S(N)(=O)=O)s2)cc1"", ""data_validity_comment"": null, ""data_validity_description"": null, ""document_chembl_id"": ""CHEMBL1146805"", ""document_journal"": ""Bioorg Med Chem Lett"", ""document_year"": 2004, ""ligand_efficiency"": {""bei"": ""25.94"", ""le"": ""0.59"", ""lle"": ""9.13"", ""sei"": ""5.50""}, ""molecule_chembl_id"": ""CHEMBL268439"", ""molecule_pref_name"": null, ""parent_molecule_chembl_id"": ""CHEMBL268439"", ""pchembl_value"": ""8.70"", ""potential_duplicate"": 0, ""qudt_units"": ""http://www.openphacts.org/units/Nanomolar"", ""record_id"": 235480, ""relation"": ""="", ""src_id"": 1, ""standard_flag"": 1, ""standard_relation"": ""="", ""standard_text_value"": null, ""standard_type"": ""Ki"", ""standard_units"": ""nM"", ""standard_upper_value"": null, ""standard_value"": ""2.0"", ""target_chembl_id"": ""CHEMBL2186"", ""target_organism"": ""Mus musculus"", ""target_pref_name"": ""Carbonic anhydrase 13"", ""target_tax_id"": ""10090"", ""text_value"": null, ""toid"": null, ""type"": ""Ki"", ""units"": ""nM"", ""uo_units"": ""UO_0000065"", ""upper_value"": null, ""value"": ""2.0""}","583dc675-942e-5de8-b3d7-eceabebe7bd7","{}"
"785c5bb7-a083-504b-86c7-abf84f4e761c","chembl_activity","chembl_activity","chembl","bronze","10","31964","31964","fb9d42c56a26427082bb0e2b26d49b62175784703fc7d1806ab903f254c4496c","fb9d42c56a26427082bb0e2b26d49b62175784703fc7d1806ab903f254c4496c","fb9d42c56a26427082bb0e2b26d49b62175784703fc7d1806ab903f254c4496c","included","","","","","","","","","extract","2026-06-30T10:43:54.021713+00:00","{""action_type"": null, ""activity_comment"": null, ""activity_id"": 31964, ""activity_properties"": [], ""assay_chembl_id"": ""CHEMBL650687"", ""assay_description"": ""Compound was tested for inhibition of [3H]dihydroalprenolol radioligand binding to Beta-1 adrenergic receptor in dog heart."", ""assay_type"": ""B"", ""assay_variant_accession"": null, ""assay_variant_mutation"": null, ""bao_endpoint"": ""BAO_0000190"", ""bao_format"": ""BAO_0000357"", ""bao_label"": ""single protein format"", ""canonical_smiles"": ""CC(C)(C)NC[C@H](O)CON=C1c2ccccc2-c2ccccc21"", ""data_validity_comment"": null, ""data_validity_description"": null, ""document_chembl_id"": ""CHEMBL1122110"", ""document_journal"": ""J Med Chem"", ""document_year"": 1982, ""ligand_efficiency"": {""bei"": ""23.22"", ""le"": ""0.43"", ""lle"": ""4.34"", ""sei"": ""13.99""}, ""molecule_chembl_id"": ""CHEMBL305153"", ""molecule_pref_name"": null, ""parent_molecule_chembl_id"": ""CHEMBL305153"", ""pchembl_value"": ""7.53"", ""potential_duplicate"": 0, ""qudt_units"": ""http://www.openphacts.org/units/Nanomolar"", ""record_id"": 342567, ""relation"": ""="", ""src_id"": 1, ""standard_flag"": 1, ""standard_relation"": ""="", ""standard_text_value"": null, ""standard_type"": ""IC50"", ""standard_units"": ""nM"", ""standard_upper_value"": null, ""standard_value"": ""29.4"", ""target_chembl_id"": ""CHEMBL213"", ""target_organism"": ""Homo sapiens"", ""target_pref_name"": ""Beta-1 adrenergic receptor"", ""target_tax_id"": ""9606"", ""text_value"": null, ""toid"": null, ""type"": ""IC50"", ""units"": ""nM"", ""uo_units"": ""UO_0000065"", ""upper_value"": null, ""value"": ""29.4""}","{""action_type"": null, ""activity_comment"": null, ""activity_id"": 31964, ""activity_properties"": [], ""assay_chembl_id"": ""CHEMBL650687"", ""assay_description"": ""Compound was tested for inhibition of [3H]dihydroalprenolol radioligand binding to Beta-1 adrenergic receptor in dog heart."", ""assay_type"": ""B"", ""assay_variant_accession"": null, ""assay_variant_mutation"": null, ""bao_endpoint"": ""BAO_0000190"", ""bao_format"": ""BAO_0000357"", ""bao_label"": ""single protein format"", ""canonical_smiles"": ""CC(C)(C)NC[C@H](O)CON=C1c2ccccc2-c2ccccc21"", ""data_validity_comment"": null, ""data_validity_description"": null, ""document_chembl_id"": ""CHEMBL1122110"", ""document_journal"": ""J Med Chem"", ""document_year"": 1982, ""ligand_efficiency"": {""bei"": ""23.22"", ""le"": ""0.43"", ""lle"": ""4.34"", ""sei"": ""13.99""}, ""molecule_chembl_id"": ""CHEMBL305153"", ""molecule_pref_name"": null, ""parent_molecule_chembl_id"": ""CHEMBL305153"", ""pchembl_value"": ""7.53"", ""potential_duplicate"": 0, ""qudt_units"": ""http://www.openphacts.org/units/Nanomolar"", ""record_id"": 342567, ""relation"": ""="", ""src_id"": 1, ""standard_flag"": 1, ""standard_relation"": ""="", ""standard_text_value"": null, ""standard_type"": ""IC50"", ""standard_units"": ""nM"", ""standard_upper_value"": null, ""standard_value"": ""29.4"", ""target_chembl_id"": ""CHEMBL213"", ""target_organism"": ""Homo sapiens"", ""target_pref_name"": ""Beta-1 adrenergic receptor"", ""target_tax_id"": ""9606"", ""text_value"": null, ""toid"": null, ""type"": ""IC50"", ""units"": ""nM"", ""uo_units"": ""UO_0000065"", ""upper_value"": null, ""value"": ""29.4""}","583dc675-942e-5de8-b3d7-eceabebe7bd7","{}"
"785c5bb7-a083-504b-86c7-abf84f4e761c","chembl_activity","chembl_activity","chembl","bronze","11","31965","31965","7a16a46b5e55d4ec6d07289725fb24b9b7e3a04497c0f9a229b469810126b0d7","7a16a46b5e55d4ec6d07289725fb24b9b7e3a04497c0f9a229b469810126b0d7","7a16a46b5e55d4ec6d07289725fb24b9b7e3a04497c0f9a229b469810126b0d7","included","","","","","","","","","extract","2026-06-30T10:43:54.021713+00:00","{""action_type"": null, ""activity_comment"": null, ""activity_id"": 31965, ""activity_properties"": [], ""assay_chembl_id"": ""CHEMBL652388"", ""assay_description"": ""Compound was tested for inhibition of [3H]dihydroalprenolol radioligand binding to Beta-2 adrenergic receptor in calf lung membranes."", ""assay_type"": ""B"", ""assay_variant_accession"": null, ""assay_variant_mutation"": null, ""bao_endpoint"": ""BAO_0000190"", ""bao_format"": ""BAO_0000249"", ""bao_label"": ""cell membrane format"", ""canonical_smiles"": ""CC(C)(C)NC[C@H](O)CON=C1c2ccccc2-c2ccccc21"", ""data_validity_comment"": null, ""data_validity_description"": null, ""document_chembl_id"": ""CHEMBL1122110"", ""document_journal"": ""J Med Chem"", ""document_year"": 1982, ""ligand_efficiency"": {""bei"": ""23.15"", ""le"": ""0.43"", ""lle"": ""4.32"", ""sei"": ""13.95""}, ""molecule_chembl_id"": ""CHEMBL305153"", ""molecule_pref_name"": null, ""parent_molecule_chembl_id"": ""CHEMBL305153"", ""pchembl_value"": ""7.51"", ""potential_duplicate"": 0, ""qudt_units"": ""http://www.openphacts.org/units/Nanomolar"", ""record_id"": 342567, ""relation"": ""="", ""src_id"": 1, ""standard_flag"": 1, ""standard_relation"": ""="", ""standard_text_value"": null, ""standard_type"": ""IC50"", ""standard_units"": ""nM"", ""standard_upper_value"": null, ""standard_value"": ""30.8"", ""target_chembl_id"": ""CHEMBL3373"", ""target_organism"": ""Bos taurus"", ""target_pref_name"": ""Beta-2 adrenergic receptor"", ""target_tax_id"": ""9913"", ""text_value"": null, ""toid"": null, ""type"": ""IC50"", ""units"": ""nM"", ""uo_units"": ""UO_0000065"", ""upper_value"": null, ""value"": ""30.8""}","{""action_type"": null, ""activity_comment"": null, ""activity_id"": 31965, ""activity_properties"": [], ""assay_chembl_id"": ""CHEMBL652388"", ""assay_description"": ""Compound was tested for inhibition of [3H]dihydroalprenolol radioligand binding to Beta-2 adrenergic receptor in calf lung membranes."", ""assay_type"": ""B"", ""assay_variant_accession"": null, ""assay_variant_mutation"": null, ""bao_endpoint"": ""BAO_0000190"", ""bao_format"": ""BAO_0000249"", ""bao_label"": ""cell membrane format"", ""canonical_smiles"": ""CC(C)(C)NC[C@H](O)CON=C1c2ccccc2-c2ccccc21"", ""data_validity_comment"": null, ""data_validity_description"": null, ""document_chembl_id"": ""CHEMBL1122110"", ""document_journal"": ""J Med Chem"", ""document_year"": 1982, ""ligand_efficiency"": {""bei"": ""23.15"", ""le"": ""0.43"", ""lle"": ""4.32"", ""sei"": ""13.95""}, ""molecule_chembl_id"": ""CHEMBL305153"", ""molecule_pref_name"": null, ""parent_molecule_chembl_id"": ""CHEMBL305153"", ""pchembl_value"": ""7.51"", ""potential_duplicate"": 0, ""qudt_units"": ""http://www.openphacts.org/units/Nanomolar"", ""record_id"": 342567, ""relation"": ""="", ""src_id"": 1, ""standard_flag"": 1, ""standard_relation"": ""="", ""standard_text_value"": null, ""standard_type"": ""IC50"", ""standard_units"": ""nM"", ""standard_upper_value"": null, ""standard_value"": ""30.8"", ""target_chembl_id"": ""CHEMBL3373"", ""target_organism"": ""Bos taurus"", ""target_pref_name"": ""Beta-2 adrenergic receptor"", ""target_tax_id"": ""9913"", ""text_value"": null, ""toid"": null, ""type"": ""IC50"", ""units"": ""nM"", ""uo_units"": ""UO_0000065"", ""upper_value"": null, ""value"": ""30.8""}","583dc675-942e-5de8-b3d7-eceabebe7bd7","{}"
"785c5bb7-a083-504b-86c7-abf84f4e761c","chembl_activity","chembl_activity","chembl","bronze","12","31991","31991","88b29a38524a99ae2afb526cdd240d01f6f8be9a0410e17d512e8b51eeaf8847","88b29a38524a99ae2afb526cdd240d01f6f8be9a0410e17d512e8b51eeaf8847","88b29a38524a99ae2afb526cdd240d01f6f8be9a0410e17d512e8b51eeaf8847","included","","","","","","","","","extract","2026-06-30T10:43:54.021713+00:00","{""action_type"": null, ""activity_comment"": null, ""activity_id"": 31991, ""activity_properties"": [], ""assay_chembl_id"": ""CHEMBL733653"", ""assay_description"": ""Ability to inhibit mitochondrial malate dehydrogenase"", ""assay_type"": ""B"", ""assay_variant_accession"": null, ""assay_variant_mutation"": null, ""bao_endpoint"": ""BAO_0000190"", ""bao_format"": ""BAO_0000357"", ""bao_label"": ""single protein format"", ""canonical_smiles"": ""O=C(O)c1cnc2cc(OCCOc3ccc4ccccc4c3)ccc2c1O"", ""data_validity_comment"": null, ""data_validity_description"": null, ""document_chembl_id"": ""CHEMBL1122163"", ""document_journal"": ""J Med Chem"", ""document_year"": 1982, ""ligand_efficiency"": {""bei"": ""15.45"", ""le"": ""0.28"", ""lle"": ""1.55"", ""sei"": ""6.53""}, ""molecule_chembl_id"": ""CHEMBL156707"", ""molecule_pref_name"": null, ""parent_molecule_chembl_id"": ""CHEMBL156707"", ""pchembl_value"": ""5.80"", ""potential_duplicate"": 0, ""qudt_units"": ""http://www.openphacts.org/units/Nanomolar"", ""record_id"": 308445, ""relation"": ""="", ""src_id"": 1, ""standard_flag"": 1, ""standard_relation"": ""="", ""standard_text_value"": null, ""standard_type"": ""IC50"", ""standard_units"": ""nM"", ""standard_upper_value"": null, ""standard_value"": ""1584.89"", ""target_chembl_id"": ""CHEMBL3444"", ""target_organism"": ""Sus scrofa"", ""target_pref_name"": ""Malate dehydrogenase, mitochondrial"", ""target_tax_id"": ""9823"", ""text_value"": null, ""toid"": null, ""type"": ""pI50"", ""units"": null, ""uo_units"": ""UO_0000065"", ""upper_value"": null, ""value"": ""5.8""}","{""action_type"": null, ""activity_comment"": null, ""activity_id"": 31991, ""activity_properties"": [], ""assay_chembl_id"": ""CHEMBL733653"", ""assay_description"": ""Ability to inhibit mitochondrial malate dehydrogenase"", ""assay_type"": ""B"", ""assay_variant_accession"": null, ""assay_variant_mutation"": null, ""bao_endpoint"": ""BAO_0000190"", ""bao_format"": ""BAO_0000357"", ""bao_label"": ""single protein format"", ""canonical_smiles"": ""O=C(O)c1cnc2cc(OCCOc3ccc4ccccc4c3)ccc2c1O"", ""data_validity_comment"": null, ""data_validity_description"": null, ""document_chembl_id"": ""CHEMBL1122163"", ""document_journal"": ""J Med Chem"", ""document_year"": 1982, ""ligand_efficiency"": {""bei"": ""15.45"", ""le"": ""0.28"", ""lle"": ""1.55"", ""sei"": ""6.53""}, ""molecule_chembl_id"": ""CHEMBL156707"", ""molecule_pref_name"": null, ""parent_molecule_chembl_id"": ""CHEMBL156707"", ""pchembl_value"": ""5.80"", ""potential_duplicate"": 0, ""qudt_units"": ""http://www.openphacts.org/units/Nanomolar"", ""record_id"": 308445, ""relation"": ""="", ""src_id"": 1, ""standard_flag"": 1, ""standard_relation"": ""="", ""standard_text_value"": null, ""standard_type"": ""IC50"", ""standard_units"": ""nM"", ""standard_upper_value"": null, ""standard_value"": ""1584.89"", ""target_chembl_id"": ""CHEMBL3444"", ""target_organism"": ""Sus scrofa"", ""target_pref_name"": ""Malate dehydrogenase, mitochondrial"", ""target_tax_id"": ""9823"", ""text_value"": null, ""toid"": null, ""type"": ""pI50"", ""units"": null, ""uo_units"": ""UO_0000065"", ""upper_value"": null, ""value"": ""5.8""}","583dc675-942e-5de8-b3d7-eceabebe7bd7","{}"
"785c5bb7-a083-504b-86c7-abf84f4e761c","chembl_activity","chembl_activity","chembl","bronze","13","31864","31864","b4cb69ab8f78d3921caddbb4f76073aa6e661568eaf149ac8aa5f8407fa75efd","b4cb69ab8f78d3921caddbb4f76073aa6e661568eaf149ac8aa5f8407fa75efd","b4cb69ab8f78d3921caddbb4f76073aa6e661568eaf149ac8aa5f8407fa75efd","included","","","","","","","","","extract","2026-06-30T10:43:54.021713+00:00","{""action_type"": null, ""activity_comment"": null, ""activity_id"": 31864, ""activity_properties"": [], ""assay_chembl_id"": ""CHEMBL872937"", ""assay_description"": ""In vivo inhibitory activity against human Heparanase"", ""assay_type"": ""B"", ""assay_variant_accession"": null, ""assay_variant_mutation"": null, ""bao_endpoint"": ""BAO_0000190"", ""bao_format"": ""BAO_0000218"", ""bao_label"": ""organism-based format"", ""canonical_smiles"": ""Cc1ccc2oc(-c3cccc(N4C(=O)c5ccc(C(=O)O)cc5C4=O)c3)nc2c1"", ""data_validity_comment"": null, ""data_validity_description"": null, ""document_chembl_id"": ""CHEMBL1146658"", ""document_journal"": ""Bioorg Med Chem Lett"", ""document_year"": 2004, ""ligand_efficiency"": {""bei"": ""14.06"", ""le"": ""0.26"", ""lle"": ""1.30"", ""sei"": ""5.56""}, ""molecule_chembl_id"": ""CHEMBL324340"", ""molecule_pref_name"": null, ""parent_molecule_chembl_id"": ""CHEMBL324340"", ""pchembl_value"": ""5.60"", ""potential_duplicate"": 0, ""qudt_units"": ""http://www.openphacts.org/units/Nanomolar"", ""record_id"": 208970, ""relation"": ""="", ""src_id"": 1, ""standard_flag"": 1, ""standard_relation"": ""="", ""standard_text_value"": null, ""standard_type"": ""IC50"", ""standard_units"": ""nM"", ""standard_upper_value"": null, ""standard_value"": ""2500.0"", ""target_chembl_id"": ""CHEMBL3921"", ""target_organism"": ""Homo sapiens"", ""target_pref_name"": ""Heparanase"", ""target_tax_id"": ""9606"", ""text_value"": null, ""toid"": null, ""type"": ""IC50"", ""units"": ""uM"", ""uo_units"": ""UO_0000065"", ""upper_value"": null, ""value"": ""2.5""}","{""action_type"": null, ""activity_comment"": null, ""activity_id"": 31864, ""activity_properties"": [], ""assay_chembl_id"": ""CHEMBL872937"", ""assay_description"": ""In vivo inhibitory activity against human Heparanase"", ""assay_type"": ""B"", ""assay_variant_accession"": null, ""assay_variant_mutation"": null, ""bao_endpoint"": ""BAO_0000190"", ""bao_format"": ""BAO_0000218"", ""bao_label"": ""organism-based format"", ""canonical_smiles"": ""Cc1ccc2oc(-c3cccc(N4C(=O)c5ccc(C(=O)O)cc5C4=O)c3)nc2c1"", ""data_validity_comment"": null, ""data_validity_description"": null, ""document_chembl_id"": ""CHEMBL1146658"", ""document_journal"": ""Bioorg Med Chem Lett"", ""document_year"": 2004, ""ligand_efficiency"": {""bei"": ""14.06"", ""le"": ""0.26"", ""lle"": ""1.30"", ""sei"": ""5.56""}, ""molecule_chembl_id"": ""CHEMBL324340"", ""molecule_pref_name"": null, ""parent_molecule_chembl_id"": ""CHEMBL324340"", ""pchembl_value"": ""5.60"", ""potential_duplicate"": 0, ""qudt_units"": ""http://www.openphacts.org/units/Nanomolar"", ""record_id"": 208970, ""relation"": ""="", ""src_id"": 1, ""standard_flag"": 1, ""standard_relation"": ""="", ""standard_text_value"": null, ""standard_type"": ""IC50"", ""standard_units"": ""nM"", ""standard_upper_value"": null, ""standard_value"": ""2500.0"", ""target_chembl_id"": ""CHEMBL3921"", ""target_organism"": ""Homo sapiens"", ""target_pref_name"": ""Heparanase"", ""target_tax_id"": ""9606"", ""text_value"": null, ""toid"": null, ""type"": ""IC50"", ""units"": ""uM"", ""uo_units"": ""UO_0000065"", ""upper_value"": null, ""value"": ""2.5""}","583dc675-942e-5de8-b3d7-eceabebe7bd7","{}"
"785c5bb7-a083-504b-86c7-abf84f4e761c","chembl_activity","chembl_activity","chembl","bronze","14","31866","31866","eaed9b3f7460ab9fcf29ac9fd93592afb93828c9492d96f8c5786528c26e3617","eaed9b3f7460ab9fcf29ac9fd93592afb93828c9492d96f8c5786528c26e3617","eaed9b3f7460ab9fcf29ac9fd93592afb93828c9492d96f8c5786528c26e3617","included","","","","","","","","","extract","2026-06-30T10:43:54.021713+00:00","{""action_type"": null, ""activity_comment"": null, ""activity_id"": 31866, ""activity_properties"": [], ""assay_chembl_id"": ""CHEMBL872937"", ""assay_description"": ""In vivo inhibitory activity against human Heparanase"", ""assay_type"": ""B"", ""assay_variant_accession"": null, ""assay_variant_mutation"": null, ""bao_endpoint"": ""BAO_0000190"", ""bao_format"": ""BAO_0000218"", ""bao_label"": ""organism-based format"", ""canonical_smiles"": ""COc1ccccc1-c1ccc2oc(-c3ccc(OC)c(N4C(=O)c5ccc(C(=O)O)cc5C4=O)c3)nc2c1"", ""data_validity_comment"": null, ""data_validity_description"": null, ""document_chembl_id"": ""CHEMBL1146658"", ""document_journal"": ""Bioorg Med Chem Lett"", ""document_year"": 2004, ""ligand_efficiency"": {""bei"": ""9.69"", ""le"": ""0.18"", ""lle"": ""-0.63"", ""sei"": ""4.23""}, ""molecule_chembl_id"": ""CHEMBL109600"", ""molecule_pref_name"": null, ""parent_molecule_chembl_id"": ""CHEMBL109600"", ""pchembl_value"": ""5.05"", ""potential_duplicate"": 0, ""qudt_units"": ""http://www.openphacts.org/units/Nanomolar"", ""record_id"": 208987, ""relation"": ""="", ""src_id"": 1, ""standard_flag"": 1, ""standard_relation"": ""="", ""standard_text_value"": null, ""standard_type"": ""IC50"", ""standard_units"": ""nM"", ""standard_upper_value"": null, ""standard_value"": ""9000.0"", ""target_chembl_id"": ""CHEMBL3921"", ""target_organism"": ""Homo sapiens"", ""target_pref_name"": ""Heparanase"", ""target_tax_id"": ""9606"", ""text_value"": null, ""toid"": null, ""type"": ""IC50"", ""units"": ""uM"", ""uo_units"": ""UO_0000065"", ""upper_value"": null, ""value"": ""9.0""}","{""action_type"": null, ""activity_comment"": null, ""activity_id"": 31866, ""activity_properties"": [], ""assay_chembl_id"": ""CHEMBL872937"", ""assay_description"": ""In vivo inhibitory activity against human Heparanase"", ""assay_type"": ""B"", ""assay_variant_accession"": null, ""assay_variant_mutation"": null, ""bao_endpoint"": ""BAO_0000190"", ""bao_format"": ""BAO_0000218"", ""bao_label"": ""organism-based format"", ""canonical_smiles"": ""COc1ccccc1-c1ccc2oc(-c3ccc(OC)c(N4C(=O)c5ccc(C(=O)O)cc5C4=O)c3)nc2c1"", ""data_validity_comment"": null, ""data_validity_description"": null, ""document_chembl_id"": ""CHEMBL1146658"", ""document_journal"": ""Bioorg Med Chem Lett"", ""document_year"": 2004, ""ligand_efficiency"": {""bei"": ""9.69"", ""le"": ""0.18"", ""lle"": ""-0.63"", ""sei"": ""4.23""}, ""molecule_chembl_id"": ""CHEMBL109600"", ""molecule_pref_name"": null, ""parent_molecule_chembl_id"": ""CHEMBL109600"", ""pchembl_value"": ""5.05"", ""potential_duplicate"": 0, ""qudt_units"": ""http://www.openphacts.org/units/Nanomolar"", ""record_id"": 208987, ""relation"": ""="", ""src_id"": 1, ""standard_flag"": 1, ""standard_relation"": ""="", ""standard_text_value"": null, ""standard_type"": ""IC50"", ""standard_units"": ""nM"", ""standard_upper_value"": null, ""standard_value"": ""9000.0"", ""target_chembl_id"": ""CHEMBL3921"", ""target_organism"": ""Homo sapiens"", ""target_pref_name"": ""Heparanase"", ""target_tax_id"": ""9606"", ""text_value"": null, ""toid"": null, ""type"": ""IC50"", ""units"": ""uM"", ""uo_units"": ""UO_0000065"", ""upper_value"": null, ""value"": ""9.0""}","583dc675-942e-5de8-b3d7-eceabebe7bd7","{}"
"785c5bb7-a083-504b-86c7-abf84f4e761c","chembl_activity","chembl_activity","chembl","bronze","15","31868","31868","953a75cdb4fbc59e88d179c1db8a45c84fc2e9a2a3b61c9c69267a0cf6527790","953a75cdb4fbc59e88d179c1db8a45c84fc2e9a2a3b61c9c69267a0cf6527790","953a75cdb4fbc59e88d179c1db8a45c84fc2e9a2a3b61c9c69267a0cf6527790","included","","","","","","","","","extract","2026-06-30T10:43:54.021713+00:00","{""action_type"": null, ""activity_comment"": null, ""activity_id"": 31868, ""activity_properties"": [], ""assay_chembl_id"": ""CHEMBL760688"", ""assay_description"": ""Inhibitory activity against Palmitoyl-CoA oxidase to inhibit rat heart mitochondrial Palmitoyl-CoA oxidation."", ""assay_type"": ""B"", ""assay_variant_accession"": null, ""assay_variant_mutation"": null, ""bao_endpoint"": ""BAO_0000190"", ""bao_format"": ""BAO_0000357"", ""bao_label"": ""single protein format"", ""canonical_smiles"": ""Cc1nc2cc(OC[C@H](O)CN3CCN(CC(=O)Nc4ccc(Cl)c(C(F)(F)F)c4)CC3)ccc2s1"", ""data_validity_comment"": null, ""data_validity_description"": null, ""document_chembl_id"": ""CHEMBL1148425"", ""document_journal"": ""Bioorg Med Chem Lett"", ""document_year"": 2004, ""ligand_efficiency"": {""bei"": ""9.94"", ""le"": ""0.20"", ""lle"": ""1.13"", ""sei"": ""6.93""}, ""molecule_chembl_id"": ""CHEMBL357278"", ""molecule_pref_name"": null, ""parent_molecule_chembl_id"": ""CHEMBL357278"", ""pchembl_value"": ""5.40"", ""potential_duplicate"": 0, ""qudt_units"": ""http://www.openphacts.org/units/Nanomolar"", ""record_id"": 297547, ""relation"": ""="", ""src_id"": 1, ""standard_flag"": 1, ""standard_relation"": ""="", ""standard_text_value"": null, ""standard_type"": ""IC50"", ""standard_units"": ""nM"", ""standard_upper_value"": null, ""standard_value"": ""4000.0"", ""target_chembl_id"": ""CHEMBL4632"", ""target_organism"": ""Rattus norvegicus"", ""target_pref_name"": ""Peroxisomal acyl-coenzyme A oxidase 1"", ""target_tax_id"": ""10116"", ""text_value"": null, ""toid"": null, ""type"": ""IC50"", ""units"": ""uM"", ""uo_units"": ""UO_0000065"", ""upper_value"": null, ""value"": ""4.0""}","{""action_type"": null, ""activity_comment"": null, ""activity_id"": 31868, ""activity_properties"": [], ""assay_chembl_id"": ""CHEMBL760688"", ""assay_description"": ""Inhibitory activity against Palmitoyl-CoA oxidase to inhibit rat heart mitochondrial Palmitoyl-CoA oxidation."", ""assay_type"": ""B"", ""assay_variant_accession"": null, ""assay_variant_mutation"": null, ""bao_endpoint"": ""BAO_0000190"", ""bao_format"": ""BAO_0000357"", ""bao_label"": ""single protein format"", ""canonical_smiles"": ""Cc1nc2cc(OC[C@H](O)CN3CCN(CC(=O)Nc4ccc(Cl)c(C(F)(F)F)c4)CC3)ccc2s1"", ""data_validity_comment"": null, ""data_validity_description"": null, ""document_chembl_id"": ""CHEMBL1148425"", ""document_journal"": ""Bioorg Med Chem Lett"", ""document_year"": 2004, ""ligand_efficiency"": {""bei"": ""9.94"", ""le"": ""0.20"", ""lle"": ""1.13"", ""sei"": ""6.93""}, ""molecule_chembl_id"": ""CHEMBL357278"", ""molecule_pref_name"": null, ""parent_molecule_chembl_id"": ""CHEMBL357278"", ""pchembl_value"": ""5.40"", ""potential_duplicate"": 0, ""qudt_units"": ""http://www.openphacts.org/units/Nanomolar"", ""record_id"": 297547, ""relation"": ""="", ""src_id"": 1, ""standard_flag"": 1, ""standard_relation"": ""="", ""standard_text_value"": null, ""standard_type"": ""IC50"", ""standard_units"": ""nM"", ""standard_upper_value"": null, ""standard_value"": ""4000.0"", ""target_chembl_id"": ""CHEMBL4632"", ""target_organism"": ""Rattus norvegicus"", ""target_pref_name"": ""Peroxisomal acyl-coenzyme A oxidase 1"", ""target_tax_id"": ""10116"", ""text_value"": null, ""toid"": null, ""type"": ""IC50"", ""units"": ""uM"", ""uo_units"": ""UO_0000065"", ""upper_value"": null, ""value"": ""4.0""}","583dc675-942e-5de8-b3d7-eceabebe7bd7","{}"
"785c5bb7-a083-504b-86c7-abf84f4e761c","chembl_activity","chembl_activity","chembl","bronze","16","31870","31870","6669d94931386bb771ba8e80fcf47ed1a7717194cfde9eee9006a86ae95b4d66","6669d94931386bb771ba8e80fcf47ed1a7717194cfde9eee9006a86ae95b4d66","6669d94931386bb771ba8e80fcf47ed1a7717194cfde9eee9006a86ae95b4d66","included","","","","","","","","","extract","2026-06-30T10:43:54.021713+00:00","{""action_type"": null, ""activity_comment"": null, ""activity_id"": 31870, ""activity_properties"": [], ""assay_chembl_id"": ""CHEMBL760688"", ""assay_description"": ""Inhibitory activity against Palmitoyl-CoA oxidase to inhibit rat heart mitochondrial Palmitoyl-CoA oxidation."", ""assay_type"": ""B"", ""assay_variant_accession"": null, ""assay_variant_mutation"": null, ""bao_endpoint"": ""BAO_0000190"", ""bao_format"": ""BAO_0000357"", ""bao_label"": ""single protein format"", ""canonical_smiles"": ""Cc1nc2cc(OC[C@H](O)CN3CCN(CC(=O)NCCc4ccccc4)CC3)ccc2s1"", ""data_validity_comment"": null, ""data_validity_description"": null, ""document_chembl_id"": ""CHEMBL1148425"", ""document_journal"": ""Bioorg Med Chem Lett"", ""document_year"": 2004, ""ligand_efficiency"": {""bei"": ""10.18"", ""le"": ""0.20"", ""lle"": ""2.45"", ""sei"": ""6.12""}, ""molecule_chembl_id"": ""CHEMBL357119"", ""molecule_pref_name"": null, ""parent_molecule_chembl_id"": ""CHEMBL357119"", ""pchembl_value"": ""4.77"", ""potential_duplicate"": 0, ""qudt_units"": ""http://www.openphacts.org/units/Nanomolar"", ""record_id"": 297563, ""relation"": ""="", ""src_id"": 1, ""standard_flag"": 1, ""standard_relation"": ""="", ""standard_text_value"": null, ""standard_type"": ""IC50"", ""standard_units"": ""nM"", ""standard_upper_value"": null, ""standard_value"": ""17000.0"", ""target_chembl_id"": ""CHEMBL4632"", ""target_organism"": ""Rattus norvegicus"", ""target_pref_name"": ""Peroxisomal acyl-coenzyme A oxidase 1"", ""target_tax_id"": ""10116"", ""text_value"": null, ""toid"": null, ""type"": ""IC50"", ""units"": ""uM"", ""uo_units"": ""UO_0000065"", ""upper_value"": null, ""value"": ""17.0""}","{""action_type"": null, ""activity_comment"": null, ""activity_id"": 31870, ""activity_properties"": [], ""assay_chembl_id"": ""CHEMBL760688"", ""assay_description"": ""Inhibitory activity against Palmitoyl-CoA oxidase to inhibit rat heart mitochondrial Palmitoyl-CoA oxidation."", ""assay_type"": ""B"", ""assay_variant_accession"": null, ""assay_variant_mutation"": null, ""bao_endpoint"": ""BAO_0000190"", ""bao_format"": ""BAO_0000357"", ""bao_label"": ""single protein format"", ""canonical_smiles"": ""Cc1nc2cc(OC[C@H](O)CN3CCN(CC(=O)NCCc4ccccc4)CC3)ccc2s1"", ""data_validity_comment"": null, ""data_validity_description"": null, ""document_chembl_id"": ""CHEMBL1148425"", ""document_journal"": ""Bioorg Med Chem Lett"", ""document_year"": 2004, ""ligand_efficiency"": {""bei"": ""10.18"", ""le"": ""0.20"", ""lle"": ""2.45"", ""sei"": ""6.12""}, ""molecule_chembl_id"": ""CHEMBL357119"", ""molecule_pref_name"": null, ""parent_molecule_chembl_id"": ""CHEMBL357119"", ""pchembl_value"": ""4.77"", ""potential_duplicate"": 0, ""qudt_units"": ""http://www.openphacts.org/units/Nanomolar"", ""record_id"": 297563, ""relation"": ""="", ""src_id"": 1, ""standard_flag"": 1, ""standard_relation"": ""="", ""standard_text_value"": null, ""standard_type"": ""IC50"", ""standard_units"": ""nM"", ""standard_upper_value"": null, ""standard_value"": ""17000.0"", ""target_chembl_id"": ""CHEMBL4632"", ""target_organism"": ""Rattus norvegicus"", ""target_pref_name"": ""Peroxisomal acyl-coenzyme A oxidase 1"", ""target_tax_id"": ""10116"", ""text_value"": null, ""toid"": null, ""type"": ""IC50"", ""units"": ""uM"", ""uo_units"": ""UO_0000065"", ""upper_value"": null, ""value"": ""17.0""}","583dc675-942e-5de8-b3d7-eceabebe7bd7","{}"
"785c5bb7-a083-504b-86c7-abf84f4e761c","chembl_activity","chembl_activity","chembl","bronze","17","31872","31872","06289f038b76db9771f13763837775cc41a8c04da4dc7a42b1aa732fab1b85d1","06289f038b76db9771f13763837775cc41a8c04da4dc7a42b1aa732fab1b85d1","06289f038b76db9771f13763837775cc41a8c04da4dc7a42b1aa732fab1b85d1","included","","","","","","","","","extract","2026-06-30T10:43:54.021713+00:00","{""action_type"": null, ""activity_comment"": null, ""activity_id"": 31872, ""activity_properties"": [], ""assay_chembl_id"": ""CHEMBL760688"", ""assay_description"": ""Inhibitory activity against Palmitoyl-CoA oxidase to inhibit rat heart mitochondrial Palmitoyl-CoA oxidation."", ""assay_type"": ""B"", ""assay_variant_accession"": null, ""assay_variant_mutation"": null, ""bao_endpoint"": ""BAO_0000190"", ""bao_format"": ""BAO_0000357"", ""bao_label"": ""single protein format"", ""canonical_smiles"": ""Cc1nc2cc(OC[C@H](O)CN3CCN(CC(=O)Nc4cccc(-c5ccccc5)c4)CC3)ccc2s1"", ""data_validity_comment"": null, ""data_validity_description"": null, ""document_chembl_id"": ""CHEMBL1148425"", ""document_journal"": ""Bioorg Med Chem Lett"", ""document_year"": 2004, ""ligand_efficiency"": {""bei"": ""13.05"", ""le"": ""0.25"", ""lle"": ""2.47"", ""sei"": ""8.65""}, ""molecule_chembl_id"": ""CHEMBL152968"", ""molecule_pref_name"": null, ""parent_molecule_chembl_id"": ""CHEMBL152968"", ""pchembl_value"": ""6.75"", ""potential_duplicate"": 0, ""qudt_units"": ""http://www.openphacts.org/units/Nanomolar"", ""record_id"": 297580, ""relation"": ""="", ""src_id"": 1, ""standard_flag"": 1, ""standard_relation"": ""="", ""standard_text_value"": null, ""standard_type"": ""IC50"", ""standard_units"": ""nM"", ""standard_upper_value"": null, ""standard_value"": ""180.0"", ""target_chembl_id"": ""CHEMBL4632"", ""target_organism"": ""Rattus norvegicus"", ""target_pref_name"": ""Peroxisomal acyl-coenzyme A oxidase 1"", ""target_tax_id"": ""10116"", ""text_value"": null, ""toid"": null, ""type"": ""IC50"", ""units"": ""nM"", ""uo_units"": ""UO_0000065"", ""upper_value"": null, ""value"": ""180.0""}","{""action_type"": null, ""activity_comment"": null, ""activity_id"": 31872, ""activity_properties"": [], ""assay_chembl_id"": ""CHEMBL760688"", ""assay_description"": ""Inhibitory activity against Palmitoyl-CoA oxidase to inhibit rat heart mitochondrial Palmitoyl-CoA oxidation."", ""assay_type"": ""B"", ""assay_variant_accession"": null, ""assay_variant_mutation"": null, ""bao_endpoint"": ""BAO_0000190"", ""bao_format"": ""BAO_0000357"", ""bao_label"": ""single protein format"", ""canonical_smiles"": ""Cc1nc2cc(OC[C@H](O)CN3CCN(CC(=O)Nc4cccc(-c5ccccc5)c4)CC3)ccc2s1"", ""data_validity_comment"": null, ""data_validity_description"": null, ""document_chembl_id"": ""CHEMBL1148425"", ""document_journal"": ""Bioorg Med Chem Lett"", ""document_year"": 2004, ""ligand_efficiency"": {""bei"": ""13.05"", ""le"": ""0.25"", ""lle"": ""2.47"", ""sei"": ""8.65""}, ""molecule_chembl_id"": ""CHEMBL152968"", ""molecule_pref_name"": null, ""parent_molecule_chembl_id"": ""CHEMBL152968"", ""pchembl_value"": ""6.75"", ""potential_duplicate"": 0, ""qudt_units"": ""http://www.openphacts.org/units/Nanomolar"", ""record_id"": 297580, ""relation"": ""="", ""src_id"": 1, ""standard_flag"": 1, ""standard_relation"": ""="", ""standard_text_value"": null, ""standard_type"": ""IC50"", ""standard_units"": ""nM"", ""standard_upper_value"": null, ""standard_value"": ""180.0"", ""target_chembl_id"": ""CHEMBL4632"", ""target_organism"": ""Rattus norvegicus"", ""target_pref_name"": ""Peroxisomal acyl-coenzyme A oxidase 1"", ""target_tax_id"": ""10116"", ""text_value"": null, ""toid"": null, ""type"": ""IC50"", ""units"": ""nM"", ""uo_units"": ""UO_0000065"", ""upper_value"": null, ""value"": ""180.0""}","583dc675-942e-5de8-b3d7-eceabebe7bd7","{}"
"785c5bb7-a083-504b-86c7-abf84f4e761c","chembl_activity","chembl_activity","chembl","bronze","18","31864","31864","b4cb69ab8f78d3921caddbb4f76073aa6e661568eaf149ac8aa5f8407fa75efd","b4cb69ab8f78d3921caddbb4f76073aa6e661568eaf149ac8aa5f8407fa75efd","b4cb69ab8f78d3921caddbb4f76073aa6e661568eaf149ac8aa5f8407fa75efd","included","","","","","","","","","extract","2026-06-30T10:43:54.021713+00:00","{""action_type"": null, ""activity_comment"": null, ""activity_id"": 31864, ""activity_properties"": [], ""assay_chembl_id"": ""CHEMBL872937"", ""assay_description"": ""In vivo inhibitory activity against human Heparanase"", ""assay_type"": ""B"", ""assay_variant_accession"": null, ""assay_variant_mutation"": null, ""bao_endpoint"": ""BAO_0000190"", ""bao_format"": ""BAO_0000218"", ""bao_label"": ""organism-based format"", ""canonical_smiles"": ""Cc1ccc2oc(-c3cccc(N4C(=O)c5ccc(C(=O)O)cc5C4=O)c3)nc2c1"", ""data_validity_comment"": null, ""data_validity_description"": null, ""document_chembl_id"": ""CHEMBL1146658"", ""document_journal"": ""Bioorg Med Chem Lett"", ""document_year"": 2004, ""ligand_efficiency"": {""bei"": ""14.06"", ""le"": ""0.26"", ""lle"": ""1.30"", ""sei"": ""5.56""}, ""molecule_chembl_id"": ""CHEMBL324340"", ""molecule_pref_name"": null, ""parent_molecule_chembl_id"": ""CHEMBL324340"", ""pchembl_value"": ""5.60"", ""potential_duplicate"": 0, ""qudt_units"": ""http://www.openphacts.org/units/Nanomolar"", ""record_id"": 208970, ""relation"": ""="", ""src_id"": 1, ""standard_flag"": 1, ""standard_relation"": ""="", ""standard_text_value"": null, ""standard_type"": ""IC50"", ""standard_units"": ""nM"", ""standard_upper_value"": null, ""standard_value"": ""2500.0"", ""target_chembl_id"": ""CHEMBL3921"", ""target_organism"": ""Homo sapiens"", ""target_pref_name"": ""Heparanase"", ""target_tax_id"": ""9606"", ""text_value"": null, ""toid"": null, ""type"": ""IC50"", ""units"": ""uM"", ""uo_units"": ""UO_0000065"", ""upper_value"": null, ""value"": ""2.5""}","{""action_type"": null, ""activity_comment"": null, ""activity_id"": 31864, ""activity_properties"": [], ""assay_chembl_id"": ""CHEMBL872937"", ""assay_description"": ""In vivo inhibitory activity against human Heparanase"", ""assay_type"": ""B"", ""assay_variant_accession"": null, ""assay_variant_mutation"": null, ""bao_endpoint"": ""BAO_0000190"", ""bao_format"": ""BAO_0000218"", ""bao_label"": ""organism-based format"", ""canonical_smiles"": ""Cc1ccc2oc(-c3cccc(N4C(=O)c5ccc(C(=O)O)cc5C4=O)c3)nc2c1"", ""data_validity_comment"": null, ""data_validity_description"": null, ""document_chembl_id"": ""CHEMBL1146658"", ""document_journal"": ""Bioorg Med Chem Lett"", ""document_year"": 2004, ""ligand_efficiency"": {""bei"": ""14.06"", ""le"": ""0.26"", ""lle"": ""1.30"", ""sei"": ""5.56""}, ""molecule_chembl_id"": ""CHEMBL324340"", ""molecule_pref_name"": null, ""parent_molecule_chembl_id"": ""CHEMBL324340"", ""pchembl_value"": ""5.60"", ""potential_duplicate"": 0, ""qudt_units"": ""http://www.openphacts.org/units/Nanomolar"", ""record_id"": 208970, ""relation"": ""="", ""src_id"": 1, ""standard_flag"": 1, ""standard_relation"": ""="", ""standard_text_value"": null, ""standard_type"": ""IC50"", ""standard_units"": ""nM"", ""standard_upper_value"": null, ""standard_value"": ""2500.0"", ""target_chembl_id"": ""CHEMBL3921"", ""target_organism"": ""Homo sapiens"", ""target_pref_name"": ""Heparanase"", ""target_tax_id"": ""9606"", ""text_value"": null, ""toid"": null, ""type"": ""IC50"", ""units"": ""uM"", ""uo_units"": ""UO_0000065"", ""upper_value"": null, ""value"": ""2.5""}","583dc675-942e-5de8-b3d7-eceabebe7bd7","{}"
"785c5bb7-a083-504b-86c7-abf84f4e761c","chembl_activity","chembl_activity","chembl","bronze","19","31866","31866","eaed9b3f7460ab9fcf29ac9fd93592afb93828c9492d96f8c5786528c26e3617","eaed9b3f7460ab9fcf29ac9fd93592afb93828c9492d96f8c5786528c26e3617","eaed9b3f7460ab9fcf29ac9fd93592afb93828c9492d96f8c5786528c26e3617","included","","","","","","","","","extract","2026-06-30T10:43:54.021713+00:00","{""action_type"": null, ""activity_comment"": null, ""activity_id"": 31866, ""activity_properties"": [], ""assay_chembl_id"": ""CHEMBL872937"", ""assay_description"": ""In vivo inhibitory activity against human Heparanase"", ""assay_type"": ""B"", ""assay_variant_accession"": null, ""assay_variant_mutation"": null, ""bao_endpoint"": ""BAO_0000190"", ""bao_format"": ""BAO_0000218"", ""bao_label"": ""organism-based format"", ""canonical_smiles"": ""COc1ccccc1-c1ccc2oc(-c3ccc(OC)c(N4C(=O)c5ccc(C(=O)O)cc5C4=O)c3)nc2c1"", ""data_validity_comment"": null, ""data_validity_description"": null, ""document_chembl_id"": ""CHEMBL1146658"", ""document_journal"": ""Bioorg Med Chem Lett"", ""document_year"": 2004, ""ligand_efficiency"": {""bei"": ""9.69"", ""le"": ""0.18"", ""lle"": ""-0.63"", ""sei"": ""4.23""}, ""molecule_chembl_id"": ""CHEMBL109600"", ""molecule_pref_name"": null, ""parent_molecule_chembl_id"": ""CHEMBL109600"", ""pchembl_value"": ""5.05"", ""potential_duplicate"": 0, ""qudt_units"": ""http://www.openphacts.org/units/Nanomolar"", ""record_id"": 208987, ""relation"": ""="", ""src_id"": 1, ""standard_flag"": 1, ""standard_relation"": ""="", ""standard_text_value"": null, ""standard_type"": ""IC50"", ""standard_units"": ""nM"", ""standard_upper_value"": null, ""standard_value"": ""9000.0"", ""target_chembl_id"": ""CHEMBL3921"", ""target_organism"": ""Homo sapiens"", ""target_pref_name"": ""Heparanase"", ""target_tax_id"": ""9606"", ""text_value"": null, ""toid"": null, ""type"": ""IC50"", ""units"": ""uM"", ""uo_units"": ""UO_0000065"", ""upper_value"": null, ""value"": ""9.0""}","{""action_type"": null, ""activity_comment"": null, ""activity_id"": 31866, ""activity_properties"": [], ""assay_chembl_id"": ""CHEMBL872937"", ""assay_description"": ""In vivo inhibitory activity against human Heparanase"", ""assay_type"": ""B"", ""assay_variant_accession"": null, ""assay_variant_mutation"": null, ""bao_endpoint"": ""BAO_0000190"", ""bao_format"": ""BAO_0000218"", ""bao_label"": ""organism-based format"", ""canonical_smiles"": ""COc1ccccc1-c1ccc2oc(-c3ccc(OC)c(N4C(=O)c5ccc(C(=O)O)cc5C4=O)c3)nc2c1"", ""data_validity_comment"": null, ""data_validity_description"": null, ""document_chembl_id"": ""CHEMBL1146658"", ""document_journal"": ""Bioorg Med Chem Lett"", ""document_year"": 2004, ""ligand_efficiency"": {""bei"": ""9.69"", ""le"": ""0.18"", ""lle"": ""-0.63"", ""sei"": ""4.23""}, ""molecule_chembl_id"": ""CHEMBL109600"", ""molecule_pref_name"": null, ""parent_molecule_chembl_id"": ""CHEMBL109600"", ""pchembl_value"": ""5.05"", ""potential_duplicate"": 0, ""qudt_units"": ""http://www.openphacts.org/units/Nanomolar"", ""record_id"": 208987, ""relation"": ""="", ""src_id"": 1, ""standard_flag"": 1, ""standard_relation"": ""="", ""standard_text_value"": null, ""standard_type"": ""IC50"", ""standard_units"": ""nM"", ""standard_upper_value"": null, ""standard_value"": ""9000.0"", ""target_chembl_id"": ""CHEMBL3921"", ""target_organism"": ""Homo sapiens"", ""target_pref_name"": ""Heparanase"", ""target_tax_id"": ""9606"", ""text_value"": null, ""toid"": null, ""type"": ""IC50"", ""units"": ""uM"", ""uo_units"": ""UO_0000065"", ""upper_value"": null, ""value"": ""9.0""}","583dc675-942e-5de8-b3d7-eceabebe7bd7","{}"
"785c5bb7-a083-504b-86c7-abf84f4e761c","chembl_activity","chembl_activity","chembl","bronze","20","31868","31868","953a75cdb4fbc59e88d179c1db8a45c84fc2e9a2a3b61c9c69267a0cf6527790","953a75cdb4fbc59e88d179c1db8a45c84fc2e9a2a3b61c9c69267a0cf6527790","953a75cdb4fbc59e88d179c1db8a45c84fc2e9a2a3b61c9c69267a0cf6527790","included","","","","","","","","","extract","2026-06-30T10:43:54.021713+00:00","{""action_type"": null, ""activity_comment"": null, ""activity_id"": 31868, ""activity_properties"": [], ""assay_chembl_id"": ""CHEMBL760688"", ""assay_description"": ""Inhibitory activity against Palmitoyl-CoA oxidase to inhibit rat heart mitochondrial Palmitoyl-CoA oxidation."", ""assay_type"": ""B"", ""assay_variant_accession"": null, ""assay_variant_mutation"": null, ""bao_endpoint"": ""BAO_0000190"", ""bao_format"": ""BAO_0000357"", ""bao_label"": ""single protein format"", ""canonical_smiles"": ""Cc1nc2cc(OC[C@H](O)CN3CCN(CC(=O)Nc4ccc(Cl)c(C(F)(F)F)c4)CC3)ccc2s1"", ""data_validity_comment"": null, ""data_validity_description"": null, ""document_chembl_id"": ""CHEMBL1148425"", ""document_journal"": ""Bioorg Med Chem Lett"", ""document_year"": 2004, ""ligand_efficiency"": {""bei"": ""9.94"", ""le"": ""0.20"", ""lle"": ""1.13"", ""sei"": ""6.93""}, ""molecule_chembl_id"": ""CHEMBL357278"", ""molecule_pref_name"": null, ""parent_molecule_chembl_id"": ""CHEMBL357278"", ""pchembl_value"": ""5.40"", ""potential_duplicate"": 0, ""qudt_units"": ""http://www.openphacts.org/units/Nanomolar"", ""record_id"": 297547, ""relation"": ""="", ""src_id"": 1, ""standard_flag"": 1, ""standard_relation"": ""="", ""standard_text_value"": null, ""standard_type"": ""IC50"", ""standard_units"": ""nM"", ""standard_upper_value"": null, ""standard_value"": ""4000.0"", ""target_chembl_id"": ""CHEMBL4632"", ""target_organism"": ""Rattus norvegicus"", ""target_pref_name"": ""Peroxisomal acyl-coenzyme A oxidase 1"", ""target_tax_id"": ""10116"", ""text_value"": null, ""toid"": null, ""type"": ""IC50"", ""units"": ""uM"", ""uo_units"": ""UO_0000065"", ""upper_value"": null, ""value"": ""4.0""}","{""action_type"": null, ""activity_comment"": null, ""activity_id"": 31868, ""activity_properties"": [], ""assay_chembl_id"": ""CHEMBL760688"", ""assay_description"": ""Inhibitory activity against Palmitoyl-CoA oxidase to inhibit rat heart mitochondrial Palmitoyl-CoA oxidation."", ""assay_type"": ""B"", ""assay_variant_accession"": null, ""assay_variant_mutation"": null, ""bao_endpoint"": ""BAO_0000190"", ""bao_format"": ""BAO_0000357"", ""bao_label"": ""single protein format"", ""canonical_smiles"": ""Cc1nc2cc(OC[C@H](O)CN3CCN(CC(=O)Nc4ccc(Cl)c(C(F)(F)F)c4)CC3)ccc2s1"", ""data_validity_comment"": null, ""data_validity_description"": null, ""document_chembl_id"": ""CHEMBL1148425"", ""document_journal"": ""Bioorg Med Chem Lett"", ""document_year"": 2004, ""ligand_efficiency"": {""bei"": ""9.94"", ""le"": ""0.20"", ""lle"": ""1.13"", ""sei"": ""6.93""}, ""molecule_chembl_id"": ""CHEMBL357278"", ""molecule_pref_name"": null, ""parent_molecule_chembl_id"": ""CHEMBL357278"", ""pchembl_value"": ""5.40"", ""potential_duplicate"": 0, ""qudt_units"": ""http://www.openphacts.org/units/Nanomolar"", ""record_id"": 297547, ""relation"": ""="", ""src_id"": 1, ""standard_flag"": 1, ""standard_relation"": ""="", ""standard_text_value"": null, ""standard_type"": ""IC50"", ""standard_units"": ""nM"", ""standard_upper_value"": null, ""standard_value"": ""4000.0"", ""target_chembl_id"": ""CHEMBL4632"", ""target_organism"": ""Rattus norvegicus"", ""target_pref_name"": ""Peroxisomal acyl-coenzyme A oxidase 1"", ""target_tax_id"": ""10116"", ""text_value"": null, ""toid"": null, ""type"": ""IC50"", ""units"": ""uM"", ""uo_units"": ""UO_0000065"", ""upper_value"": null, ""value"": ""4.0""}","583dc675-942e-5de8-b3d7-eceabebe7bd7","{}"
"785c5bb7-a083-504b-86c7-abf84f4e761c","chembl_activity","chembl_activity","chembl","bronze","21","31870","31870","6669d94931386bb771ba8e80fcf47ed1a7717194cfde9eee9006a86ae95b4d66","6669d94931386bb771ba8e80fcf47ed1a7717194cfde9eee9006a86ae95b4d66","6669d94931386bb771ba8e80fcf47ed1a7717194cfde9eee9006a86ae95b4d66","included","","","","","","","","","extract","2026-06-30T10:43:54.021713+00:00","{""action_type"": null, ""activity_comment"": null, ""activity_id"": 31870, ""activity_properties"": [], ""assay_chembl_id"": ""CHEMBL760688"", ""assay_description"": ""Inhibitory activity against Palmitoyl-CoA oxidase to inhibit rat heart mitochondrial Palmitoyl-CoA oxidation."", ""assay_type"": ""B"", ""assay_variant_accession"": null, ""assay_variant_mutation"": null, ""bao_endpoint"": ""BAO_0000190"", ""bao_format"": ""BAO_0000357"", ""bao_label"": ""single protein format"", ""canonical_smiles"": ""Cc1nc2cc(OC[C@H](O)CN3CCN(CC(=O)NCCc4ccccc4)CC3)ccc2s1"", ""data_validity_comment"": null, ""data_validity_description"": null, ""document_chembl_id"": ""CHEMBL1148425"", ""document_journal"": ""Bioorg Med Chem Lett"", ""document_year"": 2004, ""ligand_efficiency"": {""bei"": ""10.18"", ""le"": ""0.20"", ""lle"": ""2.45"", ""sei"": ""6.12""}, ""molecule_chembl_id"": ""CHEMBL357119"", ""molecule_pref_name"": null, ""parent_molecule_chembl_id"": ""CHEMBL357119"", ""pchembl_value"": ""4.77"", ""potential_duplicate"": 0, ""qudt_units"": ""http://www.openphacts.org/units/Nanomolar"", ""record_id"": 297563, ""relation"": ""="", ""src_id"": 1, ""standard_flag"": 1, ""standard_relation"": ""="", ""standard_text_value"": null, ""standard_type"": ""IC50"", ""standard_units"": ""nM"", ""standard_upper_value"": null, ""standard_value"": ""17000.0"", ""target_chembl_id"": ""CHEMBL4632"", ""target_organism"": ""Rattus norvegicus"", ""target_pref_name"": ""Peroxisomal acyl-coenzyme A oxidase 1"", ""target_tax_id"": ""10116"", ""text_value"": null, ""toid"": null, ""type"": ""IC50"", ""units"": ""uM"", ""uo_units"": ""UO_0000065"", ""upper_value"": null, ""value"": ""17.0""}","{""action_type"": null, ""activity_comment"": null, ""activity_id"": 31870, ""activity_properties"": [], ""assay_chembl_id"": ""CHEMBL760688"", ""assay_description"": ""Inhibitory activity against Palmitoyl-CoA oxidase to inhibit rat heart mitochondrial Palmitoyl-CoA oxidation."", ""assay_type"": ""B"", ""assay_variant_accession"": null, ""assay_variant_mutation"": null, ""bao_endpoint"": ""BAO_0000190"", ""bao_format"": ""BAO_0000357"", ""bao_label"": ""single protein format"", ""canonical_smiles"": ""Cc1nc2cc(OC[C@H](O)CN3CCN(CC(=O)NCCc4ccccc4)CC3)ccc2s1"", ""data_validity_comment"": null, ""data_validity_description"": null, ""document_chembl_id"": ""CHEMBL1148425"", ""document_journal"": ""Bioorg Med Chem Lett"", ""document_year"": 2004, ""ligand_efficiency"": {""bei"": ""10.18"", ""le"": ""0.20"", ""lle"": ""2.45"", ""sei"": ""6.12""}, ""molecule_chembl_id"": ""CHEMBL357119"", ""molecule_pref_name"": null, ""parent_molecule_chembl_id"": ""CHEMBL357119"", ""pchembl_value"": ""4.77"", ""potential_duplicate"": 0, ""qudt_units"": ""http://www.openphacts.org/units/Nanomolar"", ""record_id"": 297563, ""relation"": ""="", ""src_id"": 1, ""standard_flag"": 1, ""standard_relation"": ""="", ""standard_text_value"": null, ""standard_type"": ""IC50"", ""standard_units"": ""nM"", ""standard_upper_value"": null, ""standard_value"": ""17000.0"", ""target_chembl_id"": ""CHEMBL4632"", ""target_organism"": ""Rattus norvegicus"", ""target_pref_name"": ""Peroxisomal acyl-coenzyme A oxidase 1"", ""target_tax_id"": ""10116"", ""text_value"": null, ""toid"": null, ""type"": ""IC50"", ""units"": ""uM"", ""uo_units"": ""UO_0000065"", ""upper_value"": null, ""value"": ""17.0""}","583dc675-942e-5de8-b3d7-eceabebe7bd7","{}"
"785c5bb7-a083-504b-86c7-abf84f4e761c","chembl_activity","chembl_activity","chembl","bronze","22","31872","31872","06289f038b76db9771f13763837775cc41a8c04da4dc7a42b1aa732fab1b85d1","06289f038b76db9771f13763837775cc41a8c04da4dc7a42b1aa732fab1b85d1","06289f038b76db9771f13763837775cc41a8c04da4dc7a42b1aa732fab1b85d1","included","","","","","","","","","extract","2026-06-30T10:43:54.021713+00:00","{""action_type"": null, ""activity_comment"": null, ""activity_id"": 31872, ""activity_properties"": [], ""assay_chembl_id"": ""CHEMBL760688"", ""assay_description"": ""Inhibitory activity against Palmitoyl-CoA oxidase to inhibit rat heart mitochondrial Palmitoyl-CoA oxidation."", ""assay_type"": ""B"", ""assay_variant_accession"": null, ""assay_variant_mutation"": null, ""bao_endpoint"": ""BAO_0000190"", ""bao_format"": ""BAO_0000357"", ""bao_label"": ""single protein format"", ""canonical_smiles"": ""Cc1nc2cc(OC[C@H](O)CN3CCN(CC(=O)Nc4cccc(-c5ccccc5)c4)CC3)ccc2s1"", ""data_validity_comment"": null, ""data_validity_description"": null, ""document_chembl_id"": ""CHEMBL1148425"", ""document_journal"": ""Bioorg Med Chem Lett"", ""document_year"": 2004, ""ligand_efficiency"": {""bei"": ""13.05"", ""le"": ""0.25"", ""lle"": ""2.47"", ""sei"": ""8.65""}, ""molecule_chembl_id"": ""CHEMBL152968"", ""molecule_pref_name"": null, ""parent_molecule_chembl_id"": ""CHEMBL152968"", ""pchembl_value"": ""6.75"", ""potential_duplicate"": 0, ""qudt_units"": ""http://www.openphacts.org/units/Nanomolar"", ""record_id"": 297580, ""relation"": ""="", ""src_id"": 1, ""standard_flag"": 1, ""standard_relation"": ""="", ""standard_text_value"": null, ""standard_type"": ""IC50"", ""standard_units"": ""nM"", ""standard_upper_value"": null, ""standard_value"": ""180.0"", ""target_chembl_id"": ""CHEMBL4632"", ""target_organism"": ""Rattus norvegicus"", ""target_pref_name"": ""Peroxisomal acyl-coenzyme A oxidase 1"", ""target_tax_id"": ""10116"", ""text_value"": null, ""toid"": null, ""type"": ""IC50"", ""units"": ""nM"", ""uo_units"": ""UO_0000065"", ""upper_value"": null, ""value"": ""180.0""}","{""action_type"": null, ""activity_comment"": null, ""activity_id"": 31872, ""activity_properties"": [], ""assay_chembl_id"": ""CHEMBL760688"", ""assay_description"": ""Inhibitory activity against Palmitoyl-CoA oxidase to inhibit rat heart mitochondrial Palmitoyl-CoA oxidation."", ""assay_type"": ""B"", ""assay_variant_accession"": null, ""assay_variant_mutation"": null, ""bao_endpoint"": ""BAO_0000190"", ""bao_format"": ""BAO_0000357"", ""bao_label"": ""single protein format"", ""canonical_smiles"": ""Cc1nc2cc(OC[C@H](O)CN3CCN(CC(=O)Nc4cccc(-c5ccccc5)c4)CC3)ccc2s1"", ""data_validity_comment"": null, ""data_validity_description"": null, ""document_chembl_id"": ""CHEMBL1148425"", ""document_journal"": ""Bioorg Med Chem Lett"", ""document_year"": 2004, ""ligand_efficiency"": {""bei"": ""13.05"", ""le"": ""0.25"", ""lle"": ""2.47"", ""sei"": ""8.65""}, ""molecule_chembl_id"": ""CHEMBL152968"", ""molecule_pref_name"": null, ""parent_molecule_chembl_id"": ""CHEMBL152968"", ""pchembl_value"": ""6.75"", ""potential_duplicate"": 0, ""qudt_units"": ""http://www.openphacts.org/units/Nanomolar"", ""record_id"": 297580, ""relation"": ""="", ""src_id"": 1, ""standard_flag"": 1, ""standard_relation"": ""="", ""standard_text_value"": null, ""standard_type"": ""IC50"", ""standard_units"": ""nM"", ""standard_upper_value"": null, ""standard_value"": ""180.0"", ""target_chembl_id"": ""CHEMBL4632"", ""target_organism"": ""Rattus norvegicus"", ""target_pref_name"": ""Peroxisomal acyl-coenzyme A oxidase 1"", ""target_tax_id"": ""10116"", ""text_value"": null, ""toid"": null, ""type"": ""IC50"", ""units"": ""nM"", ""uo_units"": ""UO_0000065"", ""upper_value"": null, ""value"": ""180.0""}","583dc675-942e-5de8-b3d7-eceabebe7bd7","{}"
"785c5bb7-a083-504b-86c7-abf84f4e761c","chembl_activity","chembl_activity","chembl","bronze","23","31892","31892","ee4d6449a06280e47f30cac2880587656972f1a8e6ed7343b7619f115d841ec9","ee4d6449a06280e47f30cac2880587656972f1a8e6ed7343b7619f115d841ec9","ee4d6449a06280e47f30cac2880587656972f1a8e6ed7343b7619f115d841ec9","included","","","","","","","","","extract","2026-06-30T10:43:54.021713+00:00","{""action_type"": null, ""activity_comment"": null, ""activity_id"": 31892, ""activity_properties"": [], ""assay_chembl_id"": ""CHEMBL657976"", ""assay_description"": ""Inhibitory activity against murine carbonic anhydrase XIII (mCA XIII) by using CO2 hydrase assay method"", ""assay_type"": ""B"", ""assay_variant_accession"": null, ""assay_variant_mutation"": null, ""bao_endpoint"": ""BAO_0000192"", ""bao_format"": ""BAO_0000357"", ""bao_label"": ""single protein format"", ""canonical_smiles"": ""Nc1ccc(S(N)(=O)=O)cc1I"", ""data_validity_comment"": null, ""data_validity_description"": null, ""document_chembl_id"": ""CHEMBL1146805"", ""document_journal"": ""Bioorg Med Chem Lett"", ""document_year"": 2004, ""ligand_efficiency"": {""bei"": ""24.49"", ""le"": ""0.83"", ""lle"": ""6.78"", ""sei"": ""8.47""}, ""molecule_chembl_id"": ""CHEMBL268177"", ""molecule_pref_name"": null, ""parent_molecule_chembl_id"": ""CHEMBL268177"", ""pchembl_value"": ""7.30"", ""potential_duplicate"": 0, ""qudt_units"": ""http://www.openphacts.org/units/Nanomolar"", ""record_id"": 235484, ""relation"": ""="", ""src_id"": 1, ""standard_flag"": 1, ""standard_relation"": ""="", ""standard_text_value"": null, ""standard_type"": ""Ki"", ""standard_units"": ""nM"", ""standard_upper_value"": null, ""standard_value"": ""50.0"", ""target_chembl_id"": ""CHEMBL2186"", ""target_organism"": ""Mus musculus"", ""target_pref_name"": ""Carbonic anhydrase 13"", ""target_tax_id"": ""10090"", ""text_value"": null, ""toid"": null, ""type"": ""Ki"", ""units"": ""nM"", ""uo_units"": ""UO_0000065"", ""upper_value"": null, ""value"": ""50.0""}","{""action_type"": null, ""activity_comment"": null, ""activity_id"": 31892, ""activity_properties"": [], ""assay_chembl_id"": ""CHEMBL657976"", ""assay_description"": ""Inhibitory activity against murine carbonic anhydrase XIII (mCA XIII) by using CO2 hydrase assay method"", ""assay_type"": ""B"", ""assay_variant_accession"": null, ""assay_variant_mutation"": null, ""bao_endpoint"": ""BAO_0000192"", ""bao_format"": ""BAO_0000357"", ""bao_label"": ""single protein format"", ""canonical_smiles"": ""Nc1ccc(S(N)(=O)=O)cc1I"", ""data_validity_comment"": null, ""data_validity_description"": null, ""document_chembl_id"": ""CHEMBL1146805"", ""document_journal"": ""Bioorg Med Chem Lett"", ""document_year"": 2004, ""ligand_efficiency"": {""bei"": ""24.49"", ""le"": ""0.83"", ""lle"": ""6.78"", ""sei"": ""8.47""}, ""molecule_chembl_id"": ""CHEMBL268177"", ""molecule_pref_name"": null, ""parent_molecule_chembl_id"": ""CHEMBL268177"", ""pchembl_value"": ""7.30"", ""potential_duplicate"": 0, ""qudt_units"": ""http://www.openphacts.org/units/Nanomolar"", ""record_id"": 235484, ""relation"": ""="", ""src_id"": 1, ""standard_flag"": 1, ""standard_relation"": ""="", ""standard_text_value"": null, ""standard_type"": ""Ki"", ""standard_units"": ""nM"", ""standard_upper_value"": null, ""standard_value"": ""50.0"", ""target_chembl_id"": ""CHEMBL2186"", ""target_organism"": ""Mus musculus"", ""target_pref_name"": ""Carbonic anhydrase 13"", ""target_tax_id"": ""10090"", ""text_value"": null, ""toid"": null, ""type"": ""Ki"", ""units"": ""nM"", ""uo_units"": ""UO_0000065"", ""upper_value"": null, ""value"": ""50.0""}","583dc675-942e-5de8-b3d7-eceabebe7bd7","{}"
"785c5bb7-a083-504b-86c7-abf84f4e761c","chembl_activity","chembl_activity","chembl","bronze","24","31896","31896","dbd14709b2f6452e54c03aefeae9e58c6a16b55c2bf74ed78b2cfb6235d9e121","dbd14709b2f6452e54c03aefeae9e58c6a16b55c2bf74ed78b2cfb6235d9e121","dbd14709b2f6452e54c03aefeae9e58c6a16b55c2bf74ed78b2cfb6235d9e121","included","","","","","","","","","extract","2026-06-30T10:43:54.021713+00:00","{""action_type"": null, ""activity_comment"": null, ""activity_id"": 31896, ""activity_properties"": [], ""assay_chembl_id"": ""CHEMBL657976"", ""assay_description"": ""Inhibitory activity against murine carbonic anhydrase XIII (mCA XIII) by using CO2 hydrase assay method"", ""assay_type"": ""B"", ""assay_variant_accession"": null, ""assay_variant_mutation"": null, ""bao_endpoint"": ""BAO_0000192"", ""bao_format"": ""BAO_0000357"", ""bao_label"": ""single protein format"", ""canonical_smiles"": ""Nc1ccc(S(=O)(=O)Nc2nnc(S(N)(=O)=O)s2)cc1"", ""data_validity_comment"": null, ""data_validity_description"": null, ""document_chembl_id"": ""CHEMBL1146805"", ""document_journal"": ""Bioorg Med Chem Lett"", ""document_year"": 2004, ""ligand_efficiency"": {""bei"": ""25.94"", ""le"": ""0.59"", ""lle"": ""9.13"", ""sei"": ""5.50""}, ""molecule_chembl_id"": ""CHEMBL268439"", ""molecule_pref_name"": null, ""parent_molecule_chembl_id"": ""CHEMBL268439"", ""pchembl_value"": ""8.70"", ""potential_duplicate"": 0, ""qudt_units"": ""http://www.openphacts.org/units/Nanomolar"", ""record_id"": 235480, ""relation"": ""="", ""src_id"": 1, ""standard_flag"": 1, ""standard_relation"": ""="", ""standard_text_value"": null, ""standard_type"": ""Ki"", ""standard_units"": ""nM"", ""standard_upper_value"": null, ""standard_value"": ""2.0"", ""target_chembl_id"": ""CHEMBL2186"", ""target_organism"": ""Mus musculus"", ""target_pref_name"": ""Carbonic anhydrase 13"", ""target_tax_id"": ""10090"", ""text_value"": null, ""toid"": null, ""type"": ""Ki"", ""units"": ""nM"", ""uo_units"": ""UO_0000065"", ""upper_value"": null, ""value"": ""2.0""}","{""action_type"": null, ""activity_comment"": null, ""activity_id"": 31896, ""activity_properties"": [], ""assay_chembl_id"": ""CHEMBL657976"", ""assay_description"": ""Inhibitory activity against murine carbonic anhydrase XIII (mCA XIII) by using CO2 hydrase assay method"", ""assay_type"": ""B"", ""assay_variant_accession"": null, ""assay_variant_mutation"": null, ""bao_endpoint"": ""BAO_0000192"", ""bao_format"": ""BAO_0000357"", ""bao_label"": ""single protein format"", ""canonical_smiles"": ""Nc1ccc(S(=O)(=O)Nc2nnc(S(N)(=O)=O)s2)cc1"", ""data_validity_comment"": null, ""data_validity_description"": null, ""document_chembl_id"": ""CHEMBL1146805"", ""document_journal"": ""Bioorg Med Chem Lett"", ""document_year"": 2004, ""ligand_efficiency"": {""bei"": ""25.94"", ""le"": ""0.59"", ""lle"": ""9.13"", ""sei"": ""5.50""}, ""molecule_chembl_id"": ""CHEMBL268439"", ""molecule_pref_name"": null, ""parent_molecule_chembl_id"": ""CHEMBL268439"", ""pchembl_value"": ""8.70"", ""potential_duplicate"": 0, ""qudt_units"": ""http://www.openphacts.org/units/Nanomolar"", ""record_id"": 235480, ""relation"": ""="", ""src_id"": 1, ""standard_flag"": 1, ""standard_relation"": ""="", ""standard_text_value"": null, ""standard_type"": ""Ki"", ""standard_units"": ""nM"", ""standard_upper_value"": null, ""standard_value"": ""2.0"", ""target_chembl_id"": ""CHEMBL2186"", ""target_organism"": ""Mus musculus"", ""target_pref_name"": ""Carbonic anhydrase 13"", ""target_tax_id"": ""10090"", ""text_value"": null, ""toid"": null, ""type"": ""Ki"", ""units"": ""nM"", ""uo_units"": ""UO_0000065"", ""upper_value"": null, ""value"": ""2.0""}","583dc675-942e-5de8-b3d7-eceabebe7bd7","{}"
"785c5bb7-a083-504b-86c7-abf84f4e761c","chembl_activity","chembl_activity","chembl","bronze","25","31964","31964","fb9d42c56a26427082bb0e2b26d49b62175784703fc7d1806ab903f254c4496c","fb9d42c56a26427082bb0e2b26d49b62175784703fc7d1806ab903f254c4496c","fb9d42c56a26427082bb0e2b26d49b62175784703fc7d1806ab903f254c4496c","included","","","","","","","","","extract","2026-06-30T10:43:54.021713+00:00","{""action_type"": null, ""activity_comment"": null, ""activity_id"": 31964, ""activity_properties"": [], ""assay_chembl_id"": ""CHEMBL650687"", ""assay_description"": ""Compound was tested for inhibition of [3H]dihydroalprenolol radioligand binding to Beta-1 adrenergic receptor in dog heart."", ""assay_type"": ""B"", ""assay_variant_accession"": null, ""assay_variant_mutation"": null, ""bao_endpoint"": ""BAO_0000190"", ""bao_format"": ""BAO_0000357"", ""bao_label"": ""single protein format"", ""canonical_smiles"": ""CC(C)(C)NC[C@H](O)CON=C1c2ccccc2-c2ccccc21"", ""data_validity_comment"": null, ""data_validity_description"": null, ""document_chembl_id"": ""CHEMBL1122110"", ""document_journal"": ""J Med Chem"", ""document_year"": 1982, ""ligand_efficiency"": {""bei"": ""23.22"", ""le"": ""0.43"", ""lle"": ""4.34"", ""sei"": ""13.99""}, ""molecule_chembl_id"": ""CHEMBL305153"", ""molecule_pref_name"": null, ""parent_molecule_chembl_id"": ""CHEMBL305153"", ""pchembl_value"": ""7.53"", ""potential_duplicate"": 0, ""qudt_units"": ""http://www.openphacts.org/units/Nanomolar"", ""record_id"": 342567, ""relation"": ""="", ""src_id"": 1, ""standard_flag"": 1, ""standard_relation"": ""="", ""standard_text_value"": null, ""standard_type"": ""IC50"", ""standard_units"": ""nM"", ""standard_upper_value"": null, ""standard_value"": ""29.4"", ""target_chembl_id"": ""CHEMBL213"", ""target_organism"": ""Homo sapiens"", ""target_pref_name"": ""Beta-1 adrenergic receptor"", ""target_tax_id"": ""9606"", ""text_value"": null, ""toid"": null, ""type"": ""IC50"", ""units"": ""nM"", ""uo_units"": ""UO_0000065"", ""upper_value"": null, ""value"": ""29.4""}","{""action_type"": null, ""activity_comment"": null, ""activity_id"": 31964, ""activity_properties"": [], ""assay_chembl_id"": ""CHEMBL650687"", ""assay_description"": ""Compound was tested for inhibition of [3H]dihydroalprenolol radioligand binding to Beta-1 adrenergic receptor in dog heart."", ""assay_type"": ""B"", ""assay_variant_accession"": null, ""assay_variant_mutation"": null, ""bao_endpoint"": ""BAO_0000190"", ""bao_format"": ""BAO_0000357"", ""bao_label"": ""single protein format"", ""canonical_smiles"": ""CC(C)(C)NC[C@H](O)CON=C1c2ccccc2-c2ccccc21"", ""data_validity_comment"": null, ""data_validity_description"": null, ""document_chembl_id"": ""CHEMBL1122110"", ""document_journal"": ""J Med Chem"", ""document_year"": 1982, ""ligand_efficiency"": {""bei"": ""23.22"", ""le"": ""0.43"", ""lle"": ""4.34"", ""sei"": ""13.99""}, ""molecule_chembl_id"": ""CHEMBL305153"", ""molecule_pref_name"": null, ""parent_molecule_chembl_id"": ""CHEMBL305153"", ""pchembl_value"": ""7.53"", ""potential_duplicate"": 0, ""qudt_units"": ""http://www.openphacts.org/units/Nanomolar"", ""record_id"": 342567, ""relation"": ""="", ""src_id"": 1, ""standard_flag"": 1, ""standard_relation"": ""="", ""standard_text_value"": null, ""standard_type"": ""IC50"", ""standard_units"": ""nM"", ""standard_upper_value"": null, ""standard_value"": ""29.4"", ""target_chembl_id"": ""CHEMBL213"", ""target_organism"": ""Homo sapiens"", ""target_pref_name"": ""Beta-1 adrenergic receptor"", ""target_tax_id"": ""9606"", ""text_value"": null, ""toid"": null, ""type"": ""IC50"", ""units"": ""nM"", ""uo_units"": ""UO_0000065"", ""upper_value"": null, ""value"": ""29.4""}","583dc675-942e-5de8-b3d7-eceabebe7bd7","{}"
"785c5bb7-a083-504b-86c7-abf84f4e761c","chembl_activity","chembl_activity","chembl","bronze","26","31965","31965","7a16a46b5e55d4ec6d07289725fb24b9b7e3a04497c0f9a229b469810126b0d7","7a16a46b5e55d4ec6d07289725fb24b9b7e3a04497c0f9a229b469810126b0d7","7a16a46b5e55d4ec6d07289725fb24b9b7e3a04497c0f9a229b469810126b0d7","included","","","","","","","","","extract","2026-06-30T10:43:54.021713+00:00","{""action_type"": null, ""activity_comment"": null, ""activity_id"": 31965, ""activity_properties"": [], ""assay_chembl_id"": ""CHEMBL652388"", ""assay_description"": ""Compound was tested for inhibition of [3H]dihydroalprenolol radioligand binding to Beta-2 adrenergic receptor in calf lung membranes."", ""assay_type"": ""B"", ""assay_variant_accession"": null, ""assay_variant_mutation"": null, ""bao_endpoint"": ""BAO_0000190"", ""bao_format"": ""BAO_0000249"", ""bao_label"": ""cell membrane format"", ""canonical_smiles"": ""CC(C)(C)NC[C@H](O)CON=C1c2ccccc2-c2ccccc21"", ""data_validity_comment"": null, ""data_validity_description"": null, ""document_chembl_id"": ""CHEMBL1122110"", ""document_journal"": ""J Med Chem"", ""document_year"": 1982, ""ligand_efficiency"": {""bei"": ""23.15"", ""le"": ""0.43"", ""lle"": ""4.32"", ""sei"": ""13.95""}, ""molecule_chembl_id"": ""CHEMBL305153"", ""molecule_pref_name"": null, ""parent_molecule_chembl_id"": ""CHEMBL305153"", ""pchembl_value"": ""7.51"", ""potential_duplicate"": 0, ""qudt_units"": ""http://www.openphacts.org/units/Nanomolar"", ""record_id"": 342567, ""relation"": ""="", ""src_id"": 1, ""standard_flag"": 1, ""standard_relation"": ""="", ""standard_text_value"": null, ""standard_type"": ""IC50"", ""standard_units"": ""nM"", ""standard_upper_value"": null, ""standard_value"": ""30.8"", ""target_chembl_id"": ""CHEMBL3373"", ""target_organism"": ""Bos taurus"", ""target_pref_name"": ""Beta-2 adrenergic receptor"", ""target_tax_id"": ""9913"", ""text_value"": null, ""toid"": null, ""type"": ""IC50"", ""units"": ""nM"", ""uo_units"": ""UO_0000065"", ""upper_value"": null, ""value"": ""30.8""}","{""action_type"": null, ""activity_comment"": null, ""activity_id"": 31965, ""activity_properties"": [], ""assay_chembl_id"": ""CHEMBL652388"", ""assay_description"": ""Compound was tested for inhibition of [3H]dihydroalprenolol radioligand binding to Beta-2 adrenergic receptor in calf lung membranes."", ""assay_type"": ""B"", ""assay_variant_accession"": null, ""assay_variant_mutation"": null, ""bao_endpoint"": ""BAO_0000190"", ""bao_format"": ""BAO_0000249"", ""bao_label"": ""cell membrane format"", ""canonical_smiles"": ""CC(C)(C)NC[C@H](O)CON=C1c2ccccc2-c2ccccc21"", ""data_validity_comment"": null, ""data_validity_description"": null, ""document_chembl_id"": ""CHEMBL1122110"", ""document_journal"": ""J Med Chem"", ""document_year"": 1982, ""ligand_efficiency"": {""bei"": ""23.15"", ""le"": ""0.43"", ""lle"": ""4.32"", ""sei"": ""13.95""}, ""molecule_chembl_id"": ""CHEMBL305153"", ""molecule_pref_name"": null, ""parent_molecule_chembl_id"": ""CHEMBL305153"", ""pchembl_value"": ""7.51"", ""potential_duplicate"": 0, ""qudt_units"": ""http://www.openphacts.org/units/Nanomolar"", ""record_id"": 342567, ""relation"": ""="", ""src_id"": 1, ""standard_flag"": 1, ""standard_relation"": ""="", ""standard_text_value"": null, ""standard_type"": ""IC50"", ""standard_units"": ""nM"", ""standard_upper_value"": null, ""standard_value"": ""30.8"", ""target_chembl_id"": ""CHEMBL3373"", ""target_organism"": ""Bos taurus"", ""target_pref_name"": ""Beta-2 adrenergic receptor"", ""target_tax_id"": ""9913"", ""text_value"": null, ""toid"": null, ""type"": ""IC50"", ""units"": ""nM"", ""uo_units"": ""UO_0000065"", ""upper_value"": null, ""value"": ""30.8""}","583dc675-942e-5de8-b3d7-eceabebe7bd7","{}"
"785c5bb7-a083-504b-86c7-abf84f4e761c","chembl_activity","chembl_activity","chembl","bronze","27","31991","31991","88b29a38524a99ae2afb526cdd240d01f6f8be9a0410e17d512e8b51eeaf8847","88b29a38524a99ae2afb526cdd240d01f6f8be9a0410e17d512e8b51eeaf8847","88b29a38524a99ae2afb526cdd240d01f6f8be9a0410e17d512e8b51eeaf8847","included","","","","","","","","","extract","2026-06-30T10:43:54.021713+00:00","{""action_type"": null, ""activity_comment"": null, ""activity_id"": 31991, ""activity_properties"": [], ""assay_chembl_id"": ""CHEMBL733653"", ""assay_description"": ""Ability to inhibit mitochondrial malate dehydrogenase"", ""assay_type"": ""B"", ""assay_variant_accession"": null, ""assay_variant_mutation"": null, ""bao_endpoint"": ""BAO_0000190"", ""bao_format"": ""BAO_0000357"", ""bao_label"": ""single protein format"", ""canonical_smiles"": ""O=C(O)c1cnc2cc(OCCOc3ccc4ccccc4c3)ccc2c1O"", ""data_validity_comment"": null, ""data_validity_description"": null, ""document_chembl_id"": ""CHEMBL1122163"", ""document_journal"": ""J Med Chem"", ""document_year"": 1982, ""ligand_efficiency"": {""bei"": ""15.45"", ""le"": ""0.28"", ""lle"": ""1.55"", ""sei"": ""6.53""}, ""molecule_chembl_id"": ""CHEMBL156707"", ""molecule_pref_name"": null, ""parent_molecule_chembl_id"": ""CHEMBL156707"", ""pchembl_value"": ""5.80"", ""potential_duplicate"": 0, ""qudt_units"": ""http://www.openphacts.org/units/Nanomolar"", ""record_id"": 308445, ""relation"": ""="", ""src_id"": 1, ""standard_flag"": 1, ""standard_relation"": ""="", ""standard_text_value"": null, ""standard_type"": ""IC50"", ""standard_units"": ""nM"", ""standard_upper_value"": null, ""standard_value"": ""1584.89"", ""target_chembl_id"": ""CHEMBL3444"", ""target_organism"": ""Sus scrofa"", ""target_pref_name"": ""Malate dehydrogenase, mitochondrial"", ""target_tax_id"": ""9823"", ""text_value"": null, ""toid"": null, ""type"": ""pI50"", ""units"": null, ""uo_units"": ""UO_0000065"", ""upper_value"": null, ""value"": ""5.8""}","{""action_type"": null, ""activity_comment"": null, ""activity_id"": 31991, ""activity_properties"": [], ""assay_chembl_id"": ""CHEMBL733653"", ""assay_description"": ""Ability to inhibit mitochondrial malate dehydrogenase"", ""assay_type"": ""B"", ""assay_variant_accession"": null, ""assay_variant_mutation"": null, ""bao_endpoint"": ""BAO_0000190"", ""bao_format"": ""BAO_0000357"", ""bao_label"": ""single protein format"", ""canonical_smiles"": ""O=C(O)c1cnc2cc(OCCOc3ccc4ccccc4c3)ccc2c1O"", ""data_validity_comment"": null, ""data_validity_description"": null, ""document_chembl_id"": ""CHEMBL1122163"", ""document_journal"": ""J Med Chem"", ""document_year"": 1982, ""ligand_efficiency"": {""bei"": ""15.45"", ""le"": ""0.28"", ""lle"": ""1.55"", ""sei"": ""6.53""}, ""molecule_chembl_id"": ""CHEMBL156707"", ""molecule_pref_name"": null, ""parent_molecule_chembl_id"": ""CHEMBL156707"", ""pchembl_value"": ""5.80"", ""potential_duplicate"": 0, ""qudt_units"": ""http://www.openphacts.org/units/Nanomolar"", ""record_id"": 308445, ""relation"": ""="", ""src_id"": 1, ""standard_flag"": 1, ""standard_relation"": ""="", ""standard_text_value"": null, ""standard_type"": ""IC50"", ""standard_units"": ""nM"", ""standard_upper_value"": null, ""standard_value"": ""1584.89"", ""target_chembl_id"": ""CHEMBL3444"", ""target_organism"": ""Sus scrofa"", ""target_pref_name"": ""Malate dehydrogenase, mitochondrial"", ""target_tax_id"": ""9823"", ""text_value"": null, ""toid"": null, ""type"": ""pI50"", ""units"": null, ""uo_units"": ""UO_0000065"", ""upper_value"": null, ""value"": ""5.8""}","583dc675-942e-5de8-b3d7-eceabebe7bd7","{}"
"785c5bb7-a083-504b-86c7-abf84f4e761c","chembl_activity","chembl_activity","chembl","bronze","28","32022","32022","758223dc286aecef97c97746ab18e1eea6e4c2b2188da4d27327d2e14358ce9a","758223dc286aecef97c97746ab18e1eea6e4c2b2188da4d27327d2e14358ce9a","758223dc286aecef97c97746ab18e1eea6e4c2b2188da4d27327d2e14358ce9a","included","","","","","","","","","extract","2026-06-30T10:43:54.021713+00:00","{""action_type"": null, ""activity_comment"": null, ""activity_id"": 32022, ""activity_properties"": [], ""assay_chembl_id"": ""CHEMBL650180"", ""assay_description"": ""Inhibition of 0.6 nM [3H]flunitrazepam binding to GABA-A central benzodiazepine receptor of rat forebrain membrane"", ""assay_type"": ""B"", ""assay_variant_accession"": null, ""assay_variant_mutation"": null, ""bao_endpoint"": ""BAO_0000190"", ""bao_format"": ""BAO_0000019"", ""bao_label"": ""assay format"", ""canonical_smiles"": ""CCOC(=O)c1cn2c(n1)sc1ccccc12"", ""data_validity_comment"": null, ""data_validity_description"": null, ""document_chembl_id"": ""CHEMBL1124258"", ""document_journal"": ""J Med Chem"", ""document_year"": 1988, ""ligand_efficiency"": {""bei"": ""28.10"", ""le"": ""0.56"", ""lle"": ""4.19"", ""sei"": ""15.87""}, ""molecule_chembl_id"": ""CHEMBL279087"", ""molecule_pref_name"": null, ""parent_molecule_chembl_id"": ""CHEMBL279087"", ""pchembl_value"": ""6.92"", ""potential_duplicate"": 0, ""qudt_units"": ""http://www.openphacts.org/units/Nanomolar"", ""record_id"": 26249, ""relation"": ""="", ""src_id"": 1, ""standard_flag"": 1, ""standard_relation"": ""="", ""standard_text_value"": null, ""standard_type"": ""IC50"", ""standard_units"": ""nM"", ""standard_upper_value"": null, ""standard_value"": ""120.0"", ""target_chembl_id"": ""CHEMBL1907607"", ""target_organism"": ""Rattus norvegicus"", ""target_pref_name"": ""GABA-A receptor; anion channel"", ""target_tax_id"": ""10116"", ""text_value"": null, ""toid"": null, ""type"": ""IC50"", ""units"": ""nM"", ""uo_units"": ""UO_0000065"", ""upper_value"": null, ""value"": ""120.0""}","{""action_type"": null, ""activity_comment"": null, ""activity_id"": 32022, ""activity_properties"": [], ""assay_chembl_id"": ""CHEMBL650180"", ""assay_description"": ""Inhibition of 0.6 nM [3H]flunitrazepam binding to GABA-A central benzodiazepine receptor of rat forebrain membrane"", ""assay_type"": ""B"", ""assay_variant_accession"": null, ""assay_variant_mutation"": null, ""bao_endpoint"": ""BAO_0000190"", ""bao_format"": ""BAO_0000019"", ""bao_label"": ""assay format"", ""canonical_smiles"": ""CCOC(=O)c1cn2c(n1)sc1ccccc12"", ""data_validity_comment"": null, ""data_validity_description"": null, ""document_chembl_id"": ""CHEMBL1124258"", ""document_journal"": ""J Med Chem"", ""document_year"": 1988, ""ligand_efficiency"": {""bei"": ""28.10"", ""le"": ""0.56"", ""lle"": ""4.19"", ""sei"": ""15.87""}, ""molecule_chembl_id"": ""CHEMBL279087"", ""molecule_pref_name"": null, ""parent_molecule_chembl_id"": ""CHEMBL279087"", ""pchembl_value"": ""6.92"", ""potential_duplicate"": 0, ""qudt_units"": ""http://www.openphacts.org/units/Nanomolar"", ""record_id"": 26249, ""relation"": ""="", ""src_id"": 1, ""standard_flag"": 1, ""standard_relation"": ""="", ""standard_text_value"": null, ""standard_type"": ""IC50"", ""standard_units"": ""nM"", ""standard_upper_value"": null, ""standard_value"": ""120.0"", ""target_chembl_id"": ""CHEMBL1907607"", ""target_organism"": ""Rattus norvegicus"", ""target_pref_name"": ""GABA-A receptor; anion channel"", ""target_tax_id"": ""10116"", ""text_value"": null, ""toid"": null, ""type"": ""IC50"", ""units"": ""nM"", ""uo_units"": ""UO_0000065"", ""upper_value"": null, ""value"": ""120.0""}","583dc675-942e-5de8-b3d7-eceabebe7bd7","{}"
"785c5bb7-a083-504b-86c7-abf84f4e761c","chembl_activity","chembl_activity","chembl","bronze","29","32023","32023","334c61aedc1ed22fdbd87659d8ff8d70df2c65f984daf763a845337a4b211082","334c61aedc1ed22fdbd87659d8ff8d70df2c65f984daf763a845337a4b211082","334c61aedc1ed22fdbd87659d8ff8d70df2c65f984daf763a845337a4b211082","included","","","","","","","","","extract","2026-06-30T10:43:54.021713+00:00","{""action_type"": null, ""activity_comment"": null, ""activity_id"": 32023, ""activity_properties"": [], ""assay_chembl_id"": ""CHEMBL650180"", ""assay_description"": ""Inhibition of 0.6 nM [3H]flunitrazepam binding to GABA-A central benzodiazepine receptor of rat forebrain membrane"", ""assay_type"": ""B"", ""assay_variant_accession"": null, ""assay_variant_mutation"": null, ""bao_endpoint"": ""BAO_0000190"", ""bao_format"": ""BAO_0000019"", ""bao_label"": ""assay format"", ""canonical_smiles"": ""CCSc1nc2nc(C(=O)c3ccccc3)cn2c2c1CCC2"", ""data_validity_comment"": null, ""data_validity_description"": null, ""document_chembl_id"": ""CHEMBL1124258"", ""document_journal"": ""J Med Chem"", ""document_year"": 1988, ""ligand_efficiency"": {""bei"": ""17.73"", ""le"": ""0.34"", ""lle"": ""2.17"", ""sei"": ""12.13""}, ""molecule_chembl_id"": ""CHEMBL279969"", ""molecule_pref_name"": null, ""parent_molecule_chembl_id"": ""CHEMBL279969"", ""pchembl_value"": ""5.73"", ""potential_duplicate"": 0, ""qudt_units"": ""http://www.openphacts.org/units/Nanomolar"", ""record_id"": 26275, ""relation"": ""="", ""src_id"": 1, ""standard_flag"": 1, ""standard_relation"": ""="", ""standard_text_value"": null, ""standard_type"": ""IC50"", ""standard_units"": ""nM"", ""standard_upper_value"": null, ""standard_value"": ""1850.0"", ""target_chembl_id"": ""CHEMBL1907607"", ""target_organism"": ""Rattus norvegicus"", ""target_pref_name"": ""GABA-A receptor; anion channel"", ""target_tax_id"": ""10116"", ""text_value"": null, ""toid"": null, ""type"": ""IC50"", ""units"": ""nM"", ""uo_units"": ""UO_0000065"", ""upper_value"": null, ""value"": ""1850.0""}","{""action_type"": null, ""activity_comment"": null, ""activity_id"": 32023, ""activity_properties"": [], ""assay_chembl_id"": ""CHEMBL650180"", ""assay_description"": ""Inhibition of 0.6 nM [3H]flunitrazepam binding to GABA-A central benzodiazepine receptor of rat forebrain membrane"", ""assay_type"": ""B"", ""assay_variant_accession"": null, ""assay_variant_mutation"": null, ""bao_endpoint"": ""BAO_0000190"", ""bao_format"": ""BAO_0000019"", ""bao_label"": ""assay format"", ""canonical_smiles"": ""CCSc1nc2nc(C(=O)c3ccccc3)cn2c2c1CCC2"", ""data_validity_comment"": null, ""data_validity_description"": null, ""document_chembl_id"": ""CHEMBL1124258"", ""document_journal"": ""J Med Chem"", ""document_year"": 1988, ""ligand_efficiency"": {""bei"": ""17.73"", ""le"": ""0.34"", ""lle"": ""2.17"", ""sei"": ""12.13""}, ""molecule_chembl_id"": ""CHEMBL279969"", ""molecule_pref_name"": null, ""parent_molecule_chembl_id"": ""CHEMBL279969"", ""pchembl_value"": ""5.73"", ""potential_duplicate"": 0, ""qudt_units"": ""http://www.openphacts.org/units/Nanomolar"", ""record_id"": 26275, ""relation"": ""="", ""src_id"": 1, ""standard_flag"": 1, ""standard_relation"": ""="", ""standard_text_value"": null, ""standard_type"": ""IC50"", ""standard_units"": ""nM"", ""standard_upper_value"": null, ""standard_value"": ""1850.0"", ""target_chembl_id"": ""CHEMBL1907607"", ""target_organism"": ""Rattus norvegicus"", ""target_pref_name"": ""GABA-A receptor; anion channel"", ""target_tax_id"": ""10116"", ""text_value"": null, ""toid"": null, ""type"": ""IC50"", ""units"": ""nM"", ""uo_units"": ""UO_0000065"", ""upper_value"": null, ""value"": ""1850.0""}","583dc675-942e-5de8-b3d7-eceabebe7bd7","{}"
"785c5bb7-a083-504b-86c7-abf84f4e761c","chembl_activity","chembl_activity","chembl","bronze","30","32025","32025","c3ea6e6f1e6f1b25a77f10c0178ccb2411cdd88aecc94ac659902969223a19f1","c3ea6e6f1e6f1b25a77f10c0178ccb2411cdd88aecc94ac659902969223a19f1","c3ea6e6f1e6f1b25a77f10c0178ccb2411cdd88aecc94ac659902969223a19f1","included","","","","","","","","","extract","2026-06-30T10:43:54.021713+00:00","{""action_type"": null, ""activity_comment"": null, ""activity_id"": 32025, ""activity_properties"": [], ""assay_chembl_id"": ""CHEMBL650180"", ""assay_description"": ""Inhibition of 0.6 nM [3H]flunitrazepam binding to GABA-A central benzodiazepine receptor of rat forebrain membrane"", ""assay_type"": ""B"", ""assay_variant_accession"": null, ""assay_variant_mutation"": null, ""bao_endpoint"": ""BAO_0000190"", ""bao_format"": ""BAO_0000019"", ""bao_label"": ""assay format"", ""canonical_smiles"": ""CCCc1c(OC)nc2nc(C(=O)c3ccccc3)cn2c1CC"", ""data_validity_comment"": null, ""data_validity_description"": null, ""document_chembl_id"": ""CHEMBL1124258"", ""document_journal"": ""J Med Chem"", ""document_year"": 1988, ""ligand_efficiency"": {""bei"": ""23.09"", ""le"": ""0.42"", ""lle"": ""3.99"", ""sei"": ""13.22""}, ""molecule_chembl_id"": ""CHEMBL20214"", ""molecule_pref_name"": null, ""parent_molecule_chembl_id"": ""CHEMBL20214"", ""pchembl_value"": ""7.47"", ""potential_duplicate"": 0, ""qudt_units"": ""http://www.openphacts.org/units/Nanomolar"", ""record_id"": 26272, ""relation"": ""="", ""src_id"": 1, ""standard_flag"": 1, ""standard_relation"": ""="", ""standard_text_value"": null, ""standard_type"": ""IC50"", ""standard_units"": ""nM"", ""standard_upper_value"": null, ""standard_value"": ""34.0"", ""target_chembl_id"": ""CHEMBL1907607"", ""target_organism"": ""Rattus norvegicus"", ""target_pref_name"": ""GABA-A receptor; anion channel"", ""target_tax_id"": ""10116"", ""text_value"": null, ""toid"": null, ""type"": ""IC50"", ""units"": ""nM"", ""uo_units"": ""UO_0000065"", ""upper_value"": null, ""value"": ""34.0""}","{""action_type"": null, ""activity_comment"": null, ""activity_id"": 32025, ""activity_properties"": [], ""assay_chembl_id"": ""CHEMBL650180"", ""assay_description"": ""Inhibition of 0.6 nM [3H]flunitrazepam binding to GABA-A central benzodiazepine receptor of rat forebrain membrane"", ""assay_type"": ""B"", ""assay_variant_accession"": null, ""assay_variant_mutation"": null, ""bao_endpoint"": ""BAO_0000190"", ""bao_format"": ""BAO_0000019"", ""bao_label"": ""assay format"", ""canonical_smiles"": ""CCCc1c(OC)nc2nc(C(=O)c3ccccc3)cn2c1CC"", ""data_validity_comment"": null, ""data_validity_description"": null, ""document_chembl_id"": ""CHEMBL1124258"", ""document_journal"": ""J Med Chem"", ""document_year"": 1988, ""ligand_efficiency"": {""bei"": ""23.09"", ""le"": ""0.42"", ""lle"": ""3.99"", ""sei"": ""13.22""}, ""molecule_chembl_id"": ""CHEMBL20214"", ""molecule_pref_name"": null, ""parent_molecule_chembl_id"": ""CHEMBL20214"", ""pchembl_value"": ""7.47"", ""potential_duplicate"": 0, ""qudt_units"": ""http://www.openphacts.org/units/Nanomolar"", ""record_id"": 26272, ""relation"": ""="", ""src_id"": 1, ""standard_flag"": 1, ""standard_relation"": ""="", ""standard_text_value"": null, ""standard_type"": ""IC50"", ""standard_units"": ""nM"", ""standard_upper_value"": null, ""standard_value"": ""34.0"", ""target_chembl_id"": ""CHEMBL1907607"", ""target_organism"": ""Rattus norvegicus"", ""target_pref_name"": ""GABA-A receptor; anion channel"", ""target_tax_id"": ""10116"", ""text_value"": null, ""toid"": null, ""type"": ""IC50"", ""units"": ""nM"", ""uo_units"": ""UO_0000065"", ""upper_value"": null, ""value"": ""34.0""}","583dc675-942e-5de8-b3d7-eceabebe7bd7","{}"
"785c5bb7-a083-504b-86c7-abf84f4e761c","chembl_activity","chembl_activity","chembl","bronze","31","32027","32027","b60659553d08f8b4615a1250b9d707a6522bede2c3a3c795833f2dfb3489e249","b60659553d08f8b4615a1250b9d707a6522bede2c3a3c795833f2dfb3489e249","b60659553d08f8b4615a1250b9d707a6522bede2c3a3c795833f2dfb3489e249","included","","","","","","","","","extract","2026-06-30T10:43:54.021713+00:00","{""action_type"": null, ""activity_comment"": null, ""activity_id"": 32027, ""activity_properties"": [], ""assay_chembl_id"": ""CHEMBL650180"", ""assay_description"": ""Inhibition of 0.6 nM [3H]flunitrazepam binding to GABA-A central benzodiazepine receptor of rat forebrain membrane"", ""assay_type"": ""B"", ""assay_variant_accession"": null, ""assay_variant_mutation"": null, ""bao_endpoint"": ""BAO_0000190"", ""bao_format"": ""BAO_0000019"", ""bao_label"": ""assay format"", ""canonical_smiles"": ""CCc1c(OC)nc2nc(C(=O)c3ccccc3)cn2c1CC"", ""data_validity_comment"": null, ""data_validity_description"": null, ""document_chembl_id"": ""CHEMBL1124258"", ""document_journal"": ""J Med Chem"", ""document_year"": 1988, ""ligand_efficiency"": {""bei"": ""22.53"", ""le"": ""0.41"", ""lle"": ""3.88"", ""sei"": ""12.34""}, ""molecule_chembl_id"": ""CHEMBL277617"", ""molecule_pref_name"": null, ""parent_molecule_chembl_id"": ""CHEMBL277617"", ""pchembl_value"": ""6.97"", ""potential_duplicate"": 0, ""qudt_units"": ""http://www.openphacts.org/units/Nanomolar"", ""record_id"": 26269, ""relation"": ""="", ""src_id"": 1, ""standard_flag"": 1, ""standard_relation"": ""="", ""standard_text_value"": null, ""standard_type"": ""IC50"", ""standard_units"": ""nM"", ""standard_upper_value"": null, ""standard_value"": ""107.0"", ""target_chembl_id"": ""CHEMBL1907607"", ""target_organism"": ""Rattus norvegicus"", ""target_pref_name"": ""GABA-A receptor; anion channel"", ""target_tax_id"": ""10116"", ""text_value"": null, ""toid"": null, ""type"": ""IC50"", ""units"": ""nM"", ""uo_units"": ""UO_0000065"", ""upper_value"": null, ""value"": ""107.0""}","{""action_type"": null, ""activity_comment"": null, ""activity_id"": 32027, ""activity_properties"": [], ""assay_chembl_id"": ""CHEMBL650180"", ""assay_description"": ""Inhibition of 0.6 nM [3H]flunitrazepam binding to GABA-A central benzodiazepine receptor of rat forebrain membrane"", ""assay_type"": ""B"", ""assay_variant_accession"": null, ""assay_variant_mutation"": null, ""bao_endpoint"": ""BAO_0000190"", ""bao_format"": ""BAO_0000019"", ""bao_label"": ""assay format"", ""canonical_smiles"": ""CCc1c(OC)nc2nc(C(=O)c3ccccc3)cn2c1CC"", ""data_validity_comment"": null, ""data_validity_description"": null, ""document_chembl_id"": ""CHEMBL1124258"", ""document_journal"": ""J Med Chem"", ""document_year"": 1988, ""ligand_efficiency"": {""bei"": ""22.53"", ""le"": ""0.41"", ""lle"": ""3.88"", ""sei"": ""12.34""}, ""molecule_chembl_id"": ""CHEMBL277617"", ""molecule_pref_name"": null, ""parent_molecule_chembl_id"": ""CHEMBL277617"", ""pchembl_value"": ""6.97"", ""potential_duplicate"": 0, ""qudt_units"": ""http://www.openphacts.org/units/Nanomolar"", ""record_id"": 26269, ""relation"": ""="", ""src_id"": 1, ""standard_flag"": 1, ""standard_relation"": ""="", ""standard_text_value"": null, ""standard_type"": ""IC50"", ""standard_units"": ""nM"", ""standard_upper_value"": null, ""standard_value"": ""107.0"", ""target_chembl_id"": ""CHEMBL1907607"", ""target_organism"": ""Rattus norvegicus"", ""target_pref_name"": ""GABA-A receptor; anion channel"", ""target_tax_id"": ""10116"", ""text_value"": null, ""toid"": null, ""type"": ""IC50"", ""units"": ""nM"", ""uo_units"": ""UO_0000065"", ""upper_value"": null, ""value"": ""107.0""}","583dc675-942e-5de8-b3d7-eceabebe7bd7","{}"
"785c5bb7-a083-504b-86c7-abf84f4e761c","chembl_activity","chembl_activity","chembl","bronze","32","32031","32031","b427cad99decc4c82691762ea7c85b235050496e56f637595b054555a1f34087","b427cad99decc4c82691762ea7c85b235050496e56f637595b054555a1f34087","b427cad99decc4c82691762ea7c85b235050496e56f637595b054555a1f34087","included","","","","","","","","","extract","2026-06-30T10:43:54.021713+00:00","{""action_type"": null, ""activity_comment"": null, ""activity_id"": 32031, ""activity_properties"": [], ""assay_chembl_id"": ""CHEMBL755012"", ""assay_description"": ""Activity against opioid receptor in guinea pig ileum longitudinal muscle"", ""assay_type"": ""F"", ""assay_variant_accession"": null, ""assay_variant_mutation"": null, ""bao_endpoint"": ""BAO_0000190"", ""bao_format"": ""BAO_0000221"", ""bao_label"": ""tissue-based format"", ""canonical_smiles"": ""CN1CC[C@]23c4c5ccc(O)c4O[C@H]2[C@@H](NC(=O)CNC(=O)CCC(=O)NCC(=O)N[C@H]2CC[C@@]4(O)[C@H]6Cc7ccc(O)c8c7[C@@]4(CCN6C)[C@H]2O8)CC[C@@]3(O)[C@H]1C5"", ""data_validity_comment"": null, ""data_validity_description"": null, ""document_chembl_id"": ""CHEMBL1123225"", ""document_journal"": ""J Med Chem"", ""document_year"": 1986, ""ligand_efficiency"": null, ""molecule_chembl_id"": ""CHEMBL3350133"", ""molecule_pref_name"": null, ""parent_molecule_chembl_id"": ""CHEMBL3350133"", ""pchembl_value"": ""7.66"", ""potential_duplicate"": 0, ""qudt_units"": ""http://www.openphacts.org/units/Nanomolar"", ""record_id"": 92040, ""relation"": ""="", ""src_id"": 1, ""standard_flag"": 1, ""standard_relation"": ""="", ""standard_text_value"": null, ""standard_type"": ""IC50"", ""standard_units"": ""nM"", ""standard_upper_value"": null, ""standard_value"": ""22.0"", ""target_chembl_id"": ""CHEMBL2095156"", ""target_organism"": ""Homo sapiens"", ""target_pref_name"": ""Opioid receptors; mu & kappa"", ""target_tax_id"": ""9606"", ""text_value"": null, ""toid"": null, ""type"": ""IC50"", ""units"": ""nM"", ""uo_units"": ""UO_0000065"", ""upper_value"": null, ""value"": ""22.0""}","{""action_type"": null, ""activity_comment"": null, ""activity_id"": 32031, ""activity_properties"": [], ""assay_chembl_id"": ""CHEMBL755012"", ""assay_description"": ""Activity against opioid receptor in guinea pig ileum longitudinal muscle"", ""assay_type"": ""F"", ""assay_variant_accession"": null, ""assay_variant_mutation"": null, ""bao_endpoint"": ""BAO_0000190"", ""bao_format"": ""BAO_0000221"", ""bao_label"": ""tissue-based format"", ""canonical_smiles"": ""CN1CC[C@]23c4c5ccc(O)c4O[C@H]2[C@@H](NC(=O)CNC(=O)CCC(=O)NCC(=O)N[C@H]2CC[C@@]4(O)[C@H]6Cc7ccc(O)c8c7[C@@]4(CCN6C)[C@H]2O8)CC[C@@]3(O)[C@H]1C5"", ""data_validity_comment"": null, ""data_validity_description"": null, ""document_chembl_id"": ""CHEMBL1123225"", ""document_journal"": ""J Med Chem"", ""document_year"": 1986, ""ligand_efficiency"": null, ""molecule_chembl_id"": ""CHEMBL3350133"", ""molecule_pref_name"": null, ""parent_molecule_chembl_id"": ""CHEMBL3350133"", ""pchembl_value"": ""7.66"", ""potential_duplicate"": 0, ""qudt_units"": ""http://www.openphacts.org/units/Nanomolar"", ""record_id"": 92040, ""relation"": ""="", ""src_id"": 1, ""standard_flag"": 1, ""standard_relation"": ""="", ""standard_text_value"": null, ""standard_type"": ""IC50"", ""standard_units"": ""nM"", ""standard_upper_value"": null, ""standard_value"": ""22.0"", ""target_chembl_id"": ""CHEMBL2095156"", ""target_organism"": ""Homo sapiens"", ""target_pref_name"": ""Opioid receptors; mu & kappa"", ""target_tax_id"": ""9606"", ""text_value"": null, ""toid"": null, ""type"": ""IC50"", ""units"": ""nM"", ""uo_units"": ""UO_0000065"", ""upper_value"": null, ""value"": ""22.0""}","583dc675-942e-5de8-b3d7-eceabebe7bd7","{}"
"785c5bb7-a083-504b-86c7-abf84f4e761c","chembl_activity","chembl_activity","chembl","bronze","33","32034","32034","f1957292bab4e13273e340bdd263b91e347b4fe3bc1fafd46bdb9ccce017b5dd","f1957292bab4e13273e340bdd263b91e347b4fe3bc1fafd46bdb9ccce017b5dd","f1957292bab4e13273e340bdd263b91e347b4fe3bc1fafd46bdb9ccce017b5dd","included","","","","","","","","","extract","2026-06-30T10:43:54.021713+00:00","{""action_type"": null, ""activity_comment"": null, ""activity_id"": 32034, ""activity_properties"": [], ""assay_chembl_id"": ""CHEMBL752187"", ""assay_description"": ""Displacement of [3H]naloxone from Opioid receptor mu 1 in guinea pig brain membrane"", ""assay_type"": ""B"", ""assay_variant_accession"": null, ""assay_variant_mutation"": null, ""bao_endpoint"": ""BAO_0000192"", ""bao_format"": ""BAO_0000249"", ""bao_label"": ""cell membrane format"", ""canonical_smiles"": ""CN1CC[C@]23c4c5ccc(O)c4O[C@H]2[C@@H](NC(=O)CNC(=O)CCC(=O)NCC(=O)N[C@H]2CC[C@@]4(O)[C@H]6Cc7ccc(O)c8c7[C@@]4(CCN6C)[C@H]2O8)CC[C@@]3(O)[C@H]1C5"", ""data_validity_comment"": null, ""data_validity_description"": null, ""document_chembl_id"": ""CHEMBL1123225"", ""document_journal"": ""J Med Chem"", ""document_year"": 1986, ""ligand_efficiency"": {""bei"": ""9.19"", ""le"": ""0.17"", ""lle"": ""8.01"", ""sei"": ""3.31""}, ""molecule_chembl_id"": ""CHEMBL3350133"", ""molecule_pref_name"": null, ""parent_molecule_chembl_id"": ""CHEMBL3350133"", ""pchembl_value"": ""7.36"", ""potential_duplicate"": 0, ""qudt_units"": ""http://www.openphacts.org/units/Nanomolar"", ""record_id"": 92040, ""relation"": ""="", ""src_id"": 1, ""standard_flag"": 1, ""standard_relation"": ""="", ""standard_text_value"": null, ""standard_type"": ""Ki"", ""standard_units"": ""nM"", ""standard_upper_value"": null, ""standard_value"": ""44.0"", ""target_chembl_id"": ""CHEMBL4354"", ""target_organism"": ""Cavia porcellus"", ""target_pref_name"": ""Mu-type opioid receptor"", ""target_tax_id"": ""10141"", ""text_value"": null, ""toid"": null, ""type"": ""Ki"", ""units"": ""nM"", ""uo_units"": ""UO_0000065"", ""upper_value"": null, ""value"": ""44.0""}","{""action_type"": null, ""activity_comment"": null, ""activity_id"": 32034, ""activity_properties"": [], ""assay_chembl_id"": ""CHEMBL752187"", ""assay_description"": ""Displacement of [3H]naloxone from Opioid receptor mu 1 in guinea pig brain membrane"", ""assay_type"": ""B"", ""assay_variant_accession"": null, ""assay_variant_mutation"": null, ""bao_endpoint"": ""BAO_0000192"", ""bao_format"": ""BAO_0000249"", ""bao_label"": ""cell membrane format"", ""canonical_smiles"": ""CN1CC[C@]23c4c5ccc(O)c4O[C@H]2[C@@H](NC(=O)CNC(=O)CCC(=O)NCC(=O)N[C@H]2CC[C@@]4(O)[C@H]6Cc7ccc(O)c8c7[C@@]4(CCN6C)[C@H]2O8)CC[C@@]3(O)[C@H]1C5"", ""data_validity_comment"": null, ""data_validity_description"": null, ""document_chembl_id"": ""CHEMBL1123225"", ""document_journal"": ""J Med Chem"", ""document_year"": 1986, ""ligand_efficiency"": {""bei"": ""9.19"", ""le"": ""0.17"", ""lle"": ""8.01"", ""sei"": ""3.31""}, ""molecule_chembl_id"": ""CHEMBL3350133"", ""molecule_pref_name"": null, ""parent_molecule_chembl_id"": ""CHEMBL3350133"", ""pchembl_value"": ""7.36"", ""potential_duplicate"": 0, ""qudt_units"": ""http://www.openphacts.org/units/Nanomolar"", ""record_id"": 92040, ""relation"": ""="", ""src_id"": 1, ""standard_flag"": 1, ""standard_relation"": ""="", ""standard_text_value"": null, ""standard_type"": ""Ki"", ""standard_units"": ""nM"", ""standard_upper_value"": null, ""standard_value"": ""44.0"", ""target_chembl_id"": ""CHEMBL4354"", ""target_organism"": ""Cavia porcellus"", ""target_pref_name"": ""Mu-type opioid receptor"", ""target_tax_id"": ""10141"", ""text_value"": null, ""toid"": null, ""type"": ""Ki"", ""units"": ""nM"", ""uo_units"": ""UO_0000065"", ""upper_value"": null, ""value"": ""44.0""}","583dc675-942e-5de8-b3d7-eceabebe7bd7","{}"
"785c5bb7-a083-504b-86c7-abf84f4e761c","chembl_activity","chembl_activity","chembl","bronze","34","32036","32036","1bd5a549fbef39ec9aea3b54fae8a8966b8cefd72626e5877d850cd0ba636396","1bd5a549fbef39ec9aea3b54fae8a8966b8cefd72626e5877d850cd0ba636396","1bd5a549fbef39ec9aea3b54fae8a8966b8cefd72626e5877d850cd0ba636396","included","","","","","","","","","extract","2026-06-30T10:43:54.021713+00:00","{""action_type"": null, ""activity_comment"": null, ""activity_id"": 32036, ""activity_properties"": [], ""assay_chembl_id"": ""CHEMBL873912"", ""assay_description"": ""Displacement of [3H]DADLE from Opioid receptor kappa 1 in guinea pig brain membrane"", ""assay_type"": ""B"", ""assay_variant_accession"": null, ""assay_variant_mutation"": null, ""bao_endpoint"": ""BAO_0000192"", ""bao_format"": ""BAO_0000249"", ""bao_label"": ""cell membrane format"", ""canonical_smiles"": ""CN1CC[C@]23c4c5ccc(O)c4O[C@H]2[C@@H](NC(=O)CNC(=O)CCC(=O)NCC(=O)N[C@H]2CC[C@@]4(O)[C@H]6Cc7ccc(O)c8c7[C@@]4(CCN6C)[C@H]2O8)CC[C@@]3(O)[C@H]1C5"", ""data_validity_comment"": null, ""data_validity_description"": null, ""document_chembl_id"": ""CHEMBL1123225"", ""document_journal"": ""J Med Chem"", ""document_year"": 1986, ""ligand_efficiency"": {""bei"": ""7.78"", ""le"": ""0.15"", ""lle"": ""6.88"", ""sei"": ""2.80""}, ""molecule_chembl_id"": ""CHEMBL3350133"", ""molecule_pref_name"": null, ""parent_molecule_chembl_id"": ""CHEMBL3350133"", ""pchembl_value"": ""6.23"", ""potential_duplicate"": 0, ""qudt_units"": ""http://www.openphacts.org/units/Nanomolar"", ""record_id"": 92040, ""relation"": ""="", ""src_id"": 1, ""standard_flag"": 1, ""standard_relation"": ""="", ""standard_text_value"": null, ""standard_type"": ""Ki"", ""standard_units"": ""nM"", ""standard_upper_value"": null, ""standard_value"": ""590.0"", ""target_chembl_id"": ""CHEMBL3952"", ""target_organism"": ""Cavia porcellus"", ""target_pref_name"": ""Kappa-type opioid receptor"", ""target_tax_id"": ""10141"", ""text_value"": null, ""toid"": null, ""type"": ""Ki"", ""units"": ""nM"", ""uo_units"": ""UO_0000065"", ""upper_value"": null, ""value"": ""590.0""}","{""action_type"": null, ""activity_comment"": null, ""activity_id"": 32036, ""activity_properties"": [], ""assay_chembl_id"": ""CHEMBL873912"", ""assay_description"": ""Displacement of [3H]DADLE from Opioid receptor kappa 1 in guinea pig brain membrane"", ""assay_type"": ""B"", ""assay_variant_accession"": null, ""assay_variant_mutation"": null, ""bao_endpoint"": ""BAO_0000192"", ""bao_format"": ""BAO_0000249"", ""bao_label"": ""cell membrane format"", ""canonical_smiles"": ""CN1CC[C@]23c4c5ccc(O)c4O[C@H]2[C@@H](NC(=O)CNC(=O)CCC(=O)NCC(=O)N[C@H]2CC[C@@]4(O)[C@H]6Cc7ccc(O)c8c7[C@@]4(CCN6C)[C@H]2O8)CC[C@@]3(O)[C@H]1C5"", ""data_validity_comment"": null, ""data_validity_description"": null, ""document_chembl_id"": ""CHEMBL1123225"", ""document_journal"": ""J Med Chem"", ""document_year"": 1986, ""ligand_efficiency"": {""bei"": ""7.78"", ""le"": ""0.15"", ""lle"": ""6.88"", ""sei"": ""2.80""}, ""molecule_chembl_id"": ""CHEMBL3350133"", ""molecule_pref_name"": null, ""parent_molecule_chembl_id"": ""CHEMBL3350133"", ""pchembl_value"": ""6.23"", ""potential_duplicate"": 0, ""qudt_units"": ""http://www.openphacts.org/units/Nanomolar"", ""record_id"": 92040, ""relation"": ""="", ""src_id"": 1, ""standard_flag"": 1, ""standard_relation"": ""="", ""standard_text_value"": null, ""standard_type"": ""Ki"", ""standard_units"": ""nM"", ""standard_upper_value"": null, ""standard_value"": ""590.0"", ""target_chembl_id"": ""CHEMBL3952"", ""target_organism"": ""Cavia porcellus"", ""target_pref_name"": ""Kappa-type opioid receptor"", ""target_tax_id"": ""10141"", ""text_value"": null, ""toid"": null, ""type"": ""Ki"", ""units"": ""nM"", ""uo_units"": ""UO_0000065"", ""upper_value"": null, ""value"": ""590.0""}","583dc675-942e-5de8-b3d7-eceabebe7bd7","{}"
"785c5bb7-a083-504b-86c7-abf84f4e761c","chembl_activity","chembl_activity","chembl","bronze","35","32038","32038","74c548cd4e990c250bda36d940d93affc2d4994382284e55285355854c13f555","74c548cd4e990c250bda36d940d93affc2d4994382284e55285355854c13f555","74c548cd4e990c250bda36d940d93affc2d4994382284e55285355854c13f555","included","","","","","","","","","extract","2026-06-30T10:43:54.021713+00:00","{""action_type"": null, ""activity_comment"": null, ""activity_id"": 32038, ""activity_properties"": [], ""assay_chembl_id"": ""CHEMBL753852"", ""assay_description"": ""Displacement of [3H]EK from Opioid receptor delta 1 in guinea pig brain membrane"", ""assay_type"": ""B"", ""assay_variant_accession"": null, ""assay_variant_mutation"": null, ""bao_endpoint"": ""BAO_0000192"", ""bao_format"": ""BAO_0000249"", ""bao_label"": ""cell membrane format"", ""canonical_smiles"": ""CN1CC[C@]23c4c5ccc(O)c4O[C@H]2[C@@H](NC(=O)CNC(=O)CCC(=O)NCC(=O)N[C@H]2CC[C@@]4(O)[C@H]6Cc7ccc(O)c8c7[C@@]4(CCN6C)[C@H]2O8)CC[C@@]3(O)[C@H]1C5"", ""data_validity_comment"": null, ""data_validity_description"": null, ""document_chembl_id"": ""CHEMBL1123225"", ""document_journal"": ""J Med Chem"", ""document_year"": 1986, ""ligand_efficiency"": {""bei"": ""8.69"", ""le"": ""0.16"", ""lle"": ""7.61"", ""sei"": ""3.13""}, ""molecule_chembl_id"": ""CHEMBL3350133"", ""molecule_pref_name"": null, ""parent_molecule_chembl_id"": ""CHEMBL3350133"", ""pchembl_value"": ""6.96"", ""potential_duplicate"": 0, ""qudt_units"": ""http://www.openphacts.org/units/Nanomolar"", ""record_id"": 92040, ""relation"": ""="", ""src_id"": 1, ""standard_flag"": 1, ""standard_relation"": ""="", ""standard_text_value"": null, ""standard_type"": ""Ki"", ""standard_units"": ""nM"", ""standard_upper_value"": null, ""standard_value"": ""110.0"", ""target_chembl_id"": ""CHEMBL236"", ""target_organism"": ""Homo sapiens"", ""target_pref_name"": ""Delta-type opioid receptor"", ""target_tax_id"": ""9606"", ""text_value"": null, ""toid"": null, ""type"": ""Ki"", ""units"": ""nM"", ""uo_units"": ""UO_0000065"", ""upper_value"": null, ""value"": ""110.0""}","{""action_type"": null, ""activity_comment"": null, ""activity_id"": 32038, ""activity_properties"": [], ""assay_chembl_id"": ""CHEMBL753852"", ""assay_description"": ""Displacement of [3H]EK from Opioid receptor delta 1 in guinea pig brain membrane"", ""assay_type"": ""B"", ""assay_variant_accession"": null, ""assay_variant_mutation"": null, ""bao_endpoint"": ""BAO_0000192"", ""bao_format"": ""BAO_0000249"", ""bao_label"": ""cell membrane format"", ""canonical_smiles"": ""CN1CC[C@]23c4c5ccc(O)c4O[C@H]2[C@@H](NC(=O)CNC(=O)CCC(=O)NCC(=O)N[C@H]2CC[C@@]4(O)[C@H]6Cc7ccc(O)c8c7[C@@]4(CCN6C)[C@H]2O8)CC[C@@]3(O)[C@H]1C5"", ""data_validity_comment"": null, ""data_validity_description"": null, ""document_chembl_id"": ""CHEMBL1123225"", ""document_journal"": ""J Med Chem"", ""document_year"": 1986, ""ligand_efficiency"": {""bei"": ""8.69"", ""le"": ""0.16"", ""lle"": ""7.61"", ""sei"": ""3.13""}, ""molecule_chembl_id"": ""CHEMBL3350133"", ""molecule_pref_name"": null, ""parent_molecule_chembl_id"": ""CHEMBL3350133"", ""pchembl_value"": ""6.96"", ""potential_duplicate"": 0, ""qudt_units"": ""http://www.openphacts.org/units/Nanomolar"", ""record_id"": 92040, ""relation"": ""="", ""src_id"": 1, ""standard_flag"": 1, ""standard_relation"": ""="", ""standard_text_value"": null, ""standard_type"": ""Ki"", ""standard_units"": ""nM"", ""standard_upper_value"": null, ""standard_value"": ""110.0"", ""target_chembl_id"": ""CHEMBL236"", ""target_organism"": ""Homo sapiens"", ""target_pref_name"": ""Delta-type opioid receptor"", ""target_tax_id"": ""9606"", ""text_value"": null, ""toid"": null, ""type"": ""Ki"", ""units"": ""nM"", ""uo_units"": ""UO_0000065"", ""upper_value"": null, ""value"": ""110.0""}","583dc675-942e-5de8-b3d7-eceabebe7bd7","{}"
"785c5bb7-a083-504b-86c7-abf84f4e761c","chembl_activity","chembl_activity","chembl","bronze","36","32049","32049","18a0b5912a304401bb463c7af16210cb2f554e2ea2663c96d7d948193e74bc51","18a0b5912a304401bb463c7af16210cb2f554e2ea2663c96d7d948193e74bc51","18a0b5912a304401bb463c7af16210cb2f554e2ea2663c96d7d948193e74bc51","included","","","","","","","","","extract","2026-06-30T10:43:54.021713+00:00","{""action_type"": null, ""activity_comment"": null, ""activity_id"": 32049, ""activity_properties"": [], ""assay_chembl_id"": ""CHEMBL642843"", ""assay_description"": ""Effect on Acetylcholinesterase activity in rat erythrocytes"", ""assay_type"": ""B"", ""assay_variant_accession"": null, ""assay_variant_mutation"": null, ""bao_endpoint"": ""BAO_0000190"", ""bao_format"": ""BAO_0000219"", ""bao_label"": ""cell-based format"", ""canonical_smiles"": ""CC[N+](C)(CC)CC(=O)CCN1C(=O)CCC1=O.[I-]"", ""data_validity_comment"": null, ""data_validity_description"": null, ""document_chembl_id"": ""CHEMBL1123058"", ""document_journal"": ""J Med Chem"", ""document_year"": 1985, ""ligand_efficiency"": {""bei"": ""15.67"", ""le"": ""0.30"", ""lle"": ""3.42"", ""sei"": ""7.35""}, ""molecule_chembl_id"": ""CHEMBL15886"", ""molecule_pref_name"": null, ""parent_molecule_chembl_id"": ""CHEMBL1178213"", ""pchembl_value"": ""4.00"", ""potential_duplicate"": 0, ""qudt_units"": ""http://www.openphacts.org/units/Nanomolar"", ""record_id"": 17693, ""relation"": ""="", ""src_id"": 1, ""standard_flag"": 1, ""standard_relation"": ""="", ""standard_text_value"": null, ""standard_type"": ""IC50"", ""standard_units"": ""nM"", ""standard_upper_value"": null, ""standard_value"": ""100000.0"", ""target_chembl_id"": ""CHEMBL3199"", ""target_organism"": ""Rattus norvegicus"", ""target_pref_name"": ""Acetylcholinesterase"", ""target_tax_id"": ""10116"", ""text_value"": null, ""toid"": null, ""type"": ""I50"", ""units"": ""mM"", ""uo_units"": ""UO_0000065"", ""upper_value"": null, ""value"": ""0.1""}","{""action_type"": null, ""activity_comment"": null, ""activity_id"": 32049, ""activity_properties"": [], ""assay_chembl_id"": ""CHEMBL642843"", ""assay_description"": ""Effect on Acetylcholinesterase activity in rat erythrocytes"", ""assay_type"": ""B"", ""assay_variant_accession"": null, ""assay_variant_mutation"": null, ""bao_endpoint"": ""BAO_0000190"", ""bao_format"": ""BAO_0000219"", ""bao_label"": ""cell-based format"", ""canonical_smiles"": ""CC[N+](C)(CC)CC(=O)CCN1C(=O)CCC1=O.[I-]"", ""data_validity_comment"": null, ""data_validity_description"": null, ""document_chembl_id"": ""CHEMBL1123058"", ""document_journal"": ""J Med Chem"", ""document_year"": 1985, ""ligand_efficiency"": {""bei"": ""15.67"", ""le"": ""0.30"", ""lle"": ""3.42"", ""sei"": ""7.35""}, ""molecule_chembl_id"": ""CHEMBL15886"", ""molecule_pref_name"": null, ""parent_molecule_chembl_id"": ""CHEMBL1178213"", ""pchembl_value"": ""4.00"", ""potential_duplicate"": 0, ""qudt_units"": ""http://www.openphacts.org/units/Nanomolar"", ""record_id"": 17693, ""relation"": ""="", ""src_id"": 1, ""standard_flag"": 1, ""standard_relation"": ""="", ""standard_text_value"": null, ""standard_type"": ""IC50"", ""standard_units"": ""nM"", ""standard_upper_value"": null, ""standard_value"": ""100000.0"", ""target_chembl_id"": ""CHEMBL3199"", ""target_organism"": ""Rattus norvegicus"", ""target_pref_name"": ""Acetylcholinesterase"", ""target_tax_id"": ""10116"", ""text_value"": null, ""toid"": null, ""type"": ""I50"", ""units"": ""mM"", ""uo_units"": ""UO_0000065"", ""upper_value"": null, ""value"": ""0.1""}","583dc675-942e-5de8-b3d7-eceabebe7bd7","{}"
"785c5bb7-a083-504b-86c7-abf84f4e761c","chembl_activity","chembl_activity","chembl","bronze","37","32059","32059","4f7d193d026f77d7855ef5b04d3f588349caaaa3b17c7dd33f3e0693d134717d","4f7d193d026f77d7855ef5b04d3f588349caaaa3b17c7dd33f3e0693d134717d","4f7d193d026f77d7855ef5b04d3f588349caaaa3b17c7dd33f3e0693d134717d","included","","","","","","","","","extract","2026-06-30T10:43:54.021713+00:00","{""action_type"": null, ""activity_comment"": null, ""activity_id"": 32059, ""activity_properties"": [], ""assay_chembl_id"": ""CHEMBL686356"", ""assay_description"": ""Evaluated for inhibition of slow reacting substance of anaphylaxis (SRS-A) induced contractions in guinea pig ileum strips"", ""assay_type"": ""F"", ""assay_variant_accession"": null, ""assay_variant_mutation"": null, ""bao_endpoint"": ""BAO_0000190"", ""bao_format"": ""BAO_0000218"", ""bao_label"": ""organism-based format"", ""canonical_smiles"": ""CC(CCCc1cccnc1)NC(=O)c1ccc2nc3ccc(C(C)C)cc3c(=O)n2c1.Cl.Cl"", ""data_validity_comment"": null, ""data_validity_description"": null, ""document_chembl_id"": ""CHEMBL1123873"", ""document_journal"": ""J Med Chem"", ""document_year"": 1987, ""ligand_efficiency"": null, ""molecule_chembl_id"": ""CHEMBL1202755"", ""molecule_pref_name"": null, ""parent_molecule_chembl_id"": ""CHEMBL57825"", ""pchembl_value"": ""5.10"", ""potential_duplicate"": 0, ""qudt_units"": ""http://www.openphacts.org/units/Nanomolar"", ""record_id"": 98984, ""relation"": ""="", ""src_id"": 1, ""standard_flag"": 1, ""standard_relation"": ""="", ""standard_text_value"": null, ""standard_type"": ""IC50"", ""standard_units"": ""nM"", ""standard_upper_value"": null, ""standard_value"": ""8000.0"", ""target_chembl_id"": ""CHEMBL369"", ""target_organism"": ""Cavia porcellus"", ""target_pref_name"": ""Cavia porcellus"", ""target_tax_id"": ""10141"", ""text_value"": null, ""toid"": null, ""type"": ""IC50"", ""units"": ""uM"", ""uo_units"": ""UO_0000065"", ""upper_value"": null, ""value"": ""8.0""}","{""action_type"": null, ""activity_comment"": null, ""activity_id"": 32059, ""activity_properties"": [], ""assay_chembl_id"": ""CHEMBL686356"", ""assay_description"": ""Evaluated for inhibition of slow reacting substance of anaphylaxis (SRS-A) induced contractions in guinea pig ileum strips"", ""assay_type"": ""F"", ""assay_variant_accession"": null, ""assay_variant_mutation"": null, ""bao_endpoint"": ""BAO_0000190"", ""bao_format"": ""BAO_0000218"", ""bao_label"": ""organism-based format"", ""canonical_smiles"": ""CC(CCCc1cccnc1)NC(=O)c1ccc2nc3ccc(C(C)C)cc3c(=O)n2c1.Cl.Cl"", ""data_validity_comment"": null, ""data_validity_description"": null, ""document_chembl_id"": ""CHEMBL1123873"", ""document_journal"": ""J Med Chem"", ""document_year"": 1987, ""ligand_efficiency"": null, ""molecule_chembl_id"": ""CHEMBL1202755"", ""molecule_pref_name"": null, ""parent_molecule_chembl_id"": ""CHEMBL57825"", ""pchembl_value"": ""5.10"", ""potential_duplicate"": 0, ""qudt_units"": ""http://www.openphacts.org/units/Nanomolar"", ""record_id"": 98984, ""relation"": ""="", ""src_id"": 1, ""standard_flag"": 1, ""standard_relation"": ""="", ""standard_text_value"": null, ""standard_type"": ""IC50"", ""standard_units"": ""nM"", ""standard_upper_value"": null, ""standard_value"": ""8000.0"", ""target_chembl_id"": ""CHEMBL369"", ""target_organism"": ""Cavia porcellus"", ""target_pref_name"": ""Cavia porcellus"", ""target_tax_id"": ""10141"", ""text_value"": null, ""toid"": null, ""type"": ""IC50"", ""units"": ""uM"", ""uo_units"": ""UO_0000065"", ""upper_value"": null, ""value"": ""8.0""}","583dc675-942e-5de8-b3d7-eceabebe7bd7","{}"
"785c5bb7-a083-504b-86c7-abf84f4e761c","chembl_activity","chembl_activity","chembl","bronze","38","32060","32060","0c340671406ffeadede198bde4b066531f5183806aa08fdc234adf91bb00c120","0c340671406ffeadede198bde4b066531f5183806aa08fdc234adf91bb00c120","0c340671406ffeadede198bde4b066531f5183806aa08fdc234adf91bb00c120","included","","","","","","","","","extract","2026-06-30T10:43:54.021713+00:00","{""action_type"": null, ""activity_comment"": null, ""activity_id"": 32060, ""activity_properties"": [], ""assay_chembl_id"": ""CHEMBL808532"", ""assay_description"": ""Inhibition of human platelet thromboxane synthase (TXA2) was determined in human platelets"", ""assay_type"": ""B"", ""assay_variant_accession"": null, ""assay_variant_mutation"": null, ""bao_endpoint"": ""BAO_0000190"", ""bao_format"": ""BAO_0000019"", ""bao_label"": ""assay format"", ""canonical_smiles"": ""CC(CCCc1cccnc1)NC(=O)c1ccc2nc3ccc(C(C)C)cc3c(=O)n2c1.Cl.Cl"", ""data_validity_comment"": null, ""data_validity_description"": null, ""document_chembl_id"": ""CHEMBL1123873"", ""document_journal"": ""J Med Chem"", ""document_year"": 1987, ""ligand_efficiency"": {""bei"": ""14.00"", ""le"": ""0.26"", ""lle"": ""1.49"", ""sei"": ""7.86""}, ""molecule_chembl_id"": ""CHEMBL1202755"", ""molecule_pref_name"": null, ""parent_molecule_chembl_id"": ""CHEMBL57825"", ""pchembl_value"": ""6.00"", ""potential_duplicate"": 0, ""qudt_units"": ""http://www.openphacts.org/units/Nanomolar"", ""record_id"": 98984, ""relation"": ""="", ""src_id"": 1, ""standard_flag"": 1, ""standard_relation"": ""="", ""standard_text_value"": null, ""standard_type"": ""IC50"", ""standard_units"": ""nM"", ""standard_upper_value"": null, ""standard_value"": ""1000.0"", ""target_chembl_id"": ""CHEMBL1835"", ""target_organism"": ""Homo sapiens"", ""target_pref_name"": ""Thromboxane-A synthase"", ""target_tax_id"": ""9606"", ""text_value"": null, ""toid"": null, ""type"": ""IC50"", ""units"": ""uM"", ""uo_units"": ""UO_0000065"", ""upper_value"": null, ""value"": ""1.0""}","{""action_type"": null, ""activity_comment"": null, ""activity_id"": 32060, ""activity_properties"": [], ""assay_chembl_id"": ""CHEMBL808532"", ""assay_description"": ""Inhibition of human platelet thromboxane synthase (TXA2) was determined in human platelets"", ""assay_type"": ""B"", ""assay_variant_accession"": null, ""assay_variant_mutation"": null, ""bao_endpoint"": ""BAO_0000190"", ""bao_format"": ""BAO_0000019"", ""bao_label"": ""assay format"", ""canonical_smiles"": ""CC(CCCc1cccnc1)NC(=O)c1ccc2nc3ccc(C(C)C)cc3c(=O)n2c1.Cl.Cl"", ""data_validity_comment"": null, ""data_validity_description"": null, ""document_chembl_id"": ""CHEMBL1123873"", ""document_journal"": ""J Med Chem"", ""document_year"": 1987, ""ligand_efficiency"": {""bei"": ""14.00"", ""le"": ""0.26"", ""lle"": ""1.49"", ""sei"": ""7.86""}, ""molecule_chembl_id"": ""CHEMBL1202755"", ""molecule_pref_name"": null, ""parent_molecule_chembl_id"": ""CHEMBL57825"", ""pchembl_value"": ""6.00"", ""potential_duplicate"": 0, ""qudt_units"": ""http://www.openphacts.org/units/Nanomolar"", ""record_id"": 98984, ""relation"": ""="", ""src_id"": 1, ""standard_flag"": 1, ""standard_relation"": ""="", ""standard_text_value"": null, ""standard_type"": ""IC50"", ""standard_units"": ""nM"", ""standard_upper_value"": null, ""standard_value"": ""1000.0"", ""target_chembl_id"": ""CHEMBL1835"", ""target_organism"": ""Homo sapiens"", ""target_pref_name"": ""Thromboxane-A synthase"", ""target_tax_id"": ""9606"", ""text_value"": null, ""toid"": null, ""type"": ""IC50"", ""units"": ""uM"", ""uo_units"": ""UO_0000065"", ""upper_value"": null, ""value"": ""1.0""}","583dc675-942e-5de8-b3d7-eceabebe7bd7","{}"
"785c5bb7-a083-504b-86c7-abf84f4e761c","chembl_activity","chembl_activity","chembl","bronze","39","32061","32061","e9ece59a02767300d168781bffd19783ed5ffb0e1a3b738b581df3fc0363f433","e9ece59a02767300d168781bffd19783ed5ffb0e1a3b738b581df3fc0363f433","e9ece59a02767300d168781bffd19783ed5ffb0e1a3b738b581df3fc0363f433","included","","","","","","","","","extract","2026-06-30T10:43:54.021713+00:00","{""action_type"": null, ""activity_comment"": null, ""activity_id"": 32061, ""activity_properties"": [], ""assay_chembl_id"": ""CHEMBL706332"", ""assay_description"": ""Tested in vitro against murine L1210 leukemia."", ""assay_type"": ""F"", ""assay_variant_accession"": null, ""assay_variant_mutation"": null, ""bao_endpoint"": ""BAO_0000190"", ""bao_format"": ""BAO_0000219"", ""bao_label"": ""cell-based format"", ""canonical_smiles"": ""Cl.NCCn1nc2c3c(c(NCCCNCCO)ccc31)C(=O)c1c(O)ccc(O)c1-2"", ""data_validity_comment"": null, ""data_validity_description"": null, ""document_chembl_id"": ""CHEMBL1123657"", ""document_journal"": ""J Med Chem"", ""document_year"": 1987, ""ligand_efficiency"": null, ""molecule_chembl_id"": ""CHEMBL542565"", ""molecule_pref_name"": null, ""parent_molecule_chembl_id"": ""CHEMBL1191461"", ""pchembl_value"": ""6.06"", ""potential_duplicate"": 0, ""qudt_units"": ""http://www.openphacts.org/units/Nanomolar"", ""record_id"": 35198, ""relation"": ""="", ""src_id"": 1, ""standard_flag"": 1, ""standard_relation"": ""="", ""standard_text_value"": null, ""standard_type"": ""IC50"", ""standard_units"": ""nM"", ""standard_upper_value"": null, ""standard_value"": ""870.0"", ""target_chembl_id"": ""CHEMBL386"", ""target_organism"": ""Mus musculus"", ""target_pref_name"": ""L1210"", ""target_tax_id"": ""10090"", ""text_value"": null, ""toid"": null, ""type"": ""IC50"", ""units"": ""M"", ""uo_units"": ""UO_0000065"", ""upper_value"": null, ""value"": ""8.7E-7""}","{""action_type"": null, ""activity_comment"": null, ""activity_id"": 32061, ""activity_properties"": [], ""assay_chembl_id"": ""CHEMBL706332"", ""assay_description"": ""Tested in vitro against murine L1210 leukemia."", ""assay_type"": ""F"", ""assay_variant_accession"": null, ""assay_variant_mutation"": null, ""bao_endpoint"": ""BAO_0000190"", ""bao_format"": ""BAO_0000219"", ""bao_label"": ""cell-based format"", ""canonical_smiles"": ""Cl.NCCn1nc2c3c(c(NCCCNCCO)ccc31)C(=O)c1c(O)ccc(O)c1-2"", ""data_validity_comment"": null, ""data_validity_description"": null, ""document_chembl_id"": ""CHEMBL1123657"", ""document_journal"": ""J Med Chem"", ""document_year"": 1987, ""ligand_efficiency"": null, ""molecule_chembl_id"": ""CHEMBL542565"", ""molecule_pref_name"": null, ""parent_molecule_chembl_id"": ""CHEMBL1191461"", ""pchembl_value"": ""6.06"", ""potential_duplicate"": 0, ""qudt_units"": ""http://www.openphacts.org/units/Nanomolar"", ""record_id"": 35198, ""relation"": ""="", ""src_id"": 1, ""standard_flag"": 1, ""standard_relation"": ""="", ""standard_text_value"": null, ""standard_type"": ""IC50"", ""standard_units"": ""nM"", ""standard_upper_value"": null, ""standard_value"": ""870.0"", ""target_chembl_id"": ""CHEMBL386"", ""target_organism"": ""Mus musculus"", ""target_pref_name"": ""L1210"", ""target_tax_id"": ""10090"", ""text_value"": null, ""toid"": null, ""type"": ""IC50"", ""units"": ""M"", ""uo_units"": ""UO_0000065"", ""upper_value"": null, ""value"": ""8.7E-7""}","583dc675-942e-5de8-b3d7-eceabebe7bd7","{}"
"785c5bb7-a083-504b-86c7-abf84f4e761c","chembl_activity","chembl_activity","chembl","bronze","40","32065","32065","bbdf34099c245e5e1e03bfd22766b3f4578a7c7771727265c4097907fe27f76b","bbdf34099c245e5e1e03bfd22766b3f4578a7c7771727265c4097907fe27f76b","bbdf34099c245e5e1e03bfd22766b3f4578a7c7771727265c4097907fe27f76b","included","","","","","","","","","extract","2026-06-30T10:43:54.021713+00:00","{""action_type"": null, ""activity_comment"": null, ""activity_id"": 32065, ""activity_properties"": [], ""assay_chembl_id"": ""CHEMBL706332"", ""assay_description"": ""Tested in vitro against murine L1210 leukemia."", ""assay_type"": ""F"", ""assay_variant_accession"": null, ""assay_variant_mutation"": null, ""bao_endpoint"": ""BAO_0000190"", ""bao_format"": ""BAO_0000219"", ""bao_label"": ""cell-based format"", ""canonical_smiles"": ""CN(C)CCNCCNc1ccc2c3c(nn2CCN)-c2c(O)ccc(O)c2C(=O)c13.Cl"", ""data_validity_comment"": null, ""data_validity_description"": null, ""document_chembl_id"": ""CHEMBL1123657"", ""document_journal"": ""J Med Chem"", ""document_year"": 1987, ""ligand_efficiency"": null, ""molecule_chembl_id"": ""CHEMBL543512"", ""molecule_pref_name"": null, ""parent_molecule_chembl_id"": ""CHEMBL1192297"", ""pchembl_value"": ""6.03"", ""potential_duplicate"": 0, ""qudt_units"": ""http://www.openphacts.org/units/Nanomolar"", ""record_id"": 35197, ""relation"": ""="", ""src_id"": 1, ""standard_flag"": 1, ""standard_relation"": ""="", ""standard_text_value"": null, ""standard_type"": ""IC50"", ""standard_units"": ""nM"", ""standard_upper_value"": null, ""standard_value"": ""930.0"", ""target_chembl_id"": ""CHEMBL386"", ""target_organism"": ""Mus musculus"", ""target_pref_name"": ""L1210"", ""target_tax_id"": ""10090"", ""text_value"": null, ""toid"": null, ""type"": ""IC50"", ""units"": ""M"", ""uo_units"": ""UO_0000065"", ""upper_value"": null, ""value"": ""9.3E-7""}","{""action_type"": null, ""activity_comment"": null, ""activity_id"": 32065, ""activity_properties"": [], ""assay_chembl_id"": ""CHEMBL706332"", ""assay_description"": ""Tested in vitro against murine L1210 leukemia."", ""assay_type"": ""F"", ""assay_variant_accession"": null, ""assay_variant_mutation"": null, ""bao_endpoint"": ""BAO_0000190"", ""bao_format"": ""BAO_0000219"", ""bao_label"": ""cell-based format"", ""canonical_smiles"": ""CN(C)CCNCCNc1ccc2c3c(nn2CCN)-c2c(O)ccc(O)c2C(=O)c13.Cl"", ""data_validity_comment"": null, ""data_validity_description"": null, ""document_chembl_id"": ""CHEMBL1123657"", ""document_journal"": ""J Med Chem"", ""document_year"": 1987, ""ligand_efficiency"": null, ""molecule_chembl_id"": ""CHEMBL543512"", ""molecule_pref_name"": null, ""parent_molecule_chembl_id"": ""CHEMBL1192297"", ""pchembl_value"": ""6.03"", ""potential_duplicate"": 0, ""qudt_units"": ""http://www.openphacts.org/units/Nanomolar"", ""record_id"": 35197, ""relation"": ""="", ""src_id"": 1, ""standard_flag"": 1, ""standard_relation"": ""="", ""standard_text_value"": null, ""standard_type"": ""IC50"", ""standard_units"": ""nM"", ""standard_upper_value"": null, ""standard_value"": ""930.0"", ""target_chembl_id"": ""CHEMBL386"", ""target_organism"": ""Mus musculus"", ""target_pref_name"": ""L1210"", ""target_tax_id"": ""10090"", ""text_value"": null, ""toid"": null, ""type"": ""IC50"", ""units"": ""M"", ""uo_units"": ""UO_0000065"", ""upper_value"": null, ""value"": ""9.3E-7""}","583dc675-942e-5de8-b3d7-eceabebe7bd7","{}"
"785c5bb7-a083-504b-86c7-abf84f4e761c","chembl_activity","chembl_activity","chembl","bronze","41","32083","32083","1d139610b5bb16fc4b373519a7456838bf95eb306548511b18565d92cdb71d0c","1d139610b5bb16fc4b373519a7456838bf95eb306548511b18565d92cdb71d0c","1d139610b5bb16fc4b373519a7456838bf95eb306548511b18565d92cdb71d0c","included","","","","","","","","","extract","2026-06-30T10:43:54.021713+00:00","{""action_type"": null, ""activity_comment"": null, ""activity_id"": 32083, ""activity_properties"": [], ""assay_chembl_id"": ""CHEMBL670668"", ""assay_description"": ""In vitro binding affinity at Dopamine receptor D2 in rat by displacing [3H]- spiperone from rat striatal membrane"", ""assay_type"": ""B"", ""assay_variant_accession"": null, ""assay_variant_mutation"": null, ""bao_endpoint"": ""BAO_0000190"", ""bao_format"": ""BAO_0000019"", ""bao_label"": ""assay format"", ""canonical_smiles"": ""CCN1CCC[C@H]1CNC(=O)c1c(OC)ccc(C)c1O"", ""data_validity_comment"": null, ""data_validity_description"": null, ""document_chembl_id"": ""CHEMBL1123038"", ""document_journal"": ""J Med Chem"", ""document_year"": 1985, ""ligand_efficiency"": {""bei"": ""26.41"", ""le"": ""0.50"", ""lle"": ""5.80"", ""sei"": ""12.49""}, ""molecule_chembl_id"": ""CHEMBL23228"", ""molecule_pref_name"": null, ""parent_molecule_chembl_id"": ""CHEMBL23228"", ""pchembl_value"": ""7.72"", ""potential_duplicate"": 0, ""qudt_units"": ""http://www.openphacts.org/units/Nanomolar"", ""record_id"": 31263, ""relation"": ""="", ""src_id"": 1, ""standard_flag"": 1, ""standard_relation"": ""="", ""standard_text_value"": null, ""standard_type"": ""IC50"", ""standard_units"": ""nM"", ""standard_upper_value"": null, ""standard_value"": ""19.0"", ""target_chembl_id"": ""CHEMBL339"", ""target_organism"": ""Rattus norvegicus"", ""target_pref_name"": ""D(2) dopamine receptor"", ""target_tax_id"": ""10116"", ""text_value"": null, ""toid"": null, ""type"": ""IC50"", ""units"": ""uM"", ""uo_units"": ""UO_0000065"", ""upper_value"": null, ""value"": ""0.019""}","{""action_type"": null, ""activity_comment"": null, ""activity_id"": 32083, ""activity_properties"": [], ""assay_chembl_id"": ""CHEMBL670668"", ""assay_description"": ""In vitro binding affinity at Dopamine receptor D2 in rat by displacing [3H]- spiperone from rat striatal membrane"", ""assay_type"": ""B"", ""assay_variant_accession"": null, ""assay_variant_mutation"": null, ""bao_endpoint"": ""BAO_0000190"", ""bao_format"": ""BAO_0000019"", ""bao_label"": ""assay format"", ""canonical_smiles"": ""CCN1CCC[C@H]1CNC(=O)c1c(OC)ccc(C)c1O"", ""data_validity_comment"": null, ""data_validity_description"": null, ""document_chembl_id"": ""CHEMBL1123038"", ""document_journal"": ""J Med Chem"", ""document_year"": 1985, ""ligand_efficiency"": {""bei"": ""26.41"", ""le"": ""0.50"", ""lle"": ""5.80"", ""sei"": ""12.49""}, ""molecule_chembl_id"": ""CHEMBL23228"", ""molecule_pref_name"": null, ""parent_molecule_chembl_id"": ""CHEMBL23228"", ""pchembl_value"": ""7.72"", ""potential_duplicate"": 0, ""qudt_units"": ""http://www.openphacts.org/units/Nanomolar"", ""record_id"": 31263, ""relation"": ""="", ""src_id"": 1, ""standard_flag"": 1, ""standard_relation"": ""="", ""standard_text_value"": null, ""standard_type"": ""IC50"", ""standard_units"": ""nM"", ""standard_upper_value"": null, ""standard_value"": ""19.0"", ""target_chembl_id"": ""CHEMBL339"", ""target_organism"": ""Rattus norvegicus"", ""target_pref_name"": ""D(2) dopamine receptor"", ""target_tax_id"": ""10116"", ""text_value"": null, ""toid"": null, ""type"": ""IC50"", ""units"": ""uM"", ""uo_units"": ""UO_0000065"", ""upper_value"": null, ""value"": ""0.019""}","583dc675-942e-5de8-b3d7-eceabebe7bd7","{}"
"785c5bb7-a083-504b-86c7-abf84f4e761c","chembl_activity","chembl_activity","chembl","bronze","42","32088","32088","328aaf7f223884ce20d2a2774c46f9eab06cab01bf849a7b32fef48bee1f82ed","328aaf7f223884ce20d2a2774c46f9eab06cab01bf849a7b32fef48bee1f82ed","328aaf7f223884ce20d2a2774c46f9eab06cab01bf849a7b32fef48bee1f82ed","included","","","","","","","","","extract","2026-06-30T10:43:54.021713+00:00","{""action_type"": null, ""activity_comment"": null, ""activity_id"": 32088, ""activity_properties"": [], ""assay_chembl_id"": ""CHEMBL650180"", ""assay_description"": ""Inhibition of 0.6 nM [3H]flunitrazepam binding to GABA-A central benzodiazepine receptor of rat forebrain membrane"", ""assay_type"": ""B"", ""assay_variant_accession"": null, ""assay_variant_mutation"": null, ""bao_endpoint"": ""BAO_0000190"", ""bao_format"": ""BAO_0000019"", ""bao_label"": ""assay format"", ""canonical_smiles"": ""COc1cc2nc(C(=O)c3ccccc3)cn2c2ccc(C(C)C)cc12"", ""data_validity_comment"": null, ""data_validity_description"": null, ""document_chembl_id"": ""CHEMBL1124258"", ""document_journal"": ""J Med Chem"", ""document_year"": 1988, ""ligand_efficiency"": {""bei"": ""23.23"", ""le"": ""0.42"", ""lle"": ""3.15"", ""sei"": ""18.35""}, ""molecule_chembl_id"": ""CHEMBL21222"", ""molecule_pref_name"": null, ""parent_molecule_chembl_id"": ""CHEMBL21222"", ""pchembl_value"": ""8.00"", ""potential_duplicate"": 0, ""qudt_units"": ""http://www.openphacts.org/units/Nanomolar"", ""record_id"": 26231, ""relation"": ""="", ""src_id"": 1, ""standard_flag"": 1, ""standard_relation"": ""="", ""standard_text_value"": null, ""standard_type"": ""IC50"", ""standard_units"": ""nM"", ""standard_upper_value"": null, ""standard_value"": ""10.0"", ""target_chembl_id"": ""CHEMBL1907607"", ""target_organism"": ""Rattus norvegicus"", ""target_pref_name"": ""GABA-A receptor; anion channel"", ""target_tax_id"": ""10116"", ""text_value"": null, ""toid"": null, ""type"": ""IC50"", ""units"": ""nM"", ""uo_units"": ""UO_0000065"", ""upper_value"": null, ""value"": ""10.0""}","{""action_type"": null, ""activity_comment"": null, ""activity_id"": 32088, ""activity_properties"": [], ""assay_chembl_id"": ""CHEMBL650180"", ""assay_description"": ""Inhibition of 0.6 nM [3H]flunitrazepam binding to GABA-A central benzodiazepine receptor of rat forebrain membrane"", ""assay_type"": ""B"", ""assay_variant_accession"": null, ""assay_variant_mutation"": null, ""bao_endpoint"": ""BAO_0000190"", ""bao_format"": ""BAO_0000019"", ""bao_label"": ""assay format"", ""canonical_smiles"": ""COc1cc2nc(C(=O)c3ccccc3)cn2c2ccc(C(C)C)cc12"", ""data_validity_comment"": null, ""data_validity_description"": null, ""document_chembl_id"": ""CHEMBL1124258"", ""document_journal"": ""J Med Chem"", ""document_year"": 1988, ""ligand_efficiency"": {""bei"": ""23.23"", ""le"": ""0.42"", ""lle"": ""3.15"", ""sei"": ""18.35""}, ""molecule_chembl_id"": ""CHEMBL21222"", ""molecule_pref_name"": null, ""parent_molecule_chembl_id"": ""CHEMBL21222"", ""pchembl_value"": ""8.00"", ""potential_duplicate"": 0, ""qudt_units"": ""http://www.openphacts.org/units/Nanomolar"", ""record_id"": 26231, ""relation"": ""="", ""src_id"": 1, ""standard_flag"": 1, ""standard_relation"": ""="", ""standard_text_value"": null, ""standard_type"": ""IC50"", ""standard_units"": ""nM"", ""standard_upper_value"": null, ""standard_value"": ""10.0"", ""target_chembl_id"": ""CHEMBL1907607"", ""target_organism"": ""Rattus norvegicus"", ""target_pref_name"": ""GABA-A receptor; anion channel"", ""target_tax_id"": ""10116"", ""text_value"": null, ""toid"": null, ""type"": ""IC50"", ""units"": ""nM"", ""uo_units"": ""UO_0000065"", ""upper_value"": null, ""value"": ""10.0""}","583dc675-942e-5de8-b3d7-eceabebe7bd7","{}"
"785c5bb7-a083-504b-86c7-abf84f4e761c","chembl_activity","chembl_activity","chembl","bronze","43","32090","32090","e865a8e1ef32cd6d5b41e5322986925a59fba8e4261c64f153b5ab0a987d1e76","e865a8e1ef32cd6d5b41e5322986925a59fba8e4261c64f153b5ab0a987d1e76","e865a8e1ef32cd6d5b41e5322986925a59fba8e4261c64f153b5ab0a987d1e76","included","","","","","","","","","extract","2026-06-30T10:43:54.021713+00:00","{""action_type"": null, ""activity_comment"": null, ""activity_id"": 32090, ""activity_properties"": [], ""assay_chembl_id"": ""CHEMBL650180"", ""assay_description"": ""Inhibition of 0.6 nM [3H]flunitrazepam binding to GABA-A central benzodiazepine receptor of rat forebrain membrane"", ""assay_type"": ""B"", ""assay_variant_accession"": null, ""assay_variant_mutation"": null, ""bao_endpoint"": ""BAO_0000190"", ""bao_format"": ""BAO_0000019"", ""bao_label"": ""assay format"", ""canonical_smiles"": ""CC(C)OC(=O)c1cn2c(n1)sc1ccccc12"", ""data_validity_comment"": null, ""data_validity_description"": null, ""document_chembl_id"": ""CHEMBL1124258"", ""document_journal"": ""J Med Chem"", ""document_year"": 1988, ""ligand_efficiency"": {""bei"": ""26.11"", ""le"": ""0.52"", ""lle"": ""3.69"", ""sei"": ""15.59""}, ""molecule_chembl_id"": ""CHEMBL21087"", ""molecule_pref_name"": null, ""parent_molecule_chembl_id"": ""CHEMBL21087"", ""pchembl_value"": ""6.80"", ""potential_duplicate"": 0, ""qudt_units"": ""http://www.openphacts.org/units/Nanomolar"", ""record_id"": 26241, ""relation"": ""="", ""src_id"": 1, ""standard_flag"": 1, ""standard_relation"": ""="", ""standard_text_value"": null, ""standard_type"": ""IC50"", ""standard_units"": ""nM"", ""standard_upper_value"": null, ""standard_value"": ""160.0"", ""target_chembl_id"": ""CHEMBL1907607"", ""target_organism"": ""Rattus norvegicus"", ""target_pref_name"": ""GABA-A receptor; anion channel"", ""target_tax_id"": ""10116"", ""text_value"": null, ""toid"": null, ""type"": ""IC50"", ""units"": ""nM"", ""uo_units"": ""UO_0000065"", ""upper_value"": null, ""value"": ""160.0""}","{""action_type"": null, ""activity_comment"": null, ""activity_id"": 32090, ""activity_properties"": [], ""assay_chembl_id"": ""CHEMBL650180"", ""assay_description"": ""Inhibition of 0.6 nM [3H]flunitrazepam binding to GABA-A central benzodiazepine receptor of rat forebrain membrane"", ""assay_type"": ""B"", ""assay_variant_accession"": null, ""assay_variant_mutation"": null, ""bao_endpoint"": ""BAO_0000190"", ""bao_format"": ""BAO_0000019"", ""bao_label"": ""assay format"", ""canonical_smiles"": ""CC(C)OC(=O)c1cn2c(n1)sc1ccccc12"", ""data_validity_comment"": null, ""data_validity_description"": null, ""document_chembl_id"": ""CHEMBL1124258"", ""document_journal"": ""J Med Chem"", ""document_year"": 1988, ""ligand_efficiency"": {""bei"": ""26.11"", ""le"": ""0.52"", ""lle"": ""3.69"", ""sei"": ""15.59""}, ""molecule_chembl_id"": ""CHEMBL21087"", ""molecule_pref_name"": null, ""parent_molecule_chembl_id"": ""CHEMBL21087"", ""pchembl_value"": ""6.80"", ""potential_duplicate"": 0, ""qudt_units"": ""http://www.openphacts.org/units/Nanomolar"", ""record_id"": 26241, ""relation"": ""="", ""src_id"": 1, ""standard_flag"": 1, ""standard_relation"": ""="", ""standard_text_value"": null, ""standard_type"": ""IC50"", ""standard_units"": ""nM"", ""standard_upper_value"": null, ""standard_value"": ""160.0"", ""target_chembl_id"": ""CHEMBL1907607"", ""target_organism"": ""Rattus norvegicus"", ""target_pref_name"": ""GABA-A receptor; anion channel"", ""target_tax_id"": ""10116"", ""text_value"": null, ""toid"": null, ""type"": ""IC50"", ""units"": ""nM"", ""uo_units"": ""UO_0000065"", ""upper_value"": null, ""value"": ""160.0""}","583dc675-942e-5de8-b3d7-eceabebe7bd7","{}"
"785c5bb7-a083-504b-86c7-abf84f4e761c","chembl_activity","chembl_activity","chembl","bronze","44","32111","32111","3c57d4448cf5916b7c074e2d95ac2c9626efcc6e3429f7f732bef75645c704c8","3c57d4448cf5916b7c074e2d95ac2c9626efcc6e3429f7f732bef75645c704c8","3c57d4448cf5916b7c074e2d95ac2c9626efcc6e3429f7f732bef75645c704c8","included","","","","","","","","","extract","2026-06-30T10:43:54.021713+00:00","{""action_type"": null, ""activity_comment"": null, ""activity_id"": 32111, ""activity_properties"": [], ""assay_chembl_id"": ""CHEMBL671073"", ""assay_description"": ""Binding affinity to cloned human Dopamine receptor D2 expressed in A9L cells by [3H]spiperone displacement."", ""assay_type"": ""B"", ""assay_variant_accession"": null, ""assay_variant_mutation"": null, ""bao_endpoint"": ""BAO_0000190"", ""bao_format"": ""BAO_0000219"", ""bao_label"": ""cell-based format"", ""canonical_smiles"": ""c1cnc(N2CCN(Cc3cccc4c3Cc3ccccc3-4)CC2)nc1"", ""data_validity_comment"": null, ""data_validity_description"": null, ""document_chembl_id"": ""CHEMBL1130912"", ""document_journal"": ""Bioorg Med Chem Lett"", ""document_year"": 1998, ""ligand_efficiency"": {""bei"": ""14.63"", ""le"": ""0.26"", ""lle"": ""1.64"", ""sei"": ""15.53""}, ""molecule_chembl_id"": ""CHEMBL303519"", ""molecule_pref_name"": null, ""parent_molecule_chembl_id"": ""CHEMBL303519"", ""pchembl_value"": ""5.01"", ""potential_duplicate"": 0, ""qudt_units"": ""http://www.openphacts.org/units/Nanomolar"", ""record_id"": 108659, ""relation"": ""="", ""src_id"": 1, ""standard_flag"": 1, ""standard_relation"": ""="", ""standard_text_value"": null, ""standard_type"": ""IC50"", ""standard_units"": ""nM"", ""standard_upper_value"": null, ""standard_value"": ""9800.0"", ""target_chembl_id"": ""CHEMBL217"", ""target_organism"": ""Homo sapiens"", ""target_pref_name"": ""D(2) dopamine receptor"", ""target_tax_id"": ""9606"", ""text_value"": null, ""toid"": null, ""type"": ""IC50"", ""units"": ""nM"", ""uo_units"": ""UO_0000065"", ""upper_value"": null, ""value"": ""9800.0""}","{""action_type"": null, ""activity_comment"": null, ""activity_id"": 32111, ""activity_properties"": [], ""assay_chembl_id"": ""CHEMBL671073"", ""assay_description"": ""Binding affinity to cloned human Dopamine receptor D2 expressed in A9L cells by [3H]spiperone displacement."", ""assay_type"": ""B"", ""assay_variant_accession"": null, ""assay_variant_mutation"": null, ""bao_endpoint"": ""BAO_0000190"", ""bao_format"": ""BAO_0000219"", ""bao_label"": ""cell-based format"", ""canonical_smiles"": ""c1cnc(N2CCN(Cc3cccc4c3Cc3ccccc3-4)CC2)nc1"", ""data_validity_comment"": null, ""data_validity_description"": null, ""document_chembl_id"": ""CHEMBL1130912"", ""document_journal"": ""Bioorg Med Chem Lett"", ""document_year"": 1998, ""ligand_efficiency"": {""bei"": ""14.63"", ""le"": ""0.26"", ""lle"": ""1.64"", ""sei"": ""15.53""}, ""molecule_chembl_id"": ""CHEMBL303519"", ""molecule_pref_name"": null, ""parent_molecule_chembl_id"": ""CHEMBL303519"", ""pchembl_value"": ""5.01"", ""potential_duplicate"": 0, ""qudt_units"": ""http://www.openphacts.org/units/Nanomolar"", ""record_id"": 108659, ""relation"": ""="", ""src_id"": 1, ""standard_flag"": 1, ""standard_relation"": ""="", ""standard_text_value"": null, ""standard_type"": ""IC50"", ""standard_units"": ""nM"", ""standard_upper_value"": null, ""standard_value"": ""9800.0"", ""target_chembl_id"": ""CHEMBL217"", ""target_organism"": ""Homo sapiens"", ""target_pref_name"": ""D(2) dopamine receptor"", ""target_tax_id"": ""9606"", ""text_value"": null, ""toid"": null, ""type"": ""IC50"", ""units"": ""nM"", ""uo_units"": ""UO_0000065"", ""upper_value"": null, ""value"": ""9800.0""}","583dc675-942e-5de8-b3d7-eceabebe7bd7","{}"
"785c5bb7-a083-504b-86c7-abf84f4e761c","chembl_activity","chembl_activity","chembl","bronze","45","32112","32112","07263e8f05860141b0c237d646d5ad66c21d3e22fd1c05b38687947df22e66de","07263e8f05860141b0c237d646d5ad66c21d3e22fd1c05b38687947df22e66de","07263e8f05860141b0c237d646d5ad66c21d3e22fd1c05b38687947df22e66de","included","","","","","","","","","extract","2026-06-30T10:43:54.021713+00:00","{""action_type"": null, ""activity_comment"": null, ""activity_id"": 32112, ""activity_properties"": [], ""assay_chembl_id"": ""CHEMBL670427"", ""assay_description"": ""Binding affinity to cloned human Dopamine receptor D3 expressed in CHO cells by [3H]spiperone displacement."", ""assay_type"": ""B"", ""assay_variant_accession"": null, ""assay_variant_mutation"": null, ""bao_endpoint"": ""BAO_0000190"", ""bao_format"": ""BAO_0000219"", ""bao_label"": ""cell-based format"", ""canonical_smiles"": ""c1cnc(N2CCN(Cc3cccc4c3Cc3ccccc3-4)CC2)nc1"", ""data_validity_comment"": null, ""data_validity_description"": null, ""document_chembl_id"": ""CHEMBL1130912"", ""document_journal"": ""Bioorg Med Chem Lett"", ""document_year"": 1998, ""ligand_efficiency"": {""bei"": ""15.34"", ""le"": ""0.28"", ""lle"": ""1.88"", ""sei"": ""16.28""}, ""molecule_chembl_id"": ""CHEMBL303519"", ""molecule_pref_name"": null, ""parent_molecule_chembl_id"": ""CHEMBL303519"", ""pchembl_value"": ""5.25"", ""potential_duplicate"": 0, ""qudt_units"": ""http://www.openphacts.org/units/Nanomolar"", ""record_id"": 108659, ""relation"": ""="", ""src_id"": 1, ""standard_flag"": 1, ""standard_relation"": ""="", ""standard_text_value"": null, ""standard_type"": ""IC50"", ""standard_units"": ""nM"", ""standard_upper_value"": null, ""standard_value"": ""5600.0"", ""target_chembl_id"": ""CHEMBL234"", ""target_organism"": ""Homo sapiens"", ""target_pref_name"": ""D(3) dopamine receptor"", ""target_tax_id"": ""9606"", ""text_value"": null, ""toid"": null, ""type"": ""IC50"", ""units"": ""nM"", ""uo_units"": ""UO_0000065"", ""upper_value"": null, ""value"": ""5600.0""}","{""action_type"": null, ""activity_comment"": null, ""activity_id"": 32112, ""activity_properties"": [], ""assay_chembl_id"": ""CHEMBL670427"", ""assay_description"": ""Binding affinity to cloned human Dopamine receptor D3 expressed in CHO cells by [3H]spiperone displacement."", ""assay_type"": ""B"", ""assay_variant_accession"": null, ""assay_variant_mutation"": null, ""bao_endpoint"": ""BAO_0000190"", ""bao_format"": ""BAO_0000219"", ""bao_label"": ""cell-based format"", ""canonical_smiles"": ""c1cnc(N2CCN(Cc3cccc4c3Cc3ccccc3-4)CC2)nc1"", ""data_validity_comment"": null, ""data_validity_description"": null, ""document_chembl_id"": ""CHEMBL1130912"", ""document_journal"": ""Bioorg Med Chem Lett"", ""document_year"": 1998, ""ligand_efficiency"": {""bei"": ""15.34"", ""le"": ""0.28"", ""lle"": ""1.88"", ""sei"": ""16.28""}, ""molecule_chembl_id"": ""CHEMBL303519"", ""molecule_pref_name"": null, ""parent_molecule_chembl_id"": ""CHEMBL303519"", ""pchembl_value"": ""5.25"", ""potential_duplicate"": 0, ""qudt_units"": ""http://www.openphacts.org/units/Nanomolar"", ""record_id"": 108659, ""relation"": ""="", ""src_id"": 1, ""standard_flag"": 1, ""standard_relation"": ""="", ""standard_text_value"": null, ""standard_type"": ""IC50"", ""standard_units"": ""nM"", ""standard_upper_value"": null, ""standard_value"": ""5600.0"", ""target_chembl_id"": ""CHEMBL234"", ""target_organism"": ""Homo sapiens"", ""target_pref_name"": ""D(3) dopamine receptor"", ""target_tax_id"": ""9606"", ""text_value"": null, ""toid"": null, ""type"": ""IC50"", ""units"": ""nM"", ""uo_units"": ""UO_0000065"", ""upper_value"": null, ""value"": ""5600.0""}","583dc675-942e-5de8-b3d7-eceabebe7bd7","{}"
"785c5bb7-a083-504b-86c7-abf84f4e761c","chembl_activity","chembl_activity","chembl","bronze","46","32113","32113","effbf9ac2ba455182d6524be56379b101e3c357c7daf5f1959d02b81aa8fc3c6","effbf9ac2ba455182d6524be56379b101e3c357c7daf5f1959d02b81aa8fc3c6","effbf9ac2ba455182d6524be56379b101e3c357c7daf5f1959d02b81aa8fc3c6","included","","","","","","","","","extract","2026-06-30T10:43:54.021713+00:00","{""action_type"": null, ""activity_comment"": null, ""activity_id"": 32113, ""activity_properties"": [], ""assay_chembl_id"": ""CHEMBL676182"", ""assay_description"": ""Binding affinity to cloned human Dopamine receptor D4 expressed in CHO cells using [3H]spiperone"", ""assay_type"": ""B"", ""assay_variant_accession"": null, ""assay_variant_mutation"": null, ""bao_endpoint"": ""BAO_0000190"", ""bao_format"": ""BAO_0000219"", ""bao_label"": ""cell-based format"", ""canonical_smiles"": ""c1cnc(N2CCN(Cc3cccc4c3Cc3ccccc3-4)CC2)nc1"", ""data_validity_comment"": null, ""data_validity_description"": null, ""document_chembl_id"": ""CHEMBL1130912"", ""document_journal"": ""Bioorg Med Chem Lett"", ""document_year"": 1998, ""ligand_efficiency"": {""bei"": ""22.48"", ""le"": ""0.40"", ""lle"": ""4.33"", ""sei"": ""23.87""}, ""molecule_chembl_id"": ""CHEMBL303519"", ""molecule_pref_name"": null, ""parent_molecule_chembl_id"": ""CHEMBL303519"", ""pchembl_value"": ""7.70"", ""potential_duplicate"": 0, ""qudt_units"": ""http://www.openphacts.org/units/Nanomolar"", ""record_id"": 108659, ""relation"": ""="", ""src_id"": 1, ""standard_flag"": 1, ""standard_relation"": ""="", ""standard_text_value"": null, ""standard_type"": ""IC50"", ""standard_units"": ""nM"", ""standard_upper_value"": null, ""standard_value"": ""20.0"", ""target_chembl_id"": ""CHEMBL219"", ""target_organism"": ""Homo sapiens"", ""target_pref_name"": ""D(4) dopamine receptor"", ""target_tax_id"": ""9606"", ""text_value"": null, ""toid"": null, ""type"": ""IC50"", ""units"": ""nM"", ""uo_units"": ""UO_0000065"", ""upper_value"": null, ""value"": ""20.0""}","{""action_type"": null, ""activity_comment"": null, ""activity_id"": 32113, ""activity_properties"": [], ""assay_chembl_id"": ""CHEMBL676182"", ""assay_description"": ""Binding affinity to cloned human Dopamine receptor D4 expressed in CHO cells using [3H]spiperone"", ""assay_type"": ""B"", ""assay_variant_accession"": null, ""assay_variant_mutation"": null, ""bao_endpoint"": ""BAO_0000190"", ""bao_format"": ""BAO_0000219"", ""bao_label"": ""cell-based format"", ""canonical_smiles"": ""c1cnc(N2CCN(Cc3cccc4c3Cc3ccccc3-4)CC2)nc1"", ""data_validity_comment"": null, ""data_validity_description"": null, ""document_chembl_id"": ""CHEMBL1130912"", ""document_journal"": ""Bioorg Med Chem Lett"", ""document_year"": 1998, ""ligand_efficiency"": {""bei"": ""22.48"", ""le"": ""0.40"", ""lle"": ""4.33"", ""sei"": ""23.87""}, ""molecule_chembl_id"": ""CHEMBL303519"", ""molecule_pref_name"": null, ""parent_molecule_chembl_id"": ""CHEMBL303519"", ""pchembl_value"": ""7.70"", ""potential_duplicate"": 0, ""qudt_units"": ""http://www.openphacts.org/units/Nanomolar"", ""record_id"": 108659, ""relation"": ""="", ""src_id"": 1, ""standard_flag"": 1, ""standard_relation"": ""="", ""standard_text_value"": null, ""standard_type"": ""IC50"", ""standard_units"": ""nM"", ""standard_upper_value"": null, ""standard_value"": ""20.0"", ""target_chembl_id"": ""CHEMBL219"", ""target_organism"": ""Homo sapiens"", ""target_pref_name"": ""D(4) dopamine receptor"", ""target_tax_id"": ""9606"", ""text_value"": null, ""toid"": null, ""type"": ""IC50"", ""units"": ""nM"", ""uo_units"": ""UO_0000065"", ""upper_value"": null, ""value"": ""20.0""}","583dc675-942e-5de8-b3d7-eceabebe7bd7","{}"
"785c5bb7-a083-504b-86c7-abf84f4e761c","chembl_activity","chembl_activity","chembl","bronze","47","32117","32117","aac9e30e43a9152bff5a671d1f302f4593b9a030f3db5181d6c7a16644d4fd8c","aac9e30e43a9152bff5a671d1f302f4593b9a030f3db5181d6c7a16644d4fd8c","aac9e30e43a9152bff5a671d1f302f4593b9a030f3db5181d6c7a16644d4fd8c","included","","","","","","","","","extract","2026-06-30T10:43:54.021713+00:00","{""action_type"": null, ""activity_comment"": null, ""activity_id"": 32117, ""activity_properties"": [], ""assay_chembl_id"": ""CHEMBL642849"", ""assay_description"": ""Liver Acyl coenzyme A:cholesterol acyltransferase inhibitory activity was determined in vitro using [1-14C]oleolyl-CoA and microsomes isolated from the livers of cholesterol fed rats"", ""assay_type"": ""B"", ""assay_variant_accession"": null, ""assay_variant_mutation"": null, ""bao_endpoint"": ""BAO_0000190"", ""bao_format"": ""BAO_0000251"", ""bao_label"": ""microsome format"", ""canonical_smiles"": ""COc1cc(OC)c(NC(=O)N(c2ccccc2)c2nnn(CCCCCCCCOC3CCCCO3)n2)c(OC)c1"", ""data_validity_comment"": null, ""data_validity_description"": null, ""document_chembl_id"": ""CHEMBL1151014"", ""document_journal"": ""Bioorg Med Chem Lett"", ""document_year"": 1996, ""ligand_efficiency"": {""bei"": ""12.68"", ""le"": ""0.24"", ""lle"": ""1.44"", ""sei"": ""6.05""}, ""molecule_chembl_id"": ""CHEMBL48946"", ""molecule_pref_name"": null, ""parent_molecule_chembl_id"": ""CHEMBL48946"", ""pchembl_value"": ""7.39"", ""potential_duplicate"": 0, ""qudt_units"": ""http://www.openphacts.org/units/Nanomolar"", ""record_id"": 82374, ""relation"": ""="", ""src_id"": 1, ""standard_flag"": 1, ""standard_relation"": ""="", ""standard_text_value"": null, ""standard_type"": ""IC50"", ""standard_units"": ""nM"", ""standard_upper_value"": null, ""standard_value"": ""41.0"", ""target_chembl_id"": ""CHEMBL285"", ""target_organism"": ""Rattus norvegicus"", ""target_pref_name"": ""Sterol O-acyltransferase 1"", ""target_tax_id"": ""10116"", ""text_value"": null, ""toid"": null, ""type"": ""IC50"", ""units"": ""uM"", ""uo_units"": ""UO_0000065"", ""upper_value"": null, ""value"": ""0.041""}","{""action_type"": null, ""activity_comment"": null, ""activity_id"": 32117, ""activity_properties"": [], ""assay_chembl_id"": ""CHEMBL642849"", ""assay_description"": ""Liver Acyl coenzyme A:cholesterol acyltransferase inhibitory activity was determined in vitro using [1-14C]oleolyl-CoA and microsomes isolated from the livers of cholesterol fed rats"", ""assay_type"": ""B"", ""assay_variant_accession"": null, ""assay_variant_mutation"": null, ""bao_endpoint"": ""BAO_0000190"", ""bao_format"": ""BAO_0000251"", ""bao_label"": ""microsome format"", ""canonical_smiles"": ""COc1cc(OC)c(NC(=O)N(c2ccccc2)c2nnn(CCCCCCCCOC3CCCCO3)n2)c(OC)c1"", ""data_validity_comment"": null, ""data_validity_description"": null, ""document_chembl_id"": ""CHEMBL1151014"", ""document_journal"": ""Bioorg Med Chem Lett"", ""document_year"": 1996, ""ligand_efficiency"": {""bei"": ""12.68"", ""le"": ""0.24"", ""lle"": ""1.44"", ""sei"": ""6.05""}, ""molecule_chembl_id"": ""CHEMBL48946"", ""molecule_pref_name"": null, ""parent_molecule_chembl_id"": ""CHEMBL48946"", ""pchembl_value"": ""7.39"", ""potential_duplicate"": 0, ""qudt_units"": ""http://www.openphacts.org/units/Nanomolar"", ""record_id"": 82374, ""relation"": ""="", ""src_id"": 1, ""standard_flag"": 1, ""standard_relation"": ""="", ""standard_text_value"": null, ""standard_type"": ""IC50"", ""standard_units"": ""nM"", ""standard_upper_value"": null, ""standard_value"": ""41.0"", ""target_chembl_id"": ""CHEMBL285"", ""target_organism"": ""Rattus norvegicus"", ""target_pref_name"": ""Sterol O-acyltransferase 1"", ""target_tax_id"": ""10116"", ""text_value"": null, ""toid"": null, ""type"": ""IC50"", ""units"": ""uM"", ""uo_units"": ""UO_0000065"", ""upper_value"": null, ""value"": ""0.041""}","583dc675-942e-5de8-b3d7-eceabebe7bd7","{}"
"785c5bb7-a083-504b-86c7-abf84f4e761c","chembl_activity","chembl_activity","chembl","bronze","48","32120","32120","2e6b851c4f8050b4ecc30ce4595e34158ce1c6035ff8e9f51dfdf277f39ea8c4","2e6b851c4f8050b4ecc30ce4595e34158ce1c6035ff8e9f51dfdf277f39ea8c4","2e6b851c4f8050b4ecc30ce4595e34158ce1c6035ff8e9f51dfdf277f39ea8c4","included","","","","","","","","","extract","2026-06-30T10:43:54.021713+00:00","{""action_type"": null, ""activity_comment"": null, ""activity_id"": 32120, ""activity_properties"": [], ""assay_chembl_id"": ""CHEMBL675440"", ""assay_description"": ""In vitro inhibition against recombinant human Endothelin converting enzyme 1 activity"", ""assay_type"": ""B"", ""assay_variant_accession"": null, ""assay_variant_mutation"": null, ""bao_endpoint"": ""BAO_0000190"", ""bao_format"": ""BAO_0000357"", ""bao_label"": ""single protein format"", ""canonical_smiles"": ""O=P(O)(O)C(Cc1ccc2ccccc2c1)N[C@@H](Cc1ccc(-c2ccccc2)cc1)c1nnn[nH]1"", ""data_validity_comment"": null, ""data_validity_description"": null, ""document_chembl_id"": ""CHEMBL1129909"", ""document_journal"": ""Bioorg Med Chem Lett"", ""document_year"": 1997, ""ligand_efficiency"": {""bei"": ""14.71"", ""le"": ""0.28"", ""lle"": ""2.71"", ""sei"": ""5.92""}, ""molecule_chembl_id"": ""CHEMBL415967"", ""molecule_pref_name"": ""CGS-314447"", ""parent_molecule_chembl_id"": ""CHEMBL415967"", ""pchembl_value"": ""7.35"", ""potential_duplicate"": 0, ""qudt_units"": ""http://www.openphacts.org/units/Nanomolar"", ""record_id"": 7029, ""relation"": ""="", ""src_id"": 1, ""standard_flag"": 1, ""standard_relation"": ""="", ""standard_text_value"": null, ""standard_type"": ""IC50"", ""standard_units"": ""nM"", ""standard_upper_value"": null, ""standard_value"": ""45.0"", ""target_chembl_id"": ""CHEMBL4791"", ""target_organism"": ""Homo sapiens"", ""target_pref_name"": ""Endothelin-converting enzyme 1"", ""target_tax_id"": ""9606"", ""text_value"": null, ""toid"": null, ""type"": ""IC50"", ""units"": ""nM"", ""uo_units"": ""UO_0000065"", ""upper_value"": null, ""value"": ""45.0""}","{""action_type"": null, ""activity_comment"": null, ""activity_id"": 32120, ""activity_properties"": [], ""assay_chembl_id"": ""CHEMBL675440"", ""assay_description"": ""In vitro inhibition against recombinant human Endothelin converting enzyme 1 activity"", ""assay_type"": ""B"", ""assay_variant_accession"": null, ""assay_variant_mutation"": null, ""bao_endpoint"": ""BAO_0000190"", ""bao_format"": ""BAO_0000357"", ""bao_label"": ""single protein format"", ""canonical_smiles"": ""O=P(O)(O)C(Cc1ccc2ccccc2c1)N[C@@H](Cc1ccc(-c2ccccc2)cc1)c1nnn[nH]1"", ""data_validity_comment"": null, ""data_validity_description"": null, ""document_chembl_id"": ""CHEMBL1129909"", ""document_journal"": ""Bioorg Med Chem Lett"", ""document_year"": 1997, ""ligand_efficiency"": {""bei"": ""14.71"", ""le"": ""0.28"", ""lle"": ""2.71"", ""sei"": ""5.92""}, ""molecule_chembl_id"": ""CHEMBL415967"", ""molecule_pref_name"": ""CGS-314447"", ""parent_molecule_chembl_id"": ""CHEMBL415967"", ""pchembl_value"": ""7.35"", ""potential_duplicate"": 0, ""qudt_units"": ""http://www.openphacts.org/units/Nanomolar"", ""record_id"": 7029, ""relation"": ""="", ""src_id"": 1, ""standard_flag"": 1, ""standard_relation"": ""="", ""standard_text_value"": null, ""standard_type"": ""IC50"", ""standard_units"": ""nM"", ""standard_upper_value"": null, ""standard_value"": ""45.0"", ""target_chembl_id"": ""CHEMBL4791"", ""target_organism"": ""Homo sapiens"", ""target_pref_name"": ""Endothelin-converting enzyme 1"", ""target_tax_id"": ""9606"", ""text_value"": null, ""toid"": null, ""type"": ""IC50"", ""units"": ""nM"", ""uo_units"": ""UO_0000065"", ""upper_value"": null, ""value"": ""45.0""}","583dc675-942e-5de8-b3d7-eceabebe7bd7","{}"
"785c5bb7-a083-504b-86c7-abf84f4e761c","chembl_activity","chembl_activity","chembl","bronze","49","32121","32121","b2c5386cb4f29ed92a60b6676e114a13ffc911d3493401b5ff1f70e5e130fe63","b2c5386cb4f29ed92a60b6676e114a13ffc911d3493401b5ff1f70e5e130fe63","b2c5386cb4f29ed92a60b6676e114a13ffc911d3493401b5ff1f70e5e130fe63","included","","","","","","","","","extract","2026-06-30T10:43:54.021713+00:00","{""action_type"": null, ""activity_comment"": null, ""activity_id"": 32121, ""activity_properties"": [], ""assay_chembl_id"": ""CHEMBL754363"", ""assay_description"": ""Inhibition of neutral endopeptidase 24.11(NEP)"", ""assay_type"": ""B"", ""assay_variant_accession"": null, ""assay_variant_mutation"": null, ""bao_endpoint"": ""BAO_0000190"", ""bao_format"": ""BAO_0000357"", ""bao_label"": ""single protein format"", ""canonical_smiles"": ""O=P(O)(O)C(Cc1ccc2ccccc2c1)N[C@@H](Cc1ccc(-c2ccccc2)cc1)c1nnn[nH]1"", ""data_validity_comment"": null, ""data_validity_description"": null, ""document_chembl_id"": ""CHEMBL1129909"", ""document_journal"": ""Bioorg Med Chem Lett"", ""document_year"": 1997, ""ligand_efficiency"": {""bei"": ""16.34"", ""le"": ""0.31"", ""lle"": ""3.52"", ""sei"": ""6.58""}, ""molecule_chembl_id"": ""CHEMBL415967"", ""molecule_pref_name"": ""CGS-314447"", ""parent_molecule_chembl_id"": ""CHEMBL415967"", ""pchembl_value"": ""8.16"", ""potential_duplicate"": 0, ""qudt_units"": ""http://www.openphacts.org/units/Nanomolar"", ""record_id"": 7029, ""relation"": ""="", ""src_id"": 1, ""standard_flag"": 1, ""standard_relation"": ""="", ""standard_text_value"": null, ""standard_type"": ""IC50"", ""standard_units"": ""nM"", ""standard_upper_value"": null, ""standard_value"": ""6.9"", ""target_chembl_id"": ""CHEMBL1944"", ""target_organism"": ""Homo sapiens"", ""target_pref_name"": ""Neprilysin"", ""target_tax_id"": ""9606"", ""text_value"": null, ""toid"": null, ""type"": ""IC50"", ""units"": ""nM"", ""uo_units"": ""UO_0000065"", ""upper_value"": null, ""value"": ""6.9""}","{""action_type"": null, ""activity_comment"": null, ""activity_id"": 32121, ""activity_properties"": [], ""assay_chembl_id"": ""CHEMBL754363"", ""assay_description"": ""Inhibition of neutral endopeptidase 24.11(NEP)"", ""assay_type"": ""B"", ""assay_variant_accession"": null, ""assay_variant_mutation"": null, ""bao_endpoint"": ""BAO_0000190"", ""bao_format"": ""BAO_0000357"", ""bao_label"": ""single protein format"", ""canonical_smiles"": ""O=P(O)(O)C(Cc1ccc2ccccc2c1)N[C@@H](Cc1ccc(-c2ccccc2)cc1)c1nnn[nH]1"", ""data_validity_comment"": null, ""data_validity_description"": null, ""document_chembl_id"": ""CHEMBL1129909"", ""document_journal"": ""Bioorg Med Chem Lett"", ""document_year"": 1997, ""ligand_efficiency"": {""bei"": ""16.34"", ""le"": ""0.31"", ""lle"": ""3.52"", ""sei"": ""6.58""}, ""molecule_chembl_id"": ""CHEMBL415967"", ""molecule_pref_name"": ""CGS-314447"", ""parent_molecule_chembl_id"": ""CHEMBL415967"", ""pchembl_value"": ""8.16"", ""potential_duplicate"": 0, ""qudt_units"": ""http://www.openphacts.org/units/Nanomolar"", ""record_id"": 7029, ""relation"": ""="", ""src_id"": 1, ""standard_flag"": 1, ""standard_relation"": ""="", ""standard_text_value"": null, ""standard_type"": ""IC50"", ""standard_units"": ""nM"", ""standard_upper_value"": null, ""standard_value"": ""6.9"", ""target_chembl_id"": ""CHEMBL1944"", ""target_organism"": ""Homo sapiens"", ""target_pref_name"": ""Neprilysin"", ""target_tax_id"": ""9606"", ""text_value"": null, ""toid"": null, ""type"": ""IC50"", ""units"": ""nM"", ""uo_units"": ""UO_0000065"", ""upper_value"": null, ""value"": ""6.9""}","583dc675-942e-5de8-b3d7-eceabebe7bd7","{}"
"785c5bb7-a083-504b-86c7-abf84f4e761c","chembl_activity","chembl_activity","chembl","bronze","50","32123","32123","cbbcb088152b5d817eaf082a1cce0c64f1c49efa6707a9d8d41cba4ba9df50ab","cbbcb088152b5d817eaf082a1cce0c64f1c49efa6707a9d8d41cba4ba9df50ab","cbbcb088152b5d817eaf082a1cce0c64f1c49efa6707a9d8d41cba4ba9df50ab","included","","","","","","","","","extract","2026-06-30T10:43:54.021713+00:00","{""action_type"": null, ""activity_comment"": null, ""activity_id"": 32123, ""activity_properties"": [], ""assay_chembl_id"": ""CHEMBL641889"", ""assay_description"": ""Inhibition of Acyl coenzyme A:cholesterol acyltransferase (ACAT) in J774 Macrophage cell culture"", ""assay_type"": ""B"", ""assay_variant_accession"": null, ""assay_variant_mutation"": null, ""bao_endpoint"": ""BAO_0000190"", ""bao_format"": ""BAO_0000219"", ""bao_label"": ""cell-based format"", ""canonical_smiles"": ""COc1ccc(-c2nc(SCCCCCN(CCCn3ccnc3)C(=O)NC(C)C)[nH]c2-c2ccc(OC)cc2)cc1"", ""data_validity_comment"": null, ""data_validity_description"": null, ""document_chembl_id"": ""CHEMBL1128039"", ""document_journal"": ""Bioorg Med Chem Lett"", ""document_year"": 1995, ""ligand_efficiency"": {""bei"": ""8.90"", ""le"": ""0.17"", ""lle"": ""-1.47"", ""sei"": ""5.41""}, ""molecule_chembl_id"": ""CHEMBL50381"", ""molecule_pref_name"": null, ""parent_molecule_chembl_id"": ""CHEMBL50381"", ""pchembl_value"": ""5.26"", ""potential_duplicate"": 0, ""qudt_units"": ""http://www.openphacts.org/units/Nanomolar"", ""record_id"": 82704, ""relation"": ""="", ""src_id"": 1, ""standard_flag"": 1, ""standard_relation"": ""="", ""standard_text_value"": null, ""standard_type"": ""IC50"", ""standard_units"": ""nM"", ""standard_upper_value"": null, ""standard_value"": ""5500.0"", ""target_chembl_id"": ""CHEMBL4464"", ""target_organism"": ""Mus musculus"", ""target_pref_name"": ""Sterol O-acyltransferase 1"", ""target_tax_id"": ""10090"", ""text_value"": null, ""toid"": null, ""type"": ""IC50"", ""units"": ""uM"", ""uo_units"": ""UO_0000065"", ""upper_value"": null, ""value"": ""5.5""}","{""action_type"": null, ""activity_comment"": null, ""activity_id"": 32123, ""activity_properties"": [], ""assay_chembl_id"": ""CHEMBL641889"", ""assay_description"": ""Inhibition of Acyl coenzyme A:cholesterol acyltransferase (ACAT) in J774 Macrophage cell culture"", ""assay_type"": ""B"", ""assay_variant_accession"": null, ""assay_variant_mutation"": null, ""bao_endpoint"": ""BAO_0000190"", ""bao_format"": ""BAO_0000219"", ""bao_label"": ""cell-based format"", ""canonical_smiles"": ""COc1ccc(-c2nc(SCCCCCN(CCCn3ccnc3)C(=O)NC(C)C)[nH]c2-c2ccc(OC)cc2)cc1"", ""data_validity_comment"": null, ""data_validity_description"": null, ""document_chembl_id"": ""CHEMBL1128039"", ""document_journal"": ""Bioorg Med Chem Lett"", ""document_year"": 1995, ""ligand_efficiency"": {""bei"": ""8.90"", ""le"": ""0.17"", ""lle"": ""-1.47"", ""sei"": ""5.41""}, ""molecule_chembl_id"": ""CHEMBL50381"", ""molecule_pref_name"": null, ""parent_molecule_chembl_id"": ""CHEMBL50381"", ""pchembl_value"": ""5.26"", ""potential_duplicate"": 0, ""qudt_units"": ""http://www.openphacts.org/units/Nanomolar"", ""record_id"": 82704, ""relation"": ""="", ""src_id"": 1, ""standard_flag"": 1, ""standard_relation"": ""="", ""standard_text_value"": null, ""standard_type"": ""IC50"", ""standard_units"": ""nM"", ""standard_upper_value"": null, ""standard_value"": ""5500.0"", ""target_chembl_id"": ""CHEMBL4464"", ""target_organism"": ""Mus musculus"", ""target_pref_name"": ""Sterol O-acyltransferase 1"", ""target_tax_id"": ""10090"", ""text_value"": null, ""toid"": null, ""type"": ""IC50"", ""units"": ""uM"", ""uo_units"": ""UO_0000065"", ""upper_value"": null, ""value"": ""5.5""}","583dc675-942e-5de8-b3d7-eceabebe7bd7","{}"
"785c5bb7-a083-504b-86c7-abf84f4e761c","chembl_activity","chembl_activity","chembl","bronze","51","32124","32124","06cd563356d42aea736325d18ee5f4ec571930e8929573637cc6e5e43d6e37dd","06cd563356d42aea736325d18ee5f4ec571930e8929573637cc6e5e43d6e37dd","06cd563356d42aea736325d18ee5f4ec571930e8929573637cc6e5e43d6e37dd","included","","","","","","","","","extract","2026-06-30T10:43:54.021713+00:00","{""action_type"": null, ""activity_comment"": null, ""activity_id"": 32124, ""activity_properties"": [], ""assay_chembl_id"": ""CHEMBL638624"", ""assay_description"": ""In vitro inhibition of Acyl coenzyme A:cholesterol acyltransferase (ACAT) in rat hepatic microsomes"", ""assay_type"": ""B"", ""assay_variant_accession"": null, ""assay_variant_mutation"": null, ""bao_endpoint"": ""BAO_0000190"", ""bao_format"": ""BAO_0000251"", ""bao_label"": ""microsome format"", ""canonical_smiles"": ""CN(C)c1ccc(-c2nc(SCCCCCN(CCCCCSc3nc(-c4ccccc4)c(-c4ccccc4)[nH]3)C(=O)Nc3ccc(F)cc3F)[nH]c2-c2ccc(N(C)C)cc2)cc1"", ""data_validity_comment"": null, ""data_validity_description"": null, ""document_chembl_id"": ""CHEMBL1128039"", ""document_journal"": ""Bioorg Med Chem Lett"", ""document_year"": 1995, ""ligand_efficiency"": {""bei"": ""9.48"", ""le"": ""0.18"", ""lle"": ""-4.45"", ""sei"": ""8.86""}, ""molecule_chembl_id"": ""CHEMBL431940"", ""molecule_pref_name"": null, ""parent_molecule_chembl_id"": ""CHEMBL431940"", ""pchembl_value"": ""8.52"", ""potential_duplicate"": 0, ""qudt_units"": ""http://www.openphacts.org/units/Nanomolar"", ""record_id"": 82690, ""relation"": ""="", ""src_id"": 1, ""standard_flag"": 1, ""standard_relation"": ""="", ""standard_text_value"": null, ""standard_type"": ""IC50"", ""standard_units"": ""nM"", ""standard_upper_value"": null, ""standard_value"": ""3.0"", ""target_chembl_id"": ""CHEMBL285"", ""target_organism"": ""Rattus norvegicus"", ""target_pref_name"": ""Sterol O-acyltransferase 1"", ""target_tax_id"": ""10116"", ""text_value"": null, ""toid"": null, ""type"": ""IC50"", ""units"": ""uM"", ""uo_units"": ""UO_0000065"", ""upper_value"": null, ""value"": ""0.003""}","{""action_type"": null, ""activity_comment"": null, ""activity_id"": 32124, ""activity_properties"": [], ""assay_chembl_id"": ""CHEMBL638624"", ""assay_description"": ""In vitro inhibition of Acyl coenzyme A:cholesterol acyltransferase (ACAT) in rat hepatic microsomes"", ""assay_type"": ""B"", ""assay_variant_accession"": null, ""assay_variant_mutation"": null, ""bao_endpoint"": ""BAO_0000190"", ""bao_format"": ""BAO_0000251"", ""bao_label"": ""microsome format"", ""canonical_smiles"": ""CN(C)c1ccc(-c2nc(SCCCCCN(CCCCCSc3nc(-c4ccccc4)c(-c4ccccc4)[nH]3)C(=O)Nc3ccc(F)cc3F)[nH]c2-c2ccc(N(C)C)cc2)cc1"", ""data_validity_comment"": null, ""data_validity_description"": null, ""document_chembl_id"": ""CHEMBL1128039"", ""document_journal"": ""Bioorg Med Chem Lett"", ""document_year"": 1995, ""ligand_efficiency"": {""bei"": ""9.48"", ""le"": ""0.18"", ""lle"": ""-4.45"", ""sei"": ""8.86""}, ""molecule_chembl_id"": ""CHEMBL431940"", ""molecule_pref_name"": null, ""parent_molecule_chembl_id"": ""CHEMBL431940"", ""pchembl_value"": ""8.52"", ""potential_duplicate"": 0, ""qudt_units"": ""http://www.openphacts.org/units/Nanomolar"", ""record_id"": 82690, ""relation"": ""="", ""src_id"": 1, ""standard_flag"": 1, ""standard_relation"": ""="", ""standard_text_value"": null, ""standard_type"": ""IC50"", ""standard_units"": ""nM"", ""standard_upper_value"": null, ""standard_value"": ""3.0"", ""target_chembl_id"": ""CHEMBL285"", ""target_organism"": ""Rattus norvegicus"", ""target_pref_name"": ""Sterol O-acyltransferase 1"", ""target_tax_id"": ""10116"", ""text_value"": null, ""toid"": null, ""type"": ""IC50"", ""units"": ""uM"", ""uo_units"": ""UO_0000065"", ""upper_value"": null, ""value"": ""0.003""}","583dc675-942e-5de8-b3d7-eceabebe7bd7","{}"
"785c5bb7-a083-504b-86c7-abf84f4e761c","chembl_activity","chembl_activity","chembl","bronze","52","32125","32125","4f5c53d9861bc5e07829a2a040b3c3c56671f266bfc6ab25f73efc542cc77f56","4f5c53d9861bc5e07829a2a040b3c3c56671f266bfc6ab25f73efc542cc77f56","4f5c53d9861bc5e07829a2a040b3c3c56671f266bfc6ab25f73efc542cc77f56","included","","","","","","","","","extract","2026-06-30T10:43:54.021713+00:00","{""action_type"": null, ""activity_comment"": null, ""activity_id"": 32125, ""activity_properties"": [], ""assay_chembl_id"": ""CHEMBL641889"", ""assay_description"": ""Inhibition of Acyl coenzyme A:cholesterol acyltransferase (ACAT) in J774 Macrophage cell culture"", ""assay_type"": ""B"", ""assay_variant_accession"": null, ""assay_variant_mutation"": null, ""bao_endpoint"": ""BAO_0000190"", ""bao_format"": ""BAO_0000219"", ""bao_label"": ""cell-based format"", ""canonical_smiles"": ""CN(C)c1ccc(-c2nc(SCCCCCN(CCCCCSc3nc(-c4ccccc4)c(-c4ccccc4)[nH]3)C(=O)Nc3ccc(F)cc3F)[nH]c2-c2ccc(N(C)C)cc2)cc1"", ""data_validity_comment"": null, ""data_validity_description"": null, ""document_chembl_id"": ""CHEMBL1128039"", ""document_journal"": ""Bioorg Med Chem Lett"", ""document_year"": 1995, ""ligand_efficiency"": {""bei"": ""7.06"", ""le"": ""0.14"", ""lle"": ""-6.62"", ""sei"": ""6.60""}, ""molecule_chembl_id"": ""CHEMBL431940"", ""molecule_pref_name"": null, ""parent_molecule_chembl_id"": ""CHEMBL431940"", ""pchembl_value"": ""6.35"", ""potential_duplicate"": 0, ""qudt_units"": ""http://www.openphacts.org/units/Nanomolar"", ""record_id"": 82690, ""relation"": ""="", ""src_id"": 1, ""standard_flag"": 1, ""standard_relation"": ""="", ""standard_text_value"": null, ""standard_type"": ""IC50"", ""standard_units"": ""nM"", ""standard_upper_value"": null, ""standard_value"": ""450.0"", ""target_chembl_id"": ""CHEMBL4464"", ""target_organism"": ""Mus musculus"", ""target_pref_name"": ""Sterol O-acyltransferase 1"", ""target_tax_id"": ""10090"", ""text_value"": null, ""toid"": null, ""type"": ""IC50"", ""units"": ""uM"", ""uo_units"": ""UO_0000065"", ""upper_value"": null, ""value"": ""0.45""}","{""action_type"": null, ""activity_comment"": null, ""activity_id"": 32125, ""activity_properties"": [], ""assay_chembl_id"": ""CHEMBL641889"", ""assay_description"": ""Inhibition of Acyl coenzyme A:cholesterol acyltransferase (ACAT) in J774 Macrophage cell culture"", ""assay_type"": ""B"", ""assay_variant_accession"": null, ""assay_variant_mutation"": null, ""bao_endpoint"": ""BAO_0000190"", ""bao_format"": ""BAO_0000219"", ""bao_label"": ""cell-based format"", ""canonical_smiles"": ""CN(C)c1ccc(-c2nc(SCCCCCN(CCCCCSc3nc(-c4ccccc4)c(-c4ccccc4)[nH]3)C(=O)Nc3ccc(F)cc3F)[nH]c2-c2ccc(N(C)C)cc2)cc1"", ""data_validity_comment"": null, ""data_validity_description"": null, ""document_chembl_id"": ""CHEMBL1128039"", ""document_journal"": ""Bioorg Med Chem Lett"", ""document_year"": 1995, ""ligand_efficiency"": {""bei"": ""7.06"", ""le"": ""0.14"", ""lle"": ""-6.62"", ""sei"": ""6.60""}, ""molecule_chembl_id"": ""CHEMBL431940"", ""molecule_pref_name"": null, ""parent_molecule_chembl_id"": ""CHEMBL431940"", ""pchembl_value"": ""6.35"", ""potential_duplicate"": 0, ""qudt_units"": ""http://www.openphacts.org/units/Nanomolar"", ""record_id"": 82690, ""relation"": ""="", ""src_id"": 1, ""standard_flag"": 1, ""standard_relation"": ""="", ""standard_text_value"": null, ""standard_type"": ""IC50"", ""standard_units"": ""nM"", ""standard_upper_value"": null, ""standard_value"": ""450.0"", ""target_chembl_id"": ""CHEMBL4464"", ""target_organism"": ""Mus musculus"", ""target_pref_name"": ""Sterol O-acyltransferase 1"", ""target_tax_id"": ""10090"", ""text_value"": null, ""toid"": null, ""type"": ""IC50"", ""units"": ""uM"", ""uo_units"": ""UO_0000065"", ""upper_value"": null, ""value"": ""0.45""}","583dc675-942e-5de8-b3d7-eceabebe7bd7","{}"
"785c5bb7-a083-504b-86c7-abf84f4e761c","chembl_activity","chembl_activity","chembl","bronze","53","32127","32127","9e452df74882177d05d4c272fd641d9a09a6830fdbf1d2818a4a2de58f5d5061","9e452df74882177d05d4c272fd641d9a09a6830fdbf1d2818a4a2de58f5d5061","9e452df74882177d05d4c272fd641d9a09a6830fdbf1d2818a4a2de58f5d5061","included","","","","","","","","","extract","2026-06-30T10:43:54.021713+00:00","{""action_type"": null, ""activity_comment"": null, ""activity_id"": 32127, ""activity_properties"": [], ""assay_chembl_id"": ""CHEMBL678159"", ""assay_description"": ""Compound was tested in vitro for its ability to compete with immobilized FK506 for binding to biotinylated FK506 binding protein 12 in a competitive binding assay"", ""assay_type"": ""B"", ""assay_variant_accession"": null, ""assay_variant_mutation"": null, ""bao_endpoint"": ""BAO_0000190"", ""bao_format"": ""BAO_0000357"", ""bao_label"": ""single protein format"", ""canonical_smiles"": ""COC(=O)CC[C@H](CCO)C[C@@H](C)[C@@H]1CC(=O)[C@H](C)/C=C(\\C)[C@@H](O)[C@@H](OC)C(=O)[C@H](C)C[C@H](C)/C=C/C=C/C=C(\\C)[C@@H](OC)C[C@@H]2CC[C@@H](C)[C@@](O)(O2)C(=O)C(=O)N2CCCC[C@H]2C(=O)O1"", ""data_validity_comment"": null, ""data_validity_description"": null, ""document_chembl_id"": ""CHEMBL1131933"", ""document_journal"": ""Bioorg Med Chem Lett"", ""document_year"": 1999, ""ligand_efficiency"": {""bei"": ""9.10"", ""le"": ""0.18"", ""lle"": ""2.51"", ""sei"": ""3.99""}, ""molecule_chembl_id"": ""CHEMBL140442"", ""molecule_pref_name"": null, ""parent_molecule_chembl_id"": ""CHEMBL140442"", ""pchembl_value"": ""8.47"", ""potential_duplicate"": 0, ""qudt_units"": ""http://www.openphacts.org/units/Nanomolar"", ""record_id"": 274303, ""relation"": ""="", ""src_id"": 1, ""standard_flag"": 1, ""standard_relation"": ""="", ""standard_text_value"": null, ""standard_type"": ""IC50"", ""standard_units"": ""nM"", ""standard_upper_value"": null, ""standard_value"": ""3.4"", ""target_chembl_id"": ""CHEMBL1902"", ""target_organism"": ""Homo sapiens"", ""target_pref_name"": ""Peptidyl-prolyl cis-trans isomerase FKBP1A"", ""target_tax_id"": ""9606"", ""text_value"": null, ""toid"": null, ""type"": ""IC50"", ""units"": ""nM"", ""uo_units"": ""UO_0000065"", ""upper_value"": null, ""value"": ""3.4""}","{""action_type"": null, ""activity_comment"": null, ""activity_id"": 32127, ""activity_properties"": [], ""assay_chembl_id"": ""CHEMBL678159"", ""assay_description"": ""Compound was tested in vitro for its ability to compete with immobilized FK506 for binding to biotinylated FK506 binding protein 12 in a competitive binding assay"", ""assay_type"": ""B"", ""assay_variant_accession"": null, ""assay_variant_mutation"": null, ""bao_endpoint"": ""BAO_0000190"", ""bao_format"": ""BAO_0000357"", ""bao_label"": ""single protein format"", ""canonical_smiles"": ""COC(=O)CC[C@H](CCO)C[C@@H](C)[C@@H]1CC(=O)[C@H](C)/C=C(\\C)[C@@H](O)[C@@H](OC)C(=O)[C@H](C)C[C@H](C)/C=C/C=C/C=C(\\C)[C@@H](OC)C[C@@H]2CC[C@@H](C)[C@@](O)(O2)C(=O)C(=O)N2CCCC[C@H]2C(=O)O1"", ""data_validity_comment"": null, ""data_validity_description"": null, ""document_chembl_id"": ""CHEMBL1131933"", ""document_journal"": ""Bioorg Med Chem Lett"", ""document_year"": 1999, ""ligand_efficiency"": {""bei"": ""9.10"", ""le"": ""0.18"", ""lle"": ""2.51"", ""sei"": ""3.99""}, ""molecule_chembl_id"": ""CHEMBL140442"", ""molecule_pref_name"": null, ""parent_molecule_chembl_id"": ""CHEMBL140442"", ""pchembl_value"": ""8.47"", ""potential_duplicate"": 0, ""qudt_units"": ""http://www.openphacts.org/units/Nanomolar"", ""record_id"": 274303, ""relation"": ""="", ""src_id"": 1, ""standard_flag"": 1, ""standard_relation"": ""="", ""standard_text_value"": null, ""standard_type"": ""IC50"", ""standard_units"": ""nM"", ""standard_upper_value"": null, ""standard_value"": ""3.4"", ""target_chembl_id"": ""CHEMBL1902"", ""target_organism"": ""Homo sapiens"", ""target_pref_name"": ""Peptidyl-prolyl cis-trans isomerase FKBP1A"", ""target_tax_id"": ""9606"", ""text_value"": null, ""toid"": null, ""type"": ""IC50"", ""units"": ""nM"", ""uo_units"": ""UO_0000065"", ""upper_value"": null, ""value"": ""3.4""}","583dc675-942e-5de8-b3d7-eceabebe7bd7","{}"
"785c5bb7-a083-504b-86c7-abf84f4e761c","chembl_activity","chembl_activity","chembl","bronze","54","32130","32130","3fe1a26e638edf4db1b26f4ff21db53225e2d16a7f6a43c317dfed289372e960","3fe1a26e638edf4db1b26f4ff21db53225e2d16a7f6a43c317dfed289372e960","3fe1a26e638edf4db1b26f4ff21db53225e2d16a7f6a43c317dfed289372e960","included","","","","","","","","","extract","2026-06-30T10:43:54.021713+00:00","{""action_type"": null, ""activity_comment"": null, ""activity_id"": 32130, ""activity_properties"": [], ""assay_chembl_id"": ""CHEMBL681849"", ""assay_description"": ""In vitro inhibition of human Factor Xa."", ""assay_type"": ""B"", ""assay_variant_accession"": null, ""assay_variant_mutation"": null, ""bao_endpoint"": ""BAO_0000190"", ""bao_format"": ""BAO_0000357"", ""bao_label"": ""single protein format"", ""canonical_smiles"": ""N=C(N)N1CCC[C@H](NC(=O)CNC(=O)[C@@H](CCNC(=O)c2ccc3ccccc3n2)NS(=O)(=O)Cc2ccccc2)C1O"", ""data_validity_comment"": null, ""data_validity_description"": null, ""document_chembl_id"": ""CHEMBL1131910"", ""document_journal"": ""Bioorg Med Chem Lett"", ""document_year"": 1999, ""ligand_efficiency"": {""bei"": ""11.77"", ""le"": ""0.23"", ""lle"": ""7.60"", ""sei"": ""3.35""}, ""molecule_chembl_id"": ""CHEMBL117716"", ""molecule_pref_name"": null, ""parent_molecule_chembl_id"": ""CHEMBL117716"", ""pchembl_value"": ""7.35"", ""potential_duplicate"": 0, ""qudt_units"": ""http://www.openphacts.org/units/Nanomolar"", ""record_id"": 220189, ""relation"": ""="", ""src_id"": 1, ""standard_flag"": 1, ""standard_relation"": ""="", ""standard_text_value"": null, ""standard_type"": ""IC50"", ""standard_units"": ""nM"", ""standard_upper_value"": null, ""standard_value"": ""44.4"", ""target_chembl_id"": ""CHEMBL244"", ""target_organism"": ""Homo sapiens"", ""target_pref_name"": ""Coagulation factor X"", ""target_tax_id"": ""9606"", ""text_value"": null, ""toid"": null, ""type"": ""IC50"", ""units"": ""nM"", ""uo_units"": ""UO_0000065"", ""upper_value"": null, ""value"": ""44.4""}","{""action_type"": null, ""activity_comment"": null, ""activity_id"": 32130, ""activity_properties"": [], ""assay_chembl_id"": ""CHEMBL681849"", ""assay_description"": ""In vitro inhibition of human Factor Xa."", ""assay_type"": ""B"", ""assay_variant_accession"": null, ""assay_variant_mutation"": null, ""bao_endpoint"": ""BAO_0000190"", ""bao_format"": ""BAO_0000357"", ""bao_label"": ""single protein format"", ""canonical_smiles"": ""N=C(N)N1CCC[C@H](NC(=O)CNC(=O)[C@@H](CCNC(=O)c2ccc3ccccc3n2)NS(=O)(=O)Cc2ccccc2)C1O"", ""data_validity_comment"": null, ""data_validity_description"": null, ""document_chembl_id"": ""CHEMBL1131910"", ""document_journal"": ""Bioorg Med Chem Lett"", ""document_year"": 1999, ""ligand_efficiency"": {""bei"": ""11.77"", ""le"": ""0.23"", ""lle"": ""7.60"", ""sei"": ""3.35""}, ""molecule_chembl_id"": ""CHEMBL117716"", ""molecule_pref_name"": null, ""parent_molecule_chembl_id"": ""CHEMBL117716"", ""pchembl_value"": ""7.35"", ""potential_duplicate"": 0, ""qudt_units"": ""http://www.openphacts.org/units/Nanomolar"", ""record_id"": 220189, ""relation"": ""="", ""src_id"": 1, ""standard_flag"": 1, ""standard_relation"": ""="", ""standard_text_value"": null, ""standard_type"": ""IC50"", ""standard_units"": ""nM"", ""standard_upper_value"": null, ""standard_value"": ""44.4"", ""target_chembl_id"": ""CHEMBL244"", ""target_organism"": ""Homo sapiens"", ""target_pref_name"": ""Coagulation factor X"", ""target_tax_id"": ""9606"", ""text_value"": null, ""toid"": null, ""type"": ""IC50"", ""units"": ""nM"", ""uo_units"": ""UO_0000065"", ""upper_value"": null, ""value"": ""44.4""}","583dc675-942e-5de8-b3d7-eceabebe7bd7","{}"
"785c5bb7-a083-504b-86c7-abf84f4e761c","chembl_activity","chembl_activity","chembl","bronze","55","32131","32131","c34b2c94b399d2f159513b8eec0e259fc7f93e25a57a36fcf5307d1b7a6bf4e2","c34b2c94b399d2f159513b8eec0e259fc7f93e25a57a36fcf5307d1b7a6bf4e2","c34b2c94b399d2f159513b8eec0e259fc7f93e25a57a36fcf5307d1b7a6bf4e2","included","","","","","","","","","extract","2026-06-30T10:43:54.021713+00:00","{""action_type"": null, ""activity_comment"": null, ""activity_id"": 32131, ""activity_properties"": [], ""assay_chembl_id"": ""CHEMBL815798"", ""assay_description"": ""In vitro inhibition of human Thrombin (FIIa)."", ""assay_type"": ""B"", ""assay_variant_accession"": null, ""assay_variant_mutation"": null, ""bao_endpoint"": ""BAO_0000190"", ""bao_format"": ""BAO_0000357"", ""bao_label"": ""single protein format"", ""canonical_smiles"": ""N=C(N)N1CCC[C@H](NC(=O)CNC(=O)[C@@H](CCNC(=O)c2ccc3ccccc3n2)NS(=O)(=O)Cc2ccccc2)C1O"", ""data_validity_comment"": null, ""data_validity_description"": null, ""document_chembl_id"": ""CHEMBL1131910"", ""document_journal"": ""Bioorg Med Chem Lett"", ""document_year"": 1999, ""ligand_efficiency"": {""bei"": ""9.44"", ""le"": ""0.18"", ""lle"": ""6.15"", ""sei"": ""2.68""}, ""molecule_chembl_id"": ""CHEMBL117716"", ""molecule_pref_name"": null, ""parent_molecule_chembl_id"": ""CHEMBL117716"", ""pchembl_value"": ""5.90"", ""potential_duplicate"": 0, ""qudt_units"": ""http://www.openphacts.org/units/Nanomolar"", ""record_id"": 220189, ""relation"": ""="", ""src_id"": 1, ""standard_flag"": 1, ""standard_relation"": ""="", ""standard_text_value"": null, ""standard_type"": ""IC50"", ""standard_units"": ""nM"", ""standard_upper_value"": null, ""standard_value"": ""1270.0"", ""target_chembl_id"": ""CHEMBL204"", ""target_organism"": ""Homo sapiens"", ""target_pref_name"": ""Prothrombin"", ""target_tax_id"": ""9606"", ""text_value"": null, ""toid"": null, ""type"": ""IC50"", ""units"": ""nM"", ""uo_units"": ""UO_0000065"", ""upper_value"": null, ""value"": ""1270.0""}","{""action_type"": null, ""activity_comment"": null, ""activity_id"": 32131, ""activity_properties"": [], ""assay_chembl_id"": ""CHEMBL815798"", ""assay_description"": ""In vitro inhibition of human Thrombin (FIIa)."", ""assay_type"": ""B"", ""assay_variant_accession"": null, ""assay_variant_mutation"": null, ""bao_endpoint"": ""BAO_0000190"", ""bao_format"": ""BAO_0000357"", ""bao_label"": ""single protein format"", ""canonical_smiles"": ""N=C(N)N1CCC[C@H](NC(=O)CNC(=O)[C@@H](CCNC(=O)c2ccc3ccccc3n2)NS(=O)(=O)Cc2ccccc2)C1O"", ""data_validity_comment"": null, ""data_validity_description"": null, ""document_chembl_id"": ""CHEMBL1131910"", ""document_journal"": ""Bioorg Med Chem Lett"", ""document_year"": 1999, ""ligand_efficiency"": {""bei"": ""9.44"", ""le"": ""0.18"", ""lle"": ""6.15"", ""sei"": ""2.68""}, ""molecule_chembl_id"": ""CHEMBL117716"", ""molecule_pref_name"": null, ""parent_molecule_chembl_id"": ""CHEMBL117716"", ""pchembl_value"": ""5.90"", ""potential_duplicate"": 0, ""qudt_units"": ""http://www.openphacts.org/units/Nanomolar"", ""record_id"": 220189, ""relation"": ""="", ""src_id"": 1, ""standard_flag"": 1, ""standard_relation"": ""="", ""standard_text_value"": null, ""standard_type"": ""IC50"", ""standard_units"": ""nM"", ""standard_upper_value"": null, ""standard_value"": ""1270.0"", ""target_chembl_id"": ""CHEMBL204"", ""target_organism"": ""Homo sapiens"", ""target_pref_name"": ""Prothrombin"", ""target_tax_id"": ""9606"", ""text_value"": null, ""toid"": null, ""type"": ""IC50"", ""units"": ""nM"", ""uo_units"": ""UO_0000065"", ""upper_value"": null, ""value"": ""1270.0""}","583dc675-942e-5de8-b3d7-eceabebe7bd7","{}"
"785c5bb7-a083-504b-86c7-abf84f4e761c","chembl_activity","chembl_activity","chembl","bronze","56","32132","32132","909c952f1ebbdba34ac44686ddf83b3df0b9f70dffde2a41931abdfef9cde541","909c952f1ebbdba34ac44686ddf83b3df0b9f70dffde2a41931abdfef9cde541","909c952f1ebbdba34ac44686ddf83b3df0b9f70dffde2a41931abdfef9cde541","included","","","","","","","","","extract","2026-06-30T10:43:54.021713+00:00","{""action_type"": null, ""activity_comment"": null, ""activity_id"": 32132, ""activity_properties"": [], ""assay_chembl_id"": ""CHEMBL764384"", ""assay_description"": ""In vitro inhibition of human thrombolytic protease Plasmin."", ""assay_type"": ""B"", ""assay_variant_accession"": null, ""assay_variant_mutation"": null, ""bao_endpoint"": ""BAO_0000190"", ""bao_format"": ""BAO_0000357"", ""bao_label"": ""single protein format"", ""canonical_smiles"": ""N=C(N)N1CCC[C@H](NC(=O)CNC(=O)[C@@H](CCNC(=O)c2ccc3ccccc3n2)NS(=O)(=O)Cc2ccccc2)C1O"", ""data_validity_comment"": null, ""data_validity_description"": null, ""document_chembl_id"": ""CHEMBL1131910"", ""document_journal"": ""Bioorg Med Chem Lett"", ""document_year"": 1999, ""ligand_efficiency"": {""bei"": ""9.35"", ""le"": ""0.18"", ""lle"": ""6.09"", ""sei"": ""2.66""}, ""molecule_chembl_id"": ""CHEMBL117716"", ""molecule_pref_name"": null, ""parent_molecule_chembl_id"": ""CHEMBL117716"", ""pchembl_value"": ""5.84"", ""potential_duplicate"": 0, ""qudt_units"": ""http://www.openphacts.org/units/Nanomolar"", ""record_id"": 220189, ""relation"": ""="", ""src_id"": 1, ""standard_flag"": 1, ""standard_relation"": ""="", ""standard_text_value"": null, ""standard_type"": ""IC50"", ""standard_units"": ""nM"", ""standard_upper_value"": null, ""standard_value"": ""1440.0"", ""target_chembl_id"": ""CHEMBL1801"", ""target_organism"": ""Homo sapiens"", ""target_pref_name"": ""Plasminogen"", ""target_tax_id"": ""9606"", ""text_value"": null, ""toid"": null, ""type"": ""IC50"", ""units"": ""nM"", ""uo_units"": ""UO_0000065"", ""upper_value"": null, ""value"": ""1440.0""}","{""action_type"": null, ""activity_comment"": null, ""activity_id"": 32132, ""activity_properties"": [], ""assay_chembl_id"": ""CHEMBL764384"", ""assay_description"": ""In vitro inhibition of human thrombolytic protease Plasmin."", ""assay_type"": ""B"", ""assay_variant_accession"": null, ""assay_variant_mutation"": null, ""bao_endpoint"": ""BAO_0000190"", ""bao_format"": ""BAO_0000357"", ""bao_label"": ""single protein format"", ""canonical_smiles"": ""N=C(N)N1CCC[C@H](NC(=O)CNC(=O)[C@@H](CCNC(=O)c2ccc3ccccc3n2)NS(=O)(=O)Cc2ccccc2)C1O"", ""data_validity_comment"": null, ""data_validity_description"": null, ""document_chembl_id"": ""CHEMBL1131910"", ""document_journal"": ""Bioorg Med Chem Lett"", ""document_year"": 1999, ""ligand_efficiency"": {""bei"": ""9.35"", ""le"": ""0.18"", ""lle"": ""6.09"", ""sei"": ""2.66""}, ""molecule_chembl_id"": ""CHEMBL117716"", ""molecule_pref_name"": null, ""parent_molecule_chembl_id"": ""CHEMBL117716"", ""pchembl_value"": ""5.84"", ""potential_duplicate"": 0, ""qudt_units"": ""http://www.openphacts.org/units/Nanomolar"", ""record_id"": 220189, ""relation"": ""="", ""src_id"": 1, ""standard_flag"": 1, ""standard_relation"": ""="", ""standard_text_value"": null, ""standard_type"": ""IC50"", ""standard_units"": ""nM"", ""standard_upper_value"": null, ""standard_value"": ""1440.0"", ""target_chembl_id"": ""CHEMBL1801"", ""target_organism"": ""Homo sapiens"", ""target_pref_name"": ""Plasminogen"", ""target_tax_id"": ""9606"", ""text_value"": null, ""toid"": null, ""type"": ""IC50"", ""units"": ""nM"", ""uo_units"": ""UO_0000065"", ""upper_value"": null, ""value"": ""1440.0""}","583dc675-942e-5de8-b3d7-eceabebe7bd7","{}"
"785c5bb7-a083-504b-86c7-abf84f4e761c","chembl_activity","chembl_activity","chembl","bronze","57","32133","32133","868dd4e62ad45a153ce567d090d969aee63f50bc1ae14ff5b475e68d0cca8066","868dd4e62ad45a153ce567d090d969aee63f50bc1ae14ff5b475e68d0cca8066","868dd4e62ad45a153ce567d090d969aee63f50bc1ae14ff5b475e68d0cca8066","included","","","","","","","","","extract","2026-06-30T10:43:54.021713+00:00","{""action_type"": null, ""activity_comment"": null, ""activity_id"": 32133, ""activity_properties"": [], ""assay_chembl_id"": ""CHEMBL820684"", ""assay_description"": ""In vitro inhibition of human trypsin."", ""assay_type"": ""B"", ""assay_variant_accession"": null, ""assay_variant_mutation"": null, ""bao_endpoint"": ""BAO_0000190"", ""bao_format"": ""BAO_0000357"", ""bao_label"": ""single protein format"", ""canonical_smiles"": ""N=C(N)N1CCC[C@H](NC(=O)CNC(=O)[C@@H](CCNC(=O)c2ccc3ccccc3n2)NS(=O)(=O)Cc2ccccc2)C1O"", ""data_validity_comment"": null, ""data_validity_description"": null, ""document_chembl_id"": ""CHEMBL1131910"", ""document_journal"": ""Bioorg Med Chem Lett"", ""document_year"": 1999, ""ligand_efficiency"": {""bei"": ""11.57"", ""le"": ""0.22"", ""lle"": ""7.48"", ""sei"": ""3.29""}, ""molecule_chembl_id"": ""CHEMBL117716"", ""molecule_pref_name"": null, ""parent_molecule_chembl_id"": ""CHEMBL117716"", ""pchembl_value"": ""7.23"", ""potential_duplicate"": 0, ""qudt_units"": ""http://www.openphacts.org/units/Nanomolar"", ""record_id"": 220189, ""relation"": ""="", ""src_id"": 1, ""standard_flag"": 1, ""standard_relation"": ""="", ""standard_text_value"": null, ""standard_type"": ""IC50"", ""standard_units"": ""nM"", ""standard_upper_value"": null, ""standard_value"": ""59.2"", ""target_chembl_id"": ""CHEMBL209"", ""target_organism"": ""Homo sapiens"", ""target_pref_name"": ""Serine protease 1"", ""target_tax_id"": ""9606"", ""text_value"": null, ""toid"": null, ""type"": ""IC50"", ""units"": ""nM"", ""uo_units"": ""UO_0000065"", ""upper_value"": null, ""value"": ""59.2""}","{""action_type"": null, ""activity_comment"": null, ""activity_id"": 32133, ""activity_properties"": [], ""assay_chembl_id"": ""CHEMBL820684"", ""assay_description"": ""In vitro inhibition of human trypsin."", ""assay_type"": ""B"", ""assay_variant_accession"": null, ""assay_variant_mutation"": null, ""bao_endpoint"": ""BAO_0000190"", ""bao_format"": ""BAO_0000357"", ""bao_label"": ""single protein format"", ""canonical_smiles"": ""N=C(N)N1CCC[C@H](NC(=O)CNC(=O)[C@@H](CCNC(=O)c2ccc3ccccc3n2)NS(=O)(=O)Cc2ccccc2)C1O"", ""data_validity_comment"": null, ""data_validity_description"": null, ""document_chembl_id"": ""CHEMBL1131910"", ""document_journal"": ""Bioorg Med Chem Lett"", ""document_year"": 1999, ""ligand_efficiency"": {""bei"": ""11.57"", ""le"": ""0.22"", ""lle"": ""7.48"", ""sei"": ""3.29""}, ""molecule_chembl_id"": ""CHEMBL117716"", ""molecule_pref_name"": null, ""parent_molecule_chembl_id"": ""CHEMBL117716"", ""pchembl_value"": ""7.23"", ""potential_duplicate"": 0, ""qudt_units"": ""http://www.openphacts.org/units/Nanomolar"", ""record_id"": 220189, ""relation"": ""="", ""src_id"": 1, ""standard_flag"": 1, ""standard_relation"": ""="", ""standard_text_value"": null, ""standard_type"": ""IC50"", ""standard_units"": ""nM"", ""standard_upper_value"": null, ""standard_value"": ""59.2"", ""target_chembl_id"": ""CHEMBL209"", ""target_organism"": ""Homo sapiens"", ""target_pref_name"": ""Serine protease 1"", ""target_tax_id"": ""9606"", ""text_value"": null, ""toid"": null, ""type"": ""IC50"", ""units"": ""nM"", ""uo_units"": ""UO_0000065"", ""upper_value"": null, ""value"": ""59.2""}","583dc675-942e-5de8-b3d7-eceabebe7bd7","{}"
"785c5bb7-a083-504b-86c7-abf84f4e761c","chembl_activity","chembl_activity","chembl","bronze","58","32134","32134","d020fde9b19b7b186a9729dc810fa52f6dfdddb44016b8d4b0345337a955ceb9","d020fde9b19b7b186a9729dc810fa52f6dfdddb44016b8d4b0345337a955ceb9","d020fde9b19b7b186a9729dc810fa52f6dfdddb44016b8d4b0345337a955ceb9","included","","","","","","","","","extract","2026-06-30T10:43:54.021713+00:00","{""action_type"": null, ""activity_comment"": null, ""activity_id"": 32134, ""activity_properties"": [], ""assay_chembl_id"": ""CHEMBL748168"", ""assay_description"": ""Binding affinity against muscarinic receptor using radioligand [3H]quinuclidinyl benzilate (QNB) binding assay in membrane preparations of rat neocortex."", ""assay_type"": ""B"", ""assay_variant_accession"": null, ""assay_variant_mutation"": null, ""bao_endpoint"": ""BAO_0000190"", ""bao_format"": ""BAO_0000221"", ""bao_label"": ""tissue-based format"", ""canonical_smiles"": ""C/C(C#Cc1ccccc1)=C/CO/N=C1/CN2CCC1C2"", ""data_validity_comment"": null, ""data_validity_description"": null, ""document_chembl_id"": ""CHEMBL1128636"", ""document_journal"": ""Bioorg Med Chem Lett"", ""document_year"": 1995, ""ligand_efficiency"": {""bei"": ""24.05"", ""le"": ""0.44"", ""lle"": ""4.05"", ""sei"": ""27.15""}, ""molecule_chembl_id"": ""CHEMBL345415"", ""molecule_pref_name"": null, ""parent_molecule_chembl_id"": ""CHEMBL345415"", ""pchembl_value"": ""6.74"", ""potential_duplicate"": 0, ""qudt_units"": ""http://www.openphacts.org/units/Nanomolar"", ""record_id"": 309730, ""relation"": ""="", ""src_id"": 1, ""standard_flag"": 1, ""standard_relation"": ""="", ""standard_text_value"": null, ""standard_type"": ""IC50"", ""standard_units"": ""nM"", ""standard_upper_value"": null, ""standard_value"": ""181.0"", ""target_chembl_id"": ""CHEMBL1907609"", ""target_organism"": ""Rattus norvegicus"", ""target_pref_name"": ""Muscarinic acetylcholine receptor"", ""target_tax_id"": ""10116"", ""text_value"": null, ""toid"": null, ""type"": ""IC50"", ""units"": ""nM"", ""uo_units"": ""UO_0000065"", ""upper_value"": null, ""value"": ""181.0""}","{""action_type"": null, ""activity_comment"": null, ""activity_id"": 32134, ""activity_properties"": [], ""assay_chembl_id"": ""CHEMBL748168"", ""assay_description"": ""Binding affinity against muscarinic receptor using radioligand [3H]quinuclidinyl benzilate (QNB) binding assay in membrane preparations of rat neocortex."", ""assay_type"": ""B"", ""assay_variant_accession"": null, ""assay_variant_mutation"": null, ""bao_endpoint"": ""BAO_0000190"", ""bao_format"": ""BAO_0000221"", ""bao_label"": ""tissue-based format"", ""canonical_smiles"": ""C/C(C#Cc1ccccc1)=C/CO/N=C1/CN2CCC1C2"", ""data_validity_comment"": null, ""data_validity_description"": null, ""document_chembl_id"": ""CHEMBL1128636"", ""document_journal"": ""Bioorg Med Chem Lett"", ""document_year"": 1995, ""ligand_efficiency"": {""bei"": ""24.05"", ""le"": ""0.44"", ""lle"": ""4.05"", ""sei"": ""27.15""}, ""molecule_chembl_id"": ""CHEMBL345415"", ""molecule_pref_name"": null, ""parent_molecule_chembl_id"": ""CHEMBL345415"", ""pchembl_value"": ""6.74"", ""potential_duplicate"": 0, ""qudt_units"": ""http://www.openphacts.org/units/Nanomolar"", ""record_id"": 309730, ""relation"": ""="", ""src_id"": 1, ""standard_flag"": 1, ""standard_relation"": ""="", ""standard_text_value"": null, ""standard_type"": ""IC50"", ""standard_units"": ""nM"", ""standard_upper_value"": null, ""standard_value"": ""181.0"", ""target_chembl_id"": ""CHEMBL1907609"", ""target_organism"": ""Rattus norvegicus"", ""target_pref_name"": ""Muscarinic acetylcholine receptor"", ""target_tax_id"": ""10116"", ""text_value"": null, ""toid"": null, ""type"": ""IC50"", ""units"": ""nM"", ""uo_units"": ""UO_0000065"", ""upper_value"": null, ""value"": ""181.0""}","583dc675-942e-5de8-b3d7-eceabebe7bd7","{}"
"785c5bb7-a083-504b-86c7-abf84f4e761c","chembl_activity","chembl_activity","chembl","bronze","59","32135","32135","b57fce71ed36082a72d5cd28a373853ff76eca33fb75c2a0671d5f09136913cf","b57fce71ed36082a72d5cd28a373853ff76eca33fb75c2a0671d5f09136913cf","b57fce71ed36082a72d5cd28a373853ff76eca33fb75c2a0671d5f09136913cf","included","","","","","","","","","extract","2026-06-30T10:43:54.021713+00:00","{""action_type"": null, ""activity_comment"": null, ""activity_id"": 32135, ""activity_properties"": [], ""assay_chembl_id"": ""CHEMBL748601"", ""assay_description"": ""Binding affinity against muscarinic receptor using radioligand [3H]cis-methyldioxolane (CMD) binding assay in membrane preparations of rat neocortex."", ""assay_type"": ""B"", ""assay_variant_accession"": null, ""assay_variant_mutation"": null, ""bao_endpoint"": ""BAO_0000190"", ""bao_format"": ""BAO_0000221"", ""bao_label"": ""tissue-based format"", ""canonical_smiles"": ""C/C(C#Cc1ccccc1)=C/CO/N=C1/CN2CCC1C2"", ""data_validity_comment"": null, ""data_validity_description"": null, ""document_chembl_id"": ""CHEMBL1128636"", ""document_journal"": ""Bioorg Med Chem Lett"", ""document_year"": 1995, ""ligand_efficiency"": {""bei"": ""32.00"", ""le"": ""0.58"", ""lle"": ""6.28"", ""sei"": ""36.13""}, ""molecule_chembl_id"": ""CHEMBL345415"", ""molecule_pref_name"": null, ""parent_molecule_chembl_id"": ""CHEMBL345415"", ""pchembl_value"": ""8.97"", ""potential_duplicate"": 0, ""qudt_units"": ""http://www.openphacts.org/units/Nanomolar"", ""record_id"": 309730, ""relation"": ""="", ""src_id"": 1, ""standard_flag"": 1, ""standard_relation"": ""="", ""standard_text_value"": null, ""standard_type"": ""IC50"", ""standard_units"": ""nM"", ""standard_upper_value"": null, ""standard_value"": ""1.07"", ""target_chembl_id"": ""CHEMBL1907609"", ""target_organism"": ""Rattus norvegicus"", ""target_pref_name"": ""Muscarinic acetylcholine receptor"", ""target_tax_id"": ""10116"", ""text_value"": null, ""toid"": null, ""type"": ""IC50"", ""units"": ""nM"", ""uo_units"": ""UO_0000065"", ""upper_value"": null, ""value"": ""1.07""}","{""action_type"": null, ""activity_comment"": null, ""activity_id"": 32135, ""activity_properties"": [], ""assay_chembl_id"": ""CHEMBL748601"", ""assay_description"": ""Binding affinity against muscarinic receptor using radioligand [3H]cis-methyldioxolane (CMD) binding assay in membrane preparations of rat neocortex."", ""assay_type"": ""B"", ""assay_variant_accession"": null, ""assay_variant_mutation"": null, ""bao_endpoint"": ""BAO_0000190"", ""bao_format"": ""BAO_0000221"", ""bao_label"": ""tissue-based format"", ""canonical_smiles"": ""C/C(C#Cc1ccccc1)=C/CO/N=C1/CN2CCC1C2"", ""data_validity_comment"": null, ""data_validity_description"": null, ""document_chembl_id"": ""CHEMBL1128636"", ""document_journal"": ""Bioorg Med Chem Lett"", ""document_year"": 1995, ""ligand_efficiency"": {""bei"": ""32.00"", ""le"": ""0.58"", ""lle"": ""6.28"", ""sei"": ""36.13""}, ""molecule_chembl_id"": ""CHEMBL345415"", ""molecule_pref_name"": null, ""parent_molecule_chembl_id"": ""CHEMBL345415"", ""pchembl_value"": ""8.97"", ""potential_duplicate"": 0, ""qudt_units"": ""http://www.openphacts.org/units/Nanomolar"", ""record_id"": 309730, ""relation"": ""="", ""src_id"": 1, ""standard_flag"": 1, ""standard_relation"": ""="", ""standard_text_value"": null, ""standard_type"": ""IC50"", ""standard_units"": ""nM"", ""standard_upper_value"": null, ""standard_value"": ""1.07"", ""target_chembl_id"": ""CHEMBL1907609"", ""target_organism"": ""Rattus norvegicus"", ""target_pref_name"": ""Muscarinic acetylcholine receptor"", ""target_tax_id"": ""10116"", ""text_value"": null, ""toid"": null, ""type"": ""IC50"", ""units"": ""nM"", ""uo_units"": ""UO_0000065"", ""upper_value"": null, ""value"": ""1.07""}","583dc675-942e-5de8-b3d7-eceabebe7bd7","{}"
"785c5bb7-a083-504b-86c7-abf84f4e761c","chembl_activity","chembl_activity","chembl","bronze","60","32143","32143","73a70061e0f7511a70ee4332bb17a78119d0fb76b7b019d562b5e3399d937af0","73a70061e0f7511a70ee4332bb17a78119d0fb76b7b019d562b5e3399d937af0","73a70061e0f7511a70ee4332bb17a78119d0fb76b7b019d562b5e3399d937af0","included","","","","","","","","","extract","2026-06-30T10:43:54.021713+00:00","{""action_type"": null, ""activity_comment"": null, ""activity_id"": 32143, ""activity_properties"": [], ""assay_chembl_id"": ""CHEMBL760426"", ""assay_description"": ""Compound was tested for its ability to inhibit binding of Oxytocin to its Oxytocin receptor in rat uterine tissue"", ""assay_type"": ""B"", ""assay_variant_accession"": null, ""assay_variant_mutation"": null, ""bao_endpoint"": ""BAO_0000190"", ""bao_format"": ""BAO_0000019"", ""bao_label"": ""assay format"", ""canonical_smiles"": ""COc1cc(C)cc2c1Oc1ccc([C@H](CC(C)C)OC(C)=O)c(OC)c1C(=O)OC2"", ""data_validity_comment"": null, ""data_validity_description"": null, ""document_chembl_id"": ""CHEMBL1150035"", ""document_journal"": ""Bioorg Med Chem Lett"", ""document_year"": 1993, ""ligand_efficiency"": {""bei"": ""10.92"", ""le"": ""0.21"", ""lle"": ""-0.45"", ""sei"": ""5.83""}, ""molecule_chembl_id"": ""CHEMBL326085"", ""molecule_pref_name"": null, ""parent_molecule_chembl_id"": ""CHEMBL326085"", ""pchembl_value"": ""4.68"", ""potential_duplicate"": 0, ""qudt_units"": ""http://www.openphacts.org/units/Nanomolar"", ""record_id"": 216399, ""relation"": ""="", ""src_id"": 1, ""standard_flag"": 1, ""standard_relation"": ""="", ""standard_text_value"": null, ""standard_type"": ""IC50"", ""standard_units"": ""nM"", ""standard_upper_value"": null, ""standard_value"": ""21000.0"", ""target_chembl_id"": ""CHEMBL3996"", ""target_organism"": ""Rattus norvegicus"", ""target_pref_name"": ""Oxytocin receptor"", ""target_tax_id"": ""10116"", ""text_value"": null, ""toid"": null, ""type"": ""IC50"", ""units"": ""uM"", ""uo_units"": ""UO_0000065"", ""upper_value"": null, ""value"": ""21.0""}","{""action_type"": null, ""activity_comment"": null, ""activity_id"": 32143, ""activity_properties"": [], ""assay_chembl_id"": ""CHEMBL760426"", ""assay_description"": ""Compound was tested for its ability to inhibit binding of Oxytocin to its Oxytocin receptor in rat uterine tissue"", ""assay_type"": ""B"", ""assay_variant_accession"": null, ""assay_variant_mutation"": null, ""bao_endpoint"": ""BAO_0000190"", ""bao_format"": ""BAO_0000019"", ""bao_label"": ""assay format"", ""canonical_smiles"": ""COc1cc(C)cc2c1Oc1ccc([C@H](CC(C)C)OC(C)=O)c(OC)c1C(=O)OC2"", ""data_validity_comment"": null, ""data_validity_description"": null, ""document_chembl_id"": ""CHEMBL1150035"", ""document_journal"": ""Bioorg Med Chem Lett"", ""document_year"": 1993, ""ligand_efficiency"": {""bei"": ""10.92"", ""le"": ""0.21"", ""lle"": ""-0.45"", ""sei"": ""5.83""}, ""molecule_chembl_id"": ""CHEMBL326085"", ""molecule_pref_name"": null, ""parent_molecule_chembl_id"": ""CHEMBL326085"", ""pchembl_value"": ""4.68"", ""potential_duplicate"": 0, ""qudt_units"": ""http://www.openphacts.org/units/Nanomolar"", ""record_id"": 216399, ""relation"": ""="", ""src_id"": 1, ""standard_flag"": 1, ""standard_relation"": ""="", ""standard_text_value"": null, ""standard_type"": ""IC50"", ""standard_units"": ""nM"", ""standard_upper_value"": null, ""standard_value"": ""21000.0"", ""target_chembl_id"": ""CHEMBL3996"", ""target_organism"": ""Rattus norvegicus"", ""target_pref_name"": ""Oxytocin receptor"", ""target_tax_id"": ""10116"", ""text_value"": null, ""toid"": null, ""type"": ""IC50"", ""units"": ""uM"", ""uo_units"": ""UO_0000065"", ""upper_value"": null, ""value"": ""21.0""}","583dc675-942e-5de8-b3d7-eceabebe7bd7","{}"
"785c5bb7-a083-504b-86c7-abf84f4e761c","chembl_activity","chembl_activity","chembl","bronze","61","32153","32153","dbd21c05afb41d74a4d72f7ba56757f75e9e84df06d1c12a197bec381b75f28e","dbd21c05afb41d74a4d72f7ba56757f75e9e84df06d1c12a197bec381b75f28e","dbd21c05afb41d74a4d72f7ba56757f75e9e84df06d1c12a197bec381b75f28e","included","","","","","","","","","extract","2026-06-30T10:43:54.021713+00:00","{""action_type"": null, ""activity_comment"": null, ""activity_id"": 32153, ""activity_properties"": [], ""assay_chembl_id"": ""CHEMBL667036"", ""assay_description"": ""Binding affinity towards Dopamine receptor D1 in rat striatal tissue by [3H]-SCH- 23390 displacement."", ""assay_type"": ""B"", ""assay_variant_accession"": null, ""assay_variant_mutation"": null, ""bao_endpoint"": ""BAO_0000192"", ""bao_format"": ""BAO_0000221"", ""bao_label"": ""tissue-based format"", ""canonical_smiles"": ""CN1CCc2cc(O)c(Cl)cc2CC1"", ""data_validity_comment"": null, ""data_validity_description"": null, ""document_chembl_id"": ""CHEMBL1126414"", ""document_journal"": ""Bioorg Med Chem Lett"", ""document_year"": 1992, ""ligand_efficiency"": {""bei"": ""34.66"", ""le"": ""0.72"", ""lle"": ""5.26"", ""sei"": ""31.26""}, ""molecule_chembl_id"": ""CHEMBL340006"", ""molecule_pref_name"": null, ""parent_molecule_chembl_id"": ""CHEMBL340006"", ""pchembl_value"": ""7.34"", ""potential_duplicate"": 0, ""qudt_units"": ""http://www.openphacts.org/units/Nanomolar"", ""record_id"": 248568, ""relation"": ""="", ""src_id"": 1, ""standard_flag"": 1, ""standard_relation"": ""="", ""standard_text_value"": null, ""standard_type"": ""Ki"", ""standard_units"": ""nM"", ""standard_upper_value"": null, ""standard_value"": ""46.0"", ""target_chembl_id"": ""CHEMBL265"", ""target_organism"": ""Rattus norvegicus"", ""target_pref_name"": ""D(1A) dopamine receptor"", ""target_tax_id"": ""10116"", ""text_value"": null, ""toid"": null, ""type"": ""Ki"", ""units"": ""nM"", ""uo_units"": ""UO_0000065"", ""upper_value"": null, ""value"": ""46.0""}","{""action_type"": null, ""activity_comment"": null, ""activity_id"": 32153, ""activity_properties"": [], ""assay_chembl_id"": ""CHEMBL667036"", ""assay_description"": ""Binding affinity towards Dopamine receptor D1 in rat striatal tissue by [3H]-SCH- 23390 displacement."", ""assay_type"": ""B"", ""assay_variant_accession"": null, ""assay_variant_mutation"": null, ""bao_endpoint"": ""BAO_0000192"", ""bao_format"": ""BAO_0000221"", ""bao_label"": ""tissue-based format"", ""canonical_smiles"": ""CN1CCc2cc(O)c(Cl)cc2CC1"", ""data_validity_comment"": null, ""data_validity_description"": null, ""document_chembl_id"": ""CHEMBL1126414"", ""document_journal"": ""Bioorg Med Chem Lett"", ""document_year"": 1992, ""ligand_efficiency"": {""bei"": ""34.66"", ""le"": ""0.72"", ""lle"": ""5.26"", ""sei"": ""31.26""}, ""molecule_chembl_id"": ""CHEMBL340006"", ""molecule_pref_name"": null, ""parent_molecule_chembl_id"": ""CHEMBL340006"", ""pchembl_value"": ""7.34"", ""potential_duplicate"": 0, ""qudt_units"": ""http://www.openphacts.org/units/Nanomolar"", ""record_id"": 248568, ""relation"": ""="", ""src_id"": 1, ""standard_flag"": 1, ""standard_relation"": ""="", ""standard_text_value"": null, ""standard_type"": ""Ki"", ""standard_units"": ""nM"", ""standard_upper_value"": null, ""standard_value"": ""46.0"", ""target_chembl_id"": ""CHEMBL265"", ""target_organism"": ""Rattus norvegicus"", ""target_pref_name"": ""D(1A) dopamine receptor"", ""target_tax_id"": ""10116"", ""text_value"": null, ""toid"": null, ""type"": ""Ki"", ""units"": ""nM"", ""uo_units"": ""UO_0000065"", ""upper_value"": null, ""value"": ""46.0""}","583dc675-942e-5de8-b3d7-eceabebe7bd7","{}"
"785c5bb7-a083-504b-86c7-abf84f4e761c","chembl_activity","chembl_activity","chembl","bronze","62","32154","32154","5fae82f1deb046f52a5ba3f9c611907e1e5f45525516c131ef91f42422e69fdd","5fae82f1deb046f52a5ba3f9c611907e1e5f45525516c131ef91f42422e69fdd","5fae82f1deb046f52a5ba3f9c611907e1e5f45525516c131ef91f42422e69fdd","included","","","","","","","","","extract","2026-06-30T10:43:54.021713+00:00","{""action_type"": null, ""activity_comment"": null, ""activity_id"": 32154, ""activity_properties"": [], ""assay_chembl_id"": ""CHEMBL679940"", ""assay_description"": ""Binding affinity towards Dopamine receptor D2 in rat striatal tissue by [3H]spiperone displacement."", ""assay_type"": ""B"", ""assay_variant_accession"": null, ""assay_variant_mutation"": null, ""bao_endpoint"": ""BAO_0000192"", ""bao_format"": ""BAO_0000221"", ""bao_label"": ""tissue-based format"", ""canonical_smiles"": ""CN1CCc2cc(O)c(Cl)cc2CC1"", ""data_validity_comment"": null, ""data_validity_description"": null, ""document_chembl_id"": ""CHEMBL1126414"", ""document_journal"": ""Bioorg Med Chem Lett"", ""document_year"": 1992, ""ligand_efficiency"": {""bei"": ""31.07"", ""le"": ""0.64"", ""lle"": ""4.50"", ""sei"": ""28.02""}, ""molecule_chembl_id"": ""CHEMBL340006"", ""molecule_pref_name"": null, ""parent_molecule_chembl_id"": ""CHEMBL340006"", ""pchembl_value"": ""6.58"", ""potential_duplicate"": 0, ""qudt_units"": ""http://www.openphacts.org/units/Nanomolar"", ""record_id"": 248568, ""relation"": ""="", ""src_id"": 1, ""standard_flag"": 1, ""standard_relation"": ""="", ""standard_text_value"": null, ""standard_type"": ""Ki"", ""standard_units"": ""nM"", ""standard_upper_value"": null, ""standard_value"": ""265.0"", ""target_chembl_id"": ""CHEMBL339"", ""target_organism"": ""Rattus norvegicus"", ""target_pref_name"": ""D(2) dopamine receptor"", ""target_tax_id"": ""10116"", ""text_value"": null, ""toid"": null, ""type"": ""Ki"", ""units"": ""nM"", ""uo_units"": ""UO_0000065"", ""upper_value"": null, ""value"": ""265.0""}","{""action_type"": null, ""activity_comment"": null, ""activity_id"": 32154, ""activity_properties"": [], ""assay_chembl_id"": ""CHEMBL679940"", ""assay_description"": ""Binding affinity towards Dopamine receptor D2 in rat striatal tissue by [3H]spiperone displacement."", ""assay_type"": ""B"", ""assay_variant_accession"": null, ""assay_variant_mutation"": null, ""bao_endpoint"": ""BAO_0000192"", ""bao_format"": ""BAO_0000221"", ""bao_label"": ""tissue-based format"", ""canonical_smiles"": ""CN1CCc2cc(O)c(Cl)cc2CC1"", ""data_validity_comment"": null, ""data_validity_description"": null, ""document_chembl_id"": ""CHEMBL1126414"", ""document_journal"": ""Bioorg Med Chem Lett"", ""document_year"": 1992, ""ligand_efficiency"": {""bei"": ""31.07"", ""le"": ""0.64"", ""lle"": ""4.50"", ""sei"": ""28.02""}, ""molecule_chembl_id"": ""CHEMBL340006"", ""molecule_pref_name"": null, ""parent_molecule_chembl_id"": ""CHEMBL340006"", ""pchembl_value"": ""6.58"", ""potential_duplicate"": 0, ""qudt_units"": ""http://www.openphacts.org/units/Nanomolar"", ""record_id"": 248568, ""relation"": ""="", ""src_id"": 1, ""standard_flag"": 1, ""standard_relation"": ""="", ""standard_text_value"": null, ""standard_type"": ""Ki"", ""standard_units"": ""nM"", ""standard_upper_value"": null, ""standard_value"": ""265.0"", ""target_chembl_id"": ""CHEMBL339"", ""target_organism"": ""Rattus norvegicus"", ""target_pref_name"": ""D(2) dopamine receptor"", ""target_tax_id"": ""10116"", ""text_value"": null, ""toid"": null, ""type"": ""Ki"", ""units"": ""nM"", ""uo_units"": ""UO_0000065"", ""upper_value"": null, ""value"": ""265.0""}","583dc675-942e-5de8-b3d7-eceabebe7bd7","{}"
"785c5bb7-a083-504b-86c7-abf84f4e761c","chembl_activity","chembl_activity","chembl","bronze","63","32156","32156","4a58a0388a58be54a3d4156fe2b39ee80afa3417e4134458faa075ce4ff027ba","4a58a0388a58be54a3d4156fe2b39ee80afa3417e4134458faa075ce4ff027ba","4a58a0388a58be54a3d4156fe2b39ee80afa3417e4134458faa075ce4ff027ba","included","","","","","","","","","extract","2026-06-30T10:43:54.021713+00:00","{""action_type"": null, ""activity_comment"": null, ""activity_id"": 32156, ""activity_properties"": [], ""assay_chembl_id"": ""CHEMBL667036"", ""assay_description"": ""Binding affinity towards Dopamine receptor D1 in rat striatal tissue by [3H]-SCH- 23390 displacement."", ""assay_type"": ""B"", ""assay_variant_accession"": null, ""assay_variant_mutation"": null, ""bao_endpoint"": ""BAO_0000192"", ""bao_format"": ""BAO_0000221"", ""bao_label"": ""tissue-based format"", ""canonical_smiles"": ""CN1CCc2cc(Cl)c(O)cc2C(C2CCCCCC2)C1"", ""data_validity_comment"": null, ""data_validity_description"": null, ""document_chembl_id"": ""CHEMBL1126414"", ""document_journal"": ""Bioorg Med Chem Lett"", ""document_year"": 1992, ""ligand_efficiency"": {""bei"": ""26.37"", ""le"": ""0.53"", ""lle"": ""3.53"", ""sei"": ""34.59""}, ""molecule_chembl_id"": ""CHEMBL336532"", ""molecule_pref_name"": null, ""parent_molecule_chembl_id"": ""CHEMBL336532"", ""pchembl_value"": ""8.12"", ""potential_duplicate"": 0, ""qudt_units"": ""http://www.openphacts.org/units/Nanomolar"", ""record_id"": 248578, ""relation"": ""="", ""src_id"": 1, ""standard_flag"": 1, ""standard_relation"": ""="", ""standard_text_value"": null, ""standard_type"": ""Ki"", ""standard_units"": ""nM"", ""standard_upper_value"": null, ""standard_value"": ""7.6"", ""target_chembl_id"": ""CHEMBL265"", ""target_organism"": ""Rattus norvegicus"", ""target_pref_name"": ""D(1A) dopamine receptor"", ""target_tax_id"": ""10116"", ""text_value"": null, ""toid"": null, ""type"": ""Ki"", ""units"": ""nM"", ""uo_units"": ""UO_0000065"", ""upper_value"": null, ""value"": ""7.6""}","{""action_type"": null, ""activity_comment"": null, ""activity_id"": 32156, ""activity_properties"": [], ""assay_chembl_id"": ""CHEMBL667036"", ""assay_description"": ""Binding affinity towards Dopamine receptor D1 in rat striatal tissue by [3H]-SCH- 23390 displacement."", ""assay_type"": ""B"", ""assay_variant_accession"": null, ""assay_variant_mutation"": null, ""bao_endpoint"": ""BAO_0000192"", ""bao_format"": ""BAO_0000221"", ""bao_label"": ""tissue-based format"", ""canonical_smiles"": ""CN1CCc2cc(Cl)c(O)cc2C(C2CCCCCC2)C1"", ""data_validity_comment"": null, ""data_validity_description"": null, ""document_chembl_id"": ""CHEMBL1126414"", ""document_journal"": ""Bioorg Med Chem Lett"", ""document_year"": 1992, ""ligand_efficiency"": {""bei"": ""26.37"", ""le"": ""0.53"", ""lle"": ""3.53"", ""sei"": ""34.59""}, ""molecule_chembl_id"": ""CHEMBL336532"", ""molecule_pref_name"": null, ""parent_molecule_chembl_id"": ""CHEMBL336532"", ""pchembl_value"": ""8.12"", ""potential_duplicate"": 0, ""qudt_units"": ""http://www.openphacts.org/units/Nanomolar"", ""record_id"": 248578, ""relation"": ""="", ""src_id"": 1, ""standard_flag"": 1, ""standard_relation"": ""="", ""standard_text_value"": null, ""standard_type"": ""Ki"", ""standard_units"": ""nM"", ""standard_upper_value"": null, ""standard_value"": ""7.6"", ""target_chembl_id"": ""CHEMBL265"", ""target_organism"": ""Rattus norvegicus"", ""target_pref_name"": ""D(1A) dopamine receptor"", ""target_tax_id"": ""10116"", ""text_value"": null, ""toid"": null, ""type"": ""Ki"", ""units"": ""nM"", ""uo_units"": ""UO_0000065"", ""upper_value"": null, ""value"": ""7.6""}","583dc675-942e-5de8-b3d7-eceabebe7bd7","{}"
"785c5bb7-a083-504b-86c7-abf84f4e761c","chembl_activity","chembl_activity","chembl","bronze","64","32157","32157","349c5eaecf7c876a0f9cb80552701b148cee38c3af9d76386d4bc8a7efa8a02c","349c5eaecf7c876a0f9cb80552701b148cee38c3af9d76386d4bc8a7efa8a02c","349c5eaecf7c876a0f9cb80552701b148cee38c3af9d76386d4bc8a7efa8a02c","included","","","","","","","","","extract","2026-06-30T10:43:54.021713+00:00","{""action_type"": null, ""activity_comment"": null, ""activity_id"": 32157, ""activity_properties"": [], ""assay_chembl_id"": ""CHEMBL679940"", ""assay_description"": ""Binding affinity towards Dopamine receptor D2 in rat striatal tissue by [3H]spiperone displacement."", ""assay_type"": ""B"", ""assay_variant_accession"": null, ""assay_variant_mutation"": null, ""bao_endpoint"": ""BAO_0000192"", ""bao_format"": ""BAO_0000221"", ""bao_label"": ""tissue-based format"", ""canonical_smiles"": ""CN1CCc2cc(Cl)c(O)cc2C(C2CCCCCC2)C1"", ""data_validity_comment"": null, ""data_validity_description"": null, ""document_chembl_id"": ""CHEMBL1126414"", ""document_journal"": ""Bioorg Med Chem Lett"", ""document_year"": 1992, ""ligand_efficiency"": {""bei"": ""19.24"", ""le"": ""0.39"", ""lle"": ""1.33"", ""sei"": ""25.24""}, ""molecule_chembl_id"": ""CHEMBL336532"", ""molecule_pref_name"": null, ""parent_molecule_chembl_id"": ""CHEMBL336532"", ""pchembl_value"": ""5.92"", ""potential_duplicate"": 0, ""qudt_units"": ""http://www.openphacts.org/units/Nanomolar"", ""record_id"": 248578, ""relation"": ""="", ""src_id"": 1, ""standard_flag"": 1, ""standard_relation"": ""="", ""standard_text_value"": null, ""standard_type"": ""Ki"", ""standard_units"": ""nM"", ""standard_upper_value"": null, ""standard_value"": ""1190.0"", ""target_chembl_id"": ""CHEMBL339"", ""target_organism"": ""Rattus norvegicus"", ""target_pref_name"": ""D(2) dopamine receptor"", ""target_tax_id"": ""10116"", ""text_value"": null, ""toid"": null, ""type"": ""Ki"", ""units"": ""nM"", ""uo_units"": ""UO_0000065"", ""upper_value"": null, ""value"": ""1190.0""}","{""action_type"": null, ""activity_comment"": null, ""activity_id"": 32157, ""activity_properties"": [], ""assay_chembl_id"": ""CHEMBL679940"", ""assay_description"": ""Binding affinity towards Dopamine receptor D2 in rat striatal tissue by [3H]spiperone displacement."", ""assay_type"": ""B"", ""assay_variant_accession"": null, ""assay_variant_mutation"": null, ""bao_endpoint"": ""BAO_0000192"", ""bao_format"": ""BAO_0000221"", ""bao_label"": ""tissue-based format"", ""canonical_smiles"": ""CN1CCc2cc(Cl)c(O)cc2C(C2CCCCCC2)C1"", ""data_validity_comment"": null, ""data_validity_description"": null, ""document_chembl_id"": ""CHEMBL1126414"", ""document_journal"": ""Bioorg Med Chem Lett"", ""document_year"": 1992, ""ligand_efficiency"": {""bei"": ""19.24"", ""le"": ""0.39"", ""lle"": ""1.33"", ""sei"": ""25.24""}, ""molecule_chembl_id"": ""CHEMBL336532"", ""molecule_pref_name"": null, ""parent_molecule_chembl_id"": ""CHEMBL336532"", ""pchembl_value"": ""5.92"", ""potential_duplicate"": 0, ""qudt_units"": ""http://www.openphacts.org/units/Nanomolar"", ""record_id"": 248578, ""relation"": ""="", ""src_id"": 1, ""standard_flag"": 1, ""standard_relation"": ""="", ""standard_text_value"": null, ""standard_type"": ""Ki"", ""standard_units"": ""nM"", ""standard_upper_value"": null, ""standard_value"": ""1190.0"", ""target_chembl_id"": ""CHEMBL339"", ""target_organism"": ""Rattus norvegicus"", ""target_pref_name"": ""D(2) dopamine receptor"", ""target_tax_id"": ""10116"", ""text_value"": null, ""toid"": null, ""type"": ""Ki"", ""units"": ""nM"", ""uo_units"": ""UO_0000065"", ""upper_value"": null, ""value"": ""1190.0""}","583dc675-942e-5de8-b3d7-eceabebe7bd7","{}"
"785c5bb7-a083-504b-86c7-abf84f4e761c","chembl_activity","chembl_activity","chembl","bronze","65","32169","32169","d61481476ba94d93879c02e40559929865898ebe9b46ad58950ef22dbded3f6f","d61481476ba94d93879c02e40559929865898ebe9b46ad58950ef22dbded3f6f","d61481476ba94d93879c02e40559929865898ebe9b46ad58950ef22dbded3f6f","included","","","","","","","","","extract","2026-06-30T10:43:54.021713+00:00","{""action_type"": null, ""activity_comment"": null, ""activity_id"": 32169, ""activity_properties"": [], ""assay_chembl_id"": ""CHEMBL818975"", ""assay_description"": ""In vitro inhibition of purified bovine brain tubulin polymerisation in the absence of microtubule-associated proteins."", ""assay_type"": ""B"", ""assay_variant_accession"": null, ""assay_variant_mutation"": null, ""bao_endpoint"": ""BAO_0000190"", ""bao_format"": ""BAO_0000019"", ""bao_label"": ""assay format"", ""canonical_smiles"": ""COc1cc2c(cc1O)CCCc1cc(OC)c(OC)c(OC)c1-2"", ""data_validity_comment"": null, ""data_validity_description"": null, ""document_chembl_id"": ""CHEMBL1125985"", ""document_journal"": ""Bioorg Med Chem Lett"", ""document_year"": 1991, ""ligand_efficiency"": {""bei"": ""15.97"", ""le"": ""0.30"", ""lle"": ""1.70"", ""sei"": ""9.23""}, ""molecule_chembl_id"": ""CHEMBL79591"", ""molecule_pref_name"": null, ""parent_molecule_chembl_id"": ""CHEMBL79591"", ""pchembl_value"": ""5.28"", ""potential_duplicate"": 0, ""qudt_units"": ""http://www.openphacts.org/units/Nanomolar"", ""record_id"": 146233, ""relation"": ""="", ""src_id"": 1, ""standard_flag"": 1, ""standard_relation"": ""="", ""standard_text_value"": null, ""standard_type"": ""IC50"", ""standard_units"": ""nM"", ""standard_upper_value"": null, ""standard_value"": ""5300.0"", ""target_chembl_id"": ""CHEMBL2094134"", ""target_organism"": ""Bos taurus"", ""target_pref_name"": ""Tubulin"", ""target_tax_id"": ""9913"", ""text_value"": null, ""toid"": null, ""type"": ""IC50"", ""units"": ""M"", ""uo_units"": ""UO_0000065"", ""upper_value"": null, ""value"": ""0.0000053""}","{""action_type"": null, ""activity_comment"": null, ""activity_id"": 32169, ""activity_properties"": [], ""assay_chembl_id"": ""CHEMBL818975"", ""assay_description"": ""In vitro inhibition of purified bovine brain tubulin polymerisation in the absence of microtubule-associated proteins."", ""assay_type"": ""B"", ""assay_variant_accession"": null, ""assay_variant_mutation"": null, ""bao_endpoint"": ""BAO_0000190"", ""bao_format"": ""BAO_0000019"", ""bao_label"": ""assay format"", ""canonical_smiles"": ""COc1cc2c(cc1O)CCCc1cc(OC)c(OC)c(OC)c1-2"", ""data_validity_comment"": null, ""data_validity_description"": null, ""document_chembl_id"": ""CHEMBL1125985"", ""document_journal"": ""Bioorg Med Chem Lett"", ""document_year"": 1991, ""ligand_efficiency"": {""bei"": ""15.97"", ""le"": ""0.30"", ""lle"": ""1.70"", ""sei"": ""9.23""}, ""molecule_chembl_id"": ""CHEMBL79591"", ""molecule_pref_name"": null, ""parent_molecule_chembl_id"": ""CHEMBL79591"", ""pchembl_value"": ""5.28"", ""potential_duplicate"": 0, ""qudt_units"": ""http://www.openphacts.org/units/Nanomolar"", ""record_id"": 146233, ""relation"": ""="", ""src_id"": 1, ""standard_flag"": 1, ""standard_relation"": ""="", ""standard_text_value"": null, ""standard_type"": ""IC50"", ""standard_units"": ""nM"", ""standard_upper_value"": null, ""standard_value"": ""5300.0"", ""target_chembl_id"": ""CHEMBL2094134"", ""target_organism"": ""Bos taurus"", ""target_pref_name"": ""Tubulin"", ""target_tax_id"": ""9913"", ""text_value"": null, ""toid"": null, ""type"": ""IC50"", ""units"": ""M"", ""uo_units"": ""UO_0000065"", ""upper_value"": null, ""value"": ""0.0000053""}","583dc675-942e-5de8-b3d7-eceabebe7bd7","{}"
"785c5bb7-a083-504b-86c7-abf84f4e761c","chembl_activity","chembl_activity","chembl","bronze","66","32170","32170","6f96351a1b22859f6095ed094a585e2a4cb67d030ac87b06460571a38673d4e7","6f96351a1b22859f6095ed094a585e2a4cb67d030ac87b06460571a38673d4e7","6f96351a1b22859f6095ed094a585e2a4cb67d030ac87b06460571a38673d4e7","included","","","","","","","","","extract","2026-06-30T10:43:54.021713+00:00","{""action_type"": null, ""activity_comment"": null, ""activity_id"": 32170, ""activity_properties"": [], ""assay_chembl_id"": ""CHEMBL690412"", ""assay_description"": ""Compound was tested for its inhibitory activity against HIV-1 protease"", ""assay_type"": ""B"", ""assay_variant_accession"": null, ""assay_variant_mutation"": null, ""bao_endpoint"": ""BAO_0000192"", ""bao_format"": ""BAO_0000357"", ""bao_label"": ""single protein format"", ""canonical_smiles"": ""CCN(C(C)C)S(=O)(=O)CC[C@@H]1O[C@@H]1[C@H](Cc1ccccc1)NC(=O)[C@@H](NC(=O)OCc1ccccc1)C(C)(C)S(C)(=O)=O"", ""data_validity_comment"": null, ""data_validity_description"": null, ""document_chembl_id"": ""CHEMBL1130577"", ""document_journal"": ""Bioorg Med Chem Lett"", ""document_year"": 1997, ""ligand_efficiency"": {""bei"": ""13.96"", ""le"": ""0.28"", ""lle"": ""6.05"", ""sei"": ""6.01""}, ""molecule_chembl_id"": ""CHEMBL86971"", ""molecule_pref_name"": null, ""parent_molecule_chembl_id"": ""CHEMBL86971"", ""pchembl_value"": ""9.10"", ""potential_duplicate"": 0, ""qudt_units"": ""http://www.openphacts.org/units/Nanomolar"", ""record_id"": 161347, ""relation"": ""="", ""src_id"": 1, ""standard_flag"": 1, ""standard_relation"": ""="", ""standard_text_value"": null, ""standard_type"": ""Ki"", ""standard_units"": ""nM"", ""standard_upper_value"": null, ""standard_value"": ""0.8"", ""target_chembl_id"": ""CHEMBL243"", ""target_organism"": ""Human immunodeficiency virus 1"", ""target_pref_name"": ""Human immunodeficiency virus type 1 protease"", ""target_tax_id"": ""11676"", ""text_value"": null, ""toid"": null, ""type"": ""Ki"", ""units"": ""nM"", ""uo_units"": ""UO_0000065"", ""upper_value"": null, ""value"": ""0.8""}","{""action_type"": null, ""activity_comment"": null, ""activity_id"": 32170, ""activity_properties"": [], ""assay_chembl_id"": ""CHEMBL690412"", ""assay_description"": ""Compound was tested for its inhibitory activity against HIV-1 protease"", ""assay_type"": ""B"", ""assay_variant_accession"": null, ""assay_variant_mutation"": null, ""bao_endpoint"": ""BAO_0000192"", ""bao_format"": ""BAO_0000357"", ""bao_label"": ""single protein format"", ""canonical_smiles"": ""CCN(C(C)C)S(=O)(=O)CC[C@@H]1O[C@@H]1[C@H](Cc1ccccc1)NC(=O)[C@@H](NC(=O)OCc1ccccc1)C(C)(C)S(C)(=O)=O"", ""data_validity_comment"": null, ""data_validity_description"": null, ""document_chembl_id"": ""CHEMBL1130577"", ""document_journal"": ""Bioorg Med Chem Lett"", ""document_year"": 1997, ""ligand_efficiency"": {""bei"": ""13.96"", ""le"": ""0.28"", ""lle"": ""6.05"", ""sei"": ""6.01""}, ""molecule_chembl_id"": ""CHEMBL86971"", ""molecule_pref_name"": null, ""parent_molecule_chembl_id"": ""CHEMBL86971"", ""pchembl_value"": ""9.10"", ""potential_duplicate"": 0, ""qudt_units"": ""http://www.openphacts.org/units/Nanomolar"", ""record_id"": 161347, ""relation"": ""="", ""src_id"": 1, ""standard_flag"": 1, ""standard_relation"": ""="", ""standard_text_value"": null, ""standard_type"": ""Ki"", ""standard_units"": ""nM"", ""standard_upper_value"": null, ""standard_value"": ""0.8"", ""target_chembl_id"": ""CHEMBL243"", ""target_organism"": ""Human immunodeficiency virus 1"", ""target_pref_name"": ""Human immunodeficiency virus type 1 protease"", ""target_tax_id"": ""11676"", ""text_value"": null, ""toid"": null, ""type"": ""Ki"", ""units"": ""nM"", ""uo_units"": ""UO_0000065"", ""upper_value"": null, ""value"": ""0.8""}","583dc675-942e-5de8-b3d7-eceabebe7bd7","{}"
"785c5bb7-a083-504b-86c7-abf84f4e761c","chembl_activity","chembl_activity","chembl","bronze","67","32172","32172","b912cb7229f186fa9993f41aa897521bea0822540436cdbedd4c63147f22f069","b912cb7229f186fa9993f41aa897521bea0822540436cdbedd4c63147f22f069","b912cb7229f186fa9993f41aa897521bea0822540436cdbedd4c63147f22f069","included","","","","","","","","","extract","2026-06-30T10:43:54.021713+00:00","{""action_type"": null, ""activity_comment"": null, ""activity_id"": 32172, ""activity_properties"": [], ""assay_chembl_id"": ""CHEMBL688274"", ""assay_description"": ""Inhibitory activity was evaluated against HIV-1 protease by using reverse transcription assay"", ""assay_type"": ""F"", ""assay_variant_accession"": null, ""assay_variant_mutation"": null, ""bao_endpoint"": ""BAO_0000190"", ""bao_format"": ""BAO_0000219"", ""bao_label"": ""cell-based format"", ""canonical_smiles"": ""CCN(C(C)C)S(=O)(=O)CC[C@@H]1O[C@@H]1[C@H](Cc1ccccc1)NC(=O)[C@@H](NC(=O)OCc1ccccc1)C(C)(C)S(C)(=O)=O"", ""data_validity_comment"": null, ""data_validity_description"": null, ""document_chembl_id"": ""CHEMBL1130577"", ""document_journal"": ""Bioorg Med Chem Lett"", ""document_year"": 1997, ""ligand_efficiency"": null, ""molecule_chembl_id"": ""CHEMBL86971"", ""molecule_pref_name"": null, ""parent_molecule_chembl_id"": ""CHEMBL86971"", ""pchembl_value"": ""7.96"", ""potential_duplicate"": 0, ""qudt_units"": ""http://www.openphacts.org/units/Nanomolar"", ""record_id"": 161347, ""relation"": ""="", ""src_id"": 1, ""standard_flag"": 1, ""standard_relation"": ""="", ""standard_text_value"": null, ""standard_type"": ""IC50"", ""standard_units"": ""nM"", ""standard_upper_value"": null, ""standard_value"": ""10.9"", ""target_chembl_id"": ""CHEMBL614806"", ""target_organism"": ""Homo sapiens"", ""target_pref_name"": ""H9"", ""target_tax_id"": ""9606"", ""text_value"": null, ""toid"": null, ""type"": ""IC50"", ""units"": ""nM"", ""uo_units"": ""UO_0000065"", ""upper_value"": null, ""value"": ""10.9""}","{""action_type"": null, ""activity_comment"": null, ""activity_id"": 32172, ""activity_properties"": [], ""assay_chembl_id"": ""CHEMBL688274"", ""assay_description"": ""Inhibitory activity was evaluated against HIV-1 protease by using reverse transcription assay"", ""assay_type"": ""F"", ""assay_variant_accession"": null, ""assay_variant_mutation"": null, ""bao_endpoint"": ""BAO_0000190"", ""bao_format"": ""BAO_0000219"", ""bao_label"": ""cell-based format"", ""canonical_smiles"": ""CCN(C(C)C)S(=O)(=O)CC[C@@H]1O[C@@H]1[C@H](Cc1ccccc1)NC(=O)[C@@H](NC(=O)OCc1ccccc1)C(C)(C)S(C)(=O)=O"", ""data_validity_comment"": null, ""data_validity_description"": null, ""document_chembl_id"": ""CHEMBL1130577"", ""document_journal"": ""Bioorg Med Chem Lett"", ""document_year"": 1997, ""ligand_efficiency"": null, ""molecule_chembl_id"": ""CHEMBL86971"", ""molecule_pref_name"": null, ""parent_molecule_chembl_id"": ""CHEMBL86971"", ""pchembl_value"": ""7.96"", ""potential_duplicate"": 0, ""qudt_units"": ""http://www.openphacts.org/units/Nanomolar"", ""record_id"": 161347, ""relation"": ""="", ""src_id"": 1, ""standard_flag"": 1, ""standard_relation"": ""="", ""standard_text_value"": null, ""standard_type"": ""IC50"", ""standard_units"": ""nM"", ""standard_upper_value"": null, ""standard_value"": ""10.9"", ""target_chembl_id"": ""CHEMBL614806"", ""target_organism"": ""Homo sapiens"", ""target_pref_name"": ""H9"", ""target_tax_id"": ""9606"", ""text_value"": null, ""toid"": null, ""type"": ""IC50"", ""units"": ""nM"", ""uo_units"": ""UO_0000065"", ""upper_value"": null, ""value"": ""10.9""}","583dc675-942e-5de8-b3d7-eceabebe7bd7","{}"
"785c5bb7-a083-504b-86c7-abf84f4e761c","chembl_activity","chembl_activity","chembl","bronze","68","32174","32174","bd039aaa82a3898e2e8dc4b1c99bbaf7ceb9afaa3ee07bf1d7c69b1feea4b699","bd039aaa82a3898e2e8dc4b1c99bbaf7ceb9afaa3ee07bf1d7c69b1feea4b699","bd039aaa82a3898e2e8dc4b1c99bbaf7ceb9afaa3ee07bf1d7c69b1feea4b699","included","","","","","","","","","extract","2026-06-30T10:43:54.021713+00:00","{""action_type"": null, ""activity_comment"": null, ""activity_id"": 32174, ""activity_properties"": [], ""assay_chembl_id"": ""CHEMBL688273"", ""assay_description"": ""Inhibitory activity was evaluated against HIV-1 in H9 and Sup T1 cell lines as assessed by syncytium formation and reverse transcriptase assay"", ""assay_type"": ""F"", ""assay_variant_accession"": null, ""assay_variant_mutation"": null, ""bao_endpoint"": ""BAO_0000190"", ""bao_format"": ""BAO_0000219"", ""bao_label"": ""cell-based format"", ""canonical_smiles"": ""CC(C)C(NC(=O)C[C@@H]1O[C@@H]1[C@H](Cc1ccccc1)NC(=O)[C@H](CC(N)=O)NC(=O)c1ccc2ccccc2n1)C(C)C"", ""data_validity_comment"": null, ""data_validity_description"": null, ""document_chembl_id"": ""CHEMBL1130577"", ""document_journal"": ""Bioorg Med Chem Lett"", ""document_year"": 1997, ""ligand_efficiency"": null, ""molecule_chembl_id"": ""CHEMBL312911"", ""molecule_pref_name"": null, ""parent_molecule_chembl_id"": ""CHEMBL312911"", ""pchembl_value"": ""7.70"", ""potential_duplicate"": 0, ""qudt_units"": ""http://www.openphacts.org/units/Nanomolar"", ""record_id"": 161344, ""relation"": ""="", ""src_id"": 1, ""standard_flag"": 1, ""standard_relation"": ""="", ""standard_text_value"": null, ""standard_type"": ""IC50"", ""standard_units"": ""nM"", ""standard_upper_value"": null, ""standard_value"": ""20.0"", ""target_chembl_id"": ""CHEMBL614806"", ""target_organism"": ""Homo sapiens"", ""target_pref_name"": ""H9"", ""target_tax_id"": ""9606"", ""text_value"": null, ""toid"": null, ""type"": ""IC50"", ""units"": ""nM"", ""uo_units"": ""UO_0000065"", ""upper_value"": null, ""value"": ""20.0""}","{""action_type"": null, ""activity_comment"": null, ""activity_id"": 32174, ""activity_properties"": [], ""assay_chembl_id"": ""CHEMBL688273"", ""assay_description"": ""Inhibitory activity was evaluated against HIV-1 in H9 and Sup T1 cell lines as assessed by syncytium formation and reverse transcriptase assay"", ""assay_type"": ""F"", ""assay_variant_accession"": null, ""assay_variant_mutation"": null, ""bao_endpoint"": ""BAO_0000190"", ""bao_format"": ""BAO_0000219"", ""bao_label"": ""cell-based format"", ""canonical_smiles"": ""CC(C)C(NC(=O)C[C@@H]1O[C@@H]1[C@H](Cc1ccccc1)NC(=O)[C@H](CC(N)=O)NC(=O)c1ccc2ccccc2n1)C(C)C"", ""data_validity_comment"": null, ""data_validity_description"": null, ""document_chembl_id"": ""CHEMBL1130577"", ""document_journal"": ""Bioorg Med Chem Lett"", ""document_year"": 1997, ""ligand_efficiency"": null, ""molecule_chembl_id"": ""CHEMBL312911"", ""molecule_pref_name"": null, ""parent_molecule_chembl_id"": ""CHEMBL312911"", ""pchembl_value"": ""7.70"", ""potential_duplicate"": 0, ""qudt_units"": ""http://www.openphacts.org/units/Nanomolar"", ""record_id"": 161344, ""relation"": ""="", ""src_id"": 1, ""standard_flag"": 1, ""standard_relation"": ""="", ""standard_text_value"": null, ""standard_type"": ""IC50"", ""standard_units"": ""nM"", ""standard_upper_value"": null, ""standard_value"": ""20.0"", ""target_chembl_id"": ""CHEMBL614806"", ""target_organism"": ""Homo sapiens"", ""target_pref_name"": ""H9"", ""target_tax_id"": ""9606"", ""text_value"": null, ""toid"": null, ""type"": ""IC50"", ""units"": ""nM"", ""uo_units"": ""UO_0000065"", ""upper_value"": null, ""value"": ""20.0""}","583dc675-942e-5de8-b3d7-eceabebe7bd7","{}"
"785c5bb7-a083-504b-86c7-abf84f4e761c","chembl_activity","chembl_activity","chembl","bronze","69","32178","32178","0eab2a92fc15fd502fd681545bfe45c08583703332cb1a0ff9835f4b9a30244b","0eab2a92fc15fd502fd681545bfe45c08583703332cb1a0ff9835f4b9a30244b","0eab2a92fc15fd502fd681545bfe45c08583703332cb1a0ff9835f4b9a30244b","included","","","","","","","","","extract","2026-06-30T10:43:54.021713+00:00","{""action_type"": null, ""activity_comment"": null, ""activity_id"": 32178, ""activity_properties"": [], ""assay_chembl_id"": ""CHEMBL681645"", ""assay_description"": ""In vitro inhibitory concentration evaluated against P21ras Farnesyl transferase"", ""assay_type"": ""B"", ""assay_variant_accession"": null, ""assay_variant_mutation"": null, ""bao_endpoint"": ""BAO_0000190"", ""bao_format"": ""BAO_0000223"", ""bao_label"": ""protein complex format"", ""canonical_smiles"": ""CSCC[C@H](NC(=O)[C@@H](Cc1ccccc1)NC(=O)[C@@H](NC(=O)[C@@H](N)CS)C(C)C)C(=O)O"", ""data_validity_comment"": null, ""data_validity_description"": null, ""document_chembl_id"": ""CHEMBL1127275"", ""document_journal"": ""Bioorg Med Chem Lett"", ""document_year"": 1994, ""ligand_efficiency"": {""bei"": ""10.60"", ""le"": ""0.22"", ""lle"": ""4.85"", ""sei"": ""3.51""}, ""molecule_chembl_id"": ""CHEMBL78855"", ""molecule_pref_name"": null, ""parent_molecule_chembl_id"": ""CHEMBL78855"", ""pchembl_value"": ""5.28"", ""potential_duplicate"": 0, ""qudt_units"": ""http://www.openphacts.org/units/Nanomolar"", ""record_id"": 337402, ""relation"": ""="", ""src_id"": 1, ""standard_flag"": 1, ""standard_relation"": ""="", ""standard_text_value"": null, ""standard_type"": ""IC50"", ""standard_units"": ""nM"", ""standard_upper_value"": null, ""standard_value"": ""5200.0"", ""target_chembl_id"": ""CHEMBL2095197"", ""target_organism"": ""Rattus norvegicus"", ""target_pref_name"": ""Protein farnesyltransferase"", ""target_tax_id"": ""10116"", ""text_value"": null, ""toid"": null, ""type"": ""IC50"", ""units"": ""nM"", ""uo_units"": ""UO_0000065"", ""upper_value"": null, ""value"": ""5200.0""}","{""action_type"": null, ""activity_comment"": null, ""activity_id"": 32178, ""activity_properties"": [], ""assay_chembl_id"": ""CHEMBL681645"", ""assay_description"": ""In vitro inhibitory concentration evaluated against P21ras Farnesyl transferase"", ""assay_type"": ""B"", ""assay_variant_accession"": null, ""assay_variant_mutation"": null, ""bao_endpoint"": ""BAO_0000190"", ""bao_format"": ""BAO_0000223"", ""bao_label"": ""protein complex format"", ""canonical_smiles"": ""CSCC[C@H](NC(=O)[C@@H](Cc1ccccc1)NC(=O)[C@@H](NC(=O)[C@@H](N)CS)C(C)C)C(=O)O"", ""data_validity_comment"": null, ""data_validity_description"": null, ""document_chembl_id"": ""CHEMBL1127275"", ""document_journal"": ""Bioorg Med Chem Lett"", ""document_year"": 1994, ""ligand_efficiency"": {""bei"": ""10.60"", ""le"": ""0.22"", ""lle"": ""4.85"", ""sei"": ""3.51""}, ""molecule_chembl_id"": ""CHEMBL78855"", ""molecule_pref_name"": null, ""parent_molecule_chembl_id"": ""CHEMBL78855"", ""pchembl_value"": ""5.28"", ""potential_duplicate"": 0, ""qudt_units"": ""http://www.openphacts.org/units/Nanomolar"", ""record_id"": 337402, ""relation"": ""="", ""src_id"": 1, ""standard_flag"": 1, ""standard_relation"": ""="", ""standard_text_value"": null, ""standard_type"": ""IC50"", ""standard_units"": ""nM"", ""standard_upper_value"": null, ""standard_value"": ""5200.0"", ""target_chembl_id"": ""CHEMBL2095197"", ""target_organism"": ""Rattus norvegicus"", ""target_pref_name"": ""Protein farnesyltransferase"", ""target_tax_id"": ""10116"", ""text_value"": null, ""toid"": null, ""type"": ""IC50"", ""units"": ""nM"", ""uo_units"": ""UO_0000065"", ""upper_value"": null, ""value"": ""5200.0""}","583dc675-942e-5de8-b3d7-eceabebe7bd7","{}"
"785c5bb7-a083-504b-86c7-abf84f4e761c","chembl_activity","chembl_activity","chembl","bronze","70","32187","32187","07cad0ff4ab5a13b70766c77a7f87c79045e922100f814ba3bce748073d0b86d","07cad0ff4ab5a13b70766c77a7f87c79045e922100f814ba3bce748073d0b86d","07cad0ff4ab5a13b70766c77a7f87c79045e922100f814ba3bce748073d0b86d","included","","","","","","","","","extract","2026-06-30T10:43:54.021713+00:00","{""action_type"": null, ""activity_comment"": null, ""activity_id"": 32187, ""activity_properties"": [], ""assay_chembl_id"": ""CHEMBL616136"", ""assay_description"": ""Affinity for 5-hydroxytryptamine 1A receptor subtype"", ""assay_type"": ""B"", ""assay_variant_accession"": null, ""assay_variant_mutation"": null, ""bao_endpoint"": ""BAO_0000192"", ""bao_format"": ""BAO_0000357"", ""bao_label"": ""single protein format"", ""canonical_smiles"": ""COc1ccc(NC(=O)c2ccc(-c3ccc(-c4noc(C)n4)cc3C)cc2)cc1N1CCN(C)CC1"", ""data_validity_comment"": null, ""data_validity_description"": null, ""document_chembl_id"": ""CHEMBL1150041"", ""document_journal"": ""Bioorg Med Chem Lett"", ""document_year"": 1997, ""ligand_efficiency"": {""bei"": ""14.35"", ""le"": ""0.26"", ""lle"": ""2.11"", ""sei"": ""8.53""}, ""molecule_chembl_id"": ""CHEMBL15928"", ""molecule_pref_name"": ""GR-127935"", ""parent_molecule_chembl_id"": ""CHEMBL15928"", ""pchembl_value"": ""7.14"", ""potential_duplicate"": 0, ""qudt_units"": ""http://www.openphacts.org/units/Nanomolar"", ""record_id"": 203462, ""relation"": ""="", ""src_id"": 1, ""standard_flag"": 1, ""standard_relation"": ""="", ""standard_text_value"": null, ""standard_type"": ""Ki"", ""standard_units"": ""nM"", ""standard_upper_value"": null, ""standard_value"": ""72.0"", ""target_chembl_id"": ""CHEMBL214"", ""target_organism"": ""Homo sapiens"", ""target_pref_name"": ""5-hydroxytryptamine receptor 1A"", ""target_tax_id"": ""9606"", ""text_value"": null, ""toid"": null, ""type"": ""Ki"", ""units"": ""nM"", ""uo_units"": ""UO_0000065"", ""upper_value"": null, ""value"": ""72.0""}","{""action_type"": null, ""activity_comment"": null, ""activity_id"": 32187, ""activity_properties"": [], ""assay_chembl_id"": ""CHEMBL616136"", ""assay_description"": ""Affinity for 5-hydroxytryptamine 1A receptor subtype"", ""assay_type"": ""B"", ""assay_variant_accession"": null, ""assay_variant_mutation"": null, ""bao_endpoint"": ""BAO_0000192"", ""bao_format"": ""BAO_0000357"", ""bao_label"": ""single protein format"", ""canonical_smiles"": ""COc1ccc(NC(=O)c2ccc(-c3ccc(-c4noc(C)n4)cc3C)cc2)cc1N1CCN(C)CC1"", ""data_validity_comment"": null, ""data_validity_description"": null, ""document_chembl_id"": ""CHEMBL1150041"", ""document_journal"": ""Bioorg Med Chem Lett"", ""document_year"": 1997, ""ligand_efficiency"": {""bei"": ""14.35"", ""le"": ""0.26"", ""lle"": ""2.11"", ""sei"": ""8.53""}, ""molecule_chembl_id"": ""CHEMBL15928"", ""molecule_pref_name"": ""GR-127935"", ""parent_molecule_chembl_id"": ""CHEMBL15928"", ""pchembl_value"": ""7.14"", ""potential_duplicate"": 0, ""qudt_units"": ""http://www.openphacts.org/units/Nanomolar"", ""record_id"": 203462, ""relation"": ""="", ""src_id"": 1, ""standard_flag"": 1, ""standard_relation"": ""="", ""standard_text_value"": null, ""standard_type"": ""Ki"", ""standard_units"": ""nM"", ""standard_upper_value"": null, ""standard_value"": ""72.0"", ""target_chembl_id"": ""CHEMBL214"", ""target_organism"": ""Homo sapiens"", ""target_pref_name"": ""5-hydroxytryptamine receptor 1A"", ""target_tax_id"": ""9606"", ""text_value"": null, ""toid"": null, ""type"": ""Ki"", ""units"": ""nM"", ""uo_units"": ""UO_0000065"", ""upper_value"": null, ""value"": ""72.0""}","583dc675-942e-5de8-b3d7-eceabebe7bd7","{}"
"785c5bb7-a083-504b-86c7-abf84f4e761c","chembl_activity","chembl_activity","chembl","bronze","71","32188","32188","21840a0b6e1a57c93fbe34566916d21d72fb328686657088ee77bfd8e22db819","21840a0b6e1a57c93fbe34566916d21d72fb328686657088ee77bfd8e22db819","21840a0b6e1a57c93fbe34566916d21d72fb328686657088ee77bfd8e22db819","included","","","","","","","","","extract","2026-06-30T10:43:54.021713+00:00","{""action_type"": null, ""activity_comment"": null, ""activity_id"": 32188, ""activity_properties"": [], ""assay_chembl_id"": ""CHEMBL616937"", ""assay_description"": ""Affinity for 5-hydroxytryptamine 1D receptor subtype"", ""assay_type"": ""B"", ""assay_variant_accession"": null, ""assay_variant_mutation"": null, ""bao_endpoint"": ""BAO_0000192"", ""bao_format"": ""BAO_0000357"", ""bao_label"": ""single protein format"", ""canonical_smiles"": ""COc1ccc(NC(=O)c2ccc(-c3ccc(-c4noc(C)n4)cc3C)cc2)cc1N1CCN(C)CC1"", ""data_validity_comment"": null, ""data_validity_description"": null, ""document_chembl_id"": ""CHEMBL1150041"", ""document_journal"": ""Bioorg Med Chem Lett"", ""document_year"": 1997, ""ligand_efficiency"": {""bei"": ""18.40"", ""le"": ""0.34"", ""lle"": ""4.12"", ""sei"": ""10.93""}, ""molecule_chembl_id"": ""CHEMBL15928"", ""molecule_pref_name"": ""GR-127935"", ""parent_molecule_chembl_id"": ""CHEMBL15928"", ""pchembl_value"": ""9.15"", ""potential_duplicate"": 0, ""qudt_units"": ""http://www.openphacts.org/units/Nanomolar"", ""record_id"": 203462, ""relation"": ""="", ""src_id"": 1, ""standard_flag"": 1, ""standard_relation"": ""="", ""standard_text_value"": null, ""standard_type"": ""Ki"", ""standard_units"": ""nM"", ""standard_upper_value"": null, ""standard_value"": ""0.7"", ""target_chembl_id"": ""CHEMBL1983"", ""target_organism"": ""Homo sapiens"", ""target_pref_name"": ""5-hydroxytryptamine receptor 1D"", ""target_tax_id"": ""9606"", ""text_value"": null, ""toid"": null, ""type"": ""Ki"", ""units"": ""nM"", ""uo_units"": ""UO_0000065"", ""upper_value"": null, ""value"": ""0.7""}","{""action_type"": null, ""activity_comment"": null, ""activity_id"": 32188, ""activity_properties"": [], ""assay_chembl_id"": ""CHEMBL616937"", ""assay_description"": ""Affinity for 5-hydroxytryptamine 1D receptor subtype"", ""assay_type"": ""B"", ""assay_variant_accession"": null, ""assay_variant_mutation"": null, ""bao_endpoint"": ""BAO_0000192"", ""bao_format"": ""BAO_0000357"", ""bao_label"": ""single protein format"", ""canonical_smiles"": ""COc1ccc(NC(=O)c2ccc(-c3ccc(-c4noc(C)n4)cc3C)cc2)cc1N1CCN(C)CC1"", ""data_validity_comment"": null, ""data_validity_description"": null, ""document_chembl_id"": ""CHEMBL1150041"", ""document_journal"": ""Bioorg Med Chem Lett"", ""document_year"": 1997, ""ligand_efficiency"": {""bei"": ""18.40"", ""le"": ""0.34"", ""lle"": ""4.12"", ""sei"": ""10.93""}, ""molecule_chembl_id"": ""CHEMBL15928"", ""molecule_pref_name"": ""GR-127935"", ""parent_molecule_chembl_id"": ""CHEMBL15928"", ""pchembl_value"": ""9.15"", ""potential_duplicate"": 0, ""qudt_units"": ""http://www.openphacts.org/units/Nanomolar"", ""record_id"": 203462, ""relation"": ""="", ""src_id"": 1, ""standard_flag"": 1, ""standard_relation"": ""="", ""standard_text_value"": null, ""standard_type"": ""Ki"", ""standard_units"": ""nM"", ""standard_upper_value"": null, ""standard_value"": ""0.7"", ""target_chembl_id"": ""CHEMBL1983"", ""target_organism"": ""Homo sapiens"", ""target_pref_name"": ""5-hydroxytryptamine receptor 1D"", ""target_tax_id"": ""9606"", ""text_value"": null, ""toid"": null, ""type"": ""Ki"", ""units"": ""nM"", ""uo_units"": ""UO_0000065"", ""upper_value"": null, ""value"": ""0.7""}","583dc675-942e-5de8-b3d7-eceabebe7bd7","{}"
"785c5bb7-a083-504b-86c7-abf84f4e761c","chembl_activity","chembl_activity","chembl","bronze","72","32189","32189","ab1e3d2c358a03a81ecf42225841feb3e03b9d4dea5d7254d24e1fbcd9f4cb7c","ab1e3d2c358a03a81ecf42225841feb3e03b9d4dea5d7254d24e1fbcd9f4cb7c","ab1e3d2c358a03a81ecf42225841feb3e03b9d4dea5d7254d24e1fbcd9f4cb7c","included","","","","","","","","","extract","2026-06-30T10:43:54.021713+00:00","{""action_type"": null, ""activity_comment"": null, ""activity_id"": 32189, ""activity_properties"": [], ""assay_chembl_id"": ""CHEMBL616433"", ""assay_description"": ""Affinity for 5-hydroxytryptamine 1B receptor subtype"", ""assay_type"": ""B"", ""assay_variant_accession"": null, ""assay_variant_mutation"": null, ""bao_endpoint"": ""BAO_0000192"", ""bao_format"": ""BAO_0000357"", ""bao_label"": ""single protein format"", ""canonical_smiles"": ""COc1ccc(NC(=O)c2ccc(-c3ccc(-c4noc(C)n4)cc3C)cc2)cc1N1CCN(C)CC1"", ""data_validity_comment"": null, ""data_validity_description"": null, ""document_chembl_id"": ""CHEMBL1150041"", ""document_journal"": ""Bioorg Med Chem Lett"", ""document_year"": 1997, ""ligand_efficiency"": {""bei"": ""19.80"", ""le"": ""0.36"", ""lle"": ""4.82"", ""sei"": ""11.77""}, ""molecule_chembl_id"": ""CHEMBL15928"", ""molecule_pref_name"": ""GR-127935"", ""parent_molecule_chembl_id"": ""CHEMBL15928"", ""pchembl_value"": ""9.85"", ""potential_duplicate"": 0, ""qudt_units"": ""http://www.openphacts.org/units/Nanomolar"", ""record_id"": 203462, ""relation"": ""="", ""src_id"": 1, ""standard_flag"": 1, ""standard_relation"": ""="", ""standard_text_value"": null, ""standard_type"": ""Ki"", ""standard_units"": ""nM"", ""standard_upper_value"": null, ""standard_value"": ""0.14"", ""target_chembl_id"": ""CHEMBL1898"", ""target_organism"": ""Homo sapiens"", ""target_pref_name"": ""5-hydroxytryptamine receptor 1B"", ""target_tax_id"": ""9606"", ""text_value"": null, ""toid"": null, ""type"": ""Ki"", ""units"": ""nM"", ""uo_units"": ""UO_0000065"", ""upper_value"": null, ""value"": ""0.14""}","{""action_type"": null, ""activity_comment"": null, ""activity_id"": 32189, ""activity_properties"": [], ""assay_chembl_id"": ""CHEMBL616433"", ""assay_description"": ""Affinity for 5-hydroxytryptamine 1B receptor subtype"", ""assay_type"": ""B"", ""assay_variant_accession"": null, ""assay_variant_mutation"": null, ""bao_endpoint"": ""BAO_0000192"", ""bao_format"": ""BAO_0000357"", ""bao_label"": ""single protein format"", ""canonical_smiles"": ""COc1ccc(NC(=O)c2ccc(-c3ccc(-c4noc(C)n4)cc3C)cc2)cc1N1CCN(C)CC1"", ""data_validity_comment"": null, ""data_validity_description"": null, ""document_chembl_id"": ""CHEMBL1150041"", ""document_journal"": ""Bioorg Med Chem Lett"", ""document_year"": 1997, ""ligand_efficiency"": {""bei"": ""19.80"", ""le"": ""0.36"", ""lle"": ""4.82"", ""sei"": ""11.77""}, ""molecule_chembl_id"": ""CHEMBL15928"", ""molecule_pref_name"": ""GR-127935"", ""parent_molecule_chembl_id"": ""CHEMBL15928"", ""pchembl_value"": ""9.85"", ""potential_duplicate"": 0, ""qudt_units"": ""http://www.openphacts.org/units/Nanomolar"", ""record_id"": 203462, ""relation"": ""="", ""src_id"": 1, ""standard_flag"": 1, ""standard_relation"": ""="", ""standard_text_value"": null, ""standard_type"": ""Ki"", ""standard_units"": ""nM"", ""standard_upper_value"": null, ""standard_value"": ""0.14"", ""target_chembl_id"": ""CHEMBL1898"", ""target_organism"": ""Homo sapiens"", ""target_pref_name"": ""5-hydroxytryptamine receptor 1B"", ""target_tax_id"": ""9606"", ""text_value"": null, ""toid"": null, ""type"": ""Ki"", ""units"": ""nM"", ""uo_units"": ""UO_0000065"", ""upper_value"": null, ""value"": ""0.14""}","583dc675-942e-5de8-b3d7-eceabebe7bd7","{}"
"785c5bb7-a083-504b-86c7-abf84f4e761c","chembl_activity","chembl_activity","chembl","bronze","73","32191","32191","62134a5e683838dd2f1cd788d53eddde22ba022821d4fd16ad3734c5c40ab1cc","62134a5e683838dd2f1cd788d53eddde22ba022821d4fd16ad3734c5c40ab1cc","62134a5e683838dd2f1cd788d53eddde22ba022821d4fd16ad3734c5c40ab1cc","included","","","","","","","","","extract","2026-06-30T10:43:54.021713+00:00","{""action_type"": null, ""activity_comment"": null, ""activity_id"": 32191, ""activity_properties"": [], ""assay_chembl_id"": ""CHEMBL768220"", ""assay_description"": ""Inhibitory activity against U-46,619-induced rabbit platelet aggregation was determined"", ""assay_type"": ""F"", ""assay_variant_accession"": null, ""assay_variant_mutation"": null, ""bao_endpoint"": ""BAO_0000190"", ""bao_format"": ""BAO_0000218"", ""bao_label"": ""organism-based format"", ""canonical_smiles"": ""O=C(O)COc1c(F)cc(SCCNS(=O)(=O)c2ccc(Cl)cc2)cc1F"", ""data_validity_comment"": null, ""data_validity_description"": null, ""document_chembl_id"": ""CHEMBL1130537"", ""document_journal"": ""Bioorg Med Chem Lett"", ""document_year"": 1997, ""ligand_efficiency"": null, ""molecule_chembl_id"": ""CHEMBL312763"", ""molecule_pref_name"": null, ""parent_molecule_chembl_id"": ""CHEMBL312763"", ""pchembl_value"": ""6.47"", ""potential_duplicate"": 0, ""qudt_units"": ""http://www.openphacts.org/units/Nanomolar"", ""record_id"": 145787, ""relation"": ""="", ""src_id"": 1, ""standard_flag"": 1, ""standard_relation"": ""="", ""standard_text_value"": null, ""standard_type"": ""IC50"", ""standard_units"": ""nM"", ""standard_upper_value"": null, ""standard_value"": ""340.0"", ""target_chembl_id"": ""CHEMBL374"", ""target_organism"": ""Oryctolagus cuniculus"", ""target_pref_name"": ""Oryctolagus cuniculus"", ""target_tax_id"": ""9986"", ""text_value"": null, ""toid"": null, ""type"": ""IC50"", ""units"": ""M"", ""uo_units"": ""UO_0000065"", ""upper_value"": null, ""value"": ""3.4E-7""}","{""action_type"": null, ""activity_comment"": null, ""activity_id"": 32191, ""activity_properties"": [], ""assay_chembl_id"": ""CHEMBL768220"", ""assay_description"": ""Inhibitory activity against U-46,619-induced rabbit platelet aggregation was determined"", ""assay_type"": ""F"", ""assay_variant_accession"": null, ""assay_variant_mutation"": null, ""bao_endpoint"": ""BAO_0000190"", ""bao_format"": ""BAO_0000218"", ""bao_label"": ""organism-based format"", ""canonical_smiles"": ""O=C(O)COc1c(F)cc(SCCNS(=O)(=O)c2ccc(Cl)cc2)cc1F"", ""data_validity_comment"": null, ""data_validity_description"": null, ""document_chembl_id"": ""CHEMBL1130537"", ""document_journal"": ""Bioorg Med Chem Lett"", ""document_year"": 1997, ""ligand_efficiency"": null, ""molecule_chembl_id"": ""CHEMBL312763"", ""molecule_pref_name"": null, ""parent_molecule_chembl_id"": ""CHEMBL312763"", ""pchembl_value"": ""6.47"", ""potential_duplicate"": 0, ""qudt_units"": ""http://www.openphacts.org/units/Nanomolar"", ""record_id"": 145787, ""relation"": ""="", ""src_id"": 1, ""standard_flag"": 1, ""standard_relation"": ""="", ""standard_text_value"": null, ""standard_type"": ""IC50"", ""standard_units"": ""nM"", ""standard_upper_value"": null, ""standard_value"": ""340.0"", ""target_chembl_id"": ""CHEMBL374"", ""target_organism"": ""Oryctolagus cuniculus"", ""target_pref_name"": ""Oryctolagus cuniculus"", ""target_tax_id"": ""9986"", ""text_value"": null, ""toid"": null, ""type"": ""IC50"", ""units"": ""M"", ""uo_units"": ""UO_0000065"", ""upper_value"": null, ""value"": ""3.4E-7""}","583dc675-942e-5de8-b3d7-eceabebe7bd7","{}"
"785c5bb7-a083-504b-86c7-abf84f4e761c","chembl_activity","chembl_activity","chembl","bronze","74","32192","32192","d7c37854166da07e5aa61d7d5a175b86d26c00d33447cabb11b50222f0341dd1","d7c37854166da07e5aa61d7d5a175b86d26c00d33447cabb11b50222f0341dd1","d7c37854166da07e5aa61d7d5a175b86d26c00d33447cabb11b50222f0341dd1","included","","","","","","","","","extract","2026-06-30T10:43:54.021713+00:00","{""action_type"": null, ""activity_comment"": null, ""activity_id"": 32192, ""activity_properties"": [], ""assay_chembl_id"": ""CHEMBL711200"", ""assay_description"": ""Binding affinity against human matrix metalloprotease-3."", ""assay_type"": ""B"", ""assay_variant_accession"": null, ""assay_variant_mutation"": null, ""bao_endpoint"": ""BAO_0000192"", ""bao_format"": ""BAO_0000357"", ""bao_label"": ""single protein format"", ""canonical_smiles"": ""CNC(=O)[C@@H](NC(=O)[C@H](CCCc1ccccc1)[C@@](C)(O)C(=O)NO)C(C)(C)C"", ""data_validity_comment"": null, ""data_validity_description"": null, ""document_chembl_id"": ""CHEMBL1130781"", ""document_journal"": ""Bioorg Med Chem Lett"", ""document_year"": 1998, ""ligand_efficiency"": {""bei"": ""19.35"", ""le"": ""0.37"", ""lle"": ""6.73"", ""sei"": ""6.17""}, ""molecule_chembl_id"": ""CHEMBL169084"", ""molecule_pref_name"": null, ""parent_molecule_chembl_id"": ""CHEMBL169084"", ""pchembl_value"": ""7.89"", ""potential_duplicate"": 0, ""qudt_units"": ""http://www.openphacts.org/units/Nanomolar"", ""record_id"": 332241, ""relation"": ""="", ""src_id"": 1, ""standard_flag"": 1, ""standard_relation"": ""="", ""standard_text_value"": null, ""standard_type"": ""Ki"", ""standard_units"": ""nM"", ""standard_upper_value"": null, ""standard_value"": ""13.0"", ""target_chembl_id"": ""CHEMBL283"", ""target_organism"": ""Homo sapiens"", ""target_pref_name"": ""Stromelysin-1"", ""target_tax_id"": ""9606"", ""text_value"": null, ""toid"": null, ""type"": ""Ki"", ""units"": ""nM"", ""uo_units"": ""UO_0000065"", ""upper_value"": null, ""value"": ""13.0""}","{""action_type"": null, ""activity_comment"": null, ""activity_id"": 32192, ""activity_properties"": [], ""assay_chembl_id"": ""CHEMBL711200"", ""assay_description"": ""Binding affinity against human matrix metalloprotease-3."", ""assay_type"": ""B"", ""assay_variant_accession"": null, ""assay_variant_mutation"": null, ""bao_endpoint"": ""BAO_0000192"", ""bao_format"": ""BAO_0000357"", ""bao_label"": ""single protein format"", ""canonical_smiles"": ""CNC(=O)[C@@H](NC(=O)[C@H](CCCc1ccccc1)[C@@](C)(O)C(=O)NO)C(C)(C)C"", ""data_validity_comment"": null, ""data_validity_description"": null, ""document_chembl_id"": ""CHEMBL1130781"", ""document_journal"": ""Bioorg Med Chem Lett"", ""document_year"": 1998, ""ligand_efficiency"": {""bei"": ""19.35"", ""le"": ""0.37"", ""lle"": ""6.73"", ""sei"": ""6.17""}, ""molecule_chembl_id"": ""CHEMBL169084"", ""molecule_pref_name"": null, ""parent_molecule_chembl_id"": ""CHEMBL169084"", ""pchembl_value"": ""7.89"", ""potential_duplicate"": 0, ""qudt_units"": ""http://www.openphacts.org/units/Nanomolar"", ""record_id"": 332241, ""relation"": ""="", ""src_id"": 1, ""standard_flag"": 1, ""standard_relation"": ""="", ""standard_text_value"": null, ""standard_type"": ""Ki"", ""standard_units"": ""nM"", ""standard_upper_value"": null, ""standard_value"": ""13.0"", ""target_chembl_id"": ""CHEMBL283"", ""target_organism"": ""Homo sapiens"", ""target_pref_name"": ""Stromelysin-1"", ""target_tax_id"": ""9606"", ""text_value"": null, ""toid"": null, ""type"": ""Ki"", ""units"": ""nM"", ""uo_units"": ""UO_0000065"", ""upper_value"": null, ""value"": ""13.0""}","583dc675-942e-5de8-b3d7-eceabebe7bd7","{}"
"785c5bb7-a083-504b-86c7-abf84f4e761c","chembl_activity","chembl_activity","chembl","bronze","75","32193","32193","2c1deaa207faa69e11206a3010e0771a810fbb42005630e29266afbf0f7bce36","2c1deaa207faa69e11206a3010e0771a810fbb42005630e29266afbf0f7bce36","2c1deaa207faa69e11206a3010e0771a810fbb42005630e29266afbf0f7bce36","included","","","","","","","","","extract","2026-06-30T10:43:54.021713+00:00","{""action_type"": null, ""activity_comment"": null, ""activity_id"": 32193, ""activity_properties"": [], ""assay_chembl_id"": ""CHEMBL709107"", ""assay_description"": ""Binding affinity was evaluated against matrix metalloprotease-1"", ""assay_type"": ""B"", ""assay_variant_accession"": null, ""assay_variant_mutation"": null, ""bao_endpoint"": ""BAO_0000192"", ""bao_format"": ""BAO_0000357"", ""bao_label"": ""single protein format"", ""canonical_smiles"": ""CNC(=O)[C@@H](NC(=O)[C@H](CCCc1ccccc1)[C@@](C)(O)C(=O)NO)C(C)(C)C"", ""data_validity_comment"": null, ""data_validity_description"": null, ""document_chembl_id"": ""CHEMBL1130781"", ""document_journal"": ""Bioorg Med Chem Lett"", ""document_year"": 1998, ""ligand_efficiency"": {""bei"": ""19.35"", ""le"": ""0.37"", ""lle"": ""6.73"", ""sei"": ""6.17""}, ""molecule_chembl_id"": ""CHEMBL169084"", ""molecule_pref_name"": null, ""parent_molecule_chembl_id"": ""CHEMBL169084"", ""pchembl_value"": ""7.89"", ""potential_duplicate"": 0, ""qudt_units"": ""http://www.openphacts.org/units/Nanomolar"", ""record_id"": 332241, ""relation"": ""="", ""src_id"": 1, ""standard_flag"": 1, ""standard_relation"": ""="", ""standard_text_value"": null, ""standard_type"": ""Ki"", ""standard_units"": ""nM"", ""standard_upper_value"": null, ""standard_value"": ""13.0"", ""target_chembl_id"": ""CHEMBL332"", ""target_organism"": ""Homo sapiens"", ""target_pref_name"": ""Interstitial collagenase"", ""target_tax_id"": ""9606"", ""text_value"": null, ""toid"": null, ""type"": ""Ki"", ""units"": ""nM"", ""uo_units"": ""UO_0000065"", ""upper_value"": null, ""value"": ""13.0""}","{""action_type"": null, ""activity_comment"": null, ""activity_id"": 32193, ""activity_properties"": [], ""assay_chembl_id"": ""CHEMBL709107"", ""assay_description"": ""Binding affinity was evaluated against matrix metalloprotease-1"", ""assay_type"": ""B"", ""assay_variant_accession"": null, ""assay_variant_mutation"": null, ""bao_endpoint"": ""BAO_0000192"", ""bao_format"": ""BAO_0000357"", ""bao_label"": ""single protein format"", ""canonical_smiles"": ""CNC(=O)[C@@H](NC(=O)[C@H](CCCc1ccccc1)[C@@](C)(O)C(=O)NO)C(C)(C)C"", ""data_validity_comment"": null, ""data_validity_description"": null, ""document_chembl_id"": ""CHEMBL1130781"", ""document_journal"": ""Bioorg Med Chem Lett"", ""document_year"": 1998, ""ligand_efficiency"": {""bei"": ""19.35"", ""le"": ""0.37"", ""lle"": ""6.73"", ""sei"": ""6.17""}, ""molecule_chembl_id"": ""CHEMBL169084"", ""molecule_pref_name"": null, ""parent_molecule_chembl_id"": ""CHEMBL169084"", ""pchembl_value"": ""7.89"", ""potential_duplicate"": 0, ""qudt_units"": ""http://www.openphacts.org/units/Nanomolar"", ""record_id"": 332241, ""relation"": ""="", ""src_id"": 1, ""standard_flag"": 1, ""standard_relation"": ""="", ""standard_text_value"": null, ""standard_type"": ""Ki"", ""standard_units"": ""nM"", ""standard_upper_value"": null, ""standard_value"": ""13.0"", ""target_chembl_id"": ""CHEMBL332"", ""target_organism"": ""Homo sapiens"", ""target_pref_name"": ""Interstitial collagenase"", ""target_tax_id"": ""9606"", ""text_value"": null, ""toid"": null, ""type"": ""Ki"", ""units"": ""nM"", ""uo_units"": ""UO_0000065"", ""upper_value"": null, ""value"": ""13.0""}","583dc675-942e-5de8-b3d7-eceabebe7bd7","{}"
"785c5bb7-a083-504b-86c7-abf84f4e761c","chembl_activity","chembl_activity","chembl","bronze","76","32196","32196","a9293a2c19c08c46a80715ac417d9840adcc022a82f0e492e2b865385dc8ebb5","a9293a2c19c08c46a80715ac417d9840adcc022a82f0e492e2b865385dc8ebb5","a9293a2c19c08c46a80715ac417d9840adcc022a82f0e492e2b865385dc8ebb5","included","","","","","","","","","extract","2026-06-30T10:43:54.021713+00:00","{""action_type"": null, ""activity_comment"": null, ""activity_id"": 32196, ""activity_properties"": [], ""assay_chembl_id"": ""CHEMBL689457"", ""assay_description"": ""Inhibitory concentration against interleukin-1 beta production in HL-60 cells stimulated with lipopolysaccharide (LPS)."", ""assay_type"": ""F"", ""assay_variant_accession"": null, ""assay_variant_mutation"": null, ""bao_endpoint"": ""BAO_0000190"", ""bao_format"": ""BAO_0000219"", ""bao_label"": ""cell-based format"", ""canonical_smiles"": ""COc1ccc(-c2cc(Oc3ccc([N+](=O)[O-])cc3)nnc2-c2ccc(OC)cc2)cc1"", ""data_validity_comment"": null, ""data_validity_description"": null, ""document_chembl_id"": ""CHEMBL1133942"", ""document_journal"": ""Bioorg Med Chem Lett"", ""document_year"": 2001, ""ligand_efficiency"": null, ""molecule_chembl_id"": ""CHEMBL76526"", ""molecule_pref_name"": null, ""parent_molecule_chembl_id"": ""CHEMBL76526"", ""pchembl_value"": ""6.20"", ""potential_duplicate"": 0, ""qudt_units"": ""http://www.openphacts.org/units/Nanomolar"", ""record_id"": 138827, ""relation"": ""="", ""src_id"": 1, ""standard_flag"": 1, ""standard_relation"": ""="", ""standard_text_value"": null, ""standard_type"": ""IC50"", ""standard_units"": ""nM"", ""standard_upper_value"": null, ""standard_value"": ""630.0"", ""target_chembl_id"": ""CHEMBL383"", ""target_organism"": ""Homo sapiens"", ""target_pref_name"": ""HL-60"", ""target_tax_id"": ""9606"", ""text_value"": null, ""toid"": null, ""type"": ""IC50"", ""units"": ""uM"", ""uo_units"": ""UO_0000065"", ""upper_value"": null, ""value"": ""0.63""}","{""action_type"": null, ""activity_comment"": null, ""activity_id"": 32196, ""activity_properties"": [], ""assay_chembl_id"": ""CHEMBL689457"", ""assay_description"": ""Inhibitory concentration against interleukin-1 beta production in HL-60 cells stimulated with lipopolysaccharide (LPS)."", ""assay_type"": ""F"", ""assay_variant_accession"": null, ""assay_variant_mutation"": null, ""bao_endpoint"": ""BAO_0000190"", ""bao_format"": ""BAO_0000219"", ""bao_label"": ""cell-based format"", ""canonical_smiles"": ""COc1ccc(-c2cc(Oc3ccc([N+](=O)[O-])cc3)nnc2-c2ccc(OC)cc2)cc1"", ""data_validity_comment"": null, ""data_validity_description"": null, ""document_chembl_id"": ""CHEMBL1133942"", ""document_journal"": ""Bioorg Med Chem Lett"", ""document_year"": 2001, ""ligand_efficiency"": null, ""molecule_chembl_id"": ""CHEMBL76526"", ""molecule_pref_name"": null, ""parent_molecule_chembl_id"": ""CHEMBL76526"", ""pchembl_value"": ""6.20"", ""potential_duplicate"": 0, ""qudt_units"": ""http://www.openphacts.org/units/Nanomolar"", ""record_id"": 138827, ""relation"": ""="", ""src_id"": 1, ""standard_flag"": 1, ""standard_relation"": ""="", ""standard_text_value"": null, ""standard_type"": ""IC50"", ""standard_units"": ""nM"", ""standard_upper_value"": null, ""standard_value"": ""630.0"", ""target_chembl_id"": ""CHEMBL383"", ""target_organism"": ""Homo sapiens"", ""target_pref_name"": ""HL-60"", ""target_tax_id"": ""9606"", ""text_value"": null, ""toid"": null, ""type"": ""IC50"", ""units"": ""uM"", ""uo_units"": ""UO_0000065"", ""upper_value"": null, ""value"": ""0.63""}","583dc675-942e-5de8-b3d7-eceabebe7bd7","{}"
"785c5bb7-a083-504b-86c7-abf84f4e761c","chembl_activity","chembl_activity","chembl","bronze","77","32198","32198","bb35082b90b06ac11c3fb7b0a84c1d67e3538945e994e7fa679637c5a4e794e2","bb35082b90b06ac11c3fb7b0a84c1d67e3538945e994e7fa679637c5a4e794e2","bb35082b90b06ac11c3fb7b0a84c1d67e3538945e994e7fa679637c5a4e794e2","included","","","","","","","","","extract","2026-06-30T10:43:54.021713+00:00","{""action_type"": null, ""activity_comment"": null, ""activity_id"": 32198, ""activity_properties"": [], ""assay_chembl_id"": ""CHEMBL819943"", ""assay_description"": ""In vitro inhibition of TNF-alpha converting enzyme."", ""assay_type"": ""B"", ""assay_variant_accession"": null, ""assay_variant_mutation"": null, ""bao_endpoint"": ""BAO_0000190"", ""bao_format"": ""BAO_0000357"", ""bao_label"": ""single protein format"", ""canonical_smiles"": ""Cc1cc(COc2ccc(N3CC[C@H]([C@H](NC(=O)c4ccccc4)C(=O)NO)C3=O)cc2)c2ccccc2n1"", ""data_validity_comment"": null, ""data_validity_description"": null, ""document_chembl_id"": ""CHEMBL1136542"", ""document_journal"": ""Bioorg Med Chem Lett"", ""document_year"": 2003, ""ligand_efficiency"": {""bei"": ""17.16"", ""le"": ""0.32"", ""lle"": ""5.22"", ""sei"": ""7.45""}, ""molecule_chembl_id"": ""CHEMBL302455"", ""molecule_pref_name"": null, ""parent_molecule_chembl_id"": ""CHEMBL302455"", ""pchembl_value"": ""9.00"", ""potential_duplicate"": 0, ""qudt_units"": ""http://www.openphacts.org/units/Nanomolar"", ""record_id"": 108978, ""relation"": ""="", ""src_id"": 1, ""standard_flag"": 1, ""standard_relation"": ""="", ""standard_text_value"": null, ""standard_type"": ""IC50"", ""standard_units"": ""nM"", ""standard_upper_value"": null, ""standard_value"": ""1.0"", ""target_chembl_id"": ""CHEMBL3332"", ""target_organism"": ""Sus scrofa"", ""target_pref_name"": ""Disintegrin and metalloproteinase domain-containing protein 17"", ""target_tax_id"": ""9823"", ""text_value"": null, ""toid"": null, ""type"": ""IC50"", ""units"": ""nM"", ""uo_units"": ""UO_0000065"", ""upper_value"": null, ""value"": ""1.0""}","{""action_type"": null, ""activity_comment"": null, ""activity_id"": 32198, ""activity_properties"": [], ""assay_chembl_id"": ""CHEMBL819943"", ""assay_description"": ""In vitro inhibition of TNF-alpha converting enzyme."", ""assay_type"": ""B"", ""assay_variant_accession"": null, ""assay_variant_mutation"": null, ""bao_endpoint"": ""BAO_0000190"", ""bao_format"": ""BAO_0000357"", ""bao_label"": ""single protein format"", ""canonical_smiles"": ""Cc1cc(COc2ccc(N3CC[C@H]([C@H](NC(=O)c4ccccc4)C(=O)NO)C3=O)cc2)c2ccccc2n1"", ""data_validity_comment"": null, ""data_validity_description"": null, ""document_chembl_id"": ""CHEMBL1136542"", ""document_journal"": ""Bioorg Med Chem Lett"", ""document_year"": 2003, ""ligand_efficiency"": {""bei"": ""17.16"", ""le"": ""0.32"", ""lle"": ""5.22"", ""sei"": ""7.45""}, ""molecule_chembl_id"": ""CHEMBL302455"", ""molecule_pref_name"": null, ""parent_molecule_chembl_id"": ""CHEMBL302455"", ""pchembl_value"": ""9.00"", ""potential_duplicate"": 0, ""qudt_units"": ""http://www.openphacts.org/units/Nanomolar"", ""record_id"": 108978, ""relation"": ""="", ""src_id"": 1, ""standard_flag"": 1, ""standard_relation"": ""="", ""standard_text_value"": null, ""standard_type"": ""IC50"", ""standard_units"": ""nM"", ""standard_upper_value"": null, ""standard_value"": ""1.0"", ""target_chembl_id"": ""CHEMBL3332"", ""target_organism"": ""Sus scrofa"", ""target_pref_name"": ""Disintegrin and metalloproteinase domain-containing protein 17"", ""target_tax_id"": ""9823"", ""text_value"": null, ""toid"": null, ""type"": ""IC50"", ""units"": ""nM"", ""uo_units"": ""UO_0000065"", ""upper_value"": null, ""value"": ""1.0""}","583dc675-942e-5de8-b3d7-eceabebe7bd7","{}"
"785c5bb7-a083-504b-86c7-abf84f4e761c","chembl_activity","chembl_activity","chembl","bronze","78","32200","32200","10374c6360c6825546128cd2f3c7c619b26011a9324b4ea2b4ea1b5b9429f5f9","10374c6360c6825546128cd2f3c7c619b26011a9324b4ea2b4ea1b5b9429f5f9","10374c6360c6825546128cd2f3c7c619b26011a9324b4ea2b4ea1b5b9429f5f9","included","","","","","","","","","extract","2026-06-30T10:43:54.021713+00:00","{""action_type"": null, ""activity_comment"": null, ""activity_id"": 32200, ""activity_properties"": [], ""assay_chembl_id"": ""CHEMBL715002"", ""assay_description"": ""In vitro inhibition of Matrix metalloprotease-2"", ""assay_type"": ""B"", ""assay_variant_accession"": null, ""assay_variant_mutation"": null, ""bao_endpoint"": ""BAO_0000192"", ""bao_format"": ""BAO_0000357"", ""bao_label"": ""single protein format"", ""canonical_smiles"": ""Cc1cc(COc2ccc(N3CC[C@H]([C@H](NC(=O)c4ccccc4)C(=O)NO)C3=O)cc2)c2ccccc2n1"", ""data_validity_comment"": null, ""data_validity_description"": null, ""document_chembl_id"": ""CHEMBL1136542"", ""document_journal"": ""Bioorg Med Chem Lett"", ""document_year"": 2003, ""ligand_efficiency"": {""bei"": ""12.13"", ""le"": ""0.22"", ""lle"": ""2.58"", ""sei"": ""5.26""}, ""molecule_chembl_id"": ""CHEMBL302455"", ""molecule_pref_name"": null, ""parent_molecule_chembl_id"": ""CHEMBL302455"", ""pchembl_value"": ""6.36"", ""potential_duplicate"": 0, ""qudt_units"": ""http://www.openphacts.org/units/Nanomolar"", ""record_id"": 108978, ""relation"": ""="", ""src_id"": 1, ""standard_flag"": 1, ""standard_relation"": ""="", ""standard_text_value"": null, ""standard_type"": ""Ki"", ""standard_units"": ""nM"", ""standard_upper_value"": null, ""standard_value"": ""435.0"", ""target_chembl_id"": ""CHEMBL333"", ""target_organism"": ""Homo sapiens"", ""target_pref_name"": ""72 kDa type IV collagenase"", ""target_tax_id"": ""9606"", ""text_value"": null, ""toid"": null, ""type"": ""Ki"", ""units"": ""nM"", ""uo_units"": ""UO_0000065"", ""upper_value"": null, ""value"": ""435.0""}","{""action_type"": null, ""activity_comment"": null, ""activity_id"": 32200, ""activity_properties"": [], ""assay_chembl_id"": ""CHEMBL715002"", ""assay_description"": ""In vitro inhibition of Matrix metalloprotease-2"", ""assay_type"": ""B"", ""assay_variant_accession"": null, ""assay_variant_mutation"": null, ""bao_endpoint"": ""BAO_0000192"", ""bao_format"": ""BAO_0000357"", ""bao_label"": ""single protein format"", ""canonical_smiles"": ""Cc1cc(COc2ccc(N3CC[C@H]([C@H](NC(=O)c4ccccc4)C(=O)NO)C3=O)cc2)c2ccccc2n1"", ""data_validity_comment"": null, ""data_validity_description"": null, ""document_chembl_id"": ""CHEMBL1136542"", ""document_journal"": ""Bioorg Med Chem Lett"", ""document_year"": 2003, ""ligand_efficiency"": {""bei"": ""12.13"", ""le"": ""0.22"", ""lle"": ""2.58"", ""sei"": ""5.26""}, ""molecule_chembl_id"": ""CHEMBL302455"", ""molecule_pref_name"": null, ""parent_molecule_chembl_id"": ""CHEMBL302455"", ""pchembl_value"": ""6.36"", ""potential_duplicate"": 0, ""qudt_units"": ""http://www.openphacts.org/units/Nanomolar"", ""record_id"": 108978, ""relation"": ""="", ""src_id"": 1, ""standard_flag"": 1, ""standard_relation"": ""="", ""standard_text_value"": null, ""standard_type"": ""Ki"", ""standard_units"": ""nM"", ""standard_upper_value"": null, ""standard_value"": ""435.0"", ""target_chembl_id"": ""CHEMBL333"", ""target_organism"": ""Homo sapiens"", ""target_pref_name"": ""72 kDa type IV collagenase"", ""target_tax_id"": ""9606"", ""text_value"": null, ""toid"": null, ""type"": ""Ki"", ""units"": ""nM"", ""uo_units"": ""UO_0000065"", ""upper_value"": null, ""value"": ""435.0""}","583dc675-942e-5de8-b3d7-eceabebe7bd7","{}"
"785c5bb7-a083-504b-86c7-abf84f4e761c","chembl_activity","chembl_activity","chembl","bronze","79","32202","32202","99897c7294acd6d1ce43fc66899eb4271f5958c57f1641def962d2e22327c4a1","99897c7294acd6d1ce43fc66899eb4271f5958c57f1641def962d2e22327c4a1","99897c7294acd6d1ce43fc66899eb4271f5958c57f1641def962d2e22327c4a1","included","","","","","","","","","extract","2026-06-30T10:43:54.021713+00:00","{""action_type"": null, ""activity_comment"": null, ""activity_id"": 32202, ""activity_properties"": [], ""assay_chembl_id"": ""CHEMBL702320"", ""assay_description"": ""Inhibition of TNF-alpha production from LPS stimulated human whole blood."", ""assay_type"": ""F"", ""assay_variant_accession"": null, ""assay_variant_mutation"": null, ""bao_endpoint"": ""BAO_0000190"", ""bao_format"": ""BAO_0000221"", ""bao_label"": ""tissue-based format"", ""canonical_smiles"": ""Cc1cc(COc2ccc(N3CC[C@H]([C@H](NC(=O)c4ccccc4)C(=O)NO)C3=O)cc2)c2ccccc2n1"", ""data_validity_comment"": null, ""data_validity_description"": null, ""document_chembl_id"": ""CHEMBL1136542"", ""document_journal"": ""Bioorg Med Chem Lett"", ""document_year"": 2003, ""ligand_efficiency"": null, ""molecule_chembl_id"": ""CHEMBL302455"", ""molecule_pref_name"": null, ""parent_molecule_chembl_id"": ""CHEMBL302455"", ""pchembl_value"": ""5.04"", ""potential_duplicate"": 0, ""qudt_units"": ""http://www.openphacts.org/units/Nanomolar"", ""record_id"": 108978, ""relation"": ""="", ""src_id"": 1, ""standard_flag"": 1, ""standard_relation"": ""="", ""standard_text_value"": null, ""standard_type"": ""IC50"", ""standard_units"": ""nM"", ""standard_upper_value"": null, ""standard_value"": ""9100.0"", ""target_chembl_id"": ""CHEMBL3706"", ""target_organism"": ""Homo sapiens"", ""target_pref_name"": ""Disintegrin and metalloproteinase domain-containing protein 17"", ""target_tax_id"": ""9606"", ""text_value"": null, ""toid"": null, ""type"": ""IC50"", ""units"": ""uM"", ""uo_units"": ""UO_0000065"", ""upper_value"": null, ""value"": ""9.1""}","{""action_type"": null, ""activity_comment"": null, ""activity_id"": 32202, ""activity_properties"": [], ""assay_chembl_id"": ""CHEMBL702320"", ""assay_description"": ""Inhibition of TNF-alpha production from LPS stimulated human whole blood."", ""assay_type"": ""F"", ""assay_variant_accession"": null, ""assay_variant_mutation"": null, ""bao_endpoint"": ""BAO_0000190"", ""bao_format"": ""BAO_0000221"", ""bao_label"": ""tissue-based format"", ""canonical_smiles"": ""Cc1cc(COc2ccc(N3CC[C@H]([C@H](NC(=O)c4ccccc4)C(=O)NO)C3=O)cc2)c2ccccc2n1"", ""data_validity_comment"": null, ""data_validity_description"": null, ""document_chembl_id"": ""CHEMBL1136542"", ""document_journal"": ""Bioorg Med Chem Lett"", ""document_year"": 2003, ""ligand_efficiency"": null, ""molecule_chembl_id"": ""CHEMBL302455"", ""molecule_pref_name"": null, ""parent_molecule_chembl_id"": ""CHEMBL302455"", ""pchembl_value"": ""5.04"", ""potential_duplicate"": 0, ""qudt_units"": ""http://www.openphacts.org/units/Nanomolar"", ""record_id"": 108978, ""relation"": ""="", ""src_id"": 1, ""standard_flag"": 1, ""standard_relation"": ""="", ""standard_text_value"": null, ""standard_type"": ""IC50"", ""standard_units"": ""nM"", ""standard_upper_value"": null, ""standard_value"": ""9100.0"", ""target_chembl_id"": ""CHEMBL3706"", ""target_organism"": ""Homo sapiens"", ""target_pref_name"": ""Disintegrin and metalloproteinase domain-containing protein 17"", ""target_tax_id"": ""9606"", ""text_value"": null, ""toid"": null, ""type"": ""IC50"", ""units"": ""uM"", ""uo_units"": ""UO_0000065"", ""upper_value"": null, ""value"": ""9.1""}","583dc675-942e-5de8-b3d7-eceabebe7bd7","{}"
"785c5bb7-a083-504b-86c7-abf84f4e761c","chembl_activity","chembl_activity","chembl","bronze","80","32205","32205","5927f32fbdeb48392bacb96c4ca03aa5daaae39c9bdf216c6d706fca7273d2bf","5927f32fbdeb48392bacb96c4ca03aa5daaae39c9bdf216c6d706fca7273d2bf","5927f32fbdeb48392bacb96c4ca03aa5daaae39c9bdf216c6d706fca7273d2bf","included","","","","","","","","","extract","2026-06-30T10:43:54.021713+00:00","{""action_type"": null, ""activity_comment"": null, ""activity_id"": 32205, ""activity_properties"": [], ""assay_chembl_id"": ""CHEMBL715002"", ""assay_description"": ""In vitro inhibition of Matrix metalloprotease-2"", ""assay_type"": ""B"", ""assay_variant_accession"": null, ""assay_variant_mutation"": null, ""bao_endpoint"": ""BAO_0000192"", ""bao_format"": ""BAO_0000357"", ""bao_label"": ""single protein format"", ""canonical_smiles"": ""COC(=O)N[C@H](C(=O)NO)[C@H]1CCN(c2ccc(OCc3cc(C)nc4ccccc34)cc2)C1=O"", ""data_validity_comment"": null, ""data_validity_description"": null, ""document_chembl_id"": ""CHEMBL1136542"", ""document_journal"": ""Bioorg Med Chem Lett"", ""document_year"": 2003, ""ligand_efficiency"": {""bei"": ""13.20"", ""le"": ""0.25"", ""lle"": ""3.61"", ""sei"": ""4.86""}, ""molecule_chembl_id"": ""CHEMBL60373"", ""molecule_pref_name"": null, ""parent_molecule_chembl_id"": ""CHEMBL60373"", ""pchembl_value"": ""6.32"", ""potential_duplicate"": 0, ""qudt_units"": ""http://www.openphacts.org/units/Nanomolar"", ""record_id"": 108974, ""relation"": ""="", ""src_id"": 1, ""standard_flag"": 1, ""standard_relation"": ""="", ""standard_text_value"": null, ""standard_type"": ""Ki"", ""standard_units"": ""nM"", ""standard_upper_value"": null, ""standard_value"": ""482.0"", ""target_chembl_id"": ""CHEMBL333"", ""target_organism"": ""Homo sapiens"", ""target_pref_name"": ""72 kDa type IV collagenase"", ""target_tax_id"": ""9606"", ""text_value"": null, ""toid"": null, ""type"": ""Ki"", ""units"": ""nM"", ""uo_units"": ""UO_0000065"", ""upper_value"": null, ""value"": ""482.0""}","{""action_type"": null, ""activity_comment"": null, ""activity_id"": 32205, ""activity_properties"": [], ""assay_chembl_id"": ""CHEMBL715002"", ""assay_description"": ""In vitro inhibition of Matrix metalloprotease-2"", ""assay_type"": ""B"", ""assay_variant_accession"": null, ""assay_variant_mutation"": null, ""bao_endpoint"": ""BAO_0000192"", ""bao_format"": ""BAO_0000357"", ""bao_label"": ""single protein format"", ""canonical_smiles"": ""COC(=O)N[C@H](C(=O)NO)[C@H]1CCN(c2ccc(OCc3cc(C)nc4ccccc34)cc2)C1=O"", ""data_validity_comment"": null, ""data_validity_description"": null, ""document_chembl_id"": ""CHEMBL1136542"", ""document_journal"": ""Bioorg Med Chem Lett"", ""document_year"": 2003, ""ligand_efficiency"": {""bei"": ""13.20"", ""le"": ""0.25"", ""lle"": ""3.61"", ""sei"": ""4.86""}, ""molecule_chembl_id"": ""CHEMBL60373"", ""molecule_pref_name"": null, ""parent_molecule_chembl_id"": ""CHEMBL60373"", ""pchembl_value"": ""6.32"", ""potential_duplicate"": 0, ""qudt_units"": ""http://www.openphacts.org/units/Nanomolar"", ""record_id"": 108974, ""relation"": ""="", ""src_id"": 1, ""standard_flag"": 1, ""standard_relation"": ""="", ""standard_text_value"": null, ""standard_type"": ""Ki"", ""standard_units"": ""nM"", ""standard_upper_value"": null, ""standard_value"": ""482.0"", ""target_chembl_id"": ""CHEMBL333"", ""target_organism"": ""Homo sapiens"", ""target_pref_name"": ""72 kDa type IV collagenase"", ""target_tax_id"": ""9606"", ""text_value"": null, ""toid"": null, ""type"": ""Ki"", ""units"": ""nM"", ""uo_units"": ""UO_0000065"", ""upper_value"": null, ""value"": ""482.0""}","583dc675-942e-5de8-b3d7-eceabebe7bd7","{}"
"785c5bb7-a083-504b-86c7-abf84f4e761c","chembl_activity","chembl_activity","chembl","bronze","81","32207","32207","8c6b096a1d488ab8417a8ef76d4f1263ad5059a790c5f5188819d19cf7325200","8c6b096a1d488ab8417a8ef76d4f1263ad5059a790c5f5188819d19cf7325200","8c6b096a1d488ab8417a8ef76d4f1263ad5059a790c5f5188819d19cf7325200","included","","","","","","","","","extract","2026-06-30T10:43:54.021713+00:00","{""action_type"": null, ""activity_comment"": null, ""activity_id"": 32207, ""activity_properties"": [], ""assay_chembl_id"": ""CHEMBL702320"", ""assay_description"": ""Inhibition of TNF-alpha production from LPS stimulated human whole blood."", ""assay_type"": ""F"", ""assay_variant_accession"": null, ""assay_variant_mutation"": null, ""bao_endpoint"": ""BAO_0000190"", ""bao_format"": ""BAO_0000221"", ""bao_label"": ""tissue-based format"", ""canonical_smiles"": ""COC(=O)N[C@H](C(=O)NO)[C@H]1CCN(c2ccc(OCc3cc(C)nc4ccccc34)cc2)C1=O"", ""data_validity_comment"": null, ""data_validity_description"": null, ""document_chembl_id"": ""CHEMBL1136542"", ""document_journal"": ""Bioorg Med Chem Lett"", ""document_year"": 2003, ""ligand_efficiency"": null, ""molecule_chembl_id"": ""CHEMBL60373"", ""molecule_pref_name"": null, ""parent_molecule_chembl_id"": ""CHEMBL60373"", ""pchembl_value"": ""5.58"", ""potential_duplicate"": 0, ""qudt_units"": ""http://www.openphacts.org/units/Nanomolar"", ""record_id"": 108974, ""relation"": ""="", ""src_id"": 1, ""standard_flag"": 1, ""standard_relation"": ""="", ""standard_text_value"": null, ""standard_type"": ""IC50"", ""standard_units"": ""nM"", ""standard_upper_value"": null, ""standard_value"": ""2650.0"", ""target_chembl_id"": ""CHEMBL3706"", ""target_organism"": ""Homo sapiens"", ""target_pref_name"": ""Disintegrin and metalloproteinase domain-containing protein 17"", ""target_tax_id"": ""9606"", ""text_value"": null, ""toid"": null, ""type"": ""IC50"", ""units"": ""uM"", ""uo_units"": ""UO_0000065"", ""upper_value"": null, ""value"": ""2.65""}","{""action_type"": null, ""activity_comment"": null, ""activity_id"": 32207, ""activity_properties"": [], ""assay_chembl_id"": ""CHEMBL702320"", ""assay_description"": ""Inhibition of TNF-alpha production from LPS stimulated human whole blood."", ""assay_type"": ""F"", ""assay_variant_accession"": null, ""assay_variant_mutation"": null, ""bao_endpoint"": ""BAO_0000190"", ""bao_format"": ""BAO_0000221"", ""bao_label"": ""tissue-based format"", ""canonical_smiles"": ""COC(=O)N[C@H](C(=O)NO)[C@H]1CCN(c2ccc(OCc3cc(C)nc4ccccc34)cc2)C1=O"", ""data_validity_comment"": null, ""data_validity_description"": null, ""document_chembl_id"": ""CHEMBL1136542"", ""document_journal"": ""Bioorg Med Chem Lett"", ""document_year"": 2003, ""ligand_efficiency"": null, ""molecule_chembl_id"": ""CHEMBL60373"", ""molecule_pref_name"": null, ""parent_molecule_chembl_id"": ""CHEMBL60373"", ""pchembl_value"": ""5.58"", ""potential_duplicate"": 0, ""qudt_units"": ""http://www.openphacts.org/units/Nanomolar"", ""record_id"": 108974, ""relation"": ""="", ""src_id"": 1, ""standard_flag"": 1, ""standard_relation"": ""="", ""standard_text_value"": null, ""standard_type"": ""IC50"", ""standard_units"": ""nM"", ""standard_upper_value"": null, ""standard_value"": ""2650.0"", ""target_chembl_id"": ""CHEMBL3706"", ""target_organism"": ""Homo sapiens"", ""target_pref_name"": ""Disintegrin and metalloproteinase domain-containing protein 17"", ""target_tax_id"": ""9606"", ""text_value"": null, ""toid"": null, ""type"": ""IC50"", ""units"": ""uM"", ""uo_units"": ""UO_0000065"", ""upper_value"": null, ""value"": ""2.65""}","583dc675-942e-5de8-b3d7-eceabebe7bd7","{}"
"785c5bb7-a083-504b-86c7-abf84f4e761c","chembl_activity","chembl_activity","chembl","bronze","82","32224","32224","a9fe68825040a571503ca22ffcdfe28ca153786d5c30981dfed4943b6e577cdc","a9fe68825040a571503ca22ffcdfe28ca153786d5c30981dfed4943b6e577cdc","a9fe68825040a571503ca22ffcdfe28ca153786d5c30981dfed4943b6e577cdc","included","","","","","","","","","extract","2026-06-30T10:43:54.021713+00:00","{""action_type"": null, ""activity_comment"": null, ""activity_id"": 32224, ""activity_properties"": [], ""assay_chembl_id"": ""CHEMBL801226"", ""assay_description"": ""Displacement of [3H]9-cis-RA from RXR beta receptor in CV-1 cells"", ""assay_type"": ""B"", ""assay_variant_accession"": null, ""assay_variant_mutation"": null, ""bao_endpoint"": ""BAO_0000192"", ""bao_format"": ""BAO_0000219"", ""bao_label"": ""cell-based format"", ""canonical_smiles"": ""CC(/C=C/C(F)=C(/C)c1cc(C(C)(C)C)cc(C(C)(C)C)c1OCC(F)F)=C\\C(=O)O"", ""data_validity_comment"": null, ""data_validity_description"": null, ""document_chembl_id"": ""CHEMBL1136440"", ""document_journal"": ""Bioorg Med Chem Lett"", ""document_year"": 2003, ""ligand_efficiency"": {""bei"": ""18.10"", ""le"": ""0.35"", ""lle"": ""0.73"", ""sei"": ""17.06""}, ""molecule_chembl_id"": ""CHEMBL111217"", ""molecule_pref_name"": null, ""parent_molecule_chembl_id"": ""CHEMBL111217"", ""pchembl_value"": ""7.94"", ""potential_duplicate"": 0, ""qudt_units"": ""http://www.openphacts.org/units/Nanomolar"", ""record_id"": 251326, ""relation"": ""="", ""src_id"": 1, ""standard_flag"": 1, ""standard_relation"": ""="", ""standard_text_value"": null, ""standard_type"": ""Ki"", ""standard_units"": ""nM"", ""standard_upper_value"": null, ""standard_value"": ""11.5"", ""target_chembl_id"": ""CHEMBL1870"", ""target_organism"": ""Homo sapiens"", ""target_pref_name"": ""Retinoic acid receptor RXR-beta"", ""target_tax_id"": ""9606"", ""text_value"": null, ""toid"": null, ""type"": ""Ki"", ""units"": ""nM"", ""uo_units"": ""UO_0000065"", ""upper_value"": null, ""value"": ""11.5""}","{""action_type"": null, ""activity_comment"": null, ""activity_id"": 32224, ""activity_properties"": [], ""assay_chembl_id"": ""CHEMBL801226"", ""assay_description"": ""Displacement of [3H]9-cis-RA from RXR beta receptor in CV-1 cells"", ""assay_type"": ""B"", ""assay_variant_accession"": null, ""assay_variant_mutation"": null, ""bao_endpoint"": ""BAO_0000192"", ""bao_format"": ""BAO_0000219"", ""bao_label"": ""cell-based format"", ""canonical_smiles"": ""CC(/C=C/C(F)=C(/C)c1cc(C(C)(C)C)cc(C(C)(C)C)c1OCC(F)F)=C\\C(=O)O"", ""data_validity_comment"": null, ""data_validity_description"": null, ""document_chembl_id"": ""CHEMBL1136440"", ""document_journal"": ""Bioorg Med Chem Lett"", ""document_year"": 2003, ""ligand_efficiency"": {""bei"": ""18.10"", ""le"": ""0.35"", ""lle"": ""0.73"", ""sei"": ""17.06""}, ""molecule_chembl_id"": ""CHEMBL111217"", ""molecule_pref_name"": null, ""parent_molecule_chembl_id"": ""CHEMBL111217"", ""pchembl_value"": ""7.94"", ""potential_duplicate"": 0, ""qudt_units"": ""http://www.openphacts.org/units/Nanomolar"", ""record_id"": 251326, ""relation"": ""="", ""src_id"": 1, ""standard_flag"": 1, ""standard_relation"": ""="", ""standard_text_value"": null, ""standard_type"": ""Ki"", ""standard_units"": ""nM"", ""standard_upper_value"": null, ""standard_value"": ""11.5"", ""target_chembl_id"": ""CHEMBL1870"", ""target_organism"": ""Homo sapiens"", ""target_pref_name"": ""Retinoic acid receptor RXR-beta"", ""target_tax_id"": ""9606"", ""text_value"": null, ""toid"": null, ""type"": ""Ki"", ""units"": ""nM"", ""uo_units"": ""UO_0000065"", ""upper_value"": null, ""value"": ""11.5""}","583dc675-942e-5de8-b3d7-eceabebe7bd7","{}"
"785c5bb7-a083-504b-86c7-abf84f4e761c","chembl_activity","chembl_activity","chembl","bronze","83","32225","32225","5c559c8cbcf538295934db74804851cf377cb07b2aeab2f46354dfb4973225b3","5c559c8cbcf538295934db74804851cf377cb07b2aeab2f46354dfb4973225b3","5c559c8cbcf538295934db74804851cf377cb07b2aeab2f46354dfb4973225b3","included","","","","","","","","","extract","2026-06-30T10:43:54.021713+00:00","{""action_type"": null, ""activity_comment"": null, ""activity_id"": 32225, ""activity_properties"": [], ""assay_chembl_id"": ""CHEMBL806019"", ""assay_description"": ""Binding affinity against RXR gamma receptor using [3H]9-cis-RA as radioligand in CV-1 cells"", ""assay_type"": ""B"", ""assay_variant_accession"": null, ""assay_variant_mutation"": null, ""bao_endpoint"": ""BAO_0000192"", ""bao_format"": ""BAO_0000219"", ""bao_label"": ""cell-based format"", ""canonical_smiles"": ""CC(/C=C/C(F)=C(/C)c1cc(C(C)(C)C)cc(C(C)(C)C)c1OCC(F)F)=C\\C(=O)O"", ""data_validity_comment"": null, ""data_validity_description"": null, ""document_chembl_id"": ""CHEMBL1136440"", ""document_journal"": ""Bioorg Med Chem Lett"", ""document_year"": 2003, ""ligand_efficiency"": {""bei"": ""17.97"", ""le"": ""0.35"", ""lle"": ""0.67"", ""sei"": ""16.93""}, ""molecule_chembl_id"": ""CHEMBL111217"", ""molecule_pref_name"": null, ""parent_molecule_chembl_id"": ""CHEMBL111217"", ""pchembl_value"": ""7.88"", ""potential_duplicate"": 0, ""qudt_units"": ""http://www.openphacts.org/units/Nanomolar"", ""record_id"": 251326, ""relation"": ""="", ""src_id"": 1, ""standard_flag"": 1, ""standard_relation"": ""="", ""standard_text_value"": null, ""standard_type"": ""Ki"", ""standard_units"": ""nM"", ""standard_upper_value"": null, ""standard_value"": ""13.2"", ""target_chembl_id"": ""CHEMBL2004"", ""target_organism"": ""Homo sapiens"", ""target_pref_name"": ""Retinoic acid receptor RXR-gamma"", ""target_tax_id"": ""9606"", ""text_value"": null, ""toid"": null, ""type"": ""Ki"", ""units"": ""nM"", ""uo_units"": ""UO_0000065"", ""upper_value"": null, ""value"": ""13.2""}","{""action_type"": null, ""activity_comment"": null, ""activity_id"": 32225, ""activity_properties"": [], ""assay_chembl_id"": ""CHEMBL806019"", ""assay_description"": ""Binding affinity against RXR gamma receptor using [3H]9-cis-RA as radioligand in CV-1 cells"", ""assay_type"": ""B"", ""assay_variant_accession"": null, ""assay_variant_mutation"": null, ""bao_endpoint"": ""BAO_0000192"", ""bao_format"": ""BAO_0000219"", ""bao_label"": ""cell-based format"", ""canonical_smiles"": ""CC(/C=C/C(F)=C(/C)c1cc(C(C)(C)C)cc(C(C)(C)C)c1OCC(F)F)=C\\C(=O)O"", ""data_validity_comment"": null, ""data_validity_description"": null, ""document_chembl_id"": ""CHEMBL1136440"", ""document_journal"": ""Bioorg Med Chem Lett"", ""document_year"": 2003, ""ligand_efficiency"": {""bei"": ""17.97"", ""le"": ""0.35"", ""lle"": ""0.67"", ""sei"": ""16.93""}, ""molecule_chembl_id"": ""CHEMBL111217"", ""molecule_pref_name"": null, ""parent_molecule_chembl_id"": ""CHEMBL111217"", ""pchembl_value"": ""7.88"", ""potential_duplicate"": 0, ""qudt_units"": ""http://www.openphacts.org/units/Nanomolar"", ""record_id"": 251326, ""relation"": ""="", ""src_id"": 1, ""standard_flag"": 1, ""standard_relation"": ""="", ""standard_text_value"": null, ""standard_type"": ""Ki"", ""standard_units"": ""nM"", ""standard_upper_value"": null, ""standard_value"": ""13.2"", ""target_chembl_id"": ""CHEMBL2004"", ""target_organism"": ""Homo sapiens"", ""target_pref_name"": ""Retinoic acid receptor RXR-gamma"", ""target_tax_id"": ""9606"", ""text_value"": null, ""toid"": null, ""type"": ""Ki"", ""units"": ""nM"", ""uo_units"": ""UO_0000065"", ""upper_value"": null, ""value"": ""13.2""}","583dc675-942e-5de8-b3d7-eceabebe7bd7","{}"
"785c5bb7-a083-504b-86c7-abf84f4e761c","chembl_activity","chembl_activity","chembl","bronze","84","32226","32226","97aebdb88cb32b7f13f9756409978033a5245ce2f88ca0e4bed3b13c8e9d7dc7","97aebdb88cb32b7f13f9756409978033a5245ce2f88ca0e4bed3b13c8e9d7dc7","97aebdb88cb32b7f13f9756409978033a5245ce2f88ca0e4bed3b13c8e9d7dc7","included","","","","","","","","","extract","2026-06-30T10:43:54.021713+00:00","{""action_type"": null, ""activity_comment"": null, ""activity_id"": 32226, ""activity_properties"": [], ""assay_chembl_id"": ""CHEMBL803373"", ""assay_description"": ""Binding affinity against RAR alpha receptor using [3H]ATRA as radioligand in CV-1 cells"", ""assay_type"": ""B"", ""assay_variant_accession"": null, ""assay_variant_mutation"": null, ""bao_endpoint"": ""BAO_0000192"", ""bao_format"": ""BAO_0000219"", ""bao_label"": ""cell-based format"", ""canonical_smiles"": ""CC(/C=C/C(F)=C(/C)c1cc(C(C)(C)C)cc(C(C)(C)C)c1OCC(F)F)=C\\C(=O)O"", ""data_validity_comment"": null, ""data_validity_description"": null, ""document_chembl_id"": ""CHEMBL1136440"", ""document_journal"": ""Bioorg Med Chem Lett"", ""document_year"": 2003, ""ligand_efficiency"": {""bei"": ""11.59"", ""le"": ""0.22"", ""lle"": ""-2.13"", ""sei"": ""10.92""}, ""molecule_chembl_id"": ""CHEMBL111217"", ""molecule_pref_name"": null, ""parent_molecule_chembl_id"": ""CHEMBL111217"", ""pchembl_value"": ""5.08"", ""potential_duplicate"": 0, ""qudt_units"": ""http://www.openphacts.org/units/Nanomolar"", ""record_id"": 251326, ""relation"": ""="", ""src_id"": 1, ""standard_flag"": 1, ""standard_relation"": ""="", ""standard_text_value"": null, ""standard_type"": ""Ki"", ""standard_units"": ""nM"", ""standard_upper_value"": null, ""standard_value"": ""8300.0"", ""target_chembl_id"": ""CHEMBL2055"", ""target_organism"": ""Homo sapiens"", ""target_pref_name"": ""Retinoic acid receptor alpha"", ""target_tax_id"": ""9606"", ""text_value"": null, ""toid"": null, ""type"": ""Ki"", ""units"": ""nM"", ""uo_units"": ""UO_0000065"", ""upper_value"": null, ""value"": ""8300.0""}","{""action_type"": null, ""activity_comment"": null, ""activity_id"": 32226, ""activity_properties"": [], ""assay_chembl_id"": ""CHEMBL803373"", ""assay_description"": ""Binding affinity against RAR alpha receptor using [3H]ATRA as radioligand in CV-1 cells"", ""assay_type"": ""B"", ""assay_variant_accession"": null, ""assay_variant_mutation"": null, ""bao_endpoint"": ""BAO_0000192"", ""bao_format"": ""BAO_0000219"", ""bao_label"": ""cell-based format"", ""canonical_smiles"": ""CC(/C=C/C(F)=C(/C)c1cc(C(C)(C)C)cc(C(C)(C)C)c1OCC(F)F)=C\\C(=O)O"", ""data_validity_comment"": null, ""data_validity_description"": null, ""document_chembl_id"": ""CHEMBL1136440"", ""document_journal"": ""Bioorg Med Chem Lett"", ""document_year"": 2003, ""ligand_efficiency"": {""bei"": ""11.59"", ""le"": ""0.22"", ""lle"": ""-2.13"", ""sei"": ""10.92""}, ""molecule_chembl_id"": ""CHEMBL111217"", ""molecule_pref_name"": null, ""parent_molecule_chembl_id"": ""CHEMBL111217"", ""pchembl_value"": ""5.08"", ""potential_duplicate"": 0, ""qudt_units"": ""http://www.openphacts.org/units/Nanomolar"", ""record_id"": 251326, ""relation"": ""="", ""src_id"": 1, ""standard_flag"": 1, ""standard_relation"": ""="", ""standard_text_value"": null, ""standard_type"": ""Ki"", ""standard_units"": ""nM"", ""standard_upper_value"": null, ""standard_value"": ""8300.0"", ""target_chembl_id"": ""CHEMBL2055"", ""target_organism"": ""Homo sapiens"", ""target_pref_name"": ""Retinoic acid receptor alpha"", ""target_tax_id"": ""9606"", ""text_value"": null, ""toid"": null, ""type"": ""Ki"", ""units"": ""nM"", ""uo_units"": ""UO_0000065"", ""upper_value"": null, ""value"": ""8300.0""}","583dc675-942e-5de8-b3d7-eceabebe7bd7","{}"
"785c5bb7-a083-504b-86c7-abf84f4e761c","chembl_activity","chembl_activity","chembl","bronze","85","32227","32227","5c68b6b9a6f97cadf21b7be317ac62d8b6ec8bc629df17e70bac272e84ce54d4","5c68b6b9a6f97cadf21b7be317ac62d8b6ec8bc629df17e70bac272e84ce54d4","5c68b6b9a6f97cadf21b7be317ac62d8b6ec8bc629df17e70bac272e84ce54d4","included","","","","","","","","","extract","2026-06-30T10:43:54.021713+00:00","{""action_type"": null, ""activity_comment"": null, ""activity_id"": 32227, ""activity_properties"": [], ""assay_chembl_id"": ""CHEMBL798145"", ""assay_description"": ""Binding affinity against RAR beta receptor using [3H]ATRA as radioligand in CV-1 cells"", ""assay_type"": ""B"", ""assay_variant_accession"": null, ""assay_variant_mutation"": null, ""bao_endpoint"": ""BAO_0000192"", ""bao_format"": ""BAO_0000219"", ""bao_label"": ""cell-based format"", ""canonical_smiles"": ""CC(/C=C/C(F)=C(/C)c1cc(C(C)(C)C)cc(C(C)(C)C)c1OCC(F)F)=C\\C(=O)O"", ""data_validity_comment"": null, ""data_validity_description"": null, ""document_chembl_id"": ""CHEMBL1136440"", ""document_journal"": ""Bioorg Med Chem Lett"", ""document_year"": 2003, ""ligand_efficiency"": {""bei"": ""11.96"", ""le"": ""0.23"", ""lle"": ""-1.96"", ""sei"": ""11.27""}, ""molecule_chembl_id"": ""CHEMBL111217"", ""molecule_pref_name"": null, ""parent_molecule_chembl_id"": ""CHEMBL111217"", ""pchembl_value"": ""5.25"", ""potential_duplicate"": 0, ""qudt_units"": ""http://www.openphacts.org/units/Nanomolar"", ""record_id"": 251326, ""relation"": ""="", ""src_id"": 1, ""standard_flag"": 1, ""standard_relation"": ""="", ""standard_text_value"": null, ""standard_type"": ""Ki"", ""standard_units"": ""nM"", ""standard_upper_value"": null, ""standard_value"": ""5681.0"", ""target_chembl_id"": ""CHEMBL2008"", ""target_organism"": ""Homo sapiens"", ""target_pref_name"": ""Retinoic acid receptor beta"", ""target_tax_id"": ""9606"", ""text_value"": null, ""toid"": null, ""type"": ""Ki"", ""units"": ""nM"", ""uo_units"": ""UO_0000065"", ""upper_value"": null, ""value"": ""5681.0""}","{""action_type"": null, ""activity_comment"": null, ""activity_id"": 32227, ""activity_properties"": [], ""assay_chembl_id"": ""CHEMBL798145"", ""assay_description"": ""Binding affinity against RAR beta receptor using [3H]ATRA as radioligand in CV-1 cells"", ""assay_type"": ""B"", ""assay_variant_accession"": null, ""assay_variant_mutation"": null, ""bao_endpoint"": ""BAO_0000192"", ""bao_format"": ""BAO_0000219"", ""bao_label"": ""cell-based format"", ""canonical_smiles"": ""CC(/C=C/C(F)=C(/C)c1cc(C(C)(C)C)cc(C(C)(C)C)c1OCC(F)F)=C\\C(=O)O"", ""data_validity_comment"": null, ""data_validity_description"": null, ""document_chembl_id"": ""CHEMBL1136440"", ""document_journal"": ""Bioorg Med Chem Lett"", ""document_year"": 2003, ""ligand_efficiency"": {""bei"": ""11.96"", ""le"": ""0.23"", ""lle"": ""-1.96"", ""sei"": ""11.27""}, ""molecule_chembl_id"": ""CHEMBL111217"", ""molecule_pref_name"": null, ""parent_molecule_chembl_id"": ""CHEMBL111217"", ""pchembl_value"": ""5.25"", ""potential_duplicate"": 0, ""qudt_units"": ""http://www.openphacts.org/units/Nanomolar"", ""record_id"": 251326, ""relation"": ""="", ""src_id"": 1, ""standard_flag"": 1, ""standard_relation"": ""="", ""standard_text_value"": null, ""standard_type"": ""Ki"", ""standard_units"": ""nM"", ""standard_upper_value"": null, ""standard_value"": ""5681.0"", ""target_chembl_id"": ""CHEMBL2008"", ""target_organism"": ""Homo sapiens"", ""target_pref_name"": ""Retinoic acid receptor beta"", ""target_tax_id"": ""9606"", ""text_value"": null, ""toid"": null, ""type"": ""Ki"", ""units"": ""nM"", ""uo_units"": ""UO_0000065"", ""upper_value"": null, ""value"": ""5681.0""}","583dc675-942e-5de8-b3d7-eceabebe7bd7","{}"
"785c5bb7-a083-504b-86c7-abf84f4e761c","chembl_activity","chembl_activity","chembl","bronze","86","32232","32232","0bf1254e05804f5f18f586441bdb28d06c3220a99e210041fb05a69fb8c48589","0bf1254e05804f5f18f586441bdb28d06c3220a99e210041fb05a69fb8c48589","0bf1254e05804f5f18f586441bdb28d06c3220a99e210041fb05a69fb8c48589","included","","","","","","","","","extract","2026-06-30T10:43:54.021713+00:00","{""action_type"": null, ""activity_comment"": null, ""activity_id"": 32232, ""activity_properties"": [], ""assay_chembl_id"": ""CHEMBL656173"", ""assay_description"": ""In vitro antagonist activity against RXR alpha in CV-1 cells"", ""assay_type"": ""F"", ""assay_variant_accession"": null, ""assay_variant_mutation"": null, ""bao_endpoint"": ""BAO_0000190"", ""bao_format"": ""BAO_0000219"", ""bao_label"": ""cell-based format"", ""canonical_smiles"": ""CC(/C=C/C(F)=C(/C)c1cc(C(C)(C)C)cc(C(C)(C)C)c1OCC(F)F)=C\\C(=O)O"", ""data_validity_comment"": null, ""data_validity_description"": null, ""document_chembl_id"": ""CHEMBL1136440"", ""document_journal"": ""Bioorg Med Chem Lett"", ""document_year"": 2003, ""ligand_efficiency"": null, ""molecule_chembl_id"": ""CHEMBL111217"", ""molecule_pref_name"": null, ""parent_molecule_chembl_id"": ""CHEMBL111217"", ""pchembl_value"": ""8.17"", ""potential_duplicate"": 0, ""qudt_units"": ""http://www.openphacts.org/units/Nanomolar"", ""record_id"": 251326, ""relation"": ""="", ""src_id"": 1, ""standard_flag"": 1, ""standard_relation"": ""="", ""standard_text_value"": null, ""standard_type"": ""IC50"", ""standard_units"": ""nM"", ""standard_upper_value"": null, ""standard_value"": ""6.8"", ""target_chembl_id"": ""CHEMBL2061"", ""target_organism"": ""Homo sapiens"", ""target_pref_name"": ""Retinoic acid receptor RXR-alpha"", ""target_tax_id"": ""9606"", ""text_value"": null, ""toid"": null, ""type"": ""IC50"", ""units"": ""nM"", ""uo_units"": ""UO_0000065"", ""upper_value"": null, ""value"": ""6.8""}","{""action_type"": null, ""activity_comment"": null, ""activity_id"": 32232, ""activity_properties"": [], ""assay_chembl_id"": ""CHEMBL656173"", ""assay_description"": ""In vitro antagonist activity against RXR alpha in CV-1 cells"", ""assay_type"": ""F"", ""assay_variant_accession"": null, ""assay_variant_mutation"": null, ""bao_endpoint"": ""BAO_0000190"", ""bao_format"": ""BAO_0000219"", ""bao_label"": ""cell-based format"", ""canonical_smiles"": ""CC(/C=C/C(F)=C(/C)c1cc(C(C)(C)C)cc(C(C)(C)C)c1OCC(F)F)=C\\C(=O)O"", ""data_validity_comment"": null, ""data_validity_description"": null, ""document_chembl_id"": ""CHEMBL1136440"", ""document_journal"": ""Bioorg Med Chem Lett"", ""document_year"": 2003, ""ligand_efficiency"": null, ""molecule_chembl_id"": ""CHEMBL111217"", ""molecule_pref_name"": null, ""parent_molecule_chembl_id"": ""CHEMBL111217"", ""pchembl_value"": ""8.17"", ""potential_duplicate"": 0, ""qudt_units"": ""http://www.openphacts.org/units/Nanomolar"", ""record_id"": 251326, ""relation"": ""="", ""src_id"": 1, ""standard_flag"": 1, ""standard_relation"": ""="", ""standard_text_value"": null, ""standard_type"": ""IC50"", ""standard_units"": ""nM"", ""standard_upper_value"": null, ""standard_value"": ""6.8"", ""target_chembl_id"": ""CHEMBL2061"", ""target_organism"": ""Homo sapiens"", ""target_pref_name"": ""Retinoic acid receptor RXR-alpha"", ""target_tax_id"": ""9606"", ""text_value"": null, ""toid"": null, ""type"": ""IC50"", ""units"": ""nM"", ""uo_units"": ""UO_0000065"", ""upper_value"": null, ""value"": ""6.8""}","583dc675-942e-5de8-b3d7-eceabebe7bd7","{}"
"785c5bb7-a083-504b-86c7-abf84f4e761c","chembl_activity","chembl_activity","chembl","bronze","87","32243","32243","42d8beb5725575ff8235c2ec898400bb19421054c54d58ac81e4da4b6597c069","42d8beb5725575ff8235c2ec898400bb19421054c54d58ac81e4da4b6597c069","42d8beb5725575ff8235c2ec898400bb19421054c54d58ac81e4da4b6597c069","included","","","","","","","","","extract","2026-06-30T10:43:54.021713+00:00","{""action_type"": null, ""activity_comment"": null, ""activity_id"": 32243, ""activity_properties"": [], ""assay_chembl_id"": ""CHEMBL649313"", ""assay_description"": ""Binding affinity towards Angiotensin II receptor, type 1 in rat aortic smooth muscle cells using 0.2 nM [125I]-labeled Sar-Ile-angiotensin II"", ""assay_type"": ""B"", ""assay_variant_accession"": null, ""assay_variant_mutation"": null, ""bao_endpoint"": ""BAO_0000192"", ""bao_format"": ""BAO_0000019"", ""bao_label"": ""assay format"", ""canonical_smiles"": ""CCCc1nc(CC)c(C(=O)NC)n1Cc1ccc(-c2ccccc2S(=O)(=O)Nc2onc(C)c2C)c(C)c1"", ""data_validity_comment"": null, ""data_validity_description"": null, ""document_chembl_id"": ""CHEMBL1145765"", ""document_journal"": ""Bioorg Med Chem Lett"", ""document_year"": 2003, ""ligand_efficiency"": {""bei"": ""15.28"", ""le"": ""0.29"", ""lle"": ""3.21"", ""sei"": ""7.05""}, ""molecule_chembl_id"": ""CHEMBL266628"", ""molecule_pref_name"": null, ""parent_molecule_chembl_id"": ""CHEMBL266628"", ""pchembl_value"": ""8.40"", ""potential_duplicate"": 0, ""qudt_units"": ""http://www.openphacts.org/units/Nanomolar"", ""record_id"": 10588, ""relation"": ""="", ""src_id"": 1, ""standard_flag"": 1, ""standard_relation"": ""="", ""standard_text_value"": null, ""standard_type"": ""Ki"", ""standard_units"": ""nM"", ""standard_upper_value"": null, ""standard_value"": ""4.0"", ""target_chembl_id"": ""CHEMBL2094250"", ""target_organism"": ""Rattus norvegicus"", ""target_pref_name"": ""Angiotensin II receptor (AT-1) type-1"", ""target_tax_id"": ""10116"", ""text_value"": null, ""toid"": null, ""type"": ""Ki"", ""units"": ""nM"", ""uo_units"": ""UO_0000065"", ""upper_value"": null, ""value"": ""4.0""}","{""action_type"": null, ""activity_comment"": null, ""activity_id"": 32243, ""activity_properties"": [], ""assay_chembl_id"": ""CHEMBL649313"", ""assay_description"": ""Binding affinity towards Angiotensin II receptor, type 1 in rat aortic smooth muscle cells using 0.2 nM [125I]-labeled Sar-Ile-angiotensin II"", ""assay_type"": ""B"", ""assay_variant_accession"": null, ""assay_variant_mutation"": null, ""bao_endpoint"": ""BAO_0000192"", ""bao_format"": ""BAO_0000019"", ""bao_label"": ""assay format"", ""canonical_smiles"": ""CCCc1nc(CC)c(C(=O)NC)n1Cc1ccc(-c2ccccc2S(=O)(=O)Nc2onc(C)c2C)c(C)c1"", ""data_validity_comment"": null, ""data_validity_description"": null, ""document_chembl_id"": ""CHEMBL1145765"", ""document_journal"": ""Bioorg Med Chem Lett"", ""document_year"": 2003, ""ligand_efficiency"": {""bei"": ""15.28"", ""le"": ""0.29"", ""lle"": ""3.21"", ""sei"": ""7.05""}, ""molecule_chembl_id"": ""CHEMBL266628"", ""molecule_pref_name"": null, ""parent_molecule_chembl_id"": ""CHEMBL266628"", ""pchembl_value"": ""8.40"", ""potential_duplicate"": 0, ""qudt_units"": ""http://www.openphacts.org/units/Nanomolar"", ""record_id"": 10588, ""relation"": ""="", ""src_id"": 1, ""standard_flag"": 1, ""standard_relation"": ""="", ""standard_text_value"": null, ""standard_type"": ""Ki"", ""standard_units"": ""nM"", ""standard_upper_value"": null, ""standard_value"": ""4.0"", ""target_chembl_id"": ""CHEMBL2094250"", ""target_organism"": ""Rattus norvegicus"", ""target_pref_name"": ""Angiotensin II receptor (AT-1) type-1"", ""target_tax_id"": ""10116"", ""text_value"": null, ""toid"": null, ""type"": ""Ki"", ""units"": ""nM"", ""uo_units"": ""UO_0000065"", ""upper_value"": null, ""value"": ""4.0""}","583dc675-942e-5de8-b3d7-eceabebe7bd7","{}"
"785c5bb7-a083-504b-86c7-abf84f4e761c","chembl_activity","chembl_activity","chembl","bronze","88","32244","32244","385815f28a70106c583e08829d7122c79daaf6366b02e9d4e12d2df865aa2dac","385815f28a70106c583e08829d7122c79daaf6366b02e9d4e12d2df865aa2dac","385815f28a70106c583e08829d7122c79daaf6366b02e9d4e12d2df865aa2dac","included","","","","","","","","","extract","2026-06-30T10:43:54.021713+00:00","{""action_type"": null, ""activity_comment"": null, ""activity_id"": 32244, ""activity_properties"": [], ""assay_chembl_id"": ""CHEMBL678556"", ""assay_description"": ""Binding affinity towards human ETA receptor expressed in CHO-K1 cells in the presence of 0.05 nM [125I]-labeled endothelin 1"", ""assay_type"": ""B"", ""assay_variant_accession"": null, ""assay_variant_mutation"": null, ""bao_endpoint"": ""BAO_0000192"", ""bao_format"": ""BAO_0000219"", ""bao_label"": ""cell-based format"", ""canonical_smiles"": ""CCCc1nc(CC)c(C(=O)NC)n1Cc1ccc(-c2ccccc2S(=O)(=O)Nc2onc(C)c2C)c(C)c1"", ""data_validity_comment"": null, ""data_validity_description"": null, ""document_chembl_id"": ""CHEMBL1145765"", ""document_journal"": ""Bioorg Med Chem Lett"", ""document_year"": 2003, ""ligand_efficiency"": {""bei"": ""15.10"", ""le"": ""0.29"", ""lle"": ""3.11"", ""sei"": ""6.97""}, ""molecule_chembl_id"": ""CHEMBL266628"", ""molecule_pref_name"": null, ""parent_molecule_chembl_id"": ""CHEMBL266628"", ""pchembl_value"": ""8.30"", ""potential_duplicate"": 0, ""qudt_units"": ""http://www.openphacts.org/units/Nanomolar"", ""record_id"": 10588, ""relation"": ""="", ""src_id"": 1, ""standard_flag"": 1, ""standard_relation"": ""="", ""standard_text_value"": null, ""standard_type"": ""Ki"", ""standard_units"": ""nM"", ""standard_upper_value"": null, ""standard_value"": ""5.0"", ""target_chembl_id"": ""CHEMBL252"", ""target_organism"": ""Homo sapiens"", ""target_pref_name"": ""Endothelin-1 receptor"", ""target_tax_id"": ""9606"", ""text_value"": null, ""toid"": null, ""type"": ""Ki"", ""units"": ""nM"", ""uo_units"": ""UO_0000065"", ""upper_value"": null, ""value"": ""5.0""}","{""action_type"": null, ""activity_comment"": null, ""activity_id"": 32244, ""activity_properties"": [], ""assay_chembl_id"": ""CHEMBL678556"", ""assay_description"": ""Binding affinity towards human ETA receptor expressed in CHO-K1 cells in the presence of 0.05 nM [125I]-labeled endothelin 1"", ""assay_type"": ""B"", ""assay_variant_accession"": null, ""assay_variant_mutation"": null, ""bao_endpoint"": ""BAO_0000192"", ""bao_format"": ""BAO_0000219"", ""bao_label"": ""cell-based format"", ""canonical_smiles"": ""CCCc1nc(CC)c(C(=O)NC)n1Cc1ccc(-c2ccccc2S(=O)(=O)Nc2onc(C)c2C)c(C)c1"", ""data_validity_comment"": null, ""data_validity_description"": null, ""document_chembl_id"": ""CHEMBL1145765"", ""document_journal"": ""Bioorg Med Chem Lett"", ""document_year"": 2003, ""ligand_efficiency"": {""bei"": ""15.10"", ""le"": ""0.29"", ""lle"": ""3.11"", ""sei"": ""6.97""}, ""molecule_chembl_id"": ""CHEMBL266628"", ""molecule_pref_name"": null, ""parent_molecule_chembl_id"": ""CHEMBL266628"", ""pchembl_value"": ""8.30"", ""potential_duplicate"": 0, ""qudt_units"": ""http://www.openphacts.org/units/Nanomolar"", ""record_id"": 10588, ""relation"": ""="", ""src_id"": 1, ""standard_flag"": 1, ""standard_relation"": ""="", ""standard_text_value"": null, ""standard_type"": ""Ki"", ""standard_units"": ""nM"", ""standard_upper_value"": null, ""standard_value"": ""5.0"", ""target_chembl_id"": ""CHEMBL252"", ""target_organism"": ""Homo sapiens"", ""target_pref_name"": ""Endothelin-1 receptor"", ""target_tax_id"": ""9606"", ""text_value"": null, ""toid"": null, ""type"": ""Ki"", ""units"": ""nM"", ""uo_units"": ""UO_0000065"", ""upper_value"": null, ""value"": ""5.0""}","583dc675-942e-5de8-b3d7-eceabebe7bd7","{}"
"785c5bb7-a083-504b-86c7-abf84f4e761c","chembl_activity","chembl_activity","chembl","bronze","89","32253","32253","74ef808257fa594e361f2bb71699885a56912a2acc9a08deb0f13ea3e35afd59","74ef808257fa594e361f2bb71699885a56912a2acc9a08deb0f13ea3e35afd59","74ef808257fa594e361f2bb71699885a56912a2acc9a08deb0f13ea3e35afd59","included","","","","","","","","","extract","2026-06-30T10:43:54.021713+00:00","{""action_type"": null, ""activity_comment"": null, ""activity_id"": 32253, ""activity_properties"": [], ""assay_chembl_id"": ""CHEMBL681468"", ""assay_description"": ""Inhibition of [3H]farnesyl pyrophosphate binding to human farnesyltransferase"", ""assay_type"": ""B"", ""assay_variant_accession"": null, ""assay_variant_mutation"": null, ""bao_endpoint"": ""BAO_0000190"", ""bao_format"": ""BAO_0000223"", ""bao_label"": ""protein complex format"", ""canonical_smiles"": ""CCCC[C@@H](C)/C=C(C)/C=C(\\C)C(=O)NC1=C[C@@](O)(/C=C/C=C/C=C/C(=O)NC2=C(O)CCC2=O)[C@@H]2O[C@@H]2C1=O"", ""data_validity_comment"": null, ""data_validity_description"": null, ""document_chembl_id"": ""CHEMBL1136425"", ""document_journal"": ""Bioorg Med Chem Lett"", ""document_year"": 2003, ""ligand_efficiency"": {""bei"": ""8.94"", ""le"": ""0.17"", ""lle"": ""1.22"", ""sei"": ""3.39""}, ""molecule_chembl_id"": ""CHEMBL285848"", ""molecule_pref_name"": ""MANUMYCIN A"", ""parent_molecule_chembl_id"": ""CHEMBL285848"", ""pchembl_value"": ""4.92"", ""potential_duplicate"": 0, ""qudt_units"": ""http://www.openphacts.org/units/Nanomolar"", ""record_id"": 60072, ""relation"": ""="", ""src_id"": 1, ""standard_flag"": 1, ""standard_relation"": ""="", ""standard_text_value"": null, ""standard_type"": ""IC50"", ""standard_units"": ""nM"", ""standard_upper_value"": null, ""standard_value"": ""11900.0"", ""target_chembl_id"": ""CHEMBL2094108"", ""target_organism"": ""Homo sapiens"", ""target_pref_name"": ""Protein farnesyltransferase"", ""target_tax_id"": ""9606"", ""text_value"": null, ""toid"": null, ""type"": ""IC50"", ""units"": ""uM"", ""uo_units"": ""UO_0000065"", ""upper_value"": null, ""value"": ""11.9""}","{""action_type"": null, ""activity_comment"": null, ""activity_id"": 32253, ""activity_properties"": [], ""assay_chembl_id"": ""CHEMBL681468"", ""assay_description"": ""Inhibition of [3H]farnesyl pyrophosphate binding to human farnesyltransferase"", ""assay_type"": ""B"", ""assay_variant_accession"": null, ""assay_variant_mutation"": null, ""bao_endpoint"": ""BAO_0000190"", ""bao_format"": ""BAO_0000223"", ""bao_label"": ""protein complex format"", ""canonical_smiles"": ""CCCC[C@@H](C)/C=C(C)/C=C(\\C)C(=O)NC1=C[C@@](O)(/C=C/C=C/C=C/C(=O)NC2=C(O)CCC2=O)[C@@H]2O[C@@H]2C1=O"", ""data_validity_comment"": null, ""data_validity_description"": null, ""document_chembl_id"": ""CHEMBL1136425"", ""document_journal"": ""Bioorg Med Chem Lett"", ""document_year"": 2003, ""ligand_efficiency"": {""bei"": ""8.94"", ""le"": ""0.17"", ""lle"": ""1.22"", ""sei"": ""3.39""}, ""molecule_chembl_id"": ""CHEMBL285848"", ""molecule_pref_name"": ""MANUMYCIN A"", ""parent_molecule_chembl_id"": ""CHEMBL285848"", ""pchembl_value"": ""4.92"", ""potential_duplicate"": 0, ""qudt_units"": ""http://www.openphacts.org/units/Nanomolar"", ""record_id"": 60072, ""relation"": ""="", ""src_id"": 1, ""standard_flag"": 1, ""standard_relation"": ""="", ""standard_text_value"": null, ""standard_type"": ""IC50"", ""standard_units"": ""nM"", ""standard_upper_value"": null, ""standard_value"": ""11900.0"", ""target_chembl_id"": ""CHEMBL2094108"", ""target_organism"": ""Homo sapiens"", ""target_pref_name"": ""Protein farnesyltransferase"", ""target_tax_id"": ""9606"", ""text_value"": null, ""toid"": null, ""type"": ""IC50"", ""units"": ""uM"", ""uo_units"": ""UO_0000065"", ""upper_value"": null, ""value"": ""11.9""}","583dc675-942e-5de8-b3d7-eceabebe7bd7","{}"
"785c5bb7-a083-504b-86c7-abf84f4e761c","chembl_activity","chembl_activity","chembl","bronze","90","32254","32254","b85e96a61ba3800bd2fbdafaedd5da26c656033b40c3c5932f4dcacfc9430c35","b85e96a61ba3800bd2fbdafaedd5da26c656033b40c3c5932f4dcacfc9430c35","b85e96a61ba3800bd2fbdafaedd5da26c656033b40c3c5932f4dcacfc9430c35","included","","","","","","","","","extract","2026-06-30T10:43:54.021713+00:00","{""action_type"": null, ""activity_comment"": null, ""activity_id"": 32254, ""activity_properties"": [], ""assay_chembl_id"": ""CHEMBL811886"", ""assay_description"": ""Inhibition of porcine TACE"", ""assay_type"": ""B"", ""assay_variant_accession"": null, ""assay_variant_mutation"": null, ""bao_endpoint"": ""BAO_0000190"", ""bao_format"": ""BAO_0000357"", ""bao_label"": ""single protein format"", ""canonical_smiles"": ""O=C(NO)[C@H]1CCC[C@@H]1C(=O)Nc1ccc(OCc2ccccc2)cc1"", ""data_validity_comment"": null, ""data_validity_description"": null, ""document_chembl_id"": ""CHEMBL1136470"", ""document_journal"": ""Bioorg Med Chem Lett"", ""document_year"": 2003, ""ligand_efficiency"": {""bei"": ""19.63"", ""le"": ""0.37"", ""lle"": ""3.83"", ""sei"": ""7.94""}, ""molecule_chembl_id"": ""CHEMBL342713"", ""molecule_pref_name"": null, ""parent_molecule_chembl_id"": ""CHEMBL342713"", ""pchembl_value"": ""6.96"", ""potential_duplicate"": 0, ""qudt_units"": ""http://www.openphacts.org/units/Nanomolar"", ""record_id"": 261096, ""relation"": ""="", ""src_id"": 1, ""standard_flag"": 1, ""standard_relation"": ""="", ""standard_text_value"": null, ""standard_type"": ""IC50"", ""standard_units"": ""nM"", ""standard_upper_value"": null, ""standard_value"": ""110.0"", ""target_chembl_id"": ""CHEMBL3332"", ""target_organism"": ""Sus scrofa"", ""target_pref_name"": ""Disintegrin and metalloproteinase domain-containing protein 17"", ""target_tax_id"": ""9823"", ""text_value"": null, ""toid"": null, ""type"": ""IC50"", ""units"": ""uM"", ""uo_units"": ""UO_0000065"", ""upper_value"": null, ""value"": ""0.11""}","{""action_type"": null, ""activity_comment"": null, ""activity_id"": 32254, ""activity_properties"": [], ""assay_chembl_id"": ""CHEMBL811886"", ""assay_description"": ""Inhibition of porcine TACE"", ""assay_type"": ""B"", ""assay_variant_accession"": null, ""assay_variant_mutation"": null, ""bao_endpoint"": ""BAO_0000190"", ""bao_format"": ""BAO_0000357"", ""bao_label"": ""single protein format"", ""canonical_smiles"": ""O=C(NO)[C@H]1CCC[C@@H]1C(=O)Nc1ccc(OCc2ccccc2)cc1"", ""data_validity_comment"": null, ""data_validity_description"": null, ""document_chembl_id"": ""CHEMBL1136470"", ""document_journal"": ""Bioorg Med Chem Lett"", ""document_year"": 2003, ""ligand_efficiency"": {""bei"": ""19.63"", ""le"": ""0.37"", ""lle"": ""3.83"", ""sei"": ""7.94""}, ""molecule_chembl_id"": ""CHEMBL342713"", ""molecule_pref_name"": null, ""parent_molecule_chembl_id"": ""CHEMBL342713"", ""pchembl_value"": ""6.96"", ""potential_duplicate"": 0, ""qudt_units"": ""http://www.openphacts.org/units/Nanomolar"", ""record_id"": 261096, ""relation"": ""="", ""src_id"": 1, ""standard_flag"": 1, ""standard_relation"": ""="", ""standard_text_value"": null, ""standard_type"": ""IC50"", ""standard_units"": ""nM"", ""standard_upper_value"": null, ""standard_value"": ""110.0"", ""target_chembl_id"": ""CHEMBL3332"", ""target_organism"": ""Sus scrofa"", ""target_pref_name"": ""Disintegrin and metalloproteinase domain-containing protein 17"", ""target_tax_id"": ""9823"", ""text_value"": null, ""toid"": null, ""type"": ""IC50"", ""units"": ""uM"", ""uo_units"": ""UO_0000065"", ""upper_value"": null, ""value"": ""0.11""}","583dc675-942e-5de8-b3d7-eceabebe7bd7","{}"
"785c5bb7-a083-504b-86c7-abf84f4e761c","chembl_activity","chembl_activity","chembl","bronze","91","32260","32260","f0e86f6e513a6a3926fc079785eeb049fc47bd1a95b3f44a68407857c4e8ade5","f0e86f6e513a6a3926fc079785eeb049fc47bd1a95b3f44a68407857c4e8ade5","f0e86f6e513a6a3926fc079785eeb049fc47bd1a95b3f44a68407857c4e8ade5","included","","","","","","","","","extract","2026-06-30T10:43:54.021713+00:00","{""action_type"": null, ""activity_comment"": null, ""activity_id"": 32260, ""activity_properties"": [], ""assay_chembl_id"": ""CHEMBL674637"", ""assay_description"": ""Inhibitory activity towards tyrosine phosphorylation for the epidermal growth factor-receptor kinase"", ""assay_type"": ""B"", ""assay_variant_accession"": null, ""assay_variant_mutation"": null, ""bao_endpoint"": ""BAO_0000190"", ""bao_format"": ""BAO_0000357"", ""bao_label"": ""single protein format"", ""canonical_smiles"": ""Cc1cc(C)c(/C=C2\\C(=O)Nc3ncnc(Nc4ccc(F)c(Cl)c4)c32)[nH]1"", ""data_validity_comment"": null, ""data_validity_description"": null, ""document_chembl_id"": ""CHEMBL1134862"", ""document_journal"": ""Bioorg Med Chem Lett"", ""document_year"": 2002, ""ligand_efficiency"": {""bei"": ""19.25"", ""le"": ""0.37"", ""lle"": ""2.94"", ""sei"": ""8.93""}, ""molecule_chembl_id"": ""CHEMBL68920"", ""molecule_pref_name"": null, ""parent_molecule_chembl_id"": ""CHEMBL68920"", ""pchembl_value"": ""7.39"", ""potential_duplicate"": 0, ""qudt_units"": ""http://www.openphacts.org/units/Nanomolar"", ""record_id"": 119482, ""relation"": ""="", ""src_id"": 1, ""standard_flag"": 1, ""standard_relation"": ""="", ""standard_text_value"": null, ""standard_type"": ""IC50"", ""standard_units"": ""nM"", ""standard_upper_value"": null, ""standard_value"": ""41.0"", ""target_chembl_id"": ""CHEMBL203"", ""target_organism"": ""Homo sapiens"", ""target_pref_name"": ""Epidermal growth factor receptor"", ""target_tax_id"": ""9606"", ""text_value"": null, ""toid"": null, ""type"": ""IC50"", ""units"": ""uM"", ""uo_units"": ""UO_0000065"", ""upper_value"": null, ""value"": ""0.041""}","{""action_type"": null, ""activity_comment"": null, ""activity_id"": 32260, ""activity_properties"": [], ""assay_chembl_id"": ""CHEMBL674637"", ""assay_description"": ""Inhibitory activity towards tyrosine phosphorylation for the epidermal growth factor-receptor kinase"", ""assay_type"": ""B"", ""assay_variant_accession"": null, ""assay_variant_mutation"": null, ""bao_endpoint"": ""BAO_0000190"", ""bao_format"": ""BAO_0000357"", ""bao_label"": ""single protein format"", ""canonical_smiles"": ""Cc1cc(C)c(/C=C2\\C(=O)Nc3ncnc(Nc4ccc(F)c(Cl)c4)c32)[nH]1"", ""data_validity_comment"": null, ""data_validity_description"": null, ""document_chembl_id"": ""CHEMBL1134862"", ""document_journal"": ""Bioorg Med Chem Lett"", ""document_year"": 2002, ""ligand_efficiency"": {""bei"": ""19.25"", ""le"": ""0.37"", ""lle"": ""2.94"", ""sei"": ""8.93""}, ""molecule_chembl_id"": ""CHEMBL68920"", ""molecule_pref_name"": null, ""parent_molecule_chembl_id"": ""CHEMBL68920"", ""pchembl_value"": ""7.39"", ""potential_duplicate"": 0, ""qudt_units"": ""http://www.openphacts.org/units/Nanomolar"", ""record_id"": 119482, ""relation"": ""="", ""src_id"": 1, ""standard_flag"": 1, ""standard_relation"": ""="", ""standard_text_value"": null, ""standard_type"": ""IC50"", ""standard_units"": ""nM"", ""standard_upper_value"": null, ""standard_value"": ""41.0"", ""target_chembl_id"": ""CHEMBL203"", ""target_organism"": ""Homo sapiens"", ""target_pref_name"": ""Epidermal growth factor receptor"", ""target_tax_id"": ""9606"", ""text_value"": null, ""toid"": null, ""type"": ""IC50"", ""units"": ""uM"", ""uo_units"": ""UO_0000065"", ""upper_value"": null, ""value"": ""0.041""}","583dc675-942e-5de8-b3d7-eceabebe7bd7","{}"
"785c5bb7-a083-504b-86c7-abf84f4e761c","chembl_activity","chembl_activity","chembl","bronze","92","32262","32262","f4bf4935894ffad899980ad7ce51de2dbc7049c531c28dc470e66a0d62cebacf","f4bf4935894ffad899980ad7ce51de2dbc7049c531c28dc470e66a0d62cebacf","f4bf4935894ffad899980ad7ce51de2dbc7049c531c28dc470e66a0d62cebacf","included","","","","","","","","","extract","2026-06-30T10:43:54.021713+00:00","{""action_type"": null, ""activity_comment"": null, ""activity_id"": 32262, ""activity_properties"": [], ""assay_chembl_id"": ""CHEMBL816964"", ""assay_description"": ""Inhibition of tyrosine phosphorylation in cells expressing human VEGFR2 (Flk-1/KDR) kinase"", ""assay_type"": ""B"", ""assay_variant_accession"": null, ""assay_variant_mutation"": null, ""bao_endpoint"": ""BAO_0000190"", ""bao_format"": ""BAO_0000019"", ""bao_label"": ""assay format"", ""canonical_smiles"": ""Cc1cc(C)c(/C=C2\\C(=O)Nc3ncnc(Nc4ccc(F)c(Cl)c4)c32)[nH]1"", ""data_validity_comment"": null, ""data_validity_description"": null, ""document_chembl_id"": ""CHEMBL1134862"", ""document_journal"": ""Bioorg Med Chem Lett"", ""document_year"": 2002, ""ligand_efficiency"": {""bei"": ""12.46"", ""le"": ""0.24"", ""lle"": ""0.33"", ""sei"": ""5.78""}, ""molecule_chembl_id"": ""CHEMBL68920"", ""molecule_pref_name"": null, ""parent_molecule_chembl_id"": ""CHEMBL68920"", ""pchembl_value"": ""4.78"", ""potential_duplicate"": 0, ""qudt_units"": ""http://www.openphacts.org/units/Nanomolar"", ""record_id"": 119482, ""relation"": ""="", ""src_id"": 1, ""standard_flag"": 1, ""standard_relation"": ""="", ""standard_text_value"": null, ""standard_type"": ""IC50"", ""standard_units"": ""nM"", ""standard_upper_value"": null, ""standard_value"": ""16500.0"", ""target_chembl_id"": ""CHEMBL279"", ""target_organism"": ""Homo sapiens"", ""target_pref_name"": ""Vascular endothelial growth factor receptor 2"", ""target_tax_id"": ""9606"", ""text_value"": null, ""toid"": null, ""type"": ""IC50"", ""units"": ""uM"", ""uo_units"": ""UO_0000065"", ""upper_value"": null, ""value"": ""16.5""}","{""action_type"": null, ""activity_comment"": null, ""activity_id"": 32262, ""activity_properties"": [], ""assay_chembl_id"": ""CHEMBL816964"", ""assay_description"": ""Inhibition of tyrosine phosphorylation in cells expressing human VEGFR2 (Flk-1/KDR) kinase"", ""assay_type"": ""B"", ""assay_variant_accession"": null, ""assay_variant_mutation"": null, ""bao_endpoint"": ""BAO_0000190"", ""bao_format"": ""BAO_0000019"", ""bao_label"": ""assay format"", ""canonical_smiles"": ""Cc1cc(C)c(/C=C2\\C(=O)Nc3ncnc(Nc4ccc(F)c(Cl)c4)c32)[nH]1"", ""data_validity_comment"": null, ""data_validity_description"": null, ""document_chembl_id"": ""CHEMBL1134862"", ""document_journal"": ""Bioorg Med Chem Lett"", ""document_year"": 2002, ""ligand_efficiency"": {""bei"": ""12.46"", ""le"": ""0.24"", ""lle"": ""0.33"", ""sei"": ""5.78""}, ""molecule_chembl_id"": ""CHEMBL68920"", ""molecule_pref_name"": null, ""parent_molecule_chembl_id"": ""CHEMBL68920"", ""pchembl_value"": ""4.78"", ""potential_duplicate"": 0, ""qudt_units"": ""http://www.openphacts.org/units/Nanomolar"", ""record_id"": 119482, ""relation"": ""="", ""src_id"": 1, ""standard_flag"": 1, ""standard_relation"": ""="", ""standard_text_value"": null, ""standard_type"": ""IC50"", ""standard_units"": ""nM"", ""standard_upper_value"": null, ""standard_value"": ""16500.0"", ""target_chembl_id"": ""CHEMBL279"", ""target_organism"": ""Homo sapiens"", ""target_pref_name"": ""Vascular endothelial growth factor receptor 2"", ""target_tax_id"": ""9606"", ""text_value"": null, ""toid"": null, ""type"": ""IC50"", ""units"": ""uM"", ""uo_units"": ""UO_0000065"", ""upper_value"": null, ""value"": ""16.5""}","583dc675-942e-5de8-b3d7-eceabebe7bd7","{}"
"785c5bb7-a083-504b-86c7-abf84f4e761c","chembl_activity","chembl_activity","chembl","bronze","93","32263","32263","6ee3eb347e83114ce67764b5dde7eb3f4e81a5124f39017e13fd92198a8580ce","6ee3eb347e83114ce67764b5dde7eb3f4e81a5124f39017e13fd92198a8580ce","6ee3eb347e83114ce67764b5dde7eb3f4e81a5124f39017e13fd92198a8580ce","included","","","","","","","","","extract","2026-06-30T10:43:54.021713+00:00","{""action_type"": null, ""activity_comment"": null, ""activity_id"": 32263, ""activity_properties"": [], ""assay_chembl_id"": ""CHEMBL621151"", ""assay_description"": ""Inhibition of autophosphorylation of human epidermal growth factor-receptor (EGF-R) expressed in A431 cells"", ""assay_type"": ""F"", ""assay_variant_accession"": null, ""assay_variant_mutation"": null, ""bao_endpoint"": ""BAO_0000190"", ""bao_format"": ""BAO_0000219"", ""bao_label"": ""cell-based format"", ""canonical_smiles"": ""Cc1cc(C)c(/C=C2\\C(=O)Nc3ncnc(Nc4ccc(F)c(Cl)c4)c32)[nH]1"", ""data_validity_comment"": null, ""data_validity_description"": null, ""document_chembl_id"": ""CHEMBL1134862"", ""document_journal"": ""Bioorg Med Chem Lett"", ""document_year"": 2002, ""ligand_efficiency"": null, ""molecule_chembl_id"": ""CHEMBL68920"", ""molecule_pref_name"": null, ""parent_molecule_chembl_id"": ""CHEMBL68920"", ""pchembl_value"": ""6.52"", ""potential_duplicate"": 0, ""qudt_units"": ""http://www.openphacts.org/units/Nanomolar"", ""record_id"": 119482, ""relation"": ""="", ""src_id"": 1, ""standard_flag"": 1, ""standard_relation"": ""="", ""standard_text_value"": null, ""standard_type"": ""IC50"", ""standard_units"": ""nM"", ""standard_upper_value"": null, ""standard_value"": ""300.0"", ""target_chembl_id"": ""CHEMBL203"", ""target_organism"": ""Homo sapiens"", ""target_pref_name"": ""Epidermal growth factor receptor"", ""target_tax_id"": ""9606"", ""text_value"": null, ""toid"": null, ""type"": ""IC50"", ""units"": ""uM"", ""uo_units"": ""UO_0000065"", ""upper_value"": null, ""value"": ""0.3""}","{""action_type"": null, ""activity_comment"": null, ""activity_id"": 32263, ""activity_properties"": [], ""assay_chembl_id"": ""CHEMBL621151"", ""assay_description"": ""Inhibition of autophosphorylation of human epidermal growth factor-receptor (EGF-R) expressed in A431 cells"", ""assay_type"": ""F"", ""assay_variant_accession"": null, ""assay_variant_mutation"": null, ""bao_endpoint"": ""BAO_0000190"", ""bao_format"": ""BAO_0000219"", ""bao_label"": ""cell-based format"", ""canonical_smiles"": ""Cc1cc(C)c(/C=C2\\C(=O)Nc3ncnc(Nc4ccc(F)c(Cl)c4)c32)[nH]1"", ""data_validity_comment"": null, ""data_validity_description"": null, ""document_chembl_id"": ""CHEMBL1134862"", ""document_journal"": ""Bioorg Med Chem Lett"", ""document_year"": 2002, ""ligand_efficiency"": null, ""molecule_chembl_id"": ""CHEMBL68920"", ""molecule_pref_name"": null, ""parent_molecule_chembl_id"": ""CHEMBL68920"", ""pchembl_value"": ""6.52"", ""potential_duplicate"": 0, ""qudt_units"": ""http://www.openphacts.org/units/Nanomolar"", ""record_id"": 119482, ""relation"": ""="", ""src_id"": 1, ""standard_flag"": 1, ""standard_relation"": ""="", ""standard_text_value"": null, ""standard_type"": ""IC50"", ""standard_units"": ""nM"", ""standard_upper_value"": null, ""standard_value"": ""300.0"", ""target_chembl_id"": ""CHEMBL203"", ""target_organism"": ""Homo sapiens"", ""target_pref_name"": ""Epidermal growth factor receptor"", ""target_tax_id"": ""9606"", ""text_value"": null, ""toid"": null, ""type"": ""IC50"", ""units"": ""uM"", ""uo_units"": ""UO_0000065"", ""upper_value"": null, ""value"": ""0.3""}","583dc675-942e-5de8-b3d7-eceabebe7bd7","{}"
"785c5bb7-a083-504b-86c7-abf84f4e761c","chembl_activity","chembl_activity","chembl","bronze","94","32264","32264","1119c8ebe8407c46e3bc1158865bd421f2cc10dd98ce17bb1af85d7ff899d026","1119c8ebe8407c46e3bc1158865bd421f2cc10dd98ce17bb1af85d7ff899d026","1119c8ebe8407c46e3bc1158865bd421f2cc10dd98ce17bb1af85d7ff899d026","included","","","","","","","","","extract","2026-06-30T10:43:54.021713+00:00","{""action_type"": null, ""activity_comment"": null, ""activity_id"": 32264, ""activity_properties"": [], ""assay_chembl_id"": ""CHEMBL845865"", ""assay_description"": ""Inhibition of autophosphorylation of human Her (p185erbB) tyrosine kinase expressed in SKOV-3 cells"", ""assay_type"": ""F"", ""assay_variant_accession"": null, ""assay_variant_mutation"": null, ""bao_endpoint"": ""BAO_0000190"", ""bao_format"": ""BAO_0000219"", ""bao_label"": ""cell-based format"", ""canonical_smiles"": ""Cc1cc(C)c(/C=C2\\C(=O)Nc3ncnc(Nc4ccc(F)c(Cl)c4)c32)[nH]1"", ""data_validity_comment"": null, ""data_validity_description"": null, ""document_chembl_id"": ""CHEMBL1134862"", ""document_journal"": ""Bioorg Med Chem Lett"", ""document_year"": 2002, ""ligand_efficiency"": null, ""molecule_chembl_id"": ""CHEMBL68920"", ""molecule_pref_name"": null, ""parent_molecule_chembl_id"": ""CHEMBL68920"", ""pchembl_value"": ""6.52"", ""potential_duplicate"": 0, ""qudt_units"": ""http://www.openphacts.org/units/Nanomolar"", ""record_id"": 119482, ""relation"": ""="", ""src_id"": 1, ""standard_flag"": 1, ""standard_relation"": ""="", ""standard_text_value"": null, ""standard_type"": ""IC50"", ""standard_units"": ""nM"", ""standard_upper_value"": null, ""standard_value"": ""300.0"", ""target_chembl_id"": ""CHEMBL1824"", ""target_organism"": ""Homo sapiens"", ""target_pref_name"": ""Receptor tyrosine-protein kinase erbB-2"", ""target_tax_id"": ""9606"", ""text_value"": null, ""toid"": null, ""type"": ""IC50"", ""units"": ""uM"", ""uo_units"": ""UO_0000065"", ""upper_value"": null, ""value"": ""0.3""}","{""action_type"": null, ""activity_comment"": null, ""activity_id"": 32264, ""activity_properties"": [], ""assay_chembl_id"": ""CHEMBL845865"", ""assay_description"": ""Inhibition of autophosphorylation of human Her (p185erbB) tyrosine kinase expressed in SKOV-3 cells"", ""assay_type"": ""F"", ""assay_variant_accession"": null, ""assay_variant_mutation"": null, ""bao_endpoint"": ""BAO_0000190"", ""bao_format"": ""BAO_0000219"", ""bao_label"": ""cell-based format"", ""canonical_smiles"": ""Cc1cc(C)c(/C=C2\\C(=O)Nc3ncnc(Nc4ccc(F)c(Cl)c4)c32)[nH]1"", ""data_validity_comment"": null, ""data_validity_description"": null, ""document_chembl_id"": ""CHEMBL1134862"", ""document_journal"": ""Bioorg Med Chem Lett"", ""document_year"": 2002, ""ligand_efficiency"": null, ""molecule_chembl_id"": ""CHEMBL68920"", ""molecule_pref_name"": null, ""parent_molecule_chembl_id"": ""CHEMBL68920"", ""pchembl_value"": ""6.52"", ""potential_duplicate"": 0, ""qudt_units"": ""http://www.openphacts.org/units/Nanomolar"", ""record_id"": 119482, ""relation"": ""="", ""src_id"": 1, ""standard_flag"": 1, ""standard_relation"": ""="", ""standard_text_value"": null, ""standard_type"": ""IC50"", ""standard_units"": ""nM"", ""standard_upper_value"": null, ""standard_value"": ""300.0"", ""target_chembl_id"": ""CHEMBL1824"", ""target_organism"": ""Homo sapiens"", ""target_pref_name"": ""Receptor tyrosine-protein kinase erbB-2"", ""target_tax_id"": ""9606"", ""text_value"": null, ""toid"": null, ""type"": ""IC50"", ""units"": ""uM"", ""uo_units"": ""UO_0000065"", ""upper_value"": null, ""value"": ""0.3""}","583dc675-942e-5de8-b3d7-eceabebe7bd7","{}"
"785c5bb7-a083-504b-86c7-abf84f4e761c","chembl_activity","chembl_activity","chembl","bronze","95","32265","32265","ae295ec8b7586c9ada9ec3fa8ee8e1dadd6daab0097a9cc8496c34a219e02ebb","ae295ec8b7586c9ada9ec3fa8ee8e1dadd6daab0097a9cc8496c34a219e02ebb","ae295ec8b7586c9ada9ec3fa8ee8e1dadd6daab0097a9cc8496c34a219e02ebb","included","","","","","","","","","extract","2026-06-30T10:43:54.021713+00:00","{""action_type"": null, ""activity_comment"": null, ""activity_id"": 32265, ""activity_properties"": [], ""assay_chembl_id"": ""CHEMBL615325"", ""assay_description"": ""Inhibition of ligand-induced proliferation in human EGF-R Kinase expressing 3T3 cells"", ""assay_type"": ""F"", ""assay_variant_accession"": null, ""assay_variant_mutation"": null, ""bao_endpoint"": ""BAO_0000190"", ""bao_format"": ""BAO_0000219"", ""bao_label"": ""cell-based format"", ""canonical_smiles"": ""Cc1cc(C)c(/C=C2\\C(=O)Nc3ncnc(Nc4ccc(F)c(Cl)c4)c32)[nH]1"", ""data_validity_comment"": null, ""data_validity_description"": null, ""document_chembl_id"": ""CHEMBL1134862"", ""document_journal"": ""Bioorg Med Chem Lett"", ""document_year"": 2002, ""ligand_efficiency"": null, ""molecule_chembl_id"": ""CHEMBL68920"", ""molecule_pref_name"": null, ""parent_molecule_chembl_id"": ""CHEMBL68920"", ""pchembl_value"": ""5.11"", ""potential_duplicate"": 0, ""qudt_units"": ""http://www.openphacts.org/units/Nanomolar"", ""record_id"": 119482, ""relation"": ""="", ""src_id"": 1, ""standard_flag"": 1, ""standard_relation"": ""="", ""standard_text_value"": null, ""standard_type"": ""IC50"", ""standard_units"": ""nM"", ""standard_upper_value"": null, ""standard_value"": ""7820.0"", ""target_chembl_id"": ""CHEMBL203"", ""target_organism"": ""Homo sapiens"", ""target_pref_name"": ""Epidermal growth factor receptor"", ""target_tax_id"": ""9606"", ""text_value"": null, ""toid"": null, ""type"": ""IC50"", ""units"": ""uM"", ""uo_units"": ""UO_0000065"", ""upper_value"": null, ""value"": ""7.82""}","{""action_type"": null, ""activity_comment"": null, ""activity_id"": 32265, ""activity_properties"": [], ""assay_chembl_id"": ""CHEMBL615325"", ""assay_description"": ""Inhibition of ligand-induced proliferation in human EGF-R Kinase expressing 3T3 cells"", ""assay_type"": ""F"", ""assay_variant_accession"": null, ""assay_variant_mutation"": null, ""bao_endpoint"": ""BAO_0000190"", ""bao_format"": ""BAO_0000219"", ""bao_label"": ""cell-based format"", ""canonical_smiles"": ""Cc1cc(C)c(/C=C2\\C(=O)Nc3ncnc(Nc4ccc(F)c(Cl)c4)c32)[nH]1"", ""data_validity_comment"": null, ""data_validity_description"": null, ""document_chembl_id"": ""CHEMBL1134862"", ""document_journal"": ""Bioorg Med Chem Lett"", ""document_year"": 2002, ""ligand_efficiency"": null, ""molecule_chembl_id"": ""CHEMBL68920"", ""molecule_pref_name"": null, ""parent_molecule_chembl_id"": ""CHEMBL68920"", ""pchembl_value"": ""5.11"", ""potential_duplicate"": 0, ""qudt_units"": ""http://www.openphacts.org/units/Nanomolar"", ""record_id"": 119482, ""relation"": ""="", ""src_id"": 1, ""standard_flag"": 1, ""standard_relation"": ""="", ""standard_text_value"": null, ""standard_type"": ""IC50"", ""standard_units"": ""nM"", ""standard_upper_value"": null, ""standard_value"": ""7820.0"", ""target_chembl_id"": ""CHEMBL203"", ""target_organism"": ""Homo sapiens"", ""target_pref_name"": ""Epidermal growth factor receptor"", ""target_tax_id"": ""9606"", ""text_value"": null, ""toid"": null, ""type"": ""IC50"", ""units"": ""uM"", ""uo_units"": ""UO_0000065"", ""upper_value"": null, ""value"": ""7.82""}","583dc675-942e-5de8-b3d7-eceabebe7bd7","{}"
"785c5bb7-a083-504b-86c7-abf84f4e761c","chembl_activity","chembl_activity","chembl","bronze","96","32266","32266","4b10afbe46d16cb0c7f1b418cc77aa5bcc804fbde2a4026744e821dfb2816eb1","4b10afbe46d16cb0c7f1b418cc77aa5bcc804fbde2a4026744e821dfb2816eb1","4b10afbe46d16cb0c7f1b418cc77aa5bcc804fbde2a4026744e821dfb2816eb1","included","","","","","","","","","extract","2026-06-30T10:43:54.021713+00:00","{""action_type"": null, ""activity_comment"": null, ""activity_id"": 32266, ""activity_properties"": [], ""assay_chembl_id"": ""CHEMBL615491"", ""assay_description"": ""Inhibition of ligand induced proliferation in human Her-2 (p185erbB) tyrosine kinase expressing 3T3 cells"", ""assay_type"": ""F"", ""assay_variant_accession"": null, ""assay_variant_mutation"": null, ""bao_endpoint"": ""BAO_0000190"", ""bao_format"": ""BAO_0000219"", ""bao_label"": ""cell-based format"", ""canonical_smiles"": ""Cc1cc(C)c(/C=C2\\C(=O)Nc3ncnc(Nc4ccc(F)c(Cl)c4)c32)[nH]1"", ""data_validity_comment"": null, ""data_validity_description"": null, ""document_chembl_id"": ""CHEMBL1134862"", ""document_journal"": ""Bioorg Med Chem Lett"", ""document_year"": 2002, ""ligand_efficiency"": null, ""molecule_chembl_id"": ""CHEMBL68920"", ""molecule_pref_name"": null, ""parent_molecule_chembl_id"": ""CHEMBL68920"", ""pchembl_value"": ""5.60"", ""potential_duplicate"": 0, ""qudt_units"": ""http://www.openphacts.org/units/Nanomolar"", ""record_id"": 119482, ""relation"": ""="", ""src_id"": 1, ""standard_flag"": 1, ""standard_relation"": ""="", ""standard_text_value"": null, ""standard_type"": ""IC50"", ""standard_units"": ""nM"", ""standard_upper_value"": null, ""standard_value"": ""2500.0"", ""target_chembl_id"": ""CHEMBL1824"", ""target_organism"": ""Homo sapiens"", ""target_pref_name"": ""Receptor tyrosine-protein kinase erbB-2"", ""target_tax_id"": ""9606"", ""text_value"": null, ""toid"": null, ""type"": ""IC50"", ""units"": ""uM"", ""uo_units"": ""UO_0000065"", ""upper_value"": null, ""value"": ""2.5""}","{""action_type"": null, ""activity_comment"": null, ""activity_id"": 32266, ""activity_properties"": [], ""assay_chembl_id"": ""CHEMBL615491"", ""assay_description"": ""Inhibition of ligand induced proliferation in human Her-2 (p185erbB) tyrosine kinase expressing 3T3 cells"", ""assay_type"": ""F"", ""assay_variant_accession"": null, ""assay_variant_mutation"": null, ""bao_endpoint"": ""BAO_0000190"", ""bao_format"": ""BAO_0000219"", ""bao_label"": ""cell-based format"", ""canonical_smiles"": ""Cc1cc(C)c(/C=C2\\C(=O)Nc3ncnc(Nc4ccc(F)c(Cl)c4)c32)[nH]1"", ""data_validity_comment"": null, ""data_validity_description"": null, ""document_chembl_id"": ""CHEMBL1134862"", ""document_journal"": ""Bioorg Med Chem Lett"", ""document_year"": 2002, ""ligand_efficiency"": null, ""molecule_chembl_id"": ""CHEMBL68920"", ""molecule_pref_name"": null, ""parent_molecule_chembl_id"": ""CHEMBL68920"", ""pchembl_value"": ""5.60"", ""potential_duplicate"": 0, ""qudt_units"": ""http://www.openphacts.org/units/Nanomolar"", ""record_id"": 119482, ""relation"": ""="", ""src_id"": 1, ""standard_flag"": 1, ""standard_relation"": ""="", ""standard_text_value"": null, ""standard_type"": ""IC50"", ""standard_units"": ""nM"", ""standard_upper_value"": null, ""standard_value"": ""2500.0"", ""target_chembl_id"": ""CHEMBL1824"", ""target_organism"": ""Homo sapiens"", ""target_pref_name"": ""Receptor tyrosine-protein kinase erbB-2"", ""target_tax_id"": ""9606"", ""text_value"": null, ""toid"": null, ""type"": ""IC50"", ""units"": ""uM"", ""uo_units"": ""UO_0000065"", ""upper_value"": null, ""value"": ""2.5""}","583dc675-942e-5de8-b3d7-eceabebe7bd7","{}"
"785c5bb7-a083-504b-86c7-abf84f4e761c","chembl_activity","chembl_activity","chembl","bronze","97","32267","32267","7af7294da68488e2a135eba90caf097686b92134658db52d3dd025380ecb7fbe","7af7294da68488e2a135eba90caf097686b92134658db52d3dd025380ecb7fbe","7af7294da68488e2a135eba90caf097686b92134658db52d3dd025380ecb7fbe","included","","","","","","","","","extract","2026-06-30T10:43:54.021713+00:00","{""action_type"": null, ""activity_comment"": null, ""activity_id"": 32267, ""activity_properties"": [], ""assay_chembl_id"": ""CHEMBL674637"", ""assay_description"": ""Inhibitory activity towards tyrosine phosphorylation for the epidermal growth factor-receptor kinase"", ""assay_type"": ""B"", ""assay_variant_accession"": null, ""assay_variant_mutation"": null, ""bao_endpoint"": ""BAO_0000190"", ""bao_format"": ""BAO_0000357"", ""bao_label"": ""single protein format"", ""canonical_smiles"": ""Cc1cc(C(=O)N2CCOCC2)[nH]c1/C=C1\\C(=O)Nc2ncnc(Nc3ccc(F)c(Cl)c3)c21"", ""data_validity_comment"": null, ""data_validity_description"": null, ""document_chembl_id"": ""CHEMBL1134862"", ""document_journal"": ""Bioorg Med Chem Lett"", ""document_year"": 2002, ""ligand_efficiency"": {""bei"": ""14.02"", ""le"": ""0.27"", ""lle"": ""3.16"", ""sei"": ""6.03""}, ""molecule_chembl_id"": ""CHEMBL69960"", ""molecule_pref_name"": null, ""parent_molecule_chembl_id"": ""CHEMBL69960"", ""pchembl_value"": ""6.77"", ""potential_duplicate"": 0, ""qudt_units"": ""http://www.openphacts.org/units/Nanomolar"", ""record_id"": 119494, ""relation"": ""="", ""src_id"": 1, ""standard_flag"": 1, ""standard_relation"": ""="", ""standard_text_value"": null, ""standard_type"": ""IC50"", ""standard_units"": ""nM"", ""standard_upper_value"": null, ""standard_value"": ""170.0"", ""target_chembl_id"": ""CHEMBL203"", ""target_organism"": ""Homo sapiens"", ""target_pref_name"": ""Epidermal growth factor receptor"", ""target_tax_id"": ""9606"", ""text_value"": null, ""toid"": null, ""type"": ""IC50"", ""units"": ""uM"", ""uo_units"": ""UO_0000065"", ""upper_value"": null, ""value"": ""0.17""}","{""action_type"": null, ""activity_comment"": null, ""activity_id"": 32267, ""activity_properties"": [], ""assay_chembl_id"": ""CHEMBL674637"", ""assay_description"": ""Inhibitory activity towards tyrosine phosphorylation for the epidermal growth factor-receptor kinase"", ""assay_type"": ""B"", ""assay_variant_accession"": null, ""assay_variant_mutation"": null, ""bao_endpoint"": ""BAO_0000190"", ""bao_format"": ""BAO_0000357"", ""bao_label"": ""single protein format"", ""canonical_smiles"": ""Cc1cc(C(=O)N2CCOCC2)[nH]c1/C=C1\\C(=O)Nc2ncnc(Nc3ccc(F)c(Cl)c3)c21"", ""data_validity_comment"": null, ""data_validity_description"": null, ""document_chembl_id"": ""CHEMBL1134862"", ""document_journal"": ""Bioorg Med Chem Lett"", ""document_year"": 2002, ""ligand_efficiency"": {""bei"": ""14.02"", ""le"": ""0.27"", ""lle"": ""3.16"", ""sei"": ""6.03""}, ""molecule_chembl_id"": ""CHEMBL69960"", ""molecule_pref_name"": null, ""parent_molecule_chembl_id"": ""CHEMBL69960"", ""pchembl_value"": ""6.77"", ""potential_duplicate"": 0, ""qudt_units"": ""http://www.openphacts.org/units/Nanomolar"", ""record_id"": 119494, ""relation"": ""="", ""src_id"": 1, ""standard_flag"": 1, ""standard_relation"": ""="", ""standard_text_value"": null, ""standard_type"": ""IC50"", ""standard_units"": ""nM"", ""standard_upper_value"": null, ""standard_value"": ""170.0"", ""target_chembl_id"": ""CHEMBL203"", ""target_organism"": ""Homo sapiens"", ""target_pref_name"": ""Epidermal growth factor receptor"", ""target_tax_id"": ""9606"", ""text_value"": null, ""toid"": null, ""type"": ""IC50"", ""units"": ""uM"", ""uo_units"": ""UO_0000065"", ""upper_value"": null, ""value"": ""0.17""}","583dc675-942e-5de8-b3d7-eceabebe7bd7","{}"
"785c5bb7-a083-504b-86c7-abf84f4e761c","chembl_activity","chembl_activity","chembl","bronze","98","32270","32270","355dc8d49b4a567fad07fbc3e0aaaaa225d6266208a7a136acd769f1db166c85","355dc8d49b4a567fad07fbc3e0aaaaa225d6266208a7a136acd769f1db166c85","355dc8d49b4a567fad07fbc3e0aaaaa225d6266208a7a136acd769f1db166c85","included","","","","","","","","","extract","2026-06-30T10:43:54.021713+00:00","{""action_type"": null, ""activity_comment"": null, ""activity_id"": 32270, ""activity_properties"": [], ""assay_chembl_id"": ""CHEMBL621151"", ""assay_description"": ""Inhibition of autophosphorylation of human epidermal growth factor-receptor (EGF-R) expressed in A431 cells"", ""assay_type"": ""F"", ""assay_variant_accession"": null, ""assay_variant_mutation"": null, ""bao_endpoint"": ""BAO_0000190"", ""bao_format"": ""BAO_0000219"", ""bao_label"": ""cell-based format"", ""canonical_smiles"": ""Cc1cc(C(=O)N2CCOCC2)[nH]c1/C=C1\\C(=O)Nc2ncnc(Nc3ccc(F)c(Cl)c3)c21"", ""data_validity_comment"": null, ""data_validity_description"": null, ""document_chembl_id"": ""CHEMBL1134862"", ""document_journal"": ""Bioorg Med Chem Lett"", ""document_year"": 2002, ""ligand_efficiency"": null, ""molecule_chembl_id"": ""CHEMBL69960"", ""molecule_pref_name"": null, ""parent_molecule_chembl_id"": ""CHEMBL69960"", ""pchembl_value"": ""7.40"", ""potential_duplicate"": 0, ""qudt_units"": ""http://www.openphacts.org/units/Nanomolar"", ""record_id"": 119494, ""relation"": ""="", ""src_id"": 1, ""standard_flag"": 1, ""standard_relation"": ""="", ""standard_text_value"": null, ""standard_type"": ""IC50"", ""standard_units"": ""nM"", ""standard_upper_value"": null, ""standard_value"": ""40.0"", ""target_chembl_id"": ""CHEMBL203"", ""target_organism"": ""Homo sapiens"", ""target_pref_name"": ""Epidermal growth factor receptor"", ""target_tax_id"": ""9606"", ""text_value"": null, ""toid"": null, ""type"": ""IC50"", ""units"": ""uM"", ""uo_units"": ""UO_0000065"", ""upper_value"": null, ""value"": ""0.04""}","{""action_type"": null, ""activity_comment"": null, ""activity_id"": 32270, ""activity_properties"": [], ""assay_chembl_id"": ""CHEMBL621151"", ""assay_description"": ""Inhibition of autophosphorylation of human epidermal growth factor-receptor (EGF-R) expressed in A431 cells"", ""assay_type"": ""F"", ""assay_variant_accession"": null, ""assay_variant_mutation"": null, ""bao_endpoint"": ""BAO_0000190"", ""bao_format"": ""BAO_0000219"", ""bao_label"": ""cell-based format"", ""canonical_smiles"": ""Cc1cc(C(=O)N2CCOCC2)[nH]c1/C=C1\\C(=O)Nc2ncnc(Nc3ccc(F)c(Cl)c3)c21"", ""data_validity_comment"": null, ""data_validity_description"": null, ""document_chembl_id"": ""CHEMBL1134862"", ""document_journal"": ""Bioorg Med Chem Lett"", ""document_year"": 2002, ""ligand_efficiency"": null, ""molecule_chembl_id"": ""CHEMBL69960"", ""molecule_pref_name"": null, ""parent_molecule_chembl_id"": ""CHEMBL69960"", ""pchembl_value"": ""7.40"", ""potential_duplicate"": 0, ""qudt_units"": ""http://www.openphacts.org/units/Nanomolar"", ""record_id"": 119494, ""relation"": ""="", ""src_id"": 1, ""standard_flag"": 1, ""standard_relation"": ""="", ""standard_text_value"": null, ""standard_type"": ""IC50"", ""standard_units"": ""nM"", ""standard_upper_value"": null, ""standard_value"": ""40.0"", ""target_chembl_id"": ""CHEMBL203"", ""target_organism"": ""Homo sapiens"", ""target_pref_name"": ""Epidermal growth factor receptor"", ""target_tax_id"": ""9606"", ""text_value"": null, ""toid"": null, ""type"": ""IC50"", ""units"": ""uM"", ""uo_units"": ""UO_0000065"", ""upper_value"": null, ""value"": ""0.04""}","583dc675-942e-5de8-b3d7-eceabebe7bd7","{}"
"785c5bb7-a083-504b-86c7-abf84f4e761c","chembl_activity","chembl_activity","chembl","bronze","99","32271","32271","8fd4d04abc218636531bb4038464acec8c303f7a6503314ffe3d49b3fd47b264","8fd4d04abc218636531bb4038464acec8c303f7a6503314ffe3d49b3fd47b264","8fd4d04abc218636531bb4038464acec8c303f7a6503314ffe3d49b3fd47b264","included","","","","","","","","","extract","2026-06-30T10:43:54.021713+00:00","{""action_type"": null, ""activity_comment"": null, ""activity_id"": 32271, ""activity_properties"": [], ""assay_chembl_id"": ""CHEMBL683802"", ""assay_description"": ""Inhibition of autophosphorylation of human Her (p185erbB) tyrosine kinase expressed in SKOV-3 cells"", ""assay_type"": ""F"", ""assay_variant_accession"": null, ""assay_variant_mutation"": null, ""bao_endpoint"": ""BAO_0000190"", ""bao_format"": ""BAO_0000219"", ""bao_label"": ""cell-based format"", ""canonical_smiles"": ""Cc1cc(C(=O)N2CCOCC2)[nH]c1/C=C1\\C(=O)Nc2ncnc(Nc3ccc(F)c(Cl)c3)c21"", ""data_validity_comment"": null, ""data_validity_description"": null, ""document_chembl_id"": ""CHEMBL1134862"", ""document_journal"": ""Bioorg Med Chem Lett"", ""document_year"": 2002, ""ligand_efficiency"": null, ""molecule_chembl_id"": ""CHEMBL69960"", ""molecule_pref_name"": null, ""parent_molecule_chembl_id"": ""CHEMBL69960"", ""pchembl_value"": ""6.40"", ""potential_duplicate"": 0, ""qudt_units"": ""http://www.openphacts.org/units/Nanomolar"", ""record_id"": 119494, ""relation"": ""="", ""src_id"": 1, ""standard_flag"": 1, ""standard_relation"": ""="", ""standard_text_value"": null, ""standard_type"": ""IC50"", ""standard_units"": ""nM"", ""standard_upper_value"": null, ""standard_value"": ""400.0"", ""target_chembl_id"": ""CHEMBL1824"", ""target_organism"": ""Homo sapiens"", ""target_pref_name"": ""Receptor tyrosine-protein kinase erbB-2"", ""target_tax_id"": ""9606"", ""text_value"": null, ""toid"": null, ""type"": ""IC50"", ""units"": ""uM"", ""uo_units"": ""UO_0000065"", ""upper_value"": null, ""value"": ""0.4""}","{""action_type"": null, ""activity_comment"": null, ""activity_id"": 32271, ""activity_properties"": [], ""assay_chembl_id"": ""CHEMBL683802"", ""assay_description"": ""Inhibition of autophosphorylation of human Her (p185erbB) tyrosine kinase expressed in SKOV-3 cells"", ""assay_type"": ""F"", ""assay_variant_accession"": null, ""assay_variant_mutation"": null, ""bao_endpoint"": ""BAO_0000190"", ""bao_format"": ""BAO_0000219"", ""bao_label"": ""cell-based format"", ""canonical_smiles"": ""Cc1cc(C(=O)N2CCOCC2)[nH]c1/C=C1\\C(=O)Nc2ncnc(Nc3ccc(F)c(Cl)c3)c21"", ""data_validity_comment"": null, ""data_validity_description"": null, ""document_chembl_id"": ""CHEMBL1134862"", ""document_journal"": ""Bioorg Med Chem Lett"", ""document_year"": 2002, ""ligand_efficiency"": null, ""molecule_chembl_id"": ""CHEMBL69960"", ""molecule_pref_name"": null, ""parent_molecule_chembl_id"": ""CHEMBL69960"", ""pchembl_value"": ""6.40"", ""potential_duplicate"": 0, ""qudt_units"": ""http://www.openphacts.org/units/Nanomolar"", ""record_id"": 119494, ""relation"": ""="", ""src_id"": 1, ""standard_flag"": 1, ""standard_relation"": ""="", ""standard_text_value"": null, ""standard_type"": ""IC50"", ""standard_units"": ""nM"", ""standard_upper_value"": null, ""standard_value"": ""400.0"", ""target_chembl_id"": ""CHEMBL1824"", ""target_organism"": ""Homo sapiens"", ""target_pref_name"": ""Receptor tyrosine-protein kinase erbB-2"", ""target_tax_id"": ""9606"", ""text_value"": null, ""toid"": null, ""type"": ""IC50"", ""units"": ""uM"", ""uo_units"": ""UO_0000065"", ""upper_value"": null, ""value"": ""0.4""}","583dc675-942e-5de8-b3d7-eceabebe7bd7","{}"
