документ,номер предложения,предложение,ссылка на код (файл:строка),код (фрагмент),описание соответствует кода (да/нет),предлагаемый план устранения несоответствий
docs/03-data-model/field-migration-checklist.md,16,[ ] Golden: набор и порядок колонок только в канонических именах.,src/bioetl/domain/filtering/gold_config.py:68,"""""""Проверяет соответствие значений колонок фильтрам.""""""",нет,Уточнить формулировку и/или добавить ссылку на реализацию в коде.
docs/03-data-model/field-migration-checklist.md,17,[ ] Determinism: повторный прогон даёт бит-в-бит идентичные артефакты.,src/bioetl/domain/serialization.py:156,"""""""Serialize using orjson with OPT_SORT_KEYS for determinism.""""""",нет,Уточнить формулировку и/или добавить ссылку на реализацию в коде.
docs/03-data-model/field-migration-checklist.md,18,[ ] Composite/Integration: пайплайны собираются с новыми именами.,src/bioetl/interfaces/orchestration/__init__.py:7,must NOT be imported in application layer. This module serves as the integration,нет,Уточнить формулировку и/или добавить ссылку на реализацию в коде.
docs/03-data-model/field-migration-checklist.md,19,[ ] Repo-wide проверка на отсутствие legacy имён (кроме changelog/migration notes).,src/tools/scripts/duplicate_function_analyzer.py:235,"lines.append(f""- Calls in repo: **{call_count}**"")",нет,Уточнить формулировку и/или добавить ссылку на реализацию в коде.
docs/03-data-model/field-migration-checklist.md,20,[ ] Обновить CHANGELOG и миграционные заметки.,,,нет,Уточнить формулировку и/или добавить ссылку на реализацию в коде.
docs/03-data-model/field-migration-checklist.md,21,[ ] Зафиксировать version bump/contract change.,src/tools/scripts/migrate_openalex_citation_count.py:8,BREAKING CHANGE: This migration modifies the schema of existing Delta Lake tables.,нет,Уточнить формулировку и/или добавить ссылку на реализацию в коде.
docs/03-data-model/field-naming-unification-matrix.md,1,Цель: выявить однотипные данные с разными именами между source-провайдерами и предложить канонические имена.,src/bioetl/application/pipelines/pubmed/extractors/author.py:73,"""""""Извлечь сырые данные об авторах из XML.",нет,Уточнить формулировку и/или добавить ссылку на реализацию в коде.
docs/03-data-model/field-naming-unification-matrix.md,4,Обозначения классов расхождений:,,,нет,Уточнить формулировку и/или добавить ссылку на реализацию в коде.
docs/03-data-model/field-naming-unification-matrix.md,5,"`синоним` — разное имя, одинаковая семантика.",src/bioetl/composition/providers/decorators.py:41,"name: Уникальное имя провайдера (например, ""chembl"", ""pubchem"")",нет,Уточнить формулировку и/или добавить ссылку на реализацию в коде.
docs/03-data-model/field-naming-unification-matrix.md,6,`префикс/контекст` — различие только в контекстном префиксе.,src/bioetl/application/core/dict_transformers.py:45,"prefix: Префикс для результирующих ключей (e.g., ""property_"", ""hierarchy_"").",нет,Уточнить формулировку и/или добавить ссылку на реализацию в коде.
docs/03-data-model/field-naming-unification-matrix.md,7,`legacy` — устаревшее имя из прошлого API.,src/bioetl/composition/providers/decorators.py:41,"name: Уникальное имя провайдера (например, ""chembl"", ""pubchem"")",нет,Уточнить формулировку и/или добавить ссылку на реализацию в коде.
docs/03-data-model/field-naming-unification-matrix.md,8,`типовой конфликт` — различие имён + разный формат/тип.,src/bioetl/application/pipelines/pubmed/extractors/date.py:229,"""""""Нормализовать компоненты даты в ISO формат.",нет,Уточнить формулировку и/или добавить ссылку на реализацию в коде.
docs/03-data-model/field-naming-unification-matrix.md,9,Большинство публикационных полей уже унифицированы; основные расхождения — PK и контекстные префиксы (`document_*` vs `publication_*`).,src/bioetl/domain/filtering/gold_config.py:60,"""""""Проверяет наличие обязательных полей.""""""",нет,Уточнить формулировку и/или добавить ссылку на реализацию в коде.
docs/03-data-model/field-naming-unification-matrix.md,13,"Базовый стиль: `snake_case`, суффиксы `*_id`, `*_name`, `*_count`, `is_*`, `*_year`, `*_date`.",src/bioetl/composition/providers/provider_registry.py:29,rate: Базовый rate limit (requests/second),нет,Уточнить формулировку и/или добавить ссылку на реализацию в коде.
docs/03-data-model/field-naming-unification-matrix.md,14,Идентификаторы публикаций:,src/bioetl/application/pipelines/pubmed/extractors/identifier.py:74,"""""""Извлечь сырые идентификаторы из XML.",нет,Уточнить формулировку и/или добавить ссылку на реализацию в коде.
docs/03-data-model/field-naming-unification-matrix.md,16,"Единые поля связей: `publication_id` (строковый, заполняется PK провайдера), `publication_doi`, `publication_pmid`, `publication_pmc_id`.",src/bioetl/domain/entities/chembl_structures.py:21,Содержит только поля ChEMBL; общие поля публикации наследуются,нет,Уточнить формулировку и/или добавить ссылку на реализацию в коде.
docs/03-data-model/field-naming-unification-matrix.md,21,Молекулярные идентификаторы:,src/bioetl/application/pipelines/pubmed/extractors/identifier.py:74,"""""""Извлечь сырые идентификаторы из XML.",нет,Уточнить формулировку и/или добавить ссылку на реализацию в коде.
docs/03-data-model/field-naming-unification-matrix.md,23,"`inchi_key`, `canonical_smiles`, `standard_inchi`.",src/tools/scripts/migrations/rename_structure_fields.py:6,- structure_standard_inchi -> standard_inchi,нет,Уточнить формулировку и/или добавить ссылку на реализацию в коде.
docs/03-data-model/field-naming-unification-matrix.md,24,Молекулярные свойства:,,,нет,Уточнить формулировку и/или добавить ссылку на реализацию в коде.
docs/03-data-model/field-naming-unification-matrix.md,28,Названия/описания:,,,нет,Уточнить формулировку и/или добавить ссылку на реализацию в коде.
docs/03-data-model/field-naming-unification-matrix.md,29,"`pref_name` для сущностей; контекстный префикс только при многократном присутствии в записи (`molecule_pref_name`, `target_pref_name` внутри activity).",src/bioetl/application/core/dict_transformers.py:45,"prefix: Префикс для результирующих ключей (e.g., ""property_"", ""hierarchy_"").",нет,Уточнить формулировку и/или добавить ссылку на реализацию в коде.
docs/03-data-model/field-naming-unification-matrix.md,30,`description` — основное описание сущности; специализированные варианты переименовывать в `*_description` только при наличии нескольких описаний.,src/bioetl/composition/providers/provider_registry.py:33,значение — новый rate при наличии этого атрибута.,нет,Уточнить формулировку и/или добавить ссылку на реализацию в коде.
docs/03-data-model/pipeline-validation-matrix.md,1,*Версия: 1.0.0 | Дата: 2026-02-11*,src/bioetl/composition/_services.py:4,Split from entrypoints.py per audit-package-structure-2026-02-07.,нет,Уточнить формулировку и/или добавить ссылку на реализацию в коде.
docs/03-data-model/pipeline-validation-matrix.md,2,Сводная таблица валидаций данных по четырём основным пайплайнам ChEMBL.,src/bioetl/composition/providers/decorators.py:36,"""""""Декоратор для регистрации провайдера данных.",нет,Уточнить формулировку и/или добавить ссылку на реализацию в коде.
docs/03-data-model/pipeline-validation-matrix.md,3,Валидация происходит на нескольких уровнях:,src/bioetl/application/core/dict_transformers.py:12,- validate_smiles: Валидация SMILES строки (delegated to domain),нет,Уточнить формулировку и/или добавить ссылку на реализацию в коде.
docs/03-data-model/pipeline-validation-matrix.md,9,Условные обозначения:,src/bioetl/composition/providers/decorators.py:46,rate_overrides: Условные переопределения rate limit.,нет,Уточнить формулировку и/или добавить ссылку на реализацию в коде.
docs/03-data-model/pipeline-validation-matrix.md,10,**`—`** — поле отсутствует в пайплайне,src/bioetl/application/core/dict_transformers.py:199,"""""""Нормализует строковое поле.",нет,Уточнить формулировку и/или добавить ссылку на реализацию в коде.
docs/03-data-model/pipeline-validation-matrix.md,12,**opt** — optional (nullable),src/bioetl/composition/bootstrap/cli/noop.py:16,- CLI-specific: warn_on_use=False for metrics (intentional opt-out),нет,Уточнить формулировку и/или добавить ссылку на реализацию в коде.
docs/03-data-model/rf-naming-unification-plan.md,1,*Версия: 2.1.0 | Дата: 2026-02-11 | Обновлено с учётом main (3ba7aea)*,src/bioetl/composition/_services.py:4,Split from entrypoints.py per audit-package-structure-2026-02-07.,нет,Уточнить формулировку и/или добавить ссылку на реализацию в коде.
docs/03-data-model/rf-naming-unification-plan.md,2,**Новые артефакты:**,,,нет,Уточнить формулировку и/или добавить ссылку на реализацию в коде.
docs/03-data-model/rf-naming-unification-plan.md,6,"Использовать при выполнении миграции: оставляем только канонические имена, legacy-колонки не сохраняем.",src/bioetl/domain/medallion.py:237,"""""""Очистить только Silver, сохранить Gold.""""""",нет,Уточнить формулировку и/или добавить ссылку на реализацию в коде.
docs/03-data-model/rf-naming-unification-plan.md,8,**Промт: нормализация таксономии**,src/bioetl/application/core/dict_transformers.py:10,- normalize_string: Нормализация строковых полей (delegated to domain),нет,Уточнить формулировку и/или добавить ссылку на реализацию в коде.
docs/03-data-model/rf-naming-unification-plan.md,9,**Промт: молекулярные свойства**,,,нет,Уточнить формулировку и/или добавить ссылку на реализацию в коде.
docs/03-data-model/rf-naming-unification-plan.md,10,**Промт: публикационные идентификаторы**,src/bioetl/application/pipelines/pubmed/extractors/identifier.py:74,"""""""Извлечь сырые идентификаторы из XML.",нет,Уточнить формулировку и/или добавить ссылку на реализацию в коде.
docs/03-data-model/rf-naming-unification-plan.md,11,На main уже существует полноценная **экосистема Publication-пайплайнов** (5 провайдеров:,src/bioetl/composition/providers/decorators.py:1,"""""""Декораторы для регистрации провайдеров.",нет,Уточнить формулировку и/или добавить ссылку на реализацию в коде.
docs/03-data-model/rf-naming-unification-plan.md,18,**`apply_field_mapping()`** — runtime rename при трансформации,src/bioetl/application/core/dict_transformers.py:3,Реализует общие паттерны трансформации для уменьшения дублирования,нет,Уточнить формулировку и/или добавить ссылку на реализацию в коде.
docs/03-data-model/rf-naming-unification-plan.md,20,Ключевые унифицированные имена publication:,src/bioetl/interfaces/cli/commands/run_composite.py:49,"composite_name: Name of composite pipeline (e.g., 'publication').",нет,Уточнить формулировку и/или добавить ссылку на реализацию в коде.
docs/03-data-model/rf-naming-unification-plan.md,22,является проверенным подходом и должен быть переиспользован для унификации,src/bioetl/domain/filtering/gold_config.py:113,"""""""Проверяет, является ли значение 'пустым'.",нет,Уточнить формулировку и/или добавить ссылку на реализацию в коде.
docs/03-data-model/rf-naming-unification-plan.md,24,"Всего выявлено **10 категорий** несоответствий, затрагивающих **~30 полей** в 4 основных,",src/bioetl/domain/filtering/load_result.py:23,total_count: Всего записей в источнике (до дедупликации).,нет,Уточнить формулировку и/или добавить ссылку на реализацию в коде.
docs/03-data-model/rf-naming-unification-plan.md,25,6 вспомогательных и 5 publication-пайплайнах.,src/bioetl/interfaces/cli/commands/run_composite.py:49,"composite_name: Name of composite pipeline (e.g., 'publication').",нет,Уточнить формулировку и/или добавить ссылку на реализацию в коде.
docs/03-data-model/rf-naming-unification-plan.md,27,"**Root cause:** `activity_transformer.py:70` использует `validate_taxonomy_id_str` (возвращает `str`), в то время как все остальные используют `validate_taxonomy_id` (возвращает `int`) или `TaxonomyId.from_raw()` (возвращает `int`).",src/bioetl/composition/providers/provider_registry.py:138,"""""""Возвращает конфигурацию провайдера.",нет,Уточнить формулировку и/или добавить ссылку на реализацию в коде.
docs/03-data-model/rf-naming-unification-plan.md,28,**Затронутые файлы:**,src/tools/scripts/duplicate_function_analyzer.py:100,"""""""Собрать файлы по заданным паттернам.""""""",нет,Уточнить формулировку и/или добавить ссылку на реализацию в коде.
docs/03-data-model/rf-naming-unification-plan.md,36,**Затронутые файлы:**,src/tools/scripts/duplicate_function_analyzer.py:100,"""""""Собрать файлы по заданным паттернам.""""""",нет,Уточнить формулировку и/или добавить ссылку на реализацию в коде.
docs/03-data-model/rf-naming-unification-plan.md,43,Однако следует зафиксировать единую конвенцию.,,,нет,Уточнить формулировку и/или добавить ссылку на реализацию в коде.
docs/03-data-model/rf-naming-unification-plan.md,46,Это создаёт неконсистентность внутри Assay.,src/bioetl/composition/providers/provider_registry.py:175,"""""""Создаёт экземпляр адаптера провайдера.",нет,Уточнить формулировку и/или добавить ссылку на реализацию в коде.
docs/03-data-model/rf-naming-unification-plan.md,49,"Это осознанное решение (данные отличаются: ALogP ≠ XLogP3, разные методы расчёта).",src/bioetl/infrastructure/adapters/pubchem/models.py:158,"default=None, description=""XLogP3 partition coefficient""",нет,Уточнить формулировку и/или добавить ссылку на реализацию в коде.
docs/03-data-model/rf-naming-unification-plan.md,51,"**Проблема:** `molecule_structures` раскрывается без prefix, все остальные — с prefix.",src/tools/file_merger.py:473,"prefix: str = """",",нет,Уточнить формулировку и/или добавить ссылку на реализацию в коде.
docs/03-data-model/rf-naming-unification-plan.md,53,Но это исключение из общего правила.,src/tools/scripts/duplicate_function_analyzer.py:78,"help=""Путь для общего dry-run отчета (default: reports/dry_run_report.md)."",",нет,Уточнить формулировку и/или добавить ссылку на реализацию в коде.
docs/03-data-model/rf-naming-unification-plan.md,55,Лучше: `primary_component_id`.,src/bioetl/domain/entities/chembl_structures.py:119,primary_component_id: int | None = None  # Primary component ID,нет,Уточнить формулировку и/или добавить ссылку на реализацию в коде.
docs/03-data-model/rf-naming-unification-plan.md,56,Два поля содержат одни и те же данные.,src/bioetl/application/pipelines/pubmed/extractors/author.py:73,"""""""Извлечь сырые данные об авторах из XML.",нет,Уточнить формулировку и/или добавить ссылку на реализацию в коде.
docs/03-data-model/rf-naming-unification-plan.md,60,**Последствия:**,,,нет,Уточнить формулировку и/или добавить ссылку на реализацию в коде.
docs/03-data-model/rf-naming-unification-plan.md,65,**Затронутые файлы:**,src/tools/scripts/duplicate_function_analyzer.py:100,"""""""Собрать файлы по заданным паттернам.""""""",нет,Уточнить формулировку и/или добавить ссылку на реализацию в коде.
docs/03-data-model/rf-naming-unification-plan.md,73,> Уровень Warn (>3 новых полей) удалён.,src/bioetl/domain/filtering/load_result.py:25,duplicate_count: Количество удалённых дубликатов.,нет,Уточнить формулировку и/или добавить ссылку на реализацию в коде.
docs/03-data-model/rf-naming-unification-plan.md,80,**Решение:** Нет коллизии — `assay_type` и `action_type` это разные поля.,src/tools/scripts/duplicate_function_analyzer.py:267,"lines.append(""- Нет очевидных кандидатов по идентичному body hash."")",нет,Уточнить формулировку и/или добавить ссылку на реализацию в коде.
docs/03-data-model/rf-naming-unification-plan.md,83,"Это ТЕКУЩЕЕ поведение, и оно корректно.",src/bioetl/composition/providers/provider_registry.py:128,Это позволяет корректно работать при reload модулей.,нет,Уточнить формулировку и/или добавить ссылку на реализацию в коде.
docs/03-data-model/rf-naming-unification-plan.md,87,"> **Impact:** Добавляет alias-поля / документацию, не ломает существующие.",src/bioetl/domain/entities/openalex.py:62,fwci: float | None = None  # Field-Weighted Citation Impact,нет,Уточнить формулировку и/или добавить ссылку на реализацию в коде.
docs/03-data-model/rf-naming-unification-plan.md,91,Использовать `apply_field_mapping()` в трансформерах,src/bioetl/application/core/dict_transformers.py:4,в ChEMBL и других трансформерах.,нет,Уточнить формулировку и/или добавить ссылку на реализацию в коде.
docs/03-data-model/rf-naming-unification-plan.md,92,**Важно:** ALogP ≠ XLogP3 — это разные методы расчёта.,src/bioetl/infrastructure/adapters/pubchem/models.py:158,"default=None, description=""XLogP3 partition coefficient""",нет,Уточнить формулировку и/или добавить ссылку на реализацию в коде.
docs/03-data-model/rf-naming-unification-plan.md,95,Оригинальные `property_alogp` / `xlogp` сохраняются в Silver каждого провайдера.,src/bioetl/infrastructure/schemas/silver.py:661,"pa.field(""property_alogp"", pa.float64()),",нет,Уточнить формулировку и/или добавить ссылку на реализацию в коде.
docs/03-data-model/rf-naming-unification-plan.md,99,**Обоснование:** Принята стратегия breaking rename без legacy.,src/tools/scripts/duplicate_function_analyzer.py:113,"""""""Извлечь текст тела функции без docstring.""""""",нет,Уточнить формулировку и/или добавить ссылку на реализацию в коде.
docs/03-data-model/rf-naming-unification-plan.md,103,Одно из них нужно удалить.,src/bioetl/domain/filtering/gold_config.py:203,"""""""Проверяет одно значение на попадание в диапазон.""""""",нет,Уточнить формулировку и/или добавить ссылку на реализацию в коде.
docs/03-data-model/rf-naming-unification-plan.md,105,"**RF-NAMING-01** + **RF-NAMING-02** — одним коммитом, т.к.",src/tools/scripts/migrate_openalex_citation_count.py:6,naming convention used by CrossRef and SemanticScholar providers.,нет,Уточнить формулировку и/или добавить ссылку на реализацию в коде.
docs/03-data-model/rf-naming-unification-plan.md,106,оба про taxonomy_id type unification,src/tools/scripts/duplicate_function_analyzer.py:261,"lines.append(""## Candidate Functions for Unification (Optional)"")",нет,Уточнить формулировку и/или добавить ссылку на реализацию в коде.
docs/03-data-model/rf-naming-unification-plan.md,107,**RF-NAMING-03** — action_type rename (isolated change),src/bioetl/composition/registry.py:273,"""""""Create a new isolated registry instance.",нет,Уточнить формулировку и/или добавить ссылку на реализацию в коде.
docs/03-data-model/rf-naming-unification-plan.md,108,**RF-NAMING-04** — documentation only,src/tools/file_merger.py:399,"""""""Merge all documentation markdown files into a single output file.",нет,Уточнить формулировку и/или добавить ссылку на реализацию в коде.
docs/03-data-model/rf-naming-unification-plan.md,112,**RF-NAMING-07** + **RF-NAMING-08** — component_id + inchi_key cleanup,src/tools/scripts/migrate_openalex_citation_count.py:6,naming convention used by CrossRef and SemanticScholar providers.,нет,Уточнить формулировку и/или добавить ссылку на реализацию в коде.
docs/03-data-model/rf-naming-unification-plan.md,117,При денормализации поля из entity A в entity B: `{source_entity}_{field_name}`,src/tools/create_pipeline.py:13,python src/tools/create_pipeline.py --provider <name> --entity <name> [--dry-run],нет,Уточнить формулировку и/или добавить ссылку на реализацию в коде.
docs/03-data-model/rf-naming-unification-plan.md,120,"`assay_type`), дополнительный prefix НЕ добавляется",src/bioetl/infrastructure/adapters/chembl/models.py:160,"assay_type: str | None = Field(default=None, description=""Assay type code"")",нет,Уточнить формулировку и/или добавить ссылку на реализацию в коде.
docs/03-data-model/rf-naming-unification-plan.md,121,Default: `{parent_json_field}_{child_key}` (e.g.,src/tools/file_merger.py:76,"default=Path(""reports/merged_output.txt""),",нет,Уточнить формулировку и/или добавить ссылку на реализацию в коде.
docs/03-data-model/rf-naming-unification-plan.md,122,`ligand_efficiency_bei`),src/bioetl/infrastructure/schemas/silver.py:120,"pa.field(""ligand_efficiency_bei"", pa.float64()),",нет,Уточнить формулировку и/или добавить ссылку на реализацию в коде.
docs/03-data-model/rf-naming-unification-plan.md,123,"Renames разрешены для: удаления redundancy, стандартизации names",src/tools/scripts/migrate_openalex_citation_count.py:4,This script renames the `cited_by_count` column to `citation_count` in OpenAlex,нет,Уточнить формулировку и/или добавить ссылку на реализацию в коде.
docs/03-data-model/rf-naming-unification-plan.md,126,"`component_id`, `protein_classification_id`)",src/bioetl/infrastructure/schemas/silver.py:507,"pa.field(""protein_classification_id"", pa.int64()),",нет,Уточнить формулировку и/или добавить ссылку на реализацию в коде.
docs/03-data-model/rf-naming-unification-plan.md,128,"`component_ids`, `protein_classification_ids`)",src/bioetl/infrastructure/schemas/silver.py:508,"pa.field(""protein_classification_ids"", pa.list_(pa.int64())),",нет,Уточнить формулировку и/или добавить ссылку на реализацию в коде.
docs/04-reference/api/application/core.md,5,show_root_heading: true,src/tools/file_merger.py:150,"True if directory should be excluded, False otherwise.",нет,Уточнить формулировку и/или добавить ссылку на реализацию в коде.
docs/04-reference/api/application/core.md,6,show_source: false,src/tools/file_merger.py:67,"required=False,",нет,Уточнить формулировку и/или добавить ссылку на реализацию в коде.
docs/04-reference/api/application/core.md,10,show_root_heading: true,src/tools/file_merger.py:150,"True if directory should be excluded, False otherwise.",нет,Уточнить формулировку и/или добавить ссылку на реализацию в коде.
docs/04-reference/api/application/core.md,11,show_source: false,src/tools/file_merger.py:67,"required=False,",нет,Уточнить формулировку и/или добавить ссылку на реализацию в коде.
docs/04-reference/api/application/core.md,15,show_root_heading: true,src/tools/file_merger.py:150,"True if directory should be excluded, False otherwise.",нет,Уточнить формулировку и/или добавить ссылку на реализацию в коде.
docs/04-reference/api/application/core.md,16,show_source: false,src/tools/file_merger.py:67,"required=False,",нет,Уточнить формулировку и/или добавить ссылку на реализацию в коде.
docs/04-reference/api/application/core.md,17,\- execute_batch,,,нет,Уточнить формулировку и/или добавить ссылку на реализацию в коде.
docs/04-reference/api/application/core.md,20,show_root_heading: true,src/tools/file_merger.py:150,"True if directory should be excluded, False otherwise.",нет,Уточнить формулировку и/или добавить ссылку на реализацию в коде.
docs/04-reference/api/application/core.md,21,show_source: false,src/tools/file_merger.py:67,"required=False,",нет,Уточнить формулировку и/или добавить ссылку на реализацию в коде.
docs/04-reference/api/application/core.md,24,show_root_heading: true,src/tools/file_merger.py:150,"True if directory should be excluded, False otherwise.",нет,Уточнить формулировку и/или добавить ссылку на реализацию в коде.
docs/04-reference/api/application/core.md,25,show_source: false,src/tools/file_merger.py:67,"required=False,",нет,Уточнить формулировку и/или добавить ссылку на реализацию в коде.
docs/04-reference/api/application/core.md,29,show_root_heading: true,src/tools/file_merger.py:150,"True if directory should be excluded, False otherwise.",нет,Уточнить формулировку и/или добавить ссылку на реализацию в коде.
docs/04-reference/api/application/core.md,30,show_source: false,src/tools/file_merger.py:67,"required=False,",нет,Уточнить формулировку и/или добавить ссылку на реализацию в коде.
docs/04-reference/api/application/core.md,33,show_root_heading: true,src/tools/file_merger.py:150,"True if directory should be excluded, False otherwise.",нет,Уточнить формулировку и/или добавить ссылку на реализацию в коде.
docs/04-reference/api/application/core.md,34,show_source: false,src/tools/file_merger.py:67,"required=False,",нет,Уточнить формулировку и/или добавить ссылку на реализацию в коде.
docs/04-reference/api/application/core.md,37,show_root_heading: true,src/tools/file_merger.py:150,"True if directory should be excluded, False otherwise.",нет,Уточнить формулировку и/или добавить ссылку на реализацию в коде.
docs/04-reference/api/application/core.md,38,show_source: false,src/tools/file_merger.py:67,"required=False,",нет,Уточнить формулировку и/или добавить ссылку на реализацию в коде.
docs/04-reference/api/application/core.md,41,show_root_heading: true,src/tools/file_merger.py:150,"True if directory should be excluded, False otherwise.",нет,Уточнить формулировку и/или добавить ссылку на реализацию в коде.
docs/04-reference/api/application/core.md,42,show_source: false,src/tools/file_merger.py:67,"required=False,",нет,Уточнить формулировку и/или добавить ссылку на реализацию в коде.
docs/04-reference/api/application/core.md,45,show_root_heading: true,src/tools/file_merger.py:150,"True if directory should be excluded, False otherwise.",нет,Уточнить формулировку и/или добавить ссылку на реализацию в коде.
docs/04-reference/api/application/core.md,46,show_source: false,src/tools/file_merger.py:67,"required=False,",нет,Уточнить формулировку и/или добавить ссылку на реализацию в коде.
docs/04-reference/api/application/core.md,49,show_root_heading: true,src/tools/file_merger.py:150,"True if directory should be excluded, False otherwise.",нет,Уточнить формулировку и/или добавить ссылку на реализацию в коде.
docs/04-reference/api/application/core.md,50,show_source: false,src/tools/file_merger.py:67,"required=False,",нет,Уточнить формулировку и/или добавить ссылку на реализацию в коде.
docs/04-reference/api/application/core.md,53,show_root_heading: true,src/tools/file_merger.py:150,"True if directory should be excluded, False otherwise.",нет,Уточнить формулировку и/или добавить ссылку на реализацию в коде.
docs/04-reference/api/application/core.md,54,show_source: false,src/tools/file_merger.py:67,"required=False,",нет,Уточнить формулировку и/или добавить ссылку на реализацию в коде.
docs/04-reference/api/application/core.md,57,show_root_heading: true,src/tools/file_merger.py:150,"True if directory should be excluded, False otherwise.",нет,Уточнить формулировку и/или добавить ссылку на реализацию в коде.
docs/04-reference/api/application/core.md,58,show_source: false,src/tools/file_merger.py:67,"required=False,",нет,Уточнить формулировку и/или добавить ссылку на реализацию в коде.
docs/04-reference/api/application/core.md,61,show_root_heading: true,src/tools/file_merger.py:150,"True if directory should be excluded, False otherwise.",нет,Уточнить формулировку и/или добавить ссылку на реализацию в коде.
docs/04-reference/api/application/core.md,62,show_source: false,src/tools/file_merger.py:67,"required=False,",нет,Уточнить формулировку и/или добавить ссылку на реализацию в коде.
docs/04-reference/api/application/core.md,65,show_root_heading: true,src/tools/file_merger.py:150,"True if directory should be excluded, False otherwise.",нет,Уточнить формулировку и/или добавить ссылку на реализацию в коде.
docs/04-reference/api/application/core.md,66,show_source: false,src/tools/file_merger.py:67,"required=False,",нет,Уточнить формулировку и/или добавить ссылку на реализацию в коде.
docs/04-reference/api/application/core.md,69,show_root_heading: true,src/tools/file_merger.py:150,"True if directory should be excluded, False otherwise.",нет,Уточнить формулировку и/или добавить ссылку на реализацию в коде.
docs/04-reference/api/application/core.md,70,show_source: false,src/tools/file_merger.py:67,"required=False,",нет,Уточнить формулировку и/или добавить ссылку на реализацию в коде.
docs/04-reference/api/application/core.md,73,show_root_heading: true,src/tools/file_merger.py:150,"True if directory should be excluded, False otherwise.",нет,Уточнить формулировку и/или добавить ссылку на реализацию в коде.
docs/04-reference/api/application/core.md,74,show_source: false,src/tools/file_merger.py:67,"required=False,",нет,Уточнить формулировку и/или добавить ссылку на реализацию в коде.
docs/04-reference/api/application/core.md,77,show_root_heading: true,src/tools/file_merger.py:150,"True if directory should be excluded, False otherwise.",нет,Уточнить формулировку и/или добавить ссылку на реализацию в коде.
docs/04-reference/api/application/core.md,78,show_source: false,src/tools/file_merger.py:67,"required=False,",нет,Уточнить формулировку и/или добавить ссылку на реализацию в коде.
docs/04-reference/api/application/core.md,81,show_root_heading: true,src/tools/file_merger.py:150,"True if directory should be excluded, False otherwise.",нет,Уточнить формулировку и/или добавить ссылку на реализацию в коде.
docs/04-reference/api/application/core.md,82,show_source: false,src/tools/file_merger.py:67,"required=False,",нет,Уточнить формулировку и/или добавить ссылку на реализацию в коде.
docs/04-reference/api/application/core.md,85,show_root_heading: true,src/tools/file_merger.py:150,"True if directory should be excluded, False otherwise.",нет,Уточнить формулировку и/или добавить ссылку на реализацию в коде.
docs/04-reference/api/application/core.md,86,show_source: false,src/tools/file_merger.py:67,"required=False,",нет,Уточнить формулировку и/или добавить ссылку на реализацию в коде.
docs/04-reference/api/application/core.md,89,show_root_heading: true,src/tools/file_merger.py:150,"True if directory should be excluded, False otherwise.",нет,Уточнить формулировку и/или добавить ссылку на реализацию в коде.
docs/04-reference/api/application/core.md,90,show_source: false,src/tools/file_merger.py:67,"required=False,",нет,Уточнить формулировку и/или добавить ссылку на реализацию в коде.
docs/04-reference/api/application/core.md,93,show_root_heading: true,src/tools/file_merger.py:150,"True if directory should be excluded, False otherwise.",нет,Уточнить формулировку и/или добавить ссылку на реализацию в коде.
docs/04-reference/api/application/core.md,94,show_source: false,src/tools/file_merger.py:67,"required=False,",нет,Уточнить формулировку и/или добавить ссылку на реализацию в коде.
docs/04-reference/api/application/core.md,97,show_root_heading: true,src/tools/file_merger.py:150,"True if directory should be excluded, False otherwise.",нет,Уточнить формулировку и/или добавить ссылку на реализацию в коде.
docs/04-reference/api/application/core.md,98,show_source: false,src/tools/file_merger.py:67,"required=False,",нет,Уточнить формулировку и/или добавить ссылку на реализацию в коде.
docs/04-reference/api/application/core.md,101,show_root_heading: true,src/tools/file_merger.py:150,"True if directory should be excluded, False otherwise.",нет,Уточнить формулировку и/или добавить ссылку на реализацию в коде.
docs/04-reference/api/application/core.md,102,show_source: false,src/tools/file_merger.py:67,"required=False,",нет,Уточнить формулировку и/или добавить ссылку на реализацию в коде.
docs/04-reference/api/application/core.md,105,show_root_heading: true,src/tools/file_merger.py:150,"True if directory should be excluded, False otherwise.",нет,Уточнить формулировку и/или добавить ссылку на реализацию в коде.
docs/04-reference/api/application/core.md,106,show_source: false,src/tools/file_merger.py:67,"required=False,",нет,Уточнить формулировку и/или добавить ссылку на реализацию в коде.
docs/04-reference/api/application/core.md,109,show_root_heading: true,src/tools/file_merger.py:150,"True if directory should be excluded, False otherwise.",нет,Уточнить формулировку и/или добавить ссылку на реализацию в коде.
docs/04-reference/api/application/core.md,110,show_source: false,src/tools/file_merger.py:67,"required=False,",нет,Уточнить формулировку и/или добавить ссылку на реализацию в коде.
docs/04-reference/api/application/core.md,113,show_root_heading: true,src/tools/file_merger.py:150,"True if directory should be excluded, False otherwise.",нет,Уточнить формулировку и/или добавить ссылку на реализацию в коде.
docs/04-reference/api/application/core.md,114,show_source: false,src/tools/file_merger.py:67,"required=False,",нет,Уточнить формулировку и/или добавить ссылку на реализацию в коде.
docs/04-reference/api/application/core.md,117,show_root_heading: true,src/tools/file_merger.py:150,"True if directory should be excluded, False otherwise.",нет,Уточнить формулировку и/или добавить ссылку на реализацию в коде.
docs/04-reference/api/application/core.md,118,show_source: false,src/tools/file_merger.py:67,"required=False,",нет,Уточнить формулировку и/или добавить ссылку на реализацию в коде.
docs/04-reference/api/application/core.md,121,show_root_heading: true,src/tools/file_merger.py:150,"True if directory should be excluded, False otherwise.",нет,Уточнить формулировку и/или добавить ссылку на реализацию в коде.
docs/04-reference/api/application/core.md,122,show_source: false,src/tools/file_merger.py:67,"required=False,",нет,Уточнить формулировку и/или добавить ссылку на реализацию в коде.
docs/04-reference/api/application/core.md,125,show_root_heading: true,src/tools/file_merger.py:150,"True if directory should be excluded, False otherwise.",нет,Уточнить формулировку и/или добавить ссылку на реализацию в коде.
docs/04-reference/api/application/core.md,126,show_source: false,src/tools/file_merger.py:67,"required=False,",нет,Уточнить формулировку и/или добавить ссылку на реализацию в коде.
docs/04-reference/api/application/core.md,129,show_root_heading: true,src/tools/file_merger.py:150,"True if directory should be excluded, False otherwise.",нет,Уточнить формулировку и/или добавить ссылку на реализацию в коде.
docs/04-reference/api/application/core.md,130,show_source: false,src/tools/file_merger.py:67,"required=False,",нет,Уточнить формулировку и/или добавить ссылку на реализацию в коде.
docs/04-reference/api/application/core.md,133,show_root_heading: true,src/tools/file_merger.py:150,"True if directory should be excluded, False otherwise.",нет,Уточнить формулировку и/или добавить ссылку на реализацию в коде.
docs/04-reference/api/application/core.md,134,show_source: false,src/tools/file_merger.py:67,"required=False,",нет,Уточнить формулировку и/или добавить ссылку на реализацию в коде.
docs/04-reference/api/application/core.md,137,show_root_heading: true,src/tools/file_merger.py:150,"True if directory should be excluded, False otherwise.",нет,Уточнить формулировку и/или добавить ссылку на реализацию в коде.
docs/04-reference/api/application/core.md,138,show_source: false,src/tools/file_merger.py:67,"required=False,",нет,Уточнить формулировку и/или добавить ссылку на реализацию в коде.
docs/04-reference/api/application/core.md,141,show_root_heading: true,src/tools/file_merger.py:150,"True if directory should be excluded, False otherwise.",нет,Уточнить формулировку и/или добавить ссылку на реализацию в коде.
docs/04-reference/api/application/core.md,142,show_source: false,src/tools/file_merger.py:67,"required=False,",нет,Уточнить формулировку и/или добавить ссылку на реализацию в коде.
docs/04-reference/api/application/core.md,145,show_root_heading: true,src/tools/file_merger.py:150,"True if directory should be excluded, False otherwise.",нет,Уточнить формулировку и/или добавить ссылку на реализацию в коде.
docs/04-reference/api/application/core.md,146,show_source: false,src/tools/file_merger.py:67,"required=False,",нет,Уточнить формулировку и/или добавить ссылку на реализацию в коде.
docs/04-reference/api/application/core.md,148,show_root_heading: true,src/tools/file_merger.py:150,"True if directory should be excluded, False otherwise.",нет,Уточнить формулировку и/или добавить ссылку на реализацию в коде.
docs/04-reference/api/application/core.md,149,show_source: false,src/tools/file_merger.py:67,"required=False,",нет,Уточнить формулировку и/или добавить ссылку на реализацию в коде.
docs/04-reference/api/application/core.md,151,show_root_heading: true,src/tools/file_merger.py:150,"True if directory should be excluded, False otherwise.",нет,Уточнить формулировку и/или добавить ссылку на реализацию в коде.
docs/04-reference/api/application/core.md,152,show_source: false,src/tools/file_merger.py:67,"required=False,",нет,Уточнить формулировку и/или добавить ссылку на реализацию в коде.
docs/04-reference/api/application/core.md,154,show_root_heading: true,src/tools/file_merger.py:150,"True if directory should be excluded, False otherwise.",нет,Уточнить формулировку и/или добавить ссылку на реализацию в коде.
docs/04-reference/api/application/core.md,155,show_source: false,src/tools/file_merger.py:67,"required=False,",нет,Уточнить формулировку и/или добавить ссылку на реализацию в коде.
docs/04-reference/api/application/core.md,157,show_root_heading: true,src/tools/file_merger.py:150,"True if directory should be excluded, False otherwise.",нет,Уточнить формулировку и/или добавить ссылку на реализацию в коде.
docs/04-reference/api/application/core.md,158,show_source: false,src/tools/file_merger.py:67,"required=False,",нет,Уточнить формулировку и/или добавить ссылку на реализацию в коде.
docs/04-reference/api/application/core.md,160,show_root_heading: true,src/tools/file_merger.py:150,"True if directory should be excluded, False otherwise.",нет,Уточнить формулировку и/или добавить ссылку на реализацию в коде.
docs/04-reference/api/application/core.md,161,show_source: false,src/tools/file_merger.py:67,"required=False,",нет,Уточнить формулировку и/или добавить ссылку на реализацию в коде.
docs/04-reference/api/application/core.md,163,show_root_heading: true,src/tools/file_merger.py:150,"True if directory should be excluded, False otherwise.",нет,Уточнить формулировку и/или добавить ссылку на реализацию в коде.
docs/04-reference/api/application/core.md,164,show_source: false,src/tools/file_merger.py:67,"required=False,",нет,Уточнить формулировку и/или добавить ссылку на реализацию в коде.
docs/04-reference/api/application/core.md,167,show_root_heading: true,src/tools/file_merger.py:150,"True if directory should be excluded, False otherwise.",нет,Уточнить формулировку и/или добавить ссылку на реализацию в коде.
docs/04-reference/api/application/core.md,168,show_source: false,src/tools/file_merger.py:67,"required=False,",нет,Уточнить формулировку и/или добавить ссылку на реализацию в коде.
docs/04-reference/api/application/core.md,171,show_root_heading: true,src/tools/file_merger.py:150,"True if directory should be excluded, False otherwise.",нет,Уточнить формулировку и/или добавить ссылку на реализацию в коде.
docs/04-reference/api/application/core.md,172,show_source: false,src/tools/file_merger.py:67,"required=False,",нет,Уточнить формулировку и/или добавить ссылку на реализацию в коде.
docs/04-reference/api/application/core.md,175,show_root_heading: true,src/tools/file_merger.py:150,"True if directory should be excluded, False otherwise.",нет,Уточнить формулировку и/или добавить ссылку на реализацию в коде.
docs/04-reference/api/application/core.md,176,show_source: false,src/tools/file_merger.py:67,"required=False,",нет,Уточнить формулировку и/или добавить ссылку на реализацию в коде.
docs/04-reference/api/application/core.md,179,show_root_heading: true,src/tools/file_merger.py:150,"True if directory should be excluded, False otherwise.",нет,Уточнить формулировку и/или добавить ссылку на реализацию в коде.
docs/04-reference/api/application/core.md,180,show_source: false,src/tools/file_merger.py:67,"required=False,",нет,Уточнить формулировку и/или добавить ссылку на реализацию в коде.
docs/04-reference/api/application/core.md,183,show_root_heading: true,src/tools/file_merger.py:150,"True if directory should be excluded, False otherwise.",нет,Уточнить формулировку и/или добавить ссылку на реализацию в коде.
docs/04-reference/api/application/core.md,184,show_source: false,src/tools/file_merger.py:67,"required=False,",нет,Уточнить формулировку и/или добавить ссылку на реализацию в коде.
docs/04-reference/api/application/pipelines.md,6,show_root_heading: true,src/tools/file_merger.py:150,"True if directory should be excluded, False otherwise.",нет,Уточнить формулировку и/или добавить ссылку на реализацию в коде.
docs/04-reference/api/application/pipelines.md,7,show_source: false,src/tools/file_merger.py:67,"required=False,",нет,Уточнить формулировку и/или добавить ссылку на реализацию в коде.
docs/04-reference/api/application/pipelines.md,9,show_root_heading: true,src/tools/file_merger.py:150,"True if directory should be excluded, False otherwise.",нет,Уточнить формулировку и/или добавить ссылку на реализацию в коде.
docs/04-reference/api/application/pipelines.md,10,show_source: false,src/tools/file_merger.py:67,"required=False,",нет,Уточнить формулировку и/или добавить ссылку на реализацию в коде.
docs/04-reference/api/application/pipelines.md,13,show_root_heading: true,src/tools/file_merger.py:150,"True if directory should be excluded, False otherwise.",нет,Уточнить формулировку и/или добавить ссылку на реализацию в коде.
docs/04-reference/api/application/pipelines.md,14,show_source: false,src/tools/file_merger.py:67,"required=False,",нет,Уточнить формулировку и/или добавить ссылку на реализацию в коде.
docs/04-reference/api/application/pipelines.md,16,show_root_heading: true,src/tools/file_merger.py:150,"True if directory should be excluded, False otherwise.",нет,Уточнить формулировку и/или добавить ссылку на реализацию в коде.
docs/04-reference/api/application/pipelines.md,17,show_source: false,src/tools/file_merger.py:67,"required=False,",нет,Уточнить формулировку и/или добавить ссылку на реализацию в коде.
docs/04-reference/api/application/pipelines.md,20,show_root_heading: true,src/tools/file_merger.py:150,"True if directory should be excluded, False otherwise.",нет,Уточнить формулировку и/или добавить ссылку на реализацию в коде.
docs/04-reference/api/application/pipelines.md,21,show_source: false,src/tools/file_merger.py:67,"required=False,",нет,Уточнить формулировку и/или добавить ссылку на реализацию в коде.
docs/04-reference/api/application/pipelines.md,23,show_root_heading: true,src/tools/file_merger.py:150,"True if directory should be excluded, False otherwise.",нет,Уточнить формулировку и/или добавить ссылку на реализацию в коде.
docs/04-reference/api/application/pipelines.md,24,show_source: false,src/tools/file_merger.py:67,"required=False,",нет,Уточнить формулировку и/или добавить ссылку на реализацию в коде.
docs/04-reference/api/application/pipelines.md,27,show_root_heading: true,src/tools/file_merger.py:150,"True if directory should be excluded, False otherwise.",нет,Уточнить формулировку и/или добавить ссылку на реализацию в коде.
docs/04-reference/api/application/pipelines.md,28,show_source: false,src/tools/file_merger.py:67,"required=False,",нет,Уточнить формулировку и/или добавить ссылку на реализацию в коде.
docs/04-reference/api/application/pipelines.md,30,show_root_heading: true,src/tools/file_merger.py:150,"True if directory should be excluded, False otherwise.",нет,Уточнить формулировку и/или добавить ссылку на реализацию в коде.
docs/04-reference/api/application/pipelines.md,31,show_source: false,src/tools/file_merger.py:67,"required=False,",нет,Уточнить формулировку и/или добавить ссылку на реализацию в коде.
docs/04-reference/api/application/pipelines.md,32,Publications and patents.,src/bioetl/interfaces/cli/commands/run_composite.py:211,"Composite pipelines orchestrate a seed pipeline (e.g., ChEMBL publications)",нет,Уточнить формулировку и/или добавить ссылку на реализацию в коде.
docs/04-reference/api/application/pipelines.md,34,show_root_heading: true,src/tools/file_merger.py:150,"True if directory should be excluded, False otherwise.",нет,Уточнить формулировку и/или добавить ссылку на реализацию в коде.
docs/04-reference/api/application/pipelines.md,35,show_source: false,src/tools/file_merger.py:67,"required=False,",нет,Уточнить формулировку и/или добавить ссылку на реализацию в коде.
docs/04-reference/api/application/pipelines.md,37,show_root_heading: true,src/tools/file_merger.py:150,"True if directory should be excluded, False otherwise.",нет,Уточнить формулировку и/или добавить ссылку на реализацию в коде.
docs/04-reference/api/application/pipelines.md,38,show_source: false,src/tools/file_merger.py:67,"required=False,",нет,Уточнить формулировку и/или добавить ссылку на реализацию в коде.
docs/04-reference/api/application/pipelines.md,41,show_root_heading: true,src/tools/file_merger.py:150,"True if directory should be excluded, False otherwise.",нет,Уточнить формулировку и/или добавить ссылку на реализацию в коде.
docs/04-reference/api/application/pipelines.md,42,show_source: false,src/tools/file_merger.py:67,"required=False,",нет,Уточнить формулировку и/или добавить ссылку на реализацию в коде.
docs/04-reference/api/application/pipelines.md,44,show_root_heading: true,src/tools/file_merger.py:150,"True if directory should be excluded, False otherwise.",нет,Уточнить формулировку и/или добавить ссылку на реализацию в коде.
docs/04-reference/api/application/pipelines.md,45,show_source: false,src/tools/file_merger.py:67,"required=False,",нет,Уточнить формулировку и/или добавить ссылку на реализацию в коде.
docs/04-reference/api/application/pipelines.md,48,show_root_heading: true,src/tools/file_merger.py:150,"True if directory should be excluded, False otherwise.",нет,Уточнить формулировку и/или добавить ссылку на реализацию в коде.
docs/04-reference/api/application/pipelines.md,49,show_source: false,src/tools/file_merger.py:67,"required=False,",нет,Уточнить формулировку и/или добавить ссылку на реализацию в коде.
docs/04-reference/api/application/pipelines.md,52,show_root_heading: true,src/tools/file_merger.py:150,"True if directory should be excluded, False otherwise.",нет,Уточнить формулировку и/или добавить ссылку на реализацию в коде.
docs/04-reference/api/application/pipelines.md,53,show_source: false,src/tools/file_merger.py:67,"required=False,",нет,Уточнить формулировку и/или добавить ссылку на реализацию в коде.
docs/04-reference/api/application/pipelines.md,55,show_root_heading: true,src/tools/file_merger.py:150,"True if directory should be excluded, False otherwise.",нет,Уточнить формулировку и/или добавить ссылку на реализацию в коде.
docs/04-reference/api/application/pipelines.md,56,show_source: false,src/tools/file_merger.py:67,"required=False,",нет,Уточнить формулировку и/или добавить ссылку на реализацию в коде.
docs/04-reference/api/application/pipelines.md,59,show_root_heading: true,src/tools/file_merger.py:150,"True if directory should be excluded, False otherwise.",нет,Уточнить формулировку и/или добавить ссылку на реализацию в коде.
docs/04-reference/api/application/pipelines.md,60,show_source: false,src/tools/file_merger.py:67,"required=False,",нет,Уточнить формулировку и/или добавить ссылку на реализацию в коде.
docs/04-reference/api/application/pipelines.md,62,show_root_heading: true,src/tools/file_merger.py:150,"True if directory should be excluded, False otherwise.",нет,Уточнить формулировку и/или добавить ссылку на реализацию в коде.
docs/04-reference/api/application/pipelines.md,63,show_source: false,src/tools/file_merger.py:67,"required=False,",нет,Уточнить формулировку и/или добавить ссылку на реализацию в коде.
docs/04-reference/api/application/pipelines.md,66,show_root_heading: true,src/tools/file_merger.py:150,"True if directory should be excluded, False otherwise.",нет,Уточнить формулировку и/или добавить ссылку на реализацию в коде.
docs/04-reference/api/application/pipelines.md,67,show_source: false,src/tools/file_merger.py:67,"required=False,",нет,Уточнить формулировку и/или добавить ссылку на реализацию в коде.
docs/04-reference/api/application/pipelines.md,69,show_root_heading: true,src/tools/file_merger.py:150,"True if directory should be excluded, False otherwise.",нет,Уточнить формулировку и/или добавить ссылку на реализацию в коде.
docs/04-reference/api/application/pipelines.md,70,show_source: false,src/tools/file_merger.py:67,"required=False,",нет,Уточнить формулировку и/или добавить ссылку на реализацию в коде.
docs/04-reference/api/application/pipelines.md,74,[Transformers](transformers.md) - BaseTransformer framework,src/bioetl/composition/factories/transformer_factory.py:4,"This module provides factory functions for creating transformers,",нет,Уточнить формулировку и/или добавить ссылку на реализацию в коде.
docs/04-reference/api/application/services.md,5,show_root_heading: true,src/tools/file_merger.py:150,"True if directory should be excluded, False otherwise.",нет,Уточнить формулировку и/или добавить ссылку на реализацию в коде.
docs/04-reference/api/application/services.md,6,show_source: false,src/tools/file_merger.py:67,"required=False,",нет,Уточнить формулировку и/или добавить ссылку на реализацию в коде.
docs/04-reference/api/application/services.md,9,show_root_heading: true,src/tools/file_merger.py:150,"True if directory should be excluded, False otherwise.",нет,Уточнить формулировку и/или добавить ссылку на реализацию в коде.
docs/04-reference/api/application/services.md,10,show_source: false,src/tools/file_merger.py:67,"required=False,",нет,Уточнить формулировку и/или добавить ссылку на реализацию в коде.
docs/04-reference/api/application/services.md,13,show_root_heading: true,src/tools/file_merger.py:150,"True if directory should be excluded, False otherwise.",нет,Уточнить формулировку и/или добавить ссылку на реализацию в коде.
docs/04-reference/api/application/services.md,14,show_source: false,src/tools/file_merger.py:67,"required=False,",нет,Уточнить формулировку и/или добавить ссылку на реализацию в коде.
docs/04-reference/api/application/services.md,17,show_root_heading: true,src/tools/file_merger.py:150,"True if directory should be excluded, False otherwise.",нет,Уточнить формулировку и/или добавить ссылку на реализацию в коде.
docs/04-reference/api/application/services.md,18,show_source: false,src/tools/file_merger.py:67,"required=False,",нет,Уточнить формулировку и/или добавить ссылку на реализацию в коде.
docs/04-reference/api/application/services.md,21,show_root_heading: true,src/tools/file_merger.py:150,"True if directory should be excluded, False otherwise.",нет,Уточнить формулировку и/или добавить ссылку на реализацию в коде.
docs/04-reference/api/application/services.md,22,show_source: false,src/tools/file_merger.py:67,"required=False,",нет,Уточнить формулировку и/или добавить ссылку на реализацию в коде.
docs/04-reference/api/application/services.md,25,show_root_heading: true,src/tools/file_merger.py:150,"True if directory should be excluded, False otherwise.",нет,Уточнить формулировку и/или добавить ссылку на реализацию в коде.
docs/04-reference/api/application/services.md,26,show_source: false,src/tools/file_merger.py:67,"required=False,",нет,Уточнить формулировку и/или добавить ссылку на реализацию в коде.
docs/04-reference/api/application/services.md,29,show_root_heading: true,src/tools/file_merger.py:150,"True if directory should be excluded, False otherwise.",нет,Уточнить формулировку и/или добавить ссылку на реализацию в коде.
docs/04-reference/api/application/services.md,30,show_source: false,src/tools/file_merger.py:67,"required=False,",нет,Уточнить формулировку и/или добавить ссылку на реализацию в коде.
docs/04-reference/api/application/services.md,33,show_root_heading: true,src/tools/file_merger.py:150,"True if directory should be excluded, False otherwise.",нет,Уточнить формулировку и/или добавить ссылку на реализацию в коде.
docs/04-reference/api/application/services.md,34,show_source: false,src/tools/file_merger.py:67,"required=False,",нет,Уточнить формулировку и/или добавить ссылку на реализацию в коде.
docs/04-reference/api/application/services.md,37,show_root_heading: true,src/tools/file_merger.py:150,"True if directory should be excluded, False otherwise.",нет,Уточнить формулировку и/или добавить ссылку на реализацию в коде.
docs/04-reference/api/application/services.md,38,show_source: false,src/tools/file_merger.py:67,"required=False,",нет,Уточнить формулировку и/или добавить ссылку на реализацию в коде.
docs/04-reference/api/application/services.md,41,show_root_heading: true,src/tools/file_merger.py:150,"True if directory should be excluded, False otherwise.",нет,Уточнить формулировку и/или добавить ссылку на реализацию в коде.
docs/04-reference/api/application/services.md,42,show_source: false,src/tools/file_merger.py:67,"required=False,",нет,Уточнить формулировку и/или добавить ссылку на реализацию в коде.
docs/04-reference/api/application/services.md,45,show_root_heading: true,src/tools/file_merger.py:150,"True if directory should be excluded, False otherwise.",нет,Уточнить формулировку и/или добавить ссылку на реализацию в коде.
docs/04-reference/api/application/services.md,46,show_source: false,src/tools/file_merger.py:67,"required=False,",нет,Уточнить формулировку и/или добавить ссылку на реализацию в коде.
docs/04-reference/api/application/services.md,49,show_root_heading: true,src/tools/file_merger.py:150,"True if directory should be excluded, False otherwise.",нет,Уточнить формулировку и/или добавить ссылку на реализацию в коде.
docs/04-reference/api/application/services.md,50,show_source: false,src/tools/file_merger.py:67,"required=False,",нет,Уточнить формулировку и/или добавить ссылку на реализацию в коде.
docs/04-reference/api/application/services.md,53,show_root_heading: true,src/tools/file_merger.py:150,"True if directory should be excluded, False otherwise.",нет,Уточнить формулировку и/или добавить ссылку на реализацию в коде.
docs/04-reference/api/application/services.md,54,show_source: false,src/tools/file_merger.py:67,"required=False,",нет,Уточнить формулировку и/или добавить ссылку на реализацию в коде.
docs/04-reference/api/application/services.md,57,show_root_heading: true,src/tools/file_merger.py:150,"True if directory should be excluded, False otherwise.",нет,Уточнить формулировку и/или добавить ссылку на реализацию в коде.
docs/04-reference/api/application/services.md,58,show_source: false,src/tools/file_merger.py:67,"required=False,",нет,Уточнить формулировку и/или добавить ссылку на реализацию в коде.
docs/04-reference/api/application/services.md,61,show_root_heading: true,src/tools/file_merger.py:150,"True if directory should be excluded, False otherwise.",нет,Уточнить формулировку и/или добавить ссылку на реализацию в коде.
docs/04-reference/api/application/services.md,62,show_source: false,src/tools/file_merger.py:67,"required=False,",нет,Уточнить формулировку и/или добавить ссылку на реализацию в коде.
docs/04-reference/api/application/transformers.md,5,show_root_heading: true,src/tools/file_merger.py:150,"True if directory should be excluded, False otherwise.",нет,Уточнить формулировку и/или добавить ссылку на реализацию в коде.
docs/04-reference/api/application/transformers.md,6,show_source: false,src/tools/file_merger.py:67,"required=False,",нет,Уточнить формулировку и/или добавить ссылку на реализацию в коде.
docs/04-reference/api/application/transformers.md,7,compute_content_hash,src/bioetl/domain/services/identity_service.py:52,>>> content_hash = identity.compute_content_hash(,нет,Уточнить формулировку и/или добавить ссылку на реализацию в коде.
docs/04-reference/api/application/transformers.md,8,entity_to_silver_record,src/bioetl/domain/entities/publication_base.py:68,- _source field is set by transformer via entity_to_silver_record() mapping,нет,Уточнить формулировку и/или добавить ссылку на реализацию в коде.
docs/04-reference/api/application/transformers.md,9,transform_for_gold,src/bioetl/composition/factories/services_factory.py:101,"gold_transform=transformer.transform_for_gold,",нет,Уточнить формулировку и/или добавить ссылку на реализацию в коде.
docs/04-reference/api/application/transformers.md,10,should_write_gold,src/bioetl/composition/factories/services_factory.py:100,"gold_filter=transformer.should_write_gold,",нет,Уточнить формулировку и/или добавить ссылку на реализацию в коде.
docs/04-reference/api/application/transformers.md,11,GOLD_EXCLUDE_FIELDS,src/bioetl/application/core/base_transformer.py:111,GOLD_EXCLUDE_FIELDS: ClassVar[frozenset[str]] = frozenset(),нет,Уточнить формулировку и/или добавить ссылку на реализацию в коде.
docs/04-reference/api/application/transformers.md,14,show_root_heading: true,src/tools/file_merger.py:150,"True if directory should be excluded, False otherwise.",нет,Уточнить формулировку и/или добавить ссылку на реализацию в коде.
docs/04-reference/api/application/transformers.md,15,show_source: false,src/tools/file_merger.py:67,"required=False,",нет,Уточнить формулировку и/или добавить ссылку на реализацию в коде.
docs/04-reference/api/application/transformers.md,18,show_root_heading: true,src/tools/file_merger.py:150,"True if directory should be excluded, False otherwise.",нет,Уточнить формулировку и/или добавить ссылку на реализацию в коде.
docs/04-reference/api/application/transformers.md,19,show_source: false,src/tools/file_merger.py:67,"required=False,",нет,Уточнить формулировку и/или добавить ссылку на реализацию в коде.
docs/04-reference/api/application/transformers.md,22,show_root_heading: true,src/tools/file_merger.py:150,"True if directory should be excluded, False otherwise.",нет,Уточнить формулировку и/или добавить ссылку на реализацию в коде.
docs/04-reference/api/application/transformers.md,23,show_source: false,src/tools/file_merger.py:67,"required=False,",нет,Уточнить формулировку и/или добавить ссылку на реализацию в коде.
docs/04-reference/api/application/transformers.md,26,show_root_heading: true,src/tools/file_merger.py:150,"True if directory should be excluded, False otherwise.",нет,Уточнить формулировку и/или добавить ссылку на реализацию в коде.
docs/04-reference/api/application/transformers.md,27,show_source: false,src/tools/file_merger.py:67,"required=False,",нет,Уточнить формулировку и/или добавить ссылку на реализацию в коде.
docs/04-reference/api/application/transformers.md,30,show_root_heading: true,src/tools/file_merger.py:150,"True if directory should be excluded, False otherwise.",нет,Уточнить формулировку и/или добавить ссылку на реализацию в коде.
docs/04-reference/api/application/transformers.md,31,show_source: false,src/tools/file_merger.py:67,"required=False,",нет,Уточнить формулировку и/или добавить ссылку на реализацию в коде.
docs/04-reference/api/application/transformers.md,34,show_root_heading: true,src/tools/file_merger.py:150,"True if directory should be excluded, False otherwise.",нет,Уточнить формулировку и/или добавить ссылку на реализацию в коде.
docs/04-reference/api/application/transformers.md,35,show_source: false,src/tools/file_merger.py:67,"required=False,",нет,Уточнить формулировку и/или добавить ссылку на реализацию в коде.
docs/04-reference/api/application/transformers.md,39,show_root_heading: true,src/tools/file_merger.py:150,"True if directory should be excluded, False otherwise.",нет,Уточнить формулировку и/или добавить ссылку на реализацию в коде.
docs/04-reference/api/application/transformers.md,40,show_source: false,src/tools/file_merger.py:67,"required=False,",нет,Уточнить формулировку и/или добавить ссылку на реализацию в коде.
docs/04-reference/api/application/transformers.md,43,show_root_heading: true,src/tools/file_merger.py:150,"True if directory should be excluded, False otherwise.",нет,Уточнить формулировку и/или добавить ссылку на реализацию в коде.
docs/04-reference/api/application/transformers.md,44,show_source: false,src/tools/file_merger.py:67,"required=False,",нет,Уточнить формулировку и/или добавить ссылку на реализацию в коде.
docs/04-reference/api/application/transformers.md,47,show_root_heading: true,src/tools/file_merger.py:150,"True if directory should be excluded, False otherwise.",нет,Уточнить формулировку и/или добавить ссылку на реализацию в коде.
docs/04-reference/api/application/transformers.md,48,show_source: false,src/tools/file_merger.py:67,"required=False,",нет,Уточнить формулировку и/или добавить ссылку на реализацию в коде.
docs/04-reference/api/application/transformers.md,51,show_root_heading: true,src/tools/file_merger.py:150,"True if directory should be excluded, False otherwise.",нет,Уточнить формулировку и/или добавить ссылку на реализацию в коде.
docs/04-reference/api/application/transformers.md,52,show_source: false,src/tools/file_merger.py:67,"required=False,",нет,Уточнить формулировку и/или добавить ссылку на реализацию в коде.
docs/04-reference/api/application/transformers.md,55,show_root_heading: true,src/tools/file_merger.py:150,"True if directory should be excluded, False otherwise.",нет,Уточнить формулировку и/или добавить ссылку на реализацию в коде.
docs/04-reference/api/application/transformers.md,56,show_source: false,src/tools/file_merger.py:67,"required=False,",нет,Уточнить формулировку и/или добавить ссылку на реализацию в коде.
docs/04-reference/api/application/transformers.md,59,show_root_heading: true,src/tools/file_merger.py:150,"True if directory should be excluded, False otherwise.",нет,Уточнить формулировку и/или добавить ссылку на реализацию в коде.
docs/04-reference/api/application/transformers.md,60,show_source: false,src/tools/file_merger.py:67,"required=False,",нет,Уточнить формулировку и/или добавить ссылку на реализацию в коде.
docs/04-reference/api/application/transformers.md,63,show_root_heading: true,src/tools/file_merger.py:150,"True if directory should be excluded, False otherwise.",нет,Уточнить формулировку и/или добавить ссылку на реализацию в коде.
docs/04-reference/api/application/transformers.md,64,show_source: false,src/tools/file_merger.py:67,"required=False,",нет,Уточнить формулировку и/или добавить ссылку на реализацию в коде.
docs/04-reference/api/application.md,17,Data transformation framework:,src/bioetl/application/core/checkpoint_manager.py:3,This module is framework-agnostic and handles checkpoint persistence,нет,Уточнить формулировку и/или добавить ссылку на реализацию в коде.
docs/04-reference/api/application.md,29,[Transformers](application/transformers.md) - Transformer framework,src/bioetl/composition/factories/transformer_factory.py:4,"This module provides factory functions for creating transformers,",нет,Уточнить формулировку и/или добавить ссылку на реализацию в коде.
docs/04-reference/api/composition/bootstrap.md,11,show_root_heading: true,src/tools/file_merger.py:150,"True if directory should be excluded, False otherwise.",нет,Уточнить формулировку и/или добавить ссылку на реализацию в коде.
docs/04-reference/api/composition/bootstrap.md,12,show_source: false,src/tools/file_merger.py:67,"required=False,",нет,Уточнить формулировку и/или добавить ссылку на реализацию в коде.
docs/04-reference/api/composition/bootstrap.md,15,show_root_heading: true,src/tools/file_merger.py:150,"True if directory should be excluded, False otherwise.",нет,Уточнить формулировку и/или добавить ссылку на реализацию в коде.
docs/04-reference/api/composition/bootstrap.md,16,show_source: false,src/tools/file_merger.py:67,"required=False,",нет,Уточнить формулировку и/или добавить ссылку на реализацию в коде.
docs/04-reference/api/composition/bootstrap.md,19,show_root_heading: true,src/tools/file_merger.py:150,"True if directory should be excluded, False otherwise.",нет,Уточнить формулировку и/или добавить ссылку на реализацию в коде.
docs/04-reference/api/composition/bootstrap.md,20,show_source: false,src/tools/file_merger.py:67,"required=False,",нет,Уточнить формулировку и/или добавить ссылку на реализацию в коде.
docs/04-reference/api/composition/bootstrap.md,24,show_root_heading: true,src/tools/file_merger.py:150,"True if directory should be excluded, False otherwise.",нет,Уточнить формулировку и/или добавить ссылку на реализацию в коде.
docs/04-reference/api/composition/bootstrap.md,25,show_source: false,src/tools/file_merger.py:67,"required=False,",нет,Уточнить формулировку и/или добавить ссылку на реализацию в коде.
docs/04-reference/api/composition/bootstrap.md,28,show_root_heading: true,src/tools/file_merger.py:150,"True if directory should be excluded, False otherwise.",нет,Уточнить формулировку и/или добавить ссылку на реализацию в коде.
docs/04-reference/api/composition/bootstrap.md,29,show_source: false,src/tools/file_merger.py:67,"required=False,",нет,Уточнить формулировку и/или добавить ссылку на реализацию в коде.
docs/04-reference/api/composition/bootstrap.md,32,show_root_heading: true,src/tools/file_merger.py:150,"True if directory should be excluded, False otherwise.",нет,Уточнить формулировку и/или добавить ссылку на реализацию в коде.
docs/04-reference/api/composition/bootstrap.md,33,show_source: false,src/tools/file_merger.py:67,"required=False,",нет,Уточнить формулировку и/или добавить ссылку на реализацию в коде.
docs/04-reference/api/composition/bootstrap.md,36,show_root_heading: true,src/tools/file_merger.py:150,"True if directory should be excluded, False otherwise.",нет,Уточнить формулировку и/или добавить ссылку на реализацию в коде.
docs/04-reference/api/composition/bootstrap.md,37,show_source: false,src/tools/file_merger.py:67,"required=False,",нет,Уточнить формулировку и/или добавить ссылку на реализацию в коде.
docs/04-reference/api/composition/bootstrap.md,40,show_root_heading: true,src/tools/file_merger.py:150,"True if directory should be excluded, False otherwise.",нет,Уточнить формулировку и/или добавить ссылку на реализацию в коде.
docs/04-reference/api/composition/bootstrap.md,41,show_source: false,src/tools/file_merger.py:67,"required=False,",нет,Уточнить формулировку и/или добавить ссылку на реализацию в коде.
docs/04-reference/api/composition/bootstrap.md,45,show_root_heading: true,src/tools/file_merger.py:150,"True if directory should be excluded, False otherwise.",нет,Уточнить формулировку и/или добавить ссылку на реализацию в коде.
docs/04-reference/api/composition/bootstrap.md,46,show_source: false,src/tools/file_merger.py:67,"required=False,",нет,Уточнить формулировку и/или добавить ссылку на реализацию в коде.
docs/04-reference/api/composition/bootstrap.md,49,show_root_heading: true,src/tools/file_merger.py:150,"True if directory should be excluded, False otherwise.",нет,Уточнить формулировку и/или добавить ссылку на реализацию в коде.
docs/04-reference/api/composition/bootstrap.md,50,show_source: false,src/tools/file_merger.py:67,"required=False,",нет,Уточнить формулировку и/или добавить ссылку на реализацию в коде.
docs/04-reference/api/composition/bootstrap.md,53,show_root_heading: true,src/tools/file_merger.py:150,"True if directory should be excluded, False otherwise.",нет,Уточнить формулировку и/или добавить ссылку на реализацию в коде.
docs/04-reference/api/composition/bootstrap.md,54,show_source: false,src/tools/file_merger.py:67,"required=False,",нет,Уточнить формулировку и/или добавить ссылку на реализацию в коде.
docs/04-reference/api/composition/bootstrap.md,59,show_root_heading: true,src/tools/file_merger.py:150,"True if directory should be excluded, False otherwise.",нет,Уточнить формулировку и/или добавить ссылку на реализацию в коде.
docs/04-reference/api/composition/bootstrap.md,60,show_source: false,src/tools/file_merger.py:67,"required=False,",нет,Уточнить формулировку и/или добавить ссылку на реализацию в коде.
docs/04-reference/api/composition/bootstrap.md,63,show_root_heading: true,src/tools/file_merger.py:150,"True if directory should be excluded, False otherwise.",нет,Уточнить формулировку и/или добавить ссылку на реализацию в коде.
docs/04-reference/api/composition/bootstrap.md,64,show_source: false,src/tools/file_merger.py:67,"required=False,",нет,Уточнить формулировку и/или добавить ссылку на реализацию в коде.
docs/04-reference/api/composition/bootstrap.md,67,show_root_heading: true,src/tools/file_merger.py:150,"True if directory should be excluded, False otherwise.",нет,Уточнить формулировку и/или добавить ссылку на реализацию в коде.
docs/04-reference/api/composition/bootstrap.md,68,show_source: false,src/tools/file_merger.py:67,"required=False,",нет,Уточнить формулировку и/или добавить ссылку на реализацию в коде.
docs/04-reference/api/composition/bootstrap.md,71,show_root_heading: true,src/tools/file_merger.py:150,"True if directory should be excluded, False otherwise.",нет,Уточнить формулировку и/или добавить ссылку на реализацию в коде.
docs/04-reference/api/composition/bootstrap.md,72,show_source: false,src/tools/file_merger.py:67,"required=False,",нет,Уточнить формулировку и/или добавить ссылку на реализацию в коде.
docs/04-reference/api/composition/bootstrap.md,75,show_root_heading: true,src/tools/file_merger.py:150,"True if directory should be excluded, False otherwise.",нет,Уточнить формулировку и/или добавить ссылку на реализацию в коде.
docs/04-reference/api/composition/bootstrap.md,76,show_source: false,src/tools/file_merger.py:67,"required=False,",нет,Уточнить формулировку и/или добавить ссылку на реализацию в коде.
docs/04-reference/api/composition/bootstrap.md,79,show_root_heading: true,src/tools/file_merger.py:150,"True if directory should be excluded, False otherwise.",нет,Уточнить формулировку и/или добавить ссылку на реализацию в коде.
docs/04-reference/api/composition/bootstrap.md,80,show_source: false,src/tools/file_merger.py:67,"required=False,",нет,Уточнить формулировку и/или добавить ссылку на реализацию в коде.
docs/04-reference/api/composition/bootstrap.md,83,show_root_heading: true,src/tools/file_merger.py:150,"True if directory should be excluded, False otherwise.",нет,Уточнить формулировку и/или добавить ссылку на реализацию в коде.
docs/04-reference/api/composition/bootstrap.md,84,show_source: false,src/tools/file_merger.py:67,"required=False,",нет,Уточнить формулировку и/или добавить ссылку на реализацию в коде.
docs/04-reference/api/composition/bootstrap.md,87,show_root_heading: true,src/tools/file_merger.py:150,"True if directory should be excluded, False otherwise.",нет,Уточнить формулировку и/или добавить ссылку на реализацию в коде.
docs/04-reference/api/composition/bootstrap.md,88,show_source: false,src/tools/file_merger.py:67,"required=False,",нет,Уточнить формулировку и/или добавить ссылку на реализацию в коде.
docs/04-reference/api/composition/bootstrap.md,91,show_root_heading: true,src/tools/file_merger.py:150,"True if directory should be excluded, False otherwise.",нет,Уточнить формулировку и/или добавить ссылку на реализацию в коде.
docs/04-reference/api/composition/bootstrap.md,92,show_source: false,src/tools/file_merger.py:67,"required=False,",нет,Уточнить формулировку и/или добавить ссылку на реализацию в коде.
docs/04-reference/api/composition/bootstrap.md,96,show_root_heading: true,src/tools/file_merger.py:150,"True if directory should be excluded, False otherwise.",нет,Уточнить формулировку и/или добавить ссылку на реализацию в коде.
docs/04-reference/api/composition/bootstrap.md,97,show_source: false,src/tools/file_merger.py:67,"required=False,",нет,Уточнить формулировку и/или добавить ссылку на реализацию в коде.
docs/04-reference/api/composition/bootstrap.md,100,show_root_heading: true,src/tools/file_merger.py:150,"True if directory should be excluded, False otherwise.",нет,Уточнить формулировку и/или добавить ссылку на реализацию в коде.
docs/04-reference/api/composition/bootstrap.md,101,show_source: false,src/tools/file_merger.py:67,"required=False,",нет,Уточнить формулировку и/или добавить ссылку на реализацию в коде.
docs/04-reference/api/composition/bootstrap.md,104,show_root_heading: true,src/tools/file_merger.py:150,"True if directory should be excluded, False otherwise.",нет,Уточнить формулировку и/или добавить ссылку на реализацию в коде.
docs/04-reference/api/composition/bootstrap.md,105,show_source: false,src/tools/file_merger.py:67,"required=False,",нет,Уточнить формулировку и/или добавить ссылку на реализацию в коде.
docs/04-reference/api/composition/bootstrap.md,108,show_root_heading: true,src/tools/file_merger.py:150,"True if directory should be excluded, False otherwise.",нет,Уточнить формулировку и/или добавить ссылку на реализацию в коде.
docs/04-reference/api/composition/bootstrap.md,109,show_source: false,src/tools/file_merger.py:67,"required=False,",нет,Уточнить формулировку и/или добавить ссылку на реализацию в коде.
docs/04-reference/api/composition/bootstrap.md,112,show_root_heading: true,src/tools/file_merger.py:150,"True if directory should be excluded, False otherwise.",нет,Уточнить формулировку и/или добавить ссылку на реализацию в коде.
docs/04-reference/api/composition/bootstrap.md,113,show_source: false,src/tools/file_merger.py:67,"required=False,",нет,Уточнить формулировку и/или добавить ссылку на реализацию в коде.
docs/04-reference/api/composition/bootstrap.md,116,show_root_heading: true,src/tools/file_merger.py:150,"True if directory should be excluded, False otherwise.",нет,Уточнить формулировку и/или добавить ссылку на реализацию в коде.
docs/04-reference/api/composition/bootstrap.md,117,show_source: false,src/tools/file_merger.py:67,"required=False,",нет,Уточнить формулировку и/или добавить ссылку на реализацию в коде.
docs/04-reference/api/composition/bootstrap.md,120,show_root_heading: true,src/tools/file_merger.py:150,"True if directory should be excluded, False otherwise.",нет,Уточнить формулировку и/или добавить ссылку на реализацию в коде.
docs/04-reference/api/composition/bootstrap.md,121,show_source: false,src/tools/file_merger.py:67,"required=False,",нет,Уточнить формулировку и/или добавить ссылку на реализацию в коде.
docs/04-reference/api/composition/bootstrap.md,124,show_root_heading: true,src/tools/file_merger.py:150,"True if directory should be excluded, False otherwise.",нет,Уточнить формулировку и/или добавить ссылку на реализацию в коде.
docs/04-reference/api/composition/bootstrap.md,125,show_source: false,src/tools/file_merger.py:67,"required=False,",нет,Уточнить формулировку и/или добавить ссылку на реализацию в коде.
docs/04-reference/api/composition/bootstrap.md,128,show_root_heading: true,src/tools/file_merger.py:150,"True if directory should be excluded, False otherwise.",нет,Уточнить формулировку и/или добавить ссылку на реализацию в коде.
docs/04-reference/api/composition/bootstrap.md,129,show_source: false,src/tools/file_merger.py:67,"required=False,",нет,Уточнить формулировку и/или добавить ссылку на реализацию в коде.
docs/04-reference/api/composition/bootstrap.md,132,show_root_heading: true,src/tools/file_merger.py:150,"True if directory should be excluded, False otherwise.",нет,Уточнить формулировку и/или добавить ссылку на реализацию в коде.
docs/04-reference/api/composition/bootstrap.md,133,show_source: false,src/tools/file_merger.py:67,"required=False,",нет,Уточнить формулировку и/или добавить ссылку на реализацию в коде.
docs/04-reference/api/composition/bootstrap.md,136,show_root_heading: true,src/tools/file_merger.py:150,"True if directory should be excluded, False otherwise.",нет,Уточнить формулировку и/или добавить ссылку на реализацию в коде.
docs/04-reference/api/composition/bootstrap.md,137,show_source: false,src/tools/file_merger.py:67,"required=False,",нет,Уточнить формулировку и/или добавить ссылку на реализацию в коде.
docs/04-reference/api/composition/bootstrap.md,139,[Factories](factories.md) - Component factories,src/tools/create_pipeline.py:308,"""3. Register any new factories if needed (though GenericPipelineFactory should handle it)""",нет,Уточнить формулировку и/или добавить ссылку на реализацию в коде.
docs/04-reference/api/composition/factories.md,4,show_root_heading: true,src/tools/file_merger.py:150,"True if directory should be excluded, False otherwise.",нет,Уточнить формулировку и/или добавить ссылку на реализацию в коде.
docs/04-reference/api/composition/factories.md,5,show_source: false,src/tools/file_merger.py:67,"required=False,",нет,Уточнить формулировку и/или добавить ссылку на реализацию в коде.
docs/04-reference/api/composition/factories.md,6,create_executor,,,нет,Уточнить формулировку и/или добавить ссылку на реализацию в коде.
docs/04-reference/api/composition/factories.md,9,show_root_heading: true,src/tools/file_merger.py:150,"True if directory should be excluded, False otherwise.",нет,Уточнить формулировку и/или добавить ссылку на реализацию в коде.
docs/04-reference/api/composition/factories.md,10,show_source: false,src/tools/file_merger.py:67,"required=False,",нет,Уточнить формулировку и/или добавить ссылку на реализацию в коде.
docs/04-reference/api/composition/factories.md,13,show_root_heading: true,src/tools/file_merger.py:150,"True if directory should be excluded, False otherwise.",нет,Уточнить формулировку и/или добавить ссылку на реализацию в коде.
docs/04-reference/api/composition/factories.md,14,show_source: false,src/tools/file_merger.py:67,"required=False,",нет,Уточнить формулировку и/или добавить ссылку на реализацию в коде.
docs/04-reference/api/composition/factories.md,17,show_root_heading: true,src/tools/file_merger.py:150,"True if directory should be excluded, False otherwise.",нет,Уточнить формулировку и/или добавить ссылку на реализацию в коде.
docs/04-reference/api/composition/factories.md,18,show_source: false,src/tools/file_merger.py:67,"required=False,",нет,Уточнить формулировку и/или добавить ссылку на реализацию в коде.
docs/04-reference/api/composition/factories.md,21,show_root_heading: true,src/tools/file_merger.py:150,"True if directory should be excluded, False otherwise.",нет,Уточнить формулировку и/или добавить ссылку на реализацию в коде.
docs/04-reference/api/composition/factories.md,22,show_source: false,src/tools/file_merger.py:67,"required=False,",нет,Уточнить формулировку и/или добавить ссылку на реализацию в коде.
docs/04-reference/api/composition/factories.md,25,show_root_heading: true,src/tools/file_merger.py:150,"True if directory should be excluded, False otherwise.",нет,Уточнить формулировку и/или добавить ссылку на реализацию в коде.
docs/04-reference/api/composition/factories.md,26,show_source: false,src/tools/file_merger.py:67,"required=False,",нет,Уточнить формулировку и/или добавить ссылку на реализацию в коде.
docs/04-reference/api/composition/factories.md,29,show_root_heading: true,src/tools/file_merger.py:150,"True if directory should be excluded, False otherwise.",нет,Уточнить формулировку и/или добавить ссылку на реализацию в коде.
docs/04-reference/api/composition/factories.md,30,show_source: false,src/tools/file_merger.py:67,"required=False,",нет,Уточнить формулировку и/или добавить ссылку на реализацию в коде.
docs/04-reference/api/composition/factories.md,33,show_root_heading: true,src/tools/file_merger.py:150,"True if directory should be excluded, False otherwise.",нет,Уточнить формулировку и/или добавить ссылку на реализацию в коде.
docs/04-reference/api/composition/factories.md,34,show_source: false,src/tools/file_merger.py:67,"required=False,",нет,Уточнить формулировку и/или добавить ссылку на реализацию в коде.
docs/04-reference/api/composition/factories.md,37,show_root_heading: true,src/tools/file_merger.py:150,"True if directory should be excluded, False otherwise.",нет,Уточнить формулировку и/или добавить ссылку на реализацию в коде.
docs/04-reference/api/composition/factories.md,38,show_source: false,src/tools/file_merger.py:67,"required=False,",нет,Уточнить формулировку и/или добавить ссылку на реализацию в коде.
docs/04-reference/api/composition/factories.md,41,show_root_heading: true,src/tools/file_merger.py:150,"True if directory should be excluded, False otherwise.",нет,Уточнить формулировку и/или добавить ссылку на реализацию в коде.
docs/04-reference/api/composition/factories.md,42,show_source: false,src/tools/file_merger.py:67,"required=False,",нет,Уточнить формулировку и/или добавить ссылку на реализацию в коде.
docs/04-reference/api/composition/factories.md,45,show_root_heading: true,src/tools/file_merger.py:150,"True if directory should be excluded, False otherwise.",нет,Уточнить формулировку и/или добавить ссылку на реализацию в коде.
docs/04-reference/api/composition/factories.md,46,show_source: false,src/tools/file_merger.py:67,"required=False,",нет,Уточнить формулировку и/или добавить ссылку на реализацию в коде.
docs/04-reference/api/composition/factories.md,49,show_root_heading: true,src/tools/file_merger.py:150,"True if directory should be excluded, False otherwise.",нет,Уточнить формулировку и/или добавить ссылку на реализацию в коде.
docs/04-reference/api/composition/factories.md,50,show_source: false,src/tools/file_merger.py:67,"required=False,",нет,Уточнить формулировку и/или добавить ссылку на реализацию в коде.
docs/04-reference/api/composition/factories.md,53,show_root_heading: true,src/tools/file_merger.py:150,"True if directory should be excluded, False otherwise.",нет,Уточнить формулировку и/или добавить ссылку на реализацию в коде.
docs/04-reference/api/composition/factories.md,54,show_source: false,src/tools/file_merger.py:67,"required=False,",нет,Уточнить формулировку и/или добавить ссылку на реализацию в коде.
docs/04-reference/api/composition/factories.md,57,show_root_heading: true,src/tools/file_merger.py:150,"True if directory should be excluded, False otherwise.",нет,Уточнить формулировку и/или добавить ссылку на реализацию в коде.
docs/04-reference/api/composition/factories.md,58,show_source: false,src/tools/file_merger.py:67,"required=False,",нет,Уточнить формулировку и/или добавить ссылку на реализацию в коде.
docs/04-reference/api/composition/factories.md,61,show_root_heading: true,src/tools/file_merger.py:150,"True if directory should be excluded, False otherwise.",нет,Уточнить формулировку и/или добавить ссылку на реализацию в коде.
docs/04-reference/api/composition/factories.md,62,show_source: false,src/tools/file_merger.py:67,"required=False,",нет,Уточнить формулировку и/или добавить ссылку на реализацию в коде.
docs/04-reference/api/composition/factories.md,65,show_root_heading: true,src/tools/file_merger.py:150,"True if directory should be excluded, False otherwise.",нет,Уточнить формулировку и/или добавить ссылку на реализацию в коде.
docs/04-reference/api/composition/factories.md,66,show_source: false,src/tools/file_merger.py:67,"required=False,",нет,Уточнить формулировку и/или добавить ссылку на реализацию в коде.
docs/04-reference/api/composition/factories.md,69,show_root_heading: true,src/tools/file_merger.py:150,"True if directory should be excluded, False otherwise.",нет,Уточнить формулировку и/или добавить ссылку на реализацию в коде.
docs/04-reference/api/composition/factories.md,70,show_source: false,src/tools/file_merger.py:67,"required=False,",нет,Уточнить формулировку и/или добавить ссылку на реализацию в коде.
docs/04-reference/api/composition/factories.md,73,show_root_heading: true,src/tools/file_merger.py:150,"True if directory should be excluded, False otherwise.",нет,Уточнить формулировку и/или добавить ссылку на реализацию в коде.
docs/04-reference/api/composition/factories.md,74,show_source: false,src/tools/file_merger.py:67,"required=False,",нет,Уточнить формулировку и/или добавить ссылку на реализацию в коде.
docs/04-reference/api/composition/factories.md,77,show_root_heading: true,src/tools/file_merger.py:150,"True if directory should be excluded, False otherwise.",нет,Уточнить формулировку и/или добавить ссылку на реализацию в коде.
docs/04-reference/api/composition/factories.md,78,show_source: false,src/tools/file_merger.py:67,"required=False,",нет,Уточнить формулировку и/или добавить ссылку на реализацию в коде.
docs/04-reference/api/composition/factories.md,82,show_root_heading: true,src/tools/file_merger.py:150,"True if directory should be excluded, False otherwise.",нет,Уточнить формулировку и/или добавить ссылку на реализацию в коде.
docs/04-reference/api/composition/factories.md,83,show_source: false,src/tools/file_merger.py:67,"required=False,",нет,Уточнить формулировку и/или добавить ссылку на реализацию в коде.
docs/04-reference/api/composition/factories.md,86,show_root_heading: true,src/tools/file_merger.py:150,"True if directory should be excluded, False otherwise.",нет,Уточнить формулировку и/или добавить ссылку на реализацию в коде.
docs/04-reference/api/composition/factories.md,87,show_source: false,src/tools/file_merger.py:67,"required=False,",нет,Уточнить формулировку и/или добавить ссылку на реализацию в коде.
docs/04-reference/api/composition/factories.md,90,show_root_heading: true,src/tools/file_merger.py:150,"True if directory should be excluded, False otherwise.",нет,Уточнить формулировку и/или добавить ссылку на реализацию в коде.
docs/04-reference/api/composition/factories.md,91,show_source: false,src/tools/file_merger.py:67,"required=False,",нет,Уточнить формулировку и/или добавить ссылку на реализацию в коде.
docs/04-reference/api/composition/factories.md,94,show_root_heading: true,src/tools/file_merger.py:150,"True if directory should be excluded, False otherwise.",нет,Уточнить формулировку и/или добавить ссылку на реализацию в коде.
docs/04-reference/api/composition/factories.md,95,show_source: false,src/tools/file_merger.py:67,"required=False,",нет,Уточнить формулировку и/или добавить ссылку на реализацию в коде.
docs/04-reference/api/composition.md,6,Component factories for DI:,src/tools/create_pipeline.py:308,"""3. Register any new factories if needed (though GenericPipelineFactory should handle it)""",нет,Уточнить формулировку и/или добавить ссылку на реализацию в коде.
docs/04-reference/api/domain/entities.md,8,show_root_heading: true,src/tools/file_merger.py:150,"True if directory should be excluded, False otherwise.",нет,Уточнить формулировку и/или добавить ссылку на реализацию в коде.
docs/04-reference/api/domain/entities.md,9,show_source: true,src/tools/file_merger.py:150,"True if directory should be excluded, False otherwise.",нет,Уточнить формулировку и/или добавить ссылку на реализацию в коде.
docs/04-reference/api/domain/entities.md,10,\- content_hash,src/tools/verify_schema_parity.py:60,"""content_hash"",",нет,Уточнить формулировку и/или добавить ссылку на реализацию в коде.
docs/04-reference/api/domain/entities.md,11,\- ingestion_ts,src/tools/create_pipeline.py:141,"""ingestion_ts"": context.started_at.isoformat(),",нет,Уточнить формулировку и/или добавить ссылку на реализацию в коде.
docs/04-reference/api/domain/entities.md,12,\- source_batch_id,src/tools/verify_schema_parity.py:64,"""source_batch_id"",",нет,Уточнить формулировку и/или добавить ссылку на реализацию в коде.
docs/04-reference/api/domain/entities.md,15,show_root_heading: true,src/tools/file_merger.py:150,"True if directory should be excluded, False otherwise.",нет,Уточнить формулировку и/или добавить ссылку на реализацию в коде.
docs/04-reference/api/domain/entities.md,16,show_source: false,src/tools/file_merger.py:67,"required=False,",нет,Уточнить формулировку и/или добавить ссылку на реализацию в коде.
docs/04-reference/api/domain/entities.md,19,show_root_heading: true,src/tools/file_merger.py:150,"True if directory should be excluded, False otherwise.",нет,Уточнить формулировку и/или добавить ссылку на реализацию в коде.
docs/04-reference/api/domain/entities.md,20,show_source: false,src/tools/file_merger.py:67,"required=False,",нет,Уточнить формулировку и/или добавить ссылку на реализацию в коде.
docs/04-reference/api/domain/entities.md,23,show_root_heading: true,src/tools/file_merger.py:150,"True if directory should be excluded, False otherwise.",нет,Уточнить формулировку и/или добавить ссылку на реализацию в коде.
docs/04-reference/api/domain/entities.md,24,show_source: false,src/tools/file_merger.py:67,"required=False,",нет,Уточнить формулировку и/или добавить ссылку на реализацию в коде.
docs/04-reference/api/domain/entities.md,27,show_root_heading: true,src/tools/file_merger.py:150,"True if directory should be excluded, False otherwise.",нет,Уточнить формулировку и/или добавить ссылку на реализацию в коде.
docs/04-reference/api/domain/entities.md,28,show_source: false,src/tools/file_merger.py:67,"required=False,",нет,Уточнить формулировку и/или добавить ссылку на реализацию в коде.
docs/04-reference/api/domain/entities.md,31,show_root_heading: true,src/tools/file_merger.py:150,"True if directory should be excluded, False otherwise.",нет,Уточнить формулировку и/или добавить ссылку на реализацию в коде.
docs/04-reference/api/domain/entities.md,32,show_source: false,src/tools/file_merger.py:67,"required=False,",нет,Уточнить формулировку и/или добавить ссылку на реализацию в коде.
docs/04-reference/api/domain/entities.md,35,show_root_heading: true,src/tools/file_merger.py:150,"True if directory should be excluded, False otherwise.",нет,Уточнить формулировку и/или добавить ссылку на реализацию в коде.
docs/04-reference/api/domain/entities.md,36,show_source: false,src/tools/file_merger.py:67,"required=False,",нет,Уточнить формулировку и/или добавить ссылку на реализацию в коде.
docs/04-reference/api/domain/entities.md,39,show_root_heading: true,src/tools/file_merger.py:150,"True if directory should be excluded, False otherwise.",нет,Уточнить формулировку и/или добавить ссылку на реализацию в коде.
docs/04-reference/api/domain/entities.md,40,show_source: false,src/tools/file_merger.py:67,"required=False,",нет,Уточнить формулировку и/или добавить ссылку на реализацию в коде.
docs/04-reference/api/domain/entities.md,43,show_root_heading: true,src/tools/file_merger.py:150,"True if directory should be excluded, False otherwise.",нет,Уточнить формулировку и/или добавить ссылку на реализацию в коде.
docs/04-reference/api/domain/entities.md,44,show_source: false,src/tools/file_merger.py:67,"required=False,",нет,Уточнить формулировку и/или добавить ссылку на реализацию в коде.
docs/04-reference/api/domain/entities.md,47,show_root_heading: true,src/tools/file_merger.py:150,"True if directory should be excluded, False otherwise.",нет,Уточнить формулировку и/или добавить ссылку на реализацию в коде.
docs/04-reference/api/domain/entities.md,48,show_source: false,src/tools/file_merger.py:67,"required=False,",нет,Уточнить формулировку и/или добавить ссылку на реализацию в коде.
docs/04-reference/api/domain/entities.md,51,show_root_heading: true,src/tools/file_merger.py:150,"True if directory should be excluded, False otherwise.",нет,Уточнить формулировку и/или добавить ссылку на реализацию в коде.
docs/04-reference/api/domain/entities.md,52,show_source: false,src/tools/file_merger.py:67,"required=False,",нет,Уточнить формулировку и/или добавить ссылку на реализацию в коде.
docs/04-reference/api/domain/exceptions.md,6,show_root_heading: true,src/tools/file_merger.py:150,"True if directory should be excluded, False otherwise.",нет,Уточнить формулировку и/или добавить ссылку на реализацию в коде.
docs/04-reference/api/domain/exceptions.md,7,show_source: true,src/tools/file_merger.py:150,"True if directory should be excluded, False otherwise.",нет,Уточнить формулировку и/или добавить ссылку на реализацию в коде.
docs/04-reference/api/domain/exceptions.md,10,show_root_heading: true,src/tools/file_merger.py:150,"True if directory should be excluded, False otherwise.",нет,Уточнить формулировку и/или добавить ссылку на реализацию в коде.
docs/04-reference/api/domain/exceptions.md,11,show_source: false,src/tools/file_merger.py:67,"required=False,",нет,Уточнить формулировку и/или добавить ссылку на реализацию в коде.
docs/04-reference/api/domain/exceptions.md,14,show_root_heading: true,src/tools/file_merger.py:150,"True if directory should be excluded, False otherwise.",нет,Уточнить формулировку и/или добавить ссылку на реализацию в коде.
docs/04-reference/api/domain/exceptions.md,15,show_source: false,src/tools/file_merger.py:67,"required=False,",нет,Уточнить формулировку и/или добавить ссылку на реализацию в коде.
docs/04-reference/api/domain/exceptions.md,18,show_root_heading: true,src/tools/file_merger.py:150,"True if directory should be excluded, False otherwise.",нет,Уточнить формулировку и/или добавить ссылку на реализацию в коде.
docs/04-reference/api/domain/exceptions.md,19,show_source: false,src/tools/file_merger.py:67,"required=False,",нет,Уточнить формулировку и/или добавить ссылку на реализацию в коде.
docs/04-reference/api/domain/exceptions.md,22,show_root_heading: true,src/tools/file_merger.py:150,"True if directory should be excluded, False otherwise.",нет,Уточнить формулировку и/или добавить ссылку на реализацию в коде.
docs/04-reference/api/domain/exceptions.md,23,show_source: false,src/tools/file_merger.py:67,"required=False,",нет,Уточнить формулировку и/или добавить ссылку на реализацию в коде.
docs/04-reference/api/domain/exceptions.md,26,show_root_heading: true,src/tools/file_merger.py:150,"True if directory should be excluded, False otherwise.",нет,Уточнить формулировку и/или добавить ссылку на реализацию в коде.
docs/04-reference/api/domain/exceptions.md,27,show_source: false,src/tools/file_merger.py:67,"required=False,",нет,Уточнить формулировку и/или добавить ссылку на реализацию в коде.
docs/04-reference/api/domain/exceptions.md,30,show_root_heading: true,src/tools/file_merger.py:150,"True if directory should be excluded, False otherwise.",нет,Уточнить формулировку и/или добавить ссылку на реализацию в коде.
docs/04-reference/api/domain/exceptions.md,31,show_source: false,src/tools/file_merger.py:67,"required=False,",нет,Уточнить формулировку и/или добавить ссылку на реализацию в коде.
docs/04-reference/api/domain/exceptions.md,32,Authentication or authorization failure.,src/bioetl/infrastructure/adapters/common/api_request_collector.py:251,"""authorization"",",нет,Уточнить формулировку и/или добавить ссылку на реализацию в коде.
docs/04-reference/api/domain/exceptions.md,34,show_root_heading: true,src/tools/file_merger.py:150,"True if directory should be excluded, False otherwise.",нет,Уточнить формулировку и/или добавить ссылку на реализацию в коде.
docs/04-reference/api/domain/exceptions.md,35,show_source: false,src/tools/file_merger.py:67,"required=False,",нет,Уточнить формулировку и/или добавить ссылку на реализацию в коде.
docs/04-reference/api/domain/exceptions.md,38,show_root_heading: true,src/tools/file_merger.py:150,"True if directory should be excluded, False otherwise.",нет,Уточнить формулировку и/или добавить ссылку на реализацию в коде.
docs/04-reference/api/domain/exceptions.md,39,show_source: false,src/tools/file_merger.py:67,"required=False,",нет,Уточнить формулировку и/или добавить ссылку на реализацию в коде.
docs/04-reference/api/domain/exceptions.md,42,show_root_heading: true,src/tools/file_merger.py:150,"True if directory should be excluded, False otherwise.",нет,Уточнить формулировку и/или добавить ссылку на реализацию в коде.
docs/04-reference/api/domain/exceptions.md,43,show_source: false,src/tools/file_merger.py:67,"required=False,",нет,Уточнить формулировку и/или добавить ссылку на реализацию в коде.
docs/04-reference/api/domain/exceptions.md,46,show_root_heading: true,src/tools/file_merger.py:150,"True if directory should be excluded, False otherwise.",нет,Уточнить формулировку и/или добавить ссылку на реализацию в коде.
docs/04-reference/api/domain/exceptions.md,47,show_source: false,src/tools/file_merger.py:67,"required=False,",нет,Уточнить формулировку и/или добавить ссылку на реализацию в коде.
docs/04-reference/api/domain/exceptions.md,50,show_root_heading: true,src/tools/file_merger.py:150,"True if directory should be excluded, False otherwise.",нет,Уточнить формулировку и/или добавить ссылку на реализацию в коде.
docs/04-reference/api/domain/exceptions.md,51,show_source: false,src/tools/file_merger.py:67,"required=False,",нет,Уточнить формулировку и/или добавить ссылку на реализацию в коде.
docs/04-reference/api/domain/exceptions.md,54,show_root_heading: true,src/tools/file_merger.py:150,"True if directory should be excluded, False otherwise.",нет,Уточнить формулировку и/или добавить ссылку на реализацию в коде.
docs/04-reference/api/domain/exceptions.md,55,show_source: false,src/tools/file_merger.py:67,"required=False,",нет,Уточнить формулировку и/или добавить ссылку на реализацию в коде.
docs/04-reference/api/domain/exceptions.md,58,show_root_heading: true,src/tools/file_merger.py:150,"True if directory should be excluded, False otherwise.",нет,Уточнить формулировку и/или добавить ссылку на реализацию в коде.
docs/04-reference/api/domain/exceptions.md,59,show_source: false,src/tools/file_merger.py:67,"required=False,",нет,Уточнить формулировку и/или добавить ссылку на реализацию в коде.
docs/04-reference/api/domain/exceptions.md,62,show_root_heading: true,src/tools/file_merger.py:150,"True if directory should be excluded, False otherwise.",нет,Уточнить формулировку и/или добавить ссылку на реализацию в коде.
docs/04-reference/api/domain/exceptions.md,63,show_source: false,src/tools/file_merger.py:67,"required=False,",нет,Уточнить формулировку и/или добавить ссылку на реализацию в коде.
docs/04-reference/api/domain/exceptions.md,66,show_root_heading: true,src/tools/file_merger.py:150,"True if directory should be excluded, False otherwise.",нет,Уточнить формулировку и/или добавить ссылку на реализацию в коде.
docs/04-reference/api/domain/exceptions.md,67,show_source: false,src/tools/file_merger.py:67,"required=False,",нет,Уточнить формулировку и/или добавить ссылку на реализацию в коде.
docs/04-reference/api/domain/exceptions.md,70,show_root_heading: true,src/tools/file_merger.py:150,"True if directory should be excluded, False otherwise.",нет,Уточнить формулировку и/или добавить ссылку на реализацию в коде.
docs/04-reference/api/domain/exceptions.md,71,show_source: false,src/tools/file_merger.py:67,"required=False,",нет,Уточнить формулировку и/или добавить ссылку на реализацию в коде.
docs/04-reference/api/domain/exceptions.md,74,show_root_heading: true,src/tools/file_merger.py:150,"True if directory should be excluded, False otherwise.",нет,Уточнить формулировку и/или добавить ссылку на реализацию в коде.
docs/04-reference/api/domain/exceptions.md,75,show_source: false,src/tools/file_merger.py:67,"required=False,",нет,Уточнить формулировку и/или добавить ссылку на реализацию в коде.
docs/04-reference/api/domain/exceptions.md,78,show_root_heading: true,src/tools/file_merger.py:150,"True if directory should be excluded, False otherwise.",нет,Уточнить формулировку и/или добавить ссылку на реализацию в коде.
docs/04-reference/api/domain/exceptions.md,79,show_source: false,src/tools/file_merger.py:67,"required=False,",нет,Уточнить формулировку и/или добавить ссылку на реализацию в коде.
docs/04-reference/api/domain/exceptions.md,82,show_root_heading: true,src/tools/file_merger.py:150,"True if directory should be excluded, False otherwise.",нет,Уточнить формулировку и/или добавить ссылку на реализацию в коде.
docs/04-reference/api/domain/exceptions.md,83,show_source: false,src/tools/file_merger.py:67,"required=False,",нет,Уточнить формулировку и/или добавить ссылку на реализацию в коде.
docs/04-reference/api/domain/exceptions.md,86,show_root_heading: true,src/tools/file_merger.py:150,"True if directory should be excluded, False otherwise.",нет,Уточнить формулировку и/или добавить ссылку на реализацию в коде.
docs/04-reference/api/domain/exceptions.md,87,show_source: false,src/tools/file_merger.py:67,"required=False,",нет,Уточнить формулировку и/или добавить ссылку на реализацию в коде.
docs/04-reference/api/domain/exceptions.md,90,show_root_heading: true,src/tools/file_merger.py:150,"True if directory should be excluded, False otherwise.",нет,Уточнить формулировку и/или добавить ссылку на реализацию в коде.
docs/04-reference/api/domain/exceptions.md,91,show_source: false,src/tools/file_merger.py:67,"required=False,",нет,Уточнить формулировку и/или добавить ссылку на реализацию в коде.
docs/04-reference/api/domain/exceptions.md,94,show_root_heading: true,src/tools/file_merger.py:150,"True if directory should be excluded, False otherwise.",нет,Уточнить формулировку и/или добавить ссылку на реализацию в коде.
docs/04-reference/api/domain/exceptions.md,95,show_source: false,src/tools/file_merger.py:67,"required=False,",нет,Уточнить формулировку и/или добавить ссылку на реализацию в коде.
docs/04-reference/api/domain/exceptions.md,98,show_root_heading: true,src/tools/file_merger.py:150,"True if directory should be excluded, False otherwise.",нет,Уточнить формулировку и/или добавить ссылку на реализацию в коде.
docs/04-reference/api/domain/exceptions.md,99,show_source: false,src/tools/file_merger.py:67,"required=False,",нет,Уточнить формулировку и/или добавить ссылку на реализацию в коде.
docs/04-reference/api/domain/exceptions.md,102,show_root_heading: true,src/tools/file_merger.py:150,"True if directory should be excluded, False otherwise.",нет,Уточнить формулировку и/или добавить ссылку на реализацию в коде.
docs/04-reference/api/domain/exceptions.md,103,show_source: false,src/tools/file_merger.py:67,"required=False,",нет,Уточнить формулировку и/или добавить ссылку на реализацию в коде.
docs/04-reference/api/domain/exceptions.md,106,show_root_heading: true,src/tools/file_merger.py:150,"True if directory should be excluded, False otherwise.",нет,Уточнить формулировку и/или добавить ссылку на реализацию в коде.
docs/04-reference/api/domain/exceptions.md,107,show_source: false,src/tools/file_merger.py:67,"required=False,",нет,Уточнить формулировку и/или добавить ссылку на реализацию в коде.
docs/04-reference/api/domain/exceptions.md,110,show_root_heading: true,src/tools/file_merger.py:150,"True if directory should be excluded, False otherwise.",нет,Уточнить формулировку и/или добавить ссылку на реализацию в коде.
docs/04-reference/api/domain/exceptions.md,111,show_source: false,src/tools/file_merger.py:67,"required=False,",нет,Уточнить формулировку и/или добавить ссылку на реализацию в коде.
docs/04-reference/api/domain/exceptions.md,114,show_root_heading: true,src/tools/file_merger.py:150,"True if directory should be excluded, False otherwise.",нет,Уточнить формулировку и/или добавить ссылку на реализацию в коде.
docs/04-reference/api/domain/exceptions.md,115,show_source: false,src/tools/file_merger.py:67,"required=False,",нет,Уточнить формулировку и/или добавить ссылку на реализацию в коде.
docs/04-reference/api/domain/ports.md,5,show_root_heading: true,src/tools/file_merger.py:150,"True if directory should be excluded, False otherwise.",нет,Уточнить формулировку и/или добавить ссылку на реализацию в коде.
docs/04-reference/api/domain/ports.md,6,show_source: false,src/tools/file_merger.py:67,"required=False,",нет,Уточнить формулировку и/или добавить ссылку на реализацию в коде.
docs/04-reference/api/domain/ports.md,9,show_root_heading: true,src/tools/file_merger.py:150,"True if directory should be excluded, False otherwise.",нет,Уточнить формулировку и/или добавить ссылку на реализацию в коде.
docs/04-reference/api/domain/ports.md,10,show_source: false,src/tools/file_merger.py:67,"required=False,",нет,Уточнить формулировку и/или добавить ссылку на реализацию в коде.
docs/04-reference/api/domain/ports.md,13,show_root_heading: true,src/tools/file_merger.py:150,"True if directory should be excluded, False otherwise.",нет,Уточнить формулировку и/или добавить ссылку на реализацию в коде.
docs/04-reference/api/domain/ports.md,14,show_source: false,src/tools/file_merger.py:67,"required=False,",нет,Уточнить формулировку и/или добавить ссылку на реализацию в коде.
docs/04-reference/api/domain/ports.md,17,show_root_heading: true,src/tools/file_merger.py:150,"True if directory should be excluded, False otherwise.",нет,Уточнить формулировку и/или добавить ссылку на реализацию в коде.
docs/04-reference/api/domain/ports.md,18,show_source: false,src/tools/file_merger.py:67,"required=False,",нет,Уточнить формулировку и/или добавить ссылку на реализацию в коде.
docs/04-reference/api/domain/ports.md,21,show_root_heading: true,src/tools/file_merger.py:150,"True if directory should be excluded, False otherwise.",нет,Уточнить формулировку и/или добавить ссылку на реализацию в коде.
docs/04-reference/api/domain/ports.md,22,show_source: false,src/tools/file_merger.py:67,"required=False,",нет,Уточнить формулировку и/или добавить ссылку на реализацию в коде.
docs/04-reference/api/domain/ports.md,25,show_root_heading: true,src/tools/file_merger.py:150,"True if directory should be excluded, False otherwise.",нет,Уточнить формулировку и/или добавить ссылку на реализацию в коде.
docs/04-reference/api/domain/ports.md,26,show_source: false,src/tools/file_merger.py:67,"required=False,",нет,Уточнить формулировку и/или добавить ссылку на реализацию в коде.
docs/04-reference/api/domain/ports.md,29,show_root_heading: true,src/tools/file_merger.py:150,"True if directory should be excluded, False otherwise.",нет,Уточнить формулировку и/или добавить ссылку на реализацию в коде.
docs/04-reference/api/domain/ports.md,30,show_source: false,src/tools/file_merger.py:67,"required=False,",нет,Уточнить формулировку и/или добавить ссылку на реализацию в коде.
docs/04-reference/api/domain/ports.md,33,show_root_heading: true,src/tools/file_merger.py:150,"True if directory should be excluded, False otherwise.",нет,Уточнить формулировку и/или добавить ссылку на реализацию в коде.
docs/04-reference/api/domain/ports.md,34,show_source: false,src/tools/file_merger.py:67,"required=False,",нет,Уточнить формулировку и/или добавить ссылку на реализацию в коде.
docs/04-reference/api/domain/ports.md,37,show_root_heading: true,src/tools/file_merger.py:150,"True if directory should be excluded, False otherwise.",нет,Уточнить формулировку и/или добавить ссылку на реализацию в коде.
docs/04-reference/api/domain/ports.md,38,show_source: false,src/tools/file_merger.py:67,"required=False,",нет,Уточнить формулировку и/или добавить ссылку на реализацию в коде.
docs/04-reference/api/domain/ports.md,41,show_root_heading: true,src/tools/file_merger.py:150,"True if directory should be excluded, False otherwise.",нет,Уточнить формулировку и/или добавить ссылку на реализацию в коде.
docs/04-reference/api/domain/ports.md,42,show_source: false,src/tools/file_merger.py:67,"required=False,",нет,Уточнить формулировку и/или добавить ссылку на реализацию в коде.
docs/04-reference/api/domain/ports.md,45,show_root_heading: true,src/tools/file_merger.py:150,"True if directory should be excluded, False otherwise.",нет,Уточнить формулировку и/или добавить ссылку на реализацию в коде.
docs/04-reference/api/domain/ports.md,46,show_source: false,src/tools/file_merger.py:67,"required=False,",нет,Уточнить формулировку и/или добавить ссылку на реализацию в коде.
docs/04-reference/api/domain/ports.md,49,show_root_heading: true,src/tools/file_merger.py:150,"True if directory should be excluded, False otherwise.",нет,Уточнить формулировку и/или добавить ссылку на реализацию в коде.
docs/04-reference/api/domain/ports.md,50,show_source: false,src/tools/file_merger.py:67,"required=False,",нет,Уточнить формулировку и/или добавить ссылку на реализацию в коде.
docs/04-reference/api/domain/ports.md,53,show_root_heading: true,src/tools/file_merger.py:150,"True if directory should be excluded, False otherwise.",нет,Уточнить формулировку и/или добавить ссылку на реализацию в коде.
docs/04-reference/api/domain/ports.md,54,show_source: false,src/tools/file_merger.py:67,"required=False,",нет,Уточнить формулировку и/или добавить ссылку на реализацию в коде.
docs/04-reference/api/domain/ports.md,57,show_root_heading: true,src/tools/file_merger.py:150,"True if directory should be excluded, False otherwise.",нет,Уточнить формулировку и/или добавить ссылку на реализацию в коде.
docs/04-reference/api/domain/ports.md,58,show_source: false,src/tools/file_merger.py:67,"required=False,",нет,Уточнить формулировку и/или добавить ссылку на реализацию в коде.
docs/04-reference/api/domain/ports.md,61,show_root_heading: true,src/tools/file_merger.py:150,"True if directory should be excluded, False otherwise.",нет,Уточнить формулировку и/или добавить ссылку на реализацию в коде.
docs/04-reference/api/domain/ports.md,62,show_source: false,src/tools/file_merger.py:67,"required=False,",нет,Уточнить формулировку и/или добавить ссылку на реализацию в коде.
docs/04-reference/api/domain/ports.md,65,show_root_heading: true,src/tools/file_merger.py:150,"True if directory should be excluded, False otherwise.",нет,Уточнить формулировку и/или добавить ссылку на реализацию в коде.
docs/04-reference/api/domain/ports.md,66,show_source: false,src/tools/file_merger.py:67,"required=False,",нет,Уточнить формулировку и/или добавить ссылку на реализацию в коде.
docs/04-reference/api/domain/ports.md,69,show_root_heading: true,src/tools/file_merger.py:150,"True if directory should be excluded, False otherwise.",нет,Уточнить формулировку и/или добавить ссылку на реализацию в коде.
docs/04-reference/api/domain/ports.md,70,show_source: false,src/tools/file_merger.py:67,"required=False,",нет,Уточнить формулировку и/или добавить ссылку на реализацию в коде.
docs/04-reference/api/domain/ports.md,73,show_root_heading: true,src/tools/file_merger.py:150,"True if directory should be excluded, False otherwise.",нет,Уточнить формулировку и/или добавить ссылку на реализацию в коде.
docs/04-reference/api/domain/ports.md,74,show_source: false,src/tools/file_merger.py:67,"required=False,",нет,Уточнить формулировку и/или добавить ссылку на реализацию в коде.
docs/04-reference/api/domain/ports.md,77,show_root_heading: true,src/tools/file_merger.py:150,"True if directory should be excluded, False otherwise.",нет,Уточнить формулировку и/или добавить ссылку на реализацию в коде.
docs/04-reference/api/domain/ports.md,78,show_source: false,src/tools/file_merger.py:67,"required=False,",нет,Уточнить формулировку и/или добавить ссылку на реализацию в коде.
docs/04-reference/api/domain/ports.md,81,show_root_heading: true,src/tools/file_merger.py:150,"True if directory should be excluded, False otherwise.",нет,Уточнить формулировку и/или добавить ссылку на реализацию в коде.
docs/04-reference/api/domain/ports.md,82,show_source: false,src/tools/file_merger.py:67,"required=False,",нет,Уточнить формулировку и/или добавить ссылку на реализацию в коде.
docs/04-reference/api/domain/ports.md,85,show_root_heading: true,src/tools/file_merger.py:150,"True if directory should be excluded, False otherwise.",нет,Уточнить формулировку и/или добавить ссылку на реализацию в коде.
docs/04-reference/api/domain/ports.md,86,show_source: false,src/tools/file_merger.py:67,"required=False,",нет,Уточнить формулировку и/или добавить ссылку на реализацию в коде.
docs/04-reference/api/domain/ports.md,89,show_root_heading: true,src/tools/file_merger.py:150,"True if directory should be excluded, False otherwise.",нет,Уточнить формулировку и/или добавить ссылку на реализацию в коде.
docs/04-reference/api/domain/ports.md,90,show_source: false,src/tools/file_merger.py:67,"required=False,",нет,Уточнить формулировку и/или добавить ссылку на реализацию в коде.
docs/04-reference/api/domain/ports.md,93,show_root_heading: true,src/tools/file_merger.py:150,"True if directory should be excluded, False otherwise.",нет,Уточнить формулировку и/или добавить ссылку на реализацию в коде.
docs/04-reference/api/domain/ports.md,94,show_source: false,src/tools/file_merger.py:67,"required=False,",нет,Уточнить формулировку и/или добавить ссылку на реализацию в коде.
docs/04-reference/api/domain/ports.md,97,show_root_heading: true,src/tools/file_merger.py:150,"True if directory should be excluded, False otherwise.",нет,Уточнить формулировку и/или добавить ссылку на реализацию в коде.
docs/04-reference/api/domain/ports.md,98,show_source: false,src/tools/file_merger.py:67,"required=False,",нет,Уточнить формулировку и/или добавить ссылку на реализацию в коде.
docs/04-reference/api/domain/ports.md,101,show_root_heading: true,src/tools/file_merger.py:150,"True if directory should be excluded, False otherwise.",нет,Уточнить формулировку и/или добавить ссылку на реализацию в коде.
docs/04-reference/api/domain/ports.md,102,show_source: false,src/tools/file_merger.py:67,"required=False,",нет,Уточнить формулировку и/или добавить ссылку на реализацию в коде.
docs/04-reference/api/domain/ports.md,105,show_root_heading: true,src/tools/file_merger.py:150,"True if directory should be excluded, False otherwise.",нет,Уточнить формулировку и/или добавить ссылку на реализацию в коде.
docs/04-reference/api/domain/ports.md,106,show_source: false,src/tools/file_merger.py:67,"required=False,",нет,Уточнить формулировку и/или добавить ссылку на реализацию в коде.
docs/04-reference/api/domain/ports.md,109,show_root_heading: true,src/tools/file_merger.py:150,"True if directory should be excluded, False otherwise.",нет,Уточнить формулировку и/или добавить ссылку на реализацию в коде.
docs/04-reference/api/domain/ports.md,110,show_source: false,src/tools/file_merger.py:67,"required=False,",нет,Уточнить формулировку и/или добавить ссылку на реализацию в коде.
docs/04-reference/api/domain/ports.md,113,show_root_heading: true,src/tools/file_merger.py:150,"True if directory should be excluded, False otherwise.",нет,Уточнить формулировку и/или добавить ссылку на реализацию в коде.
docs/04-reference/api/domain/ports.md,114,show_source: false,src/tools/file_merger.py:67,"required=False,",нет,Уточнить формулировку и/или добавить ссылку на реализацию в коде.
docs/04-reference/api/domain/ports.md,117,show_root_heading: true,src/tools/file_merger.py:150,"True if directory should be excluded, False otherwise.",нет,Уточнить формулировку и/или добавить ссылку на реализацию в коде.
docs/04-reference/api/domain/ports.md,118,show_source: false,src/tools/file_merger.py:67,"required=False,",нет,Уточнить формулировку и/или добавить ссылку на реализацию в коде.
docs/04-reference/api/domain/ports.md,121,show_root_heading: true,src/tools/file_merger.py:150,"True if directory should be excluded, False otherwise.",нет,Уточнить формулировку и/или добавить ссылку на реализацию в коде.
docs/04-reference/api/domain/ports.md,122,show_source: false,src/tools/file_merger.py:67,"required=False,",нет,Уточнить формулировку и/или добавить ссылку на реализацию в коде.
docs/04-reference/api/domain/ports.md,125,show_root_heading: true,src/tools/file_merger.py:150,"True if directory should be excluded, False otherwise.",нет,Уточнить формулировку и/или добавить ссылку на реализацию в коде.
docs/04-reference/api/domain/ports.md,126,show_source: false,src/tools/file_merger.py:67,"required=False,",нет,Уточнить формулировку и/или добавить ссылку на реализацию в коде.
docs/04-reference/api/domain/ports.md,129,show_root_heading: true,src/tools/file_merger.py:150,"True if directory should be excluded, False otherwise.",нет,Уточнить формулировку и/или добавить ссылку на реализацию в коде.
docs/04-reference/api/domain/ports.md,130,show_source: false,src/tools/file_merger.py:67,"required=False,",нет,Уточнить формулировку и/или добавить ссылку на реализацию в коде.
docs/04-reference/api/domain/ports.md,133,show_root_heading: true,src/tools/file_merger.py:150,"True if directory should be excluded, False otherwise.",нет,Уточнить формулировку и/или добавить ссылку на реализацию в коде.
docs/04-reference/api/domain/ports.md,134,show_source: false,src/tools/file_merger.py:67,"required=False,",нет,Уточнить формулировку и/или добавить ссылку на реализацию в коде.
docs/04-reference/api/domain/ports.md,137,show_root_heading: true,src/tools/file_merger.py:150,"True if directory should be excluded, False otherwise.",нет,Уточнить формулировку и/или добавить ссылку на реализацию в коде.
docs/04-reference/api/domain/ports.md,138,show_source: false,src/tools/file_merger.py:67,"required=False,",нет,Уточнить формулировку и/или добавить ссылку на реализацию в коде.
docs/04-reference/api/domain/ports.md,139,Interface for general data normalization.,src/bioetl/interfaces/cli/exit_codes.py:5,- 1: General errors (EX_FAIL),нет,Уточнить формулировку и/или добавить ссылку на реализацию в коде.
docs/04-reference/api/domain/ports.md,141,show_root_heading: true,src/tools/file_merger.py:150,"True if directory should be excluded, False otherwise.",нет,Уточнить формулировку и/или добавить ссылку на реализацию в коде.
docs/04-reference/api/domain/ports.md,142,show_source: false,src/tools/file_merger.py:67,"required=False,",нет,Уточнить формулировку и/или добавить ссылку на реализацию в коде.
docs/04-reference/api/domain/ports.md,145,show_root_heading: true,src/tools/file_merger.py:150,"True if directory should be excluded, False otherwise.",нет,Уточнить формулировку и/или добавить ссылку на реализацию в коде.
docs/04-reference/api/domain/ports.md,146,show_source: false,src/tools/file_merger.py:67,"required=False,",нет,Уточнить формулировку и/или добавить ссылку на реализацию в коде.
docs/04-reference/api/domain/ports.md,149,show_root_heading: true,src/tools/file_merger.py:150,"True if directory should be excluded, False otherwise.",нет,Уточнить формулировку и/или добавить ссылку на реализацию в коде.
docs/04-reference/api/domain/ports.md,150,show_source: false,src/tools/file_merger.py:67,"required=False,",нет,Уточнить формулировку и/или добавить ссылку на реализацию в коде.
docs/04-reference/api/domain/ports.md,153,show_root_heading: true,src/tools/file_merger.py:150,"True if directory should be excluded, False otherwise.",нет,Уточнить формулировку и/или добавить ссылку на реализацию в коде.
docs/04-reference/api/domain/ports.md,154,show_source: false,src/tools/file_merger.py:67,"required=False,",нет,Уточнить формулировку и/или добавить ссылку на реализацию в коде.
docs/04-reference/api/domain/ports.md,155,Interface for filtering outliers.,src/bioetl/infrastructure/observability/anomaly/detectors/zscore.py:3,Uses standard deviation to identify outliers.,нет,Уточнить формулировку и/или добавить ссылку на реализацию в коде.
docs/04-reference/api/domain/ports.md,157,show_root_heading: true,src/tools/file_merger.py:150,"True if directory should be excluded, False otherwise.",нет,Уточнить формулировку и/или добавить ссылку на реализацию в коде.
docs/04-reference/api/domain/ports.md,158,show_source: false,src/tools/file_merger.py:67,"required=False,",нет,Уточнить формулировку и/или добавить ссылку на реализацию в коде.
docs/04-reference/api/domain/ports.md,161,show_root_heading: true,src/tools/file_merger.py:150,"True if directory should be excluded, False otherwise.",нет,Уточнить формулировку и/или добавить ссылку на реализацию в коде.
docs/04-reference/api/domain/ports.md,162,show_source: false,src/tools/file_merger.py:67,"required=False,",нет,Уточнить формулировку и/или добавить ссылку на реализацию в коде.
docs/04-reference/api/domain/ports.md,165,show_root_heading: true,src/tools/file_merger.py:150,"True if directory should be excluded, False otherwise.",нет,Уточнить формулировку и/или добавить ссылку на реализацию в коде.
docs/04-reference/api/domain/ports.md,166,show_source: false,src/tools/file_merger.py:67,"required=False,",нет,Уточнить формулировку и/или добавить ссылку на реализацию в коде.
docs/04-reference/api/domain/ports.md,167,Interface for runnable components.,src/bioetl/domain/ports/runner.py:16,"""""""Protocol for runnable objects (e.g., PipelineRunner).",нет,Уточнить формулировку и/или добавить ссылку на реализацию в коде.
docs/04-reference/api/domain/ports.md,169,show_root_heading: true,src/tools/file_merger.py:150,"True if directory should be excluded, False otherwise.",нет,Уточнить формулировку и/или добавить ссылку на реализацию в коде.
docs/04-reference/api/domain/ports.md,170,show_source: false,src/tools/file_merger.py:67,"required=False,",нет,Уточнить формулировку и/или добавить ссылку на реализацию в коде.
docs/04-reference/api/domain/ports.md,173,show_root_heading: true,src/tools/file_merger.py:150,"True if directory should be excluded, False otherwise.",нет,Уточнить формулировку и/или добавить ссылку на реализацию в коде.
docs/04-reference/api/domain/ports.md,174,show_source: false,src/tools/file_merger.py:67,"required=False,",нет,Уточнить формулировку и/или добавить ссылку на реализацию в коде.
docs/04-reference/api/domain/ports.md,177,show_root_heading: true,src/tools/file_merger.py:150,"True if directory should be excluded, False otherwise.",нет,Уточнить формулировку и/или добавить ссылку на реализацию в коде.
docs/04-reference/api/domain/ports.md,178,show_source: false,src/tools/file_merger.py:67,"required=False,",нет,Уточнить формулировку и/или добавить ссылку на реализацию в коде.
docs/04-reference/api/domain/ports.md,181,show_root_heading: true,src/tools/file_merger.py:150,"True if directory should be excluded, False otherwise.",нет,Уточнить формулировку и/или добавить ссылку на реализацию в коде.
docs/04-reference/api/domain/ports.md,182,show_source: false,src/tools/file_merger.py:67,"required=False,",нет,Уточнить формулировку и/или добавить ссылку на реализацию в коде.
docs/04-reference/api/domain/ports.md,185,show_root_heading: true,src/tools/file_merger.py:150,"True if directory should be excluded, False otherwise.",нет,Уточнить формулировку и/или добавить ссылку на реализацию в коде.
docs/04-reference/api/domain/ports.md,186,show_source: false,src/tools/file_merger.py:67,"required=False,",нет,Уточнить формулировку и/или добавить ссылку на реализацию в коде.
docs/04-reference/api/domain/ports.md,189,show_root_heading: true,src/tools/file_merger.py:150,"True if directory should be excluded, False otherwise.",нет,Уточнить формулировку и/или добавить ссылку на реализацию в коде.
docs/04-reference/api/domain/ports.md,190,show_source: false,src/tools/file_merger.py:67,"required=False,",нет,Уточнить формулировку и/или добавить ссылку на реализацию в коде.
docs/04-reference/api/domain/ports.md,193,show_root_heading: true,src/tools/file_merger.py:150,"True if directory should be excluded, False otherwise.",нет,Уточнить формулировку и/или добавить ссылку на реализацию в коде.
docs/04-reference/api/domain/ports.md,194,show_source: false,src/tools/file_merger.py:67,"required=False,",нет,Уточнить формулировку и/или добавить ссылку на реализацию в коде.
docs/04-reference/api/domain/ports.md,195,Supporting types for `MetadataCoordinatorPort`:,src/bioetl/infrastructure/adapters/uniprot/models.py:146,"default_factory=list, description=""Supporting evidence""",нет,Уточнить формулировку и/или добавить ссылку на реализацию в коде.
docs/04-reference/api/domain/ports.md,197,show_root_heading: true,src/tools/file_merger.py:150,"True if directory should be excluded, False otherwise.",нет,Уточнить формулировку и/или добавить ссылку на реализацию в коде.
docs/04-reference/api/domain/ports.md,198,show_source: false,src/tools/file_merger.py:67,"required=False,",нет,Уточнить формулировку и/или добавить ссылку на реализацию в коде.
docs/04-reference/api/domain/ports.md,200,show_root_heading: true,src/tools/file_merger.py:150,"True if directory should be excluded, False otherwise.",нет,Уточнить формулировку и/или добавить ссылку на реализацию в коде.
docs/04-reference/api/domain/ports.md,201,show_source: false,src/tools/file_merger.py:67,"required=False,",нет,Уточнить формулировку и/или добавить ссылку на реализацию в коде.
docs/04-reference/api/domain/ports.md,203,show_root_heading: true,src/tools/file_merger.py:150,"True if directory should be excluded, False otherwise.",нет,Уточнить формулировку и/или добавить ссылку на реализацию в коде.
docs/04-reference/api/domain/ports.md,204,show_source: false,src/tools/file_merger.py:67,"required=False,",нет,Уточнить формулировку и/или добавить ссылку на реализацию в коде.
docs/04-reference/api/domain/ports.md,206,show_root_heading: true,src/tools/file_merger.py:150,"True if directory should be excluded, False otherwise.",нет,Уточнить формулировку и/или добавить ссылку на реализацию в коде.
docs/04-reference/api/domain/ports.md,207,show_source: false,src/tools/file_merger.py:67,"required=False,",нет,Уточнить формулировку и/или добавить ссылку на реализацию в коде.
docs/04-reference/api/domain/ports.md,212,show_root_heading: true,src/tools/file_merger.py:150,"True if directory should be excluded, False otherwise.",нет,Уточнить формулировку и/или добавить ссылку на реализацию в коде.
docs/04-reference/api/domain/ports.md,213,show_source: false,src/tools/file_merger.py:67,"required=False,",нет,Уточнить формулировку и/или добавить ссылку на реализацию в коде.
docs/04-reference/api/domain/ports.md,216,show_root_heading: true,src/tools/file_merger.py:150,"True if directory should be excluded, False otherwise.",нет,Уточнить формулировку и/или добавить ссылку на реализацию в коде.
docs/04-reference/api/domain/ports.md,217,show_source: false,src/tools/file_merger.py:67,"required=False,",нет,Уточнить формулировку и/или добавить ссылку на реализацию в коде.
docs/04-reference/api/domain/ports.md,220,show_root_heading: true,src/tools/file_merger.py:150,"True if directory should be excluded, False otherwise.",нет,Уточнить формулировку и/или добавить ссылку на реализацию в коде.
docs/04-reference/api/domain/ports.md,221,show_source: false,src/tools/file_merger.py:67,"required=False,",нет,Уточнить формулировку и/или добавить ссылку на реализацию в коде.
docs/04-reference/api/domain/ports.md,224,show_root_heading: true,src/tools/file_merger.py:150,"True if directory should be excluded, False otherwise.",нет,Уточнить формулировку и/или добавить ссылку на реализацию в коде.
docs/04-reference/api/domain/ports.md,225,show_source: false,src/tools/file_merger.py:67,"required=False,",нет,Уточнить формулировку и/или добавить ссылку на реализацию в коде.
docs/04-reference/api/domain/ports.md,228,show_root_heading: true,src/tools/file_merger.py:150,"True if directory should be excluded, False otherwise.",нет,Уточнить формулировку и/или добавить ссылку на реализацию в коде.
docs/04-reference/api/domain/ports.md,229,show_source: false,src/tools/file_merger.py:67,"required=False,",нет,Уточнить формулировку и/или добавить ссылку на реализацию в коде.
docs/04-reference/api/domain/ports.md,232,show_root_heading: true,src/tools/file_merger.py:150,"True if directory should be excluded, False otherwise.",нет,Уточнить формулировку и/или добавить ссылку на реализацию в коде.
docs/04-reference/api/domain/ports.md,233,show_source: false,src/tools/file_merger.py:67,"required=False,",нет,Уточнить формулировку и/или добавить ссылку на реализацию в коде.
docs/04-reference/api/domain/types.md,4,show_root_heading: true,src/tools/file_merger.py:150,"True if directory should be excluded, False otherwise.",нет,Уточнить формулировку и/или добавить ссылку на реализацию в коде.
docs/04-reference/api/domain/types.md,5,show_source: false,src/tools/file_merger.py:67,"required=False,",нет,Уточнить формулировку и/или добавить ссылку на реализацию в коде.
docs/04-reference/api/domain/types.md,8,show_root_heading: true,src/tools/file_merger.py:150,"True if directory should be excluded, False otherwise.",нет,Уточнить формулировку и/или добавить ссылку на реализацию в коде.
docs/04-reference/api/domain/types.md,9,show_source: false,src/tools/file_merger.py:67,"required=False,",нет,Уточнить формулировку и/или добавить ссылку на реализацию в коде.
docs/04-reference/api/domain/types.md,12,show_root_heading: true,src/tools/file_merger.py:150,"True if directory should be excluded, False otherwise.",нет,Уточнить формулировку и/или добавить ссылку на реализацию в коде.
docs/04-reference/api/domain/types.md,13,show_source: false,src/tools/file_merger.py:67,"required=False,",нет,Уточнить формулировку и/или добавить ссылку на реализацию в коде.
docs/04-reference/api/domain/types.md,16,show_root_heading: true,src/tools/file_merger.py:150,"True if directory should be excluded, False otherwise.",нет,Уточнить формулировку и/или добавить ссылку на реализацию в коде.
docs/04-reference/api/domain/types.md,17,show_source: false,src/tools/file_merger.py:67,"required=False,",нет,Уточнить формулировку и/или добавить ссылку на реализацию в коде.
docs/04-reference/api/domain/types.md,20,show_root_heading: true,src/tools/file_merger.py:150,"True if directory should be excluded, False otherwise.",нет,Уточнить формулировку и/или добавить ссылку на реализацию в коде.
docs/04-reference/api/domain/types.md,21,show_source: false,src/tools/file_merger.py:67,"required=False,",нет,Уточнить формулировку и/или добавить ссылку на реализацию в коде.
docs/04-reference/api/domain/types.md,24,show_root_heading: true,src/tools/file_merger.py:150,"True if directory should be excluded, False otherwise.",нет,Уточнить формулировку и/или добавить ссылку на реализацию в коде.
docs/04-reference/api/domain/types.md,25,show_source: false,src/tools/file_merger.py:67,"required=False,",нет,Уточнить формулировку и/или добавить ссылку на реализацию в коде.
docs/04-reference/api/domain/types.md,28,show_root_heading: true,src/tools/file_merger.py:150,"True if directory should be excluded, False otherwise.",нет,Уточнить формулировку и/или добавить ссылку на реализацию в коде.
docs/04-reference/api/domain/types.md,29,show_source: false,src/tools/file_merger.py:67,"required=False,",нет,Уточнить формулировку и/или добавить ссылку на реализацию в коде.
docs/04-reference/api/domain/types.md,32,show_root_heading: true,src/tools/file_merger.py:150,"True if directory should be excluded, False otherwise.",нет,Уточнить формулировку и/или добавить ссылку на реализацию в коде.
docs/04-reference/api/domain/types.md,33,show_source: false,src/tools/file_merger.py:67,"required=False,",нет,Уточнить формулировку и/или добавить ссылку на реализацию в коде.
docs/04-reference/api/domain/types.md,36,show_root_heading: true,src/tools/file_merger.py:150,"True if directory should be excluded, False otherwise.",нет,Уточнить формулировку и/или добавить ссылку на реализацию в коде.
docs/04-reference/api/domain/types.md,37,show_source: false,src/tools/file_merger.py:67,"required=False,",нет,Уточнить формулировку и/или добавить ссылку на реализацию в коде.
docs/04-reference/api/domain/types.md,40,show_root_heading: true,src/tools/file_merger.py:150,"True if directory should be excluded, False otherwise.",нет,Уточнить формулировку и/или добавить ссылку на реализацию в коде.
docs/04-reference/api/domain/types.md,41,show_source: false,src/tools/file_merger.py:67,"required=False,",нет,Уточнить формулировку и/или добавить ссылку на реализацию в коде.
docs/04-reference/api/domain/types.md,44,show_root_heading: true,src/tools/file_merger.py:150,"True if directory should be excluded, False otherwise.",нет,Уточнить формулировку и/или добавить ссылку на реализацию в коде.
docs/04-reference/api/domain/types.md,45,show_source: false,src/tools/file_merger.py:67,"required=False,",нет,Уточнить формулировку и/или добавить ссылку на реализацию в коде.
docs/04-reference/api/domain/types.md,48,show_root_heading: true,src/tools/file_merger.py:150,"True if directory should be excluded, False otherwise.",нет,Уточнить формулировку и/или добавить ссылку на реализацию в коде.
docs/04-reference/api/domain/types.md,49,show_source: false,src/tools/file_merger.py:67,"required=False,",нет,Уточнить формулировку и/или добавить ссылку на реализацию в коде.
docs/04-reference/api/domain/types.md,52,show_root_heading: true,src/tools/file_merger.py:150,"True if directory should be excluded, False otherwise.",нет,Уточнить формулировку и/или добавить ссылку на реализацию в коде.
docs/04-reference/api/domain/types.md,53,show_source: false,src/tools/file_merger.py:67,"required=False,",нет,Уточнить формулировку и/или добавить ссылку на реализацию в коде.
docs/04-reference/api/domain/types.md,56,show_root_heading: true,src/tools/file_merger.py:150,"True if directory should be excluded, False otherwise.",нет,Уточнить формулировку и/или добавить ссылку на реализацию в коде.
docs/04-reference/api/domain/types.md,57,show_source: false,src/tools/file_merger.py:67,"required=False,",нет,Уточнить формулировку и/или добавить ссылку на реализацию в коде.
docs/04-reference/api/domain/types.md,60,show_root_heading: true,src/tools/file_merger.py:150,"True if directory should be excluded, False otherwise.",нет,Уточнить формулировку и/или добавить ссылку на реализацию в коде.
docs/04-reference/api/domain/types.md,61,show_source: false,src/tools/file_merger.py:67,"required=False,",нет,Уточнить формулировку и/или добавить ссылку на реализацию в коде.
docs/04-reference/api/domain/types.md,64,show_root_heading: true,src/tools/file_merger.py:150,"True if directory should be excluded, False otherwise.",нет,Уточнить формулировку и/или добавить ссылку на реализацию в коде.
docs/04-reference/api/domain/types.md,65,show_source: false,src/tools/file_merger.py:67,"required=False,",нет,Уточнить формулировку и/или добавить ссылку на реализацию в коде.
docs/04-reference/api/domain/types.md,68,show_root_heading: true,src/tools/file_merger.py:150,"True if directory should be excluded, False otherwise.",нет,Уточнить формулировку и/или добавить ссылку на реализацию в коде.
docs/04-reference/api/domain/types.md,69,show_source: false,src/tools/file_merger.py:67,"required=False,",нет,Уточнить формулировку и/или добавить ссылку на реализацию в коде.
docs/04-reference/api/domain/types.md,72,show_root_heading: true,src/tools/file_merger.py:150,"True if directory should be excluded, False otherwise.",нет,Уточнить формулировку и/или добавить ссылку на реализацию в коде.
docs/04-reference/api/domain/types.md,73,show_source: false,src/tools/file_merger.py:67,"required=False,",нет,Уточнить формулировку и/или добавить ссылку на реализацию в коде.
docs/04-reference/api/domain/types.md,76,show_root_heading: true,src/tools/file_merger.py:150,"True if directory should be excluded, False otherwise.",нет,Уточнить формулировку и/или добавить ссылку на реализацию в коде.
docs/04-reference/api/domain/types.md,77,show_source: false,src/tools/file_merger.py:67,"required=False,",нет,Уточнить формулировку и/или добавить ссылку на реализацию в коде.
docs/04-reference/api/domain.md,40,[Architecture: Domain Layer](../../02-architecture/01-domain-layer.md) - Architecture guide,src/tools/scripts/check_application_deps.py:7,This script is part of the architecture validation CI pipeline.,нет,Уточнить формулировку и/или добавить ссылку на реализацию в коде.
docs/04-reference/api/index.md,10,**[Transformers](application/transformers.md)** - BaseTransformer and implementations,src/bioetl/composition/factories/transformer_factory.py:4,"This module provides factory functions for creating transformers,",нет,Уточнить формулировку и/или добавить ссылку на реализацию в коде.
docs/04-reference/api/infrastructure/adapters-common.md,2,**Version:** 5.14.0,src/tools/scripts/config_matrix_generator.py:180,"""version"",",нет,Уточнить формулировку и/или добавить ссылку на реализацию в коде.
docs/04-reference/api/infrastructure/adapters-common.md,6,**Key Components:**,src/bioetl/interfaces/observability.py:3,Re-exports observability components for external consumers.,нет,Уточнить формулировку и/или добавить ссылку на реализацию в коде.
docs/04-reference/api/infrastructure/adapters-common.md,24,**Transformations:**,src/bioetl/infrastructure/adapters/cached_bronze_data_source.py:5,for testing transformations on previously fetched data.,нет,Уточнить формулировку и/или добавить ссылку на реализацию в коде.
docs/04-reference/api/infrastructure/adapters-common.md,25,Convert to lowercase,src/bioetl/infrastructure/security/pii_hasher.py:4,sha256(lowercase(value) + SALT).,нет,Уточнить формулировку и/или добавить ссылку на реализацию в коде.
docs/04-reference/api/infrastructure/adapters-common.md,26,Remove punctuation (except hyphens),src/bioetl/domain/value_objects/academic_ids.py:190,- 16 digits total (with or without hyphens),нет,Уточнить формулировку и/или добавить ссылку на реализацию в коде.
docs/04-reference/api/infrastructure/adapters-common.md,27,Collapse multiple spaces,src/bioetl/domain/services/dq_serializer.py:284,border-collapse: collapse;,нет,Уточнить формулировку и/или добавить ссылку на реализацию в коде.
docs/04-reference/api/infrastructure/adapters-common.md,39,[Infrastructure Layer Overview](infrastructure.md),src/tools/file_merger.py:317,"layers = [""interfaces"", ""infrastructure"", ""domain"", ""composition"", ""application""]",нет,Уточнить формулировку и/или добавить ссылку на реализацию в коде.
docs/04-reference/api/infrastructure/adapters.md,4,show_root_heading: true,src/tools/file_merger.py:150,"True if directory should be excluded, False otherwise.",нет,Уточнить формулировку и/или добавить ссылку на реализацию в коде.
docs/04-reference/api/infrastructure/adapters.md,5,show_source: false,src/tools/file_merger.py:67,"required=False,",нет,Уточнить формулировку и/или добавить ссылку на реализацию в коде.
docs/04-reference/api/infrastructure/adapters.md,8,show_root_heading: true,src/tools/file_merger.py:150,"True if directory should be excluded, False otherwise.",нет,Уточнить формулировку и/или добавить ссылку на реализацию в коде.
docs/04-reference/api/infrastructure/adapters.md,9,show_source: false,src/tools/file_merger.py:67,"required=False,",нет,Уточнить формулировку и/или добавить ссылку на реализацию в коде.
docs/04-reference/api/infrastructure/adapters.md,10,available_tokens,src/bioetl/infrastructure/adapters/http/rate_limiter.py:119,def available_tokens(self) -> int:,нет,Уточнить формулировку и/или добавить ссылку на реализацию в коде.
docs/04-reference/api/infrastructure/adapters.md,13,show_root_heading: true,src/tools/file_merger.py:150,"True if directory should be excluded, False otherwise.",нет,Уточнить формулировку и/или добавить ссылку на реализацию в коде.
docs/04-reference/api/infrastructure/adapters.md,14,show_source: false,src/tools/file_merger.py:67,"required=False,",нет,Уточнить формулировку и/или добавить ссылку на реализацию в коде.
docs/04-reference/api/infrastructure/adapters.md,17,show_root_heading: true,src/tools/file_merger.py:150,"True if directory should be excluded, False otherwise.",нет,Уточнить формулировку и/или добавить ссылку на реализацию в коде.
docs/04-reference/api/infrastructure/adapters.md,18,show_source: false,src/tools/file_merger.py:67,"required=False,",нет,Уточнить формулировку и/или добавить ссылку на реализацию в коде.
docs/04-reference/api/infrastructure/adapters.md,19,fetch_all_pages,,,нет,Уточнить формулировку и/или добавить ссылку на реализацию в коде.
docs/04-reference/api/infrastructure/adapters.md,22,show_root_heading: true,src/tools/file_merger.py:150,"True if directory should be excluded, False otherwise.",нет,Уточнить формулировку и/или добавить ссылку на реализацию в коде.
docs/04-reference/api/infrastructure/adapters.md,23,show_source: false,src/tools/file_merger.py:67,"required=False,",нет,Уточнить формулировку и/или добавить ссылку на реализацию в коде.
docs/04-reference/api/infrastructure/adapters.md,26,show_root_heading: true,src/tools/file_merger.py:150,"True if directory should be excluded, False otherwise.",нет,Уточнить формулировку и/или добавить ссылку на реализацию в коде.
docs/04-reference/api/infrastructure/adapters.md,27,show_source: false,src/tools/file_merger.py:67,"required=False,",нет,Уточнить формулировку и/или добавить ссылку на реализацию в коде.
docs/04-reference/api/infrastructure/adapters.md,28,_run_in_executor,src/bioetl/infrastructure/adapters/sync_base.py:135,"async def _run_in_executor(self, func: Any, *args: Any) -> Any:",нет,Уточнить формулировку и/или добавить ссылку на реализацию в коде.
docs/04-reference/api/infrastructure/adapters.md,31,show_root_heading: true,src/tools/file_merger.py:150,"True if directory should be excluded, False otherwise.",нет,Уточнить формулировку и/или добавить ссылку на реализацию в коде.
docs/04-reference/api/infrastructure/adapters.md,32,show_source: false,src/tools/file_merger.py:67,"required=False,",нет,Уточнить формулировку и/или добавить ссылку на реализацию в коде.
docs/04-reference/api/infrastructure/adapters.md,35,show_root_heading: true,src/tools/file_merger.py:150,"True if directory should be excluded, False otherwise.",нет,Уточнить формулировку и/или добавить ссылку на реализацию в коде.
docs/04-reference/api/infrastructure/adapters.md,36,show_source: false,src/tools/file_merger.py:67,"required=False,",нет,Уточнить формулировку и/или добавить ссылку на реализацию в коде.
docs/04-reference/api/infrastructure/adapters.md,49,show_root_heading: true,src/tools/file_merger.py:150,"True if directory should be excluded, False otherwise.",нет,Уточнить формулировку и/или добавить ссылку на реализацию в коде.
docs/04-reference/api/infrastructure/adapters.md,50,show_source: false,src/tools/file_merger.py:67,"required=False,",нет,Уточнить формулировку и/или добавить ссылку на реализацию в коде.
docs/04-reference/api/infrastructure/adapters.md,56,show_root_heading: true,src/tools/file_merger.py:150,"True if directory should be excluded, False otherwise.",нет,Уточнить формулировку и/или добавить ссылку на реализацию в коде.
docs/04-reference/api/infrastructure/adapters.md,57,show_source: false,src/tools/file_merger.py:67,"required=False,",нет,Уточнить формулировку и/или добавить ссылку на реализацию в коде.
docs/04-reference/api/infrastructure/adapters.md,58,Paginated fetching via `PaginatedFetcherMixin`,src/bioetl/infrastructure/adapters/http/pagination.py:3,Provides PaginatedFetcherMixin to standardize loop logic for offset/cursor based APIs.,нет,Уточнить формулировку и/или добавить ссылку на реализацию в коде.
docs/04-reference/api/infrastructure/adapters.md,59,ID mapping support,src/bioetl/composition/services/versioning.py:8,These utilities support PipelineMetadata population as per RULES.md §2.3.,нет,Уточнить формулировку и/или добавить ссылку на реализацию в коде.
docs/04-reference/api/infrastructure/adapters.md,63,show_root_heading: true,src/tools/file_merger.py:150,"True if directory should be excluded, False otherwise.",нет,Уточнить формулировку и/или добавить ссылку на реализацию в коде.
docs/04-reference/api/infrastructure/adapters.md,64,show_source: false,src/tools/file_merger.py:67,"required=False,",нет,Уточнить формулировку и/или добавить ссылку на реализацию в коде.
docs/04-reference/api/infrastructure/adapters.md,67,show_root_heading: true,src/tools/file_merger.py:150,"True if directory should be excluded, False otherwise.",нет,Уточнить формулировку и/или добавить ссылку на реализацию в коде.
docs/04-reference/api/infrastructure/adapters.md,68,show_source: false,src/tools/file_merger.py:67,"required=False,",нет,Уточнить формулировку и/или добавить ссылку на реализацию в коде.
docs/04-reference/api/infrastructure/adapters.md,74,show_root_heading: true,src/tools/file_merger.py:150,"True if directory should be excluded, False otherwise.",нет,Уточнить формулировку и/или добавить ссылку на реализацию в коде.
docs/04-reference/api/infrastructure/adapters.md,75,show_source: false,src/tools/file_merger.py:67,"required=False,",нет,Уточнить формулировку и/или добавить ссылку на реализацию в коде.
docs/04-reference/api/infrastructure/adapters.md,81,show_root_heading: true,src/tools/file_merger.py:150,"True if directory should be excluded, False otherwise.",нет,Уточнить формулировку и/или добавить ссылку на реализацию в коде.
docs/04-reference/api/infrastructure/adapters.md,82,show_source: false,src/tools/file_merger.py:67,"required=False,",нет,Уточнить формулировку и/или добавить ссылку на реализацию в коде.
docs/04-reference/api/infrastructure/adapters.md,88,show_root_heading: true,src/tools/file_merger.py:150,"True if directory should be excluded, False otherwise.",нет,Уточнить формулировку и/или добавить ссылку на реализацию в коде.
docs/04-reference/api/infrastructure/adapters.md,89,show_source: false,src/tools/file_merger.py:67,"required=False,",нет,Уточнить формулировку и/или добавить ссылку на реализацию в коде.
docs/04-reference/api/infrastructure/adapters.md,91,Paper and author endpoints,src/bioetl/interfaces/http/__init__.py:3,Provides HTTP endpoints for health checks and monitoring.,нет,Уточнить формулировку и/или добавить ссылку на реализацию в коде.
docs/04-reference/api/infrastructure/adapters.md,92,Citation graph access,src/bioetl/composition/factories/pipeline_factory.py:597,"This function handles the construction of the entire pipeline execution graph,",нет,Уточнить формулировку и/или добавить ссылку на реализацию в коде.
docs/04-reference/api/infrastructure/adapters.md,95,Use `SilverWriter` instead.,src/bioetl/composition/bootstrap/assembly/storage.py:29,from bioetl.infrastructure.storage.silver_writer import SilverWriter,нет,Уточнить формулировку и/или добавить ссылку на реализацию в коде.
docs/04-reference/api/infrastructure/adapters.md,97,show_root_heading: true,src/tools/file_merger.py:150,"True if directory should be excluded, False otherwise.",нет,Уточнить формулировку и/или добавить ссылку на реализацию в коде.
docs/04-reference/api/infrastructure/adapters.md,98,show_source: false,src/tools/file_merger.py:67,"required=False,",нет,Уточнить формулировку и/или добавить ссылку на реализацию в коде.
docs/04-reference/api/infrastructure/adapters.md,101,show_root_heading: true,src/tools/file_merger.py:150,"True if directory should be excluded, False otherwise.",нет,Уточнить формулировку и/или добавить ссылку на реализацию в коде.
docs/04-reference/api/infrastructure/adapters.md,102,show_source: false,src/tools/file_merger.py:67,"required=False,",нет,Уточнить формулировку и/или добавить ссылку на реализацию в коде.
docs/04-reference/api/infrastructure/adapters.md,105,show_root_heading: true,src/tools/file_merger.py:150,"True if directory should be excluded, False otherwise.",нет,Уточнить формулировку и/или добавить ссылку на реализацию в коде.
docs/04-reference/api/infrastructure/adapters.md,106,show_source: false,src/tools/file_merger.py:67,"required=False,",нет,Уточнить формулировку и/или добавить ссылку на реализацию в коде.
docs/04-reference/api/infrastructure/adapters.md,109,show_root_heading: true,src/tools/file_merger.py:150,"True if directory should be excluded, False otherwise.",нет,Уточнить формулировку и/или добавить ссылку на реализацию в коде.
docs/04-reference/api/infrastructure/adapters.md,110,show_source: false,src/tools/file_merger.py:67,"required=False,",нет,Уточнить формулировку и/или добавить ссылку на реализацию в коде.
docs/04-reference/api/infrastructure/observability.md,5,show_root_heading: true,src/tools/file_merger.py:150,"True if directory should be excluded, False otherwise.",нет,Уточнить формулировку и/или добавить ссылку на реализацию в коде.
docs/04-reference/api/infrastructure/observability.md,6,show_source: false,src/tools/file_merger.py:67,"required=False,",нет,Уточнить формулировку и/или добавить ссылку на реализацию в коде.
docs/04-reference/api/infrastructure/observability.md,7,observe_histogram,src/bioetl/infrastructure/adapters/health_check_mixin.py:156,metrics.observe_histogram(,нет,Уточнить формулировку и/или добавить ссылку на реализацию в коде.
docs/04-reference/api/infrastructure/observability.md,8,increment_counter,src/bioetl/composition/bootstrap/cli/noop.py:65,">>> metrics.increment_counter(""test"", 1, {""label"": ""value""})",нет,Уточнить формулировку и/или добавить ссылку на реализацию в коде.
docs/04-reference/api/infrastructure/observability.md,11,show_root_heading: true,src/tools/file_merger.py:150,"True if directory should be excluded, False otherwise.",нет,Уточнить формулировку и/или добавить ссылку на реализацию в коде.
docs/04-reference/api/infrastructure/observability.md,12,show_source: false,src/tools/file_merger.py:67,"required=False,",нет,Уточнить формулировку и/или добавить ссылку на реализацию в коде.
docs/04-reference/api/infrastructure/observability.md,15,show_root_heading: true,src/tools/file_merger.py:150,"True if directory should be excluded, False otherwise.",нет,Уточнить формулировку и/или добавить ссылку на реализацию в коде.
docs/04-reference/api/infrastructure/observability.md,16,show_source: false,src/tools/file_merger.py:67,"required=False,",нет,Уточнить формулировку и/или добавить ссылку на реализацию в коде.
docs/04-reference/api/infrastructure/observability.md,19,show_root_heading: true,src/tools/file_merger.py:150,"True if directory should be excluded, False otherwise.",нет,Уточнить формулировку и/или добавить ссылку на реализацию в коде.
docs/04-reference/api/infrastructure/observability.md,20,show_source: false,src/tools/file_merger.py:67,"required=False,",нет,Уточнить формулировку и/или добавить ссылку на реализацию в коде.
docs/04-reference/api/infrastructure/observability.md,23,show_root_heading: true,src/tools/file_merger.py:150,"True if directory should be excluded, False otherwise.",нет,Уточнить формулировку и/или добавить ссылку на реализацию в коде.
docs/04-reference/api/infrastructure/observability.md,24,show_source: false,src/tools/file_merger.py:67,"required=False,",нет,Уточнить формулировку и/или добавить ссылку на реализацию в коде.
docs/04-reference/api/infrastructure/observability.md,25,No-op implementation for testing.,src/bioetl/composition/bootstrap_logger.py:76,"""""""Reset the cached bootstrap logger (for testing only).",нет,Уточнить формулировку и/или добавить ссылку на реализацию в коде.
docs/04-reference/api/infrastructure/observability.md,27,show_root_heading: true,src/tools/file_merger.py:150,"True if directory should be excluded, False otherwise.",нет,Уточнить формулировку и/или добавить ссылку на реализацию в коде.
docs/04-reference/api/infrastructure/observability.md,28,show_source: false,src/tools/file_merger.py:67,"required=False,",нет,Уточнить формулировку и/или добавить ссылку на реализацию в коде.
docs/04-reference/api/infrastructure/observability.md,32,show_root_heading: true,src/tools/file_merger.py:150,"True if directory should be excluded, False otherwise.",нет,Уточнить формулировку и/или добавить ссылку на реализацию в коде.
docs/04-reference/api/infrastructure/observability.md,33,show_source: false,src/tools/file_merger.py:67,"required=False,",нет,Уточнить формулировку и/или добавить ссылку на реализацию в коде.
docs/04-reference/api/infrastructure/observability.md,36,show_root_heading: true,src/tools/file_merger.py:150,"True if directory should be excluded, False otherwise.",нет,Уточнить формулировку и/или добавить ссылку на реализацию в коде.
docs/04-reference/api/infrastructure/observability.md,37,show_source: false,src/tools/file_merger.py:67,"required=False,",нет,Уточнить формулировку и/или добавить ссылку на реализацию в коде.
docs/04-reference/api/infrastructure/observability.md,40,show_root_heading: true,src/tools/file_merger.py:150,"True if directory should be excluded, False otherwise.",нет,Уточнить формулировку и/или добавить ссылку на реализацию в коде.
docs/04-reference/api/infrastructure/observability.md,41,show_source: false,src/tools/file_merger.py:67,"required=False,",нет,Уточнить формулировку и/или добавить ссылку на реализацию в коде.
docs/04-reference/api/infrastructure/storage.md,4,show_root_heading: true,src/tools/file_merger.py:150,"True if directory should be excluded, False otherwise.",нет,Уточнить формулировку и/или добавить ссылку на реализацию в коде.
docs/04-reference/api/infrastructure/storage.md,5,show_source: false,src/tools/file_merger.py:67,"required=False,",нет,Уточнить формулировку и/или добавить ссылку на реализацию в коде.
docs/04-reference/api/infrastructure/storage.md,11,Configurable compression level,src/bioetl/infrastructure/storage/bronze_writer.py:1,"""""""Bronze layer writer (local storage with JSONL + zstd compression).",нет,Уточнить формулировку и/или добавить ссылку на реализацию в коде.
docs/04-reference/api/infrastructure/storage.md,14,Use `SilverWriter` instead.,src/bioetl/composition/bootstrap/assembly/storage.py:29,from bioetl.infrastructure.storage.silver_writer import SilverWriter,нет,Уточнить формулировку и/или добавить ссылку на реализацию в коде.
docs/04-reference/api/infrastructure/storage.md,17,show_root_heading: true,src/tools/file_merger.py:150,"True if directory should be excluded, False otherwise.",нет,Уточнить формулировку и/или добавить ссылку на реализацию в коде.
docs/04-reference/api/infrastructure/storage.md,18,show_source: false,src/tools/file_merger.py:67,"required=False,",нет,Уточнить формулировку и/или добавить ссылку на реализацию в коде.
docs/04-reference/api/infrastructure/storage.md,22,Partitioning support,src/bioetl/composition/factories/storage_adapter.py:75,date: Date for path partitioning.,нет,Уточнить формулировку и/или добавить ссылку на реализацию в коде.
docs/04-reference/api/infrastructure/storage.md,24,VACUUM scheduling,src/bioetl/interfaces/cli/formatters.py:66,"""""""Output vacuum result for a single table.",нет,Уточнить формулировку и/или добавить ссылку на реализацию в коде.
docs/04-reference/api/infrastructure/storage.md,27,show_root_heading: true,src/tools/file_merger.py:150,"True if directory should be excluded, False otherwise.",нет,Уточнить формулировку и/или добавить ссылку на реализацию в коде.
docs/04-reference/api/infrastructure/storage.md,28,show_source: false,src/tools/file_merger.py:67,"required=False,",нет,Уточнить формулировку и/или добавить ссылку на реализацию в коде.
docs/04-reference/api/infrastructure/storage.md,30,`_valid_from` / `_valid_to` columns,src/bioetl/composition/services/metadata_coordinator.py:476,"""valid_from_col"", ""_valid_from""",нет,Уточнить формулировку и/или добавить ссылку на реализацию в коде.
docs/04-reference/api/infrastructure/storage.md,36,show_root_heading: true,src/tools/file_merger.py:150,"True if directory should be excluded, False otherwise.",нет,Уточнить формулировку и/или добавить ссылку на реализацию в коде.
docs/04-reference/api/infrastructure/storage.md,37,show_source: false,src/tools/file_merger.py:67,"required=False,",нет,Уточнить формулировку и/или добавить ссылку на реализацию в коде.
docs/04-reference/api/infrastructure/storage.md,40,show_root_heading: true,src/tools/file_merger.py:150,"True if directory should be excluded, False otherwise.",нет,Уточнить формулировку и/или добавить ссылку на реализацию в коде.
docs/04-reference/api/infrastructure/storage.md,41,show_source: false,src/tools/file_merger.py:67,"required=False,",нет,Уточнить формулировку и/или добавить ссылку на реализацию в коде.
docs/04-reference/api/infrastructure/storage.md,42,restore_to_version,,,нет,Уточнить формулировку и/или добавить ссылку на реализацию в коде.
docs/04-reference/api/infrastructure/storage.md,45,show_root_heading: true,src/tools/file_merger.py:150,"True if directory should be excluded, False otherwise.",нет,Уточнить формулировку и/или добавить ссылку на реализацию в коде.
docs/04-reference/api/infrastructure/storage.md,46,show_source: false,src/tools/file_merger.py:67,"required=False,",нет,Уточнить формулировку и/или добавить ссылку на реализацию в коде.
docs/04-reference/api/infrastructure/storage.md,49,show_root_heading: true,src/tools/file_merger.py:150,"True if directory should be excluded, False otherwise.",нет,Уточнить формулировку и/или добавить ссылку на реализацию в коде.
docs/04-reference/api/infrastructure/storage.md,50,show_source: false,src/tools/file_merger.py:67,"required=False,",нет,Уточнить формулировку и/или добавить ссылку на реализацию в коде.
docs/04-reference/api/infrastructure/storage.md,53,show_root_heading: true,src/tools/file_merger.py:150,"True if directory should be excluded, False otherwise.",нет,Уточнить формулировку и/или добавить ссылку на реализацию в коде.
docs/04-reference/api/infrastructure/storage.md,54,show_source: false,src/tools/file_merger.py:67,"required=False,",нет,Уточнить формулировку и/или добавить ссылку на реализацию в коде.
docs/04-reference/api/infrastructure/unified-http-client.md,2,**Version:** 5.14.0,src/tools/scripts/config_matrix_generator.py:180,"""version"",",нет,Уточнить формулировку и/или добавить ссылку на реализацию в коде.
docs/04-reference/api/infrastructure/unified-http-client.md,4,______________________________________________________________________,,,нет,Уточнить формулировку и/или добавить ссылку на реализацию в коде.
docs/04-reference/api/infrastructure/unified-http-client.md,6,It encapsulates:,src/bioetl/composition/builders.py:3,Encapsulates logic for constructing configuration objects from multiple sources,нет,Уточнить формулировку и/или добавить ссылку на реализацию в коде.
docs/04-reference/api/infrastructure/unified-http-client.md,13,______________________________________________________________________,,,нет,Уточнить формулировку и/или добавить ссылку на реализацию в коде.
docs/04-reference/api/infrastructure/unified-http-client.md,18,______________________________________________________________________,,,нет,Уточнить формулировку и/или добавить ссылку на реализацию в коде.
docs/04-reference/api/infrastructure/unified-http-client.md,19,______________________________________________________________________,,,нет,Уточнить формулировку и/или добавить ссылку на реализацию в коде.
docs/04-reference/api/infrastructure/unified-http-client.md,22,______________________________________________________________________,,,нет,Уточнить формулировку и/или добавить ссылку на реализацию в коде.
docs/04-reference/api/infrastructure/unified-http-client.md,24,______________________________________________________________________,,,нет,Уточнить формулировку и/или добавить ссылку на реализацию в коде.
docs/04-reference/api/infrastructure/unified-http-client.md,25,**Retryable errors:**,src/bioetl/infrastructure/adapters/decorators/retry.py:107,Retryable conditions:,нет,Уточнить формулировку и/или добавить ссылку на реализацию в коде.
docs/04-reference/api/infrastructure/unified-http-client.md,32,HTTP 422 (Unprocessable Entity),src/bioetl/infrastructure/adapters/error_handling.py:75,"422: ErrorCategory.DATA_QUALITY,",нет,Уточнить формулировку и/или добавить ссылку на реализацию в коде.
docs/04-reference/api/infrastructure/unified-http-client.md,33,JSON decode errors,src/bioetl/interfaces/http/health_server.py:114,"request = request_line.decode(""utf-8"").strip()",нет,Уточнить формулировку и/или добавить ссылку на реализацию в коде.
docs/04-reference/api/infrastructure/unified-http-client.md,34,______________________________________________________________________,,,нет,Уточнить формулировку и/или добавить ссылку на реализацию в коде.
docs/04-reference/api/infrastructure/unified-http-client.md,38,______________________________________________________________________,,,нет,Уточнить формулировку и/или добавить ссылку на реализацию в коде.
docs/04-reference/api/infrastructure/unified-http-client.md,39,______________________________________________________________________,,,нет,Уточнить формулировку и/или добавить ссылку на реализацию в коде.
docs/04-reference/api/infrastructure/unified-http-client.md,40,______________________________________________________________________,,,нет,Уточнить формулировку и/или добавить ссылку на реализацию в коде.
docs/04-reference/api/infrastructure/unified-http-client.md,43,______________________________________________________________________,,,нет,Уточнить формулировку и/или добавить ссылку на реализацию в коде.
docs/04-reference/api/infrastructure/unified-http-client.md,44,**Before (legacy):**,src/bioetl/composition/entrypoints.py:12,"- _resource_management: Legacy managers, maintenance, inspection",нет,Уточнить формулировку и/или добавить ссылку на реализацию в коде.
docs/04-reference/api/infrastructure/unified-http-client.md,45,**After (unified):**,src/tools/scripts/migrations/migrate_pmid_to_string.py:7,BREAKING CHANGE: This migration is required after updating to the new schema,нет,Уточнить формулировку и/или добавить ссылку на реализацию в коде.
docs/04-reference/api/infrastructure/unified-http-client.md,49,✅ Built-in observability,src/bioetl/composition/factories/storage_adapter.py:81,source_metadata: Optional pre-built SourceMetadata with API request,нет,Уточнить формулировку и/или добавить ссылку на реализацию в коде.
docs/04-reference/api/infrastructure/unified-http-client.md,51,______________________________________________________________________,,,нет,Уточнить формулировку и/или добавить ссылку на реализацию в коде.
docs/04-reference/api/infrastructure/unified-http-client.md,55,[Infrastructure Layer Overview](../infrastructure.md),src/tools/file_merger.py:317,"layers = [""interfaces"", ""infrastructure"", ""domain"", ""composition"", ""application""]",нет,Уточнить формулировку и/или добавить ссылку на реализацию в коде.
docs/04-reference/api/infrastructure.md,24,The `OpenTelemetryTracer`,src/bioetl/composition/bootstrap/runtime/observability.py:11,- Tracer: OpenTelemetryTracer or NoOpTracing (never None),нет,Уточнить формулировку и/или добавить ссылку на реализацию в коде.
docs/04-reference/cli.md,2,Построен на фреймворке **Click** для стабильности и расширяемости.,src/bioetl/interfaces/__init__.py:7,cli: Command-line interface (Click-based).,нет,Уточнить формулировку и/или добавить ссылку на реализацию в коде.
docs/04-reference/cli.md,3,**Версия:** 5.14.0,,,нет,Уточнить формулировку и/или добавить ссылку на реализацию в коде.
docs/04-reference/cli.md,4,**Дата обновления:** 2026-02-10,src/bioetl/composition/_services.py:4,Split from entrypoints.py per audit-package-structure-2026-02-07.,нет,Уточнить формулировку и/или добавить ссылку на реализацию в коде.
docs/04-reference/cli.md,5,Для справки по любой команде добавьте `--help`:,src/tools/file_merger.py:69,"help=""Input directory to scan (required unless special mode is used)"",",нет,Уточнить формулировку и/или добавить ссылку на реализацию в коде.
docs/04-reference/cli.md,6,Выполняет ETL-пайплайн для указанной сущности.,src/bioetl/application/pipelines/pubmed/__init__.py:18,"""""""Пайплайн для данных о публикациях из PubMed.",нет,Уточнить формулировку и/или добавить ссылку на реализацию в коде.
docs/04-reference/cli.md,7,**Обязательные параметры:**,src/bioetl/domain/filtering/gold_config.py:29,required_fields: Обязательные поля (должны быть не null/пустые).,нет,Уточнить формулировку и/или добавить ссылку на реализацию в коде.
docs/04-reference/cli.md,8,**Типы запуска:**,,,нет,Уточнить формулировку и/или добавить ссылку на реализацию в коде.
docs/04-reference/cli.md,10,Последовательно выполняет все пайплайны для указанного провайдера.,src/bioetl/application/pipelines/pubmed/extractors/base.py:56,Выполняет полный цикл извлечения и нормализации данных.,нет,Уточнить формулировку и/или добавить ссылку на реализацию в коде.
docs/04-reference/cli.md,13,Просмотр и валидация конфигурации пайплайнов.,src/bioetl/application/core/dict_transformers.py:12,- validate_smiles: Валидация SMILES строки (delegated to domain),нет,Уточнить формулировку и/или добавить ссылку на реализацию в коде.
docs/04-reference/cli.md,15,Показывает все `BIOETL_*` переменные окружения (API-ключи маскируются).,src/bioetl/domain/exceptions/infrastructure.py:7,Категория: InfrastructureErrors - ошибки инфраструктуры и окружения (сбой файловой,нет,Уточнить формулировку и/или добавить ссылку на реализацию в коде.
docs/04-reference/cli.md,16,Dashboard для работы с проблемными записями.,src/bioetl/interfaces/cli/commands/quarantine.py:4,Provides error recovery dashboard functionality (ERR-001).,нет,Уточнить формулировку и/или добавить ссылку на реализацию в коде.
docs/04-reference/cli.md,23,"> **Внимание:** Используйте только если уверены, что пайплайн не выполняется.",src/bioetl/application/pipelines/pubmed/__init__.py:18,"""""""Пайплайн для данных о публикациях из PubMed.",нет,Уточнить формулировку и/или добавить ссылку на реализацию в коде.
docs/04-reference/cli.md,25,`BIOETL_UNIPROT_API_KEY`,,,нет,Уточнить формулировку и/или добавить ссылку на реализацию в коде.
docs/04-reference/cli.md,26,`BIOETL_OPENALEX_API_KEY`,,,нет,Уточнить формулировку и/или добавить ссылку на реализацию в коде.
docs/04-reference/cli.md,27,`BIOETL_SEMANTIC_SCHOLAR_API_KEY`,,,нет,Уточнить формулировку и/или добавить ссылку на реализацию в коде.
docs/04-reference/cli.md,32,[Troubleshooting](../03-guides/troubleshooting.md) — решение проблем,,,нет,Уточнить формулировку и/или добавить ссылку на реализацию в коде.
docs/04-reference/contracts/gold-schemas.md,1,Контракты данных для Gold-слоя BioETL.,src/bioetl/composition/providers/decorators.py:36,"""""""Декоратор для регистрации провайдера данных.",нет,Уточнить формулировку и/или добавить ссылку на реализацию в коде.
docs/04-reference/contracts/gold-schemas.md,2,> **Версия**: 1.1.0,,,нет,Уточнить формулировку и/или добавить ссылку на реализацию в коде.
docs/04-reference/contracts/gold-schemas.md,3,> **Последнее обновление**: 2026-02-04,src/bioetl/composition/_services.py:4,Split from entrypoints.py per audit-package-structure-2026-02-07.,нет,Уточнить формулировку и/или добавить ссылку на реализацию в коде.
docs/04-reference/contracts/gold-schemas.md,5,[Обзор](#обзор),,,нет,Уточнить формулировку и/или добавить ссылку на реализацию в коде.
docs/04-reference/contracts/gold-schemas.md,6,[Архитектура Gold-слоя](#архитектура-gold-слоя),src/tools/create_pipeline.py:146,"""""""Get configuration for Gold layer filtering.""""""",нет,Уточнить формулировку и/или добавить ссылку на реализацию в коде.
docs/04-reference/contracts/gold-schemas.md,8,[Контракты по провайдерам](#контракты-по-провайдерам),,,нет,Уточнить формулировку и/или добавить ссылку на реализацию в коде.
docs/04-reference/contracts/gold-schemas.md,9,[ChEMBL](#chembl),src/tools/create_pipeline.py:201,"""--provider"", required=True, help=""Provider name (snake_case, e.g., 'chembl')""",нет,Уточнить формулировку и/или добавить ссылку на реализацию в коде.
docs/04-reference/contracts/gold-schemas.md,10,[PubChem](#pubchem),src/bioetl/interfaces/cli/commands/health.py:114,"(ChEMBL, PubChem, UniProt, etc.).",нет,Уточнить формулировку и/или добавить ссылку на реализацию в коде.
docs/04-reference/contracts/gold-schemas.md,11,[UniProt](#uniprot),src/bioetl/interfaces/cli/commands/health.py:114,"(ChEMBL, PubChem, UniProt, etc.).",нет,Уточнить формулировку и/или добавить ссылку на реализацию в коде.
docs/04-reference/contracts/gold-schemas.md,12,[PubMed](#pubmed),src/bioetl/interfaces/cli/commands/run_composite.py:212,"with multiple enricher pipelines (CrossRef, OpenAlex, PubMed, etc.) to",нет,Уточнить формулировку и/или добавить ссылку на реализацию в коде.
docs/04-reference/contracts/gold-schemas.md,13,[Системные поля](#системные-поля),src/bioetl/domain/entities/chembl_structures.py:21,Содержит только поля ChEMBL; общие поля публикации наследуются,нет,Уточнить формулировку и/или добавить ссылку на реализацию в коде.
docs/04-reference/contracts/gold-schemas.md,14,[Режимы записи](#режимы-записи),,,нет,Уточнить формулировку и/или добавить ссылку на реализацию в коде.
docs/04-reference/contracts/gold-schemas.md,15,[Примеры запросов](#примеры-запросов),src/tools/scripts/duplicate_function_analyzer.py:52,Примеры:,нет,Уточнить формулировку и/или добавить ссылку на реализацию в коде.
docs/04-reference/contracts/gold-schemas.md,16,[Валидация](#валидация),src/bioetl/application/core/dict_transformers.py:12,- validate_smiles: Валидация SMILES строки (delegated to domain),нет,Уточнить формулировку и/или добавить ссылку на реализацию в коде.
docs/04-reference/contracts/gold-schemas.md,17,Gold-слой содержит **бизнес-готовые данные** с:,src/bioetl/domain/entities/chembl_structures.py:21,Содержит только поля ChEMBL; общие поля публикации наследуются,нет,Уточнить формулировку и/или добавить ссылку на реализацию в коде.
docs/04-reference/contracts/gold-schemas.md,19,"Фильтрацией по бизнес-правилам (качество, релевантность)",,,нет,Уточнить формулировку и/или добавить ссылку на реализацию в коде.
docs/04-reference/contracts/gold-schemas.md,26,Gold-фильтры определяются в YAML-конфигах пайплайнов.,src/bioetl/domain/filtering/gold_config.py:25,column_filters: Фильтры по колонкам (значение должно быть в списке).,нет,Уточнить формулировку и/или добавить ссылку на реализацию в коде.
docs/04-reference/contracts/gold-schemas.md,30,**Назначение**: Химические соединения и их свойства,src/bioetl/domain/exceptions/network.py:10,"(проблемы соединения, таймауты, превышение лимитов, открытие circuit breaker",нет,Уточнить формулировку и/или добавить ссылку на реализацию в коде.
docs/04-reference/contracts/gold-schemas.md,32,**Назначение**: Биологические эксперименты,,,нет,Уточнить формулировку и/или добавить ссылку на реализацию в коде.
docs/04-reference/contracts/gold-schemas.md,34,**Назначение**: Биологические мишени (белки),,,нет,Уточнить формулировку и/или добавить ссылку на реализацию в коде.
docs/04-reference/contracts/gold-schemas.md,36,**Назначение**: Компоненты мишеней (белковые последовательности),src/bioetl/application/pipelines/pubmed/extractors/date.py:198,"""""""Извлечь сырые компоненты даты из XML элемента.",нет,Уточнить формулировку и/или добавить ссылку на реализацию в коде.
docs/04-reference/contracts/gold-schemas.md,40,**Назначение**: Связь молекула-документ,,,нет,Уточнить формулировку и/или добавить ссылку на реализацию в коде.
docs/04-reference/contracts/gold-schemas.md,42,**Назначение**: Клеточные линии,,,нет,Уточнить формулировку и/или добавить ссылку на реализацию в коде.
docs/04-reference/contracts/gold-schemas.md,44,**Назначение**: Химические соединения PubChem,src/bioetl/domain/exceptions/network.py:10,"(проблемы соединения, таймауты, превышение лимитов, открытие circuit breaker",нет,Уточнить формулировку и/или добавить ссылку на реализацию в коде.
docs/04-reference/contracts/gold-schemas.md,46,**Назначение**: Белки UniProt,src/bioetl/interfaces/cli/commands/health.py:114,"(ChEMBL, PubChem, UniProt, etc.).",нет,Уточнить формулировку и/или добавить ссылку на реализацию в коде.
docs/04-reference/contracts/gold-schemas.md,48,**Назначение**: Публикации PubMed,src/bioetl/domain/entities/chembl_structures.py:21,Содержит только поля ChEMBL; общие поля публикации наследуются,нет,Уточнить формулировку и/или добавить ссылку на реализацию в коде.
docs/04-reference/contracts/gold-schemas.md,49,Все Gold-таблицы содержат следующие метаданные:,src/tools/create_pipeline.py:146,"""""""Get configuration for Gold layer filtering.""""""",нет,Уточнить формулировку и/или добавить ссылку на реализацию в коде.
docs/04-reference/contracts/gold-schemas.md,50,Формула вычисления:,,,нет,Уточнить формулировку и/или добавить ссылку на реализацию в коде.
docs/04-reference/contracts/gold-schemas.md,51,**Нормализация перед хэшированием:**,src/bioetl/application/core/dict_transformers.py:10,- normalize_string: Нормализация строковых полей (delegated to domain),нет,Уточнить формулировку и/или добавить ссылку на реализацию в коде.
docs/04-reference/contracts/gold-schemas.md,57,При использовании SCD2 добавляются поля:,src/bioetl/domain/entities/chembl_structures.py:21,Содержит только поля ChEMBL; общие поля публикации наследуются,нет,Уточнить формулировку и/или добавить ссылку на реализацию в коде.
docs/04-reference/contracts/gold-schemas.md,60,Каждая Gold-схема определяет:,src/tools/create_pipeline.py:146,"""""""Get configuration for Gold layer filtering.""""""",нет,Уточнить формулировку и/или добавить ссылку на реализацию в коде.
docs/04-reference/contracts/gold-schemas.md,65,`chembl_activity_v1.0.json`,src/tools/create_pipeline.py:104,Handles transformation from Bronze (JSON) to Silver (Standardized) format.,нет,Уточнить формулировку и/или добавить ссылку на реализацию в коде.
docs/04-reference/contracts/gold-schemas.md,66,`chembl_assay_parameters_v1.0.json`,src/tools/create_pipeline.py:104,Handles transformation from Bronze (JSON) to Silver (Standardized) format.,нет,Уточнить формулировку и/или добавить ссылку на реализацию в коде.
docs/04-reference/contracts/gold-schemas.md,67,`chembl_assay_v1.0.json`,src/tools/create_pipeline.py:104,Handles transformation from Bronze (JSON) to Silver (Standardized) format.,нет,Уточнить формулировку и/или добавить ссылку на реализацию в коде.
docs/04-reference/contracts/gold-schemas.md,68,`chembl_cell_line_v1.0.json`,src/tools/create_pipeline.py:104,Handles transformation from Bronze (JSON) to Silver (Standardized) format.,нет,Уточнить формулировку и/или добавить ссылку на реализацию в коде.
docs/04-reference/contracts/gold-schemas.md,69,`chembl_compound_record_v1.0.json`,src/tools/create_pipeline.py:104,Handles transformation from Bronze (JSON) to Silver (Standardized) format.,нет,Уточнить формулировку и/или добавить ссылку на реализацию в коде.
docs/04-reference/contracts/gold-schemas.md,70,`chembl_document_similarity_v1.0.json`,src/tools/create_pipeline.py:104,Handles transformation from Bronze (JSON) to Silver (Standardized) format.,нет,Уточнить формулировку и/или добавить ссылку на реализацию в коде.
docs/04-reference/contracts/gold-schemas.md,71,`chembl_document_term_v1.0.json`,src/tools/create_pipeline.py:104,Handles transformation from Bronze (JSON) to Silver (Standardized) format.,нет,Уточнить формулировку и/или добавить ссылку на реализацию в коде.
docs/04-reference/contracts/gold-schemas.md,72,`chembl_document_v1.0.json`,src/tools/create_pipeline.py:104,Handles transformation from Bronze (JSON) to Silver (Standardized) format.,нет,Уточнить формулировку и/или добавить ссылку на реализацию в коде.
docs/04-reference/contracts/gold-schemas.md,73,`chembl_molecule_v1.0.json`,src/tools/create_pipeline.py:104,Handles transformation from Bronze (JSON) to Silver (Standardized) format.,нет,Уточнить формулировку и/или добавить ссылку на реализацию в коде.
docs/04-reference/contracts/gold-schemas.md,74,`chembl_protein_class_v1.0.json`,src/tools/create_pipeline.py:104,Handles transformation from Bronze (JSON) to Silver (Standardized) format.,нет,Уточнить формулировку и/или добавить ссылку на реализацию в коде.
docs/04-reference/contracts/gold-schemas.md,75,`chembl_target_component_v1.0.json`,src/tools/create_pipeline.py:104,Handles transformation from Bronze (JSON) to Silver (Standardized) format.,нет,Уточнить формулировку и/или добавить ссылку на реализацию в коде.
docs/04-reference/contracts/gold-schemas.md,76,`chembl_target_v1.0.json`,src/tools/create_pipeline.py:104,Handles transformation from Bronze (JSON) to Silver (Standardized) format.,нет,Уточнить формулировку и/или добавить ссылку на реализацию в коде.
docs/04-reference/contracts/gold-schemas.md,77,`composite_publication_v1.0.json`,src/tools/create_pipeline.py:104,Handles transformation from Bronze (JSON) to Silver (Standardized) format.,нет,Уточнить формулировку и/или добавить ссылку на реализацию в коде.
docs/04-reference/contracts/gold-schemas.md,78,`crossref_publication_v1.0.json`,src/tools/create_pipeline.py:104,Handles transformation from Bronze (JSON) to Silver (Standardized) format.,нет,Уточнить формулировку и/или добавить ссылку на реализацию в коде.
docs/04-reference/contracts/gold-schemas.md,79,`openalex_publication_v1.0.json`,src/tools/create_pipeline.py:104,Handles transformation from Bronze (JSON) to Silver (Standardized) format.,нет,Уточнить формулировку и/или добавить ссылку на реализацию в коде.
docs/04-reference/contracts/gold-schemas.md,80,`pubchem_compound_v1.0.json`,src/tools/create_pipeline.py:104,Handles transformation from Bronze (JSON) to Silver (Standardized) format.,нет,Уточнить формулировку и/или добавить ссылку на реализацию в коде.
docs/04-reference/contracts/gold-schemas.md,81,`pubmed_publication_v1.0.json`,src/tools/create_pipeline.py:104,Handles transformation from Bronze (JSON) to Silver (Standardized) format.,нет,Уточнить формулировку и/или добавить ссылку на реализацию в коде.
docs/04-reference/contracts/gold-schemas.md,82,`semanticscholar_publication_v1.0.json`,src/tools/create_pipeline.py:104,Handles transformation from Bronze (JSON) to Silver (Standardized) format.,нет,Уточнить формулировку и/или добавить ссылку на реализацию в коде.
docs/04-reference/contracts/gold-schemas.md,83,`uniprot_idmapping_v1.0.json`,src/tools/create_pipeline.py:104,Handles transformation from Bronze (JSON) to Silver (Standardized) format.,нет,Уточнить формулировку и/или добавить ссылку на реализацию в коде.
docs/04-reference/contracts/gold-schemas.md,87,[Data Layers](../02-architecture/data-layers.md),src/tools/scripts/check_application_deps.py:7,This script is part of the architecture validation CI pipeline.,нет,Уточнить формулировку и/или добавить ссылку на реализацию в коде.
docs/04-reference/contracts/observability.md,1,Этот документ определяет обязательные метрики BioETL для Prometheus.,src/bioetl/composition/providers/provider_registry.py:6,"После унификации с DataSourceRegistry, этот модуль также отвечает за",нет,Уточнить формулировку и/или добавить ссылку на реализацию в коде.
docs/04-reference/contracts/observability.md,3,**Версия контракта:** 1.0.1,,,нет,Уточнить формулировку и/или добавить ссылку на реализацию в коде.
docs/04-reference/contracts/observability.md,4,**Дата:** 2025-12-27,src/bioetl/interfaces/orchestration/__init__.py:11,- Signal handlers were removed in 2025-12-31 (CLI handles KeyboardInterrupt directly),нет,Уточнить формулировку и/или добавить ссылку на реализацию в коде.
docs/04-reference/contracts/observability.md,5,"**RFC 2119 Keywords:** MUST, SHOULD, MAY",src/bioetl/infrastructure/adapters/pubmed/models.py:200,"keywords: list[str] | None = Field(default_factory=list, description=""Keywords"")",нет,Уточнить формулировку и/или добавить ссылку на реализацию в коде.
docs/04-reference/contracts/observability.md,6,Все метрики MUST следовать соглашениям:,,,нет,Уточнить формулировку и/или добавить ссылку на реализацию в коде.
docs/04-reference/contracts/observability.md,7,Эти метрики MUST экспортироваться для каждого запуска пайплайна.,src/bioetl/composition/providers/provider_registry.py:256,pipeline_config: Конфигурация пайплайна из YAML,нет,Уточнить формулировку и/или добавить ссылку на реализацию в коде.
docs/04-reference/contracts/observability.md,17,Рекомендуемые пороги для алертов:,,,нет,Уточнить формулировку и/или добавить ссылку на реализацию в коде.
docs/04-reference/contracts/observability.md,19,Initial contract definition,src/bioetl/infrastructure/adapters/http/circuit_breaker.py:78,"""""""Emit initial state metric after initialization.""""""",нет,Уточнить формулировку и/или добавить ссылку на реализацию в коде.
docs/04-reference/contracts/observability.md,21,Defined MUST/SHOULD/MAY categories,src/tools/scripts/config_matrix_generator.py:209,"f.write(""\n## 3. Discrepancy Categories\n\n"")",нет,Уточнить формулировку и/или добавить ссылку на реализацию в коде.
docs/04-reference/pipelines/INDEX.md,2,______________________________________________________________________,,,нет,Уточнить формулировку и/или добавить ссылку на реализацию в коде.
docs/04-reference/pipelines/INDEX.md,9,______________________________________________________________________,,,нет,Уточнить формулировку и/или добавить ссылку на реализацию в коде.
docs/04-reference/pipelines/INDEX.md,10,______________________________________________________________________,,,нет,Уточнить формулировку и/или добавить ссылку на реализацию в коде.
docs/04-reference/pipelines/INDEX.md,13,"**Enrichers**: `crossref_publication`, `openalex_publication`, `pubmed_publication`, `semanticscholar_publication`",src/bioetl/composition/factories/pipeline_factories.py:382,"pipeline_name=""semanticscholar_publication"",",нет,Уточнить формулировку и/или добавить ссылку на реализацию в коде.
docs/04-reference/pipelines/INDEX.md,16,______________________________________________________________________,,,нет,Уточнить формулировку и/или добавить ссылку на реализацию в коде.
docs/04-reference/pipelines/INDEX.md,18,______________________________________________________________________,,,нет,Уточнить формулировку и/или добавить ссылку на реализацию в коде.
docs/04-reference/pipelines/INDEX.md,27,______________________________________________________________________,,,нет,Уточнить формулировку и/или добавить ссылку на реализацию в коде.
docs/04-reference/pipelines/README.md,3,______________________________________________________________________,,,нет,Уточнить формулировку и/или добавить ссылку на реализацию в коде.
docs/04-reference/pipelines/README.md,4,______________________________________________________________________,,,нет,Уточнить формулировку и/или добавить ссылку на реализацию в коде.
docs/04-reference/pipelines/README.md,5,______________________________________________________________________,,,нет,Уточнить формулировку и/или добавить ссылку на реализацию в коде.
docs/04-reference/pipelines/README.md,8,"**Business Context** - Purpose, use cases, relationships",src/bioetl/domain/config/validation.py:163,Validates relationships between multiple fields.,нет,Уточнить формулировку и/или добавить ссылку на реализацию в коде.
docs/04-reference/pipelines/README.md,15,**Testing** - Required test coverage,src/bioetl/domain/value_objects/publication_field_groups.py:414,"to have this field. For exact provider coverage, see the",нет,Уточнить формулировку и/или добавить ссылку на реализацию в коде.
docs/04-reference/pipelines/README.md,16,______________________________________________________________________,,,нет,Уточнить формулировку и/или добавить ссылку на реализацию в коде.
docs/04-reference/pipelines/README.md,17,______________________________________________________________________,,,нет,Уточнить формулировку и/или добавить ссылку на реализацию в коде.
docs/04-reference/pipelines/README.md,20,______________________________________________________________________,,,нет,Уточнить формулировку и/или добавить ссылку на реализацию в коде.
docs/04-reference/pipelines/README.md,22,______________________________________________________________________,,,нет,Уточнить формулировку и/или добавить ссылку на реализацию в коде.
docs/04-reference/pipelines/README.md,23,[RULES.md](../RULES.md) - Project governance,src/tools/scripts/migrate_openalex_citation_count.py:24,- RULES.md §2.4 (Schema Standards),нет,Уточнить формулировку и/или добавить ссылку на реализацию в коде.
docs/04-reference/pipelines/README.md,24,[CLAUDE.md](../../CLAUDE.md) - Agent instructions,src/tools/_gen.py:4,"""E:/g-drive/05_AI/github/BioactivityDataAcquisition2/.claude/agents/py-doc-bot.md""",нет,Уточнить формулировку и/или добавить ссылку на реализацию в коде.
docs/04-reference/pipelines/chembl/01-protein-class-spec.md,2,______________________________________________________________________,,,нет,Уточнить формулировку и/или добавить ссылку на реализацию в коде.
docs/04-reference/pipelines/chembl/01-protein-class-spec.md,3,______________________________________________________________________,,,нет,Уточнить формулировку и/или добавить ссылку на реализацию в коде.
docs/04-reference/pipelines/chembl/01-protein-class-spec.md,5,This classification system enables:,src/bioetl/domain/context.py:251,- True: CLI explicitly enables vacuum,нет,Уточнить формулировку и/или добавить ссылку на реализацию в коде.
docs/04-reference/pipelines/chembl/01-protein-class-spec.md,13,______________________________________________________________________,,,нет,Уточнить формулировку и/или добавить ссылку на реализацию в коде.
docs/04-reference/pipelines/chembl/01-protein-class-spec.md,14,______________________________________________________________________,,,нет,Уточнить формулировку и/или добавить ссылку на реализацию в коде.
docs/04-reference/pipelines/chembl/01-protein-class-spec.md,15,______________________________________________________________________,,,нет,Уточнить формулировку и/или добавить ссылку на реализацию в коде.
docs/04-reference/pipelines/chembl/01-protein-class-spec.md,16,______________________________________________________________________,,,нет,Уточнить формулировку и/или добавить ссылку на реализацию в коде.
docs/04-reference/pipelines/chembl/01-protein-class-spec.md,18,______________________________________________________________________,,,нет,Уточнить формулировку и/или добавить ссылку на реализацию в коде.
docs/04-reference/pipelines/chembl/01-protein-class-spec.md,21,______________________________________________________________________,,,нет,Уточнить формулировку и/или добавить ссылку на реализацию в коде.
docs/04-reference/pipelines/chembl/01-protein-class-spec.md,22,______________________________________________________________________,,,нет,Уточнить формулировку и/или добавить ссылку на реализацию в коде.
docs/04-reference/pipelines/chembl/01-protein-class-spec.md,23,______________________________________________________________________,,,нет,Уточнить формулировку и/или добавить ссылку на реализацию в коде.
docs/04-reference/pipelines/chembl/01-protein-class-spec.md,24,______________________________________________________________________,,,нет,Уточнить формулировку и/или добавить ссылку на реализацию в коде.
docs/04-reference/pipelines/chembl/01-protein-class-spec.md,25,[x] `test_protein_class_normalization.py`,,,нет,Уточнить формулировку и/или добавить ссылку на реализацию в коде.
docs/04-reference/pipelines/chembl/01-protein-class-spec.md,26,[x] `test_protein_class_content_hash.py`,,,нет,Уточнить формулировку и/или добавить ссылку на реализацию в коде.
docs/04-reference/pipelines/chembl/01-protein-class-spec.md,27,[x] `test_protein_class_validation.py`,,,нет,Уточнить формулировку и/или добавить ссылку на реализацию в коде.
docs/04-reference/pipelines/chembl/01-protein-class-spec.md,28,[x] `test_protein_class_api_fetch.py`,,,нет,Уточнить формулировку и/или добавить ссылку на реализацию в коде.
docs/04-reference/pipelines/chembl/01-protein-class-spec.md,29,[x] `test_protein_class_pagination.py`,,,нет,Уточнить формулировку и/или добавить ссылку на реализацию в коде.
docs/04-reference/pipelines/chembl/01-protein-class-spec.md,30,[x] `test_protein_class_error_handling.py`,,,нет,Уточнить формулировку и/или добавить ссылку на реализацию в коде.
docs/04-reference/pipelines/chembl/01-protein-class-spec.md,32,[x] Layer import compliance,src/bioetl/composition/factories/http_client_factory.py:11,SRP Compliance:,нет,Уточнить формулировку и/или добавить ссылку на реализацию в коде.
docs/04-reference/pipelines/chembl/01-protein-class-spec.md,33,______________________________________________________________________,,,нет,Уточнить формулировку и/или добавить ссылку на реализацию в коде.
docs/04-reference/pipelines/chembl/02-cell-line-spec.md,2,______________________________________________________________________,,,нет,Уточнить формулировку и/или добавить ссылку на реализацию в коде.
docs/04-reference/pipelines/chembl/02-cell-line-spec.md,3,______________________________________________________________________,,,нет,Уточнить формулировку и/или добавить ссылку на реализацию в коде.
docs/04-reference/pipelines/chembl/02-cell-line-spec.md,11,**Tissue-Specific Studies**: Filter bioactivity data by cell line tissue origin,src/bioetl/infrastructure/adapters/chembl/models.py:243,"assay_tissue: str | None = Field(default=None, description=""Tissue type"")",нет,Уточнить формулировку и/или добавить ссылку на реализацию в коде.
docs/04-reference/pipelines/chembl/02-cell-line-spec.md,14,______________________________________________________________________,,,нет,Уточнить формулировку и/или добавить ссылку на реализацию в коде.
docs/04-reference/pipelines/chembl/02-cell-line-spec.md,15,______________________________________________________________________,,,нет,Уточнить формулировку и/или добавить ссылку на реализацию в коде.
docs/04-reference/pipelines/chembl/02-cell-line-spec.md,16,______________________________________________________________________,,,нет,Уточнить формулировку и/или добавить ссылку на реализацию в коде.
docs/04-reference/pipelines/chembl/02-cell-line-spec.md,17,______________________________________________________________________,,,нет,Уточнить формулировку и/или добавить ссылку на реализацию в коде.
docs/04-reference/pipelines/chembl/02-cell-line-spec.md,19,______________________________________________________________________,,,нет,Уточнить формулировку и/или добавить ссылку на реализацию в коде.
docs/04-reference/pipelines/chembl/02-cell-line-spec.md,22,______________________________________________________________________,,,нет,Уточнить формулировку и/или добавить ссылку на реализацию в коде.
docs/04-reference/pipelines/chembl/02-cell-line-spec.md,23,______________________________________________________________________,,,нет,Уточнить формулировку и/или добавить ссылку на реализацию в коде.
docs/04-reference/pipelines/chembl/02-cell-line-spec.md,24,______________________________________________________________________,,,нет,Уточнить формулировку и/или добавить ссылку на реализацию в коде.
docs/04-reference/pipelines/chembl/02-cell-line-spec.md,25,______________________________________________________________________,,,нет,Уточнить формулировку и/или добавить ссылку на реализацию в коде.
docs/04-reference/pipelines/chembl/02-cell-line-spec.md,26,[x] `test_cell_line_normalization.py`,,,нет,Уточнить формулировку и/или добавить ссылку на реализацию в коде.
docs/04-reference/pipelines/chembl/02-cell-line-spec.md,27,[x] `test_cell_line_content_hash.py`,,,нет,Уточнить формулировку и/или добавить ссылку на реализацию в коде.
docs/04-reference/pipelines/chembl/02-cell-line-spec.md,28,[x] `test_cell_line_validation.py`,,,нет,Уточнить формулировку и/или добавить ссылку на реализацию в коде.
docs/04-reference/pipelines/chembl/02-cell-line-spec.md,29,[x] `test_cell_line_api_fetch.py`,,,нет,Уточнить формулировку и/или добавить ссылку на реализацию в коде.
docs/04-reference/pipelines/chembl/02-cell-line-spec.md,30,[x] `test_cell_line_filter_batch.py`,,,нет,Уточнить формулировку и/или добавить ссылку на реализацию в коде.
docs/04-reference/pipelines/chembl/02-cell-line-spec.md,31,[x] `test_cell_line_error_handling.py`,,,нет,Уточнить формулировку и/или добавить ссылку на реализацию в коде.
docs/04-reference/pipelines/chembl/02-cell-line-spec.md,33,[x] Layer import compliance,src/bioetl/composition/factories/http_client_factory.py:11,SRP Compliance:,нет,Уточнить формулировку и/или добавить ссылку на реализацию в коде.
docs/04-reference/pipelines/chembl/02-cell-line-spec.md,34,______________________________________________________________________,,,нет,Уточнить формулировку и/или добавить ссылку на реализацию в коде.
docs/04-reference/pipelines/chembl/03-molecule-spec.md,2,______________________________________________________________________,,,нет,Уточнить формулировку и/или добавить ссылку на реализацию в коде.
docs/04-reference/pipelines/chembl/03-molecule-spec.md,3,______________________________________________________________________,,,нет,Уточнить формулировку и/или добавить ссылку на реализацию в коде.
docs/04-reference/pipelines/chembl/03-molecule-spec.md,14,______________________________________________________________________,,,нет,Уточнить формулировку и/или добавить ссылку на реализацию в коде.
docs/04-reference/pipelines/chembl/03-molecule-spec.md,16,______________________________________________________________________,,,нет,Уточнить формулировку и/или добавить ссылку на реализацию в коде.
docs/04-reference/pipelines/chembl/03-molecule-spec.md,17,______________________________________________________________________,,,нет,Уточнить формулировку и/или добавить ссылку на реализацию в коде.
docs/04-reference/pipelines/chembl/03-molecule-spec.md,18,______________________________________________________________________,,,нет,Уточнить формулировку и/или добавить ссылку на реализацию в коде.
docs/04-reference/pipelines/chembl/03-molecule-spec.md,20,______________________________________________________________________,,,нет,Уточнить формулировку и/или добавить ссылку на реализацию в коде.
docs/04-reference/pipelines/chembl/03-molecule-spec.md,21,______________________________________________________________________,,,нет,Уточнить формулировку и/или добавить ссылку на реализацию в коде.
docs/04-reference/pipelines/chembl/03-molecule-spec.md,22,______________________________________________________________________,,,нет,Уточнить формулировку и/или добавить ссылку на реализацию в коде.
docs/04-reference/pipelines/chembl/03-molecule-spec.md,24,[x] VCR integration tests,src/bioetl/interfaces/orchestration/__init__.py:7,must NOT be imported in application layer. This module serves as the integration,нет,Уточнить формулировку и/или добавить ссылку на реализацию в коде.
docs/04-reference/pipelines/chembl/03-molecule-spec.md,25,[x] Architecture compliance tests,src/bioetl/composition/factories/http_client_factory.py:11,SRP Compliance:,нет,Уточнить формулировку и/или добавить ссылку на реализацию в коде.
docs/04-reference/pipelines/chembl/04-target-spec.md,2,______________________________________________________________________,,,нет,Уточнить формулировку и/или добавить ссылку на реализацию в коде.
docs/04-reference/pipelines/chembl/04-target-spec.md,3,______________________________________________________________________,,,нет,Уточнить формулировку и/или добавить ссылку на реализацию в коде.
docs/04-reference/pipelines/chembl/04-target-spec.md,10,**Target Deconvolution**: Identify off-target effects,src/tools/verify_schema_parity.py:9,"from bioetl.domain.entities.chembl_structures import Molecule, Target",нет,Уточнить формулировку и/или добавить ссылку на реализацию в коде.
docs/04-reference/pipelines/chembl/04-target-spec.md,11,**Species Translation**: Compare targets across organisms,src/bioetl/application/pipelines/chembl/target_transformer.py:54,"descriptions, organisms, and taxonomy_ids.",нет,Уточнить формулировку и/или добавить ссылку на реализацию в коде.
docs/04-reference/pipelines/chembl/04-target-spec.md,13,______________________________________________________________________,,,нет,Уточнить формулировку и/или добавить ссылку на реализацию в коде.
docs/04-reference/pipelines/chembl/04-target-spec.md,14,______________________________________________________________________,,,нет,Уточнить формулировку и/или добавить ссылку на реализацию в коде.
docs/04-reference/pipelines/chembl/04-target-spec.md,15,______________________________________________________________________,,,нет,Уточнить формулировку и/или добавить ссылку на реализацию в коде.
docs/04-reference/pipelines/chembl/04-target-spec.md,16,______________________________________________________________________,,,нет,Уточнить формулировку и/или добавить ссылку на реализацию в коде.
docs/04-reference/pipelines/chembl/04-target-spec.md,17,______________________________________________________________________,,,нет,Уточнить формулировку и/или добавить ссылку на реализацию в коде.
docs/04-reference/pipelines/chembl/05-activity-spec.md,2,______________________________________________________________________,,,нет,Уточнить формулировку и/или добавить ссылку на реализацию в коде.
docs/04-reference/pipelines/chembl/05-activity-spec.md,3,______________________________________________________________________,,,нет,Уточнить формулировку и/или добавить ссылку на реализацию в коде.
docs/04-reference/pipelines/chembl/05-activity-spec.md,9,**SAR Analysis**: Analyze activity profiles for lead compounds,src/bioetl/domain/exceptions/internal.py:169,which could lead to data inconsistency.,нет,Уточнить формулировку и/или добавить ссылку на реализацию в коде.
docs/04-reference/pipelines/chembl/05-activity-spec.md,13,**Literature Mining**: Link activities to source publications,src/bioetl/domain/services/data_normalization_config.py:53,"Uses standard year range [1500, 2100] for scientific literature.",нет,Уточнить формулировку и/или добавить ссылку на реализацию в коде.
docs/04-reference/pipelines/chembl/05-activity-spec.md,14,______________________________________________________________________,,,нет,Уточнить формулировку и/или добавить ссылку на реализацию в коде.
docs/04-reference/pipelines/chembl/05-activity-spec.md,16,______________________________________________________________________,,,нет,Уточнить формулировку и/или добавить ссылку на реализацию в коде.
docs/04-reference/pipelines/chembl/05-activity-spec.md,17,______________________________________________________________________,,,нет,Уточнить формулировку и/или добавить ссылку на реализацию в коде.
docs/04-reference/pipelines/chembl/05-activity-spec.md,18,______________________________________________________________________,,,нет,Уточнить формулировку и/или добавить ссылку на реализацию в коде.
docs/04-reference/pipelines/chembl/05-activity-spec.md,22,`standard_relation = '='` — Exact measurements,src/bioetl/infrastructure/adapters/chembl/models.py:85,standard_relation: str | None = Field(,нет,Уточнить формулировку и/или добавить ссылку на реализацию в коде.
docs/04-reference/pipelines/chembl/05-activity-spec.md,24,______________________________________________________________________,,,нет,Уточнить формулировку и/или добавить ссылку на реализацию в коде.
docs/04-reference/pipelines/chembl/05-activity-spec.md,25,______________________________________________________________________,,,нет,Уточнить формулировку и/или добавить ссылку на реализацию в коде.
docs/04-reference/pipelines/chembl/05-activity-spec.md,26,______________________________________________________________________,,,нет,Уточнить формулировку и/или добавить ссылку на реализацию в коде.
docs/04-reference/pipelines/chembl/05-activity-spec.md,29,[x] VCR integration tests,src/bioetl/interfaces/orchestration/__init__.py:7,must NOT be imported in application layer. This module serves as the integration,нет,Уточнить формулировку и/или добавить ссылку на реализацию в коде.
docs/04-reference/pipelines/chembl/05-activity-spec.md,30,[x] Architecture compliance tests,src/bioetl/composition/factories/http_client_factory.py:11,SRP Compliance:,нет,Уточнить формулировку и/или добавить ссылку на реализацию в коде.
docs/04-reference/pipelines/chembl/06-assay-spec.md,2,______________________________________________________________________,,,нет,Уточнить формулировку и/или добавить ссылку на реализацию в коде.
docs/04-reference/pipelines/chembl/06-assay-spec.md,3,______________________________________________________________________,,,нет,Уточнить формулировку и/или добавить ссылку на реализацию в коде.
docs/04-reference/pipelines/chembl/06-assay-spec.md,4,Assays represent **experimental protocols** used to measure bioactivity:,src/bioetl/domain/aggregates/events.py:3,Domain events represent something that has happened in the domain.,нет,Уточнить формулировку и/или добавить ссылку на реализацию в коде.
docs/04-reference/pipelines/chembl/06-assay-spec.md,7,**Data provenance**: Source publications and curators,src/bioetl/domain/entities/bioactivity.py:150,None  # 0/1: Whether manually reviewed by curators,нет,Уточнить формулировку и/или добавить ссылку на реализацию в коде.
docs/04-reference/pipelines/chembl/06-assay-spec.md,8,**Quality metadata**: Confidence scores and relationship types,src/bioetl/domain/value_objects/activity.py:175,"Scores >= 3 indicate at least a target class was assigned,",нет,Уточнить формулировку и/или добавить ссылку на реализацию в коде.
docs/04-reference/pipelines/chembl/06-assay-spec.md,12,**Cell-based vs Biochemical**: Compare assay types,src/bioetl/domain/schemas/uniprot/_annotations.py:1,"""""""Functional annotations and biochemical property fields.",нет,Уточнить формулировку и/или добавить ссылку на реализацию в коде.
docs/04-reference/pipelines/chembl/06-assay-spec.md,13,______________________________________________________________________,,,нет,Уточнить формулировку и/или добавить ссылку на реализацию в коде.
docs/04-reference/pipelines/chembl/06-assay-spec.md,14,______________________________________________________________________,,,нет,Уточнить формулировку и/или добавить ссылку на реализацию в коде.
docs/04-reference/pipelines/chembl/06-assay-spec.md,15,______________________________________________________________________,,,нет,Уточнить формулировку и/или добавить ссылку на реализацию в коде.
docs/04-reference/pipelines/chembl/06-assay-spec.md,16,______________________________________________________________________,,,нет,Уточнить формулировку и/или добавить ссылку на реализацию в коде.
docs/04-reference/pipelines/chembl/06-assay-spec.md,17,______________________________________________________________________,,,нет,Уточнить формулировку и/или добавить ссылку на реализацию в коде.
docs/04-reference/pipelines/chembl/07-publication-spec.md,6,**Patent data**: Track patent-derived information,src/bioetl/infrastructure/adapters/chembl/models.py:505,"patent_id: str | None = Field(default=None, description=""Patent ID"")",нет,Уточнить формулировку и/или добавить ссылку на реализацию в коде.
docs/04-reference/pipelines/chembl/07-publication-spec.md,8,**Data Attribution**: Credit original data sources,src/bioetl/interfaces/cli/commands/run_composite.py:4,multiple data sources (seed + enrichers) into a unified dataset.,нет,Уточнить формулировку и/или добавить ссылку на реализацию в коде.
docs/04-reference/pipelines/chembl/08-assay-parameters-spec.md,3,**Concentrations**: Compound concentrations used,src/bioetl/domain/validation.py:193,"Used for validating concentrations, counts, and other non-negative fields.",нет,Уточнить формулировку и/или добавить ссылку на реализацию в коде.
docs/04-reference/pipelines/chembl/08-assay-parameters-spec.md,5,"**Conditions**: pH, temperature, media",src/bioetl/domain/entities/chembl_assay_parameters.py:18,"Contains parameters such as concentrations, pH, temperature, incubation time, etc.",нет,Уточнить формулировку и/или добавить ссылку на реализацию в коде.
docs/04-reference/pipelines/chembl/08-assay-parameters-spec.md,6,**Controls**: Reference compounds,src/bioetl/infrastructure/schemas/pipeline_config.py:335,Controls automatic VACUUM and other maintenance tasks after pipeline runs.,нет,Уточнить формулировку и/или добавить ссылку на реализацию в коде.
docs/04-reference/pipelines/chembl/08-assay-parameters-spec.md,10,**Quality Control**: Validate experimental setups,src/bioetl/composition/_pipeline_execution.py:200,"For lower-level control over execution (e.g., signal handling, custom",нет,Уточнить формулировку и/или добавить ссылку на реализацию в коде.
docs/04-reference/pipelines/chembl/10-target-component-spec.md,6,**Stoichiometry**: Component ratios in complexes,src/bioetl/domain/schemas/chembl/target_component.py:33,stoichiometry: Series[int] | None = pa.Field(,нет,Уточнить формулировку и/или добавить ссылку на реализацию в коде.
docs/04-reference/pipelines/chembl/11-publication-term-spec.md,1,*Updated: 2026-02-03*,src/tools/scripts/migrations/rename_structure_fields.py:9,This is a BREAKING CHANGE migration. Ensure all downstream consumers are updated,нет,Уточнить формулировку и/или добавить ссылку на реализацию в коде.
docs/04-reference/pipelines/chembl/12-publication-similarity-spec.md,1,*Updated: 2026-02-03*,src/tools/scripts/migrations/rename_structure_fields.py:9,This is a BREAKING CHANGE migration. Ensure all downstream consumers are updated,нет,Уточнить формулировку и/или добавить ссылку на реализацию в коде.
docs/04-reference/pipelines/chembl/14-subcellular-fraction-spec.md,5,**Compartmental Analysis**: Study drug effects specifically on mitochondrial or microsomal enzymes.,src/bioetl/interfaces/cli/commands/metrics_server_integration.py:8,"composition layer for server startup, keeping side-effects out of bootstrap.",нет,Уточнить формулировку и/или добавить ссылку на реализацию в коде.
docs/04-reference/pipelines/chembl-activity.md,6,`standard_value` is not null,src/bioetl/infrastructure/adapters/chembl/models.py:88,standard_value: str | float | None = Field(,нет,Уточнить формулировку и/или добавить ссылку на реализацию в коде.
docs/04-reference/pipelines/chembl-activity.md,7,`standard_units` is present,src/bioetl/infrastructure/adapters/chembl/models.py:91,standard_units: str | None = Field(,нет,Уточнить формулировку и/или добавить ссылку на реализацию в коде.
docs/04-reference/pipelines/chembl-activity.md,8,`target_chembl_id` is present,src/bioetl/infrastructure/adapters/chembl/models.py:77,target_chembl_id: str | None = Field(,нет,Уточнить формулировку и/или добавить ссылку на реализацию в коде.
docs/04-reference/pipelines/chembl-activity.md,10,`data_validity_comment` is null (no data issues),src/bioetl/infrastructure/adapters/chembl/models.py:131,data_validity_comment: str | None = Field(,нет,Уточнить формулировку и/или добавить ссылку на реализацию в коде.
docs/04-reference/pipelines/chembl-assay.md,6,**Note:** Silver layer is partitioned by `assay_type`.,src/bioetl/infrastructure/adapters/chembl/models.py:160,"assay_type: str | None = Field(default=None, description=""Assay type code"")",нет,Уточнить формулировку и/или добавить ссылку на реализацию в коде.
docs/04-reference/pipelines/chembl-assay.md,9,`assay_type` is one of:,src/bioetl/infrastructure/adapters/chembl/models.py:160,"assay_type: str | None = Field(default=None, description=""Assay type code"")",нет,Уточнить формулировку и/или добавить ссылку на реализацию в коде.
docs/04-reference/pipelines/chembl-assay.md,10,**B** (Binding),src/bioetl/composition/bootstrap_logger.py:8,"- No run_id binding (uses ""bootstrap"" sentinel)",нет,Уточнить формулировку и/или добавить ссылку на реализацию в коде.
docs/04-reference/pipelines/chembl-assay.md,11,**F** (Functional),src/bioetl/infrastructure/adapters/http/health.py:41,- DEGRADED: Adapter is functional but experiencing issues,нет,Уточнить формулировку и/или добавить ссылку на реализацию в коде.
docs/04-reference/pipelines/chembl-assay.md,12,`confidence_score` >= 4,src/bioetl/infrastructure/adapters/chembl/models.py:258,confidence_score: int | None = Field(,нет,Уточнить формулировку и/или добавить ссылку на реализацию в коде.
docs/04-reference/pipelines/composite/01-publication-spec.md,1,*Updated: 2026-02-03*,src/tools/scripts/migrations/rename_structure_fields.py:9,This is a BREAKING CHANGE migration. Ensure all downstream consumers are updated,нет,Уточнить формулировку и/или добавить ссылку на реализацию в коде.
docs/04-reference/pipelines/composite/01-publication-spec.md,4,"**Enrichers**: `crossref_publication`, `openalex_publication`, `pubmed_publication`, `semanticscholar_publication`",src/bioetl/composition/factories/pipeline_factories.py:382,"pipeline_name=""semanticscholar_publication"",",нет,Уточнить формулировку и/или добавить ссылку на реализацию в коде.
docs/04-reference/pipelines/composite/02-molecule-spec.md,1,*Updated: 2026-02-03*,src/tools/scripts/migrations/rename_structure_fields.py:9,This is a BREAKING CHANGE migration. Ensure all downstream consumers are updated,нет,Уточнить формулировку и/или добавить ссылку на реализацию в коде.
docs/04-reference/pipelines/composite/02-molecule-spec.md,4,**Enricher**: `pubchem_compound`,src/tools/scripts/generate_contracts.py:30,"""pubchem_compound"": PubChemCompoundGoldSchema,",нет,Уточнить формулировку и/или добавить ссылку на реализацию в коде.
docs/04-reference/pipelines/composite/03-target-spec.md,1,*Updated: 2026-02-03*,src/tools/scripts/migrations/rename_structure_fields.py:9,This is a BREAKING CHANGE migration. Ensure all downstream consumers are updated,нет,Уточнить формулировку и/или добавить ссылку на реализацию в коде.
docs/04-reference/pipelines/composite/03-target-spec.md,4,**Seed**: `chembl_target`,src/bioetl/composition/factories/pipeline_factories.py:289,"pipeline_name=""chembl_target"",",нет,Уточнить формулировку и/или добавить ссылку на реализацию в коде.
docs/04-reference/pipelines/composite/03-target-spec.md,5,**Dependencies**:,src/tools/scripts/migrate_openalex_citation_count.py:38,"print(f""Error: Required dependencies not installed: {e}"")",нет,Уточнить формулировку и/или добавить ссылку на реализацию в коде.
docs/04-reference/pipelines/composite/03-target-spec.md,6,`chembl_target_component` (join on `component_id`),src/bioetl/composition/factories/pipeline_factories.py:297,"pipeline_name=""chembl_target_component"",",нет,Уточнить формулировку и/или добавить ссылку на реализацию в коде.
docs/04-reference/pipelines/composite/03-target-spec.md,8,`uniprot_idmapping` (join on `target_chembl_id`),src/bioetl/composition/providers/registration.py:636,"if not ProviderRegistry.is_registered(""uniprot_idmapping""):",нет,Уточнить формулировку и/или добавить ссылку на реализацию в коде.
docs/04-reference/pipelines/composite/03-target-spec.md,10,**Enrichers**: none,src/bioetl/interfaces/cli/commands/run_composite.py:4,multiple data sources (seed + enrichers) into a unified dataset.,нет,Уточнить формулировку и/или добавить ссылку на реализацию в коде.
docs/04-reference/pipelines/crossref/01-publication-spec.md,10,**Funder Analysis**: Identify funding sources,src/bioetl/infrastructure/adapters/semanticscholar/adapter.py:73,as the input array. This is used to identify DOIs requiring fallback.,нет,Уточнить формулировку и/или добавить ссылку на реализацию в коде.
docs/04-reference/pipelines/openalex/01-publication-spec.md,3,**Works catalog**: 250M+ academic works,src/tools/scripts/migrate_openalex_citation_count.py:25,- OpenAlex API documentation: https://docs.openalex.org/api-entities/works,нет,Уточнить формулировку и/или добавить ссылку на реализацию в коде.
docs/04-reference/pipelines/openalex/01-publication-spec.md,4,**Concepts**: AI-assigned topic classifications,src/bioetl/domain/value_objects/column_order.py:121,"""concepts"": SemanticGroup.CLASSIFICATION,",нет,Уточнить формулировку и/или добавить ссылку на реализацию в коде.
docs/04-reference/pipelines/openalex/01-publication-spec.md,13,Reconstruction:,src/bioetl/application/pipelines/openalex/transformer.py:63,- abstract: abstract_inverted_index (reconstruction),нет,Уточнить формулировку и/или добавить ссылку на реализацию в коде.
docs/04-reference/pipelines/openalex-publication.md,1,> **Status**: Deprecated.,src/tools/scripts/lint_terminology.py:288,"""deprecated"": v.deprecated_term,",нет,Уточнить формулировку и/или добавить ссылку на реализацию в коде.
docs/04-reference/pipelines/openalex-publication.md,5,**Key Features:**,src/bioetl/infrastructure/adapters/uniprot/models.py:353,features: list[UniProtFeature] | None = Field(,нет,Уточнить формулировку и/или добавить ссылку на реализацию в коде.
docs/04-reference/pipelines/openalex-publication.md,20,**External ID URL Patterns:**,src/tools/create_pipeline.py:5,Generates boilerplate code for new BioETL pipelines following standard patterns.,нет,Уточнить формулировку и/или добавить ссылку на реализацию в коде.
docs/04-reference/pipelines/openalex-publication.md,27,Sort by position,src/bioetl/infrastructure/adapters/uniprot/models.py:237,"start: dict[str, Any] | None = Field(default=None, description=""Start position"")",нет,Уточнить формулировку и/или добавить ссылку на реализацию в коде.
docs/04-reference/pipelines/openalex-publication.md,28,Join words with spaces,src/bioetl/infrastructure/adapters/openalex/client.py:608,OpenAlex uses + for spaces in search queries.,нет,Уточнить формулировку и/или добавить ссылку на реализацию в коде.
docs/04-reference/pipelines/openalex-publication.md,57,**Concepts Deprecated**: The `concepts` field is deprecated by OpenAlex (2024).,src/bioetl/domain/value_objects/column_order.py:121,"""concepts"": SemanticGroup.CLASSIFICATION,",нет,Уточнить формулировку и/или добавить ссылку на реализацию в коде.
docs/04-reference/pipelines/openalex-publication.md,58,Use `topics` for new development.,src/bioetl/domain/mapping/publication_fields.py:73,"""topics"": ""subject_topics"",",нет,Уточнить формулировку и/или добавить ссылку на реализацию в коде.
docs/04-reference/pipelines/pubchem/01-compound-spec.md,2,______________________________________________________________________,,,нет,Уточнить формулировку и/или добавить ссылку на реализацию в коде.
docs/04-reference/pipelines/pubchem/01-compound-spec.md,3,______________________________________________________________________,,,нет,Уточнить формулировку и/или добавить ссылку на реализацию в коде.
docs/04-reference/pipelines/pubchem/01-compound-spec.md,12,**3D Modeling**: Use 3D conformer data,src/bioetl/infrastructure/adapters/validation.py:6,See RULES.md §8.2 for JSON response modeling guidelines.,нет,Уточнить формулировку и/или добавить ссылку на реализацию в коде.
docs/04-reference/pipelines/pubchem/01-compound-spec.md,14,______________________________________________________________________,,,нет,Уточнить формулировку и/или добавить ссылку на реализацию в коде.
docs/04-reference/pipelines/pubchem/01-compound-spec.md,15,______________________________________________________________________,,,нет,Уточнить формулировку и/или добавить ссылку на реализацию в коде.
docs/04-reference/pipelines/pubchem/01-compound-spec.md,16,______________________________________________________________________,,,нет,Уточнить формулировку и/или добавить ссылку на реализацию в коде.
docs/04-reference/pipelines/pubchem/01-compound-spec.md,17,______________________________________________________________________,,,нет,Уточнить формулировку и/или добавить ссылку на реализацию в коде.
docs/04-reference/pipelines/pubchem/01-compound-spec.md,18,______________________________________________________________________,,,нет,Уточнить формулировку и/или добавить ссылку на реализацию в коде.
docs/04-reference/pipelines/pubchem/01-compound-spec.md,19,______________________________________________________________________,,,нет,Уточнить формулировку и/или добавить ссылку на реализацию в коде.
docs/04-reference/pipelines/pubchem/01-compound-spec.md,21,BioETL wraps it using `BaseSyncAdapter`:,src/bioetl/infrastructure/adapters/health_check_mixin.py:4,Used by both BaseHttpAdapter and BaseSyncAdapter for consistent behavior.,нет,Уточнить формулировку и/или добавить ссылку на реализацию в коде.
docs/04-reference/pipelines/pubmed/01-publication-spec.md,13,Key transformations:,src/bioetl/infrastructure/adapters/cached_bronze_data_source.py:5,for testing transformations on previously fetched data.,нет,Уточнить формулировку и/или добавить ссылку на реализацию в коде.
docs/04-reference/pipelines/pubmed/01-publication-spec.md,14,Use robust XML parser (lxml),src/bioetl/domain/services/activity_aggregator.py:63,MAD is a robust measure of statistical dispersion.,нет,Уточнить формулировку и/или добавить ссылку на реализацию в коде.
docs/04-reference/pipelines/semanticscholar/01-publication-spec.md,3,"**Paper metadata**: Titles, abstracts, authors",src/bioetl/infrastructure/adapters/openalex/client.py:115,For titles: Uses individual title.search queries with rate limiting.,нет,Уточнить формулировку и/или добавить ссылку на реализацию в коде.
docs/04-reference/pipelines/semanticscholar-publication.md,1,> **Status**: Deprecated.,src/tools/scripts/lint_terminology.py:288,"""deprecated"": v.deprecated_term,",нет,Уточнить формулировку и/или добавить ссылку на реализацию в коде.
docs/04-reference/pipelines/semanticscholar-publication.md,5,**Key Features:**,src/bioetl/infrastructure/adapters/uniprot/models.py:353,features: list[UniProtFeature] | None = Field(,нет,Уточнить формулировку и/или добавить ссылку на реализацию в коде.
docs/04-reference/pipelines/semanticscholar-publication.md,47,The transformer expands them:,src/bioetl/application/pipelines/semanticscholar/extractors.py:113,"and expands abbreviated page ranges (e.g., ""737-9"" → first_page=737, last_page=739).",нет,Уточнить формулировку и/или добавить ссылку на реализацию в коде.
docs/04-reference/pipelines/semanticscholar-publication.md,51,"Handle rollover cases (e.g., ""199-3"" where 3 < 199)",src/bioetl/domain/normalization.py:150,"""""""Expand abbreviated last page (e.g., 737-9 -> 739, 199-3 -> 203).""""""",нет,Уточнить формулировку и/или добавить ссылку на реализацию в коде.
docs/04-reference/pipelines/semanticscholar-publication.md,56,"Applied to: `fields_of_study`, `publication_types`, `author_ids`, `author_s2_ids`, `author_orcids`, `author_h_indices`, `citation_contexts`",src/bioetl/application/pipelines/openalex/extractors.py:165,author_ids: list[str] = [],нет,Уточнить формулировку и/или добавить ссылку на реализацию в коде.
docs/04-reference/pipelines/semanticscholar-publication.md,66,Gold layer applies year constraints:,src/bioetl/infrastructure/security/pii_hasher.py:150,Applies:,нет,Уточнить формулировку и/или добавить ссылку на реализацию в коде.
docs/04-reference/pipelines/semanticscholar-publication.md,67,**Minimum:** 1900 (historical cutoff),src/bioetl/composition/factories/services_factory.py:670,>>> config = DataNormalizationConfig(min_publication_year=1900),нет,Уточнить формулировку и/или добавить ссылку на реализацию в коде.
docs/04-reference/pipelines/semanticscholar-publication.md,69,`citation_count` >= 0,src/tools/scripts/migrate_openalex_citation_count.py:2,"""""""Migration script: Rename cited_by_count to citation_count in OpenAlex tables.",нет,Уточнить формулировку и/или добавить ссылку на реализацию в коде.
docs/04-reference/pipelines/semanticscholar-publication.md,70,`reference_count` >= 0,src/bioetl/infrastructure/adapters/pubmed/models.py:219,reference_count: int | None = Field(,нет,Уточнить формулировку и/или добавить ссылку на реализацию в коде.
docs/04-reference/pipelines/semanticscholar-publication.md,82,Use `_lookup_method` to filter.,src/bioetl/infrastructure/adapters/openalex/client.py:175,"work[""_lookup_method""] = ""doi""",нет,Уточнить формулировку и/или добавить ссылку на реализацию в коде.
docs/04-reference/pipelines/semanticscholar-publication.md,86,"`author_s2_ids`, `author_orcids`, `author_h_indices`",src/bioetl/infrastructure/schemas/silver.py:769,"pa.field(""author_s2_ids"", pa.string()),  # JSON array of S2 author IDs",нет,Уточнить формулировку и/или добавить ссылку на реализацию в коде.
docs/04-reference/pipelines/semanticscholar-publication.md,87,"`citation_contexts`, `dblp_id`, `influential_citation_count`, `issue`",src/bioetl/infrastructure/schemas/silver.py:774,"pa.field(""dblp_id"", pa.string()),  # DBLP publication key",нет,Уточнить формулировку и/или добавить ссылку на реализацию в коде.
docs/04-reference/pipelines/uniprot/01-protein-spec.md,2,______________________________________________________________________,,,нет,Уточнить формулировку и/или добавить ссылку на реализацию в коде.
docs/04-reference/pipelines/uniprot/01-protein-spec.md,3,______________________________________________________________________,,,нет,Уточнить формулировку и/или добавить ссылку на реализацию в коде.
docs/04-reference/pipelines/uniprot/01-protein-spec.md,13,**Drug-Target Networks**: Build networks via cross-references,src/bioetl/infrastructure/adapters/common/title_matching.py:63,">>> titles_match(""Neural Networks"", ""Deep Neural Networks"", method=""substring"")",нет,Уточнить формулировку и/или добавить ссылку на реализацию в коде.
docs/04-reference/pipelines/uniprot/01-protein-spec.md,14,**Species Translation**: Compare orthologs across organisms,src/bioetl/application/pipelines/chembl/target_transformer.py:54,"descriptions, organisms, and taxonomy_ids.",нет,Уточнить формулировку и/или добавить ссылку на реализацию в коде.
docs/04-reference/pipelines/uniprot/01-protein-spec.md,15,______________________________________________________________________,,,нет,Уточнить формулировку и/или добавить ссылку на реализацию в коде.
docs/04-reference/pipelines/uniprot/01-protein-spec.md,16,______________________________________________________________________,,,нет,Уточнить формулировку и/или добавить ссылку на реализацию в коде.
docs/04-reference/pipelines/uniprot/01-protein-spec.md,17,______________________________________________________________________,,,нет,Уточнить формулировку и/или добавить ссылку на реализацию в коде.
docs/04-reference/pipelines/uniprot/01-protein-spec.md,18,______________________________________________________________________,,,нет,Уточнить формулировку и/или добавить ссылку на реализацию в коде.
docs/04-reference/pipelines/uniprot/01-protein-spec.md,19,______________________________________________________________________,,,нет,Уточнить формулировку и/или добавить ссылку на реализацию в коде.
docs/04-reference/pipelines/uniprot/01-protein-spec.md,20,______________________________________________________________________,,,нет,Уточнить формулировку и/или добавить ссылку на реализацию в коде.
docs/04-reference/providers/chembl/activity.md,2,**Провайдер:** `chembl`,src/bioetl/composition/providers/provider_registry.py:82,http_config: Конфигурация HTTP клиента (None если провайдер,нет,Уточнить формулировку и/или добавить ссылку на реализацию в коде.
docs/04-reference/providers/chembl/activity.md,3,**Сущность:** `activity`,src/tools/create_pipeline.py:204,"""--entity"", required=True, help=""Entity name (snake_case, e.g., 'activity')""",нет,Уточнить формулировку и/или добавить ссылку на реализацию в коде.
docs/04-reference/providers/chembl/activity.md,4,**Версия схемы:** 1.2.0,,,нет,Уточнить формулировку и/или добавить ссылку на реализацию в коде.
docs/04-reference/providers/chembl/activity.md,5,______________________________________________________________________,,,нет,Уточнить формулировку и/или добавить ссылку на реализацию в коде.
docs/04-reference/providers/chembl/activity.md,6,Пайплайн извлекает данные о биологической активности молекул из API ChEMBL.,src/bioetl/application/pipelines/pubmed/__init__.py:18,"""""""Пайплайн для данных о публикациях из PubMed.",нет,Уточнить формулировку и/или добавить ссылку на реализацию в коде.
docs/04-reference/providers/chembl/activity.md,8,______________________________________________________________________,,,нет,Уточнить формулировку и/или добавить ссылку на реализацию в коде.
docs/04-reference/providers/chembl/activity.md,10,______________________________________________________________________,,,нет,Уточнить формулировку и/или добавить ссылку на реализацию в коде.
docs/04-reference/providers/chembl/activity.md,14,В Silver слое они разворачиваются из вложенного словаря в отдельные колонки для удобства аналитики.,src/bioetl/application/core/dict_transformers.py:287,"""""""Безопасно извлекает значение из словаря с логированием.",нет,Уточнить формулировку и/или добавить ссылку на реализацию в коде.
docs/04-reference/providers/chembl/activity.md,16,> **Примечание**: Поля `action_type_*` извлекаются из вложенного словаря API с помощью `flatten_nested_dict()`.,src/bioetl/application/pipelines/chembl/activity_transformer.py:183,"""action_type_"",",нет,Уточнить формулировку и/или добавить ссылку на реализацию в коде.
docs/04-reference/providers/chembl/activity.md,18,______________________________________________________________________,,,нет,Уточнить формулировку и/или добавить ссылку на реализацию в коде.
docs/04-reference/providers/chembl/activity.md,19,______________________________________________________________________,,,нет,Уточнить формулировку и/или добавить ссылку на реализацию в коде.
docs/04-reference/providers/chembl/activity.md,21,______________________________________________________________________,,,нет,Уточнить формулировку и/или добавить ссылку на реализацию в коде.
docs/04-reference/providers/chembl/activity.md,22,"**`standard_value` > 0** — не null, не отрицательный",src/bioetl/infrastructure/adapters/chembl/models.py:88,standard_value: str | float | None = Field(,нет,Уточнить формулировку и/или добавить ссылку на реализацию в коде.
docs/04-reference/providers/chembl/activity.md,25,"Записи, не прошедшие валидацию, отправляются в карантин:",src/bioetl/domain/exceptions/data_quality.py:9,случаи помещения данных в карантин).,нет,Уточнить формулировку и/или добавить ссылку на реализацию в коде.
docs/04-reference/providers/chembl/activity.md,26,______________________________________________________________________,,,нет,Уточнить формулировку и/или добавить ссылку на реализацию в коде.
docs/04-reference/providers/chembl/activity.md,29,______________________________________________________________________,,,нет,Уточнить формулировку и/или добавить ссылку на реализацию в коде.
docs/04-reference/providers/chembl/activity.md,32,______________________________________________________________________,,,нет,Уточнить формулировку и/или добавить ссылку на реализацию в коде.
docs/04-reference/providers/chembl/activity.md,35,______________________________________________________________________,,,нет,Уточнить формулировку и/или добавить ссылку на реализацию в коде.
docs/04-reference/providers/chembl/activity.md,36,______________________________________________________________________,,,нет,Уточнить формулировку и/или добавить ссылку на реализацию в коде.
docs/04-reference/providers/chembl/activity.md,37,______________________________________________________________________,,,нет,Уточнить формулировку и/или добавить ссылку на реализацию в коде.
docs/04-reference/providers/chembl/activity.md,39,Для инкрементальных запусков используется `activity_id` как watermark:,src/bioetl/composition/providers/decorators.py:49,"Если указана, используется вместо стандартной логики.",нет,Уточнить формулировку и/или добавить ссылку на реализацию в коде.
docs/04-reference/providers/chembl/activity.md,40,______________________________________________________________________,,,нет,Уточнить формулировку и/или добавить ссылку на реализацию в коде.
docs/04-reference/providers/chembl/activity.md,41,______________________________________________________________________,,,нет,Уточнить формулировку и/или добавить ссылку на реализацию в коде.
docs/04-reference/providers/chembl/activity.md,42,______________________________________________________________________,,,нет,Уточнить формулировку и/или добавить ссылку на реализацию в коде.
docs/04-reference/providers/chembl/activity.md,43,*Последнее обновление: 2025-12-24*,src/bioetl/interfaces/orchestration/__init__.py:11,- Signal handlers were removed in 2025-12-31 (CLI handles KeyboardInterrupt directly),нет,Уточнить формулировку и/или добавить ссылку на реализацию в коде.
docs/04-reference/providers/chembl/assay-parameters.md,2,**Провайдер:** `chembl`,src/bioetl/composition/providers/provider_registry.py:82,http_config: Конфигурация HTTP клиента (None если провайдер,нет,Уточнить формулировку и/или добавить ссылку на реализацию в коде.
docs/04-reference/providers/chembl/assay-parameters.md,3,**Сущность:** `assay_parameters`,src/bioetl/composition/factories/transformer_factory.py:195,"register_transformer(""chembl"", ""assay_parameters"", AssayParametersTransformer)",нет,Уточнить формулировку и/или добавить ссылку на реализацию в коде.
docs/04-reference/providers/chembl/assay-parameters.md,4,**Версия схемы:** 1.2.0,,,нет,Уточнить формулировку и/или добавить ссылку на реализацию в коде.
docs/04-reference/providers/chembl/assay-parameters.md,5,Пайплайн извлекает данные о параметрах экспериментальных анализов из API ChEMBL.,src/bioetl/application/pipelines/pubmed/__init__.py:18,"""""""Пайплайн для данных о публикациях из PubMed.",нет,Уточнить формулировку и/или добавить ссылку на реализацию в коде.
docs/04-reference/providers/chembl/assay-parameters.md,6,"Параметры включают условия эксперимента: концентрации, температуру, pH, время инкубации и другие экспериментальные переменные.",,,нет,Уточнить формулировку и/или добавить ссылку на реализацию в коде.
docs/04-reference/providers/chembl/assay-parameters.md,7,**Известные типы параметров:**,,,нет,Уточнить формулировку и/или добавить ссылку на реализацию в коде.
docs/04-reference/providers/chembl/assay-parameters.md,8,`CONC` — концентрация,src/bioetl/domain/services/unit_converter.py:33,">>> conc = converter.to_concentration(100.0, ""nM"")",нет,Уточнить формулировку и/или добавить ссылку на реализацию в коде.
docs/04-reference/providers/chembl/assay-parameters.md,9,`PH` — кислотность,,,нет,Уточнить формулировку и/или добавить ссылку на реализацию в коде.
docs/04-reference/providers/chembl/assay-parameters.md,10,`TEMP` — температура,src/bioetl/infrastructure/checkpoint/local_checkpoint.py:7,- REQ-CHECKPOINT-002: Atomic writes (temp file + rename),нет,Уточнить формулировку и/или добавить ссылку на реализацию в коде.
docs/04-reference/providers/chembl/assay-parameters.md,11,`CELL_COUNT` — количество клеток,src/bioetl/domain/filtering/load_result.py:24,unique_count: Количество уникальных ID (single-column mode).,нет,Уточнить формулировку и/или добавить ссылку на реализацию в коде.
docs/04-reference/providers/chembl/assay-parameters.md,12,`SERUM` — сыворотка,src/bioetl/domain/entities/chembl_assay_parameters.py:39,- SERUM: Serum percentage,нет,Уточнить формулировку и/или добавить ссылку на реализацию в коде.
docs/04-reference/providers/chembl/assay-parameters.md,13,`VOLUME` — объём,src/bioetl/infrastructure/adapters/chembl/models.py:494,volume: str | None = Field(default=None),нет,Уточнить формулировку и/или добавить ссылку на реализацию в коде.
docs/04-reference/providers/chembl/assay-parameters.md,14,`WAVELENGTH` — длина волны,src/bioetl/domain/schemas/constants.py:84,"""WAVELENGTH"",  # Wavelength",нет,Уточнить формулировку и/или добавить ссылку на реализацию в коде.
docs/04-reference/providers/chembl/assay-parameters.md,15,`PERCENT` — процент,src/bioetl/infrastructure/system/memory_monitor.py:126,"percent_used=vm.percent / 100.0,",нет,Уточнить формулировку и/или добавить ссылку на реализацию в коде.
docs/04-reference/providers/chembl/assay-parameters.md,16,`PRESSURE` — давление,src/bioetl/infrastructure/system/memory_monitor.py:3,Provides memory pressure detection and adaptive batch size recommendations.,нет,Уточнить формулировку и/или добавить ссылку на реализацию в коде.
docs/04-reference/providers/chembl/assay-parameters.md,17,`HUMIDITY` — влажность,src/bioetl/domain/schemas/constants.py:87,"""HUMIDITY"",  # Humidity",нет,Уточнить формулировку и/или добавить ссылку на реализацию в коде.
docs/04-reference/providers/chembl/assay-parameters.md,18,`PASSAGE` — пассаж,src/bioetl/application/pipelines/chembl/assay_parameters_transformer.py:42,"""PASSAGE"",",нет,Уточнить формулировку и/или добавить ссылку на реализацию в коде.
docs/04-reference/providers/chembl/assay-parameters.md,19,`CELL_DENSITY` — плотность клеток,src/bioetl/domain/schemas/constants.py:89,"""CELL_DENSITY"",  # Cell density",нет,Уточнить формулировку и/или добавить ссылку на реализацию в коде.
docs/04-reference/providers/chembl/assay-parameters.md,20,`INCUBATION` — инкубация,src/bioetl/domain/entities/chembl_assay_parameters.py:18,"Contains parameters such as concentrations, pH, temperature, incubation time, etc.",нет,Уточнить формулировку и/или добавить ссылку на реализацию в коде.
docs/04-reference/providers/chembl/assay-parameters.md,24,**`type`** — обязательное,src/tools/file_merger.py:68,"type=Path,",нет,Уточнить формулировку и/или добавить ссылку на реализацию в коде.
docs/04-reference/providers/chembl/assay-parameters.md,27,*Последнее обновление: 2026-01-06*,src/bioetl/composition/_services.py:4,Split from entrypoints.py per audit-package-structure-2026-02-07.,нет,Уточнить формулировку и/или добавить ссылку на реализацию в коде.
docs/04-reference/providers/chembl/assay.md,2,**Провайдер:** `chembl`,src/bioetl/composition/providers/provider_registry.py:82,http_config: Конфигурация HTTP клиента (None если провайдер,нет,Уточнить формулировку и/или добавить ссылку на реализацию в коде.
docs/04-reference/providers/chembl/assay.md,3,**Сущность:** `assay`,src/tools/verify_schema_parity.py:8,from bioetl.domain.entities.chembl_activity import Assay,нет,Уточнить формулировку и/или добавить ссылку на реализацию в коде.
docs/04-reference/providers/chembl/assay.md,4,**Версия схемы:** 1.2.0,,,нет,Уточнить формулировку и/или добавить ссылку на реализацию в коде.
docs/04-reference/providers/chembl/assay.md,6,"Каждая запись описывает экспериментальный метод измерения биологической активности, включая тип анализа, организм, условия и метаданные качества.",src/bioetl/domain/exceptions/data_quality.py:7,Категория: DataQualityErrors - ошибки качества данных на уровне содержательной,нет,Уточнить формулировку и/или добавить ссылку на реализацию в коде.
docs/04-reference/providers/chembl/assay.md,9,"Сущность `Assay` содержит **39 полей**, сгруппированных по категориям:",src/bioetl/domain/entities/chembl_structures.py:21,Содержит только поля ChEMBL; общие поля публикации наследуются,нет,Уточнить формулировку и/или добавить ссылку на реализацию в коде.
docs/04-reference/providers/chembl/assay.md,11,> **Примечание**: Поля `variant_*` извлекаются из вложенного словаря API с помощью `flatten_nested_dict()`.,src/bioetl/application/core/dict_transformers.py:287,"""""""Безопасно извлекает значение из словаря с логированием.",нет,Уточнить формулировку и/или добавить ссылку на реализацию в коде.
docs/04-reference/providers/chembl/assay.md,12,Поле `variant_sequence_json` сохраняет оригинальную структуру для аудита.,src/bioetl/application/core/dict_transformers.py:199,"""""""Нормализует строковое поле.",нет,Уточнить формулировку и/или добавить ссылку на реализацию в коде.
docs/04-reference/providers/chembl/assay.md,14,**`assay_chembl_id`** — обязательное поле,src/bioetl/application/core/dict_transformers.py:199,"""""""Нормализует строковое поле.",нет,Уточнить формулировку и/или добавить ссылку на реализацию в коде.
docs/04-reference/providers/chembl/assay.md,15,"**`confidence_score`** ∈ [0, 9] если присутствует",src/bioetl/infrastructure/adapters/chembl/models.py:258,confidence_score: int | None = Field(,нет,Уточнить формулировку и/или добавить ссылку на реализацию в коде.
docs/04-reference/providers/chembl/assay.md,16,"**`assay_type`** ∈ {B, F, A, T, U, P} (рекомендуется)",src/bioetl/infrastructure/adapters/chembl/models.py:160,"assay_type: str | None = Field(default=None, description=""Assay type code"")",нет,Уточнить формулировку и/или добавить ссылку на реализацию в коде.
docs/04-reference/providers/chembl/assay.md,19,По умолчанию в Gold попадают анализы:,src/tools/scripts/duplicate_function_analyzer.py:65,"f""По умолчанию: {', '.join(DEFAULT_PATTERNS)}""",нет,Уточнить формулировку и/или добавить ссылку на реализацию в коде.
docs/04-reference/providers/chembl/assay.md,21,`confidence_score` >= 4,src/bioetl/infrastructure/adapters/chembl/models.py:258,confidence_score: int | None = Field(,нет,Уточнить формулировку и/или добавить ссылку на реализацию в коде.
docs/04-reference/providers/chembl/assay.md,23,Для инкрементальных запусков используется `assay_chembl_id` как watermark:,src/bioetl/composition/providers/decorators.py:49,"Если указана, используется вместо стандартной логики.",нет,Уточнить формулировку и/или добавить ссылку на реализацию в коде.
docs/04-reference/providers/chembl/assay.md,24,*Последнее обновление: 2025-12-24*,src/bioetl/interfaces/orchestration/__init__.py:11,- Signal handlers were removed in 2025-12-31 (CLI handles KeyboardInterrupt directly),нет,Уточнить формулировку и/или добавить ссылку на реализацию в коде.
docs/04-reference/providers/chembl/cell-line.md,2,**Провайдер:** `chembl`,src/bioetl/composition/providers/provider_registry.py:82,http_config: Конфигурация HTTP клиента (None если провайдер,нет,Уточнить формулировку и/или добавить ссылку на реализацию в коде.
docs/04-reference/providers/chembl/cell-line.md,3,**Сущность:** `cell_line`,src/bioetl/composition/factories/transformer_factory.py:196,"register_transformer(""chembl"", ""cell_line"", CellLineTransformer)",нет,Уточнить формулировку и/или добавить ссылку на реализацию в коде.
docs/04-reference/providers/chembl/cell-line.md,4,**Версия схемы:** 1.2.0,,,нет,Уточнить формулировку и/или добавить ссылку на реализацию в коде.
docs/04-reference/providers/chembl/cell-line.md,5,Пайплайн извлекает данные о клеточных линиях из API ChEMBL.,src/bioetl/application/pipelines/pubmed/__init__.py:18,"""""""Пайплайн для данных о публикациях из PubMed.",нет,Уточнить формулировку и/или добавить ссылку на реализацию в коде.
docs/04-reference/providers/chembl/cell-line.md,6,"Клеточные линии — это биологические объекты, используемые для in vitro экспериментов.",src/bioetl/domain/entities/chembl_structures.py:180,Cell lines are biological objects used for in vitro experiments.,нет,Уточнить формулировку и/или добавить ссылку на реализацию в коде.
docs/04-reference/providers/chembl/cell-line.md,11,**cell_source_tax_id:** Валидируется через `validate_positive_int()` (должен быть >= 1),src/bioetl/infrastructure/adapters/chembl/models.py:592,cell_source_tax_id: int | None = Field(default=None),нет,Уточнить формулировку и/или добавить ссылку на реализацию в коде.
docs/04-reference/providers/chembl/cell-line.md,14,**`cell_name`** — обязательное,src/bioetl/infrastructure/adapters/chembl/models.py:589,cell_name: str | None = Field(default=None),нет,Уточнить формулировку и/или добавить ссылку на реализацию в коде.
docs/04-reference/providers/chembl/cell-line.md,16,"**Внешние ID** — если указаны, валидируются по regex:",src/bioetl/infrastructure/schemas/pipeline_config.py:72,"pattern: str | None = Field(default=None, description=""Regex pattern"")",нет,Уточнить формулировку и/или добавить ссылку на реализацию в коде.
docs/04-reference/providers/chembl/cell-line.md,17,`cellosaurus_id`: `^CVCL_[A-Z0-9]+$`,src/bioetl/domain/schemas/constants.py:27,"CELLOSAURUS_ID_PATTERN = r""^CVCL_[A-Z0-9]+$""",нет,Уточнить формулировку и/или добавить ссылку на реализацию в коде.
docs/04-reference/providers/chembl/cell-line.md,18,`clo_id`: `^CLO_\d+$`,src/bioetl/domain/schemas/constants.py:23,"CLO_ID_PATTERN = r""^CLO_\d+$""  # Cell Line Ontology",нет,Уточнить формулировку и/или добавить ссылку на реализацию в коде.
docs/04-reference/providers/chembl/cell-line.md,19,`efo_id`: `^EFO_\d+$`,src/bioetl/domain/schemas/constants.py:24,"EFO_ID_PATTERN = r""^EFO_\d+$""  # Experimental Factor Ontology",нет,Уточнить формулировку и/или добавить ссылку на реализацию в коде.
docs/04-reference/providers/chembl/cell-line.md,20,*Последнее обновление: 2025-01-05*,src/bioetl/interfaces/orchestration/__init__.py:11,- Signal handlers were removed in 2025-12-31 (CLI handles KeyboardInterrupt directly),нет,Уточнить формулировку и/или добавить ссылку на реализацию в коде.
docs/04-reference/providers/chembl/compound-record.md,2,**Провайдер:** `chembl`,src/bioetl/composition/providers/provider_registry.py:82,http_config: Конфигурация HTTP клиента (None если провайдер,нет,Уточнить формулировку и/или добавить ссылку на реализацию в коде.
docs/04-reference/providers/chembl/compound-record.md,3,**Сущность:** `compound_record`,src/bioetl/composition/builders.py:103,"simultaneously (AND logic). E.g., compound_record filtered by both",нет,Уточнить формулировку и/или добавить ссылку на реализацию в коде.
docs/04-reference/providers/chembl/compound-record.md,4,**Версия схемы:** 1.2.0,,,нет,Уточнить формулировку и/или добавить ссылку на реализацию в коде.
docs/04-reference/providers/chembl/compound-record.md,7,**Назначение:** Сопоставление молекул с публикациями и отслеживание оригинальных наименований соединений в научной литературе.,,,нет,Уточнить формулировку и/или добавить ссылку на реализацию в коде.
docs/04-reference/providers/chembl/compound-record.md,8,**Граф зависимостей:**,,,нет,Уточнить формулировку и/или добавить ссылку на реализацию в коде.
docs/04-reference/providers/chembl/compound-record.md,9,Для полного анализа рекомендуется сначала загрузить `chembl_molecule` и `chembl_publication`,src/bioetl/application/core/dict_transformers.py:255,Выполняет базовую синтаксическую проверку без полного парсинга молекулы.,нет,Уточнить формулировку и/или добавить ссылку на реализацию в коде.
docs/04-reference/providers/chembl/compound-record.md,10,`src_id` ссылается на источник данных ChEMBL (1 = ChEMBL),src/tools/create_pipeline.py:201,"""--provider"", required=True, help=""Provider name (snake_case, e.g., 'chembl')""",нет,Уточнить формулировку и/или добавить ссылку на реализацию в коде.
docs/04-reference/providers/chembl/compound-record.md,16,`molecule_chembl_id`,src/bioetl/interfaces/cli/commands/run.py:164,"help=""API field name to filter by (default: 'molecule_chembl_id')"",",нет,Уточнить формулировку и/или добавить ссылку на реализацию в коде.
docs/04-reference/providers/chembl/compound-record.md,17,`document_chembl_id`,src/bioetl/composition/builders.py:104,molecule_chembl_id and document_chembl_id.,нет,Уточнить формулировку и/или добавить ссылку на реализацию в коде.
docs/04-reference/providers/chembl/compound-record.md,19,*Последнее обновление: 2025-01-05*,src/bioetl/interfaces/orchestration/__init__.py:11,- Signal handlers were removed in 2025-12-31 (CLI handles KeyboardInterrupt directly),нет,Уточнить формулировку и/или добавить ссылку на реализацию в коде.
docs/04-reference/providers/chembl/molecule.md,2,**Провайдер:** `chembl`,src/bioetl/composition/providers/provider_registry.py:82,http_config: Конфигурация HTTP клиента (None если провайдер,нет,Уточнить формулировку и/или добавить ссылку на реализацию в коде.
docs/04-reference/providers/chembl/molecule.md,3,**Сущность:** `molecule`,src/tools/verify_schema_parity.py:9,"from bioetl.domain.entities.chembl_structures import Molecule, Target",нет,Уточнить формулировку и/или добавить ссылку на реализацию в коде.
docs/04-reference/providers/chembl/molecule.md,4,**Версия схемы:** 1.2.0,,,нет,Уточнить формулировку и/или добавить ссылку на реализацию в коде.
docs/04-reference/providers/chembl/molecule.md,5,Пайплайн извлекает данные о химических соединениях из API ChEMBL.,src/bioetl/application/pipelines/pubmed/__init__.py:18,"""""""Пайплайн для данных о публикациях из PubMed.",нет,Уточнить формулировку и/или добавить ссылку на реализацию в коде.
docs/04-reference/providers/chembl/molecule.md,6,"Каждая запись содержит информацию о структуре молекулы, физико-химических свойствах и идентификаторах.",src/bioetl/domain/entities/chembl_structures.py:21,Содержит только поля ChEMBL; общие поля публикации наследуются,нет,Уточнить формулировку и/или добавить ссылку на реализацию в коде.
docs/04-reference/providers/chembl/molecule.md,8,`molecule_hierarchy` → `hierarchy_*` поля,src/bioetl/application/pipelines/chembl/molecule_transformer.py:226,"""hierarchy_"",",нет,Уточнить формулировку и/или добавить ссылку на реализацию в коде.
docs/04-reference/providers/chembl/molecule.md,9,`molecule_properties` → `property_*` поля,src/bioetl/application/pipelines/chembl/molecule_transformer.py:200,"""property_"",",нет,Уточнить формулировку и/или добавить ссылку на реализацию в коде.
docs/04-reference/providers/chembl/molecule.md,10,`molecule_structures` → `structure_*` поля,src/bioetl/infrastructure/adapters/chembl/models.py:378,molecule_structures: MoleculeStructures | None = Field(default=None),нет,Уточнить формулировку и/или добавить ссылку на реализацию в коде.
docs/04-reference/providers/chembl/molecule.md,12,**`structure_canonical_smiles`** — рекомендуется для анализа,src/tools/scripts/migrations/rename_structure_fields.py:5,- structure_canonical_smiles -> canonical_smiles,нет,Уточнить формулировку и/или добавить ссылку на реализацию в коде.
docs/04-reference/providers/chembl/molecule.md,13,*Последнее обновление: 2025-12-27*,src/bioetl/interfaces/orchestration/__init__.py:11,- Signal handlers were removed in 2025-12-31 (CLI handles KeyboardInterrupt directly),нет,Уточнить формулировку и/или добавить ссылку на реализацию в коде.
docs/04-reference/providers/chembl/protein-class.md,2,**Провайдер:** `chembl`,src/bioetl/composition/providers/provider_registry.py:82,http_config: Конфигурация HTTP клиента (None если провайдер,нет,Уточнить формулировку и/или добавить ссылку на реализацию в коде.
docs/04-reference/providers/chembl/protein-class.md,3,**Сущность:** `protein_class`,src/bioetl/composition/factories/transformer_factory.py:207,"register_transformer(""chembl"", ""protein_class"", ProteinClassTransformer)",нет,Уточнить формулировку и/или добавить ссылку на реализацию в коде.
docs/04-reference/providers/chembl/protein-class.md,4,**Версия схемы:** 1.2.0,,,нет,Уточнить формулировку и/или добавить ссылку на реализацию в коде.
docs/04-reference/providers/chembl/protein-class.md,5,Пайплайн извлекает иерархическую классификацию белков из API ChEMBL.,src/bioetl/application/pipelines/pubmed/__init__.py:18,"""""""Пайплайн для данных о публикациях из PubMed.",нет,Уточнить формулировку и/или добавить ссылку на реализацию в коде.
docs/04-reference/providers/chembl/protein-class.md,6,"Справочная таблица (~1,500 записей) содержит классы ферментов, типы рецепторов и другие категории белков.",src/bioetl/domain/filtering/load_result.py:23,total_count: Всего записей в источнике (до дедупликации).,нет,Уточнить формулировку и/или добавить ссылку на реализацию в коде.
docs/04-reference/providers/chembl/protein-class.md,7,Используется для аннотации таргетов.,src/bioetl/composition/providers/decorators.py:49,"Если указана, используется вместо стандартной логики.",нет,Уточнить формулировку и/или добавить ссылку на реализацию в коде.
docs/04-reference/providers/chembl/protein-class.md,11,**`pref_name`** — обязательное (название класса),src/bioetl/composition/providers/decorators.py:53,Декоратор класса,нет,Уточнить формулировку и/или добавить ссылку на реализацию в коде.
docs/04-reference/providers/chembl/protein-class.md,13,Фильтр `downgraded = 0` — исключение устаревших записей,src/bioetl/domain/filtering/load_result.py:23,total_count: Всего записей в источнике (до дедупликации).,нет,Уточнить формулировку и/или добавить ссылку на реализацию в коде.
docs/04-reference/providers/chembl/protein-class.md,14,**Full load** — справочная таблица загружается полностью при каждом запуске.,src/bioetl/composition/providers/provider_registry.py:247,"""""""Создаёт полностью настроенный data source с поддержкой фильтрации.",нет,Уточнить формулировку и/или добавить ссылку на реализацию в коде.
docs/04-reference/providers/chembl/protein-class.md,16,Silver-таблица партиционируется по полю `class_level` для оптимизации иерархических запросов.,src/bioetl/infrastructure/schemas/silver.py:997,"pa.field(""class_level"", pa.int64()),",нет,Уточнить формулировку и/или добавить ссылку на реализацию в коде.
docs/04-reference/providers/chembl/protein-class.md,17,"Gold-таблица сортируется по `class_level`, `sort_order`, `protein_class_id`.",src/bioetl/infrastructure/schemas/silver.py:1008,"pa.field(""sort_order"", pa.int64()),",нет,Уточнить формулировку и/или добавить ссылку на реализацию в коде.
docs/04-reference/providers/chembl/protein-class.md,18,*Последнее обновление: 2026-01-06*,src/bioetl/composition/_services.py:4,Split from entrypoints.py per audit-package-structure-2026-02-07.,нет,Уточнить формулировку и/или добавить ссылку на реализацию в коде.
docs/04-reference/providers/chembl/publication-similarity.md,2,**Провайдер:** `chembl`,src/bioetl/composition/providers/provider_registry.py:82,http_config: Конфигурация HTTP клиента (None если провайдер,нет,Уточнить формулировку и/или добавить ссылку на реализацию в коде.
docs/04-reference/providers/chembl/publication-similarity.md,3,**Сущность:** `publication_similarity`,src/bioetl/composition/factories/pipeline_factories.py:129,from bioetl.domain.schemas.chembl.publication_similarity import (,нет,Уточнить формулировку и/или добавить ссылку на реализацию в коде.
docs/04-reference/providers/chembl/publication-similarity.md,4,**Версия схемы:** 1.2.0,,,нет,Уточнить формулировку и/или добавить ссылку на реализацию в коде.
docs/04-reference/providers/chembl/publication-similarity.md,5,Пайплайн извлекает данные о сходстве публикаций (коэффициенты Танимото) из API ChEMBL.,src/bioetl/application/pipelines/pubmed/__init__.py:18,"""""""Пайплайн для данных о публикациях из PubMed.",нет,Уточнить формулировку и/или добавить ссылку на реализацию в коде.
docs/04-reference/providers/chembl/publication-similarity.md,6,Используется для анализа связей между научными публикациями на основе молекулярного и таргетного сходства.,src/tools/scripts/duplicate_function_analyzer.py:129,"""""""Посчитать хеш тела функции на основе AST.""""""",нет,Уточнить формулировку и/или добавить ссылку на реализацию в коде.
docs/04-reference/providers/chembl/publication-similarity.md,10,**`sim_id`** — обязательное,src/bioetl/infrastructure/schemas/silver.py:739,"pa.field(""sim_id"", pa.int64()),",нет,Уточнить формулировку и/или добавить ссылку на реализацию в коде.
docs/04-reference/providers/chembl/publication-similarity.md,14,*Последнее обновление: 2026-01-06*,src/bioetl/composition/_services.py:4,Split from entrypoints.py per audit-package-structure-2026-02-07.,нет,Уточнить формулировку и/или добавить ссылку на реализацию в коде.
docs/04-reference/providers/chembl/publication-term.md,2,**Провайдер:** `chembl`,src/bioetl/composition/providers/provider_registry.py:82,http_config: Конфигурация HTTP клиента (None если провайдер,нет,Уточнить формулировку и/или добавить ссылку на реализацию в коде.
docs/04-reference/providers/chembl/publication-term.md,3,**Сущность:** `publication_term`,src/bioetl/composition/providers/registration.py:140,"if pipeline_config.entity_type == ""publication_term"":",нет,Уточнить формулировку и/или добавить ссылку на реализацию в коде.
docs/04-reference/providers/chembl/publication-term.md,4,**Версия схемы:** 1.2.0,,,нет,Уточнить формулировку и/или добавить ссылку на реализацию в коде.
docs/04-reference/providers/chembl/publication-term.md,7,**Типы терминов:**,,,нет,Уточнить формулировку и/или добавить ссылку на реализацию в коде.
docs/04-reference/providers/chembl/publication-term.md,10,"`KEYWORD` — Ключевые слова, заданные авторами",src/bioetl/composition/factories/data_source_factory.py:62,**kwargs: Additional keyword arguments to pass to the adapter constructor.,нет,Уточнить формулировку и/или добавить ссылку на реализацию в коде.
docs/04-reference/providers/chembl/publication-term.md,14,Трансформер извлекает термины из двух полей публикации:,src/bioetl/domain/entities/chembl_structures.py:21,Содержит только поля ChEMBL; общие поля публикации наследуются,нет,Уточнить формулировку и/или добавить ссылку на реализацию в коде.
docs/04-reference/providers/chembl/publication-term.md,16,`keywords` — массив ключевых слов авторов,src/bioetl/application/pipelines/pubmed/extractors/author.py:195,"""""""Нормализовать список авторов в формат 'LastName, Initials'.",нет,Уточнить формулировку и/или добавить ссылку на реализацию в коде.
docs/04-reference/providers/chembl/publication-term.md,18,"**`term`** — обязательное, минимум 1 символ",src/bioetl/domain/filtering/range_filter.py:19,include_min: Включать ли минимум (>=). Default: True.,нет,Уточнить формулировку и/или добавить ссылку на реализацию в коде.
docs/04-reference/providers/chembl/publication-term.md,20,Silver-таблица партиционирована по `term_type` для эффективных запросов по типу термина.,src/bioetl/infrastructure/adapters/chembl/entity_mapper.py:230,"('document_chembl_id', 'term_type', 'term')",нет,Уточнить формулировку и/или добавить ссылку на реализацию в коде.
docs/04-reference/providers/chembl/publication-term.md,21,`chembl_publication_term` — производная от `chembl_publication`.,src/bioetl/composition/factories/pipeline_factories.py:273,"pipeline_name=""chembl_publication_term"",",нет,Уточнить формулировку и/или добавить ссылку на реализацию в коде.
docs/04-reference/providers/chembl/publication-term.md,22,Для полного покрытия рекомендуется сначала загрузить публикации:,src/bioetl/application/core/dict_transformers.py:255,Выполняет базовую синтаксическую проверку без полного парсинга молекулы.,нет,Уточнить формулировку и/или добавить ссылку на реализацию в коде.
docs/04-reference/providers/chembl/publication-term.md,23,*Последнее обновление: 2026-01-05*,src/bioetl/composition/_services.py:4,Split from entrypoints.py per audit-package-structure-2026-02-07.,нет,Уточнить формулировку и/или добавить ссылку на реализацию в коде.
docs/04-reference/providers/chembl/publication.md,2,**Провайдер:** `chembl`,src/bioetl/composition/providers/provider_registry.py:82,http_config: Конфигурация HTTP клиента (None если провайдер,нет,Уточнить формулировку и/или добавить ссылку на реализацию в коде.
docs/04-reference/providers/chembl/publication.md,3,**Сущность:** `publication`,src/bioetl/interfaces/cli/commands/run_composite.py:49,"composite_name: Name of composite pipeline (e.g., 'publication').",нет,Уточнить формулировку и/или добавить ссылку на реализацию в коде.
docs/04-reference/providers/chembl/publication.md,4,**Версия схемы:** 1.2.0,,,нет,Уточнить формулировку и/или добавить ссылку на реализацию в коде.
docs/04-reference/providers/chembl/publication.md,6,"Публикации связывают биоактивные данные с их первоисточниками (статьи, патенты).",src/bioetl/domain/entities/chembl_structures.py:21,Содержит только поля ChEMBL; общие поля публикации наследуются,нет,Уточнить формулировку и/или добавить ссылку на реализацию в коде.
docs/04-reference/providers/chembl/publication.md,8,**`document_chembl_id`** — обязательное,src/bioetl/composition/builders.py:104,molecule_chembl_id and document_chembl_id.,нет,Уточнить формулировку и/или добавить ссылку на реализацию в коде.
docs/04-reference/providers/chembl/publication.md,10,*Последнее обновление: 2025-12-27*,src/bioetl/interfaces/orchestration/__init__.py:11,- Signal handlers were removed in 2025-12-31 (CLI handles KeyboardInterrupt directly),нет,Уточнить формулировку и/или добавить ссылку на реализацию в коде.
docs/04-reference/providers/chembl/target-component.md,2,**Провайдер:** `chembl`,src/bioetl/composition/providers/provider_registry.py:82,http_config: Конфигурация HTTP клиента (None если провайдер,нет,Уточнить формулировку и/или добавить ссылку на реализацию в коде.
docs/04-reference/providers/chembl/target-component.md,3,**Сущность:** `target_component`,src/bioetl/composition/factories/transformer_factory.py:209,"register_transformer(""chembl"", ""target_component"", TargetComponentTransformer)",нет,Уточнить формулировку и/или добавить ссылку на реализацию в коде.
docs/04-reference/providers/chembl/target-component.md,4,**Версия схемы:** 1.2.0,,,нет,Уточнить формулировку и/или добавить ссылку на реализацию в коде.
docs/04-reference/providers/chembl/target-component.md,5,Пайплайн извлекает данные о компонентах мишеней из API ChEMBL.,src/bioetl/application/pipelines/pubmed/__init__.py:18,"""""""Пайплайн для данных о публикациях из PubMed.",нет,Уточнить формулировку и/или добавить ссылку на реализацию в коде.
docs/04-reference/providers/chembl/target-component.md,6,"Компоненты мишеней — это отдельные белки или субъединицы, входящие в состав сложных мишеней.",src/bioetl/composition/providers/provider_registry.py:88,"сложных случаев (например, PubMed с API key логикой)",нет,Уточнить формулировку и/или добавить ссылку на реализацию в коде.
docs/04-reference/providers/chembl/target-component.md,8,*Последнее обновление: 2025-12-27*,src/bioetl/interfaces/orchestration/__init__.py:11,- Signal handlers were removed in 2025-12-31 (CLI handles KeyboardInterrupt directly),нет,Уточнить формулировку и/или добавить ссылку на реализацию в коде.
docs/04-reference/providers/chembl/target.md,2,**Провайдер:** `chembl`,src/bioetl/composition/providers/provider_registry.py:82,http_config: Конфигурация HTTP клиента (None если провайдер,нет,Уточнить формулировку и/или добавить ссылку на реализацию в коде.
docs/04-reference/providers/chembl/target.md,3,**Сущность:** `target`,src/tools/verify_schema_parity.py:9,"from bioetl.domain.entities.chembl_structures import Molecule, Target",нет,Уточнить формулировку и/или добавить ссылку на реализацию в коде.
docs/04-reference/providers/chembl/target.md,4,**Версия схемы:** 1.2.0,,,нет,Уточнить формулировку и/или добавить ссылку на реализацию в коде.
docs/04-reference/providers/chembl/target.md,5,Пайплайн извлекает данные о биологических мишенях из API ChEMBL.,src/bioetl/application/pipelines/pubmed/__init__.py:18,"""""""Пайплайн для данных о публикациях из PubMed.",нет,Уточнить формулировку и/или добавить ссылку на реализацию в коде.
docs/04-reference/providers/chembl/target.md,6,"Мишени включают белки, нуклеиновые кислоты и другие биомолекулы, на которые направлено действие лекарств.",src/bioetl/domain/filtering/load_result.py:26,"duplicates: ID, которые встречались более одного раза.",нет,Уточнить формулировку и/или добавить ссылку на реализацию в коде.
docs/04-reference/providers/chembl/target.md,8,Компоненты мишени (`target_components`) агрегируются в списки:,src/bioetl/application/core/dict_transformers.py:155,"""""""Агрегирует вложенные списки из списка словарей.",нет,Уточнить формулировку и/или добавить ссылку на реализацию в коде.
docs/04-reference/providers/chembl/target.md,9,"`component_accessions`, `component_ids`, `component_types`",src/bioetl/infrastructure/schemas/silver.py:464,"pa.field(""component_accessions"", pa.list_(pa.string())),",нет,Уточнить формулировку и/или добавить ссылку на реализацию в коде.
docs/04-reference/providers/chembl/target.md,10,"`component_organisms`, `component_tax_ids`",src/bioetl/domain/entities/chembl.py:489,component_tax_ids: list[int] | None = Field(,нет,Уточнить формулировку и/или добавить ссылку на реализацию в коде.
docs/04-reference/providers/chembl/target.md,11,**`target_chembl_id`** — обязательное,src/bioetl/infrastructure/adapters/chembl/models.py:77,target_chembl_id: str | None = Field(,нет,Уточнить формулировку и/или добавить ссылку на реализацию в коде.
docs/04-reference/providers/chembl/target.md,12,**`target_type`** — должен быть валидным типом,src/bioetl/infrastructure/adapters/chembl/models.py:425,"target_type: str | None = Field(default=None, description=""Target type"")",нет,Уточнить формулировку и/или добавить ссылку на реализацию в коде.
docs/04-reference/providers/chembl/target.md,13,*Последнее обновление: 2025-12-27*,src/bioetl/interfaces/orchestration/__init__.py:11,- Signal handlers were removed in 2025-12-31 (CLI handles KeyboardInterrupt directly),нет,Уточнить формулировку и/или добавить ссылку на реализацию в коде.
docs/04-reference/providers/crossref/publication.md,2,**Провайдер:** `crossref`,src/bioetl/composition/providers/provider_registry.py:82,http_config: Конфигурация HTTP клиента (None если провайдер,нет,Уточнить формулировку и/или добавить ссылку на реализацию в коде.
docs/04-reference/providers/crossref/publication.md,4,**Версия схемы:** 1.2.0,,,нет,Уточнить формулировку и/или добавить ссылку на реализацию в коде.
docs/04-reference/providers/crossref/publication.md,5,______________________________________________________________________,,,нет,Уточнить формулировку и/или добавить ссылку на реализацию в коде.
docs/04-reference/providers/crossref/publication.md,10,**Резолюция DOI** — получение полных метаданных по списку DOI,src/bioetl/composition/_pipeline_execution.py:113,"or ""doi"",  # Default to DOI for publications",нет,Уточнить формулировку и/или добавить ссылку на реализацию в коде.
docs/04-reference/providers/crossref/publication.md,11,______________________________________________________________________,,,нет,Уточнить формулировку и/или добавить ссылку на реализацию в коде.
docs/04-reference/providers/crossref/publication.md,12,______________________________________________________________________,,,нет,Уточнить формулировку и/или добавить ссылку на реализацию в коде.
docs/04-reference/providers/crossref/publication.md,14,Вычисляется по бизнес-полям публикации для дедупликации:,src/bioetl/domain/entities/chembl_structures.py:21,Содержит только поля ChEMBL; общие поля публикации наследуются,нет,Уточнить формулировку и/или добавить ссылку на реализацию в коде.
docs/04-reference/providers/crossref/publication.md,17,______________________________________________________________________,,,нет,Уточнить формулировку и/или добавить ссылку на реализацию в коде.
docs/04-reference/providers/crossref/publication.md,19,Пайплайн поддерживает пакетную резолюцию DOI:,src/bioetl/application/pipelines/pubmed/__init__.py:18,"""""""Пайплайн для данных о публикациях из PubMed.",нет,Уточнить формулировку и/или добавить ссылку на реализацию в коде.
docs/04-reference/providers/crossref/publication.md,21,Значительно эффективнее индивидуальных запросов,,,нет,Уточнить формулировку и/или добавить ссылку на реализацию в коде.
docs/04-reference/providers/crossref/publication.md,25,Проверяется релевантность найденного результата,,,нет,Уточнить формулировку и/или добавить ссылку на реализацию в коде.
docs/04-reference/providers/crossref/publication.md,26,______________________________________________________________________,,,нет,Уточнить формулировку и/или добавить ссылку на реализацию в коде.
docs/04-reference/providers/crossref/publication.md,28,______________________________________________________________________,,,нет,Уточнить формулировку и/или добавить ссылку на реализацию в коде.
docs/04-reference/providers/crossref/publication.md,30,______________________________________________________________________,,,нет,Уточнить формулировку и/или добавить ссылку на реализацию в коде.
docs/04-reference/providers/crossref/publication.md,31,______________________________________________________________________,,,нет,Уточнить формулировку и/или добавить ссылку на реализацию в коде.
docs/04-reference/providers/crossref/publication.md,32,______________________________________________________________________,,,нет,Уточнить формулировку и/или добавить ссылку на реализацию в коде.
docs/04-reference/providers/crossref/publication.md,33,______________________________________________________________________,,,нет,Уточнить формулировку и/или добавить ссылку на реализацию в коде.
docs/04-reference/providers/crossref/publication.md,34,______________________________________________________________________,,,нет,Уточнить формулировку и/или добавить ссылку на реализацию в коде.
docs/04-reference/providers/crossref/publication.md,35,*Последнее обновление: 2026-01-05*,src/bioetl/composition/_services.py:4,Split from entrypoints.py per audit-package-structure-2026-02-07.,нет,Уточнить формулировку и/или добавить ссылку на реализацию в коде.
docs/04-reference/providers/openalex/publication.md,2,**Провайдер:** `openalex`,src/bioetl/composition/providers/provider_registry.py:82,http_config: Конфигурация HTTP клиента (None если провайдер,нет,Уточнить формулировку и/или добавить ссылку на реализацию в коде.
docs/04-reference/providers/openalex/publication.md,4,**Версия схемы:** 1.2.0,,,нет,Уточнить формулировку и/или добавить ссылку на реализацию в коде.
docs/04-reference/providers/openalex/publication.md,5,______________________________________________________________________,,,нет,Уточнить формулировку и/или добавить ссылку на реализацию в коде.
docs/04-reference/providers/openalex/publication.md,7,"Используется для обогащения публикаций метаданными об открытом доступе, цитированиях и концептах.",src/bioetl/domain/filtering/load_result.py:14,"""""""Результат загрузки фильтра ID с метаданными о дубликатах.",нет,Уточнить формулировку и/или добавить ссылку на реализацию в коде.
docs/04-reference/providers/openalex/publication.md,8,**Резолюция DOI** — получение полных метаданных публикаций по списку DOI,src/bioetl/composition/_pipeline_execution.py:113,"or ""doi"",  # Default to DOI for publications",нет,Уточнить формулировку и/или добавить ссылку на реализацию в коде.
docs/04-reference/providers/openalex/publication.md,13,Оба термина обозначают одну сущность — научную публикацию,src/bioetl/domain/filtering/gold_config.py:72,"""""""Проверяет одну колонку по оператору.",нет,Уточнить формулировку и/или добавить ссылку на реализацию в коде.
docs/04-reference/providers/openalex/publication.md,14,______________________________________________________________________,,,нет,Уточнить формулировку и/или добавить ссылку на реализацию в коде.
docs/04-reference/providers/openalex/publication.md,15,______________________________________________________________________,,,нет,Уточнить формулировку и/или добавить ссылку на реализацию в коде.
docs/04-reference/providers/openalex/publication.md,17,Трансформер делегирует извлечение полей в `extractors.py`:,src/bioetl/application/core/dict_transformers.py:8,- extract_list_field: Извлечение поля из списка словарей,нет,Уточнить формулировку и/или добавить ссылку на реализацию в коде.
docs/04-reference/providers/openalex/publication.md,18,Вычисляется по бизнес-полям публикации для дедупликации:,src/bioetl/domain/entities/chembl_structures.py:21,Содержит только поля ChEMBL; общие поля публикации наследуются,нет,Уточнить формулировку и/или добавить ссылку на реализацию в коде.
docs/04-reference/providers/openalex/publication.md,22,______________________________________________________________________,,,нет,Уточнить формулировку и/или добавить ссылку на реализацию в коде.
docs/04-reference/providers/openalex/publication.md,24,**Важно:** Переменная окружения `BIOETL_OPENALEX_EMAIL` обязательна для production.,src/bioetl/domain/exceptions/infrastructure.py:7,Категория: InfrastructureErrors - ошибки инфраструктуры и окружения (сбой файловой,нет,Уточнить формулировку и/или добавить ссылку на реализацию в коде.
docs/04-reference/providers/openalex/publication.md,25,Пайплайн поддерживает пакетную резолюцию DOI:,src/bioetl/application/pipelines/pubmed/__init__.py:18,"""""""Пайплайн для данных о публикациях из PubMed.",нет,Уточнить формулировку и/или добавить ссылку на реализацию в коде.
docs/04-reference/providers/openalex/publication.md,27,Значительно эффективнее индивидуальных запросов,,,нет,Уточнить формулировку и/или добавить ссылку на реализацию в коде.
docs/04-reference/providers/openalex/publication.md,28,Pipe (`|`) используется как разделитель DOI,src/bioetl/domain/schemas/semanticscholar/publication.py:129,"description=""Publication types (pipe-delimited string)"",",нет,Уточнить формулировку и/или добавить ссылку на реализацию в коде.
docs/04-reference/providers/openalex/publication.md,29,При неудачной резолюции DOI:,src/bioetl/composition/_pipeline_execution.py:113,"or ""doi"",  # Default to DOI for publications",нет,Уточнить формулировку и/или добавить ссылку на реализацию в коде.
docs/04-reference/providers/openalex/publication.md,32,"Специальные символы экранируются: `:`, `|`, `,` удаляются, пробелы → `+`",src/bioetl/application/core/dict_transformers.py:201,Удаляет пробельные символы по краям и возвращает None для пустых строк.,нет,Уточнить формулировку и/или добавить ссылку на реализацию в коде.
docs/04-reference/providers/openalex/publication.md,35,Поиск выполняется только по заголовку,src/bioetl/domain/medallion.py:237,"""""""Очистить только Silver, сохранить Gold.""""""",нет,Уточнить формулировку и/или добавить ссылку на реализацию в коде.
docs/04-reference/providers/openalex/publication.md,37,`_original_doi` остаётся пустым,src/bioetl/domain/filtering/column_filter.py:26,"IS_EMPTY: Значение должно быть ""пустым"" (None, """", [], {}).",нет,Уточнить формулировку и/или добавить ссылку на реализацию в коде.
docs/04-reference/providers/openalex/publication.md,39,"Трансформер реконструирует полный текст: `""This is an abstract""`.",src/bioetl/application/pipelines/pubmed/extractors/base.py:56,Выполняет полный цикл извлечения и нормализации данных.,нет,Уточнить формулировку и/или добавить ссылку на реализацию в коде.
docs/04-reference/providers/openalex/publication.md,40,______________________________________________________________________,,,нет,Уточнить формулировку и/или добавить ссылку на реализацию в коде.
docs/04-reference/providers/openalex/publication.md,43,______________________________________________________________________,,,нет,Уточнить формулировку и/или добавить ссылку на реализацию в коде.
docs/04-reference/providers/openalex/publication.md,45,______________________________________________________________________,,,нет,Уточнить формулировку и/или добавить ссылку на реализацию в коде.
docs/04-reference/providers/openalex/publication.md,46,______________________________________________________________________,,,нет,Уточнить формулировку и/или добавить ссылку на реализацию в коде.
docs/04-reference/providers/openalex/publication.md,47,______________________________________________________________________,,,нет,Уточнить формулировку и/или добавить ссылку на реализацию в коде.
docs/04-reference/providers/openalex/publication.md,48,______________________________________________________________________,,,нет,Уточнить формулировку и/или добавить ссылку на реализацию в коде.
docs/04-reference/providers/openalex/publication.md,49,______________________________________________________________________,,,нет,Уточнить формулировку и/или добавить ссылку на реализацию в коде.
docs/04-reference/providers/openalex/publication.md,50,**VCR Configuration** (для test_adapter.py):,src/tools/file_merger.py:600,"""""""Merge all configuration YAML files into a single output file.",нет,Уточнить формулировку и/или добавить ссылку на реализацию в коде.
docs/04-reference/providers/openalex/publication.md,51,______________________________________________________________________,,,нет,Уточнить формулировку и/или добавить ссылку на реализацию в коде.
docs/04-reference/providers/openalex/publication.md,52,______________________________________________________________________,,,нет,Уточнить формулировку и/или добавить ссылку на реализацию в коде.
docs/04-reference/providers/openalex/publication.md,53,*Последнее обновление: 2026-01-06*,src/bioetl/composition/_services.py:4,Split from entrypoints.py per audit-package-structure-2026-02-07.,нет,Уточнить формулировку и/или добавить ссылку на реализацию в коде.
docs/04-reference/providers/pubchem/compound.md,2,**Провайдер:** `pubchem`,src/bioetl/composition/providers/provider_registry.py:82,http_config: Конфигурация HTTP клиента (None если провайдер,нет,Уточнить формулировку и/или добавить ссылку на реализацию в коде.
docs/04-reference/providers/pubchem/compound.md,3,**Сущность:** `compound`,src/bioetl/composition/factories/transformer_factory.py:40,"entity_type: Entity type (e.g., 'activity', 'compound').",нет,Уточнить формулировку и/или добавить ссылку на реализацию в коде.
docs/04-reference/providers/pubchem/compound.md,7,**Стратегия:** `incremental` по `cid`.,src/bioetl/infrastructure/adapters/filterable_mixin.py:90,"the primary IDs are always resolvable (e.g., CID for PubChem, PMID for PubMed).",нет,Уточнить формулировку и/или добавить ссылку на реализацию в коде.
docs/04-reference/providers/pubchem/compound.md,9,Дедупликация записей.,src/bioetl/domain/filtering/load_result.py:23,total_count: Всего записей в источнике (до дедупликации).,нет,Уточнить формулировку и/или добавить ссылку на реализацию в коде.
docs/04-reference/providers/pubchem/compound.md,10,Валидация схемы.,src/bioetl/application/core/dict_transformers.py:12,- validate_smiles: Валидация SMILES строки (delegated to domain),нет,Уточнить формулировку и/или добавить ссылку на реализацию в коде.
docs/04-reference/providers/pubchem/compound.md,14,[Project Rules](../../RULES.md) - Правила обработки данных,src/tools/scripts/migrate_openalex_citation_count.py:24,- RULES.md §2.4 (Schema Standards),нет,Уточнить формулировку и/или добавить ссылку на реализацию в коде.
docs/04-reference/providers/pubmed/publication.md,2,**Провайдер:** `pubmed`,src/bioetl/composition/providers/provider_registry.py:82,http_config: Конфигурация HTTP клиента (None если провайдер,нет,Уточнить формулировку и/или добавить ссылку на реализацию в коде.
docs/04-reference/providers/pubmed/publication.md,3,**Сущность:** `publication`,src/bioetl/interfaces/cli/commands/run_composite.py:49,"composite_name: Name of composite pipeline (e.g., 'publication').",нет,Уточнить формулировку и/или добавить ссылку на реализацию в коде.
docs/04-reference/providers/pubmed/publication.md,4,**Версия схемы:** 1.0.0,,,нет,Уточнить формулировку и/или добавить ссылку на реализацию в коде.
docs/04-reference/providers/pubmed/publication.md,6,Используется для обогащения биоактивных данных ссылками на первоисточники.,src/bioetl/composition/providers/decorators.py:49,"Если указана, используется вместо стандартной логики.",нет,Уточнить формулировку и/или добавить ссылку на реализацию в коде.
docs/04-reference/providers/pubmed/publication.md,9,Трансформер использует `xml_utils.py` для парсинга.,src/bioetl/composition/providers/provider_registry.py:231,HttpConfig или None если провайдер не использует общий HTTP клиент,нет,Уточнить формулировку и/или добавить ссылку на реализацию в коде.
docs/04-reference/providers/pubmed/publication.md,14,Устанавливайте `limit` при тестировании,src/bioetl/interfaces/cli/commands/quarantine.py:40,"@click.option(""--limit"", type=int, default=100, help=""Maximum records to show"")",нет,Уточнить формулировку и/или добавить ссылку на реализацию в коде.
docs/04-reference/providers/pubmed/publication.md,16,*Последнее обновление: 2025-12-27*,src/bioetl/interfaces/orchestration/__init__.py:11,- Signal handlers were removed in 2025-12-31 (CLI handles KeyboardInterrupt directly),нет,Уточнить формулировку и/или добавить ссылку на реализацию в коде.
docs/04-reference/providers/semanticscholar/publication.md,2,**Провайдер:** `semanticscholar`,src/bioetl/composition/providers/provider_registry.py:82,http_config: Конфигурация HTTP клиента (None если провайдер,нет,Уточнить формулировку и/или добавить ссылку на реализацию в коде.
docs/04-reference/providers/semanticscholar/publication.md,3,**Сущность:** `publication`,src/bioetl/interfaces/cli/commands/run_composite.py:49,"composite_name: Name of composite pipeline (e.g., 'publication').",нет,Уточнить формулировку и/или добавить ссылку на реализацию в коде.
docs/04-reference/providers/semanticscholar/publication.md,4,**Версия схемы:** 1.0.0,,,нет,Уточнить формулировку и/или добавить ссылку на реализацию в коде.
docs/04-reference/providers/semanticscholar/publication.md,9,**Резолюция DOI** — получение полных метаданных по списку DOI,src/bioetl/composition/_pipeline_execution.py:113,"or ""doi"",  # Default to DOI for publications",нет,Уточнить формулировку и/или добавить ссылку на реализацию в коде.
docs/04-reference/providers/semanticscholar/publication.md,10,**Поиск по заголовку** — когда DOI отсутствует или не найден в базе S2,src/bioetl/composition/_pipeline_execution.py:113,"or ""doi"",  # Default to DOI for publications",нет,Уточнить формулировку и/или добавить ссылку на реализацию в коде.
docs/04-reference/providers/semanticscholar/publication.md,12,**TLDR** — AI-сгенерированное краткое описание статьи,src/bioetl/infrastructure/adapters/semanticscholar/fallback.py:36,"""openAccessPdf,tldr,fieldsOfStudy,publicationTypes,journal""",нет,Уточнить формулировку и/или добавить ссылку на реализацию в коде.
docs/04-reference/providers/semanticscholar/publication.md,16,Вычисляется по бизнес-полям для дедупликации:,src/bioetl/domain/filtering/load_result.py:23,total_count: Всего записей в источнике (до дедупликации).,нет,Уточнить формулировку и/или добавить ссылку на реализацию в коде.
docs/04-reference/providers/semanticscholar/publication.md,25,Ответ возвращает `null` для ненайденных DOI в том же порядке,src/bioetl/composition/providers/provider_registry.py:138,"""""""Возвращает конфигурацию провайдера.",нет,Уточнить формулировку и/или добавить ссылку на реализацию в коде.
docs/04-reference/providers/semanticscholar/publication.md,26,Значительно эффективнее индивидуальных запросов,,,нет,Уточнить формулировку и/или добавить ссылку на реализацию в коде.
docs/04-reference/providers/semanticscholar/publication.md,27,При получении `null` для DOI:,src/tools/scripts/config_matrix_generator.py:29,"items[new_key] = str(v) if v is not None else ""null""",нет,Уточнить формулировку и/или добавить ссылку на реализацию в коде.
docs/04-reference/providers/semanticscholar/publication.md,32,Сразу выполняется поиск по заголовку,,,нет,Уточнить формулировку и/или добавить ссылку на реализацию в коде.
docs/04-reference/providers/semanticscholar/publication.md,35,Примечание: Для записей без DOI оставьте поле пустым — будет использован поиск по заголовку.,src/bioetl/domain/filtering/load_result.py:23,total_count: Всего записей в источнике (до дедупликации).,нет,Уточнить формулировку и/или добавить ссылку на реализацию в коде.
docs/04-reference/providers/semanticscholar/publication.md,39,Поиск публикаций.,,,нет,Уточнить формулировку и/или добавить ссылку на реализацию в коде.
docs/04-reference/providers/semanticscholar/publication.md,41,*Последнее обновление: 2026-01-06*,src/bioetl/composition/_services.py:4,Split from entrypoints.py per audit-package-structure-2026-02-07.,нет,Уточнить формулировку и/или добавить ссылку на реализацию в коде.
docs/04-reference/providers/uniprot/idmapping.md,2,**Провайдер:** `uniprot`,src/bioetl/composition/providers/provider_registry.py:82,http_config: Конфигурация HTTP клиента (None если провайдер,нет,Уточнить формулировку и/или добавить ссылку на реализацию в коде.
docs/04-reference/providers/uniprot/idmapping.md,3,**Сущность:** `idmapping`,src/bioetl/composition/factories/transformer_factory.py:216,"register_transformer(""uniprot"", ""idmapping"", IDMappingTransformer)",нет,Уточнить формулировку и/или добавить ссылку на реализацию в коде.
docs/04-reference/providers/uniprot/idmapping.md,4,**Версия схемы:** 1.0.0,,,нет,Уточнить формулировку и/или добавить ссылку на реализацию в коде.
docs/04-reference/providers/uniprot/idmapping.md,8,**Обогащение данных об активности** — связь bioactivity records с белковыми структурами,src/bioetl/composition/providers/decorators.py:36,"""""""Декоратор для регистрации провайдера данных.",нет,Уточнить формулировку и/или добавить ссылку на реализацию в коде.
docs/04-reference/providers/uniprot/idmapping.md,28,Комплексные мишени (multi-protein complexes),src/bioetl/domain/entities/chembl_structures.py:110,pipeline_stages: str | None = None  # JSON string (for complexes/families),нет,Уточнить формулировку и/или добавить ссылку на реализацию в коде.
docs/04-reference/providers/uniprot/idmapping.md,32,**Поддерживаемые базы данных:**,src/bioetl/composition/providers/decorators.py:36,"""""""Декоратор для регистрации провайдера данных.",нет,Уточнить формулировку и/или добавить ссылку на реализацию в коде.
docs/04-reference/providers/uniprot/idmapping.md,35,**Ограничения:**,,,нет,Уточнить формулировку и/или добавить ссылку на реализацию в коде.
docs/04-reference/providers/uniprot/idmapping.md,42,[Project Rules](../../RULES.md) — Правила обработки данных,src/tools/scripts/migrate_openalex_citation_count.py:24,- RULES.md §2.4 (Schema Standards),нет,Уточнить формулировку и/или добавить ссылку на реализацию в коде.
docs/04-reference/providers/uniprot/protein.md,2,**Провайдер:** `uniprot`,src/bioetl/composition/providers/provider_registry.py:82,http_config: Конфигурация HTTP клиента (None если провайдер,нет,Уточнить формулировку и/или добавить ссылку на реализацию в коде.
docs/04-reference/providers/uniprot/protein.md,3,**Сущность:** `protein`,src/bioetl/composition/factories/transformer_factory.py:215,"register_transformer(""uniprot"", ""protein"", UniProtProteinTransformer)",нет,Уточнить формулировку и/или добавить ссылку на реализацию в коде.
docs/04-reference/providers/uniprot/protein.md,7,**Стратегия:** `incremental` по `accession`.,src/bioetl/interfaces/cli/commands/run.py:145,"type=click.Choice([""incremental"", ""backfill"", ""rebuild""]),",нет,Уточнить формулировку и/или добавить ссылку на реализацию в коде.
docs/04-reference/providers/uniprot/protein.md,9,Дедупликация записей.,src/bioetl/domain/filtering/load_result.py:23,total_count: Всего записей в источнике (до дедупликации).,нет,Уточнить формулировку и/или добавить ссылку на реализацию в коде.
docs/04-reference/providers/uniprot/protein.md,10,Валидация схемы.,src/bioetl/application/core/dict_transformers.py:12,- validate_smiles: Валидация SMILES строки (delegated to domain),нет,Уточнить формулировку и/или добавить ссылку на реализацию в коде.
docs/04-reference/providers/uniprot/protein.md,14,[Project Rules](../../RULES.md) - Правила обработки данных,src/tools/scripts/migrate_openalex_citation_count.py:24,- RULES.md §2.4 (Schema Standards),нет,Уточнить формулировку и/или добавить ссылку на реализацию в коде.
docs/04-reference/publication-fields-reference.md,1,**Версия:** 1.0.0,,,нет,Уточнить формулировку и/или добавить ссылку на реализацию в коде.
docs/04-reference/publication-fields-reference.md,2,**Дата:** 2026-02-06,src/bioetl/composition/_services.py:4,Split from entrypoints.py per audit-package-structure-2026-02-07.,нет,Уточнить формулировку и/или добавить ссылку на реализацию в коде.
docs/04-reference/publication-fields-reference.md,3,**Источник:** `publication_validation_schema_v3.xlsx`,src/bioetl/interfaces/cli/commands/export.py:4,"to CSV, XLSX, and TSV formats.",нет,Уточнить формулировку и/или добавить ссылку на реализацию в коде.
docs/04-reference/publication-fields-reference.md,4,**Охват:** 191 поле × 5 провайдеров,src/bioetl/application/core/dict_transformers.py:199,"""""""Нормализует строковое поле.",нет,Уточнить формулировку и/или добавить ссылку на реализацию в коде.
docs/04-reference/publication-fields-reference.md,5,[Обзор](#обзор),,,нет,Уточнить формулировку и/или добавить ссылку на реализацию в коде.
docs/04-reference/publication-fields-reference.md,6,[Общая статистика](#общая-статистика),,,нет,Уточнить формулировку и/или добавить ссылку на реализацию в коде.
docs/04-reference/publication-fields-reference.md,8,[ChEMBL](#chembl),src/tools/create_pipeline.py:201,"""--provider"", required=True, help=""Provider name (snake_case, e.g., 'chembl')""",нет,Уточнить формулировку и/или добавить ссылку на реализацию в коде.
docs/04-reference/publication-fields-reference.md,9,[PubMed](#pubmed),src/bioetl/interfaces/cli/commands/run_composite.py:212,"with multiple enricher pipelines (CrossRef, OpenAlex, PubMed, etc.) to",нет,Уточнить формулировку и/или добавить ссылку на реализацию в коде.
docs/04-reference/publication-fields-reference.md,10,[CrossRef](#crossref),src/tools/scripts/migrate_openalex_citation_count.py:6,naming convention used by CrossRef and SemanticScholar providers.,нет,Уточнить формулировку и/или добавить ссылку на реализацию в коде.
docs/04-reference/publication-fields-reference.md,11,[OpenAlex](#openalex),src/tools/scripts/migrate_openalex_citation_count.py:2,"""""""Migration script: Rename cited_by_count to citation_count in OpenAlex tables.",нет,Уточнить формулировку и/или добавить ссылку на реализацию в коде.
docs/04-reference/publication-fields-reference.md,13,[Легенда символов](#легенда-символов),,,нет,Уточнить формулировку и/или добавить ссылку на реализацию в коде.
docs/04-reference/publication-fields-reference.md,18,**OpenAlex** — открытая база научных публикаций и цитирований,src/tools/scripts/migrate_openalex_citation_count.py:2,"""""""Migration script: Rename cited_by_count to citation_count in OpenAlex tables.",нет,Уточнить формулировку и/или добавить ссылку на реализацию в коде.
docs/04-reference/publication-fields-reference.md,20,Каждое поле описано с точки зрения:,src/bioetl/application/core/dict_transformers.py:199,"""""""Нормализует строковое поле.",нет,Уточнить формулировку и/или добавить ссылку на реализацию в коде.
docs/04-reference/publication-fields-reference.md,25,**Категория** (группировка по назначению),src/bioetl/domain/exceptions/infrastructure.py:7,Категория: InfrastructureErrors - ошибки инфраструктуры и окружения (сбой файловой,нет,Уточнить формулировку и/или добавить ссылку на реализацию в коде.
docs/04-reference/publication-fields-reference.md,30,**Примечания:**,,,нет,Уточнить формулировку и/или добавить ссылку на реализацию в коде.
docs/04-reference/publication-fields-reference.md,41,**Validation Guide:** `docs/03-guides/publication-validation-guide.md`,src/bioetl/domain/mapping/publication_type_classification.py:1063,"(""Study Guide"", ""Educational & Instructional"", ""REV"", ""—"", ""—"", ""Study Guide"", ""—""),",нет,Уточнить формулировку и/или добавить ссылку на реализацию в коде.
docs/04-reference/publication-fields-reference.md,42,"**Тесты:** `tests_generated/` (471 тест, 64% покрытие)",,,нет,Уточнить формулировку и/или добавить ссылку на реализацию в коде.
docs/04-reference/publication-fields-reference.md,43,**Версия документа:** 1.0.0,,,нет,Уточнить формулировку и/или добавить ссылку на реализацию в коде.
docs/04-reference/publication-fields-reference.md,44,**Последнее обновление:** 2026-02-06,src/bioetl/composition/_services.py:4,Split from entrypoints.py per audit-package-structure-2026-02-07.,нет,Уточнить формулировку и/или добавить ссылку на реализацию в коде.
docs/04-reference/publication-fields-reference.md,45,**Статус:** Готов к использованию ✅,,,нет,Уточнить формулировку и/или добавить ссылку на реализацию в коде.
docs/04-reference/publication-validation-index.md,1,**Версия:** 1.0.0,,,нет,Уточнить формулировку и/или добавить ссылку на реализацию в коде.
docs/04-reference/publication-validation-index.md,2,**Дата:** 2026-02-06,src/bioetl/composition/_services.py:4,Split from entrypoints.py per audit-package-structure-2026-02-07.,нет,Уточнить формулировку и/или добавить ссылку на реализацию в коде.
docs/04-reference/publication-validation-index.md,3,**Статус:** Production Ready ✅,src/bioetl/composition/bootstrap_logger.py:79,This is intended for test fixtures only. Do not use in production code.,нет,Уточнить формулировку и/или добавить ссылку на реализацию в коде.
docs/04-reference/publication-validation-index.md,5,**Ключевые метрики:**,,,нет,Уточнить формулировку и/или добавить ссылку на реализацию в коде.
docs/04-reference/publication-validation-index.md,6,📊 **191 поле** × 5 провайдеров,src/bioetl/application/core/dict_transformers.py:199,"""""""Нормализует строковое поле.",нет,Уточнить формулировку и/или добавить ссылку на реализацию в коде.
docs/04-reference/publication-validation-index.md,8,🧪 **471 тест** (64% от целевых 735),,,нет,Уточнить формулировку и/или добавить ссылку на реализацию в коде.
docs/04-reference/publication-validation-index.md,9,📈 **Target DQ Pass Rate:** ≥ 95%,src/tools/create_pipeline.py:97,pass,нет,Уточнить формулировку и/или добавить ссылку на реализацию в коде.
docs/04-reference/publication-validation-index.md,10,**Связанные ADR:**,src/tools/_gen.py:11,"adr_path = base / "".claude/agents/adr-manager.md""",нет,Уточнить формулировку и/или добавить ссылку на реализацию в коде.
docs/04-reference/publication-validation-index.md,14,**Test Organization:**,src/bioetl/infrastructure/adapters/pubmed/models.py:56,"default=None, description=""Collective/organization name""",нет,Уточнить формулировку и/или добавить ссылку на реализацию в коде.
docs/04-reference/publication-validation-index.md,18,📊 End-to-End workflow (sequence diagram),src/bioetl/infrastructure/adapters/uniprot/models.py:238,"end: dict[str, Any] | None = Field(default=None, description=""End position"")",нет,Уточнить формулировку и/или добавить ссылку на реализацию в коде.
docs/04-reference/publication-validation-index.md,19,**Пример записи:**,,,нет,Уточнить формулировку и/или добавить ссылку на реализацию в коде.
docs/04-reference/publication-validation-index.md,21,[Validation Guide](../03-guides/publication-validation-guide.md) — Примеры кода,src/bioetl/domain/mapping/publication_type_classification.py:1063,"(""Study Guide"", ""Educational & Instructional"", ""REV"", ""—"", ""—"", ""Study Guide"", ""—""),",нет,Уточнить формулировку и/или добавить ссылку на реализацию в коде.
docs/04-reference/publication-validation-index.md,22,**Реализовать:**,,,нет,Уточнить формулировку и/или добавить ссылку на реализацию в коде.
docs/04-reference/publication-validation-index.md,24,Реализовать StructuralValidator / LogicalValidator,,,нет,Уточнить формулировку и/или добавить ссылку на реализацию в коде.
docs/04-reference/publication-validation-index.md,25,Интегрировать в трансформер,,,нет,Уточнить формулировку и/или добавить ссылку на реализацию в коде.
docs/04-reference/publication-validation-index.md,26,**Тестировать:**,,,нет,Уточнить формулировку и/или добавить ссылку на реализацию в коде.
docs/04-reference/publication-validation-index.md,27,Запустить `pytest tests_generated/` — проверить существующие тесты,src/tools/scripts/duplicate_function_analyzer.py:95,"""""""Проверить, нужно ли исключить путь из сканирования.""""""",нет,Уточнить формулировку и/или добавить ссылку на реализацию в коде.
docs/04-reference/publication-validation-index.md,29,**Документировать:**,,,нет,Уточнить формулировку и/или добавить ссылку на реализацию в коде.
docs/04-reference/publication-validation-index.md,32,**Настроить мониторинг:**,,,нет,Уточнить формулировку и/или добавить ссылку на реализацию в коде.
docs/04-reference/publication-validation-index.md,35,**При алерте:**,,,нет,Уточнить формулировку и/или добавить ссылку на реализацию в коде.
docs/04-reference/publication-validation-index.md,37,Следовать процедурам диагностики по уровням валидации,src/bioetl/domain/exceptions/validation.py:7,"Категория: ValidationErrors - ошибки валидации данных и схем (нарушение формата,",нет,Уточнить формулировку и/или добавить ссылку на реализацию в коде.
docs/04-reference/publication-validation-index.md,38,Использовать bash-команды для troubleshooting,,,нет,Уточнить формулировку и/или добавить ссылку на реализацию в коде.
docs/04-reference/publication-validation-index.md,39,**Escalation:**,,,нет,Уточнить формулировку и/или добавить ссылку на реализацию в коде.
docs/04-reference/publication-validation-index.md,44,**Изучить тесты:**,,,нет,Уточнить формулировку и/или добавить ссылку на реализацию в коде.
docs/04-reference/publication-validation-index.md,45,[Test Suite README](../../tests_generated/README.md),src/tools/create_pipeline.py:10,4. Unit Test Skeleton (Python),нет,Уточнить формулировку и/или добавить ссылку на реализацию в коде.
docs/04-reference/publication-validation-index.md,47,**Расширить покрытие:**,,,нет,Уточнить формулировку и/или добавить ссылку на реализацию в коде.
docs/04-reference/publication-validation-index.md,50,External Verification: заменить mocks на VCR cassettes,src/bioetl/application/composite/merger.py:335,or StoragePort when delta_reader is not set (for testing with mocks).,нет,Уточнить формулировку и/или добавить ссылку на реализацию в коде.
docs/04-reference/publication-validation-index.md,51,**Target coverage:**,src/bioetl/domain/value_objects/publication_field_groups.py:414,"to have this field. For exact provider coverage, see the",нет,Уточнить формулировку и/или добавить ссылку на реализацию в коде.
docs/04-reference/publication-validation-index.md,52,Base: 500 tests (сейчас 329 — **66%**),src/bioetl/interfaces/http/health_server.py:133,"await self._send_response(writer, 500, ""Internal Server Error"")",нет,Уточнить формулировку и/или добавить ссылку на реализацию в коде.
docs/04-reference/publication-validation-index.md,53,Structural: 80 tests (сейчас 16 — **20%**),src/tools/scripts/config_matrix_generator.py:229,"f.write(""\n### C. Structural inconsistencies\n\n"")",нет,Уточнить формулировку и/или добавить ссылку на реализацию в коде.
docs/04-reference/publication-validation-index.md,54,External: 40 tests (сейчас 16 — **40%**),src/tools/create_pipeline.py:153,"'''""""""Unit tests for ${provider_title} ${entity_title} Pipeline.""""""",нет,Уточнить формулировку и/или добавить ссылку на реализацию в коде.
docs/04-reference/publication-validation-index.md,55,Logical: 60 tests (сейчас 12 — **20%**),src/bioetl/infrastructure/observability/logging.py:9,- dataset: logical table name (SHOULD),нет,Уточнить формулировку и/или добавить ссылку на реализацию в коде.
docs/04-reference/publication-validation-index.md,56,Semantic: 30 tests (сейчас 13 — **43%**),src/tools/create_pipeline.py:153,"'''""""""Unit tests for ${provider_title} ${entity_title} Pipeline.""""""",нет,Уточнить формулировку и/или добавить ссылку на реализацию в коде.
docs/04-reference/publication-validation-index.md,58,Добавить правила в `publication_validation_schema_v3.xlsx`,src/tools/scripts/duplicate_function_analyzer.py:280,"""""""Добавить секцию в общий dry-run отчет.""""""",нет,Уточнить формулировку и/или добавить ссылку на реализацию в коде.
docs/04-reference/publication-validation-index.md,59,Сгенерировать тесты из XLSX (скрипт: `scratchpad/generate_tests.py`),src/bioetl/interfaces/cli/commands/export.py:4,"to CSV, XLSX, and TSV formats.",нет,Уточнить формулировку и/или добавить ссылку на реализацию в коде.
docs/04-reference/publication-validation-index.md,64,Интегрировать в pipeline workflow (после LogicalValidator),src/tools/scripts/lint_terminology.py:59,"r""class\s+\w*Workflow\b"": (",нет,Уточнить формулировку и/или добавить ссылку на реализацию в коде.
docs/04-reference/publication-validation-index.md,67,Обновить [Validation Guide](../03-guides/publication-validation-guide.md) с описанием уровня,src/bioetl/domain/mapping/publication_type_classification.py:1063,"(""Study Guide"", ""Educational & Instructional"", ""REV"", ""—"", ""—"", ""Study Guide"", ""—""),",нет,Уточнить формулировку и/или добавить ссылку на реализацию в коде.
docs/04-reference/publication-validation-index.md,70,Написать parametrized test,src/tools/create_pipeline.py:10,4. Unit Test Skeleton (Python),нет,Уточнить формулировку и/или добавить ссылку на реализацию в коде.
docs/04-reference/publication-validation-index.md,72,Добавить метод в `StructuralValidator`,src/tools/scripts/duplicate_function_analyzer.py:280,"""""""Добавить секцию в общий dry-run отчет.""""""",нет,Уточнить формулировку и/или добавить ссылку на реализацию в коде.
docs/04-reference/publication-validation-index.md,74,**Для Logical Validation:**,src/bioetl/infrastructure/observability/logging.py:9,- dataset: logical table name (SHOULD),нет,Уточнить формулировку и/или добавить ссылку на реализацию в коде.
docs/04-reference/publication-validation-index.md,75,Добавить метод в `LogicalValidator`,src/tools/scripts/duplicate_function_analyzer.py:280,"""""""Добавить секцию в общий dry-run отчет.""""""",нет,Уточнить формулировку и/или добавить ссылку на реализацию в коде.
docs/04-reference/publication-validation-index.md,76,Написать parametrized test с граничными значениями,src/bioetl/application/core/dict_transformers.py:44,словарь с None значениями для всех ключей.,нет,Уточнить формулировку и/или добавить ссылку на реализацию в коде.
docs/04-reference/publication-validation-index.md,78,Добавить NLP check в `SemanticValidator`,src/tools/scripts/duplicate_function_analyzer.py:280,"""""""Добавить секцию в общий dry-run отчет.""""""",нет,Уточнить формулировку и/или добавить ссылку на реализацию в коде.
docs/04-reference/publication-validation-index.md,79,Mock NLP модель в тестах,src/tools/create_pipeline.py:158,from unittest.mock import MagicMock,нет,Уточнить формулировку и/или добавить ссылку на реализацию в коде.
docs/04-reference/publication-validation-index.md,88,**Data Engineering Team:** `#bioetl-dev` (Slack),src/bioetl/infrastructure/schemas/pipeline_config.py:511,"owner: ""data-team""",нет,Уточнить формулировку и/или добавить ссылку на реализацию в коде.
docs/04-reference/publication-validation-index.md,89,**Support:** `#bioetl-support` (Slack),src/bioetl/composition/services/versioning.py:8,These utilities support PipelineMetadata population as per RULES.md §2.3.,нет,Уточнить формулировку и/или добавить ссылку на реализацию в коде.
docs/04-reference/publication-validation-index.md,90,**On-Call:** `bioetl-oncall` (PagerDuty),src/tools/scripts/duplicate_function_analyzer.py:172,"def visit_Call(self, node: ast.Call) -> None:",нет,Уточнить формулировку и/или добавить ссылку на реализацию в коде.
docs/04-reference/publication-validation-index.md,91,**Lead:** data-eng-lead@company.com,src/bioetl/domain/exceptions/internal.py:169,which could lead to data inconsistency.,нет,Уточнить формулировку и/или добавить ссылку на реализацию в коде.
docs/04-reference/publication-validation-index.md,92,**Версия документа:** 1.0.0,,,нет,Уточнить формулировку и/или добавить ссылку на реализацию в коде.
docs/04-reference/publication-validation-index.md,93,**Последнее обновление:** 2026-02-06,src/bioetl/composition/_services.py:4,Split from entrypoints.py per audit-package-structure-2026-02-07.,нет,Уточнить формулировку и/или добавить ссылку на реализацию в коде.
docs/04-reference/publication-validation-index.md,94,**Владелец:** Data Engineering Team,src/bioetl/infrastructure/schemas/pipeline_config.py:511,"owner: ""data-team""",нет,Уточнить формулировку и/или добавить ссылку на реализацию в коде.
docs/04-reference/publication-validation-index.md,95,**Статус:** Production Ready ✅,src/bioetl/composition/bootstrap_logger.py:79,This is intended for test fixtures only. Do not use in production code.,нет,Уточнить формулировку и/или добавить ссылку на реализацию в коде.
docs/04-reference/schemas/domain/chembl/activity-schema.md,16,"`standard_units` = `""nM""`",src/bioetl/infrastructure/adapters/chembl/models.py:91,standard_units: str | None = Field(,нет,Уточнить формулировку и/или добавить ссылку на реализацию в коде.
docs/04-reference/schemas/domain/chembl/activity-schema.md,17,"`standard_relation` = `""=""`",src/bioetl/infrastructure/adapters/chembl/models.py:85,standard_relation: str | None = Field(,нет,Уточнить формулировку и/или добавить ссылку на реализацию в коде.
docs/04-reference/schemas/domain/chembl/activity-schema.md,18,`standard_value` > 0,src/bioetl/infrastructure/adapters/chembl/models.py:88,standard_value: str | float | None = Field(,нет,Уточнить формулировку и/или добавить ссылку на реализацию в коде.
docs/04-reference/schemas/domain/chembl/activity-schema.md,19,`target_chembl_id` is not null,src/bioetl/infrastructure/adapters/chembl/models.py:77,target_chembl_id: str | None = Field(,нет,Уточнить формулировку и/или добавить ссылку на реализацию в коде.
docs/04-reference/schemas/domain/chembl/activity-schema.md,20,*Build reliably.,src/tools/scripts/duplicate_function_analyzer.py:23,"""build"",",нет,Уточнить формулировку и/или добавить ссылку на реализацию в коде.
docs/04-reference/schemas/domain/chembl/activity-schema.md,21,Document honestly.,src/tools/scripts/migrations/migrate_pmid_to_string.py:4,This script migrates existing ChEMBL Document and Document Similarity tables,нет,Уточнить формулировку и/или добавить ссылку на реализацию в коде.
docs/04-reference/schemas/domain/chembl/assay-schema.md,7,**Assay Categories:**,src/tools/scripts/config_matrix_generator.py:209,"f.write(""\n## 3. Discrepancy Categories\n\n"")",нет,Уточнить формулировку и/или добавить ссылку на реализацию в коде.
docs/04-reference/schemas/domain/chembl/assay-schema.md,8,`screening` - High-throughput screening,src/bioetl/domain/services/normalization_config.py:132,"""""""Create configuration optimized for HTS screening data.",нет,Уточнить формулировку и/или добавить ссылку на реализацию в коде.
docs/04-reference/schemas/domain/chembl/assay-schema.md,9,`confirmatory` - Confirmatory assay,src/bioetl/domain/schemas/constants.py:117,"""confirmatory"",",нет,Уточнить формулировку и/или добавить ссылку на реализацию в коде.
docs/04-reference/schemas/domain/chembl/assay-schema.md,10,`panel` - Panel assay,src/bioetl/domain/entities/chembl.py:467,"dap_id: int | None = Field(default=None, description=""Drug-Affinity Panel ID"")",нет,Уточнить формулировку и/или добавить ссылку на реализацию в коде.
docs/04-reference/schemas/domain/chembl/assay-schema.md,11,`summary` - Summary data,src/tools/scripts/config_matrix_generator.py:7,2. A summary of discrepancies categorized by type,нет,Уточнить формулировку и/или добавить ссылку на реализацию в коде.
docs/04-reference/schemas/domain/chembl/assay-schema.md,12,`other` - Other category,src/bioetl/interfaces/__init__.py:11,architecture and depends on all other layers per RULES.md.,нет,Уточнить формулировку и/или добавить ссылку на реализацию в коде.
docs/04-reference/schemas/domain/chembl/assay-schema.md,14,*Build reliably.,src/tools/scripts/duplicate_function_analyzer.py:23,"""build"",",нет,Уточнить формулировку и/или добавить ссылку на реализацию в коде.
docs/04-reference/schemas/domain/chembl/assay-schema.md,15,Document honestly.,src/tools/scripts/migrations/migrate_pmid_to_string.py:4,This script migrates existing ChEMBL Document and Document Similarity tables,нет,Уточнить формулировку и/или добавить ссылку на реализацию в коде.
docs/04-reference/schemas/domain/chembl/molecule-schema.md,9,"`Oligonucleotide`, `Oligosaccharide`, `Cell`, `Enzyme`",src/bioetl/domain/schemas/constants.py:138,"""Oligonucleotide"",",нет,Уточнить формулировку и/или добавить ссылку на реализацию в коде.
docs/04-reference/schemas/domain/chembl/molecule-schema.md,10,"`Unknown`, `Unclassified`",src/bioetl/domain/schemas/constants.py:143,"""Unclassified"",",нет,Уточнить формулировку и/или добавить ссылку на реализацию в коде.
docs/04-reference/schemas/domain/chembl/molecule-schema.md,12,> for consistency with PubChem.,src/tools/scripts/migrations/migrate_pmid_to_string.py:5,from int64 pubmed_id to string pubmed_id for cross-provider consistency.,нет,Уточнить формулировку и/или добавить ссылку на реализацию в коде.
docs/04-reference/schemas/domain/chembl/molecule-schema.md,13,See migration guide below.,src/bioetl/domain/mapping/publication_type_classification.py:1063,"(""Study Guide"", ""Educational & Instructional"", ""REV"", ""—"", ""—"", ""Study Guide"", ""—""),",нет,Уточнить формулировку и/или добавить ссылку на реализацию в коде.
docs/04-reference/schemas/domain/chembl/molecule-schema.md,19,*Build reliably.,src/tools/scripts/duplicate_function_analyzer.py:23,"""build"",",нет,Уточнить формулировку и/или добавить ссылку на реализацию в коде.
docs/04-reference/schemas/domain/chembl/molecule-schema.md,20,Document honestly.,src/tools/scripts/migrations/migrate_pmid_to_string.py:4,This script migrates existing ChEMBL Document and Document Similarity tables,нет,Уточнить формулировку и/или добавить ссылку на реализацию в коде.
docs/04-reference/schemas/domain/chembl/target-schema.md,14,`TISSUE` - Tissue target,src/bioetl/infrastructure/adapters/chembl/models.py:243,"assay_tissue: str | None = Field(default=None, description=""Tissue type"")",нет,Уточнить формулировку и/или добавить ссылку на реализацию в коде.
docs/04-reference/schemas/domain/chembl/target-schema.md,15,`ORGANISM` - Whole organism,src/bioetl/infrastructure/adapters/chembl/models.py:184,"default=None, description=""Target organism name""",нет,Уточнить формулировку и/или добавить ссылку на реализацию в коде.
docs/04-reference/schemas/domain/chembl/target-schema.md,16,`MACROMOLECULE` - DNA/RNA targets,src/bioetl/domain/schemas/constants.py:167,"""MACROMOLECULE"",",нет,Уточнить формулировку и/или добавить ссылку на реализацию в коде.
docs/04-reference/schemas/domain/chembl/target-schema.md,18,`LIPID` - Lipid target,src/bioetl/domain/schemas/constants.py:169,"""LIPID"",",нет,Уточнить формулировку и/или добавить ссылку на реализацию в коде.
docs/04-reference/schemas/domain/chembl/target-schema.md,19,`METAL` - Metal target,src/bioetl/domain/schemas/constants.py:170,"""METAL"",",нет,Уточнить формулировку и/или добавить ссылку на реализацию в коде.
docs/04-reference/schemas/domain/chembl/target-schema.md,22,*Build reliably.,src/tools/scripts/duplicate_function_analyzer.py:23,"""build"",",нет,Уточнить формулировку и/или добавить ссылку на реализацию в коде.
docs/04-reference/schemas/domain/chembl/target-schema.md,23,Document honestly.,src/tools/scripts/migrations/migrate_pmid_to_string.py:4,This script migrates existing ChEMBL Document and Document Similarity tables,нет,Уточнить формулировку и/или добавить ссылку на реализацию в коде.
docs/04-reference/templates/pipeline-review-checklist.md,1,*Synced with RULES.md v5.17 (2026-01-05)*,src/bioetl/composition/_services.py:4,Split from entrypoints.py per audit-package-structure-2026-02-07.,нет,Уточнить формулировку и/или добавить ссылку на реализацию в коде.
docs/04-reference/templates/pipeline-review-checklist.md,12,[ ] `forensic_retention` flag set for Critical tables if needed,src/tools/create_pipeline.py:308,"""3. Register any new factories if needed (though GenericPipelineFactory should handle it)""",нет,Уточнить формулировку и/или добавить ссылку на реализацию в коде.
docs/04-reference/templates/pipeline-review-checklist.md,16,[ ] No in-place format migrations,src/bioetl/composition/__init__.py:3,This package contains the Composition Root - the single place where,нет,Уточнить формулировку и/или добавить ссылку на реализацию в коде.
docs/04-reference/templates/pipeline-review-checklist.md,19,[ ] `primary_key` defined for deduplication,src/tools/scripts/validate_unified_configs.py:24,"REQUIRED_SINK_SILVER = {""path"", ""primary_key"", ""partition_by"", ""csv_export""}",нет,Уточнить формулировку и/или добавить ссылку на реализацию в коде.
docs/04-reference/templates/pipeline-review-checklist.md,20,[ ] `partition_by` specified,src/tools/scripts/validate_unified_configs.py:24,"REQUIRED_SINK_SILVER = {""path"", ""primary_key"", ""partition_by"", ""csv_export""}",нет,Уточнить формулировку и/или добавить ссылку на реализацию в коде.
docs/04-reference/templates/pipeline-review-checklist.md,27,"[ ] Sentinel values NOT used (-1, ""N/A"", 9999)",src/bioetl/composition/bootstrap_logger.py:8,"- No run_id binding (uses ""bootstrap"" sentinel)",нет,Уточнить формулировку и/или добавить ссылку на реализацию в коде.
docs/04-reference/templates/pipeline-review-checklist.md,31,[ ] Lineage recorded in `sys.lineage_log`,src/bioetl/infrastructure/adapters/openalex/client.py:712,"""""""Number of recorded API requests since last clear.""""""",нет,Уточнить формулировку и/или добавить ссылку на реализацию в коде.
docs/04-reference/templates/pipeline-review-checklist.md,52,[ ] `ingestion_ts`,src/tools/create_pipeline.py:141,"""ingestion_ts"": context.started_at.isoformat(),",нет,Уточнить формулировку и/или добавить ссылку на реализацию в коде.
docs/04-reference/templates/pipeline-review-checklist.md,53,[ ] `error_code`,src/bioetl/interfaces/cli/formatters.py:103,"error_code = record.get(""error_code"") or ""UNKNOWN""",нет,Уточнить формулировку и/или добавить ссылку на реализацию в коде.
docs/04-reference/templates/pipeline-review-checklist.md,55,[ ] `bronze_batch_id`,src/bioetl/infrastructure/quarantine/unified.py:9,- REQ-QUARANTINE-004: Link to Bronze via bronze_batch_id,нет,Уточнить формулировку и/или добавить ссылку на реализацию в коде.
docs/04-reference/templates/pipeline-review-checklist.md,56,[ ] `dq_status`,src/bioetl/infrastructure/quarantine/unified.py:102,"""dq_status"": QuarantineRecordStatus.NEW.value,",нет,Уточнить формулировку и/или добавить ссылку на реализацию в коде.
docs/04-reference/templates/pipeline-review-checklist.md,59,MemoryLock используется для локального развёртывания.,src/bioetl/composition/providers/decorators.py:49,"Если указана, используется вместо стандартной логики.",нет,Уточнить формулировку и/или добавить ссылку на реализацию в коде.
docs/04-reference/templates/pipeline-review-checklist.md,63,[ ] Max Duration: 4 hours,src/bioetl/composition/factories/storage_adapter.py:479,retention_hours: Retention period in hours (default 168h = 7 days),нет,Уточнить формулировку и/или добавить ссылку на реализацию в коде.
docs/04-reference/templates/pipeline-review-checklist.md,67,[ ] `ts` (MUST),,,нет,Уточнить формулировку и/или добавить ссылку на реализацию в коде.
docs/04-reference/templates/pipeline-review-checklist.md,68,[ ] `level` (MUST),src/tools/file_merger.py:493,"if prefix == """":  # Root level",нет,Уточнить формулировку и/или добавить ссылку на реализацию в коде.
docs/04-reference/templates/pipeline-review-checklist.md,69,[ ] `run_id` (MUST),src/tools/create_pipeline.py:127,"context: Pipeline context (run_id, etc.)",нет,Уточнить формулировку и/или добавить ссылку на реализацию в коде.
docs/04-reference/templates/pipeline-review-checklist.md,70,[ ] `pipeline` (MUST),src/tools/create_pipeline.py:3,Pipeline Scaffolding Tool.,нет,Уточнить формулировку и/или добавить ссылку на реализацию в коде.
docs/04-reference/templates/pipeline-review-checklist.md,71,[ ] `stage` (MUST),src/bioetl/composition/bootstrap_logger.py:9,"- stage is always ""bootstrap""",нет,Уточнить формулировку и/или добавить ссылку на реализацию в коде.
docs/04-reference/templates/pipeline-review-checklist.md,72,[ ] `dataset` (SHOULD),src/bioetl/interfaces/cli/commands/run_composite.py:4,multiple data sources (seed + enrichers) into a unified dataset.,нет,Уточнить формулировку и/или добавить ссылку на реализацию в коде.
docs/04-reference/templates/pipeline-review-checklist.md,73,[ ] `record_count` (SHOULD),src/bioetl/composition/services/metadata_coordinator.py:200,"record_count=input_data.record_count,",нет,Уточнить формулировку и/или добавить ссылку на реализацию в коде.
docs/04-reference/templates/pipeline-review-checklist.md,75,[ ] `dq_validation_score`,src/bioetl/infrastructure/observability/metrics.py:107,DQ_VALIDATION_SCORE = Gauge(,нет,Уточнить формулировку и/или добавить ссылку на реализацию в коде.
docs/04-reference/templates/pipeline-review-checklist.md,76,[ ] `data_freshness_seconds`,src/bioetl/infrastructure/observability/metrics.py:113,DATA_FRESHNESS_SECONDS = Gauge(,нет,Уточнить формулировку и/или добавить ссылку на реализацию в коде.
docs/04-reference/templates/pipeline-review-checklist.md,80,[ ] No hardcoded secrets,src/bioetl/interfaces/cli/commands/run_all.py:4,replacing the need for hardcoded provider-specific commands.,нет,Уточнить формулировку и/или добавить ссылку на реализацию в коде.
docs/04-reference/templates/pipeline-review-checklist.md,84,[ ] No secrets in logs,src/bioetl/infrastructure/observability/logging_config.py:77,"""""""Mask potential secrets in log values.",нет,Уточнить формулировку и/или добавить ссылку на реализацию в коде.
docs/04-reference/templates/pipeline-review-checklist.md,91,[ ] Integration tests with VCR.py cassettes,src/bioetl/interfaces/orchestration/__init__.py:7,must NOT be imported in application layer. This module serves as the integration,нет,Уточнить формулировку и/или добавить ссылку на реализацию в коде.
docs/04-reference/templates/pipeline-review-checklist.md,92,"[ ] Cassettes sanitized (no secrets, no PII)",src/bioetl/infrastructure/storage/arrow_converter.py:52,Sanitized DataType with null replaced by string.,нет,Уточнить формулировку и/или добавить ссылку на реализацию в коде.
docs/04-reference/templates/pipeline-review-checklist.md,94,[ ] Coverage ≥80%,src/bioetl/domain/value_objects/publication_field_groups.py:414,"to have this field. For exact provider coverage, see the",нет,Уточнить формулировку и/или добавить ссылку на реализацию в коде.
docs/04-reference/templates/pipeline-review-checklist.md,95,[ ] Tests in `tests/` mirror `src/` structure,src/tools/create_pipeline.py:153,"'''""""""Unit tests for ${provider_title} ${entity_title} Pipeline.""""""",нет,Уточнить формулировку и/или добавить ссылку на реализацию в коде.
docs/04-reference/templates/pipeline-review-checklist.md,97,[ ] README with overview,,,нет,Уточнить формулировку и/или добавить ссылку на реализацию в коде.
docs/04-reference/templates/pipeline-review-checklist.md,100,[ ] Runbook for common issues,src/bioetl/composition/factories/storage_adapter.py:435,- DEGRADED: Partial access (1-2 layers have issues),нет,Уточнить формулировку и/или добавить ссылку на реализацию в коде.
docs/adr/ADR-030-publication-field-unification.md,1,**Status:** Proposed,src/bioetl/interfaces/http/health_server.py:161,"""""""Handle /health endpoint - overall health status.""""""",нет,Уточнить формулировку и/или добавить ссылку на реализацию в коде.
docs/adr/ADR-030-publication-field-unification.md,3,**Decision makers:** @BioETL-Team,src/bioetl/infrastructure/schemas/pipeline_config.py:511,"owner: ""data-team""",нет,Уточнить формулировку и/или добавить ссылку на реализацию в коде.
docs/adr/ADR-030-publication-field-unification.md,6,fields with inconsistent naming.,src/tools/scripts/config_matrix_generator.py:133,"print(""\n3. Parameters in SOME entity configs (inconsistent):"")",нет,Уточнить формулировку и/или добавить ссылку на реализацию в коде.
docs/adr/ADR-030-publication-field-unification.md,22,Day 0 (release):,src/bioetl/infrastructure/adapters/pubmed/models.py:86,"day: int | None = Field(default=None, description=""Publication day"")",нет,Уточнить формулировку и/или добавить ссылку на реализацию в коде.
docs/adr/ADR-030-publication-field-unification.md,32,`author_orcid_list` populated from `author_orcids` where present.,src/bioetl/composition/services/metadata_coordinator.py:342,"SchemaMetadata with populated fields, or default if schema is None.",нет,Уточнить формулировку и/или добавить ссылку на реализацию в коде.
docs/adr/ADR-030-publication-field-unification.md,33,`citation_references` populated from `references` where present.,src/bioetl/composition/services/metadata_coordinator.py:342,"SchemaMetadata with populated fields, or default if schema is None.",нет,Уточнить формулировку и/или добавить ссылку на реализацию в коде.
docs/adr/ADR-030-publication-field-unification.md,37,Leave `authors_with_affiliations` in place during the deprecation window.,src/bioetl/domain/entities/chembl.py:687,"default=None, description=""Deprecation flag (0 or 1)""",нет,Уточнить формулировку и/или добавить ссылку на реализацию в коде.
docs/adr/ADR-030-publication-field-unification.md,38,Consumers should migrate to,src/tools/scripts/migrations/rename_structure_fields.py:9,This is a BREAKING CHANGE migration. Ensure all downstream consumers are updated,нет,Уточнить формулировку и/или добавить ссылку на реализацию в коде.
docs/adr/ADR-030-publication-field-unification.md,46,Update the following areas in one coordinated release:,src/bioetl/domain/ports/shutdown.py:19,- Async waiting (for coordinated cleanup),нет,Уточнить формулировку и/или добавить ссылку на реализацию в коде.
