entity_type,name,qualname,scope,layer,module,declaration,line_start,line_end,loc,src_refs_external,test_refs,docs_refs,classification,tests_files_count,tests_files,docs_files_count,docs_files,exempt,exempt_reason,chembl_activity,chembl_assay,chembl_assay_parameters,chembl_cell_line,chembl_compound_record,chembl_molecule,chembl_protein_class,chembl_publication,chembl_publication_similarity,chembl_publication_term,chembl_subcellular_fraction,chembl_target,chembl_target_component,chembl_tissue,crossref_publication,openalex_publication,pubchem_compound,pubmed_publication,semanticscholar_publication,uniprot_idmapping,uniprot_protein
method,next_index,bioetl.domain.aggregates.batch.Batch.next_index,class,domain,bioetl.domain.aggregates.batch,src/bioetl/domain/aggregates/batch.py:257,257,259,3,0,0,2,DEAD,0,,1,docs/99-archive/reports/domain_merged.md,False,,2,0,2,0,2,0,0,2,0,2,0,0,0,0,2,0,0,0,0,2,0
function,_validate_stage_name,bioetl.domain.aggregates.pipeline_run._validate_stage_name,module,domain,bioetl.domain.aggregates.pipeline_run,src/bioetl/domain/aggregates/pipeline_run.py:49,49,52,4,0,0,2,DEAD,0,,1,docs/99-archive/reports/domain_merged.md,False,,2,0,2,0,2,0,0,2,0,2,0,0,0,0,2,0,0,0,0,2,0
function,_validate_stage_completion,bioetl.domain.aggregates.pipeline_run._validate_stage_completion,module,domain,bioetl.domain.aggregates.pipeline_run,src/bioetl/domain/aggregates/pipeline_run.py:55,55,66,12,0,0,2,DEAD,0,,1,docs/99-archive/reports/domain_merged.md,False,,2,0,2,0,2,0,0,2,0,2,0,0,0,0,2,0,0,0,0,2,0
variable,needs_timestamp,bioetl.domain.aggregates.pipeline_run._validate_stage_completion.needs_timestamp,function,domain,bioetl.domain.aggregates.pipeline_run,src/bioetl/domain/aggregates/pipeline_run.py:61,61,61,1,0,0,2,DEAD,0,,1,docs/99-archive/reports/domain_merged.md,False,,2,0,2,0,2,0,0,2,0,2,0,0,0,0,2,0,0,0,0,2,0
function,_validate_stage_result,bioetl.domain.aggregates.pipeline_run._validate_stage_result,module,domain,bioetl.domain.aggregates.pipeline_run,src/bioetl/domain/aggregates/pipeline_run.py:69,69,80,12,0,0,2,DEAD,0,,1,docs/99-archive/reports/domain_merged.md,False,,2,0,2,0,2,0,0,2,0,2,0,0,0,0,2,0,0,0,0,2,0
method,with_success,bioetl.domain.aggregates.pipeline_run.StageResult.with_success,class,domain,bioetl.domain.aggregates.pipeline_run,src/bioetl/domain/aggregates/pipeline_run.py:124,124,147,24,0,0,1,DEAD,0,,1,docs/99-archive/reports/domain_merged.md,False,,1,0,1,0,1,0,0,1,0,1,0,0,0,0,1,0,0,0,0,1,0
method,with_failure,bioetl.domain.aggregates.pipeline_run.StageResult.with_failure,class,domain,bioetl.domain.aggregates.pipeline_run,src/bioetl/domain/aggregates/pipeline_run.py:149,149,173,25,0,0,1,DEAD,0,,1,docs/99-archive/reports/domain_merged.md,False,,1,0,1,0,1,0,0,1,0,1,0,0,0,0,1,0,0,0,0,1,0
method,successful_stages,bioetl.domain.aggregates.pipeline_run.PipelineRun.successful_stages,class,domain,bioetl.domain.aggregates.pipeline_run,src/bioetl/domain/aggregates/pipeline_run.py:295,295,297,3,0,0,1,DEAD,0,,1,docs/99-archive/reports/domain_merged.md,False,,1,0,1,0,1,0,0,1,0,1,0,0,0,0,1,0,0,0,0,1,0
method,record_stage_start,bioetl.domain.aggregates.pipeline_run.PipelineRun.record_stage_start,class,domain,bioetl.domain.aggregates.pipeline_run,src/bioetl/domain/aggregates/pipeline_run.py:319,319,338,20,0,0,10,DEAD,0,,3,docs/02-architecture/decisions/ADR-021-ddd-aggregates-adoption.md;docs/99-archive/reports/documentation_merged.md;docs/99-archive/reports/domain_merged.md,False,,6,4,6,4,6,4,4,6,4,6,0,4,4,0,6,4,4,4,4,6,4
method,_assert_can_complete,bioetl.domain.aggregates.pipeline_run.PipelineRun._assert_can_complete,class,domain,bioetl.domain.aggregates.pipeline_run,src/bioetl/domain/aggregates/pipeline_run.py:428,428,442,15,0,0,4,DEAD,0,,2,docs/99-archive/reports/documentation_merged.md;docs/99-archive/reports/domain_merged.md,False,,4,2,4,2,4,2,2,4,2,4,0,2,2,0,4,2,2,2,2,4,2
variable,failed_names,bioetl.domain.aggregates.pipeline_run.PipelineRun._assert_can_complete.failed_names,method,domain,bioetl.domain.aggregates.pipeline_run,src/bioetl/domain/aggregates/pipeline_run.py:431,431,431,1,0,0,2,DEAD,0,,1,docs/99-archive/reports/domain_merged.md,False,,2,0,2,0,2,0,0,2,0,2,0,0,0,0,2,0,0,0,0,2,0
parameter,failed_at,bioetl.domain.aggregates.pipeline_run.PipelineRun.failed_at,method,domain,bioetl.domain.aggregates.pipeline_run,src/bioetl/domain/aggregates/pipeline_run.py:485,485,485,1,0,0,3,DEAD,0,,1,docs/99-archive/reports/domain_merged.md,False,,3,0,3,0,3,0,0,3,0,3,0,0,0,0,3,0,0,0,0,3,0
parameter,shutdown_at,bioetl.domain.aggregates.pipeline_run.PipelineRun.shutdown_at,method,domain,bioetl.domain.aggregates.pipeline_run,src/bioetl/domain/aggregates/pipeline_run.py:518,518,518,1,0,0,3,DEAD,0,,1,docs/99-archive/reports/domain_merged.md,False,,3,0,3,0,3,0,0,3,0,3,0,0,0,0,3,0,0,0,0,3,0
method,_assert_running,bioetl.domain.aggregates.pipeline_run.PipelineRun._assert_running,class,domain,bioetl.domain.aggregates.pipeline_run,src/bioetl/domain/aggregates/pipeline_run.py:556,556,567,12,0,0,9,DEAD,0,,2,docs/99-archive/reports/documentation_merged.md;docs/99-archive/reports/domain_merged.md,False,,9,2,9,2,9,2,2,9,2,9,0,2,2,0,9,2,2,2,2,9,2
function,_validate_quarantine_required_fields,bioetl.domain.aggregates.quarantine_entry._validate_quarantine_required_fields,module,domain,bioetl.domain.aggregates.quarantine_entry,src/bioetl/domain/aggregates/quarantine_entry.py:89,89,106,18,0,0,2,DEAD,0,,1,docs/99-archive/reports/domain_merged.md,False,,4,0,2,0,2,0,0,2,0,2,0,0,0,0,2,0,0,0,0,2,0
variable,_required,bioetl.domain.aggregates.quarantine_entry._validate_quarantine_required_fields._required,function,domain,bioetl.domain.aggregates.quarantine_entry,src/bioetl/domain/aggregates/quarantine_entry.py:97,97,103,7,0,0,2,DEAD,0,,1,docs/99-archive/reports/domain_merged.md,False,,4,0,2,0,2,0,0,2,0,2,0,0,0,0,2,0,0,0,0,2,0
method,is_resolved,bioetl.domain.aggregates.quarantine_entry.QuarantineEntry.is_resolved,class,domain,bioetl.domain.aggregates.quarantine_entry,src/bioetl/domain/aggregates/quarantine_entry.py:317,317,319,3,0,0,1,DEAD,0,,1,docs/99-archive/reports/domain_merged.md,False,,2,0,1,0,1,0,0,1,0,1,0,0,0,0,1,0,0,0,0,1,0
method,age_seconds,bioetl.domain.aggregates.quarantine_entry.QuarantineEntry.age_seconds,class,domain,bioetl.domain.aggregates.quarantine_entry,src/bioetl/domain/aggregates/quarantine_entry.py:322,322,324,3,0,0,1,DEAD,0,,1,docs/99-archive/reports/domain_merged.md,False,,2,0,1,0,1,0,0,1,0,1,0,0,0,0,1,0,0,0,0,1,0
parameter,expired_at,bioetl.domain.aggregates.quarantine_entry.QuarantineEntry.expired_at,method,domain,bioetl.domain.aggregates.quarantine_entry,src/bioetl/domain/aggregates/quarantine_entry.py:434,434,434,1,0,0,3,DEAD,0,,1,docs/99-archive/reports/domain_merged.md,False,,6,0,3,0,3,0,0,3,0,3,0,0,0,0,3,0,0,0,0,3,0
method,_assert_can_resolve,bioetl.domain.aggregates.quarantine_entry.QuarantineEntry._assert_can_resolve,class,domain,bioetl.domain.aggregates.quarantine_entry,src/bioetl/domain/aggregates/quarantine_entry.py:498,498,509,12,0,0,5,DEAD,0,,2,docs/99-archive/reports/documentation_merged.md;docs/99-archive/reports/domain_merged.md,False,,8,2,5,2,5,2,2,5,2,5,0,2,2,0,5,2,2,2,2,5,2
function,_coerce_to_tuple,bioetl.domain.composite.config._coerce_to_tuple,module,domain,bioetl.domain.composite.config,src/bioetl/domain/composite/config.py:310,310,314,5,0,0,0,DEAD,0,,0,,False,,0,0,0,0,4,0,4,4,0,4,0,0,4,0,4,0,0,0,0,0,0
function,_coerce_column_groups,bioetl.domain.composite.config._coerce_column_groups,module,domain,bioetl.domain.composite.config,src/bioetl/domain/composite/config.py:317,317,325,9,0,0,0,DEAD,0,,0,,False,,0,0,0,0,3,0,3,3,0,3,0,0,3,0,3,0,0,0,0,0,0
method,_convert_strategy,bioetl.domain.composite.config.MergeConfig._convert_strategy,class,domain,bioetl.domain.composite.config,src/bioetl/domain/composite/config.py:588,588,593,6,0,0,2,DEAD,0,,1,docs/99-archive/reports/domain_merged.md,False,,2,0,2,0,4,0,2,4,0,4,0,0,2,0,4,0,0,0,0,2,0
method,_convert_conflict_resolution,bioetl.domain.composite.config.MergeConfig._convert_conflict_resolution,class,domain,bioetl.domain.composite.config,src/bioetl/domain/composite/config.py:595,595,602,8,0,0,2,DEAD,0,,1,docs/99-archive/reports/domain_merged.md,False,,2,0,2,0,4,0,2,4,0,4,0,0,2,0,4,0,0,0,0,2,0
method,_convert_field_priorities,bioetl.domain.composite.config.MergeConfig._convert_field_priorities,class,domain,bioetl.domain.composite.config,src/bioetl/domain/composite/config.py:604,604,611,8,0,0,2,DEAD,0,,1,docs/99-archive/reports/domain_merged.md,False,,2,0,2,0,4,0,2,4,0,4,0,0,2,0,4,0,0,0,0,2,0
method,_convert_column_groups,bioetl.domain.composite.config.MergeConfig._convert_column_groups,class,domain,bioetl.domain.composite.config,src/bioetl/domain/composite/config.py:613,613,620,8,0,0,2,DEAD,0,,1,docs/99-archive/reports/domain_merged.md,False,,2,0,2,0,4,0,2,4,0,4,0,0,2,0,4,0,0,0,0,2,0
method,_convert_exclude_fields,bioetl.domain.composite.config.MergeConfig._convert_exclude_fields,class,domain,bioetl.domain.composite.config,src/bioetl/domain/composite/config.py:622,622,625,4,0,0,0,DEAD,0,,0,,False,,0,0,0,0,2,0,2,2,0,2,0,0,2,0,2,0,0,0,0,0,0
method,_validate_join_keys,bioetl.domain.composite.config.CompositeConfig._validate_join_keys,class,domain,bioetl.domain.composite.config,src/bioetl/domain/composite/config.py:852,852,863,12,0,0,4,DEAD,0,,3,docs/02-architecture/decisions/ADR-026-composite-pipeline-pattern.md;docs/99-archive/reports/documentation_merged.md;docs/99-archive/reports/domain_merged.md,False,,4,1,3,1,5,1,4,6,1,5,0,2,4,0,6,2,2,2,2,4,1
method,_validate_dependency_join_keys,bioetl.domain.composite.config.CompositeConfig._validate_dependency_join_keys,class,domain,bioetl.domain.composite.config,src/bioetl/domain/composite/config.py:876,876,893,18,0,0,2,DEAD,0,,1,docs/99-archive/reports/domain_merged.md,False,,2,0,2,0,4,0,2,4,0,4,0,0,2,0,4,0,0,0,0,2,0
method,_validate_unique_dependencies,bioetl.domain.composite.config.CompositeConfig._validate_unique_dependencies,class,domain,bioetl.domain.composite.config,src/bioetl/domain/composite/config.py:895,895,900,6,0,0,2,DEAD,0,,1,docs/99-archive/reports/domain_merged.md,False,,2,0,2,0,4,0,2,4,0,4,0,0,2,0,4,0,0,0,0,2,0
method,all_enricher_names,bioetl.domain.composite.config.CompositeConfig.all_enricher_names,class,domain,bioetl.domain.composite.config,src/bioetl/domain/composite/config.py:913,913,915,3,0,0,1,DEAD,0,,1,docs/99-archive/reports/domain_merged.md,False,,1,0,1,0,2,0,1,2,0,2,0,0,1,0,2,0,0,0,0,1,0
method,optional_dependencies,bioetl.domain.composite.config.CompositeConfig.optional_dependencies,class,domain,bioetl.domain.composite.config,src/bioetl/domain/composite/config.py:923,923,925,3,0,0,1,DEAD,0,,1,docs/99-archive/reports/domain_merged.md,False,,1,0,1,0,2,0,1,2,0,2,0,0,1,0,2,0,0,0,0,1,0
method,all_dependency_names,bioetl.domain.composite.config.CompositeConfig.all_dependency_names,class,domain,bioetl.domain.composite.config,src/bioetl/domain/composite/config.py:928,928,930,3,0,0,1,DEAD,0,,1,docs/99-archive/reports/domain_merged.md,False,,1,0,1,0,2,0,1,2,0,2,0,0,1,0,2,0,0,0,0,1,0
function,_validate_positive_limit,bioetl.domain.composite.config._validate_positive_limit,module,domain,bioetl.domain.composite.config,src/bioetl/domain/composite/config.py:1009,1009,1012,4,0,0,3,DEAD,0,,1,docs/99-archive/reports/domain_merged.md,False,,3,0,3,0,6,0,3,6,0,6,0,0,3,0,6,0,0,0,0,3,0
function,_validate_optional_threshold,bioetl.domain.composite.config._validate_optional_threshold,module,domain,bioetl.domain.composite.config,src/bioetl/domain/composite/config.py:1015,1015,1018,4,0,0,3,DEAD,0,,1,docs/99-archive/reports/domain_merged.md,False,,3,0,3,0,6,0,3,6,0,6,0,0,3,0,6,0,0,0,0,3,0
function,_validate_threshold_order,bioetl.domain.composite.config._validate_threshold_order,module,domain,bioetl.domain.composite.config,src/bioetl/domain/composite/config.py:1021,1021,1024,4,0,0,2,DEAD,0,,1,docs/99-archive/reports/domain_merged.md,False,,2,0,2,0,4,0,2,4,0,4,0,0,2,0,4,0,0,0,0,2,0
variable,provider_lower,bioetl.domain.composite.field_groups.FieldMapping.get_column.provider_lower,method,domain,bioetl.domain.composite.field_groups,src/bioetl/domain/composite/field_groups.py:103,103,103,1,0,0,0,DEAD,0,,0,,False,,0,0,0,0,0,0,0,0,0,0,0,0,0,0,0,0,0,0,0,0,0
variable,col_lower,bioetl.domain.composite.field_groups.FieldGroupRegistry.get_group.col_lower,method,domain,bioetl.domain.composite.field_groups,src/bioetl/domain/composite/field_groups.py:238,238,238,1,0,0,0,DEAD,0,,0,,False,,0,0,0,0,0,0,0,0,0,0,0,0,0,0,0,0,0,0,0,0,0
variable,data_cols,bioetl.domain.composite.field_groups.FieldGroupRegistry.get_ordered_columns.data_cols,method,domain,bioetl.domain.composite.field_groups,src/bioetl/domain/composite/field_groups.py:309,309,309,1,0,0,0,DEAD,0,,0,,False,,0,0,0,0,0,0,0,0,0,0,0,0,0,0,0,0,0,0,0,0,0
variable,group_order,bioetl.domain.composite.field_groups.FieldGroupRegistry.get_ordered_columns.group_order,method,domain,bioetl.domain.composite.field_groups,src/bioetl/domain/composite/field_groups.py:311,311,311,1,0,0,0,DEAD,0,,0,,False,,0,0,0,0,0,0,0,0,0,0,0,0,0,0,0,0,0,0,0,0,0
variable,group_idx,bioetl.domain.composite.field_groups.FieldGroupRegistry.get_ordered_columns.sort_key.group_idx,function,domain,bioetl.domain.composite.field_groups,src/bioetl/domain/composite/field_groups.py:316,316,316,1,0,0,0,DEAD,0,,0,,False,,0,0,0,0,0,0,0,0,0,0,0,0,0,0,0,0,0,0,0,0,0
variable,sorted_data,bioetl.domain.composite.field_groups.FieldGroupRegistry.get_ordered_columns.sorted_data,method,domain,bioetl.domain.composite.field_groups,src/bioetl/domain/composite/field_groups.py:324,324,324,1,0,0,0,DEAD,0,,0,,False,,0,0,0,0,0,0,0,0,0,0,0,0,0,0,0,0,0,0,0,0,0
method,_get_provider_rank,bioetl.domain.composite.field_groups.FieldGroupRegistry._get_provider_rank,class,domain,bioetl.domain.composite.field_groups,src/bioetl/domain/composite/field_groups.py:352,352,362,11,0,0,0,DEAD,0,,0,,False,,0,0,0,0,0,0,0,0,0,0,0,0,0,0,0,0,0,0,0,0,0
variable,lineage_summary,bioetl.domain.composite.result.MergeResult.lineage_summary,class,domain,bioetl.domain.composite.result,src/bioetl/domain/composite/result.py:285,285,285,1,0,0,3,DEAD,0,,3,docs/02-architecture/decisions/ADR-026-composite-pipeline-pattern.md;docs/99-archive/reports/documentation_merged.md;docs/99-archive/reports/domain_merged.md,False,,3,1,2,1,2,1,2,3,1,2,0,2,2,0,3,2,2,2,2,3,1
method,required_dependencies_succeeded,bioetl.domain.composite.result.CompositeResult.required_dependencies_succeeded,class,domain,bioetl.domain.composite.result,src/bioetl/domain/composite/result.py:332,332,338,7,0,0,2,DEAD,0,,1,docs/99-archive/reports/domain_merged.md,False,,2,0,2,0,2,0,0,2,0,2,0,0,0,0,2,0,0,0,0,2,0
method,successful_dependencies,bioetl.domain.composite.result.CompositeResult.successful_dependencies,class,domain,bioetl.domain.composite.result,src/bioetl/domain/composite/result.py:350,350,352,3,0,0,2,DEAD,0,,1,docs/99-archive/reports/domain_merged.md,False,,2,0,2,0,2,0,0,2,0,2,0,0,0,0,2,0,0,0,0,2,0
method,failed_dependencies,bioetl.domain.composite.result.CompositeResult.failed_dependencies,class,domain,bioetl.domain.composite.result,src/bioetl/domain/composite/result.py:355,355,361,7,0,0,2,DEAD,0,,1,docs/99-archive/reports/domain_merged.md,False,,2,0,2,0,2,0,0,2,0,2,0,0,0,0,2,0,0,0,0,2,0
variable,allowed_values,bioetl.domain.composite.state.CompositePipelineState.allowed_transitions.allowed_values,method,domain,bioetl.domain.composite.state,src/bioetl/domain/composite/state.py:102,102,102,1,0,0,3,DEAD,0,,2,docs/99-archive/reports/configs_merged.md;docs/99-archive/reports/domain_merged.md,False,,3,1,3,1,3,1,1,3,1,3,0,1,1,0,3,1,1,1,1,3,1
constant,_STATE_TRANSITIONS,bioetl.domain.composite.state._STATE_TRANSITIONS,module,domain,bioetl.domain.composite.state,src/bioetl/domain/composite/state.py:139,139,150,12,0,0,2,DEAD,0,,1,docs/99-archive/reports/domain_merged.md,False,,2,0,2,0,2,0,0,2,0,2,0,0,0,0,2,0,0,0,0,2,0
constant,_STATE_METRIC_VALUES,bioetl.domain.composite.state._STATE_METRIC_VALUES,module,domain,bioetl.domain.composite.state,src/bioetl/domain/composite/state.py:153,153,164,12,0,0,2,DEAD,0,,1,docs/99-archive/reports/domain_merged.md,False,,2,0,2,0,2,0,0,2,0,2,0,0,0,0,2,0,0,0,0,2,0
constant,_WM,bioetl.domain.config._converters._WM,module,domain,bioetl.domain.config._converters,src/bioetl/domain/config/_converters.py:13,13,13,1,0,0,0,DEAD,0,,0,,False,,0,0,0,0,0,0,0,0,0,0,0,0,0,0,0,0,0,0,0,0,0
parameter,enum_cls,bioetl.domain.config._converters.enum_cls,function,domain,bioetl.domain.config._converters,src/bioetl/domain/config/_converters.py:16,16,16,1,0,0,0,DEAD,0,,0,,False,,0,0,0,0,0,0,0,0,0,0,0,0,0,0,0,0,0,0,0,0,0
method,_resolve_loading_strategy,bioetl.domain.config.pipeline.PipelineConfig._resolve_loading_strategy,class,domain,bioetl.domain.config.pipeline,src/bioetl/domain/config/pipeline.py:77,77,80,4,0,0,4,DEAD,0,,1,docs/99-archive/reports/domain_merged.md,False,,4,0,4,0,4,0,0,4,0,4,0,0,0,0,4,0,0,0,0,4,0
method,_validate_positive_values,bioetl.domain.config.runtime.RuntimeConfig._validate_positive_values,class,domain,bioetl.domain.config.runtime,src/bioetl/domain/config/runtime.py:63,63,85,23,0,0,2,DEAD,0,,1,docs/99-archive/reports/domain_merged.md,False,,2,0,2,0,2,0,0,2,0,2,0,0,0,0,2,0,0,0,0,2,0
method,_validate_ranges,bioetl.domain.config.validation.ValidationConfig._validate_ranges,class,domain,bioetl.domain.config.validation,src/bioetl/domain/config/validation.py:70,70,92,23,0,0,2,DEAD,0,,1,docs/99-archive/reports/domain_merged.md,False,,2,0,2,0,2,0,0,2,0,2,0,0,0,0,2,0,0,0,0,2,0
function,_now_utc,bioetl.domain.context._now_utc,module,domain,bioetl.domain.context,src/bioetl/domain/context.py:21,21,23,3,0,0,7,DEAD,0,,3,docs/02-architecture/decisions/ADR-014-deterministic-writes.md;docs/99-archive/reports/documentation_merged.md;docs/99-archive/reports/domain_merged.md,False,,6,4,6,4,6,4,4,6,4,6,0,4,4,0,6,4,4,4,4,6,4
method,_validate_date_format,bioetl.domain.context.CachedBronzeContext._validate_date_format,class,domain,bioetl.domain.context,src/bioetl/domain/context.py:92,92,101,10,0,0,0,DEAD,0,,0,,False,,0,0,0,0,0,0,0,0,0,0,0,0,0,0,0,0,0,0,0,0,0
method,_validate_multi_ids_mode,bioetl.domain.context.InputFilterContext._validate_multi_ids_mode,class,domain,bioetl.domain.context,src/bioetl/domain/context.py:225,225,228,4,0,0,0,DEAD,0,,0,,False,,0,0,0,0,0,0,0,0,0,0,0,0,0,0,0,0,0,0,0,0,0
method,has_input_filter,bioetl.domain.context.PipelineRunContext.has_input_filter,class,domain,bioetl.domain.context,src/bioetl/domain/context.py:365,365,367,3,0,0,1,DEAD,0,,1,docs/99-archive/reports/domain_merged.md,False,,1,0,1,0,1,0,0,1,0,1,0,0,0,0,1,0,0,0,0,1,0
method,has_cached_bronze,bioetl.domain.context.PipelineRunContext.has_cached_bronze,class,domain,bioetl.domain.context,src/bioetl/domain/context.py:370,370,372,3,0,0,0,DEAD,0,,0,,False,,0,0,0,0,0,0,0,0,0,0,0,0,0,0,0,0,0,0,0,0,0
variable,example_assay_chembl_id,bioetl.domain.contracts.gold.chembl.ChEMBLSubcellularFractionGoldSchema.example_assay_chembl_id,class,domain,bioetl.domain.contracts.gold.chembl,src/bioetl/domain/contracts/gold/chembl.py:730,730,733,4,0,0,3,DEAD,0,,2,docs/03-data-model/field-catalog-source-pipelines.md;docs/04-reference/pipelines/chembl/14-subcellular-fraction-spec.md,False,,3,5,3,3,3,3,2,3,2,2,5,3,3,3,1,1,1,1,1,1,1
variable,lineage_created_at,bioetl.domain.contracts.gold.composite.CompositePublicationGoldSchema.lineage_created_at,class,domain,bioetl.domain.contracts.gold.composite,src/bioetl/domain/contracts/gold/composite.py:85,85,87,3,0,0,0,DEAD,0,,0,,False,,0,0,0,0,0,2,0,2,0,0,0,0,0,0,0,0,2,0,0,0,0
class,CompositeMoleculeGoldSchema,bioetl.domain.contracts.gold.composite.CompositeMoleculeGoldSchema,module,domain,bioetl.domain.contracts.gold.composite,src/bioetl/domain/contracts/gold/composite.py:124,124,216,93,0,0,0,DEAD,0,,0,,True,Port/Schema/Protocol contract,0,0,0,0,0,3,0,3,0,0,0,0,0,0,0,0,3,0,0,0,0
variable,lineage_created_at,bioetl.domain.contracts.gold.composite.CompositeMoleculeGoldSchema.lineage_created_at,class,domain,bioetl.domain.contracts.gold.composite,src/bioetl/domain/contracts/gold/composite.py:181,181,183,3,0,0,0,DEAD,0,,0,,False,,0,0,0,0,0,2,0,2,0,0,0,0,0,0,0,0,2,0,0,0,0
function,_safe_int,bioetl.domain.entities.bioactivity._safe_int,module,domain,bioetl.domain.entities.bioactivity,src/bioetl/domain/entities/bioactivity.py:15,15,22,8,0,0,9,DEAD,0,,1,docs/99-archive/reports/domain_merged.md,False,,9,0,9,0,9,0,0,9,0,9,0,0,0,0,9,0,0,0,0,9,0
function,_safe_float,bioetl.domain.entities.bioactivity._safe_float,module,domain,bioetl.domain.entities.bioactivity,src/bioetl/domain/entities/bioactivity.py:25,25,32,8,0,0,6,DEAD,0,,1,docs/99-archive/reports/domain_merged.md,False,,6,0,6,0,6,0,0,6,0,6,0,0,0,0,6,0,0,0,0,6,0
function,_safe_str,bioetl.domain.entities.bioactivity._safe_str,module,domain,bioetl.domain.entities.bioactivity,src/bioetl/domain/entities/bioactivity.py:35,35,37,3,0,0,29,DEAD,0,,1,docs/99-archive/reports/domain_merged.md,False,,29,0,29,0,29,0,0,29,0,29,0,0,0,0,29,0,0,0,0,29,0
function,_require_field,bioetl.domain.entities.bioactivity._require_field,module,domain,bioetl.domain.entities.bioactivity,src/bioetl/domain/entities/bioactivity.py:40,40,45,6,0,0,3,DEAD,0,,1,docs/99-archive/reports/domain_merged.md,False,,3,0,3,0,3,0,0,3,0,3,0,0,0,0,3,0,0,0,0,3,0
function,_safe_json,bioetl.domain.entities.bioactivity._safe_json,module,domain,bioetl.domain.entities.bioactivity,src/bioetl/domain/entities/bioactivity.py:48,48,52,5,0,0,2,DEAD,0,,1,docs/99-archive/reports/domain_merged.md,False,,2,0,2,0,2,0,0,2,0,2,0,0,0,0,2,0,0,0,0,2,0
method,_validate_pchembl_value,bioetl.domain.entities.bioactivity.Bioactivity._validate_pchembl_value,class,domain,bioetl.domain.entities.bioactivity,src/bioetl/domain/entities/bioactivity.py:179,179,188,10,0,0,2,DEAD,0,,1,docs/99-archive/reports/domain_merged.md,False,,2,0,2,0,2,0,0,2,0,2,0,0,0,0,2,0,0,0,0,2,0
variable,content_hash_str,bioetl.domain.entities.bioactivity.Bioactivity.from_raw.content_hash_str,method,domain,bioetl.domain.entities.bioactivity,src/bioetl/domain/entities/bioactivity.py:214,214,216,3,0,0,2,DEAD,0,,1,docs/99-archive/reports/domain_merged.md,False,,2,0,2,0,2,0,0,2,0,2,0,0,0,0,2,0,0,0,0,2,0
variable,activity_properties_json,bioetl.domain.entities.chembl.ActivityRecord.activity_properties_json,class,domain,bioetl.domain.entities.chembl,src/bioetl/domain/entities/chembl.py:176,176,178,3,0,0,1,DEAD,0,,1,docs/99-archive/reports/domain_merged.md,False,,1,0,1,0,1,0,0,1,0,1,0,0,0,0,1,0,0,0,0,1,0
variable,assay_classifications_json,bioetl.domain.entities.chembl.AssayRecord.assay_classifications_json,class,domain,bioetl.domain.entities.chembl,src/bioetl/domain/entities/chembl.py:277,277,279,3,0,0,1,DEAD,0,,1,docs/99-archive/reports/domain_merged.md,False,,1,0,1,0,1,0,0,1,0,1,0,0,0,0,1,0,0,0,0,1,0
variable,assay_parameters_json,bioetl.domain.entities.chembl.AssayRecord.assay_parameters_json,class,domain,bioetl.domain.entities.chembl,src/bioetl/domain/entities/chembl.py:280,280,282,3,0,0,1,DEAD,0,,1,docs/99-archive/reports/domain_merged.md,False,,1,0,1,0,1,0,0,1,0,1,0,0,0,0,1,0,0,0,0,1,0
variable,dap_id,bioetl.domain.entities.chembl.TargetRecord.dap_id,class,domain,bioetl.domain.entities.chembl,src/bioetl/domain/entities/chembl.py:467,467,467,1,0,0,12,DEAD,0,,5,docs/00-project/RULES.md;docs/99-archive/reports/application_merged.md;docs/99-archive/reports/documentation_merged.md;docs/99-archive/reports/domain_merged.md;docs/99-archive/reports/infrastructure_merged.md,False,,12,4,10,4,8,4,5,10,4,10,0,4,5,0,10,4,4,4,4,11,4
variable,target_constraints,bioetl.domain.entities.chembl.TargetRecord.target_constraints,class,domain,bioetl.domain.entities.chembl,src/bioetl/domain/entities/chembl.py:471,471,473,3,0,0,10,DEAD,0,,4,docs/99-archive/reports/application_merged.md;docs/99-archive/reports/documentation_merged.md;docs/99-archive/reports/domain_merged.md;docs/99-archive/reports/infrastructure_merged.md,False,,10,3,9,3,7,3,3,9,3,9,0,3,3,0,9,3,3,3,3,10,3
variable,component_tax_ids,bioetl.domain.entities.chembl.TargetRecord.component_tax_ids,class,domain,bioetl.domain.entities.chembl,src/bioetl/domain/entities/chembl.py:489,489,491,3,0,0,6,DEAD,0,,4,docs/04-reference/providers/chembl/target.md;docs/99-archive/reports/documentation_merged.md;docs/99-archive/reports/domain_merged.md;docs/99-archive/reports/infrastructure_merged.md,False,,4,2,3,2,3,2,2,3,2,3,0,4,2,0,3,2,2,2,2,4,2
variable,target_components_json,bioetl.domain.entities.chembl.TargetRecord.target_components_json,class,domain,bioetl.domain.entities.chembl,src/bioetl/domain/entities/chembl.py:494,494,496,3,0,0,1,DEAD,0,,1,docs/99-archive/reports/domain_merged.md,False,,1,0,1,0,1,0,0,1,0,1,0,0,0,0,1,0,0,0,0,1,0
variable,target_component_synonyms_json,bioetl.domain.entities.chembl.TargetRecord.target_component_synonyms_json,class,domain,bioetl.domain.entities.chembl,src/bioetl/domain/entities/chembl.py:497,497,499,3,0,0,2,DEAD,0,,1,docs/99-archive/reports/domain_merged.md,False,,2,0,2,0,2,0,0,2,0,2,0,0,0,0,2,0,0,0,0,2,0
variable,target_component_synonyms_json,bioetl.domain.entities.chembl.TargetComponentRecord.target_component_synonyms_json,class,domain,bioetl.domain.entities.chembl,src/bioetl/domain/entities/chembl.py:646,646,648,3,0,0,2,DEAD,0,,1,docs/99-archive/reports/domain_merged.md,False,,2,0,2,0,2,0,0,2,0,2,0,0,0,0,2,0,0,0,0,2,0
variable,target_component_xrefs_json,bioetl.domain.entities.chembl.TargetComponentRecord.target_component_xrefs_json,class,domain,bioetl.domain.entities.chembl,src/bioetl/domain/entities/chembl.py:649,649,651,3,0,0,1,DEAD,0,,1,docs/99-archive/reports/domain_merged.md,False,,1,0,1,0,1,0,0,1,0,1,0,0,0,0,1,0,0,0,0,1,0
variable,protein_classifications_json,bioetl.domain.entities.chembl.TargetComponentRecord.protein_classifications_json,class,domain,bioetl.domain.entities.chembl,src/bioetl/domain/entities/chembl.py:652,652,654,3,0,0,1,DEAD,0,,1,docs/99-archive/reports/domain_merged.md,False,,1,0,1,0,1,0,0,1,0,1,0,0,0,0,1,0,0,0,0,1,0
method,_validate_positive_id,bioetl.domain.entities.chembl_compound_record.CompoundRecord._validate_positive_id,class,domain,bioetl.domain.entities.chembl_compound_record,src/bioetl/domain/entities/chembl_compound_record.py:54,54,57,4,0,0,3,DEAD,0,,1,docs/99-archive/reports/domain_merged.md,False,,3,0,3,0,3,0,0,3,0,3,0,0,0,0,3,0,0,0,0,3,0
method,_validate_required_str,bioetl.domain.entities.chembl_compound_record.CompoundRecord._validate_required_str,class,domain,bioetl.domain.entities.chembl_compound_record,src/bioetl/domain/entities/chembl_compound_record.py:59,59,62,4,0,0,3,DEAD,0,,1,docs/99-archive/reports/domain_merged.md,False,,3,0,3,0,3,0,0,3,0,3,0,0,0,0,3,0,0,0,0,3,0
function,_validate_tanimoto,bioetl.domain.entities.chembl_structures._validate_tanimoto,module,domain,bioetl.domain.entities.chembl_structures,src/bioetl/domain/entities/chembl_structures.py:333,333,336,4,0,0,5,DEAD,0,,1,docs/99-archive/reports/domain_merged.md,False,,5,0,5,0,5,0,0,5,0,5,0,0,0,0,5,0,0,0,0,5,0
method,_validate_class_level,bioetl.domain.entities.chembl_structures.ProteinClassification._validate_class_level,class,domain,bioetl.domain.entities.chembl_structures,src/bioetl/domain/entities/chembl_structures.py:430,430,433,4,0,0,2,DEAD,0,,1,docs/99-archive/reports/domain_merged.md,False,,2,0,2,0,2,0,0,2,0,2,0,0,0,0,2,0,0,0,0,2,0
method,_validate_downgraded,bioetl.domain.entities.chembl_structures.ProteinClassification._validate_downgraded,class,domain,bioetl.domain.entities.chembl_structures,src/bioetl/domain/entities/chembl_structures.py:435,435,438,4,0,0,2,DEAD,0,,1,docs/99-archive/reports/domain_merged.md,False,,2,0,2,0,2,0,0,2,0,2,0,0,0,0,2,0,0,0,0,2,0
method,_validate_annotation_score,bioetl.domain.entities.uniprot.IDMappingResult._validate_annotation_score,class,domain,bioetl.domain.entities.uniprot,src/bioetl/domain/entities/uniprot.py:87,87,92,6,0,0,2,DEAD,0,,1,docs/99-archive/reports/domain_merged.md,False,,2,0,2,0,2,0,0,2,0,2,0,0,0,0,2,0,0,0,0,2,0
method,_validate_sequence_fields,bioetl.domain.entities.uniprot.IDMappingResult._validate_sequence_fields,class,domain,bioetl.domain.entities.uniprot,src/bioetl/domain/entities/uniprot.py:94,94,103,10,0,0,0,DEAD,0,,0,,False,,0,0,0,0,0,0,0,0,0,0,0,0,0,0,0,0,0,0,0,0,0
method,_validate_sequence_length,bioetl.domain.entities.uniprot.UniprotTarget._validate_sequence_length,class,domain,bioetl.domain.entities.uniprot,src/bioetl/domain/entities/uniprot.py:261,261,266,6,0,0,2,DEAD,0,,1,docs/99-archive/reports/domain_merged.md,False,,2,0,2,0,2,0,0,2,0,2,0,0,0,0,2,0,0,0,0,2,0
method,_validate_annotation_score,bioetl.domain.entities.uniprot.UniprotTarget._validate_annotation_score,class,domain,bioetl.domain.entities.uniprot,src/bioetl/domain/entities/uniprot.py:268,268,273,6,0,0,2,DEAD,0,,1,docs/99-archive/reports/domain_merged.md,False,,2,0,2,0,2,0,0,2,0,2,0,0,0,0,2,0,0,0,0,2,0
function,_match_error_type,bioetl.domain.error_classifier._match_error_type,module,domain,bioetl.domain.error_classifier,src/bioetl/domain/error_classifier.py:60,60,72,13,0,0,2,DEAD,0,,1,docs/99-archive/reports/domain_merged.md,False,,2,0,2,0,2,0,0,2,0,2,0,0,0,0,2,0,0,0,0,2,0
method,_classify_domain_error,bioetl.domain.error_classifier.ErrorClassifier._classify_domain_error,class,domain,bioetl.domain.error_classifier,src/bioetl/domain/error_classifier.py:128,128,138,11,0,0,2,DEAD,0,,1,docs/99-archive/reports/domain_merged.md,False,,2,0,2,0,2,0,0,2,0,2,0,0,0,0,2,0,0,0,0,2,0
method,_classify_external_error,bioetl.domain.error_classifier.ErrorClassifier._classify_external_error,class,domain,bioetl.domain.error_classifier,src/bioetl/domain/error_classifier.py:140,140,163,24,0,0,2,DEAD,0,,1,docs/99-archive/reports/domain_merged.md,False,,2,0,2,0,2,0,0,2,0,2,0,0,0,0,2,0,0,0,0,2,0
method,fallback_usage_count,bioetl.domain.error_classifier.ErrorClassifier.fallback_usage_count,class,domain,bioetl.domain.error_classifier,src/bioetl/domain/error_classifier.py:166,166,168,3,0,0,3,DEAD,0,,1,docs/99-archive/reports/domain_merged.md,False,,3,0,3,0,3,0,0,3,0,3,0,0,0,0,3,0,0,0,0,3,0
method,reset_fallback_count,bioetl.domain.error_classifier.ErrorClassifier.reset_fallback_count,class,domain,bioetl.domain.error_classifier,src/bioetl/domain/error_classifier.py:170,170,172,3,0,0,1,DEAD,0,,1,docs/99-archive/reports/domain_merged.md,False,,1,0,1,0,1,0,0,1,0,1,0,0,0,0,1,0,0,0,0,1,0
constant,_CONTEXT_EXCLUDE,bioetl.domain.exceptions.base.BioETLError._CONTEXT_EXCLUDE,class,domain,bioetl.domain.exceptions.base,src/bioetl/domain/exceptions/base.py:32,32,37,6,0,0,2,DEAD,0,,1,docs/99-archive/reports/domain_merged.md,False,,2,0,2,0,2,0,0,2,0,2,0,0,0,0,2,0,0,0,0,2,0
parameter,expected_format,bioetl.domain.exceptions.validation.InvalidDataFormatError.expected_format,method,domain,bioetl.domain.exceptions.validation,src/bioetl/domain/exceptions/validation.py:106,106,106,1,0,0,6,DEAD,0,,1,docs/99-archive/reports/domain_merged.md,False,,6,0,6,0,6,0,0,6,0,6,0,0,0,0,6,0,0,0,0,6,0
method,_validate_operator_values,bioetl.domain.filtering.column_filter.GoldColumnFilter._validate_operator_values,class,domain,bioetl.domain.filtering.column_filter,src/bioetl/domain/filtering/column_filter.py:58,58,69,12,0,0,2,DEAD,0,,1,docs/99-archive/reports/domain_merged.md,False,,2,0,2,0,2,0,0,2,0,2,0,0,0,0,2,0,0,0,0,2,0
variable,requires_values,bioetl.domain.filtering.column_filter.GoldColumnFilter._validate_operator_values.requires_values,method,domain,bioetl.domain.filtering.column_filter,src/bioetl/domain/filtering/column_filter.py:60,60,60,1,0,0,3,DEAD,0,,1,docs/99-archive/reports/domain_merged.md,False,,3,0,3,0,3,0,0,3,0,3,0,0,0,0,3,0,0,0,0,3,0
method,_check_required_fields,bioetl.domain.filtering.gold_config.GoldFilterConfig._check_required_fields,class,domain,bioetl.domain.filtering.gold_config,src/bioetl/domain/filtering/gold_config.py:59,59,61,3,0,0,2,DEAD,0,,1,docs/99-archive/reports/domain_merged.md,False,,2,0,2,0,2,0,0,2,0,2,0,0,0,0,2,0,0,0,0,2,0
method,_check_exclude_if_present,bioetl.domain.filtering.gold_config.GoldFilterConfig._check_exclude_if_present,class,domain,bioetl.domain.filtering.gold_config,src/bioetl/domain/filtering/gold_config.py:63,63,65,3,0,0,2,DEAD,0,,1,docs/99-archive/reports/domain_merged.md,False,,2,0,2,0,2,0,0,2,0,2,0,0,0,0,2,0,0,0,0,2,0
method,_check_column_filters,bioetl.domain.filtering.gold_config.GoldFilterConfig._check_column_filters,class,domain,bioetl.domain.filtering.gold_config,src/bioetl/domain/filtering/gold_config.py:67,67,69,3,0,0,2,DEAD,0,,1,docs/99-archive/reports/domain_merged.md,False,,2,0,2,0,2,0,0,2,0,2,0,0,0,0,2,0,0,0,0,2,0
method,_check_single_column,bioetl.domain.filtering.gold_config.GoldFilterConfig._check_single_column,class,domain,bioetl.domain.filtering.gold_config,src/bioetl/domain/filtering/gold_config.py:71,71,85,15,0,0,2,DEAD,0,,1,docs/99-archive/reports/domain_merged.md,False,,2,0,2,0,2,0,0,2,0,2,0,0,0,0,2,0,0,0,0,2,0
method,_check_op_in,bioetl.domain.filtering.gold_config.GoldFilterConfig._check_op_in,class,domain,bioetl.domain.filtering.gold_config,src/bioetl/domain/filtering/gold_config.py:87,87,89,3,0,0,2,DEAD,0,,1,docs/99-archive/reports/domain_merged.md,False,,2,0,2,0,2,0,0,2,0,2,0,0,0,0,2,0,0,0,0,2,0
method,_check_op_not_in,bioetl.domain.filtering.gold_config.GoldFilterConfig._check_op_not_in,class,domain,bioetl.domain.filtering.gold_config,src/bioetl/domain/filtering/gold_config.py:91,91,93,3,0,0,2,DEAD,0,,1,docs/99-archive/reports/domain_merged.md,False,,2,0,2,0,2,0,0,2,0,2,0,0,0,0,2,0,0,0,0,2,0
method,_check_op_is_null,bioetl.domain.filtering.gold_config.GoldFilterConfig._check_op_is_null,class,domain,bioetl.domain.filtering.gold_config,src/bioetl/domain/filtering/gold_config.py:95,95,97,3,0,0,2,DEAD,0,,1,docs/99-archive/reports/domain_merged.md,False,,2,0,2,0,2,0,0,2,0,2,0,0,0,0,2,0,0,0,0,2,0
parameter,_values,bioetl.domain.filtering.gold_config.GoldFilterConfig._values,method,domain,bioetl.domain.filtering.gold_config,src/bioetl/domain/filtering/gold_config.py:95,95,95,1,0,0,4,DEAD,0,,1,docs/99-archive/reports/domain_merged.md,False,,4,0,4,0,4,0,0,4,0,4,0,0,0,0,4,0,0,0,0,4,0
method,_check_op_is_not_null,bioetl.domain.filtering.gold_config.GoldFilterConfig._check_op_is_not_null,class,domain,bioetl.domain.filtering.gold_config,src/bioetl/domain/filtering/gold_config.py:99,99,101,3,0,0,2,DEAD,0,,1,docs/99-archive/reports/domain_merged.md,False,,2,0,2,0,2,0,0,2,0,2,0,0,0,0,2,0,0,0,0,2,0
method,_check_op_is_empty,bioetl.domain.filtering.gold_config.GoldFilterConfig._check_op_is_empty,class,domain,bioetl.domain.filtering.gold_config,src/bioetl/domain/filtering/gold_config.py:103,103,105,3,0,0,2,DEAD,0,,1,docs/99-archive/reports/domain_merged.md,False,,2,0,2,0,2,0,0,2,0,2,0,0,0,0,2,0,0,0,0,2,0
method,_check_op_is_not_empty,bioetl.domain.filtering.gold_config.GoldFilterConfig._check_op_is_not_empty,class,domain,bioetl.domain.filtering.gold_config,src/bioetl/domain/filtering/gold_config.py:107,107,109,3,0,0,2,DEAD,0,,1,docs/99-archive/reports/domain_merged.md,False,,2,0,2,0,2,0,0,2,0,2,0,0,0,0,2,0,0,0,0,2,0
method,_is_empty_value,bioetl.domain.filtering.gold_config.GoldFilterConfig._is_empty_value,class,domain,bioetl.domain.filtering.gold_config,src/bioetl/domain/filtering/gold_config.py:112,112,130,19,0,0,3,DEAD,0,,1,docs/99-archive/reports/domain_merged.md,False,,3,0,3,0,3,0,0,3,0,3,0,0,0,0,3,0,0,0,0,3,0
method,_check_range_filters,bioetl.domain.filtering.gold_config.GoldFilterConfig._check_range_filters,class,domain,bioetl.domain.filtering.gold_config,src/bioetl/domain/filtering/gold_config.py:132,132,134,3,0,0,2,DEAD,0,,1,docs/99-archive/reports/domain_merged.md,False,,2,0,2,0,2,0,0,2,0,2,0,0,0,0,2,0,0,0,0,2,0
method,_check_list_length_filters,bioetl.domain.filtering.gold_config.GoldFilterConfig._check_list_length_filters,class,domain,bioetl.domain.filtering.gold_config,src/bioetl/domain/filtering/gold_config.py:136,136,140,5,0,0,2,DEAD,0,,1,docs/99-archive/reports/domain_merged.md,False,,2,0,2,0,2,0,0,2,0,2,0,0,0,0,2,0,0,0,0,2,0
method,_check_single_list_length,bioetl.domain.filtering.gold_config.GoldFilterConfig._check_single_list_length,class,domain,bioetl.domain.filtering.gold_config,src/bioetl/domain/filtering/gold_config.py:142,142,147,6,0,0,2,DEAD,0,,1,docs/99-archive/reports/domain_merged.md,False,,2,0,2,0,2,0,0,2,0,2,0,0,0,0,2,0,0,0,0,2,0
method,_get_list_length,bioetl.domain.filtering.gold_config.GoldFilterConfig._get_list_length,class,domain,bioetl.domain.filtering.gold_config,src/bioetl/domain/filtering/gold_config.py:150,150,156,7,0,0,2,DEAD,0,,1,docs/99-archive/reports/domain_merged.md,False,,2,0,2,0,2,0,0,2,0,2,0,0,0,0,2,0,0,0,0,2,0
method,_length_in_bounds,bioetl.domain.filtering.gold_config.GoldFilterConfig._length_in_bounds,class,domain,bioetl.domain.filtering.gold_config,src/bioetl/domain/filtering/gold_config.py:159,159,165,7,0,0,2,DEAD,0,,1,docs/99-archive/reports/domain_merged.md,False,,2,0,2,0,2,0,0,2,0,2,0,0,0,0,2,0,0,0,0,2,0
parameter,min_len,bioetl.domain.filtering.gold_config.GoldFilterConfig.min_len,method,domain,bioetl.domain.filtering.gold_config,src/bioetl/domain/filtering/gold_config.py:160,160,160,1,0,0,3,DEAD,0,,1,docs/99-archive/reports/domain_merged.md,False,,3,0,3,0,3,0,0,3,0,3,0,0,0,0,3,0,0,0,0,3,0
method,_check_list_contains_filters,bioetl.domain.filtering.gold_config.GoldFilterConfig._check_list_contains_filters,class,domain,bioetl.domain.filtering.gold_config,src/bioetl/domain/filtering/gold_config.py:167,167,172,6,0,0,2,DEAD,0,,1,docs/99-archive/reports/domain_merged.md,False,,2,0,2,0,2,0,0,2,0,2,0,0,0,0,2,0,0,0,0,2,0
method,_check_single_list_contains,bioetl.domain.filtering.gold_config.GoldFilterConfig._check_single_list_contains,class,domain,bioetl.domain.filtering.gold_config,src/bioetl/domain/filtering/gold_config.py:174,174,183,10,0,0,2,DEAD,0,,1,docs/99-archive/reports/domain_merged.md,False,,2,0,2,0,2,0,0,2,0,2,0,0,0,0,2,0,0,0,0,2,0
variable,val_set,bioetl.domain.filtering.gold_config.GoldFilterConfig._check_single_list_contains.val_set,method,domain,bioetl.domain.filtering.gold_config,src/bioetl/domain/filtering/gold_config.py:182,182,182,1,0,0,5,DEAD,0,,1,docs/99-archive/reports/domain_merged.md,False,,5,0,5,0,5,0,0,5,0,5,0,0,0,0,5,0,0,0,0,5,0
method,_to_string_set,bioetl.domain.filtering.gold_config.GoldFilterConfig._to_string_set,class,domain,bioetl.domain.filtering.gold_config,src/bioetl/domain/filtering/gold_config.py:186,186,190,5,0,0,2,DEAD,0,,1,docs/99-archive/reports/domain_merged.md,False,,2,0,2,0,2,0,0,2,0,2,0,0,0,0,2,0,0,0,0,2,0
method,_matches_contains_mode,bioetl.domain.filtering.gold_config.GoldFilterConfig._matches_contains_mode,class,domain,bioetl.domain.filtering.gold_config,src/bioetl/domain/filtering/gold_config.py:193,193,200,8,0,0,2,DEAD,0,,1,docs/99-archive/reports/domain_merged.md,False,,2,0,2,0,2,0,0,2,0,2,0,0,0,0,2,0,0,0,0,2,0
parameter,val_set,bioetl.domain.filtering.gold_config.GoldFilterConfig.val_set,method,domain,bioetl.domain.filtering.gold_config,src/bioetl/domain/filtering/gold_config.py:194,194,194,1,0,0,5,DEAD,0,,1,docs/99-archive/reports/domain_merged.md,False,,5,0,5,0,5,0,0,5,0,5,0,0,0,0,5,0,0,0,0,5,0
method,_check_single_range,bioetl.domain.filtering.gold_config.GoldFilterConfig._check_single_range,class,domain,bioetl.domain.filtering.gold_config,src/bioetl/domain/filtering/gold_config.py:202,202,213,12,0,0,2,DEAD,0,,1,docs/99-archive/reports/domain_merged.md,False,,2,0,2,0,2,0,0,2,0,2,0,0,0,0,2,0,0,0,0,2,0
variable,num_val,bioetl.domain.filtering.gold_config.GoldFilterConfig._check_single_range.num_val,method,domain,bioetl.domain.filtering.gold_config,src/bioetl/domain/filtering/gold_config.py:209,209,209,1,0,0,5,DEAD,0,,1,docs/99-archive/reports/domain_merged.md,False,,5,0,5,0,5,0,0,5,0,5,0,0,0,0,5,0,0,0,0,5,0
method,_in_range,bioetl.domain.filtering.gold_config.GoldFilterConfig._in_range,class,domain,bioetl.domain.filtering.gold_config,src/bioetl/domain/filtering/gold_config.py:215,215,219,5,0,0,2,DEAD,0,,1,docs/99-archive/reports/domain_merged.md,False,,2,0,2,0,2,0,0,2,0,2,0,0,0,0,2,0,0,0,0,2,0
parameter,num_val,bioetl.domain.filtering.gold_config.GoldFilterConfig.num_val,method,domain,bioetl.domain.filtering.gold_config,src/bioetl/domain/filtering/gold_config.py:215,215,215,1,0,0,5,DEAD,0,,1,docs/99-archive/reports/domain_merged.md,False,,5,0,5,0,5,0,0,5,0,5,0,0,0,0,5,0,0,0,0,5,0
variable,min_ok,bioetl.domain.filtering.gold_config.GoldFilterConfig._in_range.min_ok,method,domain,bioetl.domain.filtering.gold_config,src/bioetl/domain/filtering/gold_config.py:217,217,217,1,0,0,2,DEAD,0,,1,docs/99-archive/reports/domain_merged.md,False,,2,0,2,0,2,0,0,2,0,2,0,0,0,0,2,0,0,0,0,2,0
variable,max_ok,bioetl.domain.filtering.gold_config.GoldFilterConfig._in_range.max_ok,method,domain,bioetl.domain.filtering.gold_config,src/bioetl/domain/filtering/gold_config.py:218,218,218,1,0,0,2,DEAD,0,,1,docs/99-archive/reports/domain_merged.md,False,,2,0,2,0,2,0,0,2,0,2,0,0,0,0,2,0,0,0,0,2,0
method,_check_min_bound,bioetl.domain.filtering.gold_config.GoldFilterConfig._check_min_bound,class,domain,bioetl.domain.filtering.gold_config,src/bioetl/domain/filtering/gold_config.py:222,222,226,5,0,0,2,DEAD,0,,1,docs/99-archive/reports/domain_merged.md,False,,2,0,2,0,2,0,0,2,0,2,0,0,0,0,2,0,0,0,0,2,0
method,_check_max_bound,bioetl.domain.filtering.gold_config.GoldFilterConfig._check_max_bound,class,domain,bioetl.domain.filtering.gold_config,src/bioetl/domain/filtering/gold_config.py:229,229,233,5,0,0,2,DEAD,0,,1,docs/99-archive/reports/domain_merged.md,False,,2,0,2,0,2,0,0,2,0,2,0,0,0,0,2,0,0,0,0,2,0
variable,all_filters,bioetl.domain.filtering.gold_config.GoldFilterConfig.is_empty.all_filters,method,domain,bioetl.domain.filtering.gold_config,src/bioetl/domain/filtering/gold_config.py:241,241,248,8,0,0,2,DEAD,0,,1,docs/99-archive/reports/domain_merged.md,False,,2,0,2,0,2,0,0,2,0,2,0,0,0,0,2,0,0,0,0,2,0
constant,_OPERATOR_CHECKERS,bioetl.domain.filtering.gold_config._OPERATOR_CHECKERS,module,domain,bioetl.domain.filtering.gold_config,src/bioetl/domain/filtering/gold_config.py:254,254,263,10,0,0,2,DEAD,0,,1,docs/99-archive/reports/domain_merged.md,False,,2,0,2,0,2,0,0,2,0,2,0,0,0,0,2,0,0,0,0,2,0
method,_validate_direct_multi_ids_mode,bioetl.domain.filtering.input_config.InputFilterConfig._validate_direct_multi_ids_mode,class,domain,bioetl.domain.filtering.input_config,src/bioetl/domain/filtering/input_config.py:75,75,78,4,0,0,0,DEAD,0,,0,,False,,0,0,0,0,0,0,0,0,0,0,0,0,0,0,0,0,0,0,0,0,0
method,_has_single_column_config,bioetl.domain.filtering.input_config.InputFilterConfig._has_single_column_config,class,domain,bioetl.domain.filtering.input_config,src/bioetl/domain/filtering/input_config.py:97,97,99,3,0,0,2,DEAD,0,,1,docs/99-archive/reports/domain_merged.md,False,,2,0,2,0,2,0,0,2,0,2,0,0,0,0,2,0,0,0,0,2,0
method,_validate_columns,bioetl.domain.filtering.input_config.InputFilterConfig._validate_columns,class,domain,bioetl.domain.filtering.input_config,src/bioetl/domain/filtering/input_config.py:101,101,105,5,0,0,2,DEAD,0,,1,docs/99-archive/reports/domain_merged.md,False,,2,0,2,0,2,0,0,2,0,2,0,0,0,0,2,0,0,0,0,2,0
method,_validate_batch_size,bioetl.domain.filtering.input_config.InputFilterConfig._validate_batch_size,class,domain,bioetl.domain.filtering.input_config,src/bioetl/domain/filtering/input_config.py:107,107,110,4,0,0,2,DEAD,0,,1,docs/99-archive/reports/domain_merged.md,False,,2,0,2,0,2,0,0,2,0,2,0,0,0,0,2,0,0,0,0,2,0
method,is_direct_filter,bioetl.domain.filtering.input_config.InputFilterConfig.is_direct_filter,class,domain,bioetl.domain.filtering.input_config,src/bioetl/domain/filtering/input_config.py:118,118,120,3,0,0,1,DEAD,0,,1,docs/99-archive/reports/domain_merged.md,False,,1,0,1,0,1,0,0,1,0,1,0,0,0,0,1,0,0,0,0,1,0
method,is_direct_multi_filter,bioetl.domain.filtering.input_config.InputFilterConfig.is_direct_multi_filter,class,domain,bioetl.domain.filtering.input_config,src/bioetl/domain/filtering/input_config.py:123,123,125,3,0,0,0,DEAD,0,,0,,False,,0,0,0,0,0,0,0,0,0,0,0,0,0,0,0,0,0,0,0,0,0
variable,exclusive_key,bioetl.domain.locking.LockContext.matches_table.exclusive_key,method,domain,bioetl.domain.locking,src/bioetl/domain/locking.py:148,148,148,1,0,0,4,DEAD,0,,2,docs/99-archive/reports/documentation_merged.md;docs/99-archive/reports/domain_merged.md,False,,6,2,4,2,4,2,2,4,2,4,0,2,2,0,4,2,2,2,2,4,2
constant,_CHEMBL_MAPPING,bioetl.domain.mapping.publication_fields._CHEMBL_MAPPING,module,domain,bioetl.domain.mapping.publication_fields,src/bioetl/domain/mapping/publication_fields.py:34,34,41,8,0,0,1,DEAD,0,,1,docs/analysis/PUBLICATION_TYPE_NORMALIZATION_ANALYSIS.md,False,,0,0,0,0,0,0,0,0,0,0,0,0,0,0,0,0,0,0,0,0,0
constant,_CROSSREF_MAPPING,bioetl.domain.mapping.publication_fields._CROSSREF_MAPPING,module,domain,bioetl.domain.mapping.publication_fields,src/bioetl/domain/mapping/publication_fields.py:43,43,58,16,0,0,0,DEAD,0,,0,,False,,0,0,0,0,0,0,0,0,0,0,0,0,0,0,0,0,0,0,0,0,0
constant,_OPENALEX_MAPPING,bioetl.domain.mapping.publication_fields._OPENALEX_MAPPING,module,domain,bioetl.domain.mapping.publication_fields,src/bioetl/domain/mapping/publication_fields.py:60,60,77,18,0,0,0,DEAD,0,,0,,False,,0,0,0,0,0,0,0,0,0,0,0,0,0,0,0,0,0,0,0,0,0
constant,_PUBMED_MAPPING,bioetl.domain.mapping.publication_fields._PUBMED_MAPPING,module,domain,bioetl.domain.mapping.publication_fields,src/bioetl/domain/mapping/publication_fields.py:79,79,97,19,0,0,0,DEAD,0,,0,,False,,0,0,0,0,0,0,0,0,0,0,0,0,0,0,0,0,0,0,0,0,0
constant,_SEMANTICSCHOLAR_MAPPING,bioetl.domain.mapping.publication_fields._SEMANTICSCHOLAR_MAPPING,module,domain,bioetl.domain.mapping.publication_fields,src/bioetl/domain/mapping/publication_fields.py:99,99,115,17,0,0,0,DEAD,0,,0,,False,,0,0,0,0,0,0,0,0,0,0,0,0,0,0,0,0,0,0,0,0,0
function,_build_reverse_mapping,bioetl.domain.mapping.publication_fields._build_reverse_mapping,module,domain,bioetl.domain.mapping.publication_fields,src/bioetl/domain/mapping/publication_fields.py:133,133,138,6,0,0,0,DEAD,0,,0,,False,,0,0,0,0,0,0,0,0,0,0,0,0,0,0,0,0,0,0,0,0,0
parameter,unified_field,bioetl.domain.mapping.publication_fields.unified_field,function,domain,bioetl.domain.mapping.publication_fields,src/bioetl/domain/mapping/publication_fields.py:171,171,171,1,0,0,0,DEAD,0,,0,,False,,0,0,0,0,0,0,0,0,0,0,0,0,0,0,0,0,0,0,0,0,0
variable,unified_key,bioetl.domain.mapping.publication_fields.apply_field_mapping.unified_key,function,domain,bioetl.domain.mapping.publication_fields,src/bioetl/domain/mapping/publication_fields.py:217,217,217,1,0,0,0,DEAD,0,,0,,False,,0,0,0,0,0,0,0,0,0,0,0,0,0,0,0,0,0,0,0,0,0
variable,_ClassificationRow,bioetl.domain.mapping.publication_type_classification._ClassificationRow,module,domain,bioetl.domain.mapping.publication_type_classification,src/bioetl/domain/mapping/publication_type_classification.py:55,55,55,1,0,0,0,DEAD,0,,0,,False,,0,0,0,0,0,0,0,0,0,0,0,0,0,0,0,0,0,0,0,0,0
constant,_DASH,bioetl.domain.mapping.publication_type_classification._DASH,module,domain,bioetl.domain.mapping.publication_type_classification,src/bioetl/domain/mapping/publication_type_classification.py:1527,1527,1527,1,0,0,0,DEAD,0,,0,,False,,0,0,0,0,0,0,0,0,0,0,0,0,0,0,0,0,0,0,0,0,0
function,_build_lookups,bioetl.domain.mapping.publication_type_classification._build_lookups,module,domain,bioetl.domain.mapping.publication_type_classification,src/bioetl/domain/mapping/publication_type_classification.py:1530,1530,1574,45,0,0,0,DEAD,0,,0,,False,,0,0,0,0,0,0,0,0,0,0,0,0,0,0,0,0,0,0,0,0,0
variable,oa_keys,bioetl.domain.mapping.publication_type_classification._build_lookups.oa_keys,function,domain,bioetl.domain.mapping.publication_type_classification,src/bioetl/domain/mapping/publication_type_classification.py:1552,1552,1552,1,0,0,0,DEAD,0,,0,,False,,0,0,0,0,0,0,0,0,0,0,0,0,0,0,0,0,0,0,0,0,0
variable,cr_keys,bioetl.domain.mapping.publication_type_classification._build_lookups.cr_keys,function,domain,bioetl.domain.mapping.publication_type_classification,src/bioetl/domain/mapping/publication_type_classification.py:1552,1552,1552,1,0,0,0,DEAD,0,,0,,False,,0,0,0,0,0,0,0,0,0,0,0,0,0,0,0,0,0,0,0,0,0
variable,pm_keys,bioetl.domain.mapping.publication_type_classification._build_lookups.pm_keys,function,domain,bioetl.domain.mapping.publication_type_classification,src/bioetl/domain/mapping/publication_type_classification.py:1552,1552,1552,1,0,0,0,DEAD,0,,0,,False,,0,0,0,0,0,0,0,0,0,0,0,0,0,0,0,0,0,0,0,0,0
variable,s2_keys,bioetl.domain.mapping.publication_type_classification._build_lookups.s2_keys,function,domain,bioetl.domain.mapping.publication_type_classification,src/bioetl/domain/mapping/publication_type_classification.py:1552,1552,1552,1,0,0,0,DEAD,0,,0,,False,,0,0,0,0,0,0,0,0,0,0,0,0,0,0,0,0,0,0,0,0,0
function,_best_match,bioetl.domain.mapping.publication_type_classification._best_match,module,domain,bioetl.domain.mapping.publication_type_classification,src/bioetl/domain/mapping/publication_type_classification.py:1624,1624,1634,11,0,0,0,DEAD,0,,0,,False,,0,0,0,0,0,0,0,0,0,0,0,0,0,0,0,0,0,0,0,0,0
parameter,raw_types,bioetl.domain.mapping.publication_type_classification.raw_types,function,domain,bioetl.domain.mapping.publication_type_classification,src/bioetl/domain/mapping/publication_type_classification.py:1626,1626,1626,1,0,0,0,DEAD,0,,0,,False,,0,0,0,0,0,0,0,0,0,0,0,0,0,0,0,0,0,0,0,0,0
constant,_PROVIDER_LOOKUPS,bioetl.domain.mapping.publication_type_classification._PROVIDER_LOOKUPS,module,domain,bioetl.domain.mapping.publication_type_classification,src/bioetl/domain/mapping/publication_type_classification.py:1637,1637,1644,8,0,0,0,DEAD,0,,0,,False,,0,0,0,0,0,0,0,0,0,0,0,0,0,0,0,0,0,0,0,0,0
function,_get_lookup,bioetl.domain.mapping.publication_type_classification._get_lookup,module,domain,bioetl.domain.mapping.publication_type_classification,src/bioetl/domain/mapping/publication_type_classification.py:1647,1647,1649,3,0,0,0,DEAD,0,,0,,False,,0,0,0,0,0,0,0,0,0,0,0,0,0,0,0,0,0,0,0,0,0
variable,files_added,bioetl.domain.models.metadata.DeltaMetrics.files_added,class,domain,bioetl.domain.models.metadata,src/bioetl/domain/models/metadata.py:514,514,514,1,0,0,2,DEAD,0,,1,docs/99-archive/reports/domain_merged.md,False,,4,0,2,0,2,0,0,2,0,2,0,0,0,0,2,0,0,0,0,2,0
variable,rows_deleted,bioetl.domain.models.metadata.DeltaMetrics.rows_deleted,class,domain,bioetl.domain.models.metadata,src/bioetl/domain/models/metadata.py:518,518,518,1,0,0,2,DEAD,0,,1,docs/99-archive/reports/domain_merged.md,False,,4,0,2,0,2,0,0,2,0,2,0,0,0,0,2,0,0,0,0,2,0
variable,data_freshness_hours,bioetl.domain.models.metadata.DQSummary.data_freshness_hours,class,domain,bioetl.domain.models.metadata,src/bioetl/domain/models/metadata.py:584,584,586,3,0,0,2,DEAD,0,,1,docs/99-archive/reports/domain_merged.md,False,,4,0,2,0,2,0,0,2,0,2,0,0,0,0,2,0,0,0,0,2,0
variable,new_versions_created,bioetl.domain.models.metadata.SCDMetadata.new_versions_created,class,domain,bioetl.domain.models.metadata,src/bioetl/domain/models/metadata.py:655,655,655,1,0,0,2,DEAD,0,,1,docs/99-archive/reports/domain_merged.md,False,,4,0,2,0,2,0,0,2,0,2,0,0,0,0,2,0,0,0,0,2,0
variable,records_expired,bioetl.domain.models.metadata.SCDMetadata.records_expired,class,domain,bioetl.domain.models.metadata,src/bioetl/domain/models/metadata.py:656,656,656,1,0,0,2,DEAD,0,,1,docs/99-archive/reports/domain_merged.md,False,,4,0,2,0,2,0,0,2,0,2,0,0,0,0,2,0,0,0,0,2,0
function,_get_last_day_of_month,bioetl.domain.normalization._get_last_day_of_month,module,domain,bioetl.domain.normalization,src/bioetl/domain/normalization.py:41,41,45,5,0,0,2,DEAD,0,,1,docs/99-archive/reports/domain_merged.md,False,,2,0,2,0,2,0,0,2,0,2,0,0,0,0,2,0,0,0,0,2,0
constant,_ELECTRONIC_PAGE_PATTERN,bioetl.domain.normalization._ELECTRONIC_PAGE_PATTERN,module,domain,bioetl.domain.normalization,src/bioetl/domain/normalization.py:113,113,113,1,0,0,2,DEAD,0,,1,docs/99-archive/reports/domain_merged.md,False,,2,0,2,0,2,0,0,2,0,2,0,0,0,0,2,0,0,0,0,2,0
function,_is_electronic_page,bioetl.domain.normalization._is_electronic_page,module,domain,bioetl.domain.normalization,src/bioetl/domain/normalization.py:116,116,118,3,0,0,2,DEAD,0,,1,docs/99-archive/reports/domain_merged.md,False,,2,0,2,0,2,0,0,2,0,2,0,0,0,0,2,0,0,0,0,2,0
function,_extract_digits,bioetl.domain.normalization._extract_digits,module,domain,bioetl.domain.normalization,src/bioetl/domain/normalization.py:121,121,123,3,0,0,0,DEAD,0,,0,,False,,0,0,0,0,0,0,0,0,0,0,0,0,0,0,0,0,0,0,0,0,0
function,_extract_non_digits,bioetl.domain.normalization._extract_non_digits,module,domain,bioetl.domain.normalization,src/bioetl/domain/normalization.py:126,126,128,3,0,0,0,DEAD,0,,0,,False,,0,0,0,0,0,0,0,0,0,0,0,0,0,0,0,0,0,0,0,0,0
function,_is_abbreviated,bioetl.domain.normalization._is_abbreviated,module,domain,bioetl.domain.normalization,src/bioetl/domain/normalization.py:131,131,137,7,0,0,0,DEAD,0,,0,,False,,0,0,0,0,0,0,0,0,0,0,0,0,0,0,0,0,0,0,0,0,0
parameter,first_digits,bioetl.domain.normalization.first_digits,function,domain,bioetl.domain.normalization,src/bioetl/domain/normalization.py:131,131,131,1,0,0,4,DEAD,0,,1,docs/99-archive/reports/application_merged.md,False,,4,0,4,0,0,0,0,4,0,4,0,0,0,0,4,0,0,0,0,4,0
parameter,last_digits,bioetl.domain.normalization.last_digits,function,domain,bioetl.domain.normalization,src/bioetl/domain/normalization.py:131,131,131,1,0,0,4,DEAD,0,,1,docs/99-archive/reports/application_merged.md,False,,4,0,4,0,0,0,0,4,0,4,0,0,0,0,4,0,0,0,0,4,0
function,_compute_expanded_page,bioetl.domain.normalization._compute_expanded_page,module,domain,bioetl.domain.normalization,src/bioetl/domain/normalization.py:140,140,146,7,0,0,0,DEAD,0,,0,,False,,0,0,0,0,0,0,0,0,0,0,0,0,0,0,0,0,0,0,0,0,0
variable,first_num,bioetl.domain.normalization._compute_expanded_page.first_num,function,domain,bioetl.domain.normalization,src/bioetl/domain/normalization.py:142,142,142,1,0,0,3,DEAD,0,,1,docs/99-archive/reports/application_merged.md,False,,3,0,3,0,0,0,0,3,0,3,0,0,0,0,3,0,0,0,0,3,0
parameter,last_page_raw,bioetl.domain.normalization.last_page_raw,function,domain,bioetl.domain.normalization,src/bioetl/domain/normalization.py:149,149,149,1,0,0,0,DEAD,0,,0,,False,,0,0,0,0,0,0,0,0,0,0,0,0,0,0,0,0,0,0,0,0,0
variable,first_digits,bioetl.domain.normalization._expand_abbreviated_page.first_digits,function,domain,bioetl.domain.normalization,src/bioetl/domain/normalization.py:151,151,151,1,0,0,4,DEAD,0,,1,docs/99-archive/reports/application_merged.md,False,,4,0,4,0,0,0,0,4,0,4,0,0,0,0,4,0,0,0,0,4,0
variable,last_digits,bioetl.domain.normalization._expand_abbreviated_page.last_digits,function,domain,bioetl.domain.normalization,src/bioetl/domain/normalization.py:152,152,152,1,0,0,4,DEAD,0,,1,docs/99-archive/reports/application_merged.md,False,,4,0,4,0,0,0,0,4,0,4,0,0,0,0,4,0,0,0,0,4,0
function,_normalize_and_split_pages,bioetl.domain.normalization._normalize_and_split_pages,module,domain,bioetl.domain.normalization,src/bioetl/domain/normalization.py:161,161,171,11,0,0,0,DEAD,0,,0,,False,,0,0,0,0,0,0,0,0,0,0,0,0,0,0,0,0,0,0,0,0,0
function,_prepare_page_input,bioetl.domain.normalization._prepare_page_input,module,domain,bioetl.domain.normalization,src/bioetl/domain/normalization.py:174,174,179,6,0,0,0,DEAD,0,,0,,False,,0,0,0,0,0,0,0,0,0,0,0,0,0,0,0,0,0,0,0,0,0
variable,last_page_raw,bioetl.domain.normalization.parse_page_range.last_page_raw,function,domain,bioetl.domain.normalization,src/bioetl/domain/normalization.py:194,194,194,1,0,0,0,DEAD,0,,0,,False,,0,0,0,0,0,0,0,0,0,0,0,0,0,0,0,0,0,0,0,0,0
function,_is_valid_string,bioetl.domain.normalization._is_valid_string,module,domain,bioetl.domain.normalization,src/bioetl/domain/normalization.py:223,223,225,3,0,0,2,DEAD,0,,1,docs/99-archive/reports/domain_merged.md,False,,2,0,2,0,2,0,0,2,0,2,0,0,0,0,2,0,0,0,0,2,0
function,_filter_valid_strings,bioetl.domain.normalization._filter_valid_strings,module,domain,bioetl.domain.normalization,src/bioetl/domain/normalization.py:235,235,237,3,0,0,2,DEAD,0,,1,docs/99-archive/reports/domain_merged.md,False,,2,0,2,0,2,0,0,2,0,2,0,0,0,0,2,0,0,0,0,2,0
function,_try_parse_json_array,bioetl.domain.normalization._try_parse_json_array,module,domain,bioetl.domain.normalization,src/bioetl/domain/normalization.py:245,245,251,7,0,0,2,DEAD,0,,1,docs/99-archive/reports/domain_merged.md,False,,2,0,2,0,2,0,0,2,0,2,0,0,0,0,2,0,0,0,0,2,0
function,_parse_authors_from_delimited,bioetl.domain.normalization._parse_authors_from_delimited,module,domain,bioetl.domain.normalization,src/bioetl/domain/normalization.py:262,262,266,5,0,0,2,DEAD,0,,1,docs/99-archive/reports/domain_merged.md,False,,2,0,2,0,2,0,0,2,0,2,0,0,0,0,2,0,0,0,0,2,0
variable,DataContainer,bioetl.domain.ports.dq_report.DataContainer,module,domain,bioetl.domain.ports.dq_report,src/bioetl/domain/ports/dq_report.py:32,32,32,1,0,0,3,DEAD,0,,1,docs/99-archive/reports/domain_merged.md,False,,3,0,3,0,3,0,0,3,0,3,0,0,0,0,3,0,0,0,0,3,0
variable,DataContainerDict,bioetl.domain.ports.dq_report.DataContainerDict,module,domain,bioetl.domain.ports.dq_report,src/bioetl/domain/ports/dq_report.py:38,38,38,1,0,0,2,DEAD,0,,1,docs/99-archive/reports/domain_merged.md,False,,2,0,2,0,2,0,0,2,0,2,0,0,0,0,2,0,0,0,0,2,0
method,to_metric_labels,bioetl.domain.ports.health_check.HealthCheckResult.to_metric_labels,class,domain,bioetl.domain.ports.health_check,src/bioetl/domain/ports/health_check.py:72,72,82,11,0,0,1,DEAD,0,,1,docs/99-archive/reports/domain_merged.md,False,,1,0,1,0,1,0,0,1,0,1,0,0,0,0,1,0,0,0,0,1,0
parameter,_name,bioetl.domain.ports.noop.NoOpTracing._name,method,domain,bioetl.domain.ports.noop,src/bioetl/domain/ports/noop.py:101,101,101,1,0,0,3,DEAD,0,,2,docs/03-data-model/field-naming-unification-matrix.md;docs/99-archive/reports/domain_merged.md,False,,3,1,3,0,3,1,1,3,0,2,0,1,1,1,2,0,1,0,0,3,1
variable,_warned,bioetl.domain.ports.noop.NoOpMetrics._warned,class,domain,bioetl.domain.ports.noop,src/bioetl/domain/ports/noop.py:124,124,124,1,0,0,4,DEAD,0,,1,docs/99-archive/reports/infrastructure_merged.md,False,,4,0,0,0,0,0,0,0,0,0,0,0,0,0,0,0,0,0,0,4,0
parameter,_avg_record_size_bytes,bioetl.domain.ports.noop.NoOpMemoryMonitor._avg_record_size_bytes,method,domain,bioetl.domain.ports.noop,src/bioetl/domain/ports/noop.py:349,349,349,1,0,0,2,DEAD,0,,1,docs/99-archive/reports/domain_merged.md,False,,2,0,2,0,2,0,0,2,0,2,0,0,0,0,2,0,0,0,0,2,0
variable,primary_key_fields,bioetl.domain.registry.publication.PublicationMapping.primary_key_fields,class,domain,bioetl.domain.registry.publication,src/bioetl/domain/registry/publication.py:74,74,74,1,0,0,9,DEAD,0,,1,docs/99-archive/reports/domain_merged.md,False,,9,0,9,0,9,0,0,9,0,9,0,0,0,0,9,0,0,0,0,9,0
constant,_PUBLICATION_MAPPINGS,bioetl.domain.registry.publication._PUBLICATION_MAPPINGS,module,domain,bioetl.domain.registry.publication,src/bioetl/domain/registry/publication.py:97,97,149,53,0,0,4,DEAD,0,,1,docs/99-archive/reports/domain_merged.md,False,,4,0,4,0,4,0,0,4,0,4,0,0,0,0,4,0,0,0,0,4,0
constant,_PUBLICATION_MAPPING_INDEX,bioetl.domain.registry.publication._PUBLICATION_MAPPING_INDEX,module,domain,bioetl.domain.registry.publication,src/bioetl/domain/registry/publication.py:152,152,154,3,0,0,4,DEAD,0,,1,docs/99-archive/reports/domain_merged.md,False,,4,0,4,0,4,0,0,4,0,4,0,0,0,0,4,0,0,0,0,4,0
variable,canonical_map,bioetl.domain.registry.publication.validate_publication_entity_type.canonical_map,function,domain,bioetl.domain.registry.publication,src/bioetl/domain/registry/publication.py:317,317,321,5,0,0,2,DEAD,0,,1,docs/99-archive/reports/domain_merged.md,False,,2,0,2,0,2,0,0,2,0,2,0,0,0,0,2,0,0,0,0,2,0
constant,DEFAULT_RETRYABLE_STATUSES,bioetl.domain.resilience.DEFAULT_RETRYABLE_STATUSES,module,domain,bioetl.domain.resilience,src/bioetl/domain/resilience.py:14,14,14,1,0,0,2,DEAD,0,,1,docs/99-archive/reports/domain_merged.md,False,,2,0,2,0,2,0,0,2,0,2,0,0,0,0,2,0,0,0,0,2,0
function,_validate_non_negative,bioetl.domain.resilience._validate_non_negative,module,domain,bioetl.domain.resilience,src/bioetl/domain/resilience.py:191,191,194,4,0,0,2,DEAD,0,,1,docs/99-archive/reports/domain_merged.md,False,,2,0,2,0,2,0,0,2,0,2,0,0,0,0,2,0,0,0,0,2,0
constant,ISO8601_TIMESTAMP_REGEX,bioetl.domain.schemas.base.ISO8601_TIMESTAMP_REGEX,module,domain,bioetl.domain.schemas.base,src/bioetl/domain/schemas/base.py:13,13,15,3,0,0,2,DEAD,0,,1,docs/99-archive/reports/domain_merged.md,False,,2,0,2,0,2,0,0,2,0,2,0,0,0,0,2,0,0,0,0,2,0
constant,PUBLICATION_UNIFIED_FIELDS,bioetl.domain.schemas.column_order.PUBLICATION_UNIFIED_FIELDS,module,domain,bioetl.domain.schemas.column_order,src/bioetl/domain/schemas/column_order.py:62,62,69,8,0,0,2,DEAD,0,,1,docs/99-archive/reports/domain_merged.md,False,,2,0,2,0,2,0,0,2,0,2,0,0,0,0,2,0,0,0,0,2,0
function,_filter_present,bioetl.domain.schemas.column_order._filter_present,module,domain,bioetl.domain.schemas.column_order,src/bioetl/domain/schemas/column_order.py:85,85,89,5,0,0,4,DEAD,0,,1,docs/99-archive/reports/domain_merged.md,False,,4,0,4,0,4,0,0,4,0,4,0,0,0,0,4,0,0,0,0,4,0
parameter,ordered_fields,bioetl.domain.schemas.column_order.ordered_fields,function,domain,bioetl.domain.schemas.column_order,src/bioetl/domain/schemas/column_order.py:86,86,86,1,0,0,2,DEAD,0,,1,docs/99-archive/reports/domain_merged.md,False,,2,0,2,0,2,0,0,2,0,2,0,0,0,0,2,0,0,0,0,2,0
variable,deposited_date,bioetl.domain.schemas.crossref.work.PublicationSchema.deposited_date,class,domain,bioetl.domain.schemas.crossref.work,src/bioetl/domain/schemas/crossref/work.py:112,112,114,3,0,0,4,DEAD,0,,2,docs/99-archive/reports/documentation_merged.md;docs/99-archive/reports/domain_merged.md,False,,4,3,4,3,4,3,3,4,3,4,0,3,3,0,5,3,3,3,3,4,3
variable,funder_names,bioetl.domain.schemas.crossref.work.PublicationSchema.funder_names,class,domain,bioetl.domain.schemas.crossref.work,src/bioetl/domain/schemas/crossref/work.py:143,143,145,3,0,0,4,DEAD,0,,2,docs/99-archive/reports/documentation_merged.md;docs/99-archive/reports/domain_merged.md,False,,4,3,4,3,4,3,3,4,3,4,0,3,3,0,5,3,3,3,3,4,3
variable,clinical_trial_numbers,bioetl.domain.schemas.crossref.work.PublicationSchema.clinical_trial_numbers,class,domain,bioetl.domain.schemas.crossref.work,src/bioetl/domain/schemas/crossref/work.py:146,146,148,3,0,0,4,DEAD,0,,2,docs/99-archive/reports/documentation_merged.md;docs/99-archive/reports/domain_merged.md,False,,4,3,4,3,4,3,3,4,3,4,0,3,3,0,5,3,3,3,3,4,3
method,_check_molecule_id,bioetl.domain.schemas.pubchem.compound.PubchemMoleculeSchema._check_molecule_id,class,domain,bioetl.domain.schemas.pubchem.compound,src/bioetl/domain/schemas/pubchem/compound.py:32,32,34,3,0,0,0,DEAD,0,,0,,False,,0,0,0,0,0,0,0,0,0,0,0,0,0,0,0,0,1,0,0,0,0
method,_check_canonical_smiles,bioetl.domain.schemas.pubchem.compound.PubchemMoleculeSchema._check_canonical_smiles,class,domain,bioetl.domain.schemas.pubchem.compound,src/bioetl/domain/schemas/pubchem/compound.py:43,43,45,3,0,0,1,DEAD,0,,1,docs/99-archive/reports/domain_merged.md,False,,1,0,1,0,1,0,0,1,0,1,0,0,0,0,1,0,1,0,0,1,0
method,_check_isomeric_smiles,bioetl.domain.schemas.pubchem.compound.PubchemMoleculeSchema._check_isomeric_smiles,class,domain,bioetl.domain.schemas.pubchem.compound,src/bioetl/domain/schemas/pubchem/compound.py:53,53,55,3,0,0,1,DEAD,0,,1,docs/99-archive/reports/domain_merged.md,False,,1,0,1,0,1,0,0,1,0,1,0,0,0,0,1,0,1,0,0,1,0
method,_check_inchi,bioetl.domain.schemas.pubchem.compound.PubchemMoleculeSchema._check_inchi,class,domain,bioetl.domain.schemas.pubchem.compound,src/bioetl/domain/schemas/pubchem/compound.py:62,62,64,3,0,0,3,DEAD,0,,3,docs/04-reference/pipelines/pubchem/01-compound-spec.md;docs/99-archive/reports/documentation_merged.md;docs/99-archive/reports/domain_merged.md,False,,2,1,2,1,2,2,1,2,1,2,0,1,1,0,2,1,3,1,1,2,1
method,_check_inchikey,bioetl.domain.schemas.pubchem.compound.PubchemMoleculeSchema._check_inchikey,class,domain,bioetl.domain.schemas.pubchem.compound,src/bioetl/domain/schemas/pubchem/compound.py:72,72,77,6,0,0,0,DEAD,0,,0,,False,,0,0,0,0,0,0,0,0,0,0,0,0,0,0,0,0,1,0,0,0,0
method,_check_exact_mass,bioetl.domain.schemas.pubchem.compound.PubchemMoleculeSchema._check_exact_mass,class,domain,bioetl.domain.schemas.pubchem.compound,src/bioetl/domain/schemas/pubchem/compound.py:100,100,102,3,0,0,1,DEAD,0,,1,docs/99-archive/reports/domain_merged.md,False,,1,0,1,0,1,0,0,1,0,1,0,0,0,0,1,0,1,0,0,1,0
method,_check_monoisotopic_mass,bioetl.domain.schemas.pubchem.compound.PubchemMoleculeSchema._check_monoisotopic_mass,class,domain,bioetl.domain.schemas.pubchem.compound,src/bioetl/domain/schemas/pubchem/compound.py:110,110,112,3,0,0,1,DEAD,0,,1,docs/99-archive/reports/domain_merged.md,False,,1,0,1,0,1,0,0,1,0,1,0,0,0,0,1,0,1,0,0,1,0
method,_check_xlogp,bioetl.domain.schemas.pubchem.compound.PubchemMoleculeSchema._check_xlogp,class,domain,bioetl.domain.schemas.pubchem.compound,src/bioetl/domain/schemas/pubchem/compound.py:121,121,123,3,0,0,1,DEAD,0,,1,docs/99-archive/reports/domain_merged.md,False,,1,0,1,0,1,0,0,1,0,1,0,0,0,0,1,0,1,0,0,1,0
method,_check_tpsa,bioetl.domain.schemas.pubchem.compound.PubchemMoleculeSchema._check_tpsa,class,domain,bioetl.domain.schemas.pubchem.compound,src/bioetl/domain/schemas/pubchem/compound.py:130,130,132,3,0,0,1,DEAD,0,,1,docs/99-archive/reports/domain_merged.md,False,,1,0,1,0,1,0,0,1,0,1,0,0,0,0,1,0,1,0,0,1,0
method,_check_complexity,bioetl.domain.schemas.pubchem.compound.PubchemMoleculeSchema._check_complexity,class,domain,bioetl.domain.schemas.pubchem.compound,src/bioetl/domain/schemas/pubchem/compound.py:139,139,141,3,0,0,1,DEAD,0,,1,docs/99-archive/reports/domain_merged.md,False,,1,0,1,0,1,0,0,1,0,1,0,0,0,0,1,0,1,0,0,1,0
method,_check_charge,bioetl.domain.schemas.pubchem.compound.PubchemMoleculeSchema._check_charge,class,domain,bioetl.domain.schemas.pubchem.compound,src/bioetl/domain/schemas/pubchem/compound.py:148,148,150,3,0,0,1,DEAD,0,,1,docs/99-archive/reports/domain_merged.md,False,,1,0,1,0,1,0,0,1,0,1,0,0,0,0,1,0,1,0,0,1,0
method,_check_heavy_atom_count,bioetl.domain.schemas.pubchem.compound.PubchemMoleculeSchema._check_heavy_atom_count,class,domain,bioetl.domain.schemas.pubchem.compound,src/bioetl/domain/schemas/pubchem/compound.py:158,158,160,3,0,0,1,DEAD,0,,1,docs/99-archive/reports/domain_merged.md,False,,1,0,1,0,1,0,0,1,0,1,0,0,0,0,1,0,1,0,0,1,0
method,_check_h_bond_donor_count,bioetl.domain.schemas.pubchem.compound.PubchemMoleculeSchema._check_h_bond_donor_count,class,domain,bioetl.domain.schemas.pubchem.compound,src/bioetl/domain/schemas/pubchem/compound.py:167,167,169,3,0,0,1,DEAD,0,,1,docs/99-archive/reports/domain_merged.md,False,,1,0,1,0,1,0,0,1,0,1,0,0,0,0,1,0,1,0,0,1,0
method,_check_h_bond_acceptor_count,bioetl.domain.schemas.pubchem.compound.PubchemMoleculeSchema._check_h_bond_acceptor_count,class,domain,bioetl.domain.schemas.pubchem.compound,src/bioetl/domain/schemas/pubchem/compound.py:176,176,180,5,0,0,1,DEAD,0,,1,docs/99-archive/reports/domain_merged.md,False,,1,0,1,0,1,0,0,1,0,1,0,0,0,0,1,0,1,0,0,1,0
method,_check_rotatable_bond_count,bioetl.domain.schemas.pubchem.compound.PubchemMoleculeSchema._check_rotatable_bond_count,class,domain,bioetl.domain.schemas.pubchem.compound,src/bioetl/domain/schemas/pubchem/compound.py:187,187,189,3,0,0,1,DEAD,0,,1,docs/99-archive/reports/domain_merged.md,False,,1,0,1,0,1,0,0,1,0,1,0,0,0,0,1,0,1,0,0,1,0
method,_check_atom_stereo_count,bioetl.domain.schemas.pubchem.compound.PubchemMoleculeSchema._check_atom_stereo_count,class,domain,bioetl.domain.schemas.pubchem.compound,src/bioetl/domain/schemas/pubchem/compound.py:197,197,199,3,0,0,1,DEAD,0,,1,docs/99-archive/reports/domain_merged.md,False,,1,0,1,0,1,0,0,1,0,1,0,0,0,0,1,0,1,0,0,1,0
method,_check_defined_atom_stereo_count,bioetl.domain.schemas.pubchem.compound.PubchemMoleculeSchema._check_defined_atom_stereo_count,class,domain,bioetl.domain.schemas.pubchem.compound,src/bioetl/domain/schemas/pubchem/compound.py:208,208,212,5,0,0,1,DEAD,0,,1,docs/99-archive/reports/domain_merged.md,False,,1,0,1,0,1,0,0,1,0,1,0,0,0,0,1,0,1,0,0,1,0
method,_check_undefined_atom_stereo_count,bioetl.domain.schemas.pubchem.compound.PubchemMoleculeSchema._check_undefined_atom_stereo_count,class,domain,bioetl.domain.schemas.pubchem.compound,src/bioetl/domain/schemas/pubchem/compound.py:221,221,225,5,0,0,1,DEAD,0,,1,docs/99-archive/reports/domain_merged.md,False,,1,0,1,0,1,0,0,1,0,1,0,0,0,0,1,0,1,0,0,1,0
method,_check_bond_stereo_count,bioetl.domain.schemas.pubchem.compound.PubchemMoleculeSchema._check_bond_stereo_count,class,domain,bioetl.domain.schemas.pubchem.compound,src/bioetl/domain/schemas/pubchem/compound.py:232,232,234,3,0,0,1,DEAD,0,,1,docs/99-archive/reports/domain_merged.md,False,,1,0,1,0,1,0,0,1,0,1,0,0,0,0,1,0,1,0,0,1,0
method,_check_defined_bond_stereo_count,bioetl.domain.schemas.pubchem.compound.PubchemMoleculeSchema._check_defined_bond_stereo_count,class,domain,bioetl.domain.schemas.pubchem.compound,src/bioetl/domain/schemas/pubchem/compound.py:243,243,247,5,0,0,1,DEAD,0,,1,docs/99-archive/reports/domain_merged.md,False,,1,0,1,0,1,0,0,1,0,1,0,0,0,0,1,0,1,0,0,1,0
method,_check_undefined_bond_stereo_count,bioetl.domain.schemas.pubchem.compound.PubchemMoleculeSchema._check_undefined_bond_stereo_count,class,domain,bioetl.domain.schemas.pubchem.compound,src/bioetl/domain/schemas/pubchem/compound.py:256,256,260,5,0,0,1,DEAD,0,,1,docs/99-archive/reports/domain_merged.md,False,,1,0,1,0,1,0,0,1,0,1,0,0,0,0,1,0,1,0,0,1,0
method,_check_isotope_atom_count,bioetl.domain.schemas.pubchem.compound.PubchemMoleculeSchema._check_isotope_atom_count,class,domain,bioetl.domain.schemas.pubchem.compound,src/bioetl/domain/schemas/pubchem/compound.py:267,267,269,3,0,0,1,DEAD,0,,1,docs/99-archive/reports/domain_merged.md,False,,1,0,1,0,1,0,0,1,0,1,0,0,0,0,1,0,1,0,0,1,0
method,_check_covalent_unit_count,bioetl.domain.schemas.pubchem.compound.PubchemMoleculeSchema._check_covalent_unit_count,class,domain,bioetl.domain.schemas.pubchem.compound,src/bioetl/domain/schemas/pubchem/compound.py:276,276,278,3,0,0,1,DEAD,0,,1,docs/99-archive/reports/domain_merged.md,False,,1,0,1,0,1,0,0,1,0,1,0,0,0,0,1,0,1,0,0,1,0
method,_check_volume_3d,bioetl.domain.schemas.pubchem.compound.PubchemMoleculeSchema._check_volume_3d,class,domain,bioetl.domain.schemas.pubchem.compound,src/bioetl/domain/schemas/pubchem/compound.py:286,286,288,3,0,0,1,DEAD,0,,1,docs/99-archive/reports/domain_merged.md,False,,1,0,1,0,1,0,0,1,0,1,0,0,0,0,1,0,1,0,0,1,0
method,_check_conformer_count_3d,bioetl.domain.schemas.pubchem.compound.PubchemMoleculeSchema._check_conformer_count_3d,class,domain,bioetl.domain.schemas.pubchem.compound,src/bioetl/domain/schemas/pubchem/compound.py:295,295,297,3,0,0,1,DEAD,0,,1,docs/99-archive/reports/domain_merged.md,False,,1,0,1,0,1,0,0,1,0,1,0,0,0,0,1,0,1,0,0,1,0
method,_check_feature_acceptor_count_3d,bioetl.domain.schemas.pubchem.compound.PubchemMoleculeSchema._check_feature_acceptor_count_3d,class,domain,bioetl.domain.schemas.pubchem.compound,src/bioetl/domain/schemas/pubchem/compound.py:307,307,309,3,0,0,1,DEAD,0,,1,docs/99-archive/reports/domain_merged.md,False,,1,0,1,0,1,0,0,1,0,1,0,0,0,0,1,0,1,0,0,1,0
method,_check_feature_donor_count_3d,bioetl.domain.schemas.pubchem.compound.PubchemMoleculeSchema._check_feature_donor_count_3d,class,domain,bioetl.domain.schemas.pubchem.compound,src/bioetl/domain/schemas/pubchem/compound.py:316,316,318,3,0,0,1,DEAD,0,,1,docs/99-archive/reports/domain_merged.md,False,,1,0,1,0,1,0,0,1,0,1,0,0,0,0,1,0,1,0,0,1,0
method,_check_feature_anion_count_3d,bioetl.domain.schemas.pubchem.compound.PubchemMoleculeSchema._check_feature_anion_count_3d,class,domain,bioetl.domain.schemas.pubchem.compound,src/bioetl/domain/schemas/pubchem/compound.py:325,325,327,3,0,0,1,DEAD,0,,1,docs/99-archive/reports/domain_merged.md,False,,1,0,1,0,1,0,0,1,0,1,0,0,0,0,1,0,1,0,0,1,0
method,_check_feature_cation_count_3d,bioetl.domain.schemas.pubchem.compound.PubchemMoleculeSchema._check_feature_cation_count_3d,class,domain,bioetl.domain.schemas.pubchem.compound,src/bioetl/domain/schemas/pubchem/compound.py:334,334,336,3,0,0,1,DEAD,0,,1,docs/99-archive/reports/domain_merged.md,False,,1,0,1,0,1,0,0,1,0,1,0,0,0,0,1,0,1,0,0,1,0
method,_check_feature_ring_count_3d,bioetl.domain.schemas.pubchem.compound.PubchemMoleculeSchema._check_feature_ring_count_3d,class,domain,bioetl.domain.schemas.pubchem.compound,src/bioetl/domain/schemas/pubchem/compound.py:343,343,345,3,0,0,1,DEAD,0,,1,docs/99-archive/reports/domain_merged.md,False,,1,0,1,0,1,0,0,1,0,1,0,0,0,0,1,0,1,0,0,1,0
method,_check_feature_hydrophobe_count_3d,bioetl.domain.schemas.pubchem.compound.PubchemMoleculeSchema._check_feature_hydrophobe_count_3d,class,domain,bioetl.domain.schemas.pubchem.compound,src/bioetl/domain/schemas/pubchem/compound.py:354,354,356,3,0,0,1,DEAD,0,,1,docs/99-archive/reports/domain_merged.md,False,,1,0,1,0,1,0,0,1,0,1,0,0,0,0,1,0,1,0,0,1,0
method,_check_effective_rotor_count_3d,bioetl.domain.schemas.pubchem.compound.PubchemMoleculeSchema._check_effective_rotor_count_3d,class,domain,bioetl.domain.schemas.pubchem.compound,src/bioetl/domain/schemas/pubchem/compound.py:363,363,365,3,0,0,1,DEAD,0,,1,docs/99-archive/reports/domain_merged.md,False,,1,0,1,0,1,0,0,1,0,1,0,0,0,0,1,0,1,0,0,1,0
method,_check_conformer_rmsd_3d,bioetl.domain.schemas.pubchem.compound.PubchemMoleculeSchema._check_conformer_rmsd_3d,class,domain,bioetl.domain.schemas.pubchem.compound,src/bioetl/domain/schemas/pubchem/compound.py:372,372,374,3,0,0,1,DEAD,0,,1,docs/99-archive/reports/domain_merged.md,False,,1,0,1,0,1,0,0,1,0,1,0,0,0,0,1,0,1,0,0,1,0
method,_check_feature_count_3d,bioetl.domain.schemas.pubchem.compound.PubchemMoleculeSchema._check_feature_count_3d,class,domain,bioetl.domain.schemas.pubchem.compound,src/bioetl/domain/schemas/pubchem/compound.py:399,399,401,3,0,0,1,DEAD,0,,1,docs/99-archive/reports/domain_merged.md,False,,1,0,1,0,1,0,0,1,0,1,0,0,0,0,1,0,1,0,0,1,0
constant,PUBLICATION_STATUSES,bioetl.domain.schemas.pubmed.publication.PUBLICATION_STATUSES,module,domain,bioetl.domain.schemas.pubmed.publication,src/bioetl/domain/schemas/pubmed/publication.py:32,32,32,1,0,0,2,DEAD,0,,1,docs/99-archive/reports/domain_merged.md,False,,2,0,2,0,2,0,0,2,0,2,0,0,0,0,2,0,0,2,0,2,0
constant,ISSN_TYPES,bioetl.domain.schemas.pubmed.publication.ISSN_TYPES,module,domain,bioetl.domain.schemas.pubmed.publication,src/bioetl/domain/schemas/pubmed/publication.py:33,33,33,1,0,0,2,DEAD,0,,1,docs/99-archive/reports/domain_merged.md,False,,2,0,2,0,2,0,0,2,0,2,0,0,0,0,2,0,0,2,0,2,0
method,_check_pmc_id,bioetl.domain.schemas.pubmed.publication.PubMedPublicationSchema._check_pmc_id,class,domain,bioetl.domain.schemas.pubmed.publication,src/bioetl/domain/schemas/pubmed/publication.py:72,72,74,3,0,0,1,DEAD,0,,1,docs/99-archive/reports/domain_merged.md,False,,1,0,1,0,1,0,0,1,0,1,0,0,0,0,1,0,0,1,0,1,0
method,_check_journal_issn_type,bioetl.domain.schemas.pubmed.publication.PubMedPublicationSchema._check_journal_issn_type,class,domain,bioetl.domain.schemas.pubmed.publication,src/bioetl/domain/schemas/pubmed/publication.py:123,123,125,3,0,0,1,DEAD,0,,1,docs/99-archive/reports/domain_merged.md,False,,1,0,1,0,1,0,0,1,0,1,0,0,0,0,1,0,0,1,0,1,0
method,_check_pub_month,bioetl.domain.schemas.pubmed.publication.PubMedPublicationSchema._check_pub_month,class,domain,bioetl.domain.schemas.pubmed.publication,src/bioetl/domain/schemas/pubmed/publication.py:145,145,147,3,0,0,1,DEAD,0,,1,docs/99-archive/reports/domain_merged.md,False,,1,0,1,0,1,0,0,1,0,1,0,0,0,0,1,0,0,1,0,1,0
method,_check_pub_day,bioetl.domain.schemas.pubmed.publication.PubMedPublicationSchema._check_pub_day,class,domain,bioetl.domain.schemas.pubmed.publication,src/bioetl/domain/schemas/pubmed/publication.py:154,154,156,3,0,0,1,DEAD,0,,1,docs/99-archive/reports/domain_merged.md,False,,1,0,1,0,1,0,0,1,0,1,0,0,0,0,1,0,0,1,0,1,0
method,_check_publication_status,bioetl.domain.schemas.pubmed.publication.PubMedPublicationSchema._check_publication_status,class,domain,bioetl.domain.schemas.pubmed.publication,src/bioetl/domain/schemas/pubmed/publication.py:163,163,165,3,0,0,1,DEAD,0,,1,docs/99-archive/reports/domain_merged.md,False,,1,0,1,0,1,0,0,1,0,1,0,0,0,0,1,0,0,1,0,1,0
method,_check_author_count,bioetl.domain.schemas.pubmed.publication.PubMedPublicationSchema._check_author_count,class,domain,bioetl.domain.schemas.pubmed.publication,src/bioetl/domain/schemas/pubmed/publication.py:199,199,201,3,0,0,1,DEAD,0,,1,docs/99-archive/reports/domain_merged.md,False,,1,0,1,0,1,0,0,1,0,1,0,0,0,0,1,0,0,1,0,1,0
method,_check_mesh_heading_count,bioetl.domain.schemas.pubmed.publication.PubMedPublicationSchema._check_mesh_heading_count,class,domain,bioetl.domain.schemas.pubmed.publication,src/bioetl/domain/schemas/pubmed/publication.py:208,208,210,3,0,0,1,DEAD,0,,1,docs/99-archive/reports/domain_merged.md,False,,1,0,1,0,1,0,0,1,0,1,0,0,0,0,1,0,0,1,0,1,0
method,_check_grant_count,bioetl.domain.schemas.pubmed.publication.PubMedPublicationSchema._check_grant_count,class,domain,bioetl.domain.schemas.pubmed.publication,src/bioetl/domain/schemas/pubmed/publication.py:226,226,228,3,0,0,1,DEAD,0,,1,docs/99-archive/reports/domain_merged.md,False,,1,0,1,0,1,0,0,1,0,1,0,0,0,0,1,0,0,1,0,1,0
method,_check_chemical_count,bioetl.domain.schemas.pubmed.publication.PubMedPublicationSchema._check_chemical_count,class,domain,bioetl.domain.schemas.pubmed.publication,src/bioetl/domain/schemas/pubmed/publication.py:235,235,237,3,0,0,1,DEAD,0,,1,docs/99-archive/reports/domain_merged.md,False,,1,0,1,0,1,0,0,1,0,1,0,0,0,0,1,0,0,1,0,1,0
method,_check_accession,bioetl.domain.schemas.uniprot._core.UniprotCoreSchema._check_accession,class,domain,bioetl.domain.schemas.uniprot._core,src/bioetl/domain/schemas/uniprot/_core.py:44,44,49,6,0,0,3,DEAD,0,,3,docs/04-reference/pipelines/uniprot/01-protein-spec.md;docs/99-archive/reports/documentation_merged.md;docs/99-archive/reports/domain_merged.md,False,,2,1,2,1,2,1,1,2,1,2,0,2,1,0,2,1,1,1,1,4,3
method,_check_entry_name,bioetl.domain.schemas.uniprot._core.UniprotCoreSchema._check_entry_name,class,domain,bioetl.domain.schemas.uniprot._core,src/bioetl/domain/schemas/uniprot/_core.py:57,57,59,3,0,0,1,DEAD,0,,1,docs/99-archive/reports/domain_merged.md,False,,1,0,1,0,1,0,0,1,0,1,0,0,0,0,1,0,0,0,0,2,1
method,_check_entry_type,bioetl.domain.schemas.uniprot._core.UniprotCoreSchema._check_entry_type,class,domain,bioetl.domain.schemas.uniprot._core,src/bioetl/domain/schemas/uniprot/_core.py:67,67,69,3,0,0,1,DEAD,0,,1,docs/99-archive/reports/domain_merged.md,False,,1,0,1,0,1,0,0,1,0,1,0,0,0,0,1,0,0,0,0,2,1
method,_check_flag,bioetl.domain.schemas.uniprot._core.UniprotCoreSchema._check_flag,class,domain,bioetl.domain.schemas.uniprot._core,src/bioetl/domain/schemas/uniprot/_core.py:94,94,96,3,0,0,1,DEAD,0,,1,docs/99-archive/reports/domain_merged.md,False,,1,0,1,0,1,0,0,1,0,1,0,0,0,0,1,0,0,0,0,2,1
method,_check_taxonomy_id,bioetl.domain.schemas.uniprot._core.UniprotCoreSchema._check_taxonomy_id,class,domain,bioetl.domain.schemas.uniprot._core,src/bioetl/domain/schemas/uniprot/_core.py:121,121,123,3,0,0,1,DEAD,0,,1,docs/99-archive/reports/domain_merged.md,False,,1,0,1,0,1,0,0,1,0,1,0,0,0,0,1,0,0,0,0,2,1
method,_check_sequence,bioetl.domain.schemas.uniprot._core.UniprotCoreSchema._check_sequence,class,domain,bioetl.domain.schemas.uniprot._core,src/bioetl/domain/schemas/uniprot/_core.py:136,136,138,3,0,0,4,DEAD,0,,3,docs/04-reference/pipelines/uniprot/01-protein-spec.md;docs/99-archive/reports/documentation_merged.md;docs/99-archive/reports/domain_merged.md,False,,3,1,3,1,3,1,1,3,1,3,0,2,1,0,3,1,1,1,1,5,3
method,_check_sequence_length,bioetl.domain.schemas.uniprot._core.UniprotCoreSchema._check_sequence_length,class,domain,bioetl.domain.schemas.uniprot._core,src/bioetl/domain/schemas/uniprot/_core.py:145,145,147,3,0,0,2,DEAD,0,,1,docs/99-archive/reports/domain_merged.md,False,,2,0,2,0,2,0,0,2,0,2,0,0,0,0,2,0,0,0,0,3,1
method,_check_sequence_mass,bioetl.domain.schemas.uniprot._core.UniprotCoreSchema._check_sequence_mass,class,domain,bioetl.domain.schemas.uniprot._core,src/bioetl/domain/schemas/uniprot/_core.py:154,154,156,3,0,0,1,DEAD,0,,1,docs/99-archive/reports/domain_merged.md,False,,1,0,1,0,1,0,0,1,0,1,0,0,0,0,1,0,0,0,0,2,1
method,_check_entry_version,bioetl.domain.schemas.uniprot._core.UniprotCoreSchema._check_entry_version,class,domain,bioetl.domain.schemas.uniprot._core,src/bioetl/domain/schemas/uniprot/_core.py:171,171,173,3,0,0,1,DEAD,0,,1,docs/99-archive/reports/domain_merged.md,False,,1,0,1,0,1,0,0,1,0,1,0,0,0,0,1,0,0,0,0,2,1
method,_check_protein_existence,bioetl.domain.schemas.uniprot._core.UniprotCoreSchema._check_protein_existence,class,domain,bioetl.domain.schemas.uniprot._core,src/bioetl/domain/schemas/uniprot/_core.py:192,192,196,5,0,0,1,DEAD,0,,1,docs/99-archive/reports/domain_merged.md,False,,1,0,1,0,1,0,0,1,0,1,0,0,0,0,1,0,0,0,0,2,1
method,_check_annotation_score,bioetl.domain.schemas.uniprot._core.UniprotCoreSchema._check_annotation_score,class,domain,bioetl.domain.schemas.uniprot._core,src/bioetl/domain/schemas/uniprot/_core.py:203,203,205,3,0,0,1,DEAD,0,,1,docs/99-archive/reports/domain_merged.md,False,,1,0,1,0,1,0,0,1,0,1,0,0,0,0,1,0,0,0,0,2,1
method,_check_cross_reference_count,bioetl.domain.schemas.uniprot._features.UniprotFeatureSchema._check_cross_reference_count,class,domain,bioetl.domain.schemas.uniprot._features,src/bioetl/domain/schemas/uniprot/_features.py:117,117,121,5,0,0,1,DEAD,0,,1,docs/99-archive/reports/domain_merged.md,False,,1,0,1,0,1,0,0,1,0,1,0,0,0,0,1,0,0,0,0,2,1
method,_check_feature_count,bioetl.domain.schemas.uniprot._features.UniprotFeatureSchema._check_feature_count,class,domain,bioetl.domain.schemas.uniprot._features,src/bioetl/domain/schemas/uniprot/_features.py:128,128,130,3,0,0,1,DEAD,0,,1,docs/99-archive/reports/domain_merged.md,False,,1,0,1,0,1,0,0,1,0,1,0,0,0,0,1,0,0,0,0,2,1
method,_check_publication_count,bioetl.domain.schemas.uniprot._features.UniprotFeatureSchema._check_publication_count,class,domain,bioetl.domain.schemas.uniprot._features,src/bioetl/domain/schemas/uniprot/_features.py:146,146,148,3,0,0,1,DEAD,0,,1,docs/99-archive/reports/domain_merged.md,False,,1,0,1,0,1,0,0,1,0,1,0,0,0,0,1,0,0,0,0,2,1
method,_check_isoform_count,bioetl.domain.schemas.uniprot._features.UniprotFeatureSchema._check_isoform_count,class,domain,bioetl.domain.schemas.uniprot._features,src/bioetl/domain/schemas/uniprot/_features.py:155,155,157,3,0,0,1,DEAD,0,,1,docs/99-archive/reports/domain_merged.md,False,,1,0,1,0,1,0,0,1,0,1,0,0,0,0,1,0,0,0,0,2,1
method,_check_target_id,bioetl.domain.schemas.uniprot.idmapping.IDMappingSchema._check_target_id,class,domain,bioetl.domain.schemas.uniprot.idmapping,src/bioetl/domain/schemas/uniprot/idmapping.py:39,39,41,3,0,0,0,DEAD,0,,0,,False,,0,0,0,0,0,0,0,0,0,0,0,0,0,0,0,0,0,0,0,1,1
method,_check_uniprot_accession,bioetl.domain.schemas.uniprot.idmapping.IDMappingSchema._check_uniprot_accession,class,domain,bioetl.domain.schemas.uniprot.idmapping,src/bioetl/domain/schemas/uniprot/idmapping.py:50,50,54,5,0,0,1,DEAD,0,,1,docs/99-archive/reports/domain_merged.md,False,,1,0,1,0,1,0,0,1,0,1,0,0,0,0,1,0,0,0,0,2,1
method,_check_mapping_status,bioetl.domain.schemas.uniprot.idmapping.IDMappingSchema._check_mapping_status,class,domain,bioetl.domain.schemas.uniprot.idmapping,src/bioetl/domain/schemas/uniprot/idmapping.py:62,62,64,3,0,0,1,DEAD,0,,1,docs/99-archive/reports/domain_merged.md,False,,1,0,1,0,1,0,0,1,0,1,0,0,0,0,1,0,0,0,0,2,1
parameter,pandas_obj,bioetl.domain.schemas.validators.pandas_obj,function,domain,bioetl.domain.schemas.validators,src/bioetl/domain/schemas/validators.py:128,128,128,1,0,0,0,DEAD,0,,0,,False,,0,0,0,0,0,0,0,0,0,0,0,0,0,0,0,0,0,0,0,0,0
variable,actual_min,bioetl.domain.schemas.validators.is_non_negative.actual_min,function,domain,bioetl.domain.schemas.validators,src/bioetl/domain/schemas/validators.py:139,139,139,1,0,0,0,DEAD,0,,0,,False,,0,0,0,0,0,0,0,0,0,0,0,0,0,0,0,0,0,0,0,0,0
variable,actual_min,bioetl.domain.schemas.validators.is_positive.actual_min,function,domain,bioetl.domain.schemas.validators,src/bioetl/domain/schemas/validators.py:158,158,158,1,0,0,0,DEAD,0,,0,,False,,0,0,0,0,0,0,0,0,0,0,0,0,0,0,0,0,0,0,0,0,0
constant,_ORJSON_AVAILABLE,bioetl.domain.serialization._ORJSON_AVAILABLE,module,domain,bioetl.domain.serialization,src/bioetl/domain/serialization.py:36,36,36,1,0,0,5,DEAD,0,,1,docs/99-archive/reports/domain_merged.md,False,,5,0,5,0,5,0,0,5,0,5,0,0,0,0,5,0,0,0,0,5,0
function,_get_orjson_options,bioetl.domain.serialization._get_orjson_options,module,domain,bioetl.domain.serialization,src/bioetl/domain/serialization.py:142,142,147,6,0,0,2,DEAD,0,,1,docs/99-archive/reports/domain_merged.md,False,,2,0,2,0,2,0,0,2,0,2,0,0,0,0,2,0,0,0,0,2,0
function,_serialize_with_orjson,bioetl.domain.serialization._serialize_with_orjson,module,domain,bioetl.domain.serialization,src/bioetl/domain/serialization.py:150,150,162,13,0,0,2,DEAD,0,,1,docs/99-archive/reports/domain_merged.md,False,,2,0,2,0,2,0,0,2,0,2,0,0,0,0,2,0,0,0,0,2,0
function,_serialize_with_stdlib,bioetl.domain.serialization._serialize_with_stdlib,module,domain,bioetl.domain.serialization,src/bioetl/domain/serialization.py:165,165,179,15,0,0,2,DEAD,0,,1,docs/99-archive/reports/domain_merged.md,False,,2,0,2,0,2,0,0,2,0,2,0,0,0,0,2,0,0,0,0,2,0
function,_deserialize_with_orjson,bioetl.domain.serialization._deserialize_with_orjson,module,domain,bioetl.domain.serialization,src/bioetl/domain/serialization.py:182,182,189,8,0,0,2,DEAD,0,,1,docs/99-archive/reports/domain_merged.md,False,,2,0,2,0,2,0,0,2,0,2,0,0,0,0,2,0,0,0,0,2,0
function,_deserialize_with_stdlib,bioetl.domain.serialization._deserialize_with_stdlib,module,domain,bioetl.domain.serialization,src/bioetl/domain/serialization.py:192,192,200,9,0,0,2,DEAD,0,,1,docs/99-archive/reports/domain_merged.md,False,,2,0,2,0,2,0,0,2,0,2,0,0,0,0,2,0,0,0,0,2,0
function,is_complex_type,bioetl.domain.serialization.flatten_arrow_table_for_export.is_complex_type,function,domain,bioetl.domain.serialization,src/bioetl/domain/serialization.py:236,236,242,7,0,0,3,DEAD,0,,1,docs/99-archive/reports/domain_merged.md,False,,3,0,3,0,3,0,0,3,0,3,0,0,0,0,3,0,0,0,0,3,0
function,serialize_column_to_json,bioetl.domain.serialization.flatten_arrow_table_for_export.serialize_column_to_json,function,domain,bioetl.domain.serialization,src/bioetl/domain/serialization.py:244,244,249,6,0,0,2,DEAD,0,,1,docs/99-archive/reports/domain_merged.md,False,,2,0,2,0,2,0,0,2,0,2,0,0,0,0,2,0,0,0,0,2,0
function,_geometric_mean,bioetl.domain.services.activity_aggregator._geometric_mean,module,domain,bioetl.domain.services.activity_aggregator,src/bioetl/domain/services/activity_aggregator.py:37,37,57,21,0,0,2,DEAD,0,,1,docs/99-archive/reports/domain_merged.md,False,,2,0,2,0,2,0,0,2,0,2,0,0,0,0,2,0,0,0,0,2,0
variable,log_sum,bioetl.domain.services.activity_aggregator._geometric_mean.log_sum,function,domain,bioetl.domain.services.activity_aggregator,src/bioetl/domain/services/activity_aggregator.py:56,56,56,1,0,0,2,DEAD,0,,1,docs/99-archive/reports/domain_merged.md,False,,2,0,2,0,2,0,0,2,0,2,0,0,0,0,2,0,0,0,0,2,0
function,_median_absolute_deviation,bioetl.domain.services.activity_aggregator._median_absolute_deviation,module,domain,bioetl.domain.services.activity_aggregator,src/bioetl/domain/services/activity_aggregator.py:60,60,76,17,0,0,2,DEAD,0,,1,docs/99-archive/reports/domain_merged.md,False,,2,0,2,0,2,0,0,2,0,2,0,0,0,0,2,0,0,0,0,2,0
variable,default_method,bioetl.domain.services.activity_aggregator.ActivityAggregator.default_method,class,domain,bioetl.domain.services.activity_aggregator,src/bioetl/domain/services/activity_aggregator.py:104,104,104,1,0,0,2,DEAD,0,,1,docs/99-archive/reports/domain_merged.md,False,,2,0,2,0,2,0,0,2,0,2,0,0,0,0,2,0,0,0,0,2,0
variable,value_list,bioetl.domain.services.activity_aggregator.ActivityAggregator.aggregate_values.value_list,method,domain,bioetl.domain.services.activity_aggregator,src/bioetl/domain/services/activity_aggregator.py:134,134,134,1,0,0,5,DEAD,0,,1,docs/99-archive/reports/domain_merged.md,False,,5,0,5,0,5,0,0,5,0,5,0,0,0,0,5,0,0,0,0,5,0
variable,parsed_method,bioetl.domain.services.activity_aggregator.ActivityAggregator.aggregate_values.parsed_method,method,domain,bioetl.domain.services.activity_aggregator,src/bioetl/domain/services/activity_aggregator.py:135,135,135,1,0,0,4,DEAD,0,,1,docs/99-archive/reports/domain_merged.md,False,,4,0,4,0,4,0,0,4,0,4,0,0,0,0,4,0,0,0,0,4,0
method,_parse_method,bioetl.domain.services.activity_aggregator.ActivityAggregator._parse_method,class,domain,bioetl.domain.services.activity_aggregator,src/bioetl/domain/services/activity_aggregator.py:138,138,145,8,0,0,3,DEAD,0,,1,docs/99-archive/reports/domain_merged.md,False,,3,0,3,0,3,0,0,3,0,3,0,0,0,0,3,0,0,0,0,3,0
method,_apply_aggregation,bioetl.domain.services.activity_aggregator.ActivityAggregator._apply_aggregation,class,domain,bioetl.domain.services.activity_aggregator,src/bioetl/domain/services/activity_aggregator.py:147,147,163,17,0,0,2,DEAD,0,,1,docs/99-archive/reports/domain_merged.md,False,,2,0,2,0,2,0,0,2,0,2,0,0,0,0,2,0,0,0,0,2,0
variable,aggregators,bioetl.domain.services.activity_aggregator.ActivityAggregator._apply_aggregation.aggregators,method,domain,bioetl.domain.services.activity_aggregator,src/bioetl/domain/services/activity_aggregator.py:153,153,159,7,0,0,3,DEAD,0,,2,docs/99-archive/reports/documentation_merged.md;docs/99-archive/reports/domain_merged.md,False,,3,1,3,1,3,1,1,3,1,3,0,1,1,0,3,1,1,1,1,3,1
variable,value_list,bioetl.domain.services.activity_aggregator.ActivityAggregator.aggregate_with_uncertainty.value_list,method,domain,bioetl.domain.services.activity_aggregator,src/bioetl/domain/services/activity_aggregator.py:193,193,193,1,0,0,5,DEAD,0,,1,docs/99-archive/reports/domain_merged.md,False,,5,0,5,0,5,0,0,5,0,5,0,0,0,0,5,0,0,0,0,5,0
variable,parsed_method,bioetl.domain.services.activity_aggregator.ActivityAggregator.aggregate_with_uncertainty.parsed_method,method,domain,bioetl.domain.services.activity_aggregator,src/bioetl/domain/services/activity_aggregator.py:195,195,195,1,0,0,4,DEAD,0,,1,docs/99-archive/reports/domain_merged.md,False,,4,0,4,0,4,0,0,4,0,4,0,0,0,0,4,0,0,0,0,4,0
method,_calculate_uncertainty,bioetl.domain.services.activity_aggregator.ActivityAggregator._calculate_uncertainty,class,domain,bioetl.domain.services.activity_aggregator,src/bioetl/domain/services/activity_aggregator.py:200,200,214,15,0,0,2,DEAD,0,,1,docs/99-archive/reports/domain_merged.md,False,,2,0,2,0,2,0,0,2,0,2,0,0,0,0,2,0,0,0,0,2,0
method,_geometric_uncertainty,bioetl.domain.services.activity_aggregator.ActivityAggregator._geometric_uncertainty,class,domain,bioetl.domain.services.activity_aggregator,src/bioetl/domain/services/activity_aggregator.py:216,216,226,11,0,0,2,DEAD,0,,1,docs/99-archive/reports/domain_merged.md,False,,2,0,2,0,2,0,0,2,0,2,0,0,0,0,2,0,0,0,0,2,0
variable,log_values,bioetl.domain.services.activity_aggregator.ActivityAggregator._geometric_uncertainty.log_values,method,domain,bioetl.domain.services.activity_aggregator,src/bioetl/domain/services/activity_aggregator.py:222,222,222,1,0,0,3,DEAD,0,,1,docs/99-archive/reports/domain_merged.md,False,,3,0,3,0,3,0,0,3,0,3,0,0,0,0,3,0,0,0,0,3,0
variable,log_std,bioetl.domain.services.activity_aggregator.ActivityAggregator._geometric_uncertainty.log_std,method,domain,bioetl.domain.services.activity_aggregator,src/bioetl/domain/services/activity_aggregator.py:225,225,225,1,0,0,2,DEAD,0,,1,docs/99-archive/reports/domain_merged.md,False,,2,0,2,0,2,0,0,2,0,2,0,0,0,0,2,0,0,0,0,2,0
variable,nm_values,bioetl.domain.services.activity_aggregator.ActivityAggregator.aggregate_concentrations.nm_values,method,domain,bioetl.domain.services.activity_aggregator,src/bioetl/domain/services/activity_aggregator.py:264,264,264,1,0,0,4,DEAD,0,,1,docs/99-archive/reports/domain_merged.md,False,,4,0,4,0,4,0,0,4,0,4,0,0,0,0,4,0,0,0,0,4,0
variable,nm_values,bioetl.domain.services.activity_aggregator.ActivityAggregator.aggregate_concentrations_with_uncertainty.nm_values,method,domain,bioetl.domain.services.activity_aggregator,src/bioetl/domain/services/activity_aggregator.py:293,293,293,1,0,0,4,DEAD,0,,1,docs/99-archive/reports/domain_merged.md,False,,4,0,4,0,4,0,0,4,0,4,0,0,0,0,4,0,0,0,0,4,0
variable,result_conc,bioetl.domain.services.activity_aggregator.ActivityAggregator.aggregate_concentrations_with_uncertainty.result_conc,method,domain,bioetl.domain.services.activity_aggregator,src/bioetl/domain/services/activity_aggregator.py:296,296,299,4,0,0,2,DEAD,0,,1,docs/99-archive/reports/domain_merged.md,False,,2,0,2,0,2,0,0,2,0,2,0,0,0,0,2,0,0,0,0,2,0
variable,weight_sum,bioetl.domain.services.activity_aggregator.ActivityAggregator.weighted_aggregate.weight_sum,method,domain,bioetl.domain.services.activity_aggregator,src/bioetl/domain/services/activity_aggregator.py:330,330,330,1,0,0,3,DEAD,0,,1,docs/99-archive/reports/domain_merged.md,False,,3,0,3,0,3,0,0,3,0,3,0,0,0,0,3,0,0,0,0,3,0
variable,weighted_sum,bioetl.domain.services.activity_aggregator.ActivityAggregator.weighted_aggregate.weighted_sum,method,domain,bioetl.domain.services.activity_aggregator,src/bioetl/domain/services/activity_aggregator.py:334,334,334,1,0,0,2,DEAD,0,,1,docs/99-archive/reports/domain_merged.md,False,,2,0,2,0,2,0,0,2,0,2,0,0,0,0,2,0,0,0,0,2,0
method,_filter_by_range,bioetl.domain.services.activity_aggregator.ActivityAggregator._filter_by_range,class,domain,bioetl.domain.services.activity_aggregator,src/bioetl/domain/services/activity_aggregator.py:369,369,376,8,0,0,2,DEAD,0,,1,docs/99-archive/reports/domain_merged.md,False,,2,0,2,0,2,0,0,2,0,2,0,0,0,0,2,0,0,0,0,2,0
method,_is_in_range,bioetl.domain.services.activity_aggregator.ActivityAggregator._is_in_range,class,domain,bioetl.domain.services.activity_aggregator,src/bioetl/domain/services/activity_aggregator.py:378,378,387,10,0,0,2,DEAD,0,,1,docs/99-archive/reports/domain_merged.md,False,,2,0,2,0,2,0,0,2,0,2,0,0,0,0,2,0,0,0,0,2,0
constant,_DOI_URL_PREFIXES,bioetl.domain.services.data_normalization_service._DOI_URL_PREFIXES,module,domain,bioetl.domain.services.data_normalization_service,src/bioetl/domain/services/data_normalization_service.py:23,23,23,1,0,0,2,DEAD,0,,1,docs/99-archive/reports/domain_merged.md,False,,2,0,2,0,2,0,0,2,0,2,0,0,0,0,2,0,0,0,0,2,0
constant,_FULL_DATE_LEN,bioetl.domain.services.data_normalization_service._FULL_DATE_LEN,module,domain,bioetl.domain.services.data_normalization_service,src/bioetl/domain/services/data_normalization_service.py:26,26,26,1,0,0,2,DEAD,0,,1,docs/99-archive/reports/domain_merged.md,False,,2,0,2,0,2,0,0,2,0,2,0,0,0,0,2,0,0,0,0,2,0
constant,_PARTIAL_MONTH_LEN,bioetl.domain.services.data_normalization_service._PARTIAL_MONTH_LEN,module,domain,bioetl.domain.services.data_normalization_service,src/bioetl/domain/services/data_normalization_service.py:27,27,27,1,0,0,2,DEAD,0,,1,docs/99-archive/reports/domain_merged.md,False,,2,0,2,0,2,0,0,2,0,2,0,0,0,0,2,0,0,0,0,2,0
constant,_PARTIAL_YEAR_LEN,bioetl.domain.services.data_normalization_service._PARTIAL_YEAR_LEN,module,domain,bioetl.domain.services.data_normalization_service,src/bioetl/domain/services/data_normalization_service.py:28,28,28,1,0,0,2,DEAD,0,,1,docs/99-archive/reports/domain_merged.md,False,,2,0,2,0,2,0,0,2,0,2,0,0,0,0,2,0,0,0,0,2,0
method,_strip_doi_prefix,bioetl.domain.services.data_normalization_service.DefaultDataNormalizationService._strip_doi_prefix,class,domain,bioetl.domain.services.data_normalization_service,src/bioetl/domain/services/data_normalization_service.py:61,61,66,6,0,0,2,DEAD,0,,1,docs/99-archive/reports/domain_merged.md,False,,2,0,2,0,2,0,0,2,0,2,0,0,0,0,2,0,0,0,0,2,0
method,_pmid_to_string,bioetl.domain.services.data_normalization_service.DefaultDataNormalizationService._pmid_to_string,class,domain,bioetl.domain.services.data_normalization_service,src/bioetl/domain/services/data_normalization_service.py:73,73,80,8,0,0,2,DEAD,0,,1,docs/99-archive/reports/domain_merged.md,False,,2,0,2,0,2,0,0,2,0,2,0,0,0,0,2,0,0,0,0,2,0
method,_validate_pmid_string,bioetl.domain.services.data_normalization_service.DefaultDataNormalizationService._validate_pmid_string,class,domain,bioetl.domain.services.data_normalization_service,src/bioetl/domain/services/data_normalization_service.py:82,82,87,6,0,0,2,DEAD,0,,1,docs/99-archive/reports/domain_merged.md,False,,2,0,2,0,2,0,0,2,0,2,0,0,0,0,2,0,0,0,0,2,0
method,_try_json_loads,bioetl.domain.services.data_normalization_service.DefaultDataNormalizationService._try_json_loads,class,domain,bioetl.domain.services.data_normalization_service,src/bioetl/domain/services/data_normalization_service.py:174,174,179,6,0,0,2,DEAD,0,,1,docs/99-archive/reports/domain_merged.md,False,,2,0,2,0,2,0,0,2,0,2,0,0,0,0,2,0,0,0,0,2,0
method,_filter_json_authors,bioetl.domain.services.data_normalization_service.DefaultDataNormalizationService._filter_json_authors,class,domain,bioetl.domain.services.data_normalization_service,src/bioetl/domain/services/data_normalization_service.py:181,181,183,3,0,0,2,DEAD,0,,1,docs/99-archive/reports/domain_merged.md,False,,2,0,2,0,2,0,0,2,0,2,0,0,0,0,2,0,0,0,0,2,0
method,_parse_delimited,bioetl.domain.services.data_normalization_service.DefaultDataNormalizationService._parse_delimited,class,domain,bioetl.domain.services.data_normalization_service,src/bioetl/domain/services/data_normalization_service.py:185,185,189,5,0,0,2,DEAD,0,,1,docs/99-archive/reports/domain_merged.md,False,,2,0,2,0,2,0,0,2,0,2,0,0,0,0,2,0,0,0,0,2,0
method,_clean_date_string,bioetl.domain.services.data_normalization_service.DefaultDataNormalizationService._clean_date_string,class,domain,bioetl.domain.services.data_normalization_service,src/bioetl/domain/services/data_normalization_service.py:211,211,216,6,0,0,2,DEAD,0,,1,docs/99-archive/reports/domain_merged.md,False,,2,0,2,0,2,0,0,2,0,2,0,0,0,0,2,0,0,0,0,2,0
method,_normalize_by_length,bioetl.domain.services.data_normalization_service.DefaultDataNormalizationService._normalize_by_length,class,domain,bioetl.domain.services.data_normalization_service,src/bioetl/domain/services/data_normalization_service.py:218,218,227,10,0,0,2,DEAD,0,,1,docs/99-archive/reports/domain_merged.md,False,,2,0,2,0,2,0,0,2,0,2,0,0,0,0,2,0,0,0,0,2,0
method,_validate_full_date,bioetl.domain.services.data_normalization_service.DefaultDataNormalizationService._validate_full_date,class,domain,bioetl.domain.services.data_normalization_service,src/bioetl/domain/services/data_normalization_service.py:229,229,233,5,0,0,2,DEAD,0,,1,docs/99-archive/reports/domain_merged.md,False,,2,0,2,0,2,0,0,2,0,2,0,0,0,0,2,0,0,0,0,2,0
method,_normalize_partial_month,bioetl.domain.services.data_normalization_service.DefaultDataNormalizationService._normalize_partial_month,class,domain,bioetl.domain.services.data_normalization_service,src/bioetl/domain/services/data_normalization_service.py:235,235,239,5,0,0,2,DEAD,0,,1,docs/99-archive/reports/domain_merged.md,False,,2,0,2,0,2,0,0,2,0,2,0,0,0,0,2,0,0,0,0,2,0
method,_normalize_partial_year,bioetl.domain.services.data_normalization_service.DefaultDataNormalizationService._normalize_partial_year,class,domain,bioetl.domain.services.data_normalization_service,src/bioetl/domain/services/data_normalization_service.py:241,241,245,5,0,0,2,DEAD,0,,1,docs/99-archive/reports/domain_merged.md,False,,2,0,2,0,2,0,0,2,0,2,0,0,0,0,2,0,0,0,0,2,0
method,_determine_drift_status,bioetl.domain.services.dq_metrics_calculator.DQMetricsCalculator._determine_drift_status,class,domain,bioetl.domain.services.dq_metrics_calculator,src/bioetl/domain/services/dq_metrics_calculator.py:103,103,121,19,0,0,2,DEAD,0,,1,docs/99-archive/reports/domain_merged.md,False,,2,0,2,0,2,0,0,2,0,2,0,0,0,0,2,0,0,0,0,2,0
variable,has_critical_missing,bioetl.domain.services.dq_metrics_calculator.DQMetricsCalculator._determine_drift_status.has_critical_missing,method,domain,bioetl.domain.services.dq_metrics_calculator,src/bioetl/domain/services/dq_metrics_calculator.py:116,116,116,1,0,0,2,DEAD,0,,1,docs/99-archive/reports/domain_merged.md,False,,2,0,2,0,2,0,0,2,0,2,0,0,0,0,2,0,0,0,0,2,0
function,_serialize_dataclass,bioetl.domain.services.dq_serializer._serialize_dataclass,module,domain,bioetl.domain.services.dq_serializer,src/bioetl/domain/services/dq_serializer.py:42,42,47,6,0,0,0,DEAD,0,,0,,False,,0,0,0,0,0,0,0,0,0,0,0,0,0,0,0,0,0,0,0,0,0
function,_serialize_collection,bioetl.domain.services.dq_serializer._serialize_collection,module,domain,bioetl.domain.services.dq_serializer,src/bioetl/domain/services/dq_serializer.py:50,50,54,5,0,0,0,DEAD,0,,0,,False,,0,0,0,0,0,0,0,0,0,0,0,0,0,0,0,0,0,0,0,0,0
function,_is_dataclass_instance,bioetl.domain.services.dq_serializer._is_dataclass_instance,module,domain,bioetl.domain.services.dq_serializer,src/bioetl/domain/services/dq_serializer.py:57,57,59,3,0,0,0,DEAD,0,,0,,False,,0,0,0,0,0,0,0,0,0,0,0,0,0,0,0,0,0,0,0,0,0
method,_to_json,bioetl.domain.services.dq_serializer.DQReportSerializer._to_json,class,domain,bioetl.domain.services.dq_serializer,src/bioetl/domain/services/dq_serializer.py:110,110,117,8,0,0,2,DEAD,0,,1,docs/99-archive/reports/domain_merged.md,False,,2,0,2,0,2,0,0,2,0,2,0,0,0,0,2,0,0,0,0,2,0
method,_to_yaml,bioetl.domain.services.dq_serializer.DQReportSerializer._to_yaml,class,domain,bioetl.domain.services.dq_serializer,src/bioetl/domain/services/dq_serializer.py:119,119,121,3,0,0,2,DEAD,0,,1,docs/99-archive/reports/domain_merged.md,False,,2,0,2,0,2,0,0,2,0,2,0,0,0,0,2,0,0,0,0,2,0
method,_to_html,bioetl.domain.services.dq_serializer.DQReportSerializer._to_html,class,domain,bioetl.domain.services.dq_serializer,src/bioetl/domain/services/dq_serializer.py:123,123,125,3,0,0,2,DEAD,0,,1,docs/99-archive/reports/domain_merged.md,False,,2,0,2,0,2,0,0,2,0,2,0,0,0,0,2,0,0,0,0,2,0
method,_yaml_entry,bioetl.domain.services.dq_serializer.DQReportSerializer._yaml_entry,class,domain,bioetl.domain.services.dq_serializer,src/bioetl/domain/services/dq_serializer.py:137,137,143,7,0,0,2,DEAD,0,,1,docs/99-archive/reports/domain_merged.md,False,,2,0,2,0,2,0,0,2,0,2,0,0,0,0,2,0,0,0,0,2,0
method,_yaml_list,bioetl.domain.services.dq_serializer.DQReportSerializer._yaml_list,class,domain,bioetl.domain.services.dq_serializer,src/bioetl/domain/services/dq_serializer.py:145,145,154,10,0,0,2,DEAD,0,,1,docs/99-archive/reports/domain_merged.md,False,,2,0,2,0,2,0,0,2,0,2,0,0,0,0,2,0,0,0,0,2,0
method,_quote_yaml_string,bioetl.domain.services.dq_serializer.DQReportSerializer._quote_yaml_string,class,domain,bioetl.domain.services.dq_serializer,src/bioetl/domain/services/dq_serializer.py:166,166,170,5,0,0,2,DEAD,0,,1,docs/99-archive/reports/domain_merged.md,False,,2,0,2,0,2,0,0,2,0,2,0,0,0,0,2,0,0,0,0,2,0
method,_generate_html,bioetl.domain.services.dq_serializer.DQReportSerializer._generate_html,class,domain,bioetl.domain.services.dq_serializer,src/bioetl/domain/services/dq_serializer.py:172,172,350,179,0,0,2,DEAD,0,,1,docs/99-archive/reports/domain_merged.md,False,,2,0,2,0,2,0,0,2,0,2,0,0,0,0,2,0,0,0,0,2,0
variable,checks_html,bioetl.domain.services.dq_serializer.DQReportSerializer._generate_html.checks_html,method,domain,bioetl.domain.services.dq_serializer,src/bioetl/domain/services/dq_serializer.py:181,181,181,1,0,0,2,DEAD,0,,1,docs/99-archive/reports/domain_merged.md,False,,2,0,2,0,2,0,0,2,0,2,0,0,0,0,2,0,0,0,0,2,0
method,_status_color,bioetl.domain.services.dq_serializer.DQReportSerializer._status_color,class,domain,bioetl.domain.services.dq_serializer,src/bioetl/domain/services/dq_serializer.py:352,352,360,9,0,0,3,DEAD,0,,1,docs/99-archive/reports/domain_merged.md,False,,3,0,3,0,3,0,0,3,0,3,0,0,0,0,3,0,0,0,0,3,0
variable,status_lower,bioetl.domain.services.dq_serializer.DQReportSerializer._status_color.status_lower,method,domain,bioetl.domain.services.dq_serializer,src/bioetl/domain/services/dq_serializer.py:354,354,354,1,0,0,3,DEAD,0,,1,docs/99-archive/reports/domain_merged.md,False,,3,0,3,0,3,0,0,3,0,3,0,0,0,0,3,0,0,0,0,3,0
method,_render_checks_html,bioetl.domain.services.dq_serializer.DQReportSerializer._render_checks_html,class,domain,bioetl.domain.services.dq_serializer,src/bioetl/domain/services/dq_serializer.py:362,362,392,31,0,0,2,DEAD,0,,1,docs/99-archive/reports/domain_merged.md,False,,2,0,2,0,2,0,0,2,0,2,0,0,0,0,2,0,0,0,0,2,0
variable,html_parts,bioetl.domain.services.dq_serializer.DQReportSerializer._render_checks_html.html_parts,method,domain,bioetl.domain.services.dq_serializer,src/bioetl/domain/services/dq_serializer.py:367,367,367,1,0,0,4,DEAD,0,,1,docs/99-archive/reports/domain_merged.md,False,,4,0,4,0,4,0,0,4,0,4,0,0,0,0,4,0,0,0,0,4,0
variable,status_class,bioetl.domain.services.dq_serializer.DQReportSerializer._render_checks_html.status_class,method,domain,bioetl.domain.services.dq_serializer,src/bioetl/domain/services/dq_serializer.py:371,371,371,1,0,0,6,DEAD,0,,1,docs/99-archive/reports/domain_merged.md,False,,6,0,6,0,6,0,0,6,0,6,0,0,0,0,6,0,0,0,0,6,0
variable,value_str,bioetl.domain.services.dq_serializer.DQReportSerializer._render_check_details.value_str,method,domain,bioetl.domain.services.dq_serializer,src/bioetl/domain/services/dq_serializer.py:400,400,400,1,0,0,2,DEAD,0,,1,docs/99-archive/reports/domain_merged.md,False,,2,0,2,0,2,0,0,2,0,2,0,0,0,0,2,0,0,0,0,2,0
method,_format_detail_value,bioetl.domain.services.dq_serializer.DQReportSerializer._format_detail_value,class,domain,bioetl.domain.services.dq_serializer,src/bioetl/domain/services/dq_serializer.py:410,410,418,9,0,0,2,DEAD,0,,1,docs/99-archive/reports/domain_merged.md,False,,2,0,2,0,2,0,0,2,0,2,0,0,0,0,2,0,0,0,0,2,0
method,_render_thresholds_html,bioetl.domain.services.dq_serializer.DQReportSerializer._render_thresholds_html,class,domain,bioetl.domain.services.dq_serializer,src/bioetl/domain/services/dq_serializer.py:420,420,441,22,0,0,2,DEAD,0,,1,docs/99-archive/reports/domain_merged.md,False,,2,0,2,0,2,0,0,2,0,2,0,0,0,0,2,0,0,0,0,2,0
variable,status_class,bioetl.domain.services.dq_serializer.DQReportSerializer._render_thresholds_html.status_class,method,domain,bioetl.domain.services.dq_serializer,src/bioetl/domain/services/dq_serializer.py:425,425,425,1,0,0,6,DEAD,0,,1,docs/99-archive/reports/domain_merged.md,False,,6,0,6,0,6,0,0,6,0,6,0,0,0,0,6,0,0,0,0,6,0
method,_validate_absolute_range,bioetl.domain.services.normalization_config.PChemblRangeConfig._validate_absolute_range,class,domain,bioetl.domain.services.normalization_config,src/bioetl/domain/services/normalization_config.py:59,59,66,8,0,0,2,DEAD,0,,1,docs/99-archive/reports/domain_merged.md,False,,2,0,2,0,2,0,0,2,0,2,0,0,0,0,2,0,0,0,0,2,0
method,_validate_typical_range,bioetl.domain.services.normalization_config.PChemblRangeConfig._validate_typical_range,class,domain,bioetl.domain.services.normalization_config,src/bioetl/domain/services/normalization_config.py:68,68,71,4,0,0,2,DEAD,0,,1,docs/99-archive/reports/domain_merged.md,False,,2,0,2,0,2,0,0,2,0,2,0,0,0,0,2,0,0,0,0,2,0
variable,concentration_range,bioetl.domain.services.normalization_config.NormalizationConfig.concentration_range,class,domain,bioetl.domain.services.normalization_config,src/bioetl/domain/services/normalization_config.py:102,102,104,3,0,0,3,DEAD,0,,1,docs/99-archive/reports/domain_merged.md,False,,3,0,3,0,3,0,0,3,0,3,0,0,0,0,3,0,0,0,0,3,0
variable,pchembl_range,bioetl.domain.services.normalization_config.NormalizationConfig.pchembl_range,class,domain,bioetl.domain.services.normalization_config,src/bioetl/domain/services/normalization_config.py:105,105,105,1,0,0,2,DEAD,0,,1,docs/99-archive/reports/domain_merged.md,False,,2,0,2,0,2,0,0,2,0,2,0,0,0,0,2,0,0,0,0,2,0
method,_aggregate_results,bioetl.domain.services.normalization_service.NormalizationService._aggregate_results,class,domain,bioetl.domain.services.normalization_service,src/bioetl/domain/services/normalization_service.py:236,236,252,17,0,0,2,DEAD,0,,1,docs/99-archive/reports/domain_merged.md,False,,2,0,2,0,2,0,0,2,0,2,0,0,0,0,2,0,0,0,0,2,0
variable,valid_results,bioetl.domain.services.normalization_service.NormalizationService._aggregate_results.valid_results,method,domain,bioetl.domain.services.normalization_service,src/bioetl/domain/services/normalization_service.py:242,242,242,1,0,0,5,DEAD,0,,1,docs/99-archive/reports/domain_merged.md,False,,5,0,5,0,5,0,0,5,0,5,0,0,0,0,5,0,0,0,0,5,0
method,_filter_valid_results,bioetl.domain.services.normalization_service.NormalizationService._filter_valid_results,class,domain,bioetl.domain.services.normalization_service,src/bioetl/domain/services/normalization_service.py:254,254,262,9,0,0,2,DEAD,0,,1,docs/99-archive/reports/domain_merged.md,False,,2,0,2,0,2,0,0,2,0,2,0,0,0,0,2,0,0,0,0,2,0
method,_build_aggregated_result,bioetl.domain.services.normalization_service.NormalizationService._build_aggregated_result,class,domain,bioetl.domain.services.normalization_service,src/bioetl/domain/services/normalization_service.py:264,264,283,20,0,0,2,DEAD,0,,1,docs/99-archive/reports/domain_merged.md,False,,2,0,2,0,2,0,0,2,0,2,0,0,0,0,2,0,0,0,0,2,0
parameter,valid_results,bioetl.domain.services.normalization_service.NormalizationService.valid_results,method,domain,bioetl.domain.services.normalization_service,src/bioetl/domain/services/normalization_service.py:266,266,266,1,0,0,5,DEAD,0,,1,docs/99-archive/reports/domain_merged.md,False,,5,0,5,0,5,0,0,5,0,5,0,0,0,0,5,0,0,0,0,5,0
variable,valid_values,bioetl.domain.services.normalization_service.NormalizationService._build_aggregated_result.valid_values,method,domain,bioetl.domain.services.normalization_service,src/bioetl/domain/services/normalization_service.py:269,269,269,1,0,0,2,DEAD,0,,1,docs/99-archive/reports/domain_merged.md,False,,2,0,2,0,2,0,0,2,0,2,0,0,0,0,2,0,0,0,0,2,0
method,_compute_pchembl_for_value,bioetl.domain.services.normalization_service.NormalizationService._compute_pchembl_for_value,class,domain,bioetl.domain.services.normalization_service,src/bioetl/domain/services/normalization_service.py:285,285,297,13,0,0,2,DEAD,0,,1,docs/99-archive/reports/domain_merged.md,False,,2,0,2,0,2,0,0,2,0,2,0,0,0,0,2,0,0,0,0,2,0
parameter,from_unit,bioetl.domain.services.unit_converter.UnitConverter.from_unit,method,domain,bioetl.domain.services.unit_converter,src/bioetl/domain/services/unit_converter.py:42,42,42,1,0,0,7,DEAD,0,,2,docs/99-archive/reports/documentation_merged.md;docs/99-archive/reports/domain_merged.md,False,,7,2,7,2,7,2,2,7,2,7,0,2,2,0,7,2,2,2,2,7,2
variable,source_unit,bioetl.domain.services.unit_converter.UnitConverter.convert.source_unit,method,domain,bioetl.domain.services.unit_converter,src/bioetl/domain/services/unit_converter.py:65,65,65,1,0,0,2,DEAD,0,,1,docs/99-archive/reports/domain_merged.md,False,,2,0,2,0,2,0,0,2,0,2,0,0,0,0,2,0,0,0,0,2,0
variable,parsed_unit,bioetl.domain.services.unit_converter.UnitConverter.to_concentration.parsed_unit,method,domain,bioetl.domain.services.unit_converter,src/bioetl/domain/services/unit_converter.py:96,96,96,1,0,0,2,DEAD,0,,1,docs/99-archive/reports/domain_merged.md,False,,2,0,2,0,2,0,0,2,0,2,0,0,0,0,2,0,0,0,0,2,0
constant,DEFAULT_CONCENTRATION_RANGES,bioetl.domain.services.value_validator.DEFAULT_CONCENTRATION_RANGES,module,domain,bioetl.domain.services.value_validator,src/bioetl/domain/services/value_validator.py:22,22,31,10,0,0,2,DEAD,0,,1,docs/99-archive/reports/domain_merged.md,False,,2,0,2,0,2,0,0,2,0,2,0,0,0,0,2,0,0,0,0,2,0
constant,PCHEMBL_TYPICAL_MIN,bioetl.domain.services.value_validator.PCHEMBL_TYPICAL_MIN,module,domain,bioetl.domain.services.value_validator,src/bioetl/domain/services/value_validator.py:36,36,36,1,0,0,3,DEAD,0,,1,docs/99-archive/reports/domain_merged.md,False,,3,0,3,0,3,0,0,3,0,3,0,0,0,0,3,0,0,0,0,3,0
constant,PCHEMBL_TYPICAL_MAX,bioetl.domain.services.value_validator.PCHEMBL_TYPICAL_MAX,module,domain,bioetl.domain.services.value_validator,src/bioetl/domain/services/value_validator.py:37,37,37,1,0,0,3,DEAD,0,,1,docs/99-archive/reports/domain_merged.md,False,,3,0,3,0,3,0,0,3,0,3,0,0,0,0,3,0,0,0,0,3,0
variable,_concentration_ranges,bioetl.domain.services.value_validator.ValueValidator._concentration_ranges,class,domain,bioetl.domain.services.value_validator,src/bioetl/domain/services/value_validator.py:64,64,66,3,0,0,4,DEAD,0,,1,docs/99-archive/reports/domain_merged.md,False,,4,0,4,0,4,0,0,4,0,4,0,0,0,0,4,0,0,0,0,4,0
variable,basic_error,bioetl.domain.services.value_validator.ValueValidator.validate_concentration.basic_error,method,domain,bioetl.domain.services.value_validator,src/bioetl/domain/services/value_validator.py:91,91,91,1,0,0,3,DEAD,0,,1,docs/99-archive/reports/domain_merged.md,False,,3,0,3,0,3,0,0,3,0,3,0,0,0,0,3,0,0,0,0,3,0
method,_check_basic_concentration,bioetl.domain.services.value_validator.ValueValidator._check_basic_concentration,class,domain,bioetl.domain.services.value_validator,src/bioetl/domain/services/value_validator.py:98,98,104,7,0,0,2,DEAD,0,,1,docs/99-archive/reports/domain_merged.md,False,,2,0,2,0,2,0,0,2,0,2,0,0,0,0,2,0,0,0,0,2,0
method,_check_concentration_range,bioetl.domain.services.value_validator.ValueValidator._check_concentration_range,class,domain,bioetl.domain.services.value_validator,src/bioetl/domain/services/value_validator.py:106,106,117,12,0,0,2,DEAD,0,,1,docs/99-archive/reports/domain_merged.md,False,,2,0,2,0,2,0,0,2,0,2,0,0,0,0,2,0,0,0,0,2,0
variable,normalized_unit,bioetl.domain.services.value_validator.ValueValidator._check_concentration_range.normalized_unit,method,domain,bioetl.domain.services.value_validator,src/bioetl/domain/services/value_validator.py:112,112,112,1,0,0,7,DEAD,0,,2,docs/99-archive/reports/documentation_merged.md;docs/99-archive/reports/domain_merged.md,False,,7,1,7,1,7,1,1,7,1,7,0,1,1,0,7,1,1,1,1,7,1
method,_check_value_in_range,bioetl.domain.services.value_validator.ValueValidator._check_value_in_range,class,domain,bioetl.domain.services.value_validator,src/bioetl/domain/services/value_validator.py:119,119,135,17,0,0,2,DEAD,0,,1,docs/99-archive/reports/domain_merged.md,False,,2,0,2,0,2,0,0,2,0,2,0,0,0,0,2,0,0,0,0,2,0
variable,range_error,bioetl.domain.services.value_validator.ValueValidator.validate_pchembl.range_error,method,domain,bioetl.domain.services.value_validator,src/bioetl/domain/services/value_validator.py:160,160,160,1,0,0,3,DEAD,0,,1,docs/99-archive/reports/domain_merged.md,False,,3,0,3,0,3,0,0,3,0,3,0,0,0,0,3,0,0,0,0,3,0
method,_check_pchembl_absolute_range,bioetl.domain.services.value_validator.ValueValidator._check_pchembl_absolute_range,class,domain,bioetl.domain.services.value_validator,src/bioetl/domain/services/value_validator.py:170,170,176,7,0,0,2,DEAD,0,,1,docs/99-archive/reports/domain_merged.md,False,,2,0,2,0,2,0,0,2,0,2,0,0,0,0,2,0,0,0,0,2,0
method,_check_pchembl_typical_range,bioetl.domain.services.value_validator.ValueValidator._check_pchembl_typical_range,class,domain,bioetl.domain.services.value_validator,src/bioetl/domain/services/value_validator.py:178,178,193,16,0,0,2,DEAD,0,,1,docs/99-archive/reports/domain_merged.md,False,,2,0,2,0,2,0,0,2,0,2,0,0,0,0,2,0,0,0,0,2,0
variable,parsed_type,bioetl.domain.services.value_validator.ValueValidator.validate_activity_value.parsed_type,method,domain,bioetl.domain.services.value_validator,src/bioetl/domain/services/value_validator.py:218,218,218,1,0,0,7,DEAD,0,,1,docs/99-archive/reports/domain_merged.md,False,,7,0,7,0,7,0,0,7,0,7,0,0,0,0,7,0,0,0,0,7,0
method,_parse_activity_type,bioetl.domain.services.value_validator.ValueValidator._parse_activity_type,class,domain,bioetl.domain.services.value_validator,src/bioetl/domain/services/value_validator.py:231,231,241,11,0,0,2,DEAD,0,,1,docs/99-archive/reports/domain_merged.md,False,,2,0,2,0,2,0,0,2,0,2,0,0,0,0,2,0,0,0,0,2,0
method,_validate_by_activity_type,bioetl.domain.services.value_validator.ValueValidator._validate_by_activity_type,class,domain,bioetl.domain.services.value_validator,src/bioetl/domain/services/value_validator.py:243,243,252,10,0,0,2,DEAD,0,,1,docs/99-archive/reports/domain_merged.md,False,,2,0,2,0,2,0,0,2,0,2,0,0,0,0,2,0,0,0,0,2,0
parameter,parsed_type,bioetl.domain.services.value_validator.ValueValidator.parsed_type,method,domain,bioetl.domain.services.value_validator,src/bioetl/domain/services/value_validator.py:246,246,246,1,0,0,7,DEAD,0,,1,docs/99-archive/reports/domain_merged.md,False,,7,0,7,0,7,0,0,7,0,7,0,0,0,0,7,0,0,0,0,7,0
method,_is_percent_inhibition_type,bioetl.domain.services.value_validator.ValueValidator._is_percent_inhibition_type,class,domain,bioetl.domain.services.value_validator,src/bioetl/domain/services/value_validator.py:254,254,259,6,0,0,2,DEAD,0,,1,docs/99-archive/reports/domain_merged.md,False,,2,0,2,0,2,0,0,2,0,2,0,0,0,0,2,0,0,0,0,2,0
method,_validate_percent_value,bioetl.domain.services.value_validator.ValueValidator._validate_percent_value,class,domain,bioetl.domain.services.value_validator,src/bioetl/domain/services/value_validator.py:261,261,265,5,0,0,2,DEAD,0,,1,docs/99-archive/reports/domain_merged.md,False,,2,0,2,0,2,0,0,2,0,2,0,0,0,0,2,0,0,0,0,2,0
method,_normalize_unit,bioetl.domain.services.value_validator.ValueValidator._normalize_unit,class,domain,bioetl.domain.services.value_validator,src/bioetl/domain/services/value_validator.py:299,299,327,29,0,0,3,DEAD,0,,1,docs/99-archive/reports/domain_merged.md,False,,3,0,3,0,3,0,0,3,0,3,0,0,0,0,3,0,0,0,0,3,0
variable,unit_aliases,bioetl.domain.services.value_validator.ValueValidator._normalize_unit.unit_aliases,method,domain,bioetl.domain.services.value_validator,src/bioetl/domain/services/value_validator.py:311,311,325,15,0,0,2,DEAD,0,,1,docs/99-archive/reports/domain_merged.md,False,,2,0,2,0,2,0,0,2,0,2,0,0,0,0,2,0,0,0,0,2,0
variable,normalized_unit,bioetl.domain.services.value_validator.ValueValidator.set_concentration_range.normalized_unit,method,domain,bioetl.domain.services.value_validator,src/bioetl/domain/services/value_validator.py:348,348,348,1,0,0,7,DEAD,0,,2,docs/99-archive/reports/documentation_merged.md;docs/99-archive/reports/domain_merged.md,False,,7,1,7,1,7,1,1,7,1,7,0,1,1,0,7,1,1,1,1,7,1
function,_normalize_float,bioetl.domain.transformations._normalize_float,module,domain,bioetl.domain.transformations,src/bioetl/domain/transformations.py:37,37,41,5,0,0,3,DEAD,0,,1,docs/99-archive/reports/domain_merged.md,False,,3,0,3,0,3,0,0,3,0,3,0,0,0,0,3,0,0,0,0,3,0
function,_normalize_datetime,bioetl.domain.transformations._normalize_datetime,module,domain,bioetl.domain.transformations,src/bioetl/domain/transformations.py:45,45,47,3,0,0,1,DEAD,0,,1,docs/99-archive/reports/domain_merged.md,False,,1,0,1,0,1,0,0,1,0,1,0,0,0,0,1,0,0,0,0,1,0
function,_normalize_date,bioetl.domain.transformations._normalize_date,module,domain,bioetl.domain.transformations,src/bioetl/domain/transformations.py:51,51,53,3,0,0,1,DEAD,0,,1,docs/99-archive/reports/domain_merged.md,False,,1,0,1,0,1,0,0,1,0,1,0,0,0,0,1,0,0,0,0,1,0
function,_normalize_str,bioetl.domain.transformations._normalize_str,module,domain,bioetl.domain.transformations,src/bioetl/domain/transformations.py:57,57,59,3,0,0,1,DEAD,0,,1,docs/99-archive/reports/domain_merged.md,False,,1,0,1,0,1,0,0,1,0,1,0,0,0,0,1,0,0,0,0,1,0
function,_normalize_dict,bioetl.domain.transformations._normalize_dict,module,domain,bioetl.domain.transformations,src/bioetl/domain/transformations.py:63,63,65,3,0,0,1,DEAD,0,,1,docs/99-archive/reports/domain_merged.md,False,,1,0,1,0,1,0,0,1,0,1,0,0,0,0,1,0,0,0,0,1,0
constant,_NORMALIZE_DISPATCH,bioetl.domain.transformations._NORMALIZE_DISPATCH,module,domain,bioetl.domain.transformations,src/bioetl/domain/transformations.py:75,75,82,8,0,0,0,DEAD,0,,0,,False,,0,0,0,0,0,0,0,0,0,0,0,0,0,0,0,0,0,0,0,0,0
function,_should_include_field,bioetl.domain.transformations._should_include_field,module,domain,bioetl.domain.transformations,src/bioetl/domain/transformations.py:85,85,89,5,0,0,2,DEAD,0,,1,docs/99-archive/reports/domain_merged.md,False,,2,0,2,0,2,0,0,2,0,2,0,0,0,0,2,0,0,0,0,2,0
variable,hash_digest,bioetl.domain.transformations.generate_content_hash.hash_digest,function,domain,bioetl.domain.transformations,src/bioetl/domain/transformations.py:119,119,119,1,0,0,6,DEAD,0,,2,docs/99-archive/reports/documentation_merged.md;docs/99-archive/reports/domain_merged.md,False,,6,2,6,2,6,2,2,6,2,6,0,2,2,0,6,2,2,2,2,6,2
variable,stable_id,bioetl.domain.transformations.generate_entity_id.stable_id,function,domain,bioetl.domain.transformations,src/bioetl/domain/transformations.py:130,130,130,1,0,0,2,DEAD,0,,1,docs/99-archive/reports/domain_merged.md,False,,2,0,2,0,2,0,0,2,0,2,0,0,0,0,2,0,0,0,0,2,0
parameter,old_schema,bioetl.domain.transformations.old_schema,function,domain,bioetl.domain.transformations,src/bioetl/domain/transformations.py:142,142,142,1,0,0,3,DEAD,0,,1,docs/99-archive/reports/domain_merged.md,False,,3,0,3,0,3,0,0,3,0,3,0,0,0,0,3,0,0,0,0,3,0
parameter,source_record_id,bioetl.domain.transformations.source_record_id,function,domain,bioetl.domain.transformations,src/bioetl/domain/transformations.py:193,193,193,1,0,0,2,DEAD,0,,1,docs/99-archive/reports/domain_merged.md,False,,2,0,2,0,2,0,0,2,0,2,0,0,0,0,2,0,0,0,0,2,0
parameter,existing_source_id,bioetl.domain.transformations.existing_source_id,function,domain,bioetl.domain.transformations,src/bioetl/domain/transformations.py:194,194,194,1,0,0,3,DEAD,0,,1,docs/99-archive/reports/domain_merged.md,False,,3,0,3,0,3,0,0,3,0,3,0,0,0,0,3,0,0,0,0,3,0
constant,_SMILES_PATTERN,bioetl.domain.validation._SMILES_PATTERN,module,domain,bioetl.domain.validation,src/bioetl/domain/validation.py:31,31,31,1,0,0,2,DEAD,0,,1,docs/99-archive/reports/domain_merged.md,False,,2,0,2,0,2,0,0,2,0,2,0,0,0,0,2,0,0,0,0,2,0
function,_get_default_config,bioetl.domain.validation._get_default_config,module,domain,bioetl.domain.validation,src/bioetl/domain/validation.py:80,80,84,5,0,0,2,DEAD,0,,1,docs/99-archive/reports/domain_merged.md,False,,2,0,2,0,2,0,0,2,0,2,0,0,0,0,2,0,0,0,0,2,0
constant,_DOI_PATTERN,bioetl.domain.validation._DOI_PATTERN,module,domain,bioetl.domain.validation,src/bioetl/domain/validation.py:338,338,338,1,0,0,2,DEAD,0,,1,docs/99-archive/reports/domain_merged.md,False,,2,0,2,0,2,0,0,2,0,2,0,0,0,0,2,0,0,0,0,2,0
constant,_INCHI_KEY_PATTERN,bioetl.domain.validation._INCHI_KEY_PATTERN,module,domain,bioetl.domain.validation,src/bioetl/domain/validation.py:379,379,379,1,0,0,2,DEAD,0,,1,docs/99-archive/reports/domain_merged.md,False,,2,0,2,0,2,0,0,2,0,2,0,0,0,0,2,0,0,0,0,2,0
constant,VALIDATION_API,bioetl.domain.validation.VALIDATION_API,module,domain,bioetl.domain.validation,src/bioetl/domain/validation.py:412,412,412,1,0,0,0,DEAD,0,,0,,False,,0,0,0,0,0,0,0,0,0,0,0,0,0,0,0,0,0,0,0,0,0
constant,_URL_PREFIX,bioetl.domain.value_objects.academic_ids.OpenAlexId._URL_PREFIX,class,domain,bioetl.domain.value_objects.academic_ids,src/bioetl/domain/value_objects/academic_ids.py:37,37,37,1,0,0,4,DEAD,0,,1,docs/99-archive/reports/domain_merged.md,False,,4,0,4,0,4,0,0,4,0,4,0,0,0,0,4,0,0,0,0,4,0
variable,first_part,bioetl.domain.value_objects.academic_ids.ISSN._validate.first_part,method,domain,bioetl.domain.value_objects.academic_ids,src/bioetl/domain/value_objects/academic_ids.py:161,161,161,1,0,0,2,DEAD,0,,1,docs/99-archive/reports/domain_merged.md,False,,2,0,2,0,2,0,0,2,0,2,0,0,0,0,2,0,0,0,0,2,0
variable,second_part,bioetl.domain.value_objects.academic_ids.ISSN._validate.second_part,method,domain,bioetl.domain.value_objects.academic_ids,src/bioetl/domain/value_objects/academic_ids.py:162,162,162,1,0,0,2,DEAD,0,,1,docs/99-archive/reports/domain_merged.md,False,,2,0,2,0,2,0,0,2,0,2,0,0,0,0,2,0,0,0,0,2,0
variable,operator_map,bioetl.domain.value_objects.activity.RelationOperator.from_string.operator_map,method,domain,bioetl.domain.value_objects.activity,src/bioetl/domain/value_objects/activity.py:60,60,72,13,0,0,2,DEAD,0,,1,docs/99-archive/reports/domain_merged.md,False,,2,0,2,0,2,0,0,2,0,2,0,0,0,0,2,0,0,0,0,2,0
variable,conc_unit,bioetl.domain.value_objects.activity.ActivityValue.to_concentration.conc_unit,method,domain,bioetl.domain.value_objects.activity,src/bioetl/domain/value_objects/activity.py:292,292,292,1,0,0,2,DEAD,0,,1,docs/99-archive/reports/domain_merged.md,False,,2,0,2,0,2,0,0,2,0,2,0,0,0,0,2,0,0,0,0,2,0
parameter,unit_str,bioetl.domain.value_objects.activity_values.ConcentrationUnit.unit_str,method,domain,bioetl.domain.value_objects.activity_values,src/bioetl/domain/value_objects/activity_values.py:48,48,48,1,0,0,4,DEAD,0,,1,docs/99-archive/reports/domain_merged.md,False,,4,0,4,0,4,0,0,4,0,4,0,0,0,0,4,0,0,0,0,4,0
variable,unit_map,bioetl.domain.value_objects.activity_values.ConcentrationUnit.from_string.unit_map,method,domain,bioetl.domain.value_objects.activity_values,src/bioetl/domain/value_objects/activity_values.py:62,62,71,10,0,0,2,DEAD,0,,1,docs/99-archive/reports/domain_merged.md,False,,2,0,2,0,2,0,0,2,0,2,0,0,0,0,2,0,0,0,0,2,0
variable,target_value,bioetl.domain.value_objects.activity_values.Concentration.to_unit.target_value,method,domain,bioetl.domain.value_objects.activity_values,src/bioetl/domain/value_objects/activity_values.py:116,116,116,1,0,0,2,DEAD,0,,1,docs/99-archive/reports/domain_merged.md,False,,2,0,2,0,2,0,0,2,0,2,0,0,0,0,2,0,0,0,0,2,0
constant,LC50,bioetl.domain.value_objects.activity_values.ActivityType.LC50,class,domain,bioetl.domain.value_objects.activity_values,src/bioetl/domain/value_objects/activity_values.py:206,206,206,1,0,0,5,DEAD,0,,1,docs/99-archive/reports/domain_merged.md,False,,5,0,5,0,5,0,0,5,0,5,0,0,0,0,5,0,0,0,0,5,0
constant,LD50,bioetl.domain.value_objects.activity_values.ActivityType.LD50,class,domain,bioetl.domain.value_objects.activity_values,src/bioetl/domain/value_objects/activity_values.py:207,207,207,1,0,0,5,DEAD,0,,1,docs/99-archive/reports/domain_merged.md,False,,5,0,5,0,5,0,0,5,0,5,0,0,0,0,5,0,0,0,0,5,0
constant,POTENCY,bioetl.domain.value_objects.activity_values.ActivityType.POTENCY,class,domain,bioetl.domain.value_objects.activity_values,src/bioetl/domain/value_objects/activity_values.py:211,211,211,1,0,0,3,DEAD,0,,1,docs/99-archive/reports/domain_merged.md,False,,3,0,3,0,3,0,0,3,0,3,0,0,0,0,3,0,0,0,0,3,0
constant,RATIO,bioetl.domain.value_objects.activity_values.ActivityType.RATIO,class,domain,bioetl.domain.value_objects.activity_values,src/bioetl/domain/value_objects/activity_values.py:215,215,215,1,0,0,3,DEAD,0,,1,docs/99-archive/reports/domain_merged.md,False,,3,0,3,0,3,0,0,3,0,3,0,0,0,0,3,0,0,0,0,3,0
variable,type_map,bioetl.domain.value_objects.activity_values.ActivityType.from_string.type_map,method,domain,bioetl.domain.value_objects.activity_values,src/bioetl/domain/value_objects/activity_values.py:233,233,250,18,0,0,2,DEAD,0,,1,docs/99-archive/reports/domain_merged.md,False,,2,0,2,0,2,0,0,2,0,2,0,0,0,0,2,0,0,0,0,2,0
variable,value_in_unit,bioetl.domain.value_objects.activity_values.PChemblValue.to_concentration.value_in_unit,method,domain,bioetl.domain.value_objects.activity_values,src/bioetl/domain/value_objects/activity_values.py:333,333,333,1,0,0,2,DEAD,0,,1,docs/99-archive/reports/domain_merged.md,False,,2,0,2,0,2,0,0,2,0,2,0,0,0,0,2,0,0,0,0,2,0
parameter,molar_concentration,bioetl.domain.value_objects.activity_values.PChemblValue.molar_concentration,method,domain,bioetl.domain.value_objects.activity_values,src/bioetl/domain/value_objects/activity_values.py:337,337,337,1,0,0,5,DEAD,0,,1,docs/99-archive/reports/domain_merged.md,False,,5,0,5,0,5,0,0,5,0,5,0,0,0,0,5,0,0,0,0,5,0
method,__delattr__,bioetl.domain.value_objects.base.ValueObject.__delattr__,class,domain,bioetl.domain.value_objects.base,src/bioetl/domain/value_objects/base.py:93,93,95,3,0,0,3,DEAD,0,,2,docs/99-archive/reports/documentation_merged.md;docs/99-archive/reports/domain_merged.md,False,,3,2,3,2,3,2,2,3,2,3,0,2,2,0,3,2,2,2,2,3,2
variable,_is_canonical,bioetl.domain.value_objects.chemical.SMILES._is_canonical,class,domain,bioetl.domain.value_objects.chemical,src/bioetl/domain/value_objects/chemical.py:148,148,148,1,0,0,8,DEAD,0,,1,docs/99-archive/reports/domain_merged.md,False,,8,0,8,0,8,0,0,8,0,8,0,0,0,0,8,0,0,0,0,8,0
constant,_DEFAULT_MIN_YEAR,bioetl.domain.value_objects.chemical.PublicationYear._DEFAULT_MIN_YEAR,class,domain,bioetl.domain.value_objects.chemical,src/bioetl/domain/value_objects/chemical.py:269,269,269,1,0,0,1,DEAD,0,,1,docs/99-archive/reports/domain_merged.md,False,,1,0,1,0,1,0,0,1,0,1,0,0,0,0,1,0,0,0,0,1,0
constant,_DEFAULT_MAX_YEAR,bioetl.domain.value_objects.chemical.PublicationYear._DEFAULT_MAX_YEAR,class,domain,bioetl.domain.value_objects.chemical,src/bioetl/domain/value_objects/chemical.py:270,270,270,1,0,0,1,DEAD,0,,1,docs/99-archive/reports/domain_merged.md,False,,1,0,1,0,1,0,0,1,0,1,0,0,0,0,1,0,0,0,0,1,0
variable,resolved_config,bioetl.domain.value_objects.chemical.PublicationYear.__init__.resolved_config,method,domain,bioetl.domain.value_objects.chemical,src/bioetl/domain/value_objects/chemical.py:301,301,301,1,0,0,7,DEAD,0,,1,docs/99-archive/reports/domain_merged.md,False,,7,0,7,0,7,0,0,7,0,7,0,0,0,0,7,0,0,0,0,7,0
method,_parse_year_from_string,bioetl.domain.value_objects.chemical.PublicationYear._parse_year_from_string,class,domain,bioetl.domain.value_objects.chemical,src/bioetl/domain/value_objects/chemical.py:328,328,352,25,0,0,2,DEAD,0,,1,docs/99-archive/reports/domain_merged.md,False,,2,0,2,0,2,0,0,2,0,2,0,0,0,0,2,0,0,0,0,2,0
variable,resolved_config,bioetl.domain.value_objects.chemical.MolecularWeight.__init__.resolved_config,method,domain,bioetl.domain.value_objects.chemical,src/bioetl/domain/value_objects/chemical.py:500,500,500,1,0,0,7,DEAD,0,,1,docs/99-archive/reports/domain_merged.md,False,,7,0,7,0,7,0,0,7,0,7,0,0,0,0,7,0,0,0,0,7,0
variable,field_lower,bioetl.domain.value_objects.column_order.ColumnOrderConfig.get_group.field_lower,method,domain,bioetl.domain.value_objects.column_order,src/bioetl/domain/value_objects/column_order.py:172,172,172,1,0,0,2,DEAD,0,,1,docs/99-archive/reports/domain_merged.md,False,,2,0,2,0,2,0,0,2,0,2,0,0,0,0,2,0,0,0,0,2,0
method,_validate_field,bioetl.domain.value_objects.column_qualifier.ColumnQualifier._validate_field,class,domain,bioetl.domain.value_objects.column_qualifier,src/bioetl/domain/value_objects/column_qualifier.py:60,60,64,5,0,0,2,DEAD,0,,1,docs/99-archive/reports/domain_merged.md,False,,2,0,2,0,2,0,0,4,0,2,0,0,0,0,2,0,0,0,0,2,0
parameter,qualified_name,bioetl.domain.value_objects.column_qualifier.ColumnQualifier.qualified_name,method,domain,bioetl.domain.value_objects.column_qualifier,src/bioetl/domain/value_objects/column_qualifier.py:107,107,107,1,0,0,4,DEAD,0,,1,docs/99-archive/reports/domain_merged.md,False,,4,0,4,0,4,0,0,8,0,4,0,0,0,0,4,0,0,0,0,4,0
variable,_validated_id,bioetl.domain.value_objects.compound_ids.CompoundId._validated_id,class,domain,bioetl.domain.value_objects.compound_ids,src/bioetl/domain/value_objects/compound_ids.py:56,56,56,1,0,0,11,DEAD,0,,1,docs/99-archive/reports/domain_merged.md,False,,11,0,11,0,11,0,0,11,0,11,0,0,0,0,11,0,0,0,0,11,0
variable,validated_id,bioetl.domain.value_objects.compound_ids.CompoundId.__post_init__.validated_id,method,domain,bioetl.domain.value_objects.compound_ids,src/bioetl/domain/value_objects/compound_ids.py:60,60,60,1,0,0,7,DEAD,0,,1,docs/99-archive/reports/domain_merged.md,False,,7,0,7,0,7,0,0,7,0,7,0,0,0,0,7,0,0,0,0,7,0
variable,cid_int,bioetl.domain.value_objects.compound_ids.CompoundId.__post_init__.cid_int,method,domain,bioetl.domain.value_objects.compound_ids,src/bioetl/domain/value_objects/compound_ids.py:69,69,69,1,0,0,2,DEAD,0,,1,docs/99-archive/reports/domain_merged.md,False,,2,0,2,0,2,0,0,2,0,2,0,0,0,0,2,0,0,0,0,2,0
method,as_pubchem_cid,bioetl.domain.value_objects.compound_ids.CompoundId.as_pubchem_cid,class,domain,bioetl.domain.value_objects.compound_ids,src/bioetl/domain/value_objects/compound_ids.py:168,168,176,9,0,0,1,DEAD,0,,1,docs/99-archive/reports/domain_merged.md,False,,1,0,1,0,1,0,0,1,0,1,0,0,0,0,1,0,0,0,0,1,0
variable,public_columns,bioetl.domain.value_objects.dq_metrics._compute_column_stats.public_columns,function,domain,bioetl.domain.value_objects.dq_metrics,src/bioetl/domain/value_objects/dq_metrics.py:242,242,242,1,0,0,2,DEAD,0,,1,docs/99-archive/reports/domain_merged.md,False,,2,0,2,0,2,0,0,2,0,2,0,0,0,0,2,0,0,0,0,2,0
function,_collect_all_columns,bioetl.domain.value_objects.dq_metrics._collect_all_columns,module,domain,bioetl.domain.value_objects.dq_metrics,src/bioetl/domain/value_objects/dq_metrics.py:250,250,262,13,0,0,2,DEAD,0,,1,docs/99-archive/reports/domain_merged.md,False,,2,0,2,0,2,0,0,2,0,2,0,0,0,0,2,0,0,0,0,2,0
function,_compute_single_column_stats,bioetl.domain.value_objects.dq_metrics._compute_single_column_stats,module,domain,bioetl.domain.value_objects.dq_metrics,src/bioetl/domain/value_objects/dq_metrics.py:265,265,290,26,0,0,2,DEAD,0,,1,docs/99-archive/reports/domain_merged.md,False,,2,0,2,0,2,0,0,2,0,2,0,0,0,0,2,0,0,0,0,2,0
variable,non_null_values,bioetl.domain.value_objects.dq_metrics._compute_single_column_stats.non_null_values,function,domain,bioetl.domain.value_objects.dq_metrics,src/bioetl/domain/value_objects/dq_metrics.py:278,278,278,1,0,0,3,DEAD,0,,1,docs/99-archive/reports/domain_merged.md,False,,3,0,3,0,3,0,0,3,0,3,0,0,0,0,3,0,0,0,0,3,0
function,_filter_non_null,bioetl.domain.value_objects.dq_metrics._filter_non_null,module,domain,bioetl.domain.value_objects.dq_metrics,src/bioetl/domain/value_objects/dq_metrics.py:293,293,302,10,0,0,2,DEAD,0,,1,docs/99-archive/reports/domain_merged.md,False,,2,0,2,0,2,0,0,2,0,2,0,0,0,0,2,0,0,0,0,2,0
function,_calculate_null_rate,bioetl.domain.value_objects.dq_metrics._calculate_null_rate,module,domain,bioetl.domain.value_objects.dq_metrics,src/bioetl/domain/value_objects/dq_metrics.py:305,305,316,12,0,0,2,DEAD,0,,1,docs/99-archive/reports/domain_merged.md,False,,2,0,2,0,2,0,0,2,0,2,0,0,0,0,2,0,0,0,0,2,0
function,_calculate_unique_count,bioetl.domain.value_objects.dq_metrics._calculate_unique_count,module,domain,bioetl.domain.value_objects.dq_metrics,src/bioetl/domain/value_objects/dq_metrics.py:337,337,352,16,0,0,2,DEAD,0,,1,docs/99-archive/reports/domain_merged.md,False,,2,0,2,0,2,0,0,2,0,2,0,0,0,0,2,0,0,0,0,2,0
function,_compute_numeric_stats,bioetl.domain.value_objects.dq_metrics._compute_numeric_stats,module,domain,bioetl.domain.value_objects.dq_metrics,src/bioetl/domain/value_objects/dq_metrics.py:355,355,374,20,0,0,2,DEAD,0,,1,docs/99-archive/reports/domain_merged.md,False,,2,0,2,0,2,0,0,2,0,2,0,0,0,0,2,0,0,0,0,2,0
variable,numeric_values,bioetl.domain.value_objects.dq_metrics._compute_numeric_stats.numeric_values,function,domain,bioetl.domain.value_objects.dq_metrics,src/bioetl/domain/value_objects/dq_metrics.py:366,366,366,1,0,0,6,DEAD,0,,1,docs/99-archive/reports/domain_merged.md,False,,6,0,6,0,6,0,0,6,0,6,0,0,0,0,6,0,0,0,0,6,0
function,_is_valid_numeric,bioetl.domain.value_objects.dq_metrics._is_valid_numeric,module,domain,bioetl.domain.value_objects.dq_metrics,src/bioetl/domain/value_objects/dq_metrics.py:377,377,392,16,0,0,2,DEAD,0,,1,docs/99-archive/reports/domain_merged.md,False,,2,0,2,0,2,0,0,2,0,2,0,0,0,0,2,0,0,0,0,2,0
variable,p25,bioetl.domain.value_objects.dq_report.NumericDistribution.p25,class,domain,bioetl.domain.value_objects.dq_report,src/bioetl/domain/value_objects/dq_report.py:209,209,209,1,0,0,1,DEAD,0,,1,docs/99-archive/reports/domain_merged.md,False,,1,0,1,0,1,0,0,1,0,1,0,0,0,0,1,0,0,0,0,1,0
variable,p75,bioetl.domain.value_objects.dq_report.NumericDistribution.p75,class,domain,bioetl.domain.value_objects.dq_report,src/bioetl/domain/value_objects/dq_report.py:210,210,210,1,0,0,1,DEAD,0,,1,docs/99-archive/reports/domain_merged.md,False,,1,0,1,0,1,0,0,1,0,1,0,0,0,0,1,0,0,0,0,1,0
variable,p95,bioetl.domain.value_objects.dq_report.NumericDistribution.p95,class,domain,bioetl.domain.value_objects.dq_report,src/bioetl/domain/value_objects/dq_report.py:211,211,211,1,0,0,1,DEAD,0,,1,docs/99-archive/reports/domain_merged.md,False,,1,0,1,0,1,0,0,1,0,1,0,0,0,0,1,0,0,0,0,1,0
variable,outliers_zscore_3,bioetl.domain.value_objects.dq_report.NumericDistribution.outliers_zscore_3,class,domain,bioetl.domain.value_objects.dq_report,src/bioetl/domain/value_objects/dq_report.py:212,212,212,1,0,0,1,DEAD,0,,1,docs/99-archive/reports/domain_merged.md,False,,1,0,1,0,1,0,0,1,0,1,0,0,0,0,1,0,0,0,0,1,0
variable,numeric_part,bioetl.domain.value_objects.identifiers.ChemblId._validate.numeric_part,method,domain,bioetl.domain.value_objects.identifiers,src/bioetl/domain/value_objects/identifiers.py:64,64,64,1,0,0,3,DEAD,0,,1,docs/99-archive/reports/domain_merged.md,False,,3,0,3,0,3,0,0,3,0,3,0,0,0,0,3,0,0,0,0,3,0
constant,_PRIMARY_PATTERN,bioetl.domain.value_objects.identifiers.UniProtId._PRIMARY_PATTERN,class,domain,bioetl.domain.value_objects.identifiers,src/bioetl/domain/value_objects/identifiers.py:116,116,116,1,0,0,2,DEAD,0,,1,docs/99-archive/reports/domain_merged.md,False,,2,0,2,0,2,0,0,2,0,2,0,0,0,0,2,0,0,0,0,2,0
constant,_SECONDARY_PATTERN,bioetl.domain.value_objects.identifiers.UniProtId._SECONDARY_PATTERN,class,domain,bioetl.domain.value_objects.identifiers,src/bioetl/domain/value_objects/identifiers.py:119,119,119,1,0,0,2,DEAD,0,,1,docs/99-archive/reports/domain_merged.md,False,,2,0,2,0,2,0,0,2,0,2,0,0,0,0,2,0,0,0,0,2,0
method,_validate_format,bioetl.domain.value_objects.identifiers.UniProtId._validate_format,class,domain,bioetl.domain.value_objects.identifiers,src/bioetl/domain/value_objects/identifiers.py:121,121,126,6,0,0,2,DEAD,0,,1,docs/99-archive/reports/domain_merged.md,False,,2,0,2,0,2,0,0,2,0,2,0,0,0,0,2,0,0,0,0,2,0
constant,_MAX_CID,bioetl.domain.value_objects.identifiers.PubChemCid._MAX_CID,class,domain,bioetl.domain.value_objects.identifiers,src/bioetl/domain/value_objects/identifiers.py:201,201,201,1,0,0,2,DEAD,0,,1,docs/99-archive/reports/domain_merged.md,False,,2,0,2,0,2,0,0,2,0,2,0,0,0,0,2,0,0,0,0,2,0
constant,_GROUP_DISPLAY_NAMES,bioetl.domain.value_objects.publication_field_groups._GROUP_DISPLAY_NAMES,module,domain,bioetl.domain.value_objects.publication_field_groups,src/bioetl/domain/value_objects/publication_field_groups.py:103,103,112,10,0,0,0,DEAD,0,,0,,False,,0,0,0,0,0,0,0,0,0,0,0,0,0,0,0,0,0,0,0,0,0
method,get_field_providers,bioetl.domain.value_objects.publication_field_groups.FieldGroupConfig.get_field_providers,class,domain,bioetl.domain.value_objects.publication_field_groups,src/bioetl/domain/value_objects/publication_field_groups.py:401,401,424,24,0,0,0,DEAD,0,,0,,False,,0,0,0,0,0,0,0,0,0,0,0,0,0,0,0,0,0,0,0,0,0
constant,_MAX_PMID,bioetl.domain.value_objects.publications.PubMedId._MAX_PMID,class,domain,bioetl.domain.value_objects.publications,src/bioetl/domain/value_objects/publications.py:140,140,140,1,0,0,2,DEAD,0,,1,docs/99-archive/reports/domain_merged.md,False,,2,0,2,0,2,0,0,2,0,2,0,0,0,0,2,0,0,0,0,2,0
method,_coerce_to_str,bioetl.domain.value_objects.publications.PubMedId._coerce_to_str,class,domain,bioetl.domain.value_objects.publications,src/bioetl/domain/value_objects/publications.py:142,142,150,9,0,0,2,DEAD,0,,1,docs/99-archive/reports/domain_merged.md,False,,2,0,2,0,2,0,0,2,0,2,0,0,0,0,2,0,0,0,0,2,0
constant,_MIN_VALUE,bioetl.domain.value_objects.taxonomy_id.TaxonomyId._MIN_VALUE,class,domain,bioetl.domain.value_objects.taxonomy_id,src/bioetl/domain/value_objects/taxonomy_id.py:31,31,31,1,0,0,3,DEAD,0,,1,docs/99-archive/reports/domain_merged.md,False,,3,0,3,0,3,0,0,3,0,3,0,0,0,0,3,0,0,0,0,3,0
constant,_MAX_VALUE,bioetl.domain.value_objects.taxonomy_id.TaxonomyId._MAX_VALUE,class,domain,bioetl.domain.value_objects.taxonomy_id,src/bioetl/domain/value_objects/taxonomy_id.py:32,32,32,1,0,0,3,DEAD,0,,1,docs/99-archive/reports/domain_merged.md,False,,3,0,3,0,3,0,0,3,0,3,0,0,0,0,3,0,0,0,0,3,0
method,_parse_int,bioetl.domain.value_objects.taxonomy_id.TaxonomyId._parse_int,class,domain,bioetl.domain.value_objects.taxonomy_id,src/bioetl/domain/value_objects/taxonomy_id.py:61,61,66,6,0,0,2,DEAD,0,,1,docs/99-archive/reports/domain_merged.md,False,,2,0,2,0,2,0,0,2,0,2,0,0,0,0,2,0,0,0,0,2,0
method,as_str,bioetl.domain.value_objects.taxonomy_id.TaxonomyId.as_str,class,domain,bioetl.domain.value_objects.taxonomy_id,src/bioetl/domain/value_objects/taxonomy_id.py:92,92,94,3,0,0,1,DEAD,0,,1,docs/99-archive/reports/domain_merged.md,False,,1,0,1,0,1,0,0,1,0,1,0,0,0,0,1,0,0,0,0,1,0
method,ncbi_url,bioetl.domain.value_objects.taxonomy_id.TaxonomyId.ncbi_url,class,domain,bioetl.domain.value_objects.taxonomy_id,src/bioetl/domain/value_objects/taxonomy_id.py:97,97,105,9,0,0,1,DEAD,0,,1,docs/99-archive/reports/domain_merged.md,False,,1,0,1,0,1,0,0,1,0,1,0,0,0,0,1,0,0,0,0,1,0
method,_build_aggregation_expr,bioetl.application.composite.aggregator.EnricherAggregator._build_aggregation_expr,class,application,bioetl.application.composite.aggregator,src/bioetl/application/composite/aggregator.py:76,76,102,27,0,0,2,DEAD,0,,1,docs/99-archive/reports/application_merged.md,False,,2,0,2,0,0,0,0,2,0,2,0,0,0,0,2,0,0,0,0,2,0
variable,output_name,bioetl.application.composite.aggregator.EnricherAggregator._build_aggregation_expr.output_name,method,application,bioetl.application.composite.aggregator,src/bioetl/application/composite/aggregator.py:80,80,80,1,0,0,2,DEAD,0,,1,docs/99-archive/reports/application_merged.md,False,,2,0,2,0,0,0,0,2,0,2,0,0,0,0,2,0,0,0,0,2,0
variable,filter_expr,bioetl.application.composite.aggregator.EnricherAggregator._build_aggregation_expr.filter_expr,method,application,bioetl.application.composite.aggregator,src/bioetl/application/composite/aggregator.py:84,84,84,1,0,0,3,DEAD,0,,1,docs/99-archive/reports/application_merged.md,False,,3,0,3,0,0,0,0,3,0,3,0,0,0,0,3,0,0,0,0,3,0
variable,upper_condition,bioetl.application.composite.aggregator.EnricherAggregator._parse_filter_condition.upper_condition,method,application,bioetl.application.composite.aggregator,src/bioetl/application/composite/aggregator.py:109,109,109,1,0,0,5,DEAD,0,,1,docs/99-archive/reports/application_merged.md,False,,5,0,5,0,0,0,0,5,0,5,0,0,0,0,5,0,0,0,0,5,0
parameter,dependency_name,bioetl.application.composite.checkpoint.CompositeCheckpointState.dependency_name,method,application,bioetl.application.composite.checkpoint,src/bioetl/application/composite/checkpoint.py:102,102,102,1,0,0,3,DEAD,0,,1,docs/99-archive/reports/application_merged.md,False,,3,0,3,0,0,0,0,3,0,3,0,0,0,0,3,0,0,0,0,3,0
variable,new_completed,bioetl.application.composite.checkpoint.CompositeCheckpointState.with_dependency_completed.new_completed,method,application,bioetl.application.composite.checkpoint,src/bioetl/application/composite/checkpoint.py:110,110,110,1,0,0,4,DEAD,0,,1,docs/99-archive/reports/application_merged.md,False,,4,0,4,0,0,0,0,4,0,4,0,0,0,0,4,0,0,0,0,4,0
variable,new_results,bioetl.application.composite.checkpoint.CompositeCheckpointState.with_dependency_completed.new_results,method,application,bioetl.application.composite.checkpoint,src/bioetl/application/composite/checkpoint.py:111,111,111,1,0,0,4,DEAD,0,,1,docs/99-archive/reports/application_merged.md,False,,4,0,4,0,0,0,0,4,0,4,0,0,0,0,4,0,0,0,0,4,0
variable,new_completed,bioetl.application.composite.checkpoint.CompositeCheckpointState.with_enricher_completed.new_completed,method,application,bioetl.application.composite.checkpoint,src/bioetl/application/composite/checkpoint.py:135,135,135,1,0,0,4,DEAD,0,,1,docs/99-archive/reports/application_merged.md,False,,4,0,4,0,0,0,0,4,0,4,0,0,0,0,4,0,0,0,0,4,0
variable,new_results,bioetl.application.composite.checkpoint.CompositeCheckpointState.with_enricher_completed.new_results,method,application,bioetl.application.composite.checkpoint,src/bioetl/application/composite/checkpoint.py:136,136,136,1,0,0,4,DEAD,0,,1,docs/99-archive/reports/application_merged.md,False,,4,0,4,0,0,0,0,4,0,4,0,0,0,0,4,0,0,0,0,4,0
method,_serialize_seed_result,bioetl.application.composite.checkpoint.CompositeCheckpointState._serialize_seed_result,class,application,bioetl.application.composite.checkpoint,src/bioetl/application/composite/checkpoint.py:207,207,218,12,0,0,2,DEAD,0,,1,docs/99-archive/reports/application_merged.md,False,,2,0,2,0,0,0,0,2,0,2,0,0,0,0,2,0,0,0,0,2,0
method,_serialize_dependency_results,bioetl.application.composite.checkpoint.CompositeCheckpointState._serialize_dependency_results,class,application,bioetl.application.composite.checkpoint,src/bioetl/application/composite/checkpoint.py:220,220,233,14,0,0,2,DEAD,0,,1,docs/99-archive/reports/application_merged.md,False,,2,0,2,0,0,0,0,2,0,2,0,0,0,0,2,0,0,0,0,2,0
method,_serialize_enrichment_results,bioetl.application.composite.checkpoint.CompositeCheckpointState._serialize_enrichment_results,class,application,bioetl.application.composite.checkpoint,src/bioetl/application/composite/checkpoint.py:235,235,250,16,0,0,2,DEAD,0,,1,docs/99-archive/reports/application_merged.md,False,,2,0,2,0,0,0,0,2,0,2,0,0,0,0,2,0,0,0,0,2,0
variable,sr,bioetl.application.composite.checkpoint.CompositeCheckpointState.from_dict.sr,method,application,bioetl.application.composite.checkpoint,src/bioetl/application/composite/checkpoint.py:262,262,262,1,0,0,7,DEAD,0,,1,docs/99-archive/reports/application_merged.md,False,,7,0,7,0,0,0,0,7,0,7,0,0,0,0,7,0,0,0,0,7,0
variable,state_value,bioetl.application.composite.checkpoint.CompositeCheckpointState.from_dict.state_value,method,application,bioetl.application.composite.checkpoint,src/bioetl/application/composite/checkpoint.py:313,313,313,1,0,0,3,DEAD,0,,1,docs/99-archive/reports/application_merged.md,False,,3,0,3,0,0,0,0,3,0,3,0,0,0,0,3,0,0,0,0,3,0
method,_get_checkpoint_path,bioetl.application.composite.checkpoint.CompositeCheckpointManager._get_checkpoint_path,class,application,bioetl.application.composite.checkpoint,src/bioetl/application/composite/checkpoint.py:385,385,388,4,0,0,2,DEAD,0,,1,docs/99-archive/reports/application_merged.md,False,,2,0,2,0,0,0,0,2,0,2,0,0,0,0,2,0,0,0,0,2,0
method,_get_latest_checkpoint_path,bioetl.application.composite.checkpoint.CompositeCheckpointManager._get_latest_checkpoint_path,class,application,bioetl.application.composite.checkpoint,src/bioetl/application/composite/checkpoint.py:390,390,397,8,0,0,3,DEAD,0,,1,docs/99-archive/reports/application_merged.md,False,,3,0,3,0,0,0,0,3,0,3,0,0,0,0,3,0,0,0,0,3,0
method,_warn_if_checkpoint_exists_with_progress,bioetl.application.composite.checkpoint.CompositeCheckpointManager._warn_if_checkpoint_exists_with_progress,class,application,bioetl.application.composite.checkpoint,src/bioetl/application/composite/checkpoint.py:399,399,428,30,0,0,2,DEAD,0,,1,docs/99-archive/reports/application_merged.md,False,,2,0,2,0,0,0,0,2,0,2,0,0,0,0,2,0,0,0,0,2,0
variable,raw_state,bioetl.application.composite.checkpoint.CompositeCheckpointManager.load.raw_state,method,application,bioetl.application.composite.checkpoint,src/bioetl/application/composite/checkpoint.py:456,456,456,1,0,0,5,DEAD,0,,1,docs/99-archive/reports/application_merged.md,False,,5,0,5,0,0,0,0,5,0,5,0,0,0,0,5,0,0,0,0,5,0
variable,_SortFn,bioetl.application.composite.column_orderer._SortFn,module,application,bioetl.application.composite.column_orderer,src/bioetl/application/composite/column_orderer.py:29,29,29,1,0,0,0,DEAD,0,,0,,False,,0,0,0,0,0,0,0,0,0,0,0,0,0,0,0,0,0,0,0,0,0
function,_collect_pattern_columns,bioetl.application.composite.column_orderer._collect_pattern_columns,module,application,bioetl.application.composite.column_orderer,src/bioetl/application/composite/column_orderer.py:34,34,71,38,0,0,0,DEAD,0,,0,,False,,0,0,0,0,0,0,0,0,0,0,0,0,0,0,0,0,0,0,0,0,0
parameter,sort_fn,bioetl.application.composite.column_orderer.sort_fn,function,application,bioetl.application.composite.column_orderer,src/bioetl/application/composite/column_orderer.py:38,38,38,1,0,0,0,DEAD,0,,0,,False,,0,0,0,0,0,0,0,0,0,0,0,0,0,0,0,0,0,0,0,0,0
variable,pattern_re,bioetl.application.composite.column_orderer._collect_pattern_columns.pattern_re,function,application,bioetl.application.composite.column_orderer,src/bioetl/application/composite/column_orderer.py:56,56,56,1,0,0,0,DEAD,0,,0,,False,,0,0,0,0,0,0,0,0,0,0,0,0,0,0,0,0,0,0,0,0,0
variable,pattern_matches,bioetl.application.composite.column_orderer._collect_pattern_columns.pattern_matches,function,application,bioetl.application.composite.column_orderer,src/bioetl/application/composite/column_orderer.py:66,66,66,1,0,0,0,DEAD,0,,0,,False,,0,0,0,0,0,0,0,0,0,0,0,0,0,0,0,0,0,0,0,0,0
method,_count_groups,bioetl.application.composite.column_orderer.ColumnOrderer._count_groups,class,application,bioetl.application.composite.column_orderer,src/bioetl/application/composite/column_orderer.py:187,187,201,15,0,0,2,DEAD,0,,1,docs/99-archive/reports/application_merged.md,False,,2,0,2,0,0,0,0,2,0,2,0,0,0,0,2,0,0,0,0,2,0
method,_order_by_yaml_groups,bioetl.application.composite.column_orderer.ColumnOrderer._order_by_yaml_groups,class,application,bioetl.application.composite.column_orderer,src/bioetl/application/composite/column_orderer.py:236,236,283,48,0,0,2,DEAD,0,,1,docs/99-archive/reports/application_merged.md,False,,2,0,2,0,0,0,0,2,0,2,0,0,0,0,2,0,0,0,0,2,0
variable,used_columns,bioetl.application.composite.column_orderer.ColumnOrderer._order_by_yaml_groups.used_columns,method,application,bioetl.application.composite.column_orderer,src/bioetl/application/composite/column_orderer.py:250,250,250,1,0,0,4,DEAD,0,,1,docs/99-archive/reports/application_merged.md,False,,4,0,4,0,0,0,0,4,0,4,0,0,0,0,4,0,0,0,0,4,0
variable,dq_suffix_set,bioetl.application.composite.column_orderer.ColumnOrderer._order_by_yaml_groups.dq_suffix_set,method,application,bioetl.application.composite.column_orderer,src/bioetl/application/composite/column_orderer.py:262,262,262,1,0,0,0,DEAD,0,,0,,False,,0,0,0,0,0,0,0,0,0,0,0,0,0,0,0,0,0,0,0,0,0
method,_collect_group_columns,bioetl.application.composite.column_orderer.ColumnOrderer._collect_group_columns,class,application,bioetl.application.composite.column_orderer,src/bioetl/application/composite/column_orderer.py:285,285,327,43,0,0,2,DEAD,0,,1,docs/99-archive/reports/application_merged.md,False,,2,0,2,0,0,0,0,2,0,2,0,0,0,0,2,0,0,0,0,2,0
variable,field_matches,bioetl.application.composite.column_orderer.ColumnOrderer._collect_group_columns.field_matches,method,application,bioetl.application.composite.column_orderer,src/bioetl/application/composite/column_orderer.py:309,309,309,1,0,0,0,DEAD,0,,0,,False,,0,0,0,0,0,0,0,0,0,0,0,0,0,0,0,0,0,0,0,0,0
method,_sort_by_provider,bioetl.application.composite.column_orderer.ColumnOrderer._sort_by_provider,class,application,bioetl.application.composite.column_orderer,src/bioetl/application/composite/column_orderer.py:329,329,361,33,0,0,2,DEAD,0,,1,docs/99-archive/reports/application_merged.md,False,,2,0,2,0,0,0,0,2,0,2,0,0,0,0,2,0,0,0,0,2,0
method,_field_aliases,bioetl.application.composite.column_orderer.ColumnOrderer._field_aliases,class,application,bioetl.application.composite.column_orderer,src/bioetl/application/composite/column_orderer.py:379,379,394,16,0,0,0,DEAD,0,,0,,False,,0,0,0,0,0,0,0,0,0,0,0,0,0,0,0,0,0,0,0,0,0
variable,legacy_to_unified,bioetl.application.composite.column_orderer.ColumnOrderer._field_aliases.legacy_to_unified,method,application,bioetl.application.composite.column_orderer,src/bioetl/application/composite/column_orderer.py:382,382,387,6,0,0,0,DEAD,0,,0,,False,,0,0,0,0,0,0,0,0,0,0,0,0,0,0,0,0,0,0,0,0,0
variable,included_groups,bioetl.application.composite.column_orderer.ColumnOrderer.filter_by_layer_config.included_groups,method,application,bioetl.application.composite.column_orderer,src/bioetl/application/composite/column_orderer.py:435,435,437,3,0,0,0,DEAD,0,,0,,False,,0,0,0,0,0,0,0,0,0,0,0,0,0,0,0,0,0,0,0,0,0
constant,SYSTEM_PREFIXES,bioetl.application.composite.column_renamer.ColumnRenamer.SYSTEM_PREFIXES,class,application,bioetl.application.composite.column_renamer,src/bioetl/application/composite/column_renamer.py:37,37,37,1,0,0,2,DEAD,0,,1,docs/99-archive/reports/application_merged.md,False,,2,0,2,0,0,0,0,4,0,2,0,0,0,0,2,0,0,0,0,2,0
method,_is_system_column,bioetl.application.composite.column_renamer.ColumnRenamer._is_system_column,class,application,bioetl.application.composite.column_renamer,src/bioetl/application/composite/column_renamer.py:169,169,171,3,0,0,2,DEAD,0,,1,docs/99-archive/reports/application_merged.md,False,,2,0,2,0,0,0,0,4,0,2,0,0,0,0,2,0,0,0,0,2,0
method,_is_already_qualified,bioetl.application.composite.column_renamer.ColumnRenamer._is_already_qualified,class,application,bioetl.application.composite.column_renamer,src/bioetl/application/composite/column_renamer.py:173,173,175,3,0,0,2,DEAD,0,,1,docs/99-archive/reports/application_merged.md,False,,2,0,2,0,0,0,0,4,0,2,0,0,0,0,2,0,0,0,0,2,0
method,_is_join_key,bioetl.application.composite.column_renamer.ColumnRenamer._is_join_key,class,application,bioetl.application.composite.column_renamer,src/bioetl/application/composite/column_renamer.py:177,177,179,3,0,0,2,DEAD,0,,1,docs/99-archive/reports/application_merged.md,False,,2,0,2,0,0,0,0,4,0,2,0,0,0,0,2,0,0,0,0,2,0
variable,filtered_keys,bioetl.application.composite.coordinator.EnrichmentCoordinator.run_enrichers.filtered_keys,method,application,bioetl.application.composite.coordinator,src/bioetl/application/composite/coordinator.py:117,117,117,1,0,0,9,DEAD,0,,3,docs/02-architecture/decisions/ADR-026-composite-pipeline-pattern.md;docs/99-archive/reports/application_merged.md;docs/99-archive/reports/documentation_merged.md,False,,9,3,6,3,3,3,6,9,3,6,0,6,6,0,12,6,6,6,6,9,3
method,_find_column_case_insensitive,bioetl.application.composite.coordinator.EnrichmentCoordinator._find_column_case_insensitive,class,application,bioetl.application.composite.coordinator,src/bioetl/application/composite/coordinator.py:211,211,220,10,0,0,3,DEAD,0,,1,docs/99-archive/reports/application_merged.md,False,,3,0,3,0,0,0,0,3,0,3,0,0,0,0,6,0,0,0,0,3,0
variable,column_lower,bioetl.application.composite.coordinator.EnrichmentCoordinator._find_column_case_insensitive.column_lower,method,application,bioetl.application.composite.coordinator,src/bioetl/application/composite/coordinator.py:215,215,215,1,0,0,2,DEAD,0,,1,docs/99-archive/reports/application_merged.md,False,,2,0,2,0,0,0,0,2,0,2,0,0,0,0,4,0,0,0,0,2,0
method,_return_skipped,bioetl.application.composite.coordinator.EnrichmentCoordinator._return_skipped,class,application,bioetl.application.composite.coordinator,src/bioetl/application/composite/coordinator.py:222,222,227,6,0,0,2,DEAD,0,,1,docs/99-archive/reports/application_merged.md,False,,2,0,2,0,0,0,0,2,0,2,0,0,0,0,4,0,0,0,0,2,0
method,_process_results,bioetl.application.composite.coordinator.EnrichmentCoordinator._process_results,class,application,bioetl.application.composite.coordinator,src/bioetl/application/composite/coordinator.py:378,378,408,31,0,0,4,DEAD,0,,3,docs/02-architecture/decisions/ADR-026-composite-pipeline-pattern.md;docs/99-archive/reports/application_merged.md;docs/99-archive/reports/documentation_merged.md,False,,4,1,3,1,1,1,2,4,1,3,0,2,2,0,6,2,2,2,2,4,1
parameter,key_columns,bioetl.application.composite.deduplication.EnricherDeduplicator.key_columns,method,application,bioetl.application.composite.deduplication,src/bioetl/application/composite/deduplication.py:56,56,56,1,0,0,16,DEAD,0,,1,docs/99-archive/reports/application_merged.md,False,,16,0,16,0,0,0,0,16,0,16,0,0,0,0,16,0,0,0,0,16,0
variable,missing_cols,bioetl.application.composite.deduplication.EnricherDeduplicator._check_duplicates.missing_cols,method,application,bioetl.application.composite.deduplication,src/bioetl/application/composite/deduplication.py:61,61,61,1,0,0,2,DEAD,0,,1,docs/99-archive/reports/application_merged.md,False,,2,0,2,0,0,0,0,2,0,2,0,0,0,0,2,0,0,0,0,2,0
method,_aggregate_duplicates,bioetl.application.composite.deduplication.EnricherDeduplicator._aggregate_duplicates,class,application,bioetl.application.composite.deduplication,src/bioetl/application/composite/deduplication.py:68,68,103,36,0,0,3,DEAD,0,,2,docs/99-archive/reports/application_merged.md;docs/99-archive/reports/documentation_merged.md,False,,3,1,3,1,1,1,1,3,1,3,0,1,1,0,3,1,1,1,1,3,1
variable,records_before,bioetl.application.composite.deduplication.EnricherDeduplicator._aggregate_duplicates.records_before,method,application,bioetl.application.composite.deduplication,src/bioetl/application/composite/deduplication.py:76,76,76,1,0,0,7,DEAD,0,,1,docs/99-archive/reports/application_merged.md,False,,7,0,7,0,0,0,0,7,0,7,0,0,0,0,7,0,0,0,0,7,0
variable,non_key_columns,bioetl.application.composite.deduplication.EnricherDeduplicator._aggregate_duplicates.non_key_columns,method,application,bioetl.application.composite.deduplication,src/bioetl/application/composite/deduplication.py:77,77,77,1,0,0,5,DEAD,0,,1,docs/99-archive/reports/application_merged.md,False,,5,0,5,0,0,0,0,5,0,5,0,0,0,0,5,0,0,0,0,5,0
variable,columns_without_conflicts,bioetl.application.composite.deduplication.EnricherDeduplicator._aggregate_duplicates.columns_without_conflicts,method,application,bioetl.application.composite.deduplication,src/bioetl/application/composite/deduplication.py:86,86,88,3,0,0,7,DEAD,0,,1,docs/99-archive/reports/application_merged.md,False,,7,0,7,0,0,0,0,7,0,7,0,0,0,0,7,0,0,0,0,7,0
method,_classify_columns,bioetl.application.composite.deduplication.EnricherDeduplicator._classify_columns,class,application,bioetl.application.composite.deduplication,src/bioetl/application/composite/deduplication.py:105,105,119,15,0,0,2,DEAD,0,,1,docs/99-archive/reports/application_merged.md,False,,2,0,2,0,0,0,0,2,0,2,0,0,0,0,2,0,0,0,0,2,0
parameter,non_key_columns,bioetl.application.composite.deduplication.EnricherDeduplicator.non_key_columns,method,application,bioetl.application.composite.deduplication,src/bioetl/application/composite/deduplication.py:109,109,109,1,0,0,5,DEAD,0,,1,docs/99-archive/reports/application_merged.md,False,,5,0,5,0,0,0,0,5,0,5,0,0,0,0,5,0,0,0,0,5,0
variable,columns_without_conflicts,bioetl.application.composite.deduplication.EnricherDeduplicator._classify_columns.columns_without_conflicts,method,application,bioetl.application.composite.deduplication,src/bioetl/application/composite/deduplication.py:113,113,113,1,0,0,7,DEAD,0,,1,docs/99-archive/reports/application_merged.md,False,,7,0,7,0,0,0,0,7,0,7,0,0,0,0,7,0,0,0,0,7,0
method,_build_aggregation_exprs,bioetl.application.composite.deduplication.EnricherDeduplicator._build_aggregation_exprs,class,application,bioetl.application.composite.deduplication,src/bioetl/application/composite/deduplication.py:121,121,135,15,0,0,2,DEAD,0,,1,docs/99-archive/reports/application_merged.md,False,,2,0,2,0,0,0,0,2,0,2,0,0,0,0,2,0,0,0,0,2,0
parameter,columns_without_conflicts,bioetl.application.composite.deduplication.EnricherDeduplicator.columns_without_conflicts,method,application,bioetl.application.composite.deduplication,src/bioetl/application/composite/deduplication.py:125,125,125,1,0,0,7,DEAD,0,,1,docs/99-archive/reports/application_merged.md,False,,7,0,7,0,0,0,0,7,0,7,0,0,0,0,7,0,0,0,0,7,0
method,_has_group_conflicts,bioetl.application.composite.deduplication.EnricherDeduplicator._has_group_conflicts,class,application,bioetl.application.composite.deduplication,src/bioetl/application/composite/deduplication.py:137,137,157,21,0,0,2,DEAD,0,,1,docs/99-archive/reports/application_merged.md,False,,2,0,2,0,0,0,0,2,0,2,0,0,0,0,2,0,0,0,0,2,0
variable,conflict_check,bioetl.application.composite.deduplication.EnricherDeduplicator._has_group_conflicts.conflict_check,method,application,bioetl.application.composite.deduplication,src/bioetl/application/composite/deduplication.py:146,146,152,7,0,0,2,DEAD,0,,1,docs/99-archive/reports/application_merged.md,False,,2,0,2,0,0,0,0,2,0,2,0,0,0,0,2,0,0,0,0,2,0
variable,has_conflicts,bioetl.application.composite.deduplication.EnricherDeduplicator._has_group_conflicts.has_conflicts,method,application,bioetl.application.composite.deduplication,src/bioetl/application/composite/deduplication.py:156,156,156,1,0,0,0,DEAD,0,,0,,False,,0,0,0,0,0,0,0,0,0,0,0,0,0,0,0,0,0,0,0,0,0
method,_build_concat_expr,bioetl.application.composite.deduplication.EnricherDeduplicator._build_concat_expr,class,application,bioetl.application.composite.deduplication,src/bioetl/application/composite/deduplication.py:159,159,174,16,0,0,3,DEAD,0,,2,docs/99-archive/reports/application_merged.md;docs/audits/audit-correction-plan-2026-02-11.md,False,,2,0,2,0,0,0,0,2,0,2,0,0,0,0,2,0,0,0,0,2,0
method,_to_string_expr,bioetl.application.composite.deduplication.EnricherDeduplicator._to_string_expr,class,application,bioetl.application.composite.deduplication,src/bioetl/application/composite/deduplication.py:176,176,196,21,0,0,3,DEAD,0,,2,docs/99-archive/reports/application_merged.md;docs/audits/audit-correction-plan-2026-02-11.md,False,,2,0,2,0,0,0,0,2,0,2,0,0,0,0,2,0,0,0,0,2,0
variable,col_expr,bioetl.application.composite.deduplication.EnricherDeduplicator._to_string_expr.col_expr,method,application,bioetl.application.composite.deduplication,src/bioetl/application/composite/deduplication.py:180,180,180,1,0,0,6,DEAD,0,,1,docs/99-archive/reports/application_merged.md,False,,6,0,6,0,0,0,0,6,0,6,0,0,0,0,6,0,0,0,0,6,0
method,_log_deduplication,bioetl.application.composite.deduplication.EnricherDeduplicator._log_deduplication,class,application,bioetl.application.composite.deduplication,src/bioetl/application/composite/deduplication.py:198,198,215,18,0,0,3,DEAD,0,,1,docs/99-archive/reports/application_merged.md,False,,3,0,3,0,0,0,0,3,0,3,0,0,0,0,3,0,0,0,0,3,0
parameter,records_before,bioetl.application.composite.deduplication.EnricherDeduplicator.records_before,method,application,bioetl.application.composite.deduplication,src/bioetl/application/composite/deduplication.py:202,202,202,1,0,0,7,DEAD,0,,1,docs/99-archive/reports/application_merged.md,False,,7,0,7,0,0,0,0,7,0,7,0,0,0,0,7,0,0,0,0,7,0
parameter,records_after,bioetl.application.composite.deduplication.EnricherDeduplicator.records_after,method,application,bioetl.application.composite.deduplication,src/bioetl/application/composite/deduplication.py:203,203,203,1,0,0,4,DEAD,0,,1,docs/99-archive/reports/application_merged.md,False,,4,0,4,0,0,0,0,4,0,4,0,0,0,0,4,0,0,0,0,4,0
variable,effective_keys,bioetl.application.composite.dependency_coordinator.DependencyCoordinator.run_dependencies.effective_keys,method,application,bioetl.application.composite.dependency_coordinator,src/bioetl/application/composite/dependency_coordinator.py:137,137,141,5,0,0,0,DEAD,0,,0,,False,,0,0,0,0,0,0,0,0,0,2,0,0,0,0,0,0,0,0,0,0,0
variable,source_keys_result,bioetl.application.composite.dependency_coordinator.DependencyCoordinator._get_effective_keys.source_keys_result,method,application,bioetl.application.composite.dependency_coordinator,src/bioetl/application/composite/dependency_coordinator.py:229,229,229,1,0,0,0,DEAD,0,,0,,False,,0,0,0,0,0,0,0,0,0,4,0,0,0,0,0,0,0,0,0,0,0
variable,source_keys,bioetl.application.composite.dependency_coordinator.DependencyCoordinator._get_effective_keys.source_keys,method,application,bioetl.application.composite.dependency_coordinator,src/bioetl/application/composite/dependency_coordinator.py:234,234,234,1,0,0,0,DEAD,0,,0,,False,,0,0,0,0,0,0,0,0,0,10,0,0,0,0,0,0,0,0,0,0,0
variable,filtered_count,bioetl.application.composite.dependency_coordinator.DependencyCoordinator._get_effective_keys.filtered_count,method,application,bioetl.application.composite.dependency_coordinator,src/bioetl/application/composite/dependency_coordinator.py:250,250,250,1,0,0,0,DEAD,0,,0,,False,,0,0,0,0,0,0,0,0,0,3,0,0,0,0,0,0,0,0,0,0,0
method,_run_single_dependency,bioetl.application.composite.dependency_coordinator.DependencyCoordinator._run_single_dependency,class,application,bioetl.application.composite.dependency_coordinator,src/bioetl/application/composite/dependency_coordinator.py:305,305,399,95,0,0,2,DEAD,0,,1,docs/99-archive/reports/application_merged.md,False,,2,0,2,0,0,0,0,2,0,4,0,0,0,0,2,0,0,0,0,2,0
variable,completed_count,bioetl.application.composite.fsm_helper.FSMStateHelper.handle_resume_from_failed.completed_count,method,application,bioetl.application.composite.fsm_helper,src/bioetl/application/composite/fsm_helper.py:149,149,149,1,0,0,8,DEAD,0,,1,docs/99-archive/reports/application_merged.md,False,,8,0,8,0,0,0,0,8,0,8,0,0,0,0,8,0,0,0,0,8,0
variable,resume_phase,bioetl.application.composite.fsm_helper.FSMStateHelper.handle_resume_from_failed.resume_phase,method,application,bioetl.application.composite.fsm_helper,src/bioetl/application/composite/fsm_helper.py:153,153,153,1,0,0,8,DEAD,0,,1,docs/99-archive/reports/application_merged.md,False,,8,0,8,0,0,0,0,8,0,8,0,0,0,0,8,0,0,0,0,8,0
variable,phase_description,bioetl.application.composite.fsm_helper.FSMStateHelper.handle_resume_from_failed.phase_description,method,application,bioetl.application.composite.fsm_helper,src/bioetl/application/composite/fsm_helper.py:154,154,154,1,0,0,7,DEAD,0,,1,docs/99-archive/reports/application_merged.md,False,,7,0,7,0,0,0,0,7,0,7,0,0,0,0,7,0,0,0,0,7,0
variable,completed_count,bioetl.application.composite.fsm_helper.FSMStateHelper.log_resume_context.completed_count,method,application,bioetl.application.composite.fsm_helper,src/bioetl/application/composite/fsm_helper.py:200,200,200,1,0,0,8,DEAD,0,,1,docs/99-archive/reports/application_merged.md,False,,8,0,8,0,0,0,0,8,0,8,0,0,0,0,8,0,0,0,0,8,0
variable,remaining_count,bioetl.application.composite.fsm_helper.FSMStateHelper.log_resume_context.remaining_count,method,application,bioetl.application.composite.fsm_helper,src/bioetl/application/composite/fsm_helper.py:201,201,201,1,0,0,2,DEAD,0,,1,docs/99-archive/reports/application_merged.md,False,,2,0,2,0,0,0,0,2,0,2,0,0,0,0,2,0,0,0,0,2,0
variable,full_df,bioetl.application.composite.key_extractor.KeyExtractorService.extract.full_df,method,application,bioetl.application.composite.key_extractor,src/bioetl/application/composite/key_extractor.py:112,112,112,1,0,0,4,DEAD,0,,1,docs/99-archive/reports/application_merged.md,False,,4,0,4,0,0,0,0,4,0,4,0,0,0,0,4,0,0,0,0,4,0
variable,null_check,bioetl.application.composite.key_extractor.KeyExtractorService.extract.null_check,method,application,bioetl.application.composite.key_extractor,src/bioetl/application/composite/key_extractor.py:131,131,131,1,0,0,2,DEAD,0,,1,docs/99-archive/reports/application_merged.md,False,,2,0,2,0,0,0,0,2,0,2,0,0,0,0,2,0,0,0,0,2,0
variable,JoinHow,bioetl.application.composite.merger.JoinHow,module,application,bioetl.application.composite.merger,src/bioetl/application/composite/merger.py:20,20,20,1,0,0,2,DEAD,0,,1,docs/99-archive/reports/application_merged.md,False,,2,0,2,0,0,0,0,4,0,2,0,0,0,0,2,0,0,0,0,2,0
constant,_SYSTEM_COLUMNS_TO_DROP,bioetl.application.composite.merger.MergeService._SYSTEM_COLUMNS_TO_DROP,class,application,bioetl.application.composite.merger,src/bioetl/application/composite/merger.py:60,60,73,14,0,0,2,DEAD,0,,1,docs/99-archive/reports/application_merged.md,False,,2,0,2,0,0,0,0,4,0,2,0,0,0,0,2,0,0,0,0,2,0
variable,effective_seed_pipeline,bioetl.application.composite.merger.MergeService.merge.effective_seed_pipeline,method,application,bioetl.application.composite.merger,src/bioetl/application/composite/merger.py:137,137,139,3,0,0,8,DEAD,0,,1,docs/99-archive/reports/application_merged.md,False,,8,0,8,0,0,0,0,17,0,8,0,0,0,0,8,0,0,0,0,8,0
variable,enricher_table,bioetl.application.composite.merger.MergeService.merge.enricher_table,method,application,bioetl.application.composite.merger,src/bioetl/application/composite/merger.py:171,171,173,3,0,0,3,DEAD,0,,1,docs/99-archive/reports/application_merged.md,False,,3,0,3,0,0,0,0,6,0,3,0,0,0,0,3,0,0,0,0,3,0
variable,dependency_dfs,bioetl.application.composite.merger.MergeService.merge.dependency_dfs,method,application,bioetl.application.composite.merger,src/bioetl/application/composite/merger.py:193,193,193,1,0,0,0,DEAD,0,,0,,False,,0,0,0,0,0,0,0,10,0,0,0,0,0,0,0,0,0,0,0,0,0
variable,dep_table,bioetl.application.composite.merger.MergeService.merge.dep_table,method,application,bioetl.application.composite.merger,src/bioetl/application/composite/merger.py:200,200,200,1,0,0,0,DEAD,0,,0,,False,,0,0,0,0,0,0,0,4,0,0,0,0,0,0,0,0,0,0,0,0,0
variable,dep_df,bioetl.application.composite.merger.MergeService.merge.dep_df,method,application,bioetl.application.composite.merger,src/bioetl/application/composite/merger.py:211,211,211,1,0,0,0,DEAD,0,,0,,False,,0,0,0,0,0,0,0,30,0,0,0,0,0,0,0,0,0,0,0,0,0
variable,merged_df,bioetl.application.composite.merger.MergeService.merge.merged_df,method,application,bioetl.application.composite.merger,src/bioetl/application/composite/merger.py:222,222,227,6,0,0,32,DEAD,0,,3,docs/02-architecture/decisions/ADR-026-composite-pipeline-pattern.md;docs/99-archive/reports/application_merged.md;docs/99-archive/reports/documentation_merged.md,False,,32,9,23,9,9,9,18,64,9,23,0,18,18,0,32,18,18,18,18,32,9
method,_coerce_null_columns,bioetl.application.composite.merger.MergeService._coerce_null_columns,class,application,bioetl.application.composite.merger,src/bioetl/application/composite/merger.py:348,348,369,22,0,0,3,DEAD,0,,1,docs/99-archive/reports/application_merged.md,False,,3,0,3,0,0,0,0,6,0,3,0,0,0,0,3,0,0,0,0,3,0
variable,null_cols,bioetl.application.composite.merger.MergeService._coerce_null_columns.null_cols,method,application,bioetl.application.composite.merger,src/bioetl/application/composite/merger.py:362,362,362,1,0,0,4,DEAD,0,,1,docs/99-archive/reports/application_merged.md,False,,4,0,4,0,0,0,0,8,0,4,0,0,0,0,4,0,0,0,0,4,0
variable,trash_cols,bioetl.application.composite.merger.MergeService._write_merged_gold.trash_cols,method,application,bioetl.application.composite.merger,src/bioetl/application/composite/merger.py:415,415,415,1,0,0,3,DEAD,0,,1,docs/02-architecture/decisions/ADR-026-composite-pipeline-pattern.md,False,,3,0,0,0,0,0,3,8,0,0,0,3,3,0,3,3,3,3,3,3,0
method,_infer_silver_table,bioetl.application.composite.merger.MergeService._infer_silver_table,class,application,bioetl.application.composite.merger,src/bioetl/application/composite/merger.py:437,437,444,8,0,0,2,DEAD,0,,1,docs/99-archive/reports/application_merged.md,False,,2,0,2,0,0,0,0,4,0,2,0,0,0,0,2,0,0,0,0,2,0
variable,has_layer,bioetl.application.composite.merger.MergeService._infer_pipeline_from_table.has_layer,method,application,bioetl.application.composite.merger,src/bioetl/application/composite/merger.py:453,453,455,3,0,0,2,DEAD,0,,1,docs/99-archive/reports/application_merged.md,False,,2,0,2,0,0,0,0,4,0,2,0,0,0,0,2,0,0,0,0,2,0
method,_find_join_key_column,bioetl.application.composite.merger.MergeService._find_join_key_column,class,application,bioetl.application.composite.merger,src/bioetl/application/composite/merger.py:466,466,480,15,0,0,2,DEAD,0,,1,docs/99-archive/reports/application_merged.md,False,,2,0,2,0,0,0,0,4,0,2,0,0,0,0,2,0,0,0,0,2,0
variable,suffix_chars,bioetl.application.composite.merger.MergeService._find_next_suffix.suffix_chars,method,application,bioetl.application.composite.merger,src/bioetl/application/composite/merger.py:521,521,521,1,0,0,4,DEAD,0,,1,docs/99-archive/reports/application_merged.md,False,,4,0,4,0,0,0,0,8,0,4,0,0,0,0,4,0,0,0,0,4,0
variable,seed_cols,bioetl.application.composite.merger.MergeService._detect_and_resolve_conflicts.seed_cols,method,application,bioetl.application.composite.merger,src/bioetl/application/composite/merger.py:551,551,551,1,0,0,3,DEAD,0,,1,docs/99-archive/reports/application_merged.md,False,,3,0,3,0,0,0,0,6,0,3,0,0,0,0,3,0,0,0,0,3,0
variable,enricher_cols,bioetl.application.composite.merger.MergeService._detect_and_resolve_conflicts.enricher_cols,method,application,bioetl.application.composite.merger,src/bioetl/application/composite/merger.py:552,552,552,1,0,0,6,DEAD,0,,1,docs/99-archive/reports/application_merged.md,False,,6,0,6,0,0,0,0,12,0,6,0,0,0,0,6,0,0,0,0,6,0
variable,enricher_rename,bioetl.application.composite.merger.MergeService._detect_and_resolve_conflicts.enricher_rename,method,application,bioetl.application.composite.merger,src/bioetl/application/composite/merger.py:562,562,562,1,0,0,4,DEAD,0,,1,docs/99-archive/reports/application_merged.md,False,,4,0,4,0,0,0,0,8,0,4,0,0,0,0,4,0,0,0,0,4,0
variable,join_keys_list,bioetl.application.composite.merger.MergeService._apply_joins.join_keys_list,method,application,bioetl.application.composite.merger,src/bioetl/application/composite/merger.py:595,595,595,1,0,0,5,DEAD,0,,1,docs/99-archive/reports/application_merged.md,False,,5,0,5,0,0,0,0,22,0,5,0,0,0,0,5,0,0,0,0,5,0
variable,seed_join_key,bioetl.application.composite.merger.MergeService._apply_joins.seed_join_key,method,application,bioetl.application.composite.merger,src/bioetl/application/composite/merger.py:655,655,659,5,0,0,9,DEAD,0,,1,docs/99-archive/reports/application_merged.md,False,,9,0,9,0,0,0,0,23,0,9,0,0,0,0,9,0,0,0,0,9,0
variable,enricher_join_key,bioetl.application.composite.merger.MergeService._apply_joins.enricher_join_key,method,application,bioetl.application.composite.merger,src/bioetl/application/composite/merger.py:655,655,659,5,0,0,8,DEAD,0,,1,docs/99-archive/reports/application_merged.md,False,,8,0,8,0,0,0,0,15,0,8,0,0,0,0,8,0,0,0,0,8,0
variable,seed_join_key_qualified,bioetl.application.composite.merger.MergeService._apply_joins.seed_join_key_qualified,method,application,bioetl.application.composite.merger,src/bioetl/application/composite/merger.py:655,655,659,5,0,0,10,DEAD,0,,1,docs/99-archive/reports/application_merged.md,False,,10,0,10,0,0,0,0,24,0,10,0,0,0,0,10,0,0,0,0,10,0
variable,join_key_set,bioetl.application.composite.merger.MergeService._apply_joins.join_key_set,method,application,bioetl.application.composite.merger,src/bioetl/application/composite/merger.py:663,663,663,1,0,0,3,DEAD,0,,1,docs/99-archive/reports/application_merged.md,False,,3,0,3,0,0,0,0,9,0,3,0,0,0,0,3,0,0,0,0,3,0
method,_execute_polars_join,bioetl.application.composite.merger.MergeService._execute_polars_join,class,application,bioetl.application.composite.merger,src/bioetl/application/composite/merger.py:677,677,744,68,0,0,0,DEAD,0,,0,,False,,0,0,0,0,0,0,0,3,0,0,0,0,0,0,0,0,0,0,0,0,0
parameter,left_df,bioetl.application.composite.merger.MergeService.left_df,method,application,bioetl.application.composite.merger,src/bioetl/application/composite/merger.py:679,679,679,1,0,0,0,DEAD,0,,0,,False,,0,0,0,0,0,0,0,16,0,0,0,0,0,0,0,0,0,0,0,0,0
parameter,right_df,bioetl.application.composite.merger.MergeService.right_df,method,application,bioetl.application.composite.merger,src/bioetl/application/composite/merger.py:680,680,680,1,0,0,0,DEAD,0,,0,,False,,0,0,0,0,0,0,0,20,0,0,0,0,0,0,0,0,0,0,0,0,0
parameter,left_key,bioetl.application.composite.merger.MergeService.left_key,method,application,bioetl.application.composite.merger,src/bioetl/application/composite/merger.py:681,681,681,1,0,0,0,DEAD,0,,0,,False,,0,0,0,0,0,0,0,19,0,0,0,0,0,0,0,0,0,0,0,0,0
parameter,right_key,bioetl.application.composite.merger.MergeService.right_key,method,application,bioetl.application.composite.merger,src/bioetl/application/composite/merger.py:682,682,682,1,0,0,0,DEAD,0,,0,,False,,0,0,0,0,0,0,0,23,0,0,0,0,0,0,0,0,0,0,0,0,0
variable,left_df,bioetl.application.composite.merger.MergeService._execute_polars_join.left_df,method,application,bioetl.application.composite.merger,src/bioetl/application/composite/merger.py:717,717,719,3,0,0,0,DEAD,0,,0,,False,,0,0,0,0,0,0,0,16,0,0,0,0,0,0,0,0,0,0,0,0,0
variable,right_df,bioetl.application.composite.merger.MergeService._execute_polars_join.right_df,method,application,bioetl.application.composite.merger,src/bioetl/application/composite/merger.py:720,720,724,5,0,0,0,DEAD,0,,0,,False,,0,0,0,0,0,0,0,20,0,0,0,0,0,0,0,0,0,0,0,0,0
variable,temp_join_col,bioetl.application.composite.merger.MergeService._execute_polars_join.temp_join_col,method,application,bioetl.application.composite.merger,src/bioetl/application/composite/merger.py:728,728,728,1,0,0,0,DEAD,0,,0,,False,,0,0,0,0,0,0,0,3,0,0,0,0,0,0,0,0,0,0,0,0,0
parameter,merged_df,bioetl.application.composite.merger.MergeService.merged_df,method,application,bioetl.application.composite.merger,src/bioetl/application/composite/merger.py:748,748,748,1,0,0,32,DEAD,0,,3,docs/02-architecture/decisions/ADR-026-composite-pipeline-pattern.md;docs/99-archive/reports/application_merged.md;docs/99-archive/reports/documentation_merged.md,False,,32,9,23,9,9,9,18,64,9,23,0,18,18,0,32,18,18,18,18,32,9
parameter,dependency_dfs,bioetl.application.composite.merger.MergeService.dependency_dfs,method,application,bioetl.application.composite.merger,src/bioetl/application/composite/merger.py:749,749,749,1,0,0,0,DEAD,0,,0,,False,,0,0,0,0,0,0,0,10,0,0,0,0,0,0,0,0,0,0,0,0,0
variable,dep_df,bioetl.application.composite.merger.MergeService._apply_dependency_joins.dep_df,method,application,bioetl.application.composite.merger,src/bioetl/application/composite/merger.py:764,764,764,1,0,0,0,DEAD,0,,0,,False,,0,0,0,0,0,0,0,30,0,0,0,0,0,0,0,0,0,0,0,0,0
variable,join_keys_list,bioetl.application.composite.merger.MergeService._apply_dependency_joins.join_keys_list,method,application,bioetl.application.composite.merger,src/bioetl/application/composite/merger.py:773,773,773,1,0,0,5,DEAD,0,,1,docs/99-archive/reports/application_merged.md,False,,5,0,5,0,0,0,0,22,0,5,0,0,0,0,5,0,0,0,0,5,0
variable,right_key,bioetl.application.composite.merger.MergeService._apply_dependency_joins.right_key,method,application,bioetl.application.composite.merger,src/bioetl/application/composite/merger.py:778,778,778,1,0,0,0,DEAD,0,,0,,False,,0,0,0,0,0,0,0,23,0,0,0,0,0,0,0,0,0,0,0,0,0
variable,right_keys_list,bioetl.application.composite.merger.MergeService._apply_dependency_joins.right_keys_list,method,application,bioetl.application.composite.merger,src/bioetl/application/composite/merger.py:779,779,779,1,0,0,0,DEAD,0,,0,,False,,0,0,0,0,0,0,0,3,0,0,0,0,0,0,0,0,0,0,0,0,0
variable,left_pipeline,bioetl.application.composite.merger.MergeService._apply_dependency_joins.left_pipeline,method,application,bioetl.application.composite.merger,src/bioetl/application/composite/merger.py:816,816,820,5,0,0,0,DEAD,0,,0,,False,,0,0,0,0,0,0,0,13,0,0,0,0,0,0,0,0,0,0,0,0,0
variable,seed_join_key,bioetl.application.composite.merger.MergeService._apply_dependency_joins.seed_join_key,method,application,bioetl.application.composite.merger,src/bioetl/application/composite/merger.py:824,824,832,9,0,0,9,DEAD,0,,1,docs/99-archive/reports/application_merged.md,False,,9,0,9,0,0,0,0,23,0,9,0,0,0,0,9,0,0,0,0,9,0
variable,dep_join_key,bioetl.application.composite.merger.MergeService._apply_dependency_joins.dep_join_key,method,application,bioetl.application.composite.merger,src/bioetl/application/composite/merger.py:824,824,832,9,0,0,0,DEAD,0,,0,,False,,0,0,0,0,0,0,0,5,0,0,0,0,0,0,0,0,0,0,0,0,0
variable,seed_join_key_qualified,bioetl.application.composite.merger.MergeService._apply_dependency_joins.seed_join_key_qualified,method,application,bioetl.application.composite.merger,src/bioetl/application/composite/merger.py:824,824,832,9,0,0,10,DEAD,0,,1,docs/99-archive/reports/application_merged.md,False,,10,0,10,0,0,0,0,24,0,10,0,0,0,0,10,0,0,0,0,10,0
variable,join_key_set,bioetl.application.composite.merger.MergeService._apply_dependency_joins.join_key_set,method,application,bioetl.application.composite.merger,src/bioetl/application/composite/merger.py:835,835,835,1,0,0,3,DEAD,0,,1,docs/99-archive/reports/application_merged.md,False,,3,0,3,0,0,0,0,9,0,3,0,0,0,0,3,0,0,0,0,3,0
method,_resolve_composite_join_keys,bioetl.application.composite.merger.MergeService._resolve_composite_join_keys,class,application,bioetl.application.composite.merger,src/bioetl/application/composite/merger.py:857,857,896,40,0,0,0,DEAD,0,,0,,False,,0,0,0,0,0,0,0,2,0,0,0,0,0,0,0,0,0,0,0,0,0
parameter,join_keys_list,bioetl.application.composite.merger.MergeService.join_keys_list,method,application,bioetl.application.composite.merger,src/bioetl/application/composite/merger.py:859,859,859,1,0,0,5,DEAD,0,,1,docs/99-archive/reports/application_merged.md,False,,5,0,5,0,0,0,0,22,0,5,0,0,0,0,5,0,0,0,0,5,0
parameter,left_pipeline,bioetl.application.composite.merger.MergeService.left_pipeline,method,application,bioetl.application.composite.merger,src/bioetl/application/composite/merger.py:860,860,860,1,0,0,0,DEAD,0,,0,,False,,0,0,0,0,0,0,0,13,0,0,0,0,0,0,0,0,0,0,0,0,0
parameter,right_pipeline,bioetl.application.composite.merger.MergeService.right_pipeline,method,application,bioetl.application.composite.merger,src/bioetl/application/composite/merger.py:861,861,861,1,0,0,0,DEAD,0,,0,,False,,0,0,0,0,0,0,0,8,0,0,0,0,0,0,0,0,0,0,0,0,0
parameter,merged_columns,bioetl.application.composite.merger.MergeService.merged_columns,method,application,bioetl.application.composite.merger,src/bioetl/application/composite/merger.py:862,862,862,1,0,0,3,DEAD,0,,1,docs/99-archive/reports/application_merged.md,False,,3,0,3,0,0,0,0,14,0,3,0,0,0,0,3,0,0,0,0,3,0
variable,left_keys,bioetl.application.composite.merger.MergeService._resolve_composite_join_keys.left_keys,method,application,bioetl.application.composite.merger,src/bioetl/application/composite/merger.py:875,875,875,1,0,0,0,DEAD,0,,0,,False,,0,0,0,0,0,0,0,15,0,0,0,0,0,0,0,0,0,0,0,0,0
variable,right_keys,bioetl.application.composite.merger.MergeService._resolve_composite_join_keys.right_keys,method,application,bioetl.application.composite.merger,src/bioetl/application/composite/merger.py:876,876,876,1,0,0,0,DEAD,0,,0,,False,,0,0,0,0,0,0,0,13,0,0,0,0,0,0,0,0,0,0,0,0,0
variable,all_join_key_set,bioetl.application.composite.merger.MergeService._resolve_composite_join_keys.all_join_key_set,method,application,bioetl.application.composite.merger,src/bioetl/application/composite/merger.py:877,877,877,1,0,0,0,DEAD,0,,0,,False,,0,0,0,0,0,0,0,8,0,0,0,0,0,0,0,0,0,0,0,0,0
variable,seed_key,bioetl.application.composite.merger.MergeService._resolve_composite_join_keys.seed_key,method,application,bioetl.application.composite.merger,src/bioetl/application/composite/merger.py:880,880,888,9,0,0,0,DEAD,0,,0,,False,,0,0,0,0,0,0,0,4,0,0,0,0,0,0,0,0,0,0,0,0,0
variable,dep_key,bioetl.application.composite.merger.MergeService._resolve_composite_join_keys.dep_key,method,application,bioetl.application.composite.merger,src/bioetl/application/composite/merger.py:880,880,888,9,0,0,0,DEAD,0,,0,,False,,0,0,0,0,0,0,0,3,0,0,0,0,0,0,0,0,0,0,0,0,0
variable,seed_key_qualified,bioetl.application.composite.merger.MergeService._resolve_composite_join_keys.seed_key_qualified,method,application,bioetl.application.composite.merger,src/bioetl/application/composite/merger.py:880,880,888,9,0,0,0,DEAD,0,,0,,False,,0,0,0,0,0,0,0,4,0,0,0,0,0,0,0,0,0,0,0,0,0
method,_execute_composite_key_join,bioetl.application.composite.merger.MergeService._execute_composite_key_join,class,application,bioetl.application.composite.merger,src/bioetl/application/composite/merger.py:898,898,946,49,0,0,0,DEAD,0,,0,,False,,0,0,0,0,0,0,0,2,0,0,0,0,0,0,0,0,0,0,0,0,0
parameter,left_keys,bioetl.application.composite.merger.MergeService.left_keys,method,application,bioetl.application.composite.merger,src/bioetl/application/composite/merger.py:902,902,902,1,0,0,0,DEAD,0,,0,,False,,0,0,0,0,0,0,0,15,0,0,0,0,0,0,0,0,0,0,0,0,0
parameter,right_keys,bioetl.application.composite.merger.MergeService.right_keys,method,application,bioetl.application.composite.merger,src/bioetl/application/composite/merger.py:903,903,903,1,0,0,0,DEAD,0,,0,,False,,0,0,0,0,0,0,0,13,0,0,0,0,0,0,0,0,0,0,0,0,0
variable,temp_cols,bioetl.application.composite.merger.MergeService._execute_composite_key_join.temp_cols,method,application,bioetl.application.composite.merger,src/bioetl/application/composite/merger.py:931,931,931,1,0,0,0,DEAD,0,,0,,False,,0,0,0,0,0,0,0,4,0,0,0,0,0,0,0,0,0,0,0,0,0
variable,temp_col,bioetl.application.composite.merger.MergeService._execute_composite_key_join.temp_col,method,application,bioetl.application.composite.merger,src/bioetl/application/composite/merger.py:934,934,934,1,0,0,0,DEAD,0,,0,,False,,0,0,0,0,0,0,0,3,0,0,0,0,0,0,0,0,0,0,0,0,0
variable,right_df,bioetl.application.composite.merger.MergeService._execute_composite_key_join.right_df,method,application,bioetl.application.composite.merger,src/bioetl/application/composite/merger.py:935,935,935,1,0,0,0,DEAD,0,,0,,False,,0,0,0,0,0,0,0,20,0,0,0,0,0,0,0,0,0,0,0,0,0
method,_apply_composite_key_dependency_join,bioetl.application.composite.merger.MergeService._apply_composite_key_dependency_join,class,application,bioetl.application.composite.merger,src/bioetl/application/composite/merger.py:948,948,1032,85,0,0,0,DEAD,0,,0,,False,,0,0,0,0,0,0,0,2,0,0,0,0,0,0,0,0,0,0,0,0,0
parameter,dep_df,bioetl.application.composite.merger.MergeService.dep_df,method,application,bioetl.application.composite.merger,src/bioetl/application/composite/merger.py:951,951,951,1,0,0,0,DEAD,0,,0,,False,,0,0,0,0,0,0,0,30,0,0,0,0,0,0,0,0,0,0,0,0,0
variable,join_keys_list,bioetl.application.composite.merger.MergeService._apply_composite_key_dependency_join.join_keys_list,method,application,bioetl.application.composite.merger,src/bioetl/application/composite/merger.py:970,970,970,1,0,0,5,DEAD,0,,1,docs/99-archive/reports/application_merged.md,False,,5,0,5,0,0,0,0,22,0,5,0,0,0,0,5,0,0,0,0,5,0
variable,dep_df,bioetl.application.composite.merger.MergeService._apply_composite_key_dependency_join.dep_df,method,application,bioetl.application.composite.merger,src/bioetl/application/composite/merger.py:973,973,977,5,0,0,0,DEAD,0,,0,,False,,0,0,0,0,0,0,0,30,0,0,0,0,0,0,0,0,0,0,0,0,0
variable,merged_df,bioetl.application.composite.merger.MergeService._apply_composite_key_dependency_join.merged_df,method,application,bioetl.application.composite.merger,src/bioetl/application/composite/merger.py:980,980,982,3,0,0,32,DEAD,0,,3,docs/02-architecture/decisions/ADR-026-composite-pipeline-pattern.md;docs/99-archive/reports/application_merged.md;docs/99-archive/reports/documentation_merged.md,False,,32,9,23,9,9,9,18,64,9,23,0,18,18,0,32,18,18,18,18,32,9
variable,left_pipeline,bioetl.application.composite.merger.MergeService._apply_composite_key_dependency_join.left_pipeline,method,application,bioetl.application.composite.merger,src/bioetl/application/composite/merger.py:994,994,998,5,0,0,0,DEAD,0,,0,,False,,0,0,0,0,0,0,0,13,0,0,0,0,0,0,0,0,0,0,0,0,0
variable,left_keys,bioetl.application.composite.merger.MergeService._apply_composite_key_dependency_join.left_keys,method,application,bioetl.application.composite.merger,src/bioetl/application/composite/merger.py:999,999,1001,3,0,0,0,DEAD,0,,0,,False,,0,0,0,0,0,0,0,15,0,0,0,0,0,0,0,0,0,0,0,0,0
variable,right_keys,bioetl.application.composite.merger.MergeService._apply_composite_key_dependency_join.right_keys,method,application,bioetl.application.composite.merger,src/bioetl/application/composite/merger.py:999,999,1001,3,0,0,0,DEAD,0,,0,,False,,0,0,0,0,0,0,0,13,0,0,0,0,0,0,0,0,0,0,0,0,0
variable,all_join_key_set,bioetl.application.composite.merger.MergeService._apply_composite_key_dependency_join.all_join_key_set,method,application,bioetl.application.composite.merger,src/bioetl/application/composite/merger.py:999,999,1001,3,0,0,0,DEAD,0,,0,,False,,0,0,0,0,0,0,0,8,0,0,0,0,0,0,0,0,0,0,0,0,0
variable,missing_left,bioetl.application.composite.merger.MergeService._apply_composite_key_dependency_join.missing_left,method,application,bioetl.application.composite.merger,src/bioetl/application/composite/merger.py:1009,1009,1009,1,0,0,0,DEAD,0,,0,,False,,0,0,0,0,0,0,0,4,0,0,0,0,0,0,0,0,0,0,0,0,0
variable,missing_right,bioetl.application.composite.merger.MergeService._apply_composite_key_dependency_join.missing_right,method,application,bioetl.application.composite.merger,src/bioetl/application/composite/merger.py:1010,1010,1010,1,0,0,0,DEAD,0,,0,,False,,0,0,0,0,0,0,0,4,0,0,0,0,0,0,0,0,0,0,0,0,0
method,_get_polars_join_type,bioetl.application.composite.merger.MergeService._get_polars_join_type,class,application,bioetl.application.composite.merger,src/bioetl/application/composite/merger.py:1034,1034,1044,11,0,0,2,DEAD,0,,1,docs/99-archive/reports/application_merged.md,False,,2,0,2,0,0,0,0,5,0,2,0,0,0,0,2,0,0,0,0,2,0
variable,columns_to_drop,bioetl.application.composite.merger.MergeService._drop_system_columns.columns_to_drop,method,application,bioetl.application.composite.merger,src/bioetl/application/composite/merger.py:1059,1059,1061,3,0,0,4,DEAD,0,,1,docs/99-archive/reports/application_merged.md,False,,4,0,4,0,0,0,0,8,0,4,0,0,0,0,4,0,0,0,0,4,0
method,_resolve_join_key_names,bioetl.application.composite.merger.MergeService._resolve_join_key_names,class,application,bioetl.application.composite.merger,src/bioetl/application/composite/merger.py:1072,1072,1110,39,0,0,2,DEAD,0,,1,docs/99-archive/reports/application_merged.md,False,,2,0,2,0,0,0,0,4,0,2,0,0,0,0,2,0,0,0,0,2,0
parameter,enricher_pipeline,bioetl.application.composite.merger.MergeService.enricher_pipeline,method,application,bioetl.application.composite.merger,src/bioetl/application/composite/merger.py:1076,1076,1076,1,0,0,7,DEAD,0,,1,docs/99-archive/reports/application_merged.md,False,,7,0,7,0,0,0,0,14,0,7,0,0,0,0,7,0,0,0,0,7,0
variable,seed_join_key_qualified,bioetl.application.composite.merger.MergeService._resolve_join_key_names.seed_join_key_qualified,method,application,bioetl.application.composite.merger,src/bioetl/application/composite/merger.py:1090,1090,1090,1,0,0,10,DEAD,0,,1,docs/99-archive/reports/application_merged.md,False,,10,0,10,0,0,0,0,24,0,10,0,0,0,0,10,0,0,0,0,10,0
variable,seed_join_key,bioetl.application.composite.merger.MergeService._resolve_join_key_names.seed_join_key,method,application,bioetl.application.composite.merger,src/bioetl/application/composite/merger.py:1091,1091,1091,1,0,0,9,DEAD,0,,1,docs/99-archive/reports/application_merged.md,False,,9,0,9,0,0,0,0,23,0,9,0,0,0,0,9,0,0,0,0,9,0
variable,seed_entity,bioetl.application.composite.merger.MergeService._resolve_join_key_names.seed_entity,method,application,bioetl.application.composite.merger,src/bioetl/application/composite/merger.py:1095,1095,1095,1,0,0,13,DEAD,0,,2,docs/99-archive/reports/application_merged.md;docs/99-archive/reports/configs_merged.md,False,,13,1,13,1,1,1,1,25,1,13,0,1,1,0,13,1,1,1,1,13,1
variable,enricher_provider,bioetl.application.composite.merger.MergeService._resolve_join_key_names.enricher_provider,method,application,bioetl.application.composite.merger,src/bioetl/application/composite/merger.py:1103,1103,1105,3,0,0,3,DEAD,0,,1,docs/99-archive/reports/application_merged.md,False,,3,0,3,0,0,0,0,6,0,3,0,0,0,0,3,0,0,0,0,3,0
variable,enricher_entity,bioetl.application.composite.merger.MergeService._resolve_join_key_names.enricher_entity,method,application,bioetl.application.composite.merger,src/bioetl/application/composite/merger.py:1103,1103,1105,3,0,0,3,DEAD,0,,1,docs/99-archive/reports/application_merged.md,False,,3,0,3,0,0,0,0,6,0,3,0,0,0,0,3,0,0,0,0,3,0
variable,enricher_join_key,bioetl.application.composite.merger.MergeService._resolve_join_key_names.enricher_join_key,method,application,bioetl.application.composite.merger,src/bioetl/application/composite/merger.py:1106,1106,1106,1,0,0,8,DEAD,0,,1,docs/99-archive/reports/application_merged.md,False,,8,0,8,0,0,0,0,15,0,8,0,0,0,0,8,0,0,0,0,8,0
method,_resolve_join_key_names_asymmetric,bioetl.application.composite.merger.MergeService._resolve_join_key_names_asymmetric,class,application,bioetl.application.composite.merger,src/bioetl/application/composite/merger.py:1112,1112,1155,44,0,0,0,DEAD,0,,0,,False,,0,0,0,0,0,0,0,3,0,0,0,0,0,0,0,0,0,0,0,0,0
variable,left_join_key_qualified,bioetl.application.composite.merger.MergeService._resolve_join_key_names_asymmetric.left_join_key_qualified,method,application,bioetl.application.composite.merger,src/bioetl/application/composite/merger.py:1135,1135,1135,1,0,0,0,DEAD,0,,0,,False,,0,0,0,0,0,0,0,6,0,0,0,0,0,0,0,0,0,0,0,0,0
variable,left_join_key,bioetl.application.composite.merger.MergeService._resolve_join_key_names_asymmetric.left_join_key,method,application,bioetl.application.composite.merger,src/bioetl/application/composite/merger.py:1136,1136,1136,1,0,0,0,DEAD,0,,0,,False,,0,0,0,0,0,0,0,4,0,0,0,0,0,0,0,0,0,0,0,0,0
variable,left_provider,bioetl.application.composite.merger.MergeService._resolve_join_key_names_asymmetric.left_provider,method,application,bioetl.application.composite.merger,src/bioetl/application/composite/merger.py:1141,1141,1141,1,0,0,0,DEAD,0,,0,,False,,0,0,0,0,0,0,0,2,0,0,0,0,0,0,0,0,0,0,0,0,0
variable,left_entity,bioetl.application.composite.merger.MergeService._resolve_join_key_names_asymmetric.left_entity,method,application,bioetl.application.composite.merger,src/bioetl/application/composite/merger.py:1141,1141,1141,1,0,0,0,DEAD,0,,0,,False,,0,0,0,0,0,0,0,2,0,0,0,0,0,0,0,0,0,0,0,0,0
variable,right_provider,bioetl.application.composite.merger.MergeService._resolve_join_key_names_asymmetric.right_provider,method,application,bioetl.application.composite.merger,src/bioetl/application/composite/merger.py:1150,1150,1150,1,0,0,0,DEAD,0,,0,,False,,0,0,0,0,0,0,0,2,0,0,0,0,0,0,0,0,0,0,0,0,0
variable,right_entity,bioetl.application.composite.merger.MergeService._resolve_join_key_names_asymmetric.right_entity,method,application,bioetl.application.composite.merger,src/bioetl/application/composite/merger.py:1150,1150,1150,1,0,0,0,DEAD,0,,0,,False,,0,0,0,0,0,0,0,2,0,0,0,0,0,0,0,0,0,0,0,0,0
variable,right_join_key,bioetl.application.composite.merger.MergeService._resolve_join_key_names_asymmetric.right_join_key,method,application,bioetl.application.composite.merger,src/bioetl/application/composite/merger.py:1151,1151,1151,1,0,0,0,DEAD,0,,0,,False,,0,0,0,0,0,0,0,4,0,0,0,0,0,0,0,0,0,0,0,0,0
method,_resolve_conflicts,bioetl.application.composite.merger.MergeService._resolve_conflicts,class,application,bioetl.application.composite.merger,src/bioetl/application/composite/merger.py:1198,1198,1242,45,0,0,8,DEAD,0,,4,docs/02-architecture/decisions/ADR-026-composite-pipeline-pattern.md;docs/99-archive/reports/application_merged.md;docs/99-archive/reports/documentation_merged.md;docs/analysis/PUBLICATION_TYPE_NORMALIZATION_ANALYSIS.md,False,,7,2,4,2,2,2,5,9,2,4,0,5,5,0,7,5,5,5,5,7,2
variable,qualified_cols,bioetl.application.composite.merger.MergeService._resolve_conflicts.qualified_cols,method,application,bioetl.application.composite.merger,src/bioetl/application/composite/merger.py:1220,1220,1222,3,0,0,2,DEAD,0,,1,docs/analysis/PUBLICATION_TYPE_NORMALIZATION_ANALYSIS.md,False,,0,0,0,0,0,0,0,2,0,0,0,0,0,0,0,0,0,0,0,0,0
method,_can_coalesce,bioetl.application.composite.merger.MergeService._can_coalesce,class,application,bioetl.application.composite.merger,src/bioetl/application/composite/merger.py:1244,1244,1270,27,0,0,4,DEAD,0,,1,docs/99-archive/reports/application_merged.md,False,,4,0,4,0,0,0,0,8,0,4,0,0,0,0,4,0,0,0,0,4,0
variable,type1,bioetl.application.composite.merger.MergeService._can_coalesce.type1,method,application,bioetl.application.composite.merger,src/bioetl/application/composite/merger.py:1257,1257,1257,1,0,0,4,DEAD,0,,1,docs/99-archive/reports/application_merged.md,False,,4,0,4,0,0,0,0,8,0,4,0,0,0,0,4,0,0,0,0,4,0
variable,type2,bioetl.application.composite.merger.MergeService._can_coalesce.type2,method,application,bioetl.application.composite.merger,src/bioetl/application/composite/merger.py:1258,1258,1258,1,0,0,4,DEAD,0,,1,docs/99-archive/reports/application_merged.md,False,,4,0,4,0,0,0,0,8,0,4,0,0,0,0,4,0,0,0,0,4,0
variable,seed_prefix,bioetl.application.composite.merger.MergeService._coalesce_prefer_seed.seed_prefix,method,application,bioetl.application.composite.merger,src/bioetl/application/composite/merger.py:1296,1296,1296,1,0,0,8,DEAD,0,,1,docs/99-archive/reports/application_merged.md,False,,8,0,8,0,0,0,0,16,0,8,0,0,0,0,8,0,0,0,0,8,0
variable,compatible_cols,bioetl.application.composite.merger.MergeService._coalesce_prefer_seed.compatible_cols,method,application,bioetl.application.composite.merger,src/bioetl/application/composite/merger.py:1328,1328,1328,1,0,0,20,DEAD,0,,1,docs/99-archive/reports/application_merged.md,False,,20,0,20,0,0,0,0,40,0,20,0,0,0,0,20,0,0,0,0,20,0
variable,target_col,bioetl.application.composite.merger.MergeService._coalesce_prefer_seed.target_col,method,application,bioetl.application.composite.merger,src/bioetl/application/composite/merger.py:1335,1335,1335,1,0,0,6,DEAD,0,,1,docs/99-archive/reports/application_merged.md,False,,6,0,6,0,0,0,0,12,0,6,0,0,0,0,6,0,0,0,0,6,0
variable,cols_to_drop,bioetl.application.composite.merger.MergeService._coalesce_prefer_seed.cols_to_drop,method,application,bioetl.application.composite.merger,src/bioetl/application/composite/merger.py:1340,1340,1340,1,0,0,9,DEAD,0,,1,docs/99-archive/reports/application_merged.md,False,,9,0,9,0,0,0,0,18,0,9,0,0,0,0,9,0,0,0,0,9,0
variable,seed_prefix,bioetl.application.composite.merger.MergeService._coalesce_prefer_enricher.seed_prefix,method,application,bioetl.application.composite.merger,src/bioetl/application/composite/merger.py:1369,1369,1369,1,0,0,8,DEAD,0,,1,docs/99-archive/reports/application_merged.md,False,,8,0,8,0,0,0,0,16,0,8,0,0,0,0,8,0,0,0,0,8,0
variable,compatible_cols,bioetl.application.composite.merger.MergeService._coalesce_prefer_enricher.compatible_cols,method,application,bioetl.application.composite.merger,src/bioetl/application/composite/merger.py:1398,1398,1398,1,0,0,20,DEAD,0,,1,docs/99-archive/reports/application_merged.md,False,,20,0,20,0,0,0,0,40,0,20,0,0,0,0,20,0,0,0,0,20,0
variable,target_col,bioetl.application.composite.merger.MergeService._coalesce_prefer_enricher.target_col,method,application,bioetl.application.composite.merger,src/bioetl/application/composite/merger.py:1404,1404,1404,1,0,0,6,DEAD,0,,1,docs/99-archive/reports/application_merged.md,False,,6,0,6,0,0,0,0,12,0,6,0,0,0,0,6,0,0,0,0,6,0
variable,cols_to_drop,bioetl.application.composite.merger.MergeService._coalesce_prefer_enricher.cols_to_drop,method,application,bioetl.application.composite.merger,src/bioetl/application/composite/merger.py:1408,1408,1408,1,0,0,9,DEAD,0,,1,docs/99-archive/reports/application_merged.md,False,,9,0,9,0,0,0,0,18,0,9,0,0,0,0,9,0,0,0,0,9,0
method,_coalesce_first_non_null,bioetl.application.composite.merger.MergeService._coalesce_first_non_null,class,application,bioetl.application.composite.merger,src/bioetl/application/composite/merger.py:1414,1414,1431,18,0,0,2,DEAD,0,,1,docs/99-archive/reports/application_merged.md,False,,2,0,2,0,0,0,0,4,0,2,0,0,0,0,2,0,0,0,0,2,0
method,_collect_field_columns,bioetl.application.composite.merger.MergeService._collect_field_columns,class,application,bioetl.application.composite.merger,src/bioetl/application/composite/merger.py:1433,1433,1490,58,0,0,2,DEAD,0,,1,docs/99-archive/reports/application_merged.md,False,,2,0,2,0,0,0,0,4,0,2,0,0,0,0,2,0,0,0,0,2,0
variable,seed_entity,bioetl.application.composite.merger.MergeService._collect_field_columns.seed_entity,method,application,bioetl.application.composite.merger,src/bioetl/application/composite/merger.py:1462,1462,1462,1,0,0,13,DEAD,0,,2,docs/99-archive/reports/application_merged.md;docs/99-archive/reports/configs_merged.md,False,,13,1,13,1,1,1,1,25,1,13,0,1,1,0,13,1,1,1,1,13,1
variable,seed_qualified,bioetl.application.composite.merger.MergeService._collect_field_columns.seed_qualified,method,application,bioetl.application.composite.merger,src/bioetl/application/composite/merger.py:1463,1463,1463,1,0,0,3,DEAD,0,,1,docs/99-archive/reports/application_merged.md,False,,3,0,3,0,0,0,0,6,0,3,0,0,0,0,3,0,0,0,0,3,0
variable,enricher_qualified,bioetl.application.composite.merger.MergeService._collect_field_columns.enricher_qualified,method,application,bioetl.application.composite.merger,src/bioetl/application/composite/merger.py:1477,1477,1477,1,0,0,4,DEAD,0,,1,docs/99-archive/reports/application_merged.md,False,,4,0,4,0,0,0,0,8,0,4,0,0,0,0,4,0,0,0,0,4,0
variable,legacy_col,bioetl.application.composite.merger.MergeService._collect_field_columns.legacy_col,method,application,bioetl.application.composite.merger,src/bioetl/application/composite/merger.py:1486,1486,1486,1,0,0,4,DEAD,0,,1,docs/99-archive/reports/application_merged.md,False,,4,0,4,0,0,0,0,8,0,4,0,0,0,0,4,0,0,0,0,4,0
variable,ordered_cols,bioetl.application.composite.merger.MergeService._order_columns_by_priority.ordered_cols,method,application,bioetl.application.composite.merger,src/bioetl/application/composite/merger.py:1515,1515,1515,1,0,0,14,DEAD,0,,1,docs/99-archive/reports/application_merged.md,False,,14,0,14,0,0,0,0,28,0,14,0,0,0,0,14,0,0,0,0,14,0
variable,seed_entity,bioetl.application.composite.merger.MergeService._order_columns_by_priority.seed_entity,method,application,bioetl.application.composite.merger,src/bioetl/application/composite/merger.py:1520,1520,1520,1,0,0,13,DEAD,0,,2,docs/99-archive/reports/application_merged.md;docs/99-archive/reports/configs_merged.md,False,,13,1,13,1,1,1,1,25,1,13,0,1,1,0,13,1,1,1,1,13,1
method,_filter_compatible_columns,bioetl.application.composite.merger.MergeService._filter_compatible_columns,class,application,bioetl.application.composite.merger,src/bioetl/application/composite/merger.py:1566,1566,1602,37,0,0,2,DEAD,0,,1,docs/99-archive/reports/application_merged.md,False,,2,0,2,0,0,0,0,4,0,2,0,0,0,0,2,0,0,0,0,2,0
parameter,ordered_cols,bioetl.application.composite.merger.MergeService.ordered_cols,method,application,bioetl.application.composite.merger,src/bioetl/application/composite/merger.py:1570,1570,1570,1,0,0,14,DEAD,0,,1,docs/99-archive/reports/application_merged.md,False,,14,0,14,0,0,0,0,28,0,14,0,0,0,0,14,0,0,0,0,14,0
variable,compatible_cols,bioetl.application.composite.merger.MergeService._filter_compatible_columns.compatible_cols,method,application,bioetl.application.composite.merger,src/bioetl/application/composite/merger.py:1586,1586,1586,1,0,0,20,DEAD,0,,1,docs/99-archive/reports/application_merged.md,False,,20,0,20,0,0,0,0,40,0,20,0,0,0,0,20,0,0,0,0,20,0
variable,incompatible_cols,bioetl.application.composite.merger.MergeService._filter_compatible_columns.incompatible_cols,method,application,bioetl.application.composite.merger,src/bioetl/application/composite/merger.py:1587,1587,1587,1,0,0,3,DEAD,0,,1,docs/99-archive/reports/application_merged.md,False,,3,0,3,0,0,0,0,6,0,3,0,0,0,0,3,0,0,0,0,3,0
variable,ordered_cols,bioetl.application.composite.merger.MergeService._apply_explicit_rules.ordered_cols,method,application,bioetl.application.composite.merger,src/bioetl/application/composite/merger.py:1635,1635,1637,3,0,0,14,DEAD,0,,1,docs/99-archive/reports/application_merged.md,False,,14,0,14,0,0,0,0,28,0,14,0,0,0,0,14,0,0,0,0,14,0
variable,compatible_cols,bioetl.application.composite.merger.MergeService._apply_explicit_rules.compatible_cols,method,application,bioetl.application.composite.merger,src/bioetl/application/composite/merger.py:1642,1642,1644,3,0,0,20,DEAD,0,,1,docs/99-archive/reports/application_merged.md,False,,20,0,20,0,0,0,0,40,0,20,0,0,0,0,20,0,0,0,0,20,0
variable,target_col,bioetl.application.composite.merger.MergeService._apply_explicit_rules.target_col,method,application,bioetl.application.composite.merger,src/bioetl/application/composite/merger.py:1648,1648,1650,3,0,0,6,DEAD,0,,1,docs/99-archive/reports/application_merged.md,False,,6,0,6,0,0,0,0,12,0,6,0,0,0,0,6,0,0,0,0,6,0
variable,cols_to_drop,bioetl.application.composite.merger.MergeService._apply_explicit_rules.cols_to_drop,method,application,bioetl.application.composite.merger,src/bioetl/application/composite/merger.py:1656,1656,1656,1,0,0,9,DEAD,0,,1,docs/99-archive/reports/application_merged.md,False,,9,0,9,0,0,0,0,18,0,9,0,0,0,0,9,0,0,0,0,9,0
method,_add_lineage,bioetl.application.composite.merger.MergeService._add_lineage,class,application,bioetl.application.composite.merger,src/bioetl/application/composite/merger.py:1662,1662,1689,28,0,0,4,DEAD,0,,3,docs/02-architecture/decisions/ADR-026-composite-pipeline-pattern.md;docs/99-archive/reports/application_merged.md;docs/99-archive/reports/documentation_merged.md,False,,4,1,3,1,1,1,2,6,1,3,0,2,2,0,4,2,2,2,2,4,1
variable,status_dict,bioetl.application.composite.merger.MergeService._add_lineage.status_dict,method,application,bioetl.application.composite.merger,src/bioetl/application/composite/merger.py:1674,1674,1674,1,0,0,2,DEAD,0,,1,docs/99-archive/reports/application_merged.md,False,,2,0,2,0,0,0,0,6,0,2,0,0,0,0,2,0,0,0,0,2,0
method,_drop_excluded_fields,bioetl.application.composite.merger.MergeService._drop_excluded_fields,class,application,bioetl.application.composite.merger,src/bioetl/application/composite/merger.py:1691,1691,1711,21,0,0,0,DEAD,0,,0,,False,,0,0,0,0,0,0,0,2,0,0,0,0,0,0,0,0,0,0,0,0,0
method,_count_enriched_records,bioetl.application.composite.merger.MergeService._count_enriched_records,class,application,bioetl.application.composite.merger,src/bioetl/application/composite/merger.py:1713,1713,1752,40,0,0,2,DEAD,0,,1,docs/99-archive/reports/application_merged.md,False,,2,0,2,0,0,0,0,4,0,2,0,0,0,0,2,0,0,0,0,2,0
variable,enricher_cols,bioetl.application.composite.merger.MergeService._count_enriched_records.enricher_cols,method,application,bioetl.application.composite.merger,src/bioetl/application/composite/merger.py:1734,1734,1734,1,0,0,6,DEAD,0,,1,docs/99-archive/reports/application_merged.md,False,,6,0,6,0,0,0,0,12,0,6,0,0,0,0,6,0,0,0,0,6,0
variable,any_enriched,bioetl.application.composite.merger.MergeService._count_enriched_records.any_enriched,method,application,bioetl.application.composite.merger,src/bioetl/application/composite/merger.py:1749,1749,1751,3,0,0,2,DEAD,0,,1,docs/99-archive/reports/application_merged.md,False,,2,0,2,0,0,0,0,4,0,2,0,0,0,0,2,0,0,0,0,2,0
method,_count_fully_enriched,bioetl.application.composite.merger.MergeService._count_fully_enriched,class,application,bioetl.application.composite.merger,src/bioetl/application/composite/merger.py:1754,1754,1759,6,0,0,2,DEAD,0,,1,docs/99-archive/reports/application_merged.md,False,,2,0,2,0,0,0,0,4,0,2,0,0,0,0,2,0,0,0,0,2,0
method,_calculate_field_coverage,bioetl.application.composite.merger.MergeService._calculate_field_coverage,class,application,bioetl.application.composite.merger,src/bioetl/application/composite/merger.py:1761,1761,1772,12,0,0,2,DEAD,0,,1,docs/99-archive/reports/application_merged.md,False,,2,0,2,0,0,0,0,4,0,2,0,0,0,0,2,0,0,0,0,2,0
variable,non_null,bioetl.application.composite.merger.MergeService._calculate_field_coverage.non_null,method,application,bioetl.application.composite.merger,src/bioetl/application/composite/merger.py:1769,1769,1769,1,0,0,2,DEAD,0,,1,docs/99-archive/reports/application_merged.md,False,,2,0,2,0,0,0,0,4,0,2,0,0,0,0,2,0,0,0,0,2,0
variable,error_msgs,bioetl.application.composite.preflight_validator.PreflightValidationError.__init__.error_msgs,method,application,bioetl.application.composite.preflight_validator,src/bioetl/application/composite/preflight_validator.py:90,90,90,1,0,0,2,DEAD,0,,1,docs/99-archive/reports/application_merged.md,False,,2,0,2,0,0,0,0,4,0,2,0,0,0,0,2,0,0,0,0,2,0
variable,SchemaFields,bioetl.application.composite.preflight_validator.SchemaFields,module,application,bioetl.application.composite.preflight_validator,src/bioetl/application/composite/preflight_validator.py:98,98,98,1,0,0,9,DEAD,0,,1,docs/99-archive/reports/application_merged.md,False,,9,0,9,0,0,0,0,18,0,9,0,0,0,0,9,0,0,0,0,9,0
constant,_SCHEMA_REGISTRY,bioetl.application.composite.preflight_validator.CompositePreflightValidator._SCHEMA_REGISTRY,class,application,bioetl.application.composite.preflight_validator,src/bioetl/application/composite/preflight_validator.py:118,118,118,1,0,0,4,DEAD,0,,1,docs/99-archive/reports/application_merged.md,False,,4,0,4,0,0,0,0,8,0,4,0,0,0,0,4,0,0,0,0,4,0
constant,_COMPATIBLE_TYPES,bioetl.application.composite.preflight_validator.CompositePreflightValidator._COMPATIBLE_TYPES,class,application,bioetl.application.composite.preflight_validator,src/bioetl/application/composite/preflight_validator.py:122,122,129,8,0,0,2,DEAD,0,,1,docs/99-archive/reports/application_merged.md,False,,2,0,2,0,0,0,0,4,0,2,0,0,0,0,2,0,0,0,0,2,0
variable,field_issues,bioetl.application.composite.preflight_validator.CompositePreflightValidator.validate.field_issues,method,application,bioetl.application.composite.preflight_validator,src/bioetl/application/composite/preflight_validator.py:179,179,184,6,0,0,2,DEAD,0,,1,docs/99-archive/reports/application_merged.md,False,,2,0,2,0,0,0,0,4,0,2,0,0,0,0,2,0,0,0,0,2,0
variable,resolved_source,bioetl.application.composite.preflight_validator.CompositePreflightValidator.validate.resolved_source,method,application,bioetl.application.composite.preflight_validator,src/bioetl/application/composite/preflight_validator.py:179,179,184,6,0,0,8,DEAD,0,,1,docs/99-archive/reports/application_merged.md,False,,8,0,8,0,0,0,0,16,0,8,0,0,0,0,8,0,0,0,0,8,0
method,_load_source_fields,bioetl.application.composite.preflight_validator.CompositePreflightValidator._load_source_fields,class,application,bioetl.application.composite.preflight_validator,src/bioetl/application/composite/preflight_validator.py:255,255,281,27,0,0,2,DEAD,0,,1,docs/99-archive/reports/application_merged.md,False,,2,0,2,0,0,0,0,4,0,2,0,0,0,0,2,0,0,0,0,2,0
variable,seed_fields,bioetl.application.composite.preflight_validator.CompositePreflightValidator._load_source_fields.seed_fields,method,application,bioetl.application.composite.preflight_validator,src/bioetl/application/composite/preflight_validator.py:268,268,268,1,0,0,4,DEAD,0,,1,docs/99-archive/reports/application_merged.md,False,,4,0,4,0,0,0,0,8,0,4,0,0,0,0,4,0,0,0,0,4,0
variable,enricher_fields,bioetl.application.composite.preflight_validator.CompositePreflightValidator._load_source_fields.enricher_fields,method,application,bioetl.application.composite.preflight_validator,src/bioetl/application/composite/preflight_validator.py:276,276,276,1,0,0,3,DEAD,0,,1,docs/99-archive/reports/application_merged.md,False,,3,0,3,0,0,0,0,6,0,3,0,0,0,0,3,0,0,0,0,3,0
method,_load_pipeline_schema_fields,bioetl.application.composite.preflight_validator.CompositePreflightValidator._load_pipeline_schema_fields,class,application,bioetl.application.composite.preflight_validator,src/bioetl/application/composite/preflight_validator.py:283,283,308,26,0,0,3,DEAD,0,,1,docs/99-archive/reports/application_merged.md,False,,3,0,3,0,0,0,0,6,0,3,0,0,0,0,3,0,0,0,0,3,0
method,_extract_fields_from_schema,bioetl.application.composite.preflight_validator.CompositePreflightValidator._extract_fields_from_schema,class,application,bioetl.application.composite.preflight_validator,src/bioetl/application/composite/preflight_validator.py:310,310,352,43,0,0,2,DEAD,0,,1,docs/99-archive/reports/application_merged.md,False,,2,0,2,0,0,0,0,4,0,2,0,0,0,0,2,0,0,0,0,2,0
method,_extract_fields_from_annotations,bioetl.application.composite.preflight_validator.CompositePreflightValidator._extract_fields_from_annotations,class,application,bioetl.application.composite.preflight_validator,src/bioetl/application/composite/preflight_validator.py:354,354,390,37,0,0,2,DEAD,0,,1,docs/99-archive/reports/application_merged.md,False,,2,0,2,0,0,0,0,4,0,2,0,0,0,0,2,0,0,0,0,2,0
method,_extract_dtype_from_annotation,bioetl.application.composite.preflight_validator.CompositePreflightValidator._extract_dtype_from_annotation,class,application,bioetl.application.composite.preflight_validator,src/bioetl/application/composite/preflight_validator.py:392,392,406,15,0,0,2,DEAD,0,,1,docs/99-archive/reports/application_merged.md,False,,2,0,2,0,0,0,0,4,0,2,0,0,0,0,2,0,0,0,0,2,0
variable,simplifications,bioetl.application.composite.preflight_validator.CompositePreflightValidator._simplify_dtype.simplifications,method,application,bioetl.application.composite.preflight_validator,src/bioetl/application/composite/preflight_validator.py:424,424,436,13,0,0,2,DEAD,0,,1,docs/99-archive/reports/application_merged.md,False,,2,0,2,0,0,0,0,4,0,2,0,0,0,0,2,0,0,0,0,2,0
variable,resolved_source,bioetl.application.composite.preflight_validator.CompositePreflightValidator._validate_field_priority.resolved_source,method,application,bioetl.application.composite.preflight_validator,src/bioetl/application/composite/preflight_validator.py:458,458,458,1,0,0,8,DEAD,0,,1,docs/99-archive/reports/application_merged.md,False,,8,0,8,0,0,0,0,16,0,8,0,0,0,0,8,0,0,0,0,8,0
variable,field_dtypes,bioetl.application.composite.preflight_validator.CompositePreflightValidator._validate_field_priority.field_dtypes,method,application,bioetl.application.composite.preflight_validator,src/bioetl/application/composite/preflight_validator.py:459,459,459,1,0,0,9,DEAD,0,,1,docs/99-archive/reports/application_merged.md,False,,9,0,9,0,0,0,0,18,0,9,0,0,0,0,9,0,0,0,0,9,0
variable,type_issue,bioetl.application.composite.preflight_validator.CompositePreflightValidator._validate_field_priority.type_issue,method,application,bioetl.application.composite.preflight_validator,src/bioetl/application/composite/preflight_validator.py:513,513,513,1,0,0,3,DEAD,0,,1,docs/99-archive/reports/application_merged.md,False,,3,0,3,0,0,0,0,6,0,3,0,0,0,0,3,0,0,0,0,3,0
parameter,field_dtypes,bioetl.application.composite.preflight_validator.CompositePreflightValidator.field_dtypes,method,application,bioetl.application.composite.preflight_validator,src/bioetl/application/composite/preflight_validator.py:520,520,520,1,0,0,9,DEAD,0,,1,docs/99-archive/reports/application_merged.md,False,,9,0,9,0,0,0,0,18,0,9,0,0,0,0,9,0,0,0,0,9,0
variable,dtype_lower,bioetl.application.composite.preflight_validator.CompositePreflightValidator._dtype_in_group.dtype_lower,method,application,bioetl.application.composite.preflight_validator,src/bioetl/application/composite/preflight_validator.py:559,559,559,1,0,0,2,DEAD,0,,1,docs/99-archive/reports/application_merged.md,False,,2,0,2,0,0,0,0,4,0,2,0,0,0,0,2,0,0,0,0,2,0
method,_get_schema_registry,bioetl.application.composite.preflight_validator.CompositePreflightValidator._get_schema_registry,class,application,bioetl.application.composite.preflight_validator,src/bioetl/application/composite/preflight_validator.py:563,563,623,61,0,0,2,DEAD,0,,1,docs/99-archive/reports/application_merged.md,False,,2,0,2,0,0,0,0,4,0,2,0,0,0,0,2,0,0,0,0,2,0
method,_execute_seed_phase,bioetl.application.composite.runner.CompositePipelineRunner._execute_seed_phase,class,application,bioetl.application.composite.runner,src/bioetl/application/composite/runner.py:337,337,358,22,0,0,0,DEAD,0,,0,,False,,0,0,0,0,0,0,0,0,0,0,0,0,0,0,0,0,0,0,0,2,0
method,_run_seed_with_fsm,bioetl.application.composite.runner.CompositePipelineRunner._run_seed_with_fsm,class,application,bioetl.application.composite.runner,src/bioetl/application/composite/runner.py:360,360,417,58,0,0,0,DEAD,0,,0,,False,,0,0,0,0,0,0,0,0,0,0,0,0,0,0,0,0,0,0,0,2,0
method,_has_dependencies_configured,bioetl.application.composite.runner.CompositePipelineRunner._has_dependencies_configured,class,application,bioetl.application.composite.runner,src/bioetl/application/composite/runner.py:419,419,425,7,0,0,0,DEAD,0,,0,,False,,0,0,0,0,0,0,0,0,0,0,0,0,0,0,0,0,0,0,0,2,0
method,_find_required_failures,bioetl.application.composite.runner.CompositePipelineRunner._find_required_failures,class,application,bioetl.application.composite.runner,src/bioetl/application/composite/runner.py:427,427,438,12,0,0,0,DEAD,0,,0,,False,,0,0,0,0,0,0,0,0,0,0,0,0,0,0,0,0,0,0,0,2,0
variable,dep_pipelines,bioetl.application.composite.runner.CompositePipelineRunner._execute_dependencies_phase.dep_pipelines,method,application,bioetl.application.composite.runner,src/bioetl/application/composite/runner.py:460,460,460,1,0,0,0,DEAD,0,,0,,False,,0,0,0,0,0,0,0,0,0,0,0,0,0,0,0,0,0,0,0,5,0
variable,required_failed,bioetl.application.composite.runner.CompositePipelineRunner._execute_dependencies_phase.required_failed,method,application,bioetl.application.composite.runner,src/bioetl/application/composite/runner.py:488,488,488,1,0,0,3,DEAD,0,,1,docs/99-archive/reports/application_merged.md,False,,3,0,3,0,0,0,0,3,0,3,0,0,0,0,3,0,0,0,0,6,0
method,_execute_enrichment_phase,bioetl.application.composite.runner.CompositePipelineRunner._execute_enrichment_phase,class,application,bioetl.application.composite.runner,src/bioetl/application/composite/runner.py:515,515,609,95,0,0,0,DEAD,0,,0,,False,,0,0,0,0,0,0,0,0,0,0,0,0,0,0,0,0,0,0,0,2,0
method,_build_composite_result,bioetl.application.composite.runner.CompositePipelineRunner._build_composite_result,class,application,bioetl.application.composite.runner,src/bioetl/application/composite/runner.py:611,611,660,50,0,0,0,DEAD,0,,0,,False,,0,0,0,0,0,0,0,0,0,0,0,0,0,0,0,0,0,0,0,2,0
variable,total_duration,bioetl.application.composite.runner.CompositePipelineRunner._build_composite_result.total_duration,method,application,bioetl.application.composite.runner,src/bioetl/application/composite/runner.py:621,621,621,1,0,0,4,DEAD,0,,1,docs/99-archive/reports/application_merged.md,False,,4,0,4,0,0,0,0,4,0,4,0,0,0,0,4,0,0,0,0,8,0
method,_transition_to_enrichment_completed,bioetl.application.composite.runner.CompositePipelineRunner._transition_to_enrichment_completed,class,application,bioetl.application.composite.runner,src/bioetl/application/composite/runner.py:662,662,710,49,0,0,2,DEAD,0,,1,docs/99-archive/reports/application_merged.md,False,,2,0,2,0,0,0,0,2,0,2,0,0,0,0,2,0,0,0,0,4,0
variable,enriching_state,bioetl.application.composite.runner.CompositePipelineRunner._transition_to_enrichment_completed.enriching_state,method,application,bioetl.application.composite.runner,src/bioetl/application/composite/runner.py:691,691,691,1,0,0,3,DEAD,0,,1,docs/99-archive/reports/application_merged.md,False,,3,0,3,0,0,0,0,3,0,3,0,0,0,0,3,0,0,0,0,6,0
method,_execute_merge_stage,bioetl.application.composite.runner.CompositePipelineRunner._execute_merge_stage,class,application,bioetl.application.composite.runner,src/bioetl/application/composite/runner.py:712,712,813,102,0,0,2,DEAD,0,,1,docs/99-archive/reports/application_merged.md,False,,2,0,2,0,0,0,0,2,0,2,0,0,0,0,2,0,0,0,0,4,0
variable,mergeable_enrichers,bioetl.application.composite.runner.CompositePipelineRunner._execute_merge_stage.mergeable_enrichers,method,application,bioetl.application.composite.runner,src/bioetl/application/composite/runner.py:750,750,752,3,0,0,2,DEAD,0,,1,docs/99-archive/reports/application_merged.md,False,,2,0,2,0,0,0,0,2,0,2,0,0,0,0,2,0,0,0,0,4,0
variable,mergeable_dependencies,bioetl.application.composite.runner.CompositePipelineRunner._execute_merge_stage.mergeable_dependencies,method,application,bioetl.application.composite.runner,src/bioetl/application/composite/runner.py:755,755,759,5,0,0,0,DEAD,0,,0,,False,,0,0,0,0,0,0,0,0,0,0,0,0,0,0,0,0,0,0,0,2,0
method,_finalize_pipeline,bioetl.application.composite.runner.CompositePipelineRunner._finalize_pipeline,class,application,bioetl.application.composite.runner,src/bioetl/application/composite/runner.py:815,815,845,31,0,0,2,DEAD,0,,1,docs/99-archive/reports/application_merged.md,False,,2,0,2,0,0,0,0,2,0,2,0,0,0,0,2,0,0,0,0,4,0
method,_validate_config_consistency,bioetl.application.composite.runner.CompositePipelineRunner._validate_config_consistency,class,application,bioetl.application.composite.runner,src/bioetl/application/composite/runner.py:847,847,879,33,0,0,2,DEAD,0,,1,docs/99-archive/reports/application_merged.md,False,,2,0,2,0,0,0,0,2,0,2,0,0,0,0,2,0,0,0,0,4,0
variable,expected_required,bioetl.application.composite.runner.CompositePipelineRunner._validate_config_consistency.expected_required,method,application,bioetl.application.composite.runner,src/bioetl/application/composite/runner.py:858,858,860,3,0,0,5,DEAD,0,,1,docs/99-archive/reports/application_merged.md,False,,5,0,5,0,0,0,0,5,0,5,0,0,0,0,5,0,0,0,0,10,0
variable,actual_required,bioetl.application.composite.runner.CompositePipelineRunner._validate_config_consistency.actual_required,method,application,bioetl.application.composite.runner,src/bioetl/application/composite/runner.py:861,861,861,1,0,0,4,DEAD,0,,1,docs/99-archive/reports/application_merged.md,False,,4,0,4,0,0,0,0,4,0,4,0,0,0,0,4,0,0,0,0,8,0
method,_run_preflight_validation,bioetl.application.composite.runner.CompositePipelineRunner._run_preflight_validation,class,application,bioetl.application.composite.runner,src/bioetl/application/composite/runner.py:881,881,933,53,0,0,2,DEAD,0,,1,docs/99-archive/reports/application_merged.md,False,,2,0,2,0,0,0,0,2,0,2,0,0,0,0,2,0,0,0,0,4,0
method,_save_checkpoint_safe,bioetl.application.composite.runner.CompositePipelineRunner._save_checkpoint_safe,class,application,bioetl.application.composite.runner,src/bioetl/application/composite/runner.py:935,935,964,30,0,0,8,DEAD,0,,1,docs/99-archive/reports/application_merged.md,False,,8,0,8,0,0,0,0,8,0,8,0,0,0,0,8,0,0,0,0,16,0
method,_run_seed,bioetl.application.composite.runner.CompositePipelineRunner._run_seed,class,application,bioetl.application.composite.runner,src/bioetl/application/composite/runner.py:966,966,995,30,0,0,4,DEAD,0,,3,docs/02-architecture/decisions/ADR-026-composite-pipeline-pattern.md;docs/99-archive/reports/application_merged.md;docs/99-archive/reports/documentation_merged.md,False,,4,1,3,1,1,1,2,4,1,3,0,2,2,0,4,2,2,2,2,6,1
method,_get_enrichers_to_run,bioetl.application.composite.runner.CompositePipelineRunner._get_enrichers_to_run,class,application,bioetl.application.composite.runner,src/bioetl/application/composite/runner.py:997,997,1024,28,0,0,2,DEAD,0,,1,docs/99-archive/reports/application_merged.md,False,,2,0,2,0,0,0,0,2,0,2,0,0,0,0,2,0,0,0,0,4,0
variable,status_counts,bioetl.application.composite.runner_helpers.log_enrichment_summary.status_counts,function,application,bioetl.application.composite.runner_helpers,src/bioetl/application/composite/runner_helpers.py:42,42,42,1,0,0,8,DEAD,0,,1,docs/99-archive/reports/application_merged.md,False,,8,0,8,0,0,0,0,8,0,8,0,0,0,0,8,0,0,0,0,8,0
variable,total_records_input,bioetl.application.composite.runner_helpers.log_enrichment_summary.total_records_input,function,application,bioetl.application.composite.runner_helpers,src/bioetl/application/composite/runner_helpers.py:43,43,43,1,0,0,4,DEAD,0,,1,docs/99-archive/reports/application_merged.md,False,,4,0,4,0,0,0,0,4,0,4,0,0,0,0,4,0,0,0,0,4,0
variable,total_records_errored,bioetl.application.composite.runner_helpers.log_enrichment_summary.total_records_errored,function,application,bioetl.application.composite.runner_helpers,src/bioetl/application/composite/runner_helpers.py:45,45,45,1,0,0,4,DEAD,0,,1,docs/99-archive/reports/application_merged.md,False,,4,0,4,0,0,0,0,4,0,4,0,0,0,0,4,0,0,0,0,4,0
variable,success_statuses,bioetl.application.composite.runner_helpers.log_enrichment_summary.success_statuses,function,application,bioetl.application.composite.runner_helpers,src/bioetl/application/composite/runner_helpers.py:52,52,52,1,0,0,2,DEAD,0,,1,docs/99-archive/reports/application_merged.md,False,,2,0,2,0,0,0,0,2,0,2,0,0,0,0,2,0,0,0,0,2,0
variable,failure_statuses,bioetl.application.composite.runner_helpers.log_enrichment_summary.failure_statuses,function,application,bioetl.application.composite.runner_helpers,src/bioetl/application/composite/runner_helpers.py:53,53,53,1,0,0,2,DEAD,0,,1,docs/99-archive/reports/application_merged.md,False,,2,0,2,0,0,0,0,2,0,2,0,0,0,0,2,0,0,0,0,2,0
parameter,all_enrichers,bioetl.application.composite.runner_helpers.all_enrichers,function,application,bioetl.application.composite.runner_helpers,src/bioetl/application/composite/runner_helpers.py:131,131,131,1,0,0,6,DEAD,0,,1,docs/99-archive/reports/application_merged.md,False,,6,0,6,0,0,0,0,6,0,6,0,0,0,0,6,0,0,0,0,6,0
variable,run_names,bioetl.application.composite.runner_helpers.add_not_run_results.run_names,function,application,bioetl.application.composite.runner_helpers,src/bioetl/application/composite/runner_helpers.py:159,159,159,1,0,0,2,DEAD,0,,1,docs/99-archive/reports/application_merged.md,False,,2,0,2,0,0,0,0,2,0,2,0,0,0,0,2,0,0,0,0,2,0
variable,non_mergeable_statuses,bioetl.application.composite.runner_helpers.get_mergeable_enrichers.non_mergeable_statuses,function,application,bioetl.application.composite.runner_helpers,src/bioetl/application/composite/runner_helpers.py:213,213,216,4,0,0,2,DEAD,0,,1,docs/99-archive/reports/application_merged.md,False,,2,0,2,0,0,0,0,2,0,2,0,0,0,0,2,0,0,0,0,2,0
parameter,all_dependencies,bioetl.application.composite.runner_helpers.all_dependencies,function,application,bioetl.application.composite.runner_helpers,src/bioetl/application/composite/runner_helpers.py:243,243,243,1,0,0,0,DEAD,0,,0,,False,,0,0,0,0,0,0,0,0,0,0,0,0,0,0,0,0,0,0,0,0,0
constant,V,bioetl.application.core.base_transformer.V,module,application,bioetl.application.core.base_transformer,src/bioetl/application/core/base_transformer.py:43,43,43,1,0,0,18,DEAD,0,,4,docs/00-project/agents/orchestration/ORCHESTRATION.md;docs/03-guides/registry-pattern.md;docs/99-archive/reports/application_merged.md;docs/99-archive/reports/documentation_merged.md,False,,17,8,12,8,8,8,8,12,8,12,0,8,8,0,12,8,8,8,8,12,8
class,ValueObjectWithFromRaw,bioetl.application.core.base_transformer.ValueObjectWithFromRaw,module,application,bioetl.application.core.base_transformer,src/bioetl/application/core/base_transformer.py:47,47,62,16,0,0,3,DEAD,0,,1,docs/99-archive/reports/application_merged.md,False,,3,0,3,0,0,0,0,3,0,3,0,0,0,0,3,0,0,0,0,3,0
parameter,vo_class,bioetl.application.core.base_transformer.BaseTransformer.vo_class,method,application,bioetl.application.core.base_transformer,src/bioetl/application/core/base_transformer.py:199,199,199,1,0,0,6,DEAD,0,,1,docs/99-archive/reports/application_merged.md,False,,6,0,6,0,0,0,0,6,0,6,0,0,0,0,6,0,0,0,0,6,0
method,_serialize_dict,bioetl.application.core.base_transformer.BaseTransformer._serialize_dict,class,application,bioetl.application.core.base_transformer,src/bioetl/application/core/base_transformer.py:551,551,554,4,0,0,2,DEAD,0,,1,docs/99-archive/reports/application_merged.md,False,,2,0,2,0,0,0,0,2,0,2,0,0,0,0,2,0,0,0,0,2,0
method,_serialize_list,bioetl.application.core.base_transformer.BaseTransformer._serialize_list,class,application,bioetl.application.core.base_transformer,src/bioetl/application/core/base_transformer.py:557,557,569,13,0,0,2,DEAD,0,,1,docs/99-archive/reports/application_merged.md,False,,2,0,2,0,0,0,0,2,0,2,0,0,0,0,2,0,0,0,0,2,0
parameter,lst,bioetl.application.core.base_transformer.BaseTransformer.lst,method,application,bioetl.application.core.base_transformer,src/bioetl/application/core/base_transformer.py:557,557,557,1,0,0,5,DEAD,0,,1,docs/99-archive/reports/application_merged.md,False,,5,0,5,0,0,0,0,5,0,5,0,0,0,0,5,0,0,0,0,5,0
constant,DEFAULT_CHECKPOINT_INTERVAL,bioetl.application.core.batch_executor.BatchExecutor.DEFAULT_CHECKPOINT_INTERVAL,class,application,bioetl.application.core.batch_executor,src/bioetl/application/core/batch_executor.py:66,66,66,1,0,0,2,DEAD,0,,1,docs/99-archive/reports/application_merged.md,False,,2,0,2,0,0,0,0,2,0,2,0,0,0,0,2,0,0,0,0,2,0
variable,root_span,bioetl.application.core.batch_executor.BatchExecutor.execute.root_span,method,application,bioetl.application.core.batch_executor,src/bioetl/application/core/batch_executor.py:228,228,228,1,0,0,5,DEAD,0,,1,docs/99-archive/reports/application_merged.md,False,,5,0,5,0,0,0,0,5,0,5,0,0,0,0,5,0,0,0,0,5,0
method,_run_extraction_loop,bioetl.application.core.batch_executor.BatchExecutor._run_extraction_loop,class,application,bioetl.application.core.batch_executor,src/bioetl/application/core/batch_executor.py:251,251,286,36,0,0,2,DEAD,0,,1,docs/99-archive/reports/application_merged.md,False,,2,0,2,0,0,0,0,2,0,2,0,0,0,0,2,0,0,0,0,2,0
variable,check_interval,bioetl.application.core.batch_executor.BatchExecutor._run_extraction_loop.check_interval,method,application,bioetl.application.core.batch_executor,src/bioetl/application/core/batch_executor.py:261,261,261,1,0,0,4,DEAD,0,,1,docs/99-archive/reports/application_merged.md,False,,4,0,4,0,0,0,0,4,0,4,0,0,0,0,4,0,0,0,0,4,0
method,_get_source_metadata,bioetl.application.core.batch_executor.BatchExecutor._get_source_metadata,class,application,bioetl.application.core.batch_executor,src/bioetl/application/core/batch_executor.py:322,322,368,47,0,0,2,DEAD,0,,1,docs/99-archive/reports/application_merged.md,False,,2,0,2,0,0,0,0,2,0,2,0,0,0,0,2,0,0,0,0,2,0
method,_handle_shutdown,bioetl.application.core.batch_executor.BatchExecutor._handle_shutdown,class,application,bioetl.application.core.batch_executor,src/bioetl/application/core/batch_executor.py:526,526,533,8,0,0,2,DEAD,0,,1,docs/99-archive/reports/application_merged.md,False,,2,0,2,0,0,0,0,2,0,2,0,0,0,0,2,0,0,0,0,2,0
method,_get_memory_check_interval,bioetl.application.core.batch_executor.BatchExecutor._get_memory_check_interval,class,application,bioetl.application.core.batch_executor,src/bioetl/application/core/batch_executor.py:539,539,543,5,0,0,2,DEAD,0,,1,docs/99-archive/reports/application_merged.md,False,,2,0,2,0,0,0,0,2,0,2,0,0,0,0,2,0,0,0,0,2,0
method,_check_memory_pressure,bioetl.application.core.batch_executor.BatchExecutor._check_memory_pressure,class,application,bioetl.application.core.batch_executor,src/bioetl/application/core/batch_executor.py:545,545,551,7,0,0,2,DEAD,0,,1,docs/99-archive/reports/application_merged.md,False,,2,0,2,0,0,0,0,2,0,2,0,0,0,0,2,0,0,0,0,2,0
parameter,check_interval,bioetl.application.core.batch_executor.BatchExecutor.check_interval,method,application,bioetl.application.core.batch_executor,src/bioetl/application/core/batch_executor.py:545,545,545,1,0,0,4,DEAD,0,,1,docs/99-archive/reports/application_merged.md,False,,4,0,4,0,0,0,0,4,0,4,0,0,0,0,4,0,0,0,0,4,0
method,_maybe_recover_batch_size,bioetl.application.core.batch_executor.BatchExecutor._maybe_recover_batch_size,class,application,bioetl.application.core.batch_executor,src/bioetl/application/core/batch_executor.py:553,553,557,5,0,0,2,DEAD,0,,1,docs/99-archive/reports/application_merged.md,False,,2,0,2,0,0,0,0,2,0,2,0,0,0,0,2,0,0,0,0,2,0
method,_adjust_batch_size,bioetl.application.core.batch_executor.BatchExecutor._adjust_batch_size,class,application,bioetl.application.core.batch_executor,src/bioetl/application/core/batch_executor.py:559,559,578,20,0,0,2,DEAD,0,,1,docs/99-archive/reports/application_merged.md,False,,2,0,2,0,0,0,0,2,0,2,0,0,0,0,2,0,0,0,0,2,0
variable,records_per_mb,bioetl.application.core.batch_executor.BatchExecutor._estimate_batch_size_from_config.records_per_mb,method,application,bioetl.application.core.batch_executor,src/bioetl/application/core/batch_executor.py:585,585,585,1,0,0,2,DEAD,0,,1,docs/99-archive/reports/application_merged.md,False,,2,0,2,0,0,0,0,2,0,2,0,0,0,0,2,0,0,0,0,2,0
method,_try_recover_batch_size,bioetl.application.core.batch_executor.BatchExecutor._try_recover_batch_size,class,application,bioetl.application.core.batch_executor,src/bioetl/application/core/batch_executor.py:593,593,605,13,0,0,2,DEAD,0,,1,docs/99-archive/reports/application_merged.md,False,,2,0,2,0,0,0,0,2,0,2,0,0,0,0,2,0,0,0,0,2,0
method,_extract,bioetl.application.core.batch_executor.BatchExecutor._extract,class,application,bioetl.application.core.batch_executor,src/bioetl/application/core/batch_executor.py:611,611,629,19,0,0,3,DEAD,0,,2,docs/99-archive/reports/application_merged.md;docs/99-archive/reports/documentation_merged.md,False,,3,1,3,1,1,1,1,3,1,3,0,1,1,0,3,1,1,1,1,3,1
method,_collect_dq_data,bioetl.application.core.batch_executor.BatchExecutor._collect_dq_data,class,application,bioetl.application.core.batch_executor,src/bioetl/application/core/batch_executor.py:643,643,681,39,0,0,2,DEAD,0,,1,docs/99-archive/reports/application_merged.md,False,,2,0,2,0,0,0,0,2,0,2,0,0,0,0,2,0,0,0,0,2,0
method,_build_dataframe_from_records,bioetl.application.core.batch_executor.BatchExecutor._build_dataframe_from_records,class,application,bioetl.application.core.batch_executor,src/bioetl/application/core/batch_executor.py:683,683,697,15,0,0,3,DEAD,0,,1,docs/99-archive/reports/application_merged.md,False,,3,0,3,0,0,0,0,3,0,3,0,0,0,0,3,0,0,0,0,3,0
method,_get_dq_thresholds,bioetl.application.core.batch_executor.BatchExecutor._get_dq_thresholds,class,application,bioetl.application.core.batch_executor,src/bioetl/application/core/batch_executor.py:699,699,706,8,0,0,2,DEAD,0,,1,docs/99-archive/reports/application_merged.md,False,,2,0,2,0,0,0,0,2,0,2,0,0,0,0,2,0,0,0,0,2,0
variable,current_date_str,bioetl.application.core.batch_executor.BatchExecutor.get_dq_context.current_date_str,method,application,bioetl.application.core.batch_executor,src/bioetl/application/core/batch_executor.py:750,750,750,1,0,0,2,DEAD,0,,1,docs/99-archive/reports/application_merged.md,False,,2,0,2,0,0,0,0,2,0,2,0,0,0,0,2,0,0,0,0,2,0
variable,dq_entity,bioetl.application.core.batch_executor.BatchExecutor.get_dq_context.dq_entity,method,application,bioetl.application.core.batch_executor,src/bioetl/application/core/batch_executor.py:751,751,751,1,0,0,2,DEAD,0,,1,docs/99-archive/reports/application_merged.md,False,,2,0,2,0,0,0,0,2,0,2,0,0,0,0,2,0,0,0,0,2,0
constant,TRACER_NAME,bioetl.application.core.batch_tracing.BatchTracingManager.TRACER_NAME,class,application,bioetl.application.core.batch_tracing,src/bioetl/application/core/batch_tracing.py:37,37,37,1,0,0,4,DEAD,0,,1,docs/99-archive/reports/application_merged.md,False,,4,0,4,0,0,0,0,4,0,4,0,0,0,0,4,0,0,0,0,4,0
variable,record_context,bioetl.application.core.batch_transformer.BatchTransformer.transform_batch.record_context,method,application,bioetl.application.core.batch_transformer,src/bioetl/application/core/batch_transformer.py:126,126,129,4,0,0,8,DEAD,0,,1,docs/99-archive/reports/application_merged.md,False,,8,0,8,0,0,0,0,8,0,8,0,0,0,0,8,0,0,0,0,8,0
method,_check_dq_thresholds,bioetl.application.core.batch_transformer.BatchTransformer._check_dq_thresholds,class,application,bioetl.application.core.batch_transformer,src/bioetl/application/core/batch_transformer.py:163,163,207,45,0,0,3,DEAD,0,,1,docs/99-archive/reports/application_merged.md,False,,3,0,3,0,0,0,0,3,0,3,0,0,0,0,3,0,0,0,0,3,0
variable,record_context,bioetl.application.core.batch_transformer.BatchTransformer.transform_single.record_context,method,application,bioetl.application.core.batch_transformer,src/bioetl/application/core/batch_transformer.py:226,226,229,4,0,0,8,DEAD,0,,1,docs/99-archive/reports/application_merged.md,False,,8,0,8,0,0,0,0,8,0,8,0,0,0,0,8,0,0,0,0,8,0
variable,current_chunk_size,bioetl.application.core.batch_transformer.StreamingBatchProcessor.process_in_chunks.current_chunk_size,method,application,bioetl.application.core.batch_transformer,src/bioetl/application/core/batch_transformer.py:371,371,371,1,0,0,4,DEAD,0,,1,docs/99-archive/reports/application_merged.md,False,,4,0,4,0,0,0,0,4,0,4,0,0,0,0,4,0,0,0,0,4,0
parameter,data_schema_config,bioetl.application.core.batch_writer.BatchWriter.data_schema_config,method,application,bioetl.application.core.batch_writer,src/bioetl/application/core/batch_writer.py:62,62,62,1,0,0,0,DEAD,0,,0,,False,,0,0,0,0,0,0,0,0,0,0,0,0,0,0,0,0,0,0,0,0,0
variable,silver_mode_val,bioetl.application.core.batch_writer.BatchWriter.__init__.silver_mode_val,method,application,bioetl.application.core.batch_writer,src/bioetl/application/core/batch_writer.py:113,113,113,1,0,0,4,DEAD,0,,1,docs/99-archive/reports/application_merged.md,False,,4,0,4,0,0,0,0,4,0,4,0,0,0,0,4,0,0,0,0,4,0
variable,gold_mode_val,bioetl.application.core.batch_writer.BatchWriter.__init__.gold_mode_val,method,application,bioetl.application.core.batch_writer,src/bioetl/application/core/batch_writer.py:121,121,121,1,0,0,4,DEAD,0,,1,docs/99-archive/reports/application_merged.md,False,,4,0,4,0,0,0,0,4,0,4,0,0,0,0,4,0,0,0,0,4,0
method,_validate_lock,bioetl.application.core.batch_writer.BatchWriter._validate_lock,class,application,bioetl.application.core.batch_writer,src/bioetl/application/core/batch_writer.py:127,127,148,22,0,0,7,DEAD,0,,3,docs/99-archive/reports/application_merged.md;docs/99-archive/reports/documentation_merged.md;docs/audits/architecture-audit-2026-02-10.md,False,,6,2,6,2,2,2,2,6,2,6,0,2,2,0,6,2,2,2,2,6,2
variable,json_bytes_list,bioetl.application.core.batch_writer.BatchWriter.write_bronze.json_bytes_list,method,application,bioetl.application.core.batch_writer,src/bioetl/application/core/batch_writer.py:231,231,233,3,0,0,3,DEAD,0,,1,docs/99-archive/reports/application_merged.md,False,,3,0,3,0,0,0,0,3,0,3,0,0,0,0,3,0,0,0,0,3,0
variable,batch_id_str,bioetl.application.core.batch_writer.BatchWriter.write_silver.batch_id_str,method,application,bioetl.application.core.batch_writer,src/bioetl/application/core/batch_writer.py:295,295,295,1,0,0,2,DEAD,0,,1,docs/99-archive/reports/application_merged.md,False,,2,0,2,0,0,0,0,2,0,2,0,0,0,0,2,0,0,0,0,2,0
variable,dq_defaults,bioetl.application.core.batch_writer.BatchWriter.write_gold.dq_defaults,method,application,bioetl.application.core.batch_writer,src/bioetl/application/core/batch_writer.py:363,363,363,1,0,0,3,DEAD,0,,1,docs/99-archive/reports/application_merged.md,False,,3,0,3,0,0,0,0,3,0,3,0,0,0,0,3,0,0,0,0,3,0
method,_get_schema_columns,bioetl.application.core.batch_writer.BatchWriter._get_schema_columns,class,application,bioetl.application.core.batch_writer,src/bioetl/application/core/batch_writer.py:409,409,433,25,0,0,2,DEAD,0,,1,docs/99-archive/reports/application_merged.md,False,,2,0,2,0,0,0,0,2,0,2,0,0,0,0,2,0,0,0,0,2,0
method,_collect_record_columns,bioetl.application.core.batch_writer.BatchWriter._collect_record_columns,class,application,bioetl.application.core.batch_writer,src/bioetl/application/core/batch_writer.py:435,435,444,10,0,0,0,DEAD,0,,0,,False,,0,0,0,0,0,0,0,0,0,0,0,0,0,0,0,0,0,0,0,0,0
method,_get_column_order,bioetl.application.core.batch_writer.BatchWriter._get_column_order,class,application,bioetl.application.core.batch_writer,src/bioetl/application/core/batch_writer.py:446,446,451,6,0,0,0,DEAD,0,,0,,False,,0,0,0,0,0,0,0,0,0,0,0,0,0,0,0,0,0,0,0,0,0
method,_apply_renames_to_records,bioetl.application.core.batch_writer.BatchWriter._apply_renames_to_records,class,application,bioetl.application.core.batch_writer,src/bioetl/application/core/batch_writer.py:453,453,475,23,0,0,0,DEAD,0,,0,,False,,0,0,0,0,0,0,0,0,0,0,0,0,0,0,0,0,0,0,0,0,0
variable,renamed_records,bioetl.application.core.batch_writer.BatchWriter._apply_renames_to_records.renamed_records,method,application,bioetl.application.core.batch_writer,src/bioetl/application/core/batch_writer.py:468,468,468,1,0,0,0,DEAD,0,,0,,False,,0,0,0,0,0,0,0,0,0,0,0,0,0,0,0,0,0,0,0,0,0
method,_resolve_layer_columns,bioetl.application.core.batch_writer.BatchWriter._resolve_layer_columns,class,application,bioetl.application.core.batch_writer,src/bioetl/application/core/batch_writer.py:477,477,519,43,0,0,0,DEAD,0,,0,,False,,0,0,0,0,0,0,0,0,0,0,0,0,0,0,0,0,0,0,0,0,0
variable,column_set,bioetl.application.core.batch_writer.BatchWriter._apply_system_prefix_order.column_set,method,application,bioetl.application.core.batch_writer,src/bioetl/application/core/batch_writer.py:532,532,532,1,0,0,0,DEAD,0,,0,,False,,0,0,0,0,0,0,0,0,0,0,0,0,0,0,0,0,0,0,0,0,0
variable,preview_dict,bioetl.application.core.cleanup_service.CleanupService.preview.preview_dict,method,application,bioetl.application.core.cleanup_service,src/bioetl/application/core/cleanup_service.py:125,125,128,4,0,0,5,DEAD,0,,1,docs/99-archive/reports/application_merged.md,False,,10,0,5,0,0,0,0,5,0,5,0,0,0,0,5,0,0,0,0,5,0
variable,silver_info,bioetl.application.core.cleanup_service.CleanupService.preview.silver_info,method,application,bioetl.application.core.cleanup_service,src/bioetl/application/core/cleanup_service.py:130,130,130,1,0,0,2,DEAD,0,,1,docs/99-archive/reports/application_merged.md,False,,4,0,2,0,0,0,0,2,0,2,0,0,0,0,2,0,0,0,0,2,0
variable,gold_info,bioetl.application.core.cleanup_service.CleanupService.preview.gold_info,method,application,bioetl.application.core.cleanup_service,src/bioetl/application/core/cleanup_service.py:131,131,131,1,0,0,3,DEAD,0,,1,docs/99-archive/reports/application_merged.md,False,,6,0,3,0,0,0,0,3,0,3,0,0,0,0,3,0,0,0,0,3,0
method,_parse_layer_info,bioetl.application.core.cleanup_service.CleanupService._parse_layer_info,class,application,bioetl.application.core.cleanup_service,src/bioetl/application/core/cleanup_service.py:185,185,198,14,0,0,3,DEAD,0,,1,docs/99-archive/reports/application_merged.md,False,,6,0,3,0,0,0,0,3,0,3,0,0,0,0,3,0,0,0,0,3,0
parameter,info_dict,bioetl.application.core.cleanup_service.CleanupService.info_dict,method,application,bioetl.application.core.cleanup_service,src/bioetl/application/core/cleanup_service.py:185,185,185,1,0,0,5,DEAD,0,,1,docs/99-archive/reports/application_merged.md,False,,10,0,5,0,0,0,0,5,0,5,0,0,0,0,5,0,0,0,0,5,0
function,_extract_nested_values,bioetl.application.core.dict_transformers._extract_nested_values,module,application,bioetl.application.core.dict_transformers,src/bioetl/application/core/dict_transformers.py:139,139,147,9,0,0,2,DEAD,0,,1,docs/99-archive/reports/application_merged.md,False,,2,0,2,0,0,0,0,2,0,2,0,0,0,0,2,0,0,0,0,2,0
function,compute_subcellular_fraction_entity_id,bioetl.application.core.entity_id.compute_subcellular_fraction_entity_id,module,application,bioetl.application.core.entity_id,src/bioetl/application/core/entity_id.py:36,36,51,16,0,0,0,DEAD,0,,0,,False,,0,0,0,0,0,0,0,0,0,0,0,0,0,0,0,0,0,0,0,0,0
method,_log_filter_file_not_found,bioetl.application.core.filtered_data_source.FilteredDataSource._log_filter_file_not_found,class,application,bioetl.application.core.filtered_data_source,src/bioetl/application/core/filtered_data_source.py:64,64,76,13,0,0,2,DEAD,0,,1,docs/99-archive/reports/application_merged.md,False,,2,0,2,0,0,0,0,2,0,2,0,0,0,0,2,0,0,0,0,2,0
method,_load_direct_multi_filter_ids,bioetl.application.core.filtered_data_source.FilteredDataSource._load_direct_multi_filter_ids,class,application,bioetl.application.core.filtered_data_source,src/bioetl/application/core/filtered_data_source.py:99,99,118,20,0,0,0,DEAD,0,,0,,False,,0,0,0,0,0,0,0,0,0,0,0,0,0,0,0,0,0,0,0,0,0
variable,multi_ids,bioetl.application.core.filtered_data_source.FilteredDataSource._load_direct_multi_filter_ids.multi_ids,method,application,bioetl.application.core.filtered_data_source,src/bioetl/application/core/filtered_data_source.py:105,105,105,1,0,0,0,DEAD,0,,0,,False,,0,0,0,0,0,0,0,0,0,0,0,0,0,0,0,0,0,0,0,0,0
method,_load_direct_filter_ids,bioetl.application.core.filtered_data_source.FilteredDataSource._load_direct_filter_ids,class,application,bioetl.application.core.filtered_data_source,src/bioetl/application/core/filtered_data_source.py:120,120,133,14,0,0,2,DEAD,0,,1,docs/99-archive/reports/application_merged.md,False,,2,0,2,0,0,0,0,2,0,2,0,0,0,0,2,0,0,0,0,2,0
method,_load_csv_filter_ids,bioetl.application.core.filtered_data_source.FilteredDataSource._load_csv_filter_ids,class,application,bioetl.application.core.filtered_data_source,src/bioetl/application/core/filtered_data_source.py:135,135,156,22,0,0,2,DEAD,0,,1,docs/99-archive/reports/application_merged.md,False,,2,0,2,0,0,0,0,2,0,2,0,0,0,0,2,0,0,0,0,2,0
method,_load_multi_column_filter,bioetl.application.core.filtered_data_source.FilteredDataSource._load_multi_column_filter,class,application,bioetl.application.core.filtered_data_source,src/bioetl/application/core/filtered_data_source.py:158,158,172,15,0,0,2,DEAD,0,,1,docs/99-archive/reports/application_merged.md,False,,2,0,2,0,0,0,0,2,0,2,0,0,0,0,2,0,0,0,0,2,0
method,_load_single_column_filter,bioetl.application.core.filtered_data_source.FilteredDataSource._load_single_column_filter,class,application,bioetl.application.core.filtered_data_source,src/bioetl/application/core/filtered_data_source.py:174,174,193,20,0,0,2,DEAD,0,,1,docs/99-archive/reports/application_merged.md,False,,2,0,2,0,0,0,0,2,0,2,0,0,0,0,2,0,0,0,0,2,0
method,_record_filter_metrics,bioetl.application.core.filtered_data_source.FilteredDataSource._record_filter_metrics,class,application,bioetl.application.core.filtered_data_source,src/bioetl/application/core/filtered_data_source.py:195,195,215,21,0,0,2,DEAD,0,,1,docs/99-archive/reports/application_merged.md,False,,2,0,2,0,0,0,0,2,0,2,0,0,0,0,2,0,0,0,0,2,0
method,_record_multi_filter_metrics,bioetl.application.core.filtered_data_source.FilteredDataSource._record_multi_filter_metrics,class,application,bioetl.application.core.filtered_data_source,src/bioetl/application/core/filtered_data_source.py:217,217,242,26,0,0,2,DEAD,0,,1,docs/99-archive/reports/application_merged.md,False,,2,0,2,0,0,0,0,2,0,2,0,0,0,0,2,0,0,0,0,2,0
variable,record_values,bioetl.application.core.filtered_data_source.FilteredDataSource._matches_valid_combination.record_values,method,application,bioetl.application.core.filtered_data_source,src/bioetl/application/core/filtered_data_source.py:257,257,259,3,0,0,2,DEAD,0,,1,docs/99-archive/reports/application_merged.md,False,,2,0,2,0,0,0,0,2,0,2,0,0,0,0,2,0,0,0,0,2,0
method,_ensure_filterable_adapter,bioetl.application.core.filtered_data_source.FilteredDataSource._ensure_filterable_adapter,class,application,bioetl.application.core.filtered_data_source,src/bioetl/application/core/filtered_data_source.py:262,262,269,8,0,0,3,DEAD,0,,1,docs/99-archive/reports/application_merged.md,False,,3,0,3,0,0,0,0,3,0,3,0,0,0,0,3,0,0,0,0,3,0
method,_fetch_multi_column,bioetl.application.core.filtered_data_source.FilteredDataSource._fetch_multi_column,class,application,bioetl.application.core.filtered_data_source,src/bioetl/application/core/filtered_data_source.py:271,271,287,17,0,0,2,DEAD,0,,1,docs/99-archive/reports/application_merged.md,False,,2,0,2,0,0,0,0,2,0,2,0,0,0,0,2,0,0,0,0,2,0
method,_fetch_single_column,bioetl.application.core.filtered_data_source.FilteredDataSource._fetch_single_column,class,application,bioetl.application.core.filtered_data_source,src/bioetl/application/core/filtered_data_source.py:289,289,320,32,0,0,2,DEAD,0,,1,docs/99-archive/reports/application_merged.md,False,,2,0,2,0,0,0,0,2,0,2,0,0,0,0,2,0,0,0,0,2,0
variable,config_filter_field,bioetl.application.core.filtered_data_source.FilteredDataSource._fetch_single_column.config_filter_field,method,application,bioetl.application.core.filtered_data_source,src/bioetl/application/core/filtered_data_source.py:295,295,295,1,0,0,4,DEAD,0,,1,docs/99-archive/reports/application_merged.md,False,,4,0,4,0,0,0,0,4,0,4,0,0,0,0,4,0,0,0,0,4,0
variable,initial_success,bioetl.application.core.heartbeat.HeartbeatTask.start.initial_success,method,application,bioetl.application.core.heartbeat,src/bioetl/application/core/heartbeat.py:81,81,83,3,0,0,2,DEAD,0,,1,docs/99-archive/reports/application_merged.md,False,,2,0,2,0,0,0,0,2,0,2,0,0,0,0,2,0,0,0,0,2,0
method,_heartbeat_loop,bioetl.application.core.heartbeat.HeartbeatTask._heartbeat_loop,class,application,bioetl.application.core.heartbeat,src/bioetl/application/core/heartbeat.py:108,108,123,16,0,0,2,DEAD,0,,1,docs/99-archive/reports/application_merged.md,False,,2,0,2,0,0,0,0,2,0,2,0,0,0,0,2,0,0,0,0,2,0
variable,mapping_results,bioetl.application.core.idmapping_data_source.IDMappingDataSource.fetch.mapping_results,method,application,bioetl.application.core.idmapping_data_source,src/bioetl/application/core/idmapping_data_source.py:172,172,176,5,0,0,2,DEAD,0,,1,docs/99-archive/reports/application_merged.md,False,,2,0,2,0,0,0,0,2,0,2,0,0,0,0,2,0,0,0,0,4,0
method,_read_chembl_ids_async,bioetl.application.core.idmapping_data_source.IDMappingDataSource._read_chembl_ids_async,class,application,bioetl.application.core.idmapping_data_source,src/bioetl/application/core/idmapping_data_source.py:200,200,213,14,0,0,2,DEAD,0,,1,docs/99-archive/reports/application_merged.md,False,,2,0,2,0,0,0,0,2,0,2,0,0,0,0,2,0,0,0,0,4,0
variable,file_exists,bioetl.application.core.idmapping_data_source.IDMappingDataSource.health_check.file_exists,method,application,bioetl.application.core.idmapping_data_source,src/bioetl/application/core/idmapping_data_source.py:256,256,256,1,0,0,2,DEAD,0,,1,docs/99-archive/reports/application_merged.md,False,,2,0,2,0,0,0,0,2,0,2,0,0,0,0,2,0,0,0,0,4,0
method,_close_observability,bioetl.application.core.pipeline_services.PipelineServices._close_observability,class,application,bioetl.application.core.pipeline_services,src/bioetl/application/core/pipeline_services.py:139,139,149,11,0,0,4,DEAD,0,,3,docs/02-architecture/decisions/ADR-015-pipeline-services-lifecycle.md;docs/99-archive/reports/application_merged.md;docs/99-archive/reports/documentation_merged.md,False,,3,1,3,1,1,1,1,3,1,3,0,1,1,0,3,1,1,1,1,3,1
class,ExecutorMetricsProtocol,bioetl.application.core.postrun_service.ExecutorMetricsProtocol,module,application,bioetl.application.core.postrun_service,src/bioetl/application/core/postrun_service.py:44,44,54,11,0,0,5,DEAD,0,,1,docs/99-archive/reports/application_merged.md,True,Port/Schema/Protocol contract,5,0,5,0,0,0,0,5,0,5,0,0,0,0,5,0,0,0,0,5,0
constant,METRIC_HEALTH_STATUS,bioetl.application.core.preflight_service._HealthAggregator.METRIC_HEALTH_STATUS,class,application,bioetl.application.core.preflight_service,src/bioetl/application/core/preflight_service.py:57,57,57,1,0,0,2,DEAD,0,,1,docs/99-archive/reports/application_merged.md,False,,2,0,2,0,0,0,0,2,0,2,0,0,0,0,2,0,0,0,0,2,0
constant,METRIC_HEALTH_DURATION,bioetl.application.core.preflight_service._HealthAggregator.METRIC_HEALTH_DURATION,class,application,bioetl.application.core.preflight_service,src/bioetl/application/core/preflight_service.py:58,58,58,1,0,0,2,DEAD,0,,1,docs/99-archive/reports/application_merged.md,False,,2,0,2,0,0,0,0,2,0,2,0,0,0,0,2,0,0,0,0,2,0
constant,METRIC_HEALTH_LATENCY,bioetl.application.core.preflight_service._HealthAggregator.METRIC_HEALTH_LATENCY,class,application,bioetl.application.core.preflight_service,src/bioetl/application/core/preflight_service.py:59,59,59,1,0,0,2,DEAD,0,,1,docs/99-archive/reports/application_merged.md,False,,2,0,2,0,0,0,0,2,0,2,0,0,0,0,2,0,0,0,0,2,0
variable,component_results,bioetl.application.core.preflight_service._HealthAggregator.check_all.component_results,method,application,bioetl.application.core.preflight_service,src/bioetl/application/core/preflight_service.py:100,100,100,1,0,0,4,DEAD,0,,1,docs/99-archive/reports/application_merged.md,False,,4,0,4,0,0,0,0,4,0,4,0,0,0,0,4,0,0,0,0,4,0
method,_check_storage,bioetl.application.core.preflight_service._HealthAggregator._check_storage,class,application,bioetl.application.core.preflight_service,src/bioetl/application/core/preflight_service.py:118,118,141,24,0,0,2,DEAD,0,,1,docs/99-archive/reports/application_merged.md,False,,2,0,2,0,0,0,0,2,0,2,0,0,0,0,2,0,0,0,0,2,0
method,_check_data_source,bioetl.application.core.preflight_service._HealthAggregator._check_data_source,class,application,bioetl.application.core.preflight_service,src/bioetl/application/core/preflight_service.py:143,143,191,49,0,0,2,DEAD,0,,1,docs/99-archive/reports/application_merged.md,False,,2,0,2,0,0,0,0,2,0,2,0,0,0,0,2,0,0,0,0,2,0
variable,provider_labels,bioetl.application.core.preflight_service._HealthAggregator._record_metrics.provider_labels,method,application,bioetl.application.core.preflight_service,src/bioetl/application/core/preflight_service.py:218,218,218,1,0,0,2,DEAD,0,,1,docs/99-archive/reports/application_merged.md,False,,2,0,2,0,0,0,0,2,0,2,0,0,0,0,2,0,0,0,0,2,0
method,_log_report,bioetl.application.core.preflight_service._HealthAggregator._log_report,class,application,bioetl.application.core.preflight_service,src/bioetl/application/core/preflight_service.py:225,225,245,21,0,0,2,DEAD,0,,1,docs/99-archive/reports/application_merged.md,False,,2,0,2,0,0,0,0,2,0,2,0,0,0,0,2,0,0,0,0,2,0
variable,log_extra,bioetl.application.core.preflight_service._HealthAggregator._log_report.log_extra,method,application,bioetl.application.core.preflight_service,src/bioetl/application/core/preflight_service.py:231,231,235,5,0,0,5,DEAD,0,,1,docs/99-archive/reports/application_merged.md,False,,5,0,5,0,0,0,0,5,0,5,0,0,0,0,5,0,0,0,0,5,0
variable,error_messages,bioetl.application.core.preflight_service._HealthAggregator.assert_healthy.error_messages,method,application,bioetl.application.core.preflight_service,src/bioetl/application/core/preflight_service.py:264,264,266,3,0,0,4,DEAD,0,,1,docs/99-archive/reports/application_merged.md,False,,4,0,4,0,0,0,0,4,0,4,0,0,0,0,4,0,0,0,0,4,0
variable,write_mode_policy,bioetl.application.core.preflight_service._MedallionConfigValidator.validate_write_modes.write_mode_policy,method,application,bioetl.application.core.preflight_service,src/bioetl/application/core/preflight_service.py:350,350,350,1,0,0,3,DEAD,0,,1,docs/99-archive/reports/application_merged.md,False,,3,0,3,0,0,0,0,3,0,3,0,0,0,0,3,0,0,0,0,3,0
variable,silver_mode,bioetl.application.core.preflight_service._MedallionConfigValidator.validate_write_modes.silver_mode,method,application,bioetl.application.core.preflight_service,src/bioetl/application/core/preflight_service.py:353,353,353,1,0,0,5,DEAD,0,,1,docs/99-archive/reports/application_merged.md,False,,5,0,5,0,0,0,0,5,0,5,0,0,0,0,5,0,0,0,0,5,0
variable,silver_mode_value,bioetl.application.core.preflight_service._MedallionConfigValidator.validate_write_modes.silver_mode_value,method,application,bioetl.application.core.preflight_service,src/bioetl/application/core/preflight_service.py:354,354,354,1,0,0,0,DEAD,0,,0,,False,,0,0,0,0,0,0,0,0,0,0,0,0,0,0,0,0,0,0,0,0,0
variable,gold_mode,bioetl.application.core.preflight_service._MedallionConfigValidator.validate_write_modes.gold_mode,method,application,bioetl.application.core.preflight_service,src/bioetl/application/core/preflight_service.py:372,372,372,1,0,0,6,DEAD,0,,1,docs/99-archive/reports/application_merged.md,False,,6,0,6,0,0,0,0,6,0,6,0,0,0,0,6,0,0,0,0,6,0
variable,gold_mode_value,bioetl.application.core.preflight_service._MedallionConfigValidator.validate_write_modes.gold_mode_value,method,application,bioetl.application.core.preflight_service,src/bioetl/application/core/preflight_service.py:373,373,373,1,0,0,0,DEAD,0,,0,,False,,0,0,0,0,0,0,0,0,0,0,0,0,0,0,0,0,0,0,0,0,0
variable,effective_gold_mode,bioetl.application.core.preflight_service._MedallionConfigValidator.validate_write_modes.effective_gold_mode,method,application,bioetl.application.core.preflight_service,src/bioetl/application/core/preflight_service.py:374,374,374,1,0,0,2,DEAD,0,,1,docs/99-archive/reports/application_merged.md,False,,2,0,2,0,0,0,0,2,0,2,0,0,0,0,2,0,0,0,0,2,0
method,_validate_layer_formats,bioetl.application.core.preflight_service._MedallionConfigValidator._validate_layer_formats,class,application,bioetl.application.core.preflight_service,src/bioetl/application/core/preflight_service.py:411,411,437,27,0,0,2,DEAD,0,,1,docs/99-archive/reports/application_merged.md,False,,2,0,2,0,0,0,0,2,0,2,0,0,0,0,2,0,0,0,0,2,0
method,_validate_path_uniqueness,bioetl.application.core.preflight_service._MedallionConfigValidator._validate_path_uniqueness,class,application,bioetl.application.core.preflight_service,src/bioetl/application/core/preflight_service.py:439,439,477,39,0,0,2,DEAD,0,,1,docs/99-archive/reports/application_merged.md,False,,2,0,2,0,0,0,0,2,0,2,0,0,0,0,2,0,0,0,0,2,0
method,_log_medallion_validation_result,bioetl.application.core.preflight_service._MedallionConfigValidator._log_medallion_validation_result,class,application,bioetl.application.core.preflight_service,src/bioetl/application/core/preflight_service.py:528,528,545,18,0,0,2,DEAD,0,,1,docs/99-archive/reports/application_merged.md,False,,2,0,2,0,0,0,0,2,0,2,0,0,0,0,2,0,0,0,0,2,0
method,_record_health_check_metrics,bioetl.application.core.preflight_service.PreflightService._record_health_check_metrics,class,application,bioetl.application.core.preflight_service,src/bioetl/application/core/preflight_service.py:639,639,667,29,0,0,2,DEAD,0,,1,docs/99-archive/reports/application_merged.md,False,,2,0,2,0,0,0,0,2,0,2,0,0,0,0,2,0,0,0,0,2,0
variable,error_messages,bioetl.application.core.preflight_service.PreflightService.validate_preflight.error_messages,method,application,bioetl.application.core.preflight_service,src/bioetl/application/core/preflight_service.py:791,791,793,3,0,0,4,DEAD,0,,1,docs/99-archive/reports/application_merged.md,False,,4,0,4,0,0,0,0,4,0,4,0,0,0,0,4,0,0,0,0,4,0
method,_record_preflight_metrics,bioetl.application.core.preflight_service.PreflightService._record_preflight_metrics,class,application,bioetl.application.core.preflight_service,src/bioetl/application/core/preflight_service.py:800,800,815,16,0,0,2,DEAD,0,,1,docs/99-archive/reports/application_merged.md,False,,2,0,2,0,0,0,0,2,0,2,0,0,0,0,2,0,0,0,0,2,0
constant,PUBLICATION_LIMIT_MULTIPLIER,bioetl.application.core.publication_term_data_source.PublicationTermDataSource.PUBLICATION_LIMIT_MULTIPLIER,class,application,bioetl.application.core.publication_term_data_source,src/bioetl/application/core/publication_term_data_source.py:76,76,76,1,0,0,5,DEAD,0,,1,docs/99-archive/reports/application_merged.md,False,,5,0,5,0,0,0,0,5,0,5,0,0,0,0,5,0,0,0,0,5,0
method,_fetch_publication_terms,bioetl.application.core.publication_term_data_source.PublicationTermDataSource._fetch_publication_terms,class,application,bioetl.application.core.publication_term_data_source,src/bioetl/application/core/publication_term_data_source.py:155,155,201,47,0,0,2,DEAD,0,,1,docs/99-archive/reports/application_merged.md,False,,2,0,2,0,0,0,0,2,0,2,0,0,0,0,2,0,0,0,0,2,0
variable,publication_limit,bioetl.application.core.publication_term_data_source.PublicationTermDataSource._fetch_publication_terms.publication_limit,method,application,bioetl.application.core.publication_term_data_source,src/bioetl/application/core/publication_term_data_source.py:179,179,179,1,0,0,8,DEAD,0,,1,docs/99-archive/reports/application_merged.md,False,,8,0,8,0,0,0,0,8,0,8,0,0,0,0,8,0,0,0,0,8,0
method,_extract_terms_from_publication,bioetl.application.core.publication_term_data_source.PublicationTermDataSource._extract_terms_from_publication,class,application,bioetl.application.core.publication_term_data_source,src/bioetl/application/core/publication_term_data_source.py:203,203,273,71,0,0,5,DEAD,0,,1,docs/99-archive/reports/application_merged.md,False,,5,0,5,0,0,0,0,5,0,5,0,0,0,0,5,0,0,0,0,5,0
method,_create_term_record,bioetl.application.core.publication_term_data_source.PublicationTermDataSource._create_term_record,class,application,bioetl.application.core.publication_term_data_source,src/bioetl/application/core/publication_term_data_source.py:275,275,311,37,0,0,4,DEAD,0,,1,docs/99-archive/reports/application_merged.md,False,,4,0,4,0,0,0,0,4,0,4,0,0,0,0,4,0,0,0,0,4,0
method,_fetch_filtered_publication_terms,bioetl.application.core.publication_term_data_source.PublicationTermDataSource._fetch_filtered_publication_terms,class,application,bioetl.application.core.publication_term_data_source,src/bioetl/application/core/publication_term_data_source.py:410,410,450,41,0,0,2,DEAD,0,,1,docs/99-archive/reports/application_merged.md,False,,2,0,2,0,0,0,0,2,0,2,0,0,0,0,2,0,0,0,0,2,0
variable,publication_limit,bioetl.application.core.publication_term_data_source.PublicationTermDataSource._fetch_filtered_publication_terms.publication_limit,method,application,bioetl.application.core.publication_term_data_source,src/bioetl/application/core/publication_term_data_source.py:430,430,430,1,0,0,8,DEAD,0,,1,docs/99-archive/reports/application_merged.md,False,,8,0,8,0,0,0,0,8,0,8,0,0,0,0,8,0,0,0,0,8,0
variable,publication_limit,bioetl.application.core.publication_term_data_source.PublicationTermDataSource.fetch_multi_filtered.publication_limit,method,application,bioetl.application.core.publication_term_data_source,src/bioetl/application/core/publication_term_data_source.py:476,476,478,3,0,0,8,DEAD,0,,1,docs/99-archive/reports/application_merged.md,False,,8,0,8,0,0,0,0,8,0,8,0,0,0,0,8,0,0,0,0,8,0
variable,publication_limit,bioetl.application.core.publication_term_data_source.PublicationTermDataSource.fetch_filtered_with_fallback.publication_limit,method,application,bioetl.application.core.publication_term_data_source,src/bioetl/application/core/publication_term_data_source.py:537,537,539,3,0,0,8,DEAD,0,,1,docs/99-archive/reports/application_merged.md,False,,8,0,8,0,0,0,0,8,0,8,0,0,0,0,8,0,0,0,0,8,0
method,_validate_infrastructure,bioetl.application.core.runner.PipelineRunner._validate_infrastructure,class,application,bioetl.application.core.runner,src/bioetl/application/core/runner.py:168,168,170,3,0,0,1,DEAD,0,,1,docs/99-archive/reports/application_merged.md,False,,1,0,1,0,0,0,0,1,0,1,0,0,0,0,1,0,0,0,0,1,0
method,_run_vacuum_if_enabled,bioetl.application.core.runner.PipelineRunner._run_vacuum_if_enabled,class,application,bioetl.application.core.runner,src/bioetl/application/core/runner.py:183,183,185,3,0,0,1,DEAD,0,,1,docs/99-archive/reports/application_merged.md,False,,1,0,1,0,0,0,0,1,0,1,0,0,0,0,1,0,0,0,0,1,0
method,_cleanup,bioetl.application.core.runner.PipelineRunner._cleanup,class,application,bioetl.application.core.runner,src/bioetl/application/core/runner.py:187,187,189,3,0,0,1,DEAD,0,,1,docs/99-archive/reports/application_merged.md,False,,1,0,1,0,0,0,0,1,0,1,0,0,0,0,1,0,0,0,0,1,0
method,_fetch_subcellular_fractions,bioetl.application.core.subcellular_fraction_data_source.SubcellularFractionDataSource._fetch_subcellular_fractions,class,application,bioetl.application.core.subcellular_fraction_data_source,src/bioetl/application/core/subcellular_fraction_data_source.py:76,76,115,40,0,0,0,DEAD,0,,0,,False,,0,0,0,0,0,0,0,0,0,0,0,0,0,0,0,0,0,0,0,0,0
method,_normalize_fraction,bioetl.application.core.subcellular_fraction_data_source.SubcellularFractionDataSource._normalize_fraction,class,application,bioetl.application.core.subcellular_fraction_data_source,src/bioetl/application/core/subcellular_fraction_data_source.py:118,118,123,6,0,0,0,DEAD,0,,0,,False,,0,0,0,0,0,0,0,0,0,0,0,0,0,0,0,0,0,0,0,0,0
method,_create_fraction_record,bioetl.application.core.subcellular_fraction_data_source.SubcellularFractionDataSource._create_fraction_record,class,application,bioetl.application.core.subcellular_fraction_data_source,src/bioetl/application/core/subcellular_fraction_data_source.py:134,134,146,13,0,0,0,DEAD,0,,0,,False,,0,0,0,0,0,0,0,0,0,0,0,0,0,0,0,0,0,0,0,0,0
method,_fetch_filtered_fractions,bioetl.application.core.subcellular_fraction_data_source.SubcellularFractionDataSource._fetch_filtered_fractions,class,application,bioetl.application.core.subcellular_fraction_data_source,src/bioetl/application/core/subcellular_fraction_data_source.py:255,255,287,33,0,0,0,DEAD,0,,0,,False,,0,0,0,0,0,0,0,0,0,0,0,0,0,0,0,0,0,0,0,0,0
constant,STARTUP,bioetl.application.observability.observer.LifecyclePhase.STARTUP,class,application,bioetl.application.observability.observer,src/bioetl/application/observability/observer.py:39,39,39,1,0,0,2,DEAD,0,,2,docs/99-archive/reports/application_merged.md;docs/99-archive/reports/documentation_merged.md,False,,2,1,2,1,1,1,1,2,1,2,0,1,1,0,2,1,1,1,1,2,1
constant,LIFECYCLE_CLEAR,bioetl.application.observability.observer.LifecyclePhase.LIFECYCLE_CLEAR,class,application,bioetl.application.observability.observer,src/bioetl/application/observability/observer.py:41,41,41,1,0,0,2,DEAD,0,,2,docs/99-archive/reports/application_merged.md;docs/99-archive/reports/documentation_merged.md,False,,2,1,2,1,1,1,1,2,1,2,0,1,1,0,2,1,1,1,1,2,1
constant,CLEANUP,bioetl.application.observability.observer.LifecyclePhase.CLEANUP,class,application,bioetl.application.observability.observer,src/bioetl/application/observability/observer.py:44,44,44,1,0,0,14,DEAD,0,,3,docs/01-requirements/REQUIREMENTS.md;docs/99-archive/reports/application_merged.md;docs/99-archive/reports/documentation_merged.md,False,,8,7,8,7,7,7,7,8,7,8,0,7,7,0,8,7,7,7,7,8,7
variable,log_ctx,bioetl.application.observability.observer.PipelineObserver.__exit__.log_ctx,method,application,bioetl.application.observability.observer,src/bioetl/application/observability/observer.py:133,133,136,4,0,0,4,DEAD,0,,1,docs/99-archive/reports/application_merged.md,False,,4,0,4,0,0,0,0,4,0,4,0,0,0,0,4,0,0,0,0,4,0
variable,log_method,bioetl.application.observability.observer.PipelineObserver.emit_event.log_method,method,application,bioetl.application.observability.observer,src/bioetl/application/observability/observer.py:191,191,191,1,0,0,2,DEAD,0,,1,docs/99-archive/reports/application_merged.md,False,,2,0,2,0,0,0,0,2,0,2,0,0,0,0,2,0,0,0,0,2,0
function,_span_context,bioetl.application.observability.span_helpers._span_context,module,application,bioetl.application.observability.span_helpers,src/bioetl/application/observability/span_helpers.py:27,27,46,20,0,0,0,DEAD,0,,0,,False,,0,0,0,0,0,0,0,0,0,0,0,0,0,0,0,0,0,0,0,0,0
constant,_MOLECULE_TARGET_ASSAY,bioetl.application.pipelines.chembl.activity_transformer._MOLECULE_TARGET_ASSAY,module,application,bioetl.application.pipelines.chembl.activity_transformer,src/bioetl/application/pipelines/chembl/activity_transformer.py:61,61,87,27,0,0,3,DEAD,0,,2,docs/99-archive/reports/application_merged.md;docs/99-archive/reports/documentation_merged.md,False,,5,3,5,3,3,3,3,5,3,5,2,3,3,2,3,1,1,1,1,3,1
constant,_UNIT_FIELDS,bioetl.application.pipelines.chembl.activity_transformer._UNIT_FIELDS,module,application,bioetl.application.pipelines.chembl.activity_transformer,src/bioetl/application/pipelines/chembl/activity_transformer.py:111,111,114,4,0,0,2,DEAD,0,,1,docs/99-archive/reports/application_merged.md,False,,4,2,4,2,2,2,2,4,2,4,2,2,2,2,2,0,0,0,0,2,0
constant,_QUALITY_ANNOTATIONS,bioetl.application.pipelines.chembl.activity_transformer._QUALITY_ANNOTATIONS,module,application,bioetl.application.pipelines.chembl.activity_transformer,src/bioetl/application/pipelines/chembl/activity_transformer.py:116,116,133,18,0,0,4,DEAD,0,,3,docs/03-data-model/rf-naming-unification-plan.md;docs/99-archive/reports/application_merged.md;docs/99-archive/reports/documentation_merged.md,False,,5,3,5,3,3,3,3,5,3,5,2,3,3,2,3,1,1,1,1,3,1
constant,_ACTIVITY_GROUPS,bioetl.application.pipelines.chembl.activity_transformer._ACTIVITY_GROUPS,module,application,bioetl.application.pipelines.chembl.activity_transformer,src/bioetl/application/pipelines/chembl/activity_transformer.py:136,136,143,8,0,0,4,DEAD,0,,2,docs/99-archive/reports/application_merged.md;docs/99-archive/reports/documentation_merged.md,False,,6,4,6,4,4,4,4,6,4,6,2,4,4,2,4,2,2,2,2,4,2
method,_extract_ligand_efficiency,bioetl.application.pipelines.chembl.activity_transformer.ActivityTransformer._extract_ligand_efficiency,class,application,bioetl.application.pipelines.chembl.activity_transformer,src/bioetl/application/pipelines/chembl/activity_transformer.py:156,156,168,13,0,0,6,DEAD,0,,2,docs/99-archive/reports/application_merged.md;docs/99-archive/reports/documentation_merged.md,False,,8,6,8,6,6,6,6,8,6,8,2,6,6,2,6,4,4,4,4,6,4
method,_extract_action_type,bioetl.application.pipelines.chembl.activity_transformer.ActivityTransformer._extract_action_type,class,application,bioetl.application.pipelines.chembl.activity_transformer,src/bioetl/application/pipelines/chembl/activity_transformer.py:171,171,186,16,0,0,6,DEAD,0,,2,docs/99-archive/reports/application_merged.md;docs/99-archive/reports/documentation_merged.md,False,,8,6,8,6,6,6,6,8,6,8,2,6,6,2,6,4,4,4,4,6,4
constant,_ASSAY_PARAMS_GROUPS,bioetl.application.pipelines.chembl.assay_parameters_transformer._ASSAY_PARAMS_GROUPS,module,application,bioetl.application.pipelines.chembl.assay_parameters_transformer,src/bioetl/application/pipelines/chembl/assay_parameters_transformer.py:76,76,79,4,0,0,2,DEAD,0,,1,docs/99-archive/reports/application_merged.md,False,,4,2,4,2,2,2,2,4,2,4,2,2,2,2,2,0,0,0,0,2,0
method,_normalize_type,bioetl.application.pipelines.chembl.assay_parameters_transformer.AssayParametersTransformer._normalize_type,class,application,bioetl.application.pipelines.chembl.assay_parameters_transformer,src/bioetl/application/pipelines/chembl/assay_parameters_transformer.py:99,99,113,15,0,0,2,DEAD,0,,1,docs/99-archive/reports/application_merged.md,False,,4,2,4,2,2,2,2,4,2,4,2,2,2,2,2,0,0,0,0,2,0
parameter,param_type,bioetl.application.pipelines.chembl.assay_parameters_transformer.AssayParametersTransformer.param_type,method,application,bioetl.application.pipelines.chembl.assay_parameters_transformer,src/bioetl/application/pipelines/chembl/assay_parameters_transformer.py:99,99,99,1,0,0,8,DEAD,0,,3,docs/04-reference/providers/chembl/assay-parameters.md;docs/99-archive/reports/application_merged.md;docs/99-archive/reports/documentation_merged.md,False,,10,6,12,6,6,6,6,10,6,10,4,6,6,4,6,2,2,2,2,6,2
variable,normalized_type,bioetl.application.pipelines.chembl.assay_parameters_transformer.AssayParametersTransformer._extract_business_data.normalized_type,method,application,bioetl.application.pipelines.chembl.assay_parameters_transformer,src/bioetl/application/pipelines/chembl/assay_parameters_transformer.py:131,131,131,1,0,0,2,DEAD,0,,1,docs/99-archive/reports/application_merged.md,False,,4,2,4,2,2,2,2,4,2,4,2,2,2,2,2,0,0,0,0,2,0
constant,_VARIANT_FIELDS,bioetl.application.pipelines.chembl.assay_transformer._VARIANT_FIELDS,module,application,bioetl.application.pipelines.chembl.assay_transformer,src/bioetl/application/pipelines/chembl/assay_transformer.py:36,36,43,8,0,0,3,DEAD,0,,2,docs/99-archive/reports/application_merged.md;docs/99-archive/reports/documentation_merged.md,False,,5,3,5,3,3,3,3,5,3,5,2,3,3,2,3,1,1,1,1,3,1
constant,_VARIANT_RENAMES,bioetl.application.pipelines.chembl.assay_transformer._VARIANT_RENAMES,module,application,bioetl.application.pipelines.chembl.assay_transformer,src/bioetl/application/pipelines/chembl/assay_transformer.py:46,46,48,3,0,0,4,DEAD,0,,2,docs/99-archive/reports/application_merged.md;docs/99-archive/reports/documentation_merged.md,False,,6,4,6,4,4,4,4,6,4,6,2,4,4,2,4,2,2,2,2,4,2
function,_extract_variant,bioetl.application.pipelines.chembl.assay_transformer._extract_variant,module,application,bioetl.application.pipelines.chembl.assay_transformer,src/bioetl/application/pipelines/chembl/assay_transformer.py:51,51,65,15,0,0,5,DEAD,0,,2,docs/99-archive/reports/application_merged.md;docs/99-archive/reports/documentation_merged.md,False,,7,5,7,5,5,5,5,7,5,7,2,5,5,2,5,3,3,3,3,5,3
constant,_CLASSIFICATION,bioetl.application.pipelines.chembl.assay_transformer._CLASSIFICATION,module,application,bioetl.application.pipelines.chembl.assay_transformer,src/bioetl/application/pipelines/chembl/assay_transformer.py:87,87,96,10,0,0,3,DEAD,0,,2,docs/99-archive/reports/application_merged.md;docs/99-archive/reports/documentation_merged.md,False,,5,3,5,3,3,3,3,5,3,5,2,3,3,2,3,1,1,1,1,3,1
constant,_BIOLOGICAL_CONTEXT,bioetl.application.pipelines.chembl.assay_transformer._BIOLOGICAL_CONTEXT,module,application,bioetl.application.pipelines.chembl.assay_transformer,src/bioetl/application/pipelines/chembl/assay_transformer.py:98,98,113,16,0,0,2,DEAD,0,,1,docs/99-archive/reports/application_merged.md,False,,4,2,4,2,2,2,2,4,2,4,2,2,2,2,2,0,0,0,0,2,0
constant,_ASSAY_GROUPS,bioetl.application.pipelines.chembl.assay_transformer._ASSAY_GROUPS,module,application,bioetl.application.pipelines.chembl.assay_transformer,src/bioetl/application/pipelines/chembl/assay_transformer.py:131,131,136,6,0,0,2,DEAD,0,,1,docs/99-archive/reports/application_merged.md,False,,4,2,4,2,2,2,2,4,2,4,2,2,2,2,2,0,0,0,0,2,0
variable,resolved_entity_type,bioetl.application.pipelines.chembl.base_chembl_transformer.BaseChemblTransformer.__init__.resolved_entity_type,method,application,bioetl.application.pipelines.chembl.base_chembl_transformer,src/bioetl/application/pipelines/chembl/base_chembl_transformer.py:90,90,90,1,0,0,4,DEAD,0,,1,docs/99-archive/reports/application_merged.md,False,,8,4,8,4,4,4,4,8,4,8,4,4,4,4,4,0,0,0,0,4,0
constant,_HIERARCHY_FIELDS,bioetl.application.pipelines.chembl.molecule_transformer._HIERARCHY_FIELDS,module,application,bioetl.application.pipelines.chembl.molecule_transformer,src/bioetl/application/pipelines/chembl/molecule_transformer.py:31,31,36,6,0,0,5,DEAD,0,,2,docs/99-archive/reports/application_merged.md;docs/99-archive/reports/documentation_merged.md,False,,7,5,7,5,5,5,5,7,5,7,2,5,5,2,5,3,3,3,3,5,3
constant,_HIERARCHY_RENAMES,bioetl.application.pipelines.chembl.molecule_transformer._HIERARCHY_RENAMES,module,application,bioetl.application.pipelines.chembl.molecule_transformer,src/bioetl/application/pipelines/chembl/molecule_transformer.py:39,39,42,4,0,0,5,DEAD,0,,2,docs/99-archive/reports/application_merged.md;docs/99-archive/reports/documentation_merged.md,False,,7,5,7,5,5,5,5,7,5,7,2,5,5,2,5,3,3,3,3,5,3
constant,_PROPERTIES_FIELDS,bioetl.application.pipelines.chembl.molecule_transformer._PROPERTIES_FIELDS,module,application,bioetl.application.pipelines.chembl.molecule_transformer,src/bioetl/application/pipelines/chembl/molecule_transformer.py:44,44,58,15,0,0,4,DEAD,0,,2,docs/99-archive/reports/application_merged.md;docs/99-archive/reports/documentation_merged.md,False,,6,4,6,4,4,4,4,6,4,6,2,4,4,2,4,2,2,2,2,4,2
constant,_PROPERTIES_RENAMES,bioetl.application.pipelines.chembl.molecule_transformer._PROPERTIES_RENAMES,module,application,bioetl.application.pipelines.chembl.molecule_transformer,src/bioetl/application/pipelines/chembl/molecule_transformer.py:61,61,63,3,0,0,4,DEAD,0,,2,docs/99-archive/reports/application_merged.md;docs/99-archive/reports/documentation_merged.md,False,,6,4,6,4,4,4,4,6,4,6,2,4,4,2,4,2,2,2,2,4,2
constant,_STRUCTURES_FIELDS,bioetl.application.pipelines.chembl.molecule_transformer._STRUCTURES_FIELDS,module,application,bioetl.application.pipelines.chembl.molecule_transformer,src/bioetl/application/pipelines/chembl/molecule_transformer.py:65,65,69,5,0,0,3,DEAD,0,,2,docs/99-archive/reports/application_merged.md;docs/99-archive/reports/documentation_merged.md,False,,5,3,5,3,3,3,3,5,3,5,2,3,3,2,3,1,1,1,1,3,1
constant,_STRUCTURES_RENAMES,bioetl.application.pipelines.chembl.molecule_transformer._STRUCTURES_RENAMES,module,application,bioetl.application.pipelines.chembl.molecule_transformer,src/bioetl/application/pipelines/chembl/molecule_transformer.py:72,72,74,3,0,0,3,DEAD,0,,2,docs/99-archive/reports/application_merged.md;docs/99-archive/reports/documentation_merged.md,False,,5,3,5,3,3,3,3,5,3,5,2,3,3,2,3,1,1,1,1,3,1
constant,_MOLECULE_FLAGS,bioetl.application.pipelines.chembl.molecule_transformer._MOLECULE_FLAGS,module,application,bioetl.application.pipelines.chembl.molecule_transformer,src/bioetl/application/pipelines/chembl/molecule_transformer.py:99,99,117,19,0,0,2,DEAD,0,,1,docs/99-archive/reports/application_merged.md,False,,4,2,4,2,2,2,2,4,2,4,2,2,2,2,2,0,0,0,0,2,0
constant,_ADDITIONAL_METADATA,bioetl.application.pipelines.chembl.molecule_transformer._ADDITIONAL_METADATA,module,application,bioetl.application.pipelines.chembl.molecule_transformer,src/bioetl/application/pipelines/chembl/molecule_transformer.py:119,119,131,13,0,0,2,DEAD,0,,1,docs/99-archive/reports/application_merged.md,False,,4,2,4,2,2,2,2,4,2,4,2,2,2,2,2,0,0,0,0,2,0
constant,_MOLECULE_GROUPS,bioetl.application.pipelines.chembl.molecule_transformer._MOLECULE_GROUPS,module,application,bioetl.application.pipelines.chembl.molecule_transformer,src/bioetl/application/pipelines/chembl/molecule_transformer.py:134,134,138,5,0,0,3,DEAD,0,,2,docs/99-archive/reports/application_merged.md;docs/99-archive/reports/documentation_merged.md,False,,5,3,5,3,3,3,3,5,3,5,2,3,3,2,3,1,1,1,1,3,1
variable,structure_data,bioetl.application.pipelines.chembl.molecule_transformer.MoleculeTransformer._extract_business_data.structure_data,method,application,bioetl.application.pipelines.chembl.molecule_transformer,src/bioetl/application/pipelines/chembl/molecule_transformer.py:178,178,183,6,0,0,7,DEAD,0,,2,docs/99-archive/reports/application_merged.md;docs/99-archive/reports/documentation_merged.md,False,,13,7,13,7,7,7,7,13,7,13,6,7,7,6,7,1,1,1,1,7,1
constant,_HIERARCHY,bioetl.application.pipelines.chembl.protein_class_transformer._HIERARCHY,module,application,bioetl.application.pipelines.chembl.protein_class_transformer,src/bioetl/application/pipelines/chembl/protein_class_transformer.py:28,28,31,4,0,0,2,DEAD,0,,1,docs/99-archive/reports/application_merged.md,False,,4,2,4,2,2,2,2,4,2,4,2,2,2,2,2,0,0,0,0,2,0
constant,_CLASSIFICATION_DATA,bioetl.application.pipelines.chembl.protein_class_transformer._CLASSIFICATION_DATA,module,application,bioetl.application.pipelines.chembl.protein_class_transformer,src/bioetl/application/pipelines/chembl/protein_class_transformer.py:33,33,41,9,0,0,2,DEAD,0,,1,docs/99-archive/reports/application_merged.md,False,,4,2,4,2,2,2,2,4,2,4,2,2,2,2,2,0,0,0,0,2,0
constant,_PROTEIN_CLASS_GROUPS,bioetl.application.pipelines.chembl.protein_class_transformer._PROTEIN_CLASS_GROUPS,module,application,bioetl.application.pipelines.chembl.protein_class_transformer,src/bioetl/application/pipelines/chembl/protein_class_transformer.py:48,48,52,5,0,0,2,DEAD,0,,1,docs/99-archive/reports/application_merged.md,False,,4,2,4,2,2,2,2,4,2,4,2,2,2,2,2,0,0,0,0,2,0
variable,raw_term,bioetl.application.pipelines.chembl.publication_term_transformer.PublicationTermTransformer._extract_business_data.raw_term,method,application,bioetl.application.pipelines.chembl.publication_term_transformer,src/bioetl/application/pipelines/chembl/publication_term_transformer.py:148,148,148,1,0,0,3,DEAD,0,,1,docs/99-archive/reports/application_merged.md,False,,6,3,6,3,3,3,3,6,3,6,3,3,3,3,3,0,0,0,0,3,0
variable,raw_term_type,bioetl.application.pipelines.chembl.publication_term_transformer.PublicationTermTransformer._extract_business_data.raw_term_type,method,application,bioetl.application.pipelines.chembl.publication_term_transformer,src/bioetl/application/pipelines/chembl/publication_term_transformer.py:149,149,149,1,0,0,3,DEAD,0,,1,docs/99-archive/reports/application_merged.md,False,,6,3,6,3,3,3,3,6,3,6,3,3,3,3,3,0,0,0,0,3,0
variable,raw_mesh_id,bioetl.application.pipelines.chembl.publication_term_transformer.PublicationTermTransformer._extract_business_data.raw_mesh_id,method,application,bioetl.application.pipelines.chembl.publication_term_transformer,src/bioetl/application/pipelines/chembl/publication_term_transformer.py:150,150,150,1,0,0,3,DEAD,0,,1,docs/99-archive/reports/application_merged.md,False,,6,3,6,3,3,3,3,6,3,6,3,3,3,3,3,0,0,0,0,3,0
variable,raw_qualifier,bioetl.application.pipelines.chembl.publication_term_transformer.PublicationTermTransformer._extract_business_data.raw_qualifier,method,application,bioetl.application.pipelines.chembl.publication_term_transformer,src/bioetl/application/pipelines/chembl/publication_term_transformer.py:151,151,151,1,0,0,3,DEAD,0,,1,docs/99-archive/reports/application_merged.md,False,,6,3,6,3,3,3,3,6,3,6,3,3,3,3,3,0,0,0,0,3,0
method,_create_term_data,bioetl.application.pipelines.chembl.publication_term_transformer.PublicationTermTransformer._create_term_data,class,application,bioetl.application.pipelines.chembl.publication_term_transformer,src/bioetl/application/pipelines/chembl/publication_term_transformer.py:251,251,278,28,0,0,5,DEAD,0,,1,docs/99-archive/reports/application_merged.md,False,,10,5,10,5,5,5,5,10,5,10,5,5,5,5,5,0,0,0,0,5,0
constant,_PUBLICATION_IDS,bioetl.application.pipelines.chembl.publication_transformer._PUBLICATION_IDS,module,application,bioetl.application.pipelines.chembl.publication_transformer,src/bioetl/application/pipelines/chembl/publication_transformer.py:45,45,53,9,0,0,2,DEAD,0,,1,docs/99-archive/reports/application_merged.md,False,,4,2,4,2,2,2,2,4,2,4,2,2,2,2,2,0,0,0,0,2,0
constant,_PUBLICATION_TYPE,bioetl.application.pipelines.chembl.publication_transformer._PUBLICATION_TYPE,module,application,bioetl.application.pipelines.chembl.publication_transformer,src/bioetl/application/pipelines/chembl/publication_transformer.py:60,60,66,7,0,0,0,DEAD,0,,0,,False,,2,2,2,2,2,2,2,2,2,2,2,2,2,2,0,0,0,0,0,0,0
constant,_JOURNAL_INFO,bioetl.application.pipelines.chembl.publication_transformer._JOURNAL_INFO,module,application,bioetl.application.pipelines.chembl.publication_transformer,src/bioetl/application/pipelines/chembl/publication_transformer.py:68,68,82,15,0,0,2,DEAD,0,,1,docs/99-archive/reports/application_merged.md,False,,4,2,4,2,2,2,2,4,2,4,2,2,2,2,2,0,0,0,0,2,0
constant,_SOURCE_INFO,bioetl.application.pipelines.chembl.publication_transformer._SOURCE_INFO,module,application,bioetl.application.pipelines.chembl.publication_transformer,src/bioetl/application/pipelines/chembl/publication_transformer.py:84,84,87,4,0,0,2,DEAD,0,,1,docs/99-archive/reports/application_merged.md,False,,4,2,4,2,2,2,2,4,2,4,2,2,2,2,2,0,0,0,0,2,0
constant,_PUBLICATION_GROUPS,bioetl.application.pipelines.chembl.publication_transformer._PUBLICATION_GROUPS,module,application,bioetl.application.pipelines.chembl.publication_transformer,src/bioetl/application/pipelines/chembl/publication_transformer.py:90,90,96,7,0,0,2,DEAD,0,,1,docs/99-archive/reports/application_merged.md,False,,4,2,4,2,2,2,2,4,2,4,2,2,2,2,2,0,0,0,0,2,0
variable,release_info,bioetl.application.pipelines.chembl.publication_transformer.PublicationTransformer._extract_business_data.release_info,method,application,bioetl.application.pipelines.chembl.publication_transformer,src/bioetl/application/pipelines/chembl/publication_transformer.py:220,220,220,1,0,0,5,DEAD,0,,1,docs/99-archive/reports/application_merged.md,False,,10,5,10,5,5,5,5,10,5,10,5,5,5,5,5,0,0,0,0,5,0
variable,example_assay,bioetl.application.pipelines.chembl.subcellular_fraction_transformer.SubcellularFractionTransformer._extract_business_data.example_assay,method,application,bioetl.application.pipelines.chembl.subcellular_fraction_transformer,src/bioetl/application/pipelines/chembl/subcellular_fraction_transformer.py:122,122,122,1,0,0,0,DEAD,0,,0,,False,,3,3,3,3,3,3,3,3,3,3,3,3,3,3,0,0,0,0,0,0,0
constant,_TARGET_COMPONENT_GROUPS,bioetl.application.pipelines.chembl.target_component_transformer._TARGET_COMPONENT_GROUPS,module,application,bioetl.application.pipelines.chembl.target_component_transformer,src/bioetl/application/pipelines/chembl/target_component_transformer.py:46,46,46,1,0,0,2,DEAD,0,,1,docs/99-archive/reports/application_merged.md,False,,4,2,4,2,2,2,2,4,2,4,2,2,2,2,2,0,0,0,0,2,0
variable,classification_ids,bioetl.application.pipelines.chembl.target_component_transformer.TargetComponentTransformer._extract_business_data.classification_ids,method,application,bioetl.application.pipelines.chembl.target_component_transformer,src/bioetl/application/pipelines/chembl/target_component_transformer.py:81,81,88,8,0,0,0,DEAD,0,,0,,False,,3,3,3,3,3,3,3,3,3,3,3,3,3,3,0,0,0,0,0,0,0
method,_flatten_target_components,bioetl.application.pipelines.chembl.target_transformer.TargetTransformer._flatten_target_components,class,application,bioetl.application.pipelines.chembl.target_transformer,src/bioetl/application/pipelines/chembl/target_transformer.py:44,44,64,21,0,0,3,DEAD,0,,2,docs/99-archive/reports/application_merged.md;docs/99-archive/reports/documentation_merged.md,False,,5,3,5,3,3,3,3,5,3,5,2,3,3,2,3,1,1,1,1,3,1
method,_empty_component_result,bioetl.application.pipelines.chembl.target_transformer.TargetTransformer._empty_component_result,class,application,bioetl.application.pipelines.chembl.target_transformer,src/bioetl/application/pipelines/chembl/target_transformer.py:66,66,74,9,0,0,2,DEAD,0,,1,docs/99-archive/reports/application_merged.md,False,,4,2,4,2,2,2,2,4,2,4,2,2,2,2,2,0,0,0,0,2,0
method,_extract_basic_component_fields,bioetl.application.pipelines.chembl.target_transformer.TargetTransformer._extract_basic_component_fields,class,application,bioetl.application.pipelines.chembl.target_transformer,src/bioetl/application/pipelines/chembl/target_transformer.py:76,76,88,13,0,0,2,DEAD,0,,1,docs/99-archive/reports/application_merged.md,False,,4,2,4,2,2,2,2,4,2,4,2,2,2,2,2,0,0,0,0,2,0
method,_aggregate_synonyms,bioetl.application.pipelines.chembl.target_transformer.TargetTransformer._aggregate_synonyms,class,application,bioetl.application.pipelines.chembl.target_transformer,src/bioetl/application/pipelines/chembl/target_transformer.py:90,90,105,16,0,0,2,DEAD,0,,1,docs/99-archive/reports/application_merged.md,False,,4,2,4,2,2,2,2,4,2,4,2,2,2,2,2,0,0,0,0,2,0
method,_aggregate_component_xrefs,bioetl.application.pipelines.chembl.target_transformer.TargetTransformer._aggregate_component_xrefs,class,application,bioetl.application.pipelines.chembl.target_transformer,src/bioetl/application/pipelines/chembl/target_transformer.py:107,107,124,18,0,0,2,DEAD,0,,1,docs/99-archive/reports/application_merged.md,False,,4,2,4,2,2,2,2,4,2,4,2,2,2,2,2,0,0,0,0,2,0
variable,flattened_components,bioetl.application.pipelines.chembl.target_transformer.TargetTransformer._extract_business_data.flattened_components,method,application,bioetl.application.pipelines.chembl.target_transformer,src/bioetl/application/pipelines/chembl/target_transformer.py:147,147,147,1,0,0,2,DEAD,0,,1,docs/99-archive/reports/application_merged.md,False,,5,3,5,3,3,3,3,5,3,5,3,3,3,3,2,0,0,0,0,2,0
variable,downgraded_val,bioetl.application.pipelines.chembl.target_transformer.TargetTransformer._extract_business_data.downgraded_val,method,application,bioetl.application.pipelines.chembl.target_transformer,src/bioetl/application/pipelines/chembl/target_transformer.py:155,155,155,1,0,0,3,DEAD,0,,1,docs/99-archive/reports/application_merged.md,False,,6,3,6,3,3,3,3,6,3,6,3,3,3,3,3,0,0,0,0,3,0
variable,record_with_alias,bioetl.application.pipelines.chembl.tissue_transformer.TissueTransformer._transform_impl.record_with_alias,method,application,bioetl.application.pipelines.chembl.tissue_transformer,src/bioetl/application/pipelines/chembl/tissue_transformer.py:38,38,38,1,0,0,0,DEAD,0,,0,,False,,4,4,4,4,4,4,4,4,4,4,4,4,4,4,0,0,0,0,0,0,0
variable,hash_data,bioetl.application.pipelines.common.base_publication_transformer.BasePublicationTransformer._transform_impl.hash_data,method,application,bioetl.application.pipelines.common.base_publication_transformer,src/bioetl/application/pipelines/common/base_publication_transformer.py:190,190,190,1,0,0,2,DEAD,0,,1,docs/99-archive/reports/application_merged.md,False,,2,0,2,0,0,0,0,2,0,2,0,0,0,0,2,0,0,0,0,2,0
function,_normalize_orcid,bioetl.application.pipelines.crossref.author_extractors._normalize_orcid,module,application,bioetl.application.pipelines.crossref.author_extractors,src/bioetl/application/pipelines/crossref/author_extractors.py:17,17,37,21,0,0,3,DEAD,0,,1,docs/99-archive/reports/application_merged.md,False,,3,0,3,0,0,0,0,3,0,3,0,0,0,0,6,0,0,0,0,3,0
parameter,orcid_value,bioetl.application.pipelines.crossref.author_extractors.orcid_value,function,application,bioetl.application.pipelines.crossref.author_extractors,src/bioetl/application/pipelines/crossref/author_extractors.py:17,17,17,1,0,0,4,DEAD,0,,1,docs/99-archive/reports/application_merged.md,False,,4,0,4,0,0,0,0,4,0,4,0,0,0,0,7,0,0,0,0,4,0
function,_extract_author_sequence,bioetl.application.pipelines.crossref.author_extractors._extract_author_sequence,module,application,bioetl.application.pipelines.crossref.author_extractors,src/bioetl/application/pipelines/crossref/author_extractors.py:40,40,46,7,0,0,2,DEAD,0,,1,docs/99-archive/reports/application_merged.md,False,,2,0,2,0,0,0,0,2,0,2,0,0,0,0,4,0,0,0,0,2,0
function,_extract_author_affiliations_list,bioetl.application.pipelines.crossref.author_extractors._extract_author_affiliations_list,module,application,bioetl.application.pipelines.crossref.author_extractors,src/bioetl/application/pipelines/crossref/author_extractors.py:49,49,61,13,0,0,2,DEAD,0,,1,docs/99-archive/reports/application_merged.md,False,,2,0,2,0,0,0,0,2,0,2,0,0,0,0,4,0,0,0,0,2,0
variable,aff_name,bioetl.application.pipelines.crossref.author_extractors._extract_author_affiliations_list.aff_name,function,application,bioetl.application.pipelines.crossref.author_extractors,src/bioetl/application/pipelines/crossref/author_extractors.py:56,56,56,1,0,0,7,DEAD,0,,1,docs/99-archive/reports/application_merged.md,False,,7,0,7,0,0,0,0,7,0,7,0,0,0,0,14,0,0,0,0,7,0
function,_build_author_detail,bioetl.application.pipelines.crossref.author_extractors._build_author_detail,module,application,bioetl.application.pipelines.crossref.author_extractors,src/bioetl/application/pipelines/crossref/author_extractors.py:64,64,90,27,0,0,2,DEAD,0,,1,docs/99-archive/reports/application_merged.md,False,,2,0,2,0,0,0,0,2,0,2,0,0,0,0,4,0,0,0,0,2,0
variable,org_name,bioetl.application.pipelines.crossref.author_extractors._build_author_detail.org_name,function,application,bioetl.application.pipelines.crossref.author_extractors,src/bioetl/application/pipelines/crossref/author_extractors.py:68,68,68,1,0,0,3,DEAD,0,,1,docs/99-archive/reports/application_merged.md,False,,3,0,3,0,0,0,0,3,0,3,0,0,0,0,6,0,0,0,0,3,0
variable,normalized_orcid,bioetl.application.pipelines.crossref.author_extractors._build_author_detail.normalized_orcid,function,application,bioetl.application.pipelines.crossref.author_extractors,src/bioetl/application/pipelines/crossref/author_extractors.py:74,74,74,1,0,0,0,DEAD,0,,0,,False,,0,0,0,0,0,0,0,0,0,0,0,0,0,0,3,0,0,0,0,0,0
variable,issn_type_list,bioetl.application.pipelines.crossref.extractors.extract_issn_by_type.issn_type_list,function,application,bioetl.application.pipelines.crossref.extractors,src/bioetl/application/pipelines/crossref/extractors.py:334,334,334,1,0,0,3,DEAD,0,,1,docs/99-archive/reports/application_merged.md,False,,3,0,3,0,0,0,0,3,0,3,0,0,0,0,6,0,0,0,0,3,0
variable,issn_value,bioetl.application.pipelines.crossref.extractors.extract_issn_by_type.issn_value,function,application,bioetl.application.pipelines.crossref.extractors,src/bioetl/application/pipelines/crossref/extractors.py:344,344,344,1,0,0,3,DEAD,0,,1,docs/99-archive/reports/application_merged.md,False,,3,0,3,0,0,0,0,3,0,3,0,0,0,0,6,0,0,0,0,3,0
variable,issn_kind,bioetl.application.pipelines.crossref.extractors.extract_issn_by_type.issn_kind,function,application,bioetl.application.pipelines.crossref.extractors,src/bioetl/application/pipelines/crossref/extractors.py:345,345,345,1,0,0,3,DEAD,0,,1,docs/99-archive/reports/application_merged.md,False,,3,0,3,0,0,0,0,3,0,3,0,0,0,0,6,0,0,0,0,3,0
function,_clean_string,bioetl.application.pipelines.crossref.reference_extractors._clean_string,module,application,bioetl.application.pipelines.crossref.reference_extractors,src/bioetl/application/pipelines/crossref/reference_extractors.py:17,17,24,8,0,0,15,DEAD,0,,1,docs/99-archive/reports/application_merged.md,False,,15,0,15,0,0,0,0,15,0,15,0,0,0,0,30,0,0,0,0,15,0
function,_parse_year,bioetl.application.pipelines.crossref.reference_extractors._parse_year,module,application,bioetl.application.pipelines.crossref.reference_extractors,src/bioetl/application/pipelines/crossref/reference_extractors.py:27,27,37,11,0,0,2,DEAD,0,,1,docs/99-archive/reports/application_merged.md,False,,2,0,2,0,0,0,0,2,0,2,0,0,0,0,4,0,0,0,0,2,0
parameter,year_raw,bioetl.application.pipelines.crossref.reference_extractors.year_raw,function,application,bioetl.application.pipelines.crossref.reference_extractors,src/bioetl/application/pipelines/crossref/reference_extractors.py:27,27,27,1,0,0,6,DEAD,0,,1,docs/99-archive/reports/application_merged.md,False,,6,0,6,0,0,0,0,6,0,6,0,0,0,0,12,0,0,0,0,6,0
variable,year_str,bioetl.application.pipelines.crossref.reference_extractors._parse_year.year_str,function,application,bioetl.application.pipelines.crossref.reference_extractors,src/bioetl/application/pipelines/crossref/reference_extractors.py:34,34,34,1,0,0,3,DEAD,0,,1,docs/99-archive/reports/application_merged.md,False,,3,0,3,0,0,0,0,3,0,3,0,0,0,0,6,0,0,0,0,3,0
variable,page_info,bioetl.application.pipelines.crossref.transformer.CrossRefPublicationTransformer._extract_business_data.page_info,method,application,bioetl.application.pipelines.crossref.transformer,src/bioetl/application/pipelines/crossref/transformer.py:129,129,129,1,0,0,2,DEAD,0,,1,docs/99-archive/reports/application_merged.md,False,,2,0,2,0,0,0,0,2,0,2,0,0,0,0,4,0,0,0,0,2,0
variable,issn_by_type,bioetl.application.pipelines.crossref.transformer.CrossRefPublicationTransformer._extract_business_data.issn_by_type,method,application,bioetl.application.pipelines.crossref.transformer,src/bioetl/application/pipelines/crossref/transformer.py:132,132,132,1,0,0,2,DEAD,0,,1,docs/99-archive/reports/application_merged.md,False,,2,0,2,0,0,0,0,2,0,2,0,0,0,0,4,0,0,0,0,2,0
variable,serialized_orcids,bioetl.application.pipelines.crossref.transformer.CrossRefPublicationTransformer._extract_business_data.serialized_orcids,method,application,bioetl.application.pipelines.crossref.transformer,src/bioetl/application/pipelines/crossref/transformer.py:142,142,142,1,0,0,2,DEAD,0,,1,docs/99-archive/reports/application_merged.md,False,,2,0,2,0,0,0,0,2,0,2,0,0,0,0,4,0,0,0,0,2,0
variable,raw_author_details,bioetl.application.pipelines.crossref.transformer.CrossRefPublicationTransformer._extract_business_data.raw_author_details,method,application,bioetl.application.pipelines.crossref.transformer,src/bioetl/application/pipelines/crossref/transformer.py:146,146,146,1,0,0,2,DEAD,0,,1,docs/99-archive/reports/application_merged.md,False,,2,0,2,0,0,0,0,2,0,2,0,0,0,0,4,0,0,0,0,2,0
variable,hashed_author_details,bioetl.application.pipelines.crossref.transformer.CrossRefPublicationTransformer._extract_business_data.hashed_author_details,method,application,bioetl.application.pipelines.crossref.transformer,src/bioetl/application/pipelines/crossref/transformer.py:147,147,147,1,0,0,2,DEAD,0,,1,docs/99-archive/reports/application_merged.md,False,,2,0,2,0,0,0,0,2,0,2,0,0,0,0,4,0,0,0,0,2,0
variable,serialized_author_details,bioetl.application.pipelines.crossref.transformer.CrossRefPublicationTransformer._extract_business_data.serialized_author_details,method,application,bioetl.application.pipelines.crossref.transformer,src/bioetl/application/pipelines/crossref/transformer.py:148,148,148,1,0,0,2,DEAD,0,,1,docs/99-archive/reports/application_merged.md,False,,2,0,2,0,0,0,0,2,0,2,0,0,0,0,4,0,0,0,0,2,0
variable,raw_references,bioetl.application.pipelines.crossref.transformer.CrossRefPublicationTransformer._extract_business_data.raw_references,method,application,bioetl.application.pipelines.crossref.transformer,src/bioetl/application/pipelines/crossref/transformer.py:151,151,151,1,0,0,2,DEAD,0,,1,docs/99-archive/reports/application_merged.md,False,,2,0,2,0,0,0,0,2,0,2,0,0,0,0,4,0,0,0,0,2,0
variable,serialized_references,bioetl.application.pipelines.crossref.transformer.CrossRefPublicationTransformer._extract_business_data.serialized_references,method,application,bioetl.application.pipelines.crossref.transformer,src/bioetl/application/pipelines/crossref/transformer.py:152,152,152,1,0,0,2,DEAD,0,,1,docs/99-archive/reports/application_merged.md,False,,2,0,2,0,0,0,0,2,0,2,0,0,0,0,4,0,0,0,0,2,0
variable,raw_doi_str,bioetl.application.pipelines.crossref.transformer.CrossRefPublicationTransformer._pre_extract_validation.raw_doi_str,method,application,bioetl.application.pipelines.crossref.transformer,src/bioetl/application/pipelines/crossref/transformer.py:262,262,262,1,0,0,2,DEAD,0,,1,docs/99-archive/reports/application_merged.md,False,,2,0,2,0,0,0,0,2,0,2,0,0,0,0,4,0,0,0,0,2,0
method,_hash_author_details,bioetl.application.pipelines.crossref.transformer.CrossRefPublicationTransformer._hash_author_details,class,application,bioetl.application.pipelines.crossref.transformer,src/bioetl/application/pipelines/crossref/transformer.py:270,270,307,38,0,0,2,DEAD,0,,1,docs/99-archive/reports/application_merged.md,False,,2,0,2,0,0,0,0,2,0,2,0,0,0,0,4,0,0,0,0,2,0
variable,hashed_details,bioetl.application.pipelines.crossref.transformer.CrossRefPublicationTransformer._hash_author_details.hashed_details,method,application,bioetl.application.pipelines.crossref.transformer,src/bioetl/application/pipelines/crossref/transformer.py:285,285,285,1,0,0,3,DEAD,0,,1,docs/99-archive/reports/application_merged.md,False,,3,0,3,0,0,0,0,3,0,3,0,0,0,0,6,0,0,0,0,3,0
variable,hashed_author,bioetl.application.pipelines.crossref.transformer.CrossRefPublicationTransformer._hash_author_details.hashed_author,method,application,bioetl.application.pipelines.crossref.transformer,src/bioetl/application/pipelines/crossref/transformer.py:288,288,288,1,0,0,8,DEAD,0,,1,docs/99-archive/reports/application_merged.md,False,,8,0,8,0,0,0,0,8,0,8,0,0,0,0,16,0,0,0,0,8,0
variable,issn_raw,bioetl.application.pipelines.crossref.transformer.CrossRefPublicationTransformer.entity_to_silver_record.issn_raw,method,application,bioetl.application.pipelines.crossref.transformer,src/bioetl/application/pipelines/crossref/transformer.py:368,368,368,1,0,0,0,DEAD,0,,0,,False,,0,0,0,0,0,0,0,0,0,0,0,0,0,0,6,0,0,0,0,0,0
constant,_ORCID_PATTERN,bioetl.application.pipelines.openalex.extractors._ORCID_PATTERN,module,application,bioetl.application.pipelines.openalex.extractors,src/bioetl/application/pipelines/openalex/extractors.py:12,12,12,1,0,0,0,DEAD,0,,0,,False,,0,0,0,0,0,0,0,0,0,0,0,0,0,0,0,2,0,0,0,0,0
function,_extract_id_from_url,bioetl.application.pipelines.openalex.extractors._extract_id_from_url,module,application,bioetl.application.pipelines.openalex.extractors,src/bioetl/application/pipelines/openalex/extractors.py:43,43,54,12,0,0,4,DEAD,0,,1,docs/99-archive/reports/application_merged.md,False,,4,0,4,0,0,0,0,4,0,4,0,0,0,0,4,7,0,0,0,4,0
function,_get_nested_display_name,bioetl.application.pipelines.openalex.extractors._get_nested_display_name,module,application,bioetl.application.pipelines.openalex.extractors,src/bioetl/application/pipelines/openalex/extractors.py:57,57,68,12,0,0,4,DEAD,0,,1,docs/99-archive/reports/application_merged.md,False,,4,0,4,0,0,0,0,4,0,4,0,0,0,0,4,4,0,0,0,4,0
function,_parse_topic_dict,bioetl.application.pipelines.openalex.extractors._parse_topic_dict,module,application,bioetl.application.pipelines.openalex.extractors,src/bioetl/application/pipelines/openalex/extractors.py:71,71,94,24,0,0,3,DEAD,0,,1,docs/99-archive/reports/application_merged.md,False,,3,0,3,0,0,0,0,3,0,3,0,0,0,0,3,3,0,0,0,3,0
variable,score_val,bioetl.application.pipelines.openalex.extractors._parse_topic_dict.score_val,function,application,bioetl.application.pipelines.openalex.extractors,src/bioetl/application/pipelines/openalex/extractors.py:85,85,85,1,0,0,2,DEAD,0,,1,docs/99-archive/reports/application_merged.md,False,,2,0,2,0,0,0,0,2,0,2,0,0,0,0,2,2,0,0,0,2,0
parameter,openalex_url,bioetl.application.pipelines.openalex.extractors.openalex_url,function,application,bioetl.application.pipelines.openalex.extractors,src/bioetl/application/pipelines/openalex/extractors.py:110,110,110,1,0,0,5,DEAD,0,,1,docs/99-archive/reports/application_merged.md,False,,5,0,5,0,0,0,0,5,0,5,0,0,0,0,5,5,0,0,0,5,0
function,_extract_orcid_from_url,bioetl.application.pipelines.openalex.extractors._extract_orcid_from_url,module,application,bioetl.application.pipelines.openalex.extractors,src/bioetl/application/pipelines/openalex/extractors.py:132,132,153,22,0,0,0,DEAD,0,,0,,False,,0,0,0,0,0,0,0,0,0,0,0,0,0,0,0,2,0,0,0,0,0
variable,author_ids,bioetl.application.pipelines.openalex.extractors.extract_author_ids.author_ids,function,application,bioetl.application.pipelines.openalex.extractors,src/bioetl/application/pipelines/openalex/extractors.py:165,165,165,1,0,0,9,DEAD,0,,4,docs/04-reference/pipelines/semanticscholar-publication.md;docs/99-archive/reports/application_merged.md;docs/99-archive/reports/domain_merged.md;docs/99-archive/reports/infrastructure_merged.md,False,,5,0,4,0,1,0,0,4,0,4,0,0,0,0,4,4,0,0,4,5,0
variable,raw_id,bioetl.application.pipelines.openalex.extractors.extract_author_ids.raw_id,function,application,bioetl.application.pipelines.openalex.extractors,src/bioetl/application/pipelines/openalex/extractors.py:171,171,171,1,0,0,2,DEAD,0,,1,docs/99-archive/reports/application_merged.md,False,,2,0,2,0,0,0,0,2,0,2,0,0,0,0,2,4,0,0,0,2,0
variable,orcid_url,bioetl.application.pipelines.openalex.extractors.extract_author_orcids.orcid_url,function,application,bioetl.application.pipelines.openalex.extractors,src/bioetl/application/pipelines/openalex/extractors.py:199,199,199,1,0,0,0,DEAD,0,,0,,False,,0,0,0,0,0,0,0,0,0,0,0,0,0,0,0,4,0,0,0,0,0
variable,raw_id,bioetl.application.pipelines.openalex.extractors.extract_institution_ids.raw_id,function,application,bioetl.application.pipelines.openalex.extractors,src/bioetl/application/pipelines/openalex/extractors.py:241,241,241,1,0,0,2,DEAD,0,,1,docs/99-archive/reports/application_merged.md,False,,2,0,2,0,0,0,0,2,0,2,0,0,0,0,2,4,0,0,0,2,0
function,_parse_grant_dict,bioetl.application.pipelines.openalex.extractors._parse_grant_dict,module,application,bioetl.application.pipelines.openalex.extractors,src/bioetl/application/pipelines/openalex/extractors.py:347,347,367,21,0,0,2,DEAD,0,,1,docs/99-archive/reports/application_merged.md,False,,2,0,2,0,0,0,0,2,0,2,0,0,0,0,2,2,0,0,0,2,0
variable,funder_name,bioetl.application.pipelines.openalex.extractors._parse_grant_dict.funder_name,function,application,bioetl.application.pipelines.openalex.extractors,src/bioetl/application/pipelines/openalex/extractors.py:356,356,356,1,0,0,5,DEAD,0,,2,docs/04-reference/pipelines/openalex-publication.md;docs/99-archive/reports/application_merged.md,False,,4,0,4,0,0,0,0,4,0,4,0,0,0,0,4,5,0,0,0,4,0
variable,award_str,bioetl.application.pipelines.openalex.extractors._parse_grant_dict.award_str,function,application,bioetl.application.pipelines.openalex.extractors,src/bioetl/application/pipelines/openalex/extractors.py:361,361,361,1,0,0,2,DEAD,0,,1,docs/99-archive/reports/application_merged.md,False,,2,0,2,0,0,0,0,2,0,2,0,0,0,0,2,2,0,0,0,2,0
variable,word_positions,bioetl.application.pipelines.openalex.extractors.reconstruct_abstract.word_positions,function,application,bioetl.application.pipelines.openalex.extractors,src/bioetl/application/pipelines/openalex/extractors.py:408,408,408,1,0,0,5,DEAD,0,,1,docs/99-archive/reports/application_merged.md,False,,5,0,5,0,0,0,0,5,0,5,0,0,0,0,5,5,0,0,0,5,0
variable,mag_raw,bioetl.application.pipelines.openalex.extractors.extract_external_ids.mag_raw,function,application,bioetl.application.pipelines.openalex.extractors,src/bioetl/application/pipelines/openalex/extractors.py:450,450,450,1,0,0,3,DEAD,0,,1,docs/99-archive/reports/application_merged.md,False,,3,0,3,0,0,0,0,3,0,3,0,0,0,0,3,3,0,0,0,3,0
variable,abstract_index,bioetl.application.pipelines.openalex.transformer.OpenAlexPublicationTransformer._extract_business_data.abstract_index,method,application,bioetl.application.pipelines.openalex.transformer,src/bioetl/application/pipelines/openalex/transformer.py:147,147,147,1,0,0,2,DEAD,0,,1,docs/99-archive/reports/application_merged.md,False,,2,0,2,0,0,0,0,2,0,2,0,0,0,0,2,2,0,0,0,2,0
variable,raw_affiliations,bioetl.application.pipelines.openalex.transformer.OpenAlexPublicationTransformer._extract_business_data.raw_affiliations,method,application,bioetl.application.pipelines.openalex.transformer,src/bioetl/application/pipelines/openalex/transformer.py:159,159,161,3,0,0,2,DEAD,0,,1,docs/99-archive/reports/application_merged.md,False,,2,0,2,0,0,0,0,2,0,2,0,0,0,0,2,3,0,0,0,2,0
variable,serialized_affiliations,bioetl.application.pipelines.openalex.transformer.OpenAlexPublicationTransformer._extract_business_data.serialized_affiliations,method,application,bioetl.application.pipelines.openalex.transformer,src/bioetl/application/pipelines/openalex/transformer.py:162,162,166,5,0,0,2,DEAD,0,,1,docs/99-archive/reports/application_merged.md,False,,2,0,2,0,0,0,0,2,0,2,0,0,0,0,2,2,0,0,0,2,0
variable,biblio_info,bioetl.application.pipelines.openalex.transformer.OpenAlexPublicationTransformer._extract_business_data.biblio_info,method,application,bioetl.application.pipelines.openalex.transformer,src/bioetl/application/pipelines/openalex/transformer.py:206,206,206,1,0,0,5,DEAD,0,,1,docs/99-archive/reports/application_merged.md,False,,5,0,5,0,0,0,0,5,0,5,0,0,0,0,5,5,0,0,0,5,0
method,_extract_computed_descriptors,bioetl.application.pipelines.pubchem.transformer.PubChemCompoundTransformer._extract_computed_descriptors,class,application,bioetl.application.pipelines.pubchem.transformer,src/bioetl/application/pipelines/pubchem/transformer.py:80,80,89,10,0,0,2,DEAD,0,,1,docs/99-archive/reports/application_merged.md,False,,2,0,2,0,0,0,0,2,0,2,0,0,0,0,2,0,2,0,0,2,0
method,_extract_atom_bond_counts,bioetl.application.pipelines.pubchem.transformer.PubChemCompoundTransformer._extract_atom_bond_counts,class,application,bioetl.application.pipelines.pubchem.transformer,src/bioetl/application/pipelines/pubchem/transformer.py:91,91,98,8,0,0,2,DEAD,0,,1,docs/99-archive/reports/application_merged.md,False,,2,0,2,0,0,0,0,2,0,2,0,0,0,0,2,0,2,0,0,2,0
method,_extract_stereochemistry,bioetl.application.pipelines.pubchem.transformer.PubChemCompoundTransformer._extract_stereochemistry,class,application,bioetl.application.pipelines.pubchem.transformer,src/bioetl/application/pipelines/pubchem/transformer.py:100,100,119,20,0,0,3,DEAD,0,,2,docs/99-archive/reports/application_merged.md;docs/99-archive/reports/documentation_merged.md,False,,3,1,3,1,1,1,1,3,1,3,0,1,1,0,3,1,3,1,1,3,1
method,_extract_3d_properties,bioetl.application.pipelines.pubchem.transformer.PubChemCompoundTransformer._extract_3d_properties,class,application,bioetl.application.pipelines.pubchem.transformer,src/bioetl/application/pipelines/pubchem/transformer.py:121,121,147,27,0,0,3,DEAD,0,,2,docs/99-archive/reports/application_merged.md;docs/99-archive/reports/documentation_merged.md,False,,3,1,3,1,1,1,1,3,1,3,0,1,1,0,3,1,3,1,1,3,1
variable,abstract_node,bioetl.application.pipelines.pubmed.extractors.abstract.AbstractExtractor.extract.abstract_node,method,application,bioetl.application.pipelines.pubmed.extractors.abstract,src/bioetl/application/pipelines/pubmed/extractors/abstract.py:35,35,35,1,0,0,6,DEAD,0,,1,docs/99-archive/reports/application_merged.md,False,,6,0,6,0,0,0,0,6,0,6,0,0,0,0,6,0,0,6,0,6,0
variable,full_text,bioetl.application.pipelines.pubmed.extractors.abstract.AbstractExtractor.extract.full_text,method,application,bioetl.application.pipelines.pubmed.extractors.abstract,src/bioetl/application/pipelines/pubmed/extractors/abstract.py:45,45,45,1,0,0,5,DEAD,0,,1,docs/99-archive/reports/application_merged.md,False,,5,0,5,0,0,0,0,5,0,5,0,0,0,0,5,0,0,5,0,5,0
variable,abstract_node,bioetl.application.pipelines.pubmed.extractors.abstract.AbstractExtractor.is_abstract_structured.abstract_node,method,application,bioetl.application.pipelines.pubmed.extractors.abstract,src/bioetl/application/pipelines/pubmed/extractors/abstract.py:93,93,93,1,0,0,6,DEAD,0,,1,docs/99-archive/reports/application_merged.md,False,,6,0,6,0,0,0,0,6,0,6,0,0,0,0,6,0,0,6,0,6,0
constant,EMAIL_PATTERN,bioetl.application.pipelines.pubmed.extractors.author.EMAIL_PATTERN,module,application,bioetl.application.pipelines.pubmed.extractors.author,src/bioetl/application/pipelines/pubmed/extractors/author.py:25,25,25,1,0,0,2,DEAD,0,,1,docs/99-archive/reports/application_merged.md,False,,2,0,2,0,0,0,0,2,0,2,0,0,0,0,2,0,0,2,0,2,0
variable,aff_text,bioetl.application.pipelines.pubmed.extractors.author.AuthorExtractor.extract.aff_text,method,application,bioetl.application.pipelines.pubmed.extractors.author,src/bioetl/application/pipelines/pubmed/extractors/author.py:96,96,96,1,0,0,7,DEAD,0,,1,docs/99-archive/reports/application_merged.md,False,,7,0,7,0,0,0,0,7,0,7,0,0,0,0,7,0,0,7,0,7,0
variable,structured_aff,bioetl.application.pipelines.pubmed.extractors.author.AuthorExtractor.extract.structured_aff,method,application,bioetl.application.pipelines.pubmed.extractors.author,src/bioetl/application/pipelines/pubmed/extractors/author.py:101,101,101,1,0,0,3,DEAD,0,,1,docs/99-archive/reports/application_merged.md,False,,3,0,3,0,0,0,0,3,0,3,0,0,0,0,3,0,0,3,0,3,0
method,_find_identifier,bioetl.application.pipelines.pubmed.extractors.author.AuthorExtractor._find_identifier,class,application,bioetl.application.pipelines.pubmed.extractors.author,src/bioetl/application/pipelines/pubmed/extractors/author.py:120,120,139,20,0,0,0,DEAD,0,,0,,False,,0,0,0,0,0,0,0,0,0,0,0,0,0,0,0,0,0,2,0,0,0
parameter,aff_info,bioetl.application.pipelines.pubmed.extractors.author.AuthorExtractor.aff_info,method,application,bioetl.application.pipelines.pubmed.extractors.author,src/bioetl/application/pipelines/pubmed/extractors/author.py:120,120,120,1,0,0,5,DEAD,0,,1,docs/99-archive/reports/application_merged.md,False,,5,0,5,0,0,0,0,5,0,5,0,0,0,0,5,0,0,8,0,5,0
variable,aff_elem,bioetl.application.pipelines.pubmed.extractors.author.AuthorExtractor._extract_structured_affiliation.aff_elem,method,application,bioetl.application.pipelines.pubmed.extractors.author,src/bioetl/application/pipelines/pubmed/extractors/author.py:160,160,160,1,0,0,2,DEAD,0,,1,docs/99-archive/reports/application_merged.md,False,,2,0,2,0,0,0,0,2,0,2,0,0,0,0,2,0,0,2,0,2,0
variable,aff_text,bioetl.application.pipelines.pubmed.extractors.author.AuthorExtractor._extract_structured_affiliation.aff_text,method,application,bioetl.application.pipelines.pubmed.extractors.author,src/bioetl/application/pipelines/pubmed/extractors/author.py:161,161,161,1,0,0,7,DEAD,0,,1,docs/99-archive/reports/application_merged.md,False,,7,0,7,0,0,0,0,7,0,7,0,0,0,0,7,0,0,7,0,7,0
variable,all_affiliations,bioetl.application.pipelines.pubmed.extractors.author.AuthorExtractor.parse_affiliations.all_affiliations,method,application,bioetl.application.pipelines.pubmed.extractors.author,src/bioetl/application/pipelines/pubmed/extractors/author.py:262,262,262,1,0,0,3,DEAD,0,,1,docs/99-archive/reports/application_merged.md,False,,3,0,3,0,0,0,0,3,0,3,0,0,0,0,3,0,0,3,0,3,0
variable,seen_texts,bioetl.application.pipelines.pubmed.extractors.author.AuthorExtractor.parse_structured_affiliations.seen_texts,method,application,bioetl.application.pipelines.pubmed.extractors.author,src/bioetl/application/pipelines/pubmed/extractors/author.py:297,297,297,1,0,0,4,DEAD,0,,1,docs/99-archive/reports/application_merged.md,False,,4,0,4,0,0,0,0,4,0,4,0,0,0,0,4,0,0,4,0,4,0
class,RawClassification,bioetl.application.pipelines.pubmed.extractors.classification.RawClassification,module,application,bioetl.application.pipelines.pubmed.extractors.classification,src/bioetl/application/pipelines/pubmed/extractors/classification.py:14,14,19,6,0,0,5,DEAD,0,,2,docs/99-archive/reports/application_merged.md;docs/99-archive/reports/configs_merged.md,False,,5,1,5,1,1,1,1,5,1,5,0,1,1,0,5,1,1,5,1,5,1
class,NormalizedClassification,bioetl.application.pipelines.pubmed.extractors.classification.NormalizedClassification,module,application,bioetl.application.pipelines.pubmed.extractors.classification,src/bioetl/application/pipelines/pubmed/extractors/classification.py:22,22,27,6,0,0,4,DEAD,0,,2,docs/99-archive/reports/application_merged.md;docs/99-archive/reports/configs_merged.md,False,,4,1,4,1,1,1,1,4,1,4,0,1,1,0,4,1,1,4,1,4,1
method,_extract_keywords_raw,bioetl.application.pipelines.pubmed.extractors.classification.ClassificationExtractor._extract_keywords_raw,class,application,bioetl.application.pipelines.pubmed.extractors.classification,src/bioetl/application/pipelines/pubmed/extractors/classification.py:75,75,82,8,0,0,3,DEAD,0,,1,docs/99-archive/reports/application_merged.md,False,,3,0,3,0,0,0,0,3,0,3,0,0,0,0,3,0,0,3,0,3,0
variable,keyword_list,bioetl.application.pipelines.pubmed.extractors.classification.ClassificationExtractor._extract_keywords_raw.keyword_list,method,application,bioetl.application.pipelines.pubmed.extractors.classification,src/bioetl/application/pipelines/pubmed/extractors/classification.py:79,79,79,1,0,0,3,DEAD,0,,1,docs/99-archive/reports/application_merged.md,False,,3,0,3,0,0,0,0,3,0,3,0,0,0,0,3,0,0,3,0,3,0
method,_extract_mesh_raw,bioetl.application.pipelines.pubmed.extractors.classification.ClassificationExtractor._extract_mesh_raw,class,application,bioetl.application.pipelines.pubmed.extractors.classification,src/bioetl/application/pipelines/pubmed/extractors/classification.py:84,84,96,13,0,0,3,DEAD,0,,1,docs/99-archive/reports/application_merged.md,False,,3,0,3,0,0,0,0,3,0,3,0,0,0,0,3,0,0,3,0,3,0
variable,mesh_list,bioetl.application.pipelines.pubmed.extractors.classification.ClassificationExtractor._extract_mesh_raw.mesh_list,method,application,bioetl.application.pipelines.pubmed.extractors.classification,src/bioetl/application/pipelines/pubmed/extractors/classification.py:88,88,88,1,0,0,3,DEAD,0,,1,docs/99-archive/reports/application_merged.md,False,,3,0,3,0,0,0,0,3,0,3,0,0,0,0,3,0,0,3,0,3,0
method,_extract_pub_types_raw,bioetl.application.pipelines.pubmed.extractors.classification.ClassificationExtractor._extract_pub_types_raw,class,application,bioetl.application.pipelines.pubmed.extractors.classification,src/bioetl/application/pipelines/pubmed/extractors/classification.py:98,98,105,8,0,0,3,DEAD,0,,1,docs/99-archive/reports/application_merged.md,False,,3,0,3,0,0,0,0,3,0,3,0,0,0,0,3,0,0,3,0,3,0
variable,type_list,bioetl.application.pipelines.pubmed.extractors.classification.ClassificationExtractor._extract_pub_types_raw.type_list,method,application,bioetl.application.pipelines.pubmed.extractors.classification,src/bioetl/application/pipelines/pubmed/extractors/classification.py:102,102,102,1,0,0,3,DEAD,0,,1,docs/99-archive/reports/application_merged.md,False,,3,0,3,0,0,0,0,3,0,3,0,0,0,0,3,0,0,3,0,3,0
parameter,raw_list,bioetl.application.pipelines.pubmed.extractors.classification.ClassificationExtractor.raw_list,method,application,bioetl.application.pipelines.pubmed.extractors.classification,src/bioetl/application/pipelines/pubmed/extractors/classification.py:107,107,107,1,0,0,2,DEAD,0,,1,docs/99-archive/reports/application_merged.md,False,,2,0,2,0,0,0,0,2,0,2,0,0,0,0,2,0,0,2,0,2,0
parameter,medline_citation,bioetl.application.pipelines.pubmed.extractors.classification.ClassificationExtractor.medline_citation,method,application,bioetl.application.pipelines.pubmed.extractors.classification,src/bioetl/application/pipelines/pubmed/extractors/classification.py:112,112,112,1,0,0,18,DEAD,0,,1,docs/99-archive/reports/application_merged.md,False,,18,0,18,0,0,0,0,18,0,18,0,0,0,0,18,0,0,18,0,18,0
variable,chemical_list,bioetl.application.pipelines.pubmed.extractors.classification.ClassificationExtractor.parse_chemicals.chemical_list,method,application,bioetl.application.pipelines.pubmed.extractors.classification,src/bioetl/application/pipelines/pubmed/extractors/classification.py:175,175,175,1,0,0,3,DEAD,0,,1,docs/99-archive/reports/application_merged.md,False,,3,0,3,0,0,0,0,3,0,3,0,0,0,0,3,0,0,3,0,3,0
variable,name_elem,bioetl.application.pipelines.pubmed.extractors.classification.ClassificationExtractor.parse_chemicals.name_elem,method,application,bioetl.application.pipelines.pubmed.extractors.classification,src/bioetl/application/pipelines/pubmed/extractors/classification.py:180,180,180,1,0,0,7,DEAD,0,,1,docs/99-archive/reports/application_merged.md,False,,7,0,7,0,0,0,0,7,0,7,0,0,0,0,7,0,0,7,0,7,0
variable,gene_list,bioetl.application.pipelines.pubmed.extractors.classification.ClassificationExtractor.parse_gene_symbols.gene_list,method,application,bioetl.application.pipelines.pubmed.extractors.classification,src/bioetl/application/pipelines/pubmed/extractors/classification.py:203,203,203,1,0,0,3,DEAD,0,,1,docs/99-archive/reports/application_merged.md,False,,3,0,3,0,0,0,0,3,0,3,0,0,0,0,3,0,0,3,0,3,0
variable,databank_list,bioetl.application.pipelines.pubmed.extractors.classification.ClassificationExtractor.parse_databanks.databank_list,method,application,bioetl.application.pipelines.pubmed.extractors.classification,src/bioetl/application/pipelines/pubmed/extractors/classification.py:233,233,233,1,0,0,3,DEAD,0,,1,docs/99-archive/reports/application_merged.md,False,,3,0,3,0,0,0,0,3,0,3,0,0,0,0,3,0,0,3,0,3,0
variable,name_elem,bioetl.application.pipelines.pubmed.extractors.classification.ClassificationExtractor.parse_databanks.name_elem,method,application,bioetl.application.pipelines.pubmed.extractors.classification,src/bioetl/application/pipelines/pubmed/extractors/classification.py:239,239,239,1,0,0,7,DEAD,0,,1,docs/99-archive/reports/application_merged.md,False,,7,0,7,0,0,0,0,7,0,7,0,0,0,0,7,0,0,7,0,7,0
variable,accession_list,bioetl.application.pipelines.pubmed.extractors.classification.ClassificationExtractor.parse_databanks.accession_list,method,application,bioetl.application.pipelines.pubmed.extractors.classification,src/bioetl/application/pipelines/pubmed/extractors/classification.py:243,243,243,1,0,0,3,DEAD,0,,1,docs/99-archive/reports/application_merged.md,False,,3,0,3,0,0,0,0,3,0,3,0,0,0,0,3,0,0,3,0,3,0
class,RawDate,bioetl.application.pipelines.pubmed.extractors.date.RawDate,module,application,bioetl.application.pipelines.pubmed.extractors.date,src/bioetl/application/pipelines/pubmed/extractors/date.py:25,25,30,6,0,0,8,DEAD,0,,2,docs/99-archive/reports/application_merged.md;docs/99-archive/reports/configs_merged.md,False,,8,1,8,1,1,1,1,8,1,8,0,1,1,0,8,1,1,8,1,8,1
class,MedlineDateParser,bioetl.application.pipelines.pubmed.extractors.date.MedlineDateParser,module,application,bioetl.application.pipelines.pubmed.extractors.date,src/bioetl/application/pipelines/pubmed/extractors/date.py:40,40,176,137,0,0,4,DEAD,0,,1,docs/99-archive/reports/application_merged.md,False,,4,0,4,0,0,0,0,4,0,4,0,0,0,0,4,0,0,4,0,4,0
constant,MONTH_MAP,bioetl.application.pipelines.pubmed.extractors.date.MedlineDateParser.MONTH_MAP,class,application,bioetl.application.pipelines.pubmed.extractors.date,src/bioetl/application/pipelines/pubmed/extractors/date.py:56,56,69,14,0,0,7,DEAD,0,,3,docs/05-operations/verification/pubmed-extraction-verification-report.md;docs/99-archive/reports/application_merged.md;docs/99-archive/reports/documentation_merged.md,False,,6,1,6,1,1,1,1,6,1,6,0,1,1,0,6,1,1,6,1,6,1
constant,SEASON_MAP,bioetl.application.pipelines.pubmed.extractors.date.MedlineDateParser.SEASON_MAP,class,application,bioetl.application.pipelines.pubmed.extractors.date,src/bioetl/application/pipelines/pubmed/extractors/date.py:72,72,82,11,0,0,3,DEAD,0,,1,docs/99-archive/reports/application_merged.md,False,,3,0,3,0,0,0,0,3,0,3,0,0,0,0,3,0,0,3,0,3,0
constant,QUARTER_MAP,bioetl.application.pipelines.pubmed.extractors.date.MedlineDateParser.QUARTER_MAP,class,application,bioetl.application.pipelines.pubmed.extractors.date,src/bioetl/application/pipelines/pubmed/extractors/date.py:85,85,94,10,0,0,2,DEAD,0,,1,docs/99-archive/reports/application_merged.md,False,,2,0,2,0,0,0,0,2,0,2,0,0,0,0,2,0,0,2,0,2,0
constant,_MONTH_RANGE_PATTERN,bioetl.application.pipelines.pubmed.extractors.date.MedlineDateParser._MONTH_RANGE_PATTERN,class,application,bioetl.application.pipelines.pubmed.extractors.date,src/bioetl/application/pipelines/pubmed/extractors/date.py:97,97,99,3,0,0,2,DEAD,0,,1,docs/99-archive/reports/application_merged.md,False,,2,0,2,0,0,0,0,2,0,2,0,0,0,0,2,0,0,2,0,2,0
constant,_YEAR_PATTERN,bioetl.application.pipelines.pubmed.extractors.date.MedlineDateParser._YEAR_PATTERN,class,application,bioetl.application.pipelines.pubmed.extractors.date,src/bioetl/application/pipelines/pubmed/extractors/date.py:102,102,102,1,0,0,2,DEAD,0,,1,docs/99-archive/reports/application_merged.md,False,,2,0,2,0,0,0,0,2,0,2,0,0,0,0,2,0,0,2,0,2,0
parameter,medline_date,bioetl.application.pipelines.pubmed.extractors.date.MedlineDateParser.medline_date,method,application,bioetl.application.pipelines.pubmed.extractors.date,src/bioetl/application/pipelines/pubmed/extractors/date.py:104,104,104,1,0,0,7,DEAD,0,,1,docs/99-archive/reports/application_merged.md,False,,7,0,7,0,0,0,0,7,0,7,0,0,0,0,7,0,0,7,0,7,0
method,_extract_year,bioetl.application.pipelines.pubmed.extractors.date.MedlineDateParser._extract_year,class,application,bioetl.application.pipelines.pubmed.extractors.date,src/bioetl/application/pipelines/pubmed/extractors/date.py:130,130,143,14,0,0,2,DEAD,0,,1,docs/99-archive/reports/application_merged.md,False,,2,0,2,0,0,0,0,2,0,2,0,0,0,0,2,0,0,2,0,2,0
variable,years_found,bioetl.application.pipelines.pubmed.extractors.date.MedlineDateParser._extract_year.years_found,method,application,bioetl.application.pipelines.pubmed.extractors.date,src/bioetl/application/pipelines/pubmed/extractors/date.py:137,137,137,1,0,0,3,DEAD,0,,1,docs/99-archive/reports/application_merged.md,False,,3,0,3,0,0,0,0,3,0,3,0,0,0,0,3,0,0,3,0,3,0
method,_extract_month,bioetl.application.pipelines.pubmed.extractors.date.MedlineDateParser._extract_month,class,application,bioetl.application.pipelines.pubmed.extractors.date,src/bioetl/application/pipelines/pubmed/extractors/date.py:145,145,176,32,0,0,2,DEAD,0,,1,docs/99-archive/reports/application_merged.md,False,,2,0,2,0,0,0,0,2,0,2,0,0,0,0,2,0,0,2,0,2,0
variable,range_match,bioetl.application.pipelines.pubmed.extractors.date.MedlineDateParser._extract_month.range_match,method,application,bioetl.application.pipelines.pubmed.extractors.date,src/bioetl/application/pipelines/pubmed/extractors/date.py:151,151,151,1,0,0,3,DEAD,0,,1,docs/99-archive/reports/application_merged.md,False,,3,0,3,0,0,0,0,3,0,3,0,0,0,0,3,0,0,3,0,3,0
variable,text_lower,bioetl.application.pipelines.pubmed.extractors.date.MedlineDateParser._extract_month.text_lower,method,application,bioetl.application.pipelines.pubmed.extractors.date,src/bioetl/application/pipelines/pubmed/extractors/date.py:156,156,156,1,0,0,2,DEAD,0,,1,docs/99-archive/reports/application_merged.md,False,,2,0,2,0,0,0,0,2,0,2,0,0,0,0,2,0,0,2,0,2,0
variable,token_lower,bioetl.application.pipelines.pubmed.extractors.date.MedlineDateParser._extract_month.token_lower,method,application,bioetl.application.pipelines.pubmed.extractors.date,src/bioetl/application/pipelines/pubmed/extractors/date.py:163,163,163,1,0,0,5,DEAD,0,,1,docs/99-archive/reports/application_merged.md,False,,5,0,5,0,0,0,0,5,0,5,0,0,0,0,5,0,0,5,0,5,0
constant,MONTH_MAP,bioetl.application.pipelines.pubmed.extractors.date.DateExtractor.MONTH_MAP,class,application,bioetl.application.pipelines.pubmed.extractors.date,src/bioetl/application/pipelines/pubmed/extractors/date.py:191,191,191,1,0,0,7,DEAD,0,,3,docs/05-operations/verification/pubmed-extraction-verification-report.md;docs/99-archive/reports/application_merged.md;docs/99-archive/reports/documentation_merged.md,False,,6,1,6,1,1,1,1,6,1,6,0,1,1,0,6,1,1,6,1,6,1
variable,medline_date,bioetl.application.pipelines.pubmed.extractors.date.DateExtractor.extract.medline_date,method,application,bioetl.application.pipelines.pubmed.extractors.date,src/bioetl/application/pipelines/pubmed/extractors/date.py:222,222,222,1,0,0,7,DEAD,0,,1,docs/99-archive/reports/application_merged.md,False,,7,0,7,0,0,0,0,7,0,7,0,0,0,0,7,0,0,7,0,7,0
method,_format_date,bioetl.application.pipelines.pubmed.extractors.date.DateExtractor._format_date,class,application,bioetl.application.pipelines.pubmed.extractors.date,src/bioetl/application/pipelines/pubmed/extractors/date.py:246,246,289,44,0,0,3,DEAD,0,,1,docs/99-archive/reports/application_merged.md,False,,3,0,3,0,0,0,0,3,0,3,0,0,0,0,3,0,0,3,0,3,0
variable,month_str,bioetl.application.pipelines.pubmed.extractors.date.DateExtractor._format_date.month_str,method,application,bioetl.application.pipelines.pubmed.extractors.date,src/bioetl/application/pipelines/pubmed/extractors/date.py:264,264,264,1,0,0,2,DEAD,0,,1,docs/99-archive/reports/application_merged.md,False,,2,0,2,0,0,0,0,2,0,2,0,0,0,0,2,0,0,2,0,2,0
variable,month_num,bioetl.application.pipelines.pubmed.extractors.date.DateExtractor._format_date.month_num,method,application,bioetl.application.pipelines.pubmed.extractors.date,src/bioetl/application/pipelines/pubmed/extractors/date.py:265,265,265,1,0,0,8,DEAD,0,,1,docs/99-archive/reports/application_merged.md,False,,8,0,8,0,0,0,0,8,0,8,0,0,0,0,8,0,0,8,0,8,0
variable,day_num,bioetl.application.pipelines.pubmed.extractors.date.DateExtractor._format_date.day_num,method,application,bioetl.application.pipelines.pubmed.extractors.date,src/bioetl/application/pipelines/pubmed/extractors/date.py:277,277,277,1,0,0,4,DEAD,0,,1,docs/99-archive/reports/application_merged.md,False,,4,0,4,0,0,0,0,4,0,4,0,0,0,0,4,0,0,4,0,4,0
variable,last_day,bioetl.application.pipelines.pubmed.extractors.date.DateExtractor._format_date.last_day,method,application,bioetl.application.pipelines.pubmed.extractors.date,src/bioetl/application/pipelines/pubmed/extractors/date.py:283,283,283,1,0,0,2,DEAD,0,,1,docs/99-archive/reports/application_merged.md,False,,2,0,2,0,0,0,0,2,0,2,0,0,0,0,2,0,0,2,0,2,0
parameter,date_node,bioetl.application.pipelines.pubmed.extractors.date.DateExtractor.date_node,method,application,bioetl.application.pipelines.pubmed.extractors.date,src/bioetl/application/pipelines/pubmed/extractors/date.py:313,313,313,1,0,0,9,DEAD,0,,1,docs/99-archive/reports/application_merged.md,False,,9,0,9,0,0,0,0,9,0,9,0,0,0,0,9,0,0,9,0,9,0
parameter,history_node,bioetl.application.pipelines.pubmed.extractors.date.DateExtractor.history_node,method,application,bioetl.application.pipelines.pubmed.extractors.date,src/bioetl/application/pipelines/pubmed/extractors/date.py:333,333,333,1,0,0,4,DEAD,0,,1,docs/99-archive/reports/application_merged.md,False,,4,0,4,0,0,0,0,4,0,4,0,0,0,0,4,0,0,4,0,4,0
parameter,date_type,bioetl.application.pipelines.pubmed.extractors.date.DateExtractor.date_type,method,application,bioetl.application.pipelines.pubmed.extractors.date,src/bioetl/application/pipelines/pubmed/extractors/date.py:358,358,358,1,0,0,3,DEAD,0,,1,docs/99-archive/reports/application_merged.md,False,,3,0,3,0,0,0,0,3,0,3,0,0,0,0,3,0,0,3,0,3,0
class,ArticleIdentifiers,bioetl.application.pipelines.pubmed.extractors.identifier.ArticleIdentifiers,module,application,bioetl.application.pipelines.pubmed.extractors.identifier,src/bioetl/application/pipelines/pubmed/extractors/identifier.py:15,15,19,5,0,0,0,DEAD,0,,0,,False,,0,0,0,0,0,0,0,0,0,0,0,0,0,0,0,0,0,3,0,0,0
variable,RawIdentifiers,bioetl.application.pipelines.pubmed.extractors.identifier.RawIdentifiers,module,application,bioetl.application.pipelines.pubmed.extractors.identifier,src/bioetl/application/pipelines/pubmed/extractors/identifier.py:23,23,23,1,0,0,5,DEAD,0,,2,docs/99-archive/reports/application_merged.md;docs/99-archive/reports/configs_merged.md,False,,5,1,5,1,1,1,1,5,1,5,0,1,1,0,5,1,1,5,1,5,1
variable,NormalizedIdentifiers,bioetl.application.pipelines.pubmed.extractors.identifier.NormalizedIdentifiers,module,application,bioetl.application.pipelines.pubmed.extractors.identifier,src/bioetl/application/pipelines/pubmed/extractors/identifier.py:24,24,24,1,0,0,4,DEAD,0,,2,docs/99-archive/reports/application_merged.md;docs/99-archive/reports/configs_merged.md,False,,4,1,4,1,1,1,1,4,1,4,0,1,1,0,4,1,1,4,1,4,1
method,_extract_doi_raw,bioetl.application.pipelines.pubmed.extractors.identifier.IdentifierExtractor._extract_doi_raw,class,application,bioetl.application.pipelines.pubmed.extractors.identifier,src/bioetl/application/pipelines/pubmed/extractors/identifier.py:104,104,122,19,0,0,3,DEAD,0,,1,docs/99-archive/reports/application_merged.md,False,,3,0,3,0,0,0,0,3,0,3,0,0,0,0,3,0,0,3,0,3,0
variable,article_id_list,bioetl.application.pipelines.pubmed.extractors.identifier.IdentifierExtractor._extract_doi_raw.article_id_list,method,application,bioetl.application.pipelines.pubmed.extractors.identifier,src/bioetl/application/pipelines/pubmed/extractors/identifier.py:116,116,116,1,0,0,18,DEAD,0,,1,docs/99-archive/reports/application_merged.md,False,,18,0,18,0,0,0,0,18,0,18,0,0,0,0,18,0,0,18,0,18,0
method,_extract_pmc_raw,bioetl.application.pipelines.pubmed.extractors.identifier.IdentifierExtractor._extract_pmc_raw,class,application,bioetl.application.pipelines.pubmed.extractors.identifier,src/bioetl/application/pipelines/pubmed/extractors/identifier.py:124,124,131,8,0,0,3,DEAD,0,,1,docs/99-archive/reports/application_merged.md,False,,3,0,3,0,0,0,0,3,0,3,0,0,0,0,3,0,0,3,0,3,0
variable,article_id_list,bioetl.application.pipelines.pubmed.extractors.identifier.IdentifierExtractor._extract_pmc_raw.article_id_list,method,application,bioetl.application.pipelines.pubmed.extractors.identifier,src/bioetl/application/pipelines/pubmed/extractors/identifier.py:126,126,126,1,0,0,18,DEAD,0,,1,docs/99-archive/reports/application_merged.md,False,,18,0,18,0,0,0,0,18,0,18,0,0,0,0,18,0,0,18,0,18,0
method,_normalize_text,bioetl.application.pipelines.pubmed.extractors.identifier.IdentifierExtractor._normalize_text,class,application,bioetl.application.pipelines.pubmed.extractors.identifier,src/bioetl/application/pipelines/pubmed/extractors/identifier.py:133,133,135,3,0,0,11,DEAD,0,,1,docs/99-archive/reports/application_merged.md,False,,11,0,11,0,0,0,0,11,0,11,0,0,0,0,11,0,0,11,0,11,0
variable,article_id_list,bioetl.application.pipelines.pubmed.extractors.identifier.IdentifierExtractor.parse_all_article_ids.article_id_list,method,application,bioetl.application.pipelines.pubmed.extractors.identifier,src/bioetl/application/pipelines/pubmed/extractors/identifier.py:196,196,196,1,0,0,18,DEAD,0,,1,docs/99-archive/reports/application_merged.md,False,,18,0,18,0,0,0,0,18,0,18,0,0,0,0,18,0,0,18,0,18,0
variable,type_mapping,bioetl.application.pipelines.pubmed.extractors.identifier.IdentifierExtractor.parse_all_article_ids.type_mapping,method,application,bioetl.application.pipelines.pubmed.extractors.identifier,src/bioetl/application/pipelines/pubmed/extractors/identifier.py:201,201,210,10,0,0,3,DEAD,0,,1,docs/99-archive/reports/application_merged.md,False,,3,0,3,0,0,0,0,3,0,3,0,0,0,0,3,0,0,3,0,3,0
variable,eid_type,bioetl.application.pipelines.pubmed.extractors.identifier.IdentifierExtractor.extract_elocation_ids.eid_type,method,application,bioetl.application.pipelines.pubmed.extractors.identifier,src/bioetl/application/pipelines/pubmed/extractors/identifier.py:253,253,253,1,0,0,4,DEAD,0,,1,docs/99-archive/reports/application_merged.md,False,,4,0,4,0,0,0,0,4,0,4,0,0,0,0,4,0,0,4,0,4,0
variable,article_id_list,bioetl.application.pipelines.pubmed.extractors.identifier.IdentifierExtractor.extract_pii.article_id_list,method,application,bioetl.application.pipelines.pubmed.extractors.identifier,src/bioetl/application/pipelines/pubmed/extractors/identifier.py:290,290,290,1,0,0,18,DEAD,0,,1,docs/99-archive/reports/application_merged.md,False,,18,0,18,0,0,0,0,18,0,18,0,0,0,0,18,0,0,18,0,18,0
variable,article_id_list,bioetl.application.pipelines.pubmed.extractors.identifier.IdentifierExtractor.extract_mid.article_id_list,method,application,bioetl.application.pipelines.pubmed.extractors.identifier,src/bioetl/application/pipelines/pubmed/extractors/identifier.py:309,309,309,1,0,0,18,DEAD,0,,1,docs/99-archive/reports/application_merged.md,False,,18,0,18,0,0,0,0,18,0,18,0,0,0,0,18,0,0,18,0,18,0
variable,article_id_list,bioetl.application.pipelines.pubmed.extractors.identifier.IdentifierExtractor.extract_publisher_id.article_id_list,method,application,bioetl.application.pipelines.pubmed.extractors.identifier,src/bioetl/application/pipelines/pubmed/extractors/identifier.py:327,327,327,1,0,0,18,DEAD,0,,1,docs/99-archive/reports/application_merged.md,False,,18,0,18,0,0,0,0,18,0,18,0,0,0,0,18,0,0,18,0,18,0
constant,_VALID_DATE_PATTERNS,bioetl.application.pipelines.pubmed.transformer.PubMedPublicationTransformer._VALID_DATE_PATTERNS,class,application,bioetl.application.pipelines.pubmed.transformer,src/bioetl/application/pipelines/pubmed/transformer.py:63,63,70,8,0,0,2,DEAD,0,,1,docs/99-archive/reports/application_merged.md,False,,2,0,2,0,0,0,0,2,0,2,0,0,0,0,2,0,0,2,0,2,0
constant,_MONTH_MAP,bioetl.application.pipelines.pubmed.transformer.PubMedPublicationTransformer._MONTH_MAP,class,application,bioetl.application.pipelines.pubmed.transformer,src/bioetl/application/pipelines/pubmed/transformer.py:72,72,85,14,0,0,0,DEAD,0,,0,,False,,0,0,0,0,0,0,0,0,0,0,0,0,0,0,0,0,0,2,0,0,0
method,_extract_medline_metadata,bioetl.application.pipelines.pubmed.transformer.PubMedPublicationTransformer._extract_medline_metadata,class,application,bioetl.application.pipelines.pubmed.transformer,src/bioetl/application/pipelines/pubmed/transformer.py:184,184,216,33,0,0,2,DEAD,0,,1,docs/99-archive/reports/application_merged.md,False,,2,0,2,0,0,0,0,2,0,2,0,0,0,0,2,0,0,2,0,2,0
variable,medline_info,bioetl.application.pipelines.pubmed.transformer.PubMedPublicationTransformer._extract_medline_metadata.medline_info,method,application,bioetl.application.pipelines.pubmed.transformer,src/bioetl/application/pipelines/pubmed/transformer.py:190,190,190,1,0,0,3,DEAD,0,,1,docs/99-archive/reports/application_merged.md,False,,3,0,3,0,0,0,0,3,0,3,0,0,0,0,3,0,0,3,0,3,0
variable,citation_subsets,bioetl.application.pipelines.pubmed.transformer.PubMedPublicationTransformer._extract_medline_metadata.citation_subsets,method,application,bioetl.application.pipelines.pubmed.transformer,src/bioetl/application/pipelines/pubmed/transformer.py:191,191,195,5,0,0,3,DEAD,0,,1,docs/99-archive/reports/application_merged.md,False,,3,0,3,0,0,0,0,3,0,3,0,0,0,0,3,0,0,3,0,3,0
method,_extract_publication_status,bioetl.application.pipelines.pubmed.transformer.PubMedPublicationTransformer._extract_publication_status,class,application,bioetl.application.pipelines.pubmed.transformer,src/bioetl/application/pipelines/pubmed/transformer.py:218,218,223,6,0,0,2,DEAD,0,,1,docs/99-archive/reports/application_merged.md,False,,2,0,2,0,0,0,0,2,0,2,0,0,0,0,2,0,0,2,0,2,0
variable,pub_status_elem,bioetl.application.pipelines.pubmed.transformer.PubMedPublicationTransformer._extract_publication_status.pub_status_elem,method,application,bioetl.application.pipelines.pubmed.transformer,src/bioetl/application/pipelines/pubmed/transformer.py:222,222,222,1,0,0,3,DEAD,0,,1,docs/99-archive/reports/application_merged.md,False,,3,0,3,0,0,0,0,3,0,3,0,0,0,0,3,0,0,3,0,3,0
method,_extract_counts,bioetl.application.pipelines.pubmed.transformer.PubMedPublicationTransformer._extract_counts,class,application,bioetl.application.pipelines.pubmed.transformer,src/bioetl/application/pipelines/pubmed/transformer.py:225,225,241,17,0,0,2,DEAD,0,,1,docs/99-archive/reports/application_merged.md,False,,2,0,2,0,0,0,0,2,0,2,0,0,0,0,2,0,0,2,0,2,0
variable,grant_list,bioetl.application.pipelines.pubmed.transformer.PubMedPublicationTransformer._extract_counts.grant_list,method,application,bioetl.application.pipelines.pubmed.transformer,src/bioetl/application/pipelines/pubmed/transformer.py:231,231,231,1,0,0,3,DEAD,0,,1,docs/99-archive/reports/application_merged.md,False,,3,0,3,0,0,0,0,3,0,3,0,0,0,0,3,0,0,3,0,3,0
variable,ref_list,bioetl.application.pipelines.pubmed.transformer.PubMedPublicationTransformer._extract_counts.ref_list,method,application,bioetl.application.pipelines.pubmed.transformer,src/bioetl/application/pipelines/pubmed/transformer.py:234,234,236,3,0,0,3,DEAD,0,,1,docs/99-archive/reports/application_merged.md,False,,3,0,3,0,0,0,0,3,0,3,0,0,0,0,3,0,0,3,0,3,0
method,_extract_classification_data,bioetl.application.pipelines.pubmed.transformer.PubMedPublicationTransformer._extract_classification_data,class,application,bioetl.application.pipelines.pubmed.transformer,src/bioetl/application/pipelines/pubmed/transformer.py:243,243,263,21,0,0,2,DEAD,0,,1,docs/99-archive/reports/application_merged.md,False,,2,0,2,0,0,0,0,2,0,2,0,0,0,0,2,0,0,2,0,2,0
method,_extract_author_block,bioetl.application.pipelines.pubmed.transformer.PubMedPublicationTransformer._extract_author_block,class,application,bioetl.application.pipelines.pubmed.transformer,src/bioetl/application/pipelines/pubmed/transformer.py:265,265,304,40,0,0,0,DEAD,0,,0,,False,,0,0,0,0,0,0,0,0,0,0,0,0,0,0,0,0,0,2,0,0,0
parameter,raw_author_data,bioetl.application.pipelines.pubmed.transformer.PubMedPublicationTransformer.raw_author_data,method,application,bioetl.application.pipelines.pubmed.transformer,src/bioetl/application/pipelines/pubmed/transformer.py:266,266,266,1,0,0,0,DEAD,0,,0,,False,,0,0,0,0,0,0,0,0,0,0,0,0,0,0,0,0,0,7,0,0,0
variable,normalized_authors,bioetl.application.pipelines.pubmed.transformer.PubMedPublicationTransformer._extract_author_block.normalized_authors,method,application,bioetl.application.pipelines.pubmed.transformer,src/bioetl/application/pipelines/pubmed/transformer.py:269,269,271,3,0,0,0,DEAD,0,,0,,False,,0,0,0,0,0,0,0,0,0,0,0,0,0,0,0,0,0,2,0,0,0
variable,affiliation_values,bioetl.application.pipelines.pubmed.transformer.PubMedPublicationTransformer._extract_author_block.affiliation_values,method,application,bioetl.application.pipelines.pubmed.transformer,src/bioetl/application/pipelines/pubmed/transformer.py:279,279,279,1,0,0,0,DEAD,0,,0,,False,,0,0,0,0,0,0,0,0,0,0,0,0,0,0,0,0,0,3,0,0,0
variable,unique_affiliations,bioetl.application.pipelines.pubmed.transformer.PubMedPublicationTransformer._extract_author_block.unique_affiliations,method,application,bioetl.application.pipelines.pubmed.transformer,src/bioetl/application/pipelines/pubmed/transformer.py:284,284,284,1,0,0,0,DEAD,0,,0,,False,,0,0,0,0,0,0,0,0,0,0,0,0,0,0,0,0,0,3,0,0,0
method,_extract_identifiers,bioetl.application.pipelines.pubmed.transformer.PubMedPublicationTransformer._extract_identifiers,class,application,bioetl.application.pipelines.pubmed.transformer,src/bioetl/application/pipelines/pubmed/transformer.py:306,306,327,22,0,0,0,DEAD,0,,0,,False,,0,0,0,0,0,0,0,0,0,0,0,0,0,0,0,0,0,2,0,0,0
variable,raw_author_data,bioetl.application.pipelines.pubmed.transformer.PubMedPublicationTransformer._extract_business_data.raw_author_data,method,application,bioetl.application.pipelines.pubmed.transformer,src/bioetl/application/pipelines/pubmed/transformer.py:354,354,354,1,0,0,0,DEAD,0,,0,,False,,0,0,0,0,0,0,0,0,0,0,0,0,0,0,0,0,0,7,0,0,0
method,_build_pubmed_classification,bioetl.application.pipelines.pubmed.transformer.PubMedPublicationTransformer._build_pubmed_classification,class,application,bioetl.application.pipelines.pubmed.transformer,src/bioetl/application/pipelines/pubmed/transformer.py:382,382,402,21,0,0,1,DEAD,0,,1,docs/analysis/PUBLICATION_TYPE_NORMALIZATION_ANALYSIS.md,False,,0,0,0,0,0,0,0,0,0,0,0,0,0,0,0,0,0,2,0,0,0
method,_process_structured_affiliations,bioetl.application.pipelines.pubmed.transformer.PubMedPublicationTransformer._process_structured_affiliations,class,application,bioetl.application.pipelines.pubmed.transformer,src/bioetl/application/pipelines/pubmed/transformer.py:404,404,435,32,0,0,2,DEAD,0,,1,docs/99-archive/reports/application_merged.md,False,,2,0,2,0,0,0,0,2,0,2,0,0,0,0,2,0,0,2,0,2,0
variable,processed_aff,bioetl.application.pipelines.pubmed.transformer.PubMedPublicationTransformer._process_structured_affiliations.processed_aff,method,application,bioetl.application.pipelines.pubmed.transformer,src/bioetl/application/pipelines/pubmed/transformer.py:420,420,426,7,0,0,4,DEAD,0,,1,docs/99-archive/reports/application_merged.md,False,,4,0,4,0,0,0,0,4,0,4,0,0,0,0,4,0,0,4,0,4,0
method,_build_authors_with_affiliations,bioetl.application.pipelines.pubmed.transformer.PubMedPublicationTransformer._build_authors_with_affiliations,class,application,bioetl.application.pipelines.pubmed.transformer,src/bioetl/application/pipelines/pubmed/transformer.py:437,437,498,62,0,0,0,DEAD,0,,0,,False,,0,0,0,0,0,0,0,0,0,0,0,0,0,0,0,0,0,2,0,0,0
variable,aff_entry,bioetl.application.pipelines.pubmed.transformer.PubMedPublicationTransformer._build_authors_with_affiliations.aff_entry,method,application,bioetl.application.pipelines.pubmed.transformer,src/bioetl/application/pipelines/pubmed/transformer.py:481,481,487,7,0,0,0,DEAD,0,,0,,False,,0,0,0,0,0,0,0,0,0,0,0,0,0,0,0,0,0,2,0,0,0
variable,journal_elem,bioetl.application.pipelines.pubmed.transformer.PubMedPublicationTransformer._extract_journal_data.journal_elem,method,application,bioetl.application.pipelines.pubmed.transformer,src/bioetl/application/pipelines/pubmed/transformer.py:535,535,535,1,0,0,0,DEAD,0,,0,,False,,0,0,0,0,0,0,0,0,0,0,0,0,0,0,0,0,0,6,0,0,0
variable,journal_issue,bioetl.application.pipelines.pubmed.transformer.PubMedPublicationTransformer._extract_journal_data.journal_issue,method,application,bioetl.application.pipelines.pubmed.transformer,src/bioetl/application/pipelines/pubmed/transformer.py:554,554,554,1,0,0,8,DEAD,0,,1,docs/99-archive/reports/application_merged.md,False,,8,0,8,0,0,0,0,8,0,8,0,0,0,0,8,0,0,8,0,8,0
variable,issn_elem,bioetl.application.pipelines.pubmed.transformer.PubMedPublicationTransformer._extract_journal_data.issn_elem,method,application,bioetl.application.pipelines.pubmed.transformer,src/bioetl/application/pipelines/pubmed/transformer.py:557,557,557,1,0,0,4,DEAD,0,,1,docs/99-archive/reports/application_merged.md,False,,4,0,4,0,0,0,0,4,0,4,0,0,0,0,4,0,0,4,0,4,0
method,_parse_month_day,bioetl.application.pipelines.pubmed.transformer.PubMedPublicationTransformer._parse_month_day,class,application,bioetl.application.pipelines.pubmed.transformer,src/bioetl/application/pipelines/pubmed/transformer.py:605,605,627,23,0,0,2,DEAD,0,,1,docs/99-archive/reports/application_merged.md,False,,2,0,2,0,0,0,0,2,0,2,0,0,0,0,2,0,0,2,0,2,0
parameter,pub_date_node,bioetl.application.pipelines.pubmed.transformer.PubMedPublicationTransformer.pub_date_node,method,application,bioetl.application.pipelines.pubmed.transformer,src/bioetl/application/pipelines/pubmed/transformer.py:606,606,606,1,0,0,6,DEAD,0,,1,docs/99-archive/reports/application_merged.md,False,,6,0,6,0,0,0,0,6,0,6,0,0,0,0,6,0,0,6,0,6,0
variable,month_text,bioetl.application.pipelines.pubmed.transformer.PubMedPublicationTransformer._parse_month_day.month_text,method,application,bioetl.application.pipelines.pubmed.transformer,src/bioetl/application/pipelines/pubmed/transformer.py:621,621,621,1,0,0,7,DEAD,0,,1,docs/99-archive/reports/application_merged.md,False,,7,0,7,0,0,0,0,7,0,7,0,0,0,0,7,0,0,7,0,7,0
variable,day_text,bioetl.application.pipelines.pubmed.transformer.PubMedPublicationTransformer._parse_month_day.day_text,method,application,bioetl.application.pipelines.pubmed.transformer,src/bioetl/application/pipelines/pubmed/transformer.py:622,622,622,1,0,0,4,DEAD,0,,1,docs/99-archive/reports/application_merged.md,False,,4,0,4,0,0,0,0,4,0,4,0,0,0,0,4,0,0,4,0,4,0
method,_parse_month,bioetl.application.pipelines.pubmed.transformer.PubMedPublicationTransformer._parse_month,class,application,bioetl.application.pipelines.pubmed.transformer,src/bioetl/application/pipelines/pubmed/transformer.py:629,629,638,10,0,0,2,DEAD,0,,1,docs/99-archive/reports/application_merged.md,False,,2,0,2,0,0,0,0,2,0,2,0,0,0,0,2,0,0,2,0,2,0
parameter,month_text,bioetl.application.pipelines.pubmed.transformer.PubMedPublicationTransformer.month_text,method,application,bioetl.application.pipelines.pubmed.transformer,src/bioetl/application/pipelines/pubmed/transformer.py:629,629,629,1,0,0,7,DEAD,0,,1,docs/99-archive/reports/application_merged.md,False,,7,0,7,0,0,0,0,7,0,7,0,0,0,0,7,0,0,7,0,7,0
variable,month_lower,bioetl.application.pipelines.pubmed.transformer.PubMedPublicationTransformer._parse_month.month_lower,method,application,bioetl.application.pipelines.pubmed.transformer,src/bioetl/application/pipelines/pubmed/transformer.py:634,634,634,1,0,0,2,DEAD,0,,1,docs/99-archive/reports/application_merged.md,False,,2,0,2,0,0,0,0,2,0,2,0,0,0,0,2,0,0,2,0,2,0
variable,journal_issue,bioetl.application.pipelines.pubmed.transformer.PubMedPublicationTransformer._extract_date_data.journal_issue,method,application,bioetl.application.pipelines.pubmed.transformer,src/bioetl/application/pipelines/pubmed/transformer.py:661,661,661,1,0,0,8,DEAD,0,,1,docs/99-archive/reports/application_merged.md,False,,8,0,8,0,0,0,0,8,0,8,0,0,0,0,8,0,0,8,0,8,0
variable,pub_date_node,bioetl.application.pipelines.pubmed.transformer.PubMedPublicationTransformer._extract_date_data.pub_date_node,method,application,bioetl.application.pipelines.pubmed.transformer,src/bioetl/application/pipelines/pubmed/transformer.py:662,662,662,1,0,0,6,DEAD,0,,1,docs/99-archive/reports/application_merged.md,False,,6,0,6,0,0,0,0,6,0,6,0,0,0,0,6,0,0,6,0,6,0
variable,raw_pub_date,bioetl.application.pipelines.pubmed.transformer.PubMedPublicationTransformer._extract_date_data.raw_pub_date,method,application,bioetl.application.pipelines.pubmed.transformer,src/bioetl/application/pipelines/pubmed/transformer.py:663,663,663,1,0,0,3,DEAD,0,,1,docs/99-archive/reports/application_merged.md,False,,3,0,3,0,0,0,0,3,0,3,0,0,0,0,3,0,0,3,0,3,0
variable,_validated_year,bioetl.application.pipelines.pubmed.transformer.PubMedPublicationTransformer._extract_date_data._validated_year,method,application,bioetl.application.pipelines.pubmed.transformer,src/bioetl/application/pipelines/pubmed/transformer.py:667,667,669,3,0,0,0,DEAD,0,,0,,False,,0,0,0,0,0,0,0,0,0,0,0,0,0,0,0,0,0,3,0,0,0
variable,validated_year,bioetl.application.pipelines.pubmed.transformer.PubMedPublicationTransformer._extract_date_data.validated_year,method,application,bioetl.application.pipelines.pubmed.transformer,src/bioetl/application/pipelines/pubmed/transformer.py:670,670,672,3,0,0,6,DEAD,0,,1,docs/99-archive/reports/application_merged.md,False,,6,0,6,0,0,0,0,6,0,6,0,0,0,0,6,0,0,3,0,6,0
variable,raw_epub_date,bioetl.application.pipelines.pubmed.transformer.PubMedPublicationTransformer._extract_date_data.raw_epub_date,method,application,bioetl.application.pipelines.pubmed.transformer,src/bioetl/application/pipelines/pubmed/transformer.py:674,674,674,1,0,0,3,DEAD,0,,1,docs/99-archive/reports/application_merged.md,False,,3,0,3,0,0,0,0,3,0,3,0,0,0,0,3,0,0,3,0,3,0
constant,PARSER_HELPERS,bioetl.application.pipelines.pubmed.xml_parser.PARSER_HELPERS,module,application,bioetl.application.pipelines.pubmed.xml_parser,src/bioetl/application/pipelines/pubmed/xml_parser.py:79,79,79,1,0,0,0,DEAD,0,,0,,False,,0,0,0,0,0,0,0,0,0,0,0,0,0,0,0,0,0,1,0,0,0
variable,author_id,bioetl.application.pipelines.semanticscholar._author_extractors.extract_author_s2_ids.author_id,function,application,bioetl.application.pipelines.semanticscholar._author_extractors,src/bioetl/application/pipelines/semanticscholar/_author_extractors.py:96,96,96,1,0,0,7,DEAD,0,,3,docs/04-reference/pipelines/openalex-publication.md;docs/04-reference/pipelines/semanticscholar-publication.md;docs/99-archive/reports/application_merged.md,False,,5,0,5,0,0,0,0,5,0,5,0,0,0,0,5,1,0,0,6,5,0
variable,orcid_val,bioetl.application.pipelines.semanticscholar._author_extractors.extract_author_orcids.orcid_val,function,application,bioetl.application.pipelines.semanticscholar._author_extractors,src/bioetl/application/pipelines/semanticscholar/_author_extractors.py:134,134,134,1,0,0,5,DEAD,0,,1,docs/99-archive/reports/application_merged.md,False,,5,0,5,0,0,0,0,5,0,5,0,0,0,0,5,0,0,0,5,5,0
variable,author_affs,bioetl.application.pipelines.semanticscholar._author_extractors.extract_affiliations.author_affs,function,application,bioetl.application.pipelines.semanticscholar._author_extractors,src/bioetl/application/pipelines/semanticscholar/_author_extractors.py:197,197,197,1,0,0,4,DEAD,0,,1,docs/99-archive/reports/application_merged.md,False,,4,0,4,0,0,0,0,4,0,4,0,0,0,0,4,0,0,0,4,4,0
constant,_VOLUME_ISSUE_PATTERNS,bioetl.application.pipelines.semanticscholar._page_parsing._VOLUME_ISSUE_PATTERNS,module,application,bioetl.application.pipelines.semanticscholar._page_parsing,src/bioetl/application/pipelines/semanticscholar/_page_parsing.py:18,18,27,10,0,0,2,DEAD,0,,1,docs/99-archive/reports/application_merged.md,False,,2,0,2,0,0,0,0,2,0,2,0,0,0,0,2,0,0,0,2,2,0
parameter,volume_str,bioetl.application.pipelines.semanticscholar._page_parsing.volume_str,function,application,bioetl.application.pipelines.semanticscholar._page_parsing,src/bioetl/application/pipelines/semanticscholar/_page_parsing.py:30,30,30,1,0,0,4,DEAD,0,,1,docs/99-archive/reports/application_merged.md,False,,4,0,4,0,0,0,0,4,0,4,0,0,0,0,4,0,0,0,4,4,0
variable,raw_volume,bioetl.application.pipelines.semanticscholar.extractors.extract_journal_info.raw_volume,function,application,bioetl.application.pipelines.semanticscholar.extractors,src/bioetl/application/pipelines/semanticscholar/extractors.py:132,132,132,1,0,0,2,DEAD,0,,1,docs/99-archive/reports/application_merged.md,False,,2,0,2,0,0,0,0,2,0,2,0,0,0,0,2,0,0,0,2,2,0
variable,raw_pages,bioetl.application.pipelines.semanticscholar.extractors.extract_journal_info.raw_pages,function,application,bioetl.application.pipelines.semanticscholar.extractors,src/bioetl/application/pipelines/semanticscholar/extractors.py:133,133,133,1,0,0,4,DEAD,0,,1,docs/99-archive/reports/application_merged.md,False,,4,0,4,0,0,0,0,4,0,4,0,0,0,0,4,0,0,0,4,4,0
constant,OA_STATUS_SET,bioetl.application.pipelines.semanticscholar.extractors.OA_STATUS_SET,module,application,bioetl.application.pipelines.semanticscholar.extractors,src/bioetl/application/pipelines/semanticscholar/extractors.py:163,163,163,1,0,0,0,DEAD,0,,0,,False,,0,0,0,0,0,0,0,0,0,0,0,0,0,0,0,0,0,0,3,0,0
parameter,open_access_pdf,bioetl.application.pipelines.semanticscholar.extractors.open_access_pdf,function,application,bioetl.application.pipelines.semanticscholar.extractors,src/bioetl/application/pipelines/semanticscholar/extractors.py:197,197,197,1,0,0,5,DEAD,0,,1,docs/99-archive/reports/application_merged.md,False,,5,0,5,0,0,0,0,5,0,5,0,0,0,0,5,0,0,0,5,5,0
variable,raw_status,bioetl.application.pipelines.semanticscholar.extractors.extract_open_access_info.raw_status,function,application,bioetl.application.pipelines.semanticscholar.extractors,src/bioetl/application/pipelines/semanticscholar/extractors.py:237,237,237,1,0,0,3,DEAD,0,,1,docs/99-archive/reports/application_merged.md,False,,3,0,3,0,0,0,0,3,0,3,0,0,0,0,3,0,0,0,3,3,0
method,_resolve_publication_type,bioetl.application.pipelines.semanticscholar.transformer.SemanticScholarPublicationTransformer._resolve_publication_type,class,application,bioetl.application.pipelines.semanticscholar.transformer,src/bioetl/application/pipelines/semanticscholar/transformer.py:119,119,128,10,0,0,2,DEAD,0,,1,docs/analysis/PUBLICATION_TYPE_NORMALIZATION_ANALYSIS.md,False,,0,0,0,0,0,0,0,0,0,0,0,0,0,0,0,0,0,0,2,0,0
method,_extract_validated_ids,bioetl.application.pipelines.semanticscholar.transformer.SemanticScholarPublicationTransformer._extract_validated_ids,class,application,bioetl.application.pipelines.semanticscholar.transformer,src/bioetl/application/pipelines/semanticscholar/transformer.py:130,130,141,12,0,0,0,DEAD,0,,0,,False,,0,0,0,0,0,0,0,0,0,0,0,0,0,0,0,0,0,0,2,0,0
method,_extract_author_metadata,bioetl.application.pipelines.semanticscholar.transformer.SemanticScholarPublicationTransformer._extract_author_metadata,class,application,bioetl.application.pipelines.semanticscholar.transformer,src/bioetl/application/pipelines/semanticscholar/transformer.py:143,143,162,20,0,0,0,DEAD,0,,0,,False,,0,0,0,0,0,0,0,0,0,0,0,0,0,0,0,0,0,0,2,0,0
variable,author_meta,bioetl.application.pipelines.semanticscholar.transformer.SemanticScholarPublicationTransformer._extract_business_data.author_meta,method,application,bioetl.application.pipelines.semanticscholar.transformer,src/bioetl/application/pipelines/semanticscholar/transformer.py:177,177,177,1,0,0,0,DEAD,0,,0,,False,,0,0,0,0,0,0,0,0,0,0,0,0,0,0,0,0,0,0,2,0,0
function,_extract_reaction_data,bioetl.application.pipelines.uniprot.extractors.comments._extract_reaction_data,module,application,bioetl.application.pipelines.uniprot.extractors.comments,src/bioetl/application/pipelines/uniprot/extractors/comments.py:23,23,37,15,0,0,2,DEAD,0,,1,docs/99-archive/reports/application_merged.md,False,,2,0,2,0,0,0,0,2,0,2,0,0,0,0,2,0,0,0,0,4,2
function,_extract_location_value,bioetl.application.pipelines.uniprot.extractors.comments._extract_location_value,module,application,bioetl.application.pipelines.uniprot.extractors.comments,src/bioetl/application/pipelines/uniprot/extractors/comments.py:40,40,54,15,0,0,2,DEAD,0,,1,docs/99-archive/reports/application_merged.md,False,,2,0,2,0,0,0,0,2,0,2,0,0,0,0,2,0,0,0,0,4,2
function,_build_isoform_data,bioetl.application.pipelines.uniprot.extractors.comments._build_isoform_data,module,application,bioetl.application.pipelines.uniprot.extractors.comments,src/bioetl/application/pipelines/uniprot/extractors/comments.py:57,57,73,17,0,0,2,DEAD,0,,1,docs/99-archive/reports/application_merged.md,False,,2,0,2,0,0,0,0,2,0,2,0,0,0,0,2,0,0,0,0,4,2
function,_extract_cofactor_entry,bioetl.application.pipelines.uniprot.extractors.comments._extract_cofactor_entry,module,application,bioetl.application.pipelines.uniprot.extractors.comments,src/bioetl/application/pipelines/uniprot/extractors/comments.py:95,95,121,27,0,0,2,DEAD,0,,1,docs/99-archive/reports/application_merged.md,False,,2,0,2,0,0,0,0,2,0,2,0,0,0,0,2,0,0,0,0,4,2
variable,cofactor_data,bioetl.application.pipelines.uniprot.extractors.comments._extract_cofactor_entry.cofactor_data,function,application,bioetl.application.pipelines.uniprot.extractors.comments,src/bioetl/application/pipelines/uniprot/extractors/comments.py:104,104,104,1,0,0,8,DEAD,0,,1,docs/99-archive/reports/application_merged.md,False,,8,0,8,0,0,0,0,8,0,8,0,0,0,0,8,0,0,0,0,16,8
variable,notes,bioetl.application.pipelines.uniprot.extractors.comments._extract_cofactor_entry.notes,function,application,bioetl.application.pipelines.uniprot.extractors.comments,src/bioetl/application/pipelines/uniprot/extractors/comments.py:117,117,117,1,0,0,32,DEAD,0,,10,docs/02-architecture/decisions/ADR-024-entity-naming-unification.md;docs/03-data-model/field-migration-checklist.md;docs/03-guides/local-storage-layout.md;docs/03-guides/migration-5.9-to-5.14.md;docs/04-reference/templates/pipeline-review-checklist.md;docs/05-operations/RELEASE_CHECKLIST.md;docs/99-archive/reports/application_merged.md;docs/99-archive/reports/config-audit/config_issues.md;docs/99-archive/reports/configs_merged.md;docs/99-archive/reports/documentation_merged.md,False,,26,13,24,13,14,14,13,26,13,24,0,13,13,0,25,14,14,15,14,36,26
function,_extract_km_entry,bioetl.application.pipelines.uniprot.extractors.comments._extract_km_entry,module,application,bioetl.application.pipelines.uniprot.extractors.comments,src/bioetl/application/pipelines/uniprot/extractors/comments.py:124,124,133,10,0,0,2,DEAD,0,,1,docs/99-archive/reports/application_merged.md,False,,2,0,2,0,0,0,0,2,0,2,0,0,0,0,2,0,0,0,0,4,2
variable,km_entry,bioetl.application.pipelines.uniprot.extractors.comments._extract_km_entry.km_entry,function,application,bioetl.application.pipelines.uniprot.extractors.comments,src/bioetl/application/pipelines/uniprot/extractors/comments.py:126,126,126,1,0,0,5,DEAD,0,,1,docs/99-archive/reports/application_merged.md,False,,5,0,5,0,0,0,0,5,0,5,0,0,0,0,5,0,0,0,0,10,5
function,_extract_vmax_entry,bioetl.application.pipelines.uniprot.extractors.comments._extract_vmax_entry,module,application,bioetl.application.pipelines.uniprot.extractors.comments,src/bioetl/application/pipelines/uniprot/extractors/comments.py:136,136,145,10,0,0,2,DEAD,0,,1,docs/99-archive/reports/application_merged.md,False,,2,0,2,0,0,0,0,2,0,2,0,0,0,0,2,0,0,0,0,4,2
variable,vmax_entry,bioetl.application.pipelines.uniprot.extractors.comments._extract_vmax_entry.vmax_entry,function,application,bioetl.application.pipelines.uniprot.extractors.comments,src/bioetl/application/pipelines/uniprot/extractors/comments.py:138,138,138,1,0,0,5,DEAD,0,,1,docs/99-archive/reports/application_merged.md,False,,5,0,5,0,0,0,0,5,0,5,0,0,0,0,5,0,0,0,0,10,5
function,_extract_list_entries,bioetl.application.pipelines.uniprot.extractors.comments._extract_list_entries,module,application,bioetl.application.pipelines.uniprot.extractors.comments,src/bioetl/application/pipelines/uniprot/extractors/comments.py:148,148,156,9,0,0,3,DEAD,0,,1,docs/99-archive/reports/application_merged.md,False,,3,0,3,0,0,0,0,3,0,3,0,0,0,0,3,0,0,0,0,6,3
parameter,data_list,bioetl.application.pipelines.uniprot.extractors.comments.data_list,function,application,bioetl.application.pipelines.uniprot.extractors.comments,src/bioetl/application/pipelines/uniprot/extractors/comments.py:148,148,148,1,0,0,4,DEAD,0,,1,docs/99-archive/reports/application_merged.md,False,,4,0,4,0,0,0,0,4,0,4,0,0,0,0,4,0,0,0,0,8,4
function,_extract_kinetic_parameters,bioetl.application.pipelines.uniprot.extractors.comments._extract_kinetic_parameters,module,application,bioetl.application.pipelines.uniprot.extractors.comments,src/bioetl/application/pipelines/uniprot/extractors/comments.py:159,159,179,21,0,0,2,DEAD,0,,1,docs/99-archive/reports/application_merged.md,False,,2,0,2,0,0,0,0,2,0,2,0,0,0,0,2,0,0,0,0,4,2
variable,kinetic_data,bioetl.application.pipelines.uniprot.extractors.comments._extract_kinetic_parameters.kinetic_data,function,application,bioetl.application.pipelines.uniprot.extractors.comments,src/bioetl/application/pipelines/uniprot/extractors/comments.py:161,161,161,1,0,0,8,DEAD,0,,1,docs/99-archive/reports/application_merged.md,False,,8,0,8,0,0,0,0,8,0,8,0,0,0,0,8,0,0,0,0,16,8
variable,km_values,bioetl.application.pipelines.uniprot.extractors.comments._extract_kinetic_parameters.km_values,function,application,bioetl.application.pipelines.uniprot.extractors.comments,src/bioetl/application/pipelines/uniprot/extractors/comments.py:163,163,165,3,0,0,3,DEAD,0,,1,docs/99-archive/reports/application_merged.md,False,,3,0,3,0,0,0,0,3,0,3,0,0,0,0,3,0,0,0,0,6,3
variable,vmax_values,bioetl.application.pipelines.uniprot.extractors.comments._extract_kinetic_parameters.vmax_values,function,application,bioetl.application.pipelines.uniprot.extractors.comments,src/bioetl/application/pipelines/uniprot/extractors/comments.py:169,169,171,3,0,0,3,DEAD,0,,1,docs/99-archive/reports/application_merged.md,False,,3,0,3,0,0,0,0,3,0,3,0,0,0,0,3,0,0,0,0,6,3
variable,notes,bioetl.application.pipelines.uniprot.extractors.comments._extract_kinetic_parameters.notes,function,application,bioetl.application.pipelines.uniprot.extractors.comments,src/bioetl/application/pipelines/uniprot/extractors/comments.py:175,175,175,1,0,0,32,DEAD,0,,10,docs/02-architecture/decisions/ADR-024-entity-naming-unification.md;docs/03-data-model/field-migration-checklist.md;docs/03-guides/local-storage-layout.md;docs/03-guides/migration-5.9-to-5.14.md;docs/04-reference/templates/pipeline-review-checklist.md;docs/05-operations/RELEASE_CHECKLIST.md;docs/99-archive/reports/application_merged.md;docs/99-archive/reports/config-audit/config_issues.md;docs/99-archive/reports/configs_merged.md;docs/99-archive/reports/documentation_merged.md,False,,26,13,24,13,14,14,13,26,13,24,0,13,13,0,25,14,14,15,14,36,26
function,_extract_absorption_data,bioetl.application.pipelines.uniprot.extractors.comments._extract_absorption_data,module,application,bioetl.application.pipelines.uniprot.extractors.comments,src/bioetl/application/pipelines/uniprot/extractors/comments.py:182,182,190,9,0,0,2,DEAD,0,,1,docs/99-archive/reports/application_merged.md,False,,2,0,2,0,0,0,0,2,0,2,0,0,0,0,2,0,0,0,0,4,2
variable,abs_data,bioetl.application.pipelines.uniprot.extractors.comments._extract_absorption_data.abs_data,function,application,bioetl.application.pipelines.uniprot.extractors.comments,src/bioetl/application/pipelines/uniprot/extractors/comments.py:184,184,184,1,0,0,7,DEAD,0,,1,docs/99-archive/reports/application_merged.md,False,,7,0,7,0,0,0,0,7,0,7,0,0,0,0,7,0,0,0,0,14,7
variable,notes,bioetl.application.pipelines.uniprot.extractors.comments._extract_absorption_data.notes,function,application,bioetl.application.pipelines.uniprot.extractors.comments,src/bioetl/application/pipelines/uniprot/extractors/comments.py:187,187,187,1,0,0,32,DEAD,0,,10,docs/02-architecture/decisions/ADR-024-entity-naming-unification.md;docs/03-data-model/field-migration-checklist.md;docs/03-guides/local-storage-layout.md;docs/03-guides/migration-5.9-to-5.14.md;docs/04-reference/templates/pipeline-review-checklist.md;docs/05-operations/RELEASE_CHECKLIST.md;docs/99-archive/reports/application_merged.md;docs/99-archive/reports/config-audit/config_issues.md;docs/99-archive/reports/configs_merged.md;docs/99-archive/reports/documentation_merged.md,False,,26,13,24,13,14,14,13,26,13,24,0,13,13,0,25,14,14,15,14,36,26
function,_extract_biophys_from_comment,bioetl.application.pipelines.uniprot.extractors.comments._extract_biophys_from_comment,module,application,bioetl.application.pipelines.uniprot.extractors.comments,src/bioetl/application/pipelines/uniprot/extractors/comments.py:193,193,230,38,0,0,2,DEAD,0,,1,docs/99-archive/reports/application_merged.md,False,,2,0,2,0,0,0,0,2,0,2,0,0,0,0,2,0,0,0,0,4,2
variable,ph_values,bioetl.application.pipelines.uniprot.extractors.comments._extract_biophys_from_comment.ph_values,function,application,bioetl.application.pipelines.uniprot.extractors.comments,src/bioetl/application/pipelines/uniprot/extractors/comments.py:205,205,205,1,0,0,3,DEAD,0,,1,docs/99-archive/reports/application_merged.md,False,,3,0,3,0,0,0,0,3,0,3,0,0,0,0,3,0,0,0,0,6,3
variable,temp_values,bioetl.application.pipelines.uniprot.extractors.comments._extract_biophys_from_comment.temp_values,function,application,bioetl.application.pipelines.uniprot.extractors.comments,src/bioetl/application/pipelines/uniprot/extractors/comments.py:209,209,209,1,0,0,3,DEAD,0,,1,docs/99-archive/reports/application_merged.md,False,,3,0,3,0,0,0,0,3,0,3,0,0,0,0,3,0,0,0,0,6,3
variable,redox_values,bioetl.application.pipelines.uniprot.extractors.comments._extract_biophys_from_comment.redox_values,function,application,bioetl.application.pipelines.uniprot.extractors.comments,src/bioetl/application/pipelines/uniprot/extractors/comments.py:213,213,213,1,0,0,3,DEAD,0,,1,docs/99-archive/reports/application_merged.md,False,,3,0,3,0,0,0,0,3,0,3,0,0,0,0,3,0,0,0,0,6,3
variable,kinetic_data,bioetl.application.pipelines.uniprot.extractors.comments._extract_biophys_from_comment.kinetic_data,function,application,bioetl.application.pipelines.uniprot.extractors.comments,src/bioetl/application/pipelines/uniprot/extractors/comments.py:220,220,220,1,0,0,8,DEAD,0,,1,docs/99-archive/reports/application_merged.md,False,,8,0,8,0,0,0,0,8,0,8,0,0,0,0,8,0,0,0,0,16,8
variable,abs_data,bioetl.application.pipelines.uniprot.extractors.comments._extract_biophys_from_comment.abs_data,function,application,bioetl.application.pipelines.uniprot.extractors.comments,src/bioetl/application/pipelines/uniprot/extractors/comments.py:226,226,226,1,0,0,7,DEAD,0,,1,docs/99-archive/reports/application_merged.md,False,,7,0,7,0,0,0,0,7,0,7,0,0,0,0,7,0,0,0,0,14,7
method,extract_text_values,bioetl.application.pipelines.uniprot.extractors.comments.CommentExtractor.extract_text_values,class,application,bioetl.application.pipelines.uniprot.extractors.comments,src/bioetl/application/pipelines/uniprot/extractors/comments.py:241,241,263,23,0,0,2,DEAD,0,,1,docs/99-archive/reports/application_merged.md,False,,2,0,2,0,0,0,0,2,0,2,0,0,0,0,2,0,0,0,0,4,2
variable,cofactor_data,bioetl.application.pipelines.uniprot.extractors.comments.CommentExtractor.extract_cofactors.cofactor_data,method,application,bioetl.application.pipelines.uniprot.extractors.comments,src/bioetl/application/pipelines/uniprot/extractors/comments.py:416,416,416,1,0,0,8,DEAD,0,,1,docs/99-archive/reports/application_merged.md,False,,8,0,8,0,0,0,0,8,0,8,0,0,0,0,8,0,0,0,0,16,8
variable,iso_synonyms,bioetl.application.pipelines.uniprot.extractors.comments.CommentExtractor.extract_isoform_details.iso_synonyms,method,application,bioetl.application.pipelines.uniprot.extractors.comments,src/bioetl/application/pipelines/uniprot/extractors/comments.py:513,513,513,1,0,0,0,DEAD,0,,0,,False,,0,0,0,0,0,0,0,0,0,0,0,0,0,0,0,0,0,0,0,3,3
constant,GO_ASPECTS,bioetl.application.pipelines.uniprot.extractors.crossrefs.CrossRefExtractor.GO_ASPECTS,class,application,bioetl.application.pipelines.uniprot.extractors.crossrefs,src/bioetl/application/pipelines/uniprot/extractors/crossrefs.py:17,17,17,1,0,0,2,DEAD,0,,1,docs/99-archive/reports/application_merged.md,False,,2,0,2,0,0,0,0,2,0,2,0,0,0,0,2,0,0,0,0,5,3
parameter,go_term_value,bioetl.application.pipelines.uniprot.extractors.crossrefs.CrossRefExtractor.go_term_value,method,application,bioetl.application.pipelines.uniprot.extractors.crossrefs,src/bioetl/application/pipelines/uniprot/extractors/crossrefs.py:79,79,79,1,0,0,5,DEAD,0,,1,docs/99-archive/reports/application_merged.md,False,,5,0,5,0,0,0,0,5,0,5,0,0,0,0,5,0,0,0,0,10,5
variable,aspect_candidate,bioetl.application.pipelines.uniprot.extractors.crossrefs.CrossRefExtractor._parse_go_term_value.aspect_candidate,method,application,bioetl.application.pipelines.uniprot.extractors.crossrefs,src/bioetl/application/pipelines/uniprot/extractors/crossrefs.py:95,95,95,1,0,0,3,DEAD,0,,1,docs/99-archive/reports/application_merged.md,False,,3,0,3,0,0,0,0,3,0,3,0,0,0,0,3,0,0,0,0,6,3
method,_build_pdb_entry,bioetl.application.pipelines.uniprot.extractors.crossrefs.CrossRefExtractor._build_pdb_entry,class,application,bioetl.application.pipelines.uniprot.extractors.crossrefs,src/bioetl/application/pipelines/uniprot/extractors/crossrefs.py:128,128,145,18,0,0,2,DEAD,0,,1,docs/99-archive/reports/application_merged.md,False,,2,0,2,0,0,0,0,2,0,2,0,0,0,0,2,0,0,0,0,4,2
variable,pdb_id,bioetl.application.pipelines.uniprot.extractors.crossrefs.CrossRefExtractor._build_pdb_entry.pdb_id,method,application,bioetl.application.pipelines.uniprot.extractors.crossrefs,src/bioetl/application/pipelines/uniprot/extractors/crossrefs.py:130,130,130,1,0,0,3,DEAD,0,,1,docs/99-archive/reports/application_merged.md,False,,3,0,3,0,0,0,0,3,0,3,0,0,0,0,3,0,0,0,0,6,3
variable,pdb_entry,bioetl.application.pipelines.uniprot.extractors.crossrefs.CrossRefExtractor._build_pdb_entry.pdb_entry,method,application,bioetl.application.pipelines.uniprot.extractors.crossrefs,src/bioetl/application/pipelines/uniprot/extractors/crossrefs.py:134,134,134,1,0,0,3,DEAD,0,,1,docs/99-archive/reports/application_merged.md,False,,3,0,3,0,0,0,0,3,0,3,0,0,0,0,3,0,0,0,0,6,3
variable,pdb_refs,bioetl.application.pipelines.uniprot.extractors.crossrefs.CrossRefExtractor.extract_pdb_xrefs.pdb_refs,method,application,bioetl.application.pipelines.uniprot.extractors.crossrefs,src/bioetl/application/pipelines/uniprot/extractors/crossrefs.py:164,164,170,7,0,0,3,DEAD,0,,1,docs/99-archive/reports/application_merged.md,False,,3,0,3,0,0,0,0,3,0,3,0,0,0,0,3,0,0,0,0,6,3
method,_build_interpro_entry,bioetl.application.pipelines.uniprot.extractors.crossrefs.CrossRefExtractor._build_interpro_entry,class,application,bioetl.application.pipelines.uniprot.extractors.crossrefs,src/bioetl/application/pipelines/uniprot/extractors/crossrefs.py:175,175,187,13,0,0,0,DEAD,0,,0,,False,,0,0,0,0,0,0,0,0,0,0,0,0,0,0,0,0,0,0,0,2,2
variable,interpro_id,bioetl.application.pipelines.uniprot.extractors.crossrefs.CrossRefExtractor._build_interpro_entry.interpro_id,method,application,bioetl.application.pipelines.uniprot.extractors.crossrefs,src/bioetl/application/pipelines/uniprot/extractors/crossrefs.py:177,177,177,1,0,0,0,DEAD,0,,0,,False,,0,0,0,0,0,0,0,0,0,0,0,0,0,0,0,0,0,0,0,3,3
variable,interpro_entry,bioetl.application.pipelines.uniprot.extractors.crossrefs.CrossRefExtractor._build_interpro_entry.interpro_entry,method,application,bioetl.application.pipelines.uniprot.extractors.crossrefs,src/bioetl/application/pipelines/uniprot/extractors/crossrefs.py:181,181,181,1,0,0,0,DEAD,0,,0,,False,,0,0,0,0,0,0,0,0,0,0,0,0,0,0,0,0,0,0,0,3,3
variable,interpro_refs,bioetl.application.pipelines.uniprot.extractors.crossrefs.CrossRefExtractor.extract_interpro_xrefs.interpro_refs,method,application,bioetl.application.pipelines.uniprot.extractors.crossrefs,src/bioetl/application/pipelines/uniprot/extractors/crossrefs.py:205,205,211,7,0,0,0,DEAD,0,,0,,False,,0,0,0,0,0,0,0,0,0,0,0,0,0,0,0,0,0,0,0,3,3
method,_build_pfam_entry,bioetl.application.pipelines.uniprot.extractors.crossrefs.CrossRefExtractor._build_pfam_entry,class,application,bioetl.application.pipelines.uniprot.extractors.crossrefs,src/bioetl/application/pipelines/uniprot/extractors/crossrefs.py:220,220,234,15,0,0,0,DEAD,0,,0,,False,,0,0,0,0,0,0,0,0,0,0,0,0,0,0,0,0,0,0,0,2,2
variable,pfam_id,bioetl.application.pipelines.uniprot.extractors.crossrefs.CrossRefExtractor._build_pfam_entry.pfam_id,method,application,bioetl.application.pipelines.uniprot.extractors.crossrefs,src/bioetl/application/pipelines/uniprot/extractors/crossrefs.py:222,222,222,1,0,0,0,DEAD,0,,0,,False,,0,0,0,0,0,0,0,0,0,0,0,0,0,0,0,0,0,0,0,3,3
variable,pfam_entry,bioetl.application.pipelines.uniprot.extractors.crossrefs.CrossRefExtractor._build_pfam_entry.pfam_entry,method,application,bioetl.application.pipelines.uniprot.extractors.crossrefs,src/bioetl/application/pipelines/uniprot/extractors/crossrefs.py:226,226,226,1,0,0,0,DEAD,0,,0,,False,,0,0,0,0,0,0,0,0,0,0,0,0,0,0,0,0,0,0,0,4,4
variable,pfam_refs,bioetl.application.pipelines.uniprot.extractors.crossrefs.CrossRefExtractor.extract_pfam_xrefs.pfam_refs,method,application,bioetl.application.pipelines.uniprot.extractors.crossrefs,src/bioetl/application/pipelines/uniprot/extractors/crossrefs.py:253,253,259,7,0,0,0,DEAD,0,,0,,False,,0,0,0,0,0,0,0,0,0,0,0,0,0,0,0,0,0,0,0,3,3
method,_build_reactome_entry,bioetl.application.pipelines.uniprot.extractors.crossrefs.CrossRefExtractor._build_reactome_entry,class,application,bioetl.application.pipelines.uniprot.extractors.crossrefs,src/bioetl/application/pipelines/uniprot/extractors/crossrefs.py:264,264,276,13,0,0,0,DEAD,0,,0,,False,,0,0,0,0,0,0,0,0,0,0,0,0,0,0,0,0,0,0,0,2,2
variable,reactome_id,bioetl.application.pipelines.uniprot.extractors.crossrefs.CrossRefExtractor._build_reactome_entry.reactome_id,method,application,bioetl.application.pipelines.uniprot.extractors.crossrefs,src/bioetl/application/pipelines/uniprot/extractors/crossrefs.py:266,266,266,1,0,0,0,DEAD,0,,0,,False,,0,0,0,0,0,0,0,0,0,0,0,0,0,0,0,0,0,0,0,3,3
variable,reactome_entry,bioetl.application.pipelines.uniprot.extractors.crossrefs.CrossRefExtractor._build_reactome_entry.reactome_entry,method,application,bioetl.application.pipelines.uniprot.extractors.crossrefs,src/bioetl/application/pipelines/uniprot/extractors/crossrefs.py:270,270,270,1,0,0,0,DEAD,0,,0,,False,,0,0,0,0,0,0,0,0,0,0,0,0,0,0,0,0,0,0,0,3,3
variable,reactome_refs,bioetl.application.pipelines.uniprot.extractors.crossrefs.CrossRefExtractor.extract_reactome_xrefs.reactome_refs,method,application,bioetl.application.pipelines.uniprot.extractors.crossrefs,src/bioetl/application/pipelines/uniprot/extractors/crossrefs.py:295,295,301,7,0,0,0,DEAD,0,,0,,False,,0,0,0,0,0,0,0,0,0,0,0,0,0,0,0,0,0,0,0,3,3
variable,parsed_aspect,bioetl.application.pipelines.uniprot.extractors.crossrefs.CrossRefExtractor.extract_go_by_aspect.parsed_aspect,method,application,bioetl.application.pipelines.uniprot.extractors.crossrefs,src/bioetl/application/pipelines/uniprot/extractors/crossrefs.py:338,338,338,1,0,0,0,DEAD,0,,0,,False,,0,0,0,0,0,0,0,0,0,0,0,0,0,0,0,0,0,0,0,2,2
function,_extract_feature_location,bioetl.application.pipelines.uniprot.extractors.features._extract_feature_location,module,application,bioetl.application.pipelines.uniprot.extractors.features,src/bioetl/application/pipelines/uniprot/extractors/features.py:10,10,24,15,0,0,2,DEAD,0,,1,docs/99-archive/reports/application_merged.md,False,,2,0,2,0,0,0,0,2,0,2,0,0,0,0,2,0,0,0,0,4,2
parameter,feature_data,bioetl.application.pipelines.uniprot.extractors.features.feature_data,function,application,bioetl.application.pipelines.uniprot.extractors.features,src/bioetl/application/pipelines/uniprot/extractors/features.py:11,11,11,1,0,0,13,DEAD,0,,1,docs/99-archive/reports/application_merged.md,False,,13,0,13,0,0,0,0,13,0,13,0,0,0,0,13,0,0,0,0,32,19
function,_build_feature_dict,bioetl.application.pipelines.uniprot.extractors.features._build_feature_dict,module,application,bioetl.application.pipelines.uniprot.extractors.features,src/bioetl/application/pipelines/uniprot/extractors/features.py:27,27,48,22,0,0,2,DEAD,0,,1,docs/99-archive/reports/application_merged.md,False,,2,0,2,0,0,0,0,2,0,2,0,0,0,0,2,0,0,0,0,6,4
variable,feature_data,bioetl.application.pipelines.uniprot.extractors.features._build_feature_dict.feature_data,function,application,bioetl.application.pipelines.uniprot.extractors.features,src/bioetl/application/pipelines/uniprot/extractors/features.py:36,36,36,1,0,0,13,DEAD,0,,1,docs/99-archive/reports/application_merged.md,False,,13,0,13,0,0,0,0,13,0,13,0,0,0,0,13,0,0,0,0,32,19
function,_build_keyword_dict,bioetl.application.pipelines.uniprot.extractors.features._build_keyword_dict,module,application,bioetl.application.pipelines.uniprot.extractors.features,src/bioetl/application/pipelines/uniprot/extractors/features.py:51,51,67,17,0,0,2,DEAD,0,,1,docs/99-archive/reports/application_merged.md,False,,2,0,2,0,0,0,0,2,0,2,0,0,0,0,2,0,0,0,0,4,2
variable,kw_data,bioetl.application.pipelines.uniprot.extractors.features._build_keyword_dict.kw_data,function,application,bioetl.application.pipelines.uniprot.extractors.features,src/bioetl/application/pipelines/uniprot/extractors/features.py:60,60,60,1,0,0,8,DEAD,0,,1,docs/99-archive/reports/application_merged.md,False,,8,0,8,0,0,0,0,8,0,8,0,0,0,0,8,0,0,0,0,16,8
constant,FEATURE_TYPES,bioetl.application.pipelines.uniprot.extractors.features.FeatureExtractor.FEATURE_TYPES,class,application,bioetl.application.pipelines.uniprot.extractors.features,src/bioetl/application/pipelines/uniprot/extractors/features.py:74,74,84,11,0,0,0,DEAD,0,,0,,False,,0,0,0,0,0,0,0,0,0,0,0,0,0,0,0,0,0,0,0,11,11
constant,PTM_PATTERNS,bioetl.application.pipelines.uniprot.extractors.features.FeatureExtractor.PTM_PATTERNS,class,application,bioetl.application.pipelines.uniprot.extractors.features,src/bioetl/application/pipelines/uniprot/extractors/features.py:87,87,91,5,0,0,0,DEAD,0,,0,,False,,0,0,0,0,0,0,0,0,0,0,0,0,0,0,0,0,0,0,0,4,4
variable,feature_data,bioetl.application.pipelines.uniprot.extractors.features.FeatureExtractor.extract_features.feature_data,method,application,bioetl.application.pipelines.uniprot.extractors.features,src/bioetl/application/pipelines/uniprot/extractors/features.py:110,110,110,1,0,0,13,DEAD,0,,1,docs/99-archive/reports/application_merged.md,False,,13,0,13,0,0,0,0,13,0,13,0,0,0,0,13,0,0,0,0,32,19
variable,kw_data,bioetl.application.pipelines.uniprot.extractors.features.FeatureExtractor.extract_keywords.kw_data,method,application,bioetl.application.pipelines.uniprot.extractors.features,src/bioetl/application/pipelines/uniprot/extractors/features.py:133,133,133,1,0,0,8,DEAD,0,,1,docs/99-archive/reports/application_merged.md,False,,8,0,8,0,0,0,0,8,0,8,0,0,0,0,8,0,0,0,0,16,8
parameter,feature_type,bioetl.application.pipelines.uniprot.extractors.features.FeatureExtractor.feature_type,method,application,bioetl.application.pipelines.uniprot.extractors.features,src/bioetl/application/pipelines/uniprot/extractors/features.py:140,140,140,1,0,0,0,DEAD,0,,0,,False,,0,0,0,0,0,0,0,0,0,0,0,0,0,0,0,0,0,0,0,3,3
variable,feature_data,bioetl.application.pipelines.uniprot.extractors.features.FeatureExtractor.extract_features_by_type.feature_data,method,application,bioetl.application.pipelines.uniprot.extractors.features,src/bioetl/application/pipelines/uniprot/extractors/features.py:158,158,158,1,0,0,13,DEAD,0,,1,docs/99-archive/reports/application_merged.md,False,,13,0,13,0,0,0,0,13,0,13,0,0,0,0,13,0,0,0,0,32,19
variable,mod_res_type,bioetl.application.pipelines.uniprot.extractors.features.FeatureExtractor.extract_ptm_by_pattern.mod_res_type,method,application,bioetl.application.pipelines.uniprot.extractors.features,src/bioetl/application/pipelines/uniprot/extractors/features.py:342,342,342,1,0,0,0,DEAD,0,,0,,False,,0,0,0,0,0,0,0,0,0,0,0,0,0,0,0,0,0,0,0,2,2
variable,description_lower,bioetl.application.pipelines.uniprot.extractors.features.FeatureExtractor.extract_ptm_by_pattern.description_lower,method,application,bioetl.application.pipelines.uniprot.extractors.features,src/bioetl/application/pipelines/uniprot/extractors/features.py:355,355,355,1,0,0,0,DEAD,0,,0,,False,,0,0,0,0,0,0,0,0,0,0,0,0,0,0,0,0,0,0,0,2,2
variable,feature_data,bioetl.application.pipelines.uniprot.extractors.features.FeatureExtractor.extract_ptm_by_pattern.feature_data,method,application,bioetl.application.pipelines.uniprot.extractors.features,src/bioetl/application/pipelines/uniprot/extractors/features.py:357,357,357,1,0,0,13,DEAD,0,,1,docs/99-archive/reports/application_merged.md,False,,13,0,13,0,0,0,0,13,0,13,0,0,0,0,13,0,0,0,0,32,19
variable,all_synonyms,bioetl.application.pipelines.uniprot.extractors.genes.GeneExtractor.extract_gene_synonyms.all_synonyms,method,application,bioetl.application.pipelines.uniprot.extractors.genes,src/bioetl/application/pipelines/uniprot/extractors/genes.py:72,72,72,1,0,0,4,DEAD,0,,1,docs/99-archive/reports/application_merged.md,False,,4,0,4,0,0,0,0,4,0,4,0,0,0,0,4,0,0,0,0,8,4
variable,all_orf,bioetl.application.pipelines.uniprot.extractors.genes.GeneExtractor.extract_gene_orf_names.all_orf,method,application,bioetl.application.pipelines.uniprot.extractors.genes,src/bioetl/application/pipelines/uniprot/extractors/genes.py:102,102,102,1,0,0,4,DEAD,0,,1,docs/99-archive/reports/application_merged.md,False,,4,0,4,0,0,0,0,4,0,4,0,0,0,0,4,0,0,0,0,8,4
constant,SUPERKINGDOMS,bioetl.application.pipelines.uniprot.extractors.taxonomy.TaxonomyExtractor.SUPERKINGDOMS,class,application,bioetl.application.pipelines.uniprot.extractors.taxonomy,src/bioetl/application/pipelines/uniprot/extractors/taxonomy.py:21,21,21,1,0,0,0,DEAD,0,,0,,False,,0,0,0,0,0,0,0,0,0,0,0,0,0,0,0,0,0,0,0,1,1
method,_is_valid_lineage,bioetl.application.pipelines.uniprot.extractors.taxonomy.TaxonomyExtractor._is_valid_lineage,class,application,bioetl.application.pipelines.uniprot.extractors.taxonomy,src/bioetl/application/pipelines/uniprot/extractors/taxonomy.py:24,24,33,10,0,0,0,DEAD,0,,0,,False,,0,0,0,0,0,0,0,0,0,0,0,0,0,0,0,0,0,0,0,4,4
constant,EXISTENCE_MAP,bioetl.application.pipelines.uniprot.extractors.utils.ExtractorUtils.EXISTENCE_MAP,class,application,bioetl.application.pipelines.uniprot.extractors.utils,src/bioetl/application/pipelines/uniprot/extractors/utils.py:15,15,21,7,0,0,2,DEAD,0,,1,docs/99-archive/reports/application_merged.md,False,,2,0,2,0,0,0,0,2,0,2,0,0,0,0,2,0,0,0,0,4,2
variable,existence_str,bioetl.application.pipelines.uniprot.extractors.utils.ExtractorUtils.extract_protein_existence.existence_str,method,application,bioetl.application.pipelines.uniprot.extractors.utils,src/bioetl/application/pipelines/uniprot/extractors/utils.py:78,78,78,1,0,0,3,DEAD,0,,1,docs/99-archive/reports/application_merged.md,False,,3,0,3,0,0,0,0,3,0,3,0,0,0,0,3,0,0,0,0,6,3
method,_extract_values_from_list,bioetl.application.pipelines.uniprot.extractors.utils.ExtractorUtils._extract_values_from_list,class,application,bioetl.application.pipelines.uniprot.extractors.utils,src/bioetl/application/pipelines/uniprot/extractors/utils.py:82,82,95,14,0,0,3,DEAD,0,,1,docs/99-archive/reports/application_merged.md,False,,3,0,3,0,0,0,0,3,0,3,0,0,0,0,3,0,0,0,0,6,3
variable,alt_names,bioetl.application.pipelines.uniprot.extractors.utils.ExtractorUtils.extract_alternative_names.alt_names,method,application,bioetl.application.pipelines.uniprot.extractors.utils,src/bioetl/application/pipelines/uniprot/extractors/utils.py:127,127,127,1,0,0,3,DEAD,0,,1,docs/99-archive/reports/application_merged.md,False,,3,0,3,0,0,0,0,3,0,3,0,0,0,0,3,0,0,0,0,6,3
constant,_PROTEIN_DESC_FLAG_PATH,bioetl.application.pipelines.uniprot.transformer.UniProtProteinTransformer._PROTEIN_DESC_FLAG_PATH,class,application,bioetl.application.pipelines.uniprot.transformer,src/bioetl/application/pipelines/uniprot/transformer.py:59,59,59,1,0,0,2,DEAD,0,,1,docs/99-archive/reports/application_merged.md,False,,2,0,2,0,0,0,0,2,0,2,0,0,0,0,2,0,0,0,0,4,2
constant,_ORGANISM_SCIENTIFIC_PATH,bioetl.application.pipelines.uniprot.transformer.UniProtProteinTransformer._ORGANISM_SCIENTIFIC_PATH,class,application,bioetl.application.pipelines.uniprot.transformer,src/bioetl/application/pipelines/uniprot/transformer.py:60,60,60,1,0,0,2,DEAD,0,,1,docs/99-archive/reports/application_merged.md,False,,2,0,2,0,0,0,0,2,0,2,0,0,0,0,2,0,0,0,0,4,2
constant,_ORGANISM_COMMON_PATH,bioetl.application.pipelines.uniprot.transformer.UniProtProteinTransformer._ORGANISM_COMMON_PATH,class,application,bioetl.application.pipelines.uniprot.transformer,src/bioetl/application/pipelines/uniprot/transformer.py:61,61,61,1,0,0,2,DEAD,0,,1,docs/99-archive/reports/application_merged.md,False,,2,0,2,0,0,0,0,2,0,2,0,0,0,0,2,0,0,0,0,4,2
constant,_ORGANISM_TAXON_ID_PATH,bioetl.application.pipelines.uniprot.transformer.UniProtProteinTransformer._ORGANISM_TAXON_ID_PATH,class,application,bioetl.application.pipelines.uniprot.transformer,src/bioetl/application/pipelines/uniprot/transformer.py:62,62,62,1,0,0,2,DEAD,0,,1,docs/99-archive/reports/application_merged.md,False,,2,0,2,0,0,0,0,2,0,2,0,0,0,0,2,0,0,0,0,4,2
constant,_ORGANISM_LINEAGE_PATH,bioetl.application.pipelines.uniprot.transformer.UniProtProteinTransformer._ORGANISM_LINEAGE_PATH,class,application,bioetl.application.pipelines.uniprot.transformer,src/bioetl/application/pipelines/uniprot/transformer.py:63,63,63,1,0,0,2,DEAD,0,,1,docs/99-archive/reports/application_merged.md,False,,2,0,2,0,0,0,0,2,0,2,0,0,0,0,2,0,0,0,0,5,3
constant,_SEQUENCE_VALUE_PATH,bioetl.application.pipelines.uniprot.transformer.UniProtProteinTransformer._SEQUENCE_VALUE_PATH,class,application,bioetl.application.pipelines.uniprot.transformer,src/bioetl/application/pipelines/uniprot/transformer.py:64,64,64,1,0,0,2,DEAD,0,,1,docs/99-archive/reports/application_merged.md,False,,2,0,2,0,0,0,0,2,0,2,0,0,0,0,2,0,0,0,0,4,2
constant,_SEQUENCE_LENGTH_PATH,bioetl.application.pipelines.uniprot.transformer.UniProtProteinTransformer._SEQUENCE_LENGTH_PATH,class,application,bioetl.application.pipelines.uniprot.transformer,src/bioetl/application/pipelines/uniprot/transformer.py:65,65,65,1,0,0,2,DEAD,0,,1,docs/99-archive/reports/application_merged.md,False,,2,0,2,0,0,0,0,2,0,2,0,0,0,0,2,0,0,0,0,4,2
constant,_SEQUENCE_MOL_WEIGHT_PATH,bioetl.application.pipelines.uniprot.transformer.UniProtProteinTransformer._SEQUENCE_MOL_WEIGHT_PATH,class,application,bioetl.application.pipelines.uniprot.transformer,src/bioetl/application/pipelines/uniprot/transformer.py:66,66,66,1,0,0,2,DEAD,0,,1,docs/99-archive/reports/application_merged.md,False,,2,0,2,0,0,0,0,2,0,2,0,0,0,0,2,0,0,0,0,4,2
constant,_SEQUENCE_CRC64_PATH,bioetl.application.pipelines.uniprot.transformer.UniProtProteinTransformer._SEQUENCE_CRC64_PATH,class,application,bioetl.application.pipelines.uniprot.transformer,src/bioetl/application/pipelines/uniprot/transformer.py:67,67,67,1,0,0,2,DEAD,0,,1,docs/99-archive/reports/application_merged.md,False,,2,0,2,0,0,0,0,2,0,2,0,0,0,0,2,0,0,0,0,4,2
constant,_SEQUENCE_MODIFIED_PATH,bioetl.application.pipelines.uniprot.transformer.UniProtProteinTransformer._SEQUENCE_MODIFIED_PATH,class,application,bioetl.application.pipelines.uniprot.transformer,src/bioetl/application/pipelines/uniprot/transformer.py:68,68,68,1,0,0,2,DEAD,0,,1,docs/99-archive/reports/application_merged.md,False,,2,0,2,0,0,0,0,2,0,2,0,0,0,0,2,0,0,0,0,4,2
constant,_PROTEIN_NAME_PATH,bioetl.application.pipelines.uniprot.transformer.UniProtProteinTransformer._PROTEIN_NAME_PATH,class,application,bioetl.application.pipelines.uniprot.transformer,src/bioetl/application/pipelines/uniprot/transformer.py:69,69,74,6,0,0,2,DEAD,0,,1,docs/99-archive/reports/application_merged.md,False,,2,0,2,0,0,0,0,2,0,2,0,0,0,0,2,0,0,0,0,4,2
constant,_ENTRY_AUDIT_CREATED_PATH,bioetl.application.pipelines.uniprot.transformer.UniProtProteinTransformer._ENTRY_AUDIT_CREATED_PATH,class,application,bioetl.application.pipelines.uniprot.transformer,src/bioetl/application/pipelines/uniprot/transformer.py:76,76,76,1,0,0,2,DEAD,0,,1,docs/99-archive/reports/application_merged.md,False,,2,0,2,0,0,0,0,2,0,2,0,0,0,0,2,0,0,0,0,4,2
constant,_ENTRY_AUDIT_MODIFIED_PATH,bioetl.application.pipelines.uniprot.transformer.UniProtProteinTransformer._ENTRY_AUDIT_MODIFIED_PATH,class,application,bioetl.application.pipelines.uniprot.transformer,src/bioetl/application/pipelines/uniprot/transformer.py:77,77,77,1,0,0,2,DEAD,0,,1,docs/99-archive/reports/application_merged.md,False,,2,0,2,0,0,0,0,2,0,2,0,0,0,0,2,0,0,0,0,4,2
constant,_ENTRY_AUDIT_VERSION_PATH,bioetl.application.pipelines.uniprot.transformer.UniProtProteinTransformer._ENTRY_AUDIT_VERSION_PATH,class,application,bioetl.application.pipelines.uniprot.transformer,src/bioetl/application/pipelines/uniprot/transformer.py:78,78,78,1,0,0,2,DEAD,0,,1,docs/99-archive/reports/application_merged.md,False,,2,0,2,0,0,0,0,2,0,2,0,0,0,0,2,0,0,0,0,4,2
method,_get_entry_name,bioetl.application.pipelines.uniprot.transformer.UniProtProteinTransformer._get_entry_name,class,application,bioetl.application.pipelines.uniprot.transformer,src/bioetl/application/pipelines/uniprot/transformer.py:146,146,153,8,0,0,2,DEAD,0,,1,docs/99-archive/reports/application_merged.md,False,,2,0,2,0,0,0,0,2,0,2,0,0,0,0,2,0,0,0,0,4,2
method,_build_business_data,bioetl.application.pipelines.uniprot.transformer.UniProtProteinTransformer._build_business_data,class,application,bioetl.application.pipelines.uniprot.transformer,src/bioetl/application/pipelines/uniprot/transformer.py:155,155,181,27,0,0,2,DEAD,0,,1,docs/99-archive/reports/application_merged.md,False,,2,0,2,0,0,0,0,2,0,2,0,0,0,0,2,0,0,0,0,4,2
method,_add_core_identifiers,bioetl.application.pipelines.uniprot.transformer.UniProtProteinTransformer._add_core_identifiers,class,application,bioetl.application.pipelines.uniprot.transformer,src/bioetl/application/pipelines/uniprot/transformer.py:183,183,188,6,0,0,2,DEAD,0,,1,docs/99-archive/reports/application_merged.md,False,,2,0,2,0,0,0,0,2,0,2,0,0,0,0,2,0,0,0,0,4,2
method,_add_protein_names,bioetl.application.pipelines.uniprot.transformer.UniProtProteinTransformer._add_protein_names,class,application,bioetl.application.pipelines.uniprot.transformer,src/bioetl/application/pipelines/uniprot/transformer.py:190,190,207,18,0,0,2,DEAD,0,,1,docs/99-archive/reports/application_merged.md,False,,2,0,2,0,0,0,0,2,0,2,0,0,0,0,2,0,0,0,0,4,2
method,_add_gene_data,bioetl.application.pipelines.uniprot.transformer.UniProtProteinTransformer._add_gene_data,class,application,bioetl.application.pipelines.uniprot.transformer,src/bioetl/application/pipelines/uniprot/transformer.py:209,209,215,7,0,0,2,DEAD,0,,1,docs/99-archive/reports/application_merged.md,False,,2,0,2,0,0,0,0,2,0,2,0,0,0,0,2,0,0,0,0,4,2
method,_add_organism_data,bioetl.application.pipelines.uniprot.transformer.UniProtProteinTransformer._add_organism_data,class,application,bioetl.application.pipelines.uniprot.transformer,src/bioetl/application/pipelines/uniprot/transformer.py:217,217,230,14,0,0,2,DEAD,0,,1,docs/99-archive/reports/application_merged.md,False,,2,0,2,0,0,0,0,2,0,2,0,0,0,0,2,0,0,0,0,4,2
method,_add_evidence_data,bioetl.application.pipelines.uniprot.transformer.UniProtProteinTransformer._add_evidence_data,class,application,bioetl.application.pipelines.uniprot.transformer,src/bioetl/application/pipelines/uniprot/transformer.py:232,232,238,7,0,0,2,DEAD,0,,1,docs/99-archive/reports/application_merged.md,False,,2,0,2,0,0,0,0,2,0,2,0,0,0,0,2,0,0,0,0,4,2
method,_add_sequence_data,bioetl.application.pipelines.uniprot.transformer.UniProtProteinTransformer._add_sequence_data,class,application,bioetl.application.pipelines.uniprot.transformer,src/bioetl/application/pipelines/uniprot/transformer.py:240,240,257,18,0,0,2,DEAD,0,,1,docs/99-archive/reports/application_merged.md,False,,2,0,2,0,0,0,0,2,0,2,0,0,0,0,2,0,0,0,0,4,2
variable,seq_modified_str,bioetl.application.pipelines.uniprot.transformer.UniProtProteinTransformer._add_sequence_data.seq_modified_str,method,application,bioetl.application.pipelines.uniprot.transformer,src/bioetl/application/pipelines/uniprot/transformer.py:253,253,253,1,0,0,2,DEAD,0,,1,docs/99-archive/reports/application_merged.md,False,,2,0,2,0,0,0,0,2,0,2,0,0,0,0,2,0,0,0,0,4,2
variable,seq_modified_date,bioetl.application.pipelines.uniprot.transformer.UniProtProteinTransformer._add_sequence_data.seq_modified_date,method,application,bioetl.application.pipelines.uniprot.transformer,src/bioetl/application/pipelines/uniprot/transformer.py:254,254,254,1,0,0,3,DEAD,0,,1,docs/99-archive/reports/application_merged.md,False,,3,0,3,0,0,0,0,3,0,3,0,0,0,0,3,0,0,0,0,6,3
method,_add_audit_data,bioetl.application.pipelines.uniprot.transformer.UniProtProteinTransformer._add_audit_data,class,application,bioetl.application.pipelines.uniprot.transformer,src/bioetl/application/pipelines/uniprot/transformer.py:259,259,278,20,0,0,2,DEAD,0,,1,docs/99-archive/reports/application_merged.md,False,,2,0,2,0,0,0,0,2,0,2,0,0,0,0,2,0,0,0,0,4,2
variable,created_str,bioetl.application.pipelines.uniprot.transformer.UniProtProteinTransformer._add_audit_data.created_str,method,application,bioetl.application.pipelines.uniprot.transformer,src/bioetl/application/pipelines/uniprot/transformer.py:271,271,271,1,0,0,2,DEAD,0,,1,docs/99-archive/reports/application_merged.md,False,,2,0,2,0,0,0,0,2,0,2,0,0,0,0,2,0,0,0,0,4,2
variable,modified_str,bioetl.application.pipelines.uniprot.transformer.UniProtProteinTransformer._add_audit_data.modified_str,method,application,bioetl.application.pipelines.uniprot.transformer,src/bioetl/application/pipelines/uniprot/transformer.py:276,276,276,1,0,0,2,DEAD,0,,1,docs/99-archive/reports/application_merged.md,False,,2,0,2,0,0,0,0,2,0,2,0,0,0,0,2,0,0,0,0,4,2
variable,modified_date,bioetl.application.pipelines.uniprot.transformer.UniProtProteinTransformer._add_audit_data.modified_date,method,application,bioetl.application.pipelines.uniprot.transformer,src/bioetl/application/pipelines/uniprot/transformer.py:277,277,277,1,0,0,3,DEAD,0,,1,docs/99-archive/reports/application_merged.md,False,,3,0,3,0,0,0,0,3,0,3,0,0,0,0,3,0,0,0,0,6,3
method,_add_functional_annotations,bioetl.application.pipelines.uniprot.transformer.UniProtProteinTransformer._add_functional_annotations,class,application,bioetl.application.pipelines.uniprot.transformer,src/bioetl/application/pipelines/uniprot/transformer.py:280,280,318,39,0,0,3,DEAD,0,,2,docs/99-archive/reports/application_merged.md;docs/99-archive/reports/documentation_merged.md,False,,3,1,3,1,1,1,1,3,1,3,0,1,1,0,3,1,1,1,1,5,3
method,_add_cross_references,bioetl.application.pipelines.uniprot.transformer.UniProtProteinTransformer._add_cross_references,class,application,bioetl.application.pipelines.uniprot.transformer,src/bioetl/application/pipelines/uniprot/transformer.py:320,320,333,14,0,0,2,DEAD,0,,1,docs/99-archive/reports/application_merged.md,False,,2,0,2,0,0,0,0,2,0,2,0,0,0,0,2,0,0,0,0,4,2
method,_add_features_and_keywords,bioetl.application.pipelines.uniprot.transformer.UniProtProteinTransformer._add_features_and_keywords,class,application,bioetl.application.pipelines.uniprot.transformer,src/bioetl/application/pipelines/uniprot/transformer.py:335,335,347,13,0,0,2,DEAD,0,,1,docs/99-archive/reports/application_merged.md,False,,2,0,2,0,0,0,0,2,0,2,0,0,0,0,2,0,0,0,0,4,2
method,_add_counts,bioetl.application.pipelines.uniprot.transformer.UniProtProteinTransformer._add_counts,class,application,bioetl.application.pipelines.uniprot.transformer,src/bioetl/application/pipelines/uniprot/transformer.py:349,349,356,8,0,0,2,DEAD,0,,1,docs/99-archive/reports/application_merged.md,False,,2,0,2,0,0,0,0,2,0,2,0,0,0,0,2,0,0,0,0,4,2
method,_add_taxonomy_components,bioetl.application.pipelines.uniprot.transformer.UniProtProteinTransformer._add_taxonomy_components,class,application,bioetl.application.pipelines.uniprot.transformer,src/bioetl/application/pipelines/uniprot/transformer.py:358,358,366,9,0,0,0,DEAD,0,,0,,False,,0,0,0,0,0,0,0,0,0,0,0,0,0,0,0,0,0,0,0,2,2
method,_add_go_components,bioetl.application.pipelines.uniprot.transformer.UniProtProteinTransformer._add_go_components,class,application,bioetl.application.pipelines.uniprot.transformer,src/bioetl/application/pipelines/uniprot/transformer.py:368,368,372,5,0,0,0,DEAD,0,,0,,False,,0,0,0,0,0,0,0,0,0,0,0,0,0,0,0,0,0,0,0,2,2
method,_add_ptm_features,bioetl.application.pipelines.uniprot.transformer.UniProtProteinTransformer._add_ptm_features,class,application,bioetl.application.pipelines.uniprot.transformer,src/bioetl/application/pipelines/uniprot/transformer.py:374,374,388,15,0,0,0,DEAD,0,,0,,False,,0,0,0,0,0,0,0,0,0,0,0,0,0,0,0,0,0,0,0,2,2
method,_add_isoform_details,bioetl.application.pipelines.uniprot.transformer.UniProtProteinTransformer._add_isoform_details,class,application,bioetl.application.pipelines.uniprot.transformer,src/bioetl/application/pipelines/uniprot/transformer.py:390,390,396,7,0,0,0,DEAD,0,,0,,False,,0,0,0,0,0,0,0,0,0,0,0,0,0,0,0,0,0,0,0,2,2
method,_add_reaction_data,bioetl.application.pipelines.uniprot.transformer.UniProtProteinTransformer._add_reaction_data,class,application,bioetl.application.pipelines.uniprot.transformer,src/bioetl/application/pipelines/uniprot/transformer.py:398,398,404,7,0,0,0,DEAD,0,,0,,False,,0,0,0,0,0,0,0,0,0,0,0,0,0,0,0,0,0,0,0,2,2
variable,cleanup_result,bioetl.application.services.bronze_cleanup_service.BronzeCleanupService.cleanup.cleanup_result,method,application,bioetl.application.services.bronze_cleanup_service,src/bioetl/application/services/bronze_cleanup_service.py:96,96,102,7,0,0,3,DEAD,0,,1,docs/99-archive/reports/application_merged.md,False,,3,0,3,0,0,0,0,3,0,3,0,0,0,0,3,0,0,0,0,3,0
class,PipelineSettingsProtocol,bioetl.application.services.config_service.PipelineSettingsProtocol,module,application,bioetl.application.services.config_service,src/bioetl/application/services/config_service.py:22,22,26,5,0,0,0,DEAD,0,,0,,True,Port/Schema/Protocol contract,2,0,0,0,0,0,0,0,0,0,0,0,0,0,0,0,0,0,0,0,0
class,SettingsProtocol,bioetl.application.services.config_service.SettingsProtocol,module,application,bioetl.application.services.config_service,src/bioetl/application/services/config_service.py:30,30,68,39,0,0,0,DEAD,0,,0,,True,Port/Schema/Protocol contract,2,0,0,0,0,0,0,0,0,0,0,0,0,0,0,0,0,0,0,0,0
class,PipelineYamlConfigProtocol,bioetl.application.services.config_service.PipelineYamlConfigProtocol,module,application,bioetl.application.services.config_service,src/bioetl/application/services/config_service.py:72,72,82,11,0,0,0,DEAD,0,,0,,True,Port/Schema/Protocol contract,3,0,0,0,0,0,0,0,0,0,0,0,0,0,0,0,0,0,0,0,0
class,PipelineRegistryProtocol,bioetl.application.services.config_service.PipelineRegistryProtocol,module,application,bioetl.application.services.config_service,src/bioetl/application/services/config_service.py:86,86,91,6,0,0,0,DEAD,0,,0,,True,Port/Schema/Protocol contract,2,0,0,0,0,0,0,0,0,0,0,0,0,0,0,0,0,0,0,0,0
class,PipelineConfigLoaderProtocol,bioetl.application.services.config_service.PipelineConfigLoaderProtocol,module,application,bioetl.application.services.config_service,src/bioetl/application/services/config_service.py:102,102,107,6,0,0,0,DEAD,0,,0,,True,Port/Schema/Protocol contract,2,0,0,0,0,0,0,0,0,0,0,0,0,0,0,0,0,0,0,0,0
class,RegistryAccessorProtocol,bioetl.application.services.config_service.RegistryAccessorProtocol,module,application,bioetl.application.services.config_service,src/bioetl/application/services/config_service.py:118,118,123,6,0,0,0,DEAD,0,,0,,True,Port/Schema/Protocol contract,2,0,0,0,0,0,0,0,0,0,0,0,0,0,0,0,0,0,0,0,0
method,_check_hard_threshold,bioetl.application.services.data_quality_service.DataQualityService._check_hard_threshold,class,application,bioetl.application.services.data_quality_service,src/bioetl/application/services/data_quality_service.py:112,112,136,25,0,0,13,DEAD,0,,3,docs/99-archive/refactoring-plan.md;docs/99-archive/reports/application_merged.md;docs/99-archive/reports/documentation_merged.md,False,,11,9,11,9,9,9,9,11,9,11,0,9,9,0,11,9,9,9,9,11,9
method,_determine_status,bioetl.application.services.data_quality_service.DataQualityService._determine_status,class,application,bioetl.application.services.data_quality_service,src/bioetl/application/services/data_quality_service.py:138,138,149,12,0,0,2,DEAD,0,,1,docs/99-archive/reports/application_merged.md,False,,2,0,2,0,0,0,0,2,0,2,0,0,0,0,2,0,0,0,0,2,0
method,_emit_soft_threshold_warning,bioetl.application.services.data_quality_service.DataQualityService._emit_soft_threshold_warning,class,application,bioetl.application.services.data_quality_service,src/bioetl/application/services/data_quality_service.py:151,151,168,18,0,0,5,DEAD,0,,2,docs/99-archive/reports/application_merged.md;docs/99-archive/reports/documentation_merged.md,False,,5,3,5,3,3,3,3,5,3,5,0,3,3,0,5,3,3,3,3,5,3
method,_run_anomaly_detection,bioetl.application.services.data_quality_service.DataQualityService._run_anomaly_detection,class,application,bioetl.application.services.data_quality_service,src/bioetl/application/services/data_quality_service.py:170,170,209,40,0,0,2,DEAD,0,,1,docs/99-archive/reports/application_merged.md,False,,2,0,2,0,0,0,0,2,0,2,0,0,0,0,2,0,0,0,0,2,0
method,_record_check_duration,bioetl.application.services.data_quality_service.DataQualityService._record_check_duration,class,application,bioetl.application.services.data_quality_service,src/bioetl/application/services/data_quality_service.py:211,211,222,12,0,0,2,DEAD,0,,1,docs/99-archive/reports/application_merged.md,False,,2,0,2,0,0,0,0,2,0,2,0,0,0,0,2,0,0,0,0,2,0
method,_process_anomalies,bioetl.application.services.data_quality_service.DataQualityService._process_anomalies,class,application,bioetl.application.services.data_quality_service,src/bioetl/application/services/data_quality_service.py:224,224,238,15,0,0,2,DEAD,0,,1,docs/99-archive/reports/application_merged.md,False,,2,0,2,0,0,0,0,2,0,2,0,0,0,0,2,0,0,0,0,2,0
method,_process_single_anomaly,bioetl.application.services.data_quality_service.DataQualityService._process_single_anomaly,class,application,bioetl.application.services.data_quality_service,src/bioetl/application/services/data_quality_service.py:240,240,275,36,0,0,2,DEAD,0,,1,docs/99-archive/reports/application_merged.md,False,,2,0,2,0,0,0,0,2,0,2,0,0,0,0,2,0,0,0,0,2,0
method,_update_baseline_metrics,bioetl.application.services.data_quality_service.DataQualityService._update_baseline_metrics,class,application,bioetl.application.services.data_quality_service,src/bioetl/application/services/data_quality_service.py:277,277,294,18,0,0,2,DEAD,0,,1,docs/99-archive/reports/application_merged.md,False,,2,0,2,0,0,0,0,2,0,2,0,0,0,0,2,0,0,0,0,2,0
constant,FRESHNESS_WARNING_HOURS,bioetl.application.services.dq._checks_basic.FRESHNESS_WARNING_HOURS,module,application,bioetl.application.services.dq._checks_basic,src/bioetl/application/services/dq/_checks_basic.py:20,20,20,1,0,0,2,DEAD,0,,1,docs/99-archive/reports/application_merged.md,False,,2,0,2,0,0,0,0,2,0,2,0,0,0,0,2,0,0,0,0,2,0
constant,FRESHNESS_CRITICAL_HOURS,bioetl.application.services.dq._checks_basic.FRESHNESS_CRITICAL_HOURS,module,application,bioetl.application.services.dq._checks_basic,src/bioetl/application/services/dq/_checks_basic.py:21,21,21,1,0,0,2,DEAD,0,,1,docs/99-archive/reports/application_merged.md,False,,2,0,2,0,0,0,0,2,0,2,0,0,0,0,2,0,0,0,0,2,0
variable,field_rates,bioetl.application.services.dq._checks_basic.check_completeness.field_rates,function,application,bioetl.application.services.dq._checks_basic,src/bioetl/application/services/dq/_checks_basic.py:63,63,63,1,0,0,4,DEAD,0,,1,docs/99-archive/reports/application_merged.md,False,,4,0,4,0,0,0,0,4,0,4,0,0,0,0,4,0,0,0,0,4,0
variable,total_rate,bioetl.application.services.dq._checks_basic.check_completeness.total_rate,function,application,bioetl.application.services.dq._checks_basic,src/bioetl/application/services/dq/_checks_basic.py:64,64,64,1,0,0,3,DEAD,0,,1,docs/99-archive/reports/application_merged.md,False,,3,0,3,0,0,0,0,3,0,3,0,0,0,0,3,0,0,0,0,3,0
variable,overall_score,bioetl.application.services.dq._checks_basic.check_completeness.overall_score,function,application,bioetl.application.services.dq._checks_basic,src/bioetl/application/services/dq/_checks_basic.py:77,77,77,1,0,0,4,DEAD,0,,2,docs/99-archive/reports/application_merged.md;docs/99-archive/reports/documentation_merged.md,False,,4,1,4,1,1,1,1,4,1,4,0,1,1,0,4,1,1,1,1,4,1
variable,timestamp_cols,bioetl.application.services.dq._checks_basic.check_data_freshness.timestamp_cols,function,application,bioetl.application.services.dq._checks_basic,src/bioetl/application/services/dq/_checks_basic.py:93,93,93,1,0,0,2,DEAD,0,,1,docs/99-archive/reports/application_merged.md,False,,2,0,2,0,0,0,0,2,0,2,0,0,0,0,2,0,0,0,0,2,0
variable,max_ts,bioetl.application.services.dq._checks_basic.check_data_freshness.max_ts,function,application,bioetl.application.services.dq._checks_basic,src/bioetl/application/services/dq/_checks_basic.py:94,94,94,1,0,0,5,DEAD,0,,1,docs/99-archive/reports/application_merged.md,False,,5,0,5,0,0,0,0,5,0,5,0,0,0,0,5,0,0,0,0,5,0
variable,col_max,bioetl.application.services.dq._checks_basic.check_data_freshness.col_max,function,application,bioetl.application.services.dq._checks_basic,src/bioetl/application/services/dq/_checks_basic.py:99,99,99,1,0,0,4,DEAD,0,,1,docs/99-archive/reports/application_merged.md,False,,4,0,4,0,0,0,0,4,0,4,0,0,0,0,4,0,0,0,0,4,0
variable,lag_seconds,bioetl.application.services.dq._checks_basic.check_data_freshness.lag_seconds,function,application,bioetl.application.services.dq._checks_basic,src/bioetl/application/services/dq/_checks_basic.py:117,117,117,1,0,0,3,DEAD,0,,1,docs/99-archive/reports/application_merged.md,False,,3,0,3,0,0,0,0,3,0,3,0,0,0,0,3,0,0,0,0,3,0
variable,lag_hours,bioetl.application.services.dq._checks_basic.check_data_freshness.lag_hours,function,application,bioetl.application.services.dq._checks_basic,src/bioetl/application/services/dq/_checks_basic.py:118,118,118,1,0,0,4,DEAD,0,,1,docs/99-archive/reports/application_merged.md,False,,4,0,4,0,0,0,0,4,0,4,0,0,0,0,4,0,0,0,0,4,0
function,_check_not_null_rule,bioetl.application.services.dq._checks_business._check_not_null_rule,module,application,bioetl.application.services.dq._checks_business,src/bioetl/application/services/dq/_checks_business.py:19,19,22,4,0,0,2,DEAD,0,,1,docs/99-archive/reports/application_merged.md,False,,2,0,2,0,0,0,0,2,0,2,0,0,0,0,2,0,0,0,0,2,0
function,_check_range_rule,bioetl.application.services.dq._checks_business._check_range_rule,module,application,bioetl.application.services.dq._checks_business,src/bioetl/application/services/dq/_checks_business.py:25,25,38,14,0,0,2,DEAD,0,,1,docs/99-archive/reports/application_merged.md,False,,2,0,2,0,0,0,0,2,0,2,0,0,0,0,2,0,0,0,0,2,0
variable,col_data,bioetl.application.services.dq._checks_business._check_range_rule.col_data,function,application,bioetl.application.services.dq._checks_business,src/bioetl/application/services/dq/_checks_business.py:33,33,33,1,0,0,3,DEAD,0,,1,docs/99-archive/reports/application_merged.md,False,,3,0,3,0,0,0,0,3,0,3,0,0,0,0,3,0,0,0,0,3,0
function,_check_in_list_rule,bioetl.application.services.dq._checks_business._check_in_list_rule,module,application,bioetl.application.services.dq._checks_business,src/bioetl/application/services/dq/_checks_business.py:41,41,48,8,0,0,2,DEAD,0,,1,docs/99-archive/reports/application_merged.md,False,,2,0,2,0,0,0,0,2,0,2,0,0,0,0,2,0,0,0,0,2,0
function,_check_regex_rule,bioetl.application.services.dq._checks_business._check_regex_rule,module,application,bioetl.application.services.dq._checks_business,src/bioetl/application/services/dq/_checks_business.py:51,51,58,8,0,0,2,DEAD,0,,1,docs/99-archive/reports/application_merged.md,False,,2,0,2,0,0,0,0,2,0,2,0,0,0,0,2,0,0,0,0,2,0
function,_evaluate_single_rule,bioetl.application.services.dq._checks_business._evaluate_single_rule,module,application,bioetl.application.services.dq._checks_business,src/bioetl/application/services/dq/_checks_business.py:61,61,79,19,0,0,2,DEAD,0,,1,docs/99-archive/reports/application_merged.md,False,,2,0,2,0,0,0,0,2,0,2,0,0,0,0,2,0,0,0,0,2,0
variable,fk_results,bioetl.application.services.dq._checks_integrity.check_referential_integrity.fk_results,function,application,bioetl.application.services.dq._checks_integrity,src/bioetl/application/services/dq/_checks_integrity.py:31,31,31,1,0,0,3,DEAD,0,,1,docs/99-archive/reports/application_merged.md,False,,3,0,3,0,0,0,0,3,0,3,0,0,0,0,3,0,0,0,0,3,0
variable,has_failures,bioetl.application.services.dq._checks_integrity.check_referential_integrity.has_failures,function,application,bioetl.application.services.dq._checks_integrity,src/bioetl/application/services/dq/_checks_integrity.py:32,32,32,1,0,0,3,DEAD,0,,1,docs/99-archive/reports/application_merged.md,False,,3,0,3,0,0,0,0,3,0,3,0,0,0,0,3,0,0,0,0,3,0
variable,has_warnings,bioetl.application.services.dq._checks_integrity.check_referential_integrity.has_warnings,function,application,bioetl.application.services.dq._checks_integrity,src/bioetl/application/services/dq/_checks_integrity.py:33,33,33,1,0,0,3,DEAD,0,,1,docs/99-archive/reports/application_merged.md,False,,3,0,3,0,0,0,0,3,0,3,0,0,0,0,3,0,0,0,0,3,0
variable,local_col,bioetl.application.services.dq._checks_integrity.check_referential_integrity.local_col,function,application,bioetl.application.services.dq._checks_integrity,src/bioetl/application/services/dq/_checks_integrity.py:40,40,40,1,0,0,4,DEAD,0,,1,docs/99-archive/reports/application_merged.md,False,,4,0,4,0,0,0,0,4,0,4,0,0,0,0,4,0,0,0,0,4,0
variable,ref_parts,bioetl.application.services.dq._checks_integrity.check_referential_integrity.ref_parts,function,application,bioetl.application.services.dq._checks_integrity,src/bioetl/application/services/dq/_checks_integrity.py:41,41,41,1,0,0,3,DEAD,0,,1,docs/99-archive/reports/application_merged.md,False,,3,0,3,0,0,0,0,3,0,3,0,0,0,0,3,0,0,0,0,3,0
variable,ref_col,bioetl.application.services.dq._checks_integrity.check_referential_integrity.ref_col,function,application,bioetl.application.services.dq._checks_integrity,src/bioetl/application/services/dq/_checks_integrity.py:45,45,45,1,0,0,4,DEAD,0,,1,docs/99-archive/reports/application_merged.md,False,,4,0,4,0,0,0,0,4,0,4,0,0,0,0,4,0,0,0,0,4,0
variable,ref_df,bioetl.application.services.dq._checks_integrity.check_referential_integrity.ref_df,function,application,bioetl.application.services.dq._checks_integrity,src/bioetl/application/services/dq/_checks_integrity.py:51,51,51,1,0,0,4,DEAD,0,,1,docs/99-archive/reports/application_merged.md,False,,4,0,4,0,0,0,0,4,0,4,0,0,0,0,4,0,0,0,0,4,0
variable,local_values,bioetl.application.services.dq._checks_integrity.check_referential_integrity.local_values,function,application,bioetl.application.services.dq._checks_integrity,src/bioetl/application/services/dq/_checks_integrity.py:58,58,58,1,0,0,3,DEAD,0,,1,docs/99-archive/reports/application_merged.md,False,,3,0,3,0,0,0,0,3,0,3,0,0,0,0,3,0,0,0,0,3,0
variable,ref_values,bioetl.application.services.dq._checks_integrity.check_referential_integrity.ref_values,function,application,bioetl.application.services.dq._checks_integrity,src/bioetl/application/services/dq/_checks_integrity.py:59,59,59,1,0,0,2,DEAD,0,,1,docs/99-archive/reports/application_merged.md,False,,2,0,2,0,0,0,0,2,0,2,0,0,0,0,2,0,0,0,0,2,0
variable,total_refs,bioetl.application.services.dq._checks_integrity.check_referential_integrity.total_refs,function,application,bioetl.application.services.dq._checks_integrity,src/bioetl/application/services/dq/_checks_integrity.py:61,61,61,1,0,0,4,DEAD,0,,1,docs/99-archive/reports/application_merged.md,False,,4,0,4,0,0,0,0,4,0,4,0,0,0,0,4,0,0,0,0,4,0
variable,valid_refs,bioetl.application.services.dq._checks_integrity.check_referential_integrity.valid_refs,function,application,bioetl.application.services.dq._checks_integrity,src/bioetl/application/services/dq/_checks_integrity.py:62,62,62,1,0,0,3,DEAD,0,,1,docs/99-archive/reports/application_merged.md,False,,3,0,3,0,0,0,0,3,0,3,0,0,0,0,3,0,0,0,0,3,0
variable,unique_entities,bioetl.application.services.dq._checks_integrity.check_scd_integrity.unique_entities,function,application,bioetl.application.services.dq._checks_integrity,src/bioetl/application/services/dq/_checks_integrity.py:128,128,128,1,0,0,4,DEAD,0,,1,docs/99-archive/reports/application_merged.md,False,,4,0,4,0,0,0,0,4,0,4,0,0,0,0,4,0,0,0,0,4,0
variable,version_counts,bioetl.application.services.dq._checks_integrity.check_scd_integrity.version_counts,function,application,bioetl.application.services.dq._checks_integrity,src/bioetl/application/services/dq/_checks_integrity.py:131,131,131,1,0,0,2,DEAD,0,,1,docs/99-archive/reports/application_merged.md,False,,2,0,2,0,0,0,0,2,0,2,0,0,0,0,2,0,0,0,0,2,0
variable,avg_versions,bioetl.application.services.dq._checks_integrity.check_scd_integrity.avg_versions,function,application,bioetl.application.services.dq._checks_integrity,src/bioetl/application/services/dq/_checks_integrity.py:133,133,133,1,0,0,2,DEAD,0,,1,docs/99-archive/reports/application_merged.md,False,,2,0,2,0,0,0,0,2,0,2,0,0,0,0,2,0,0,0,0,2,0
variable,entity_records,bioetl.application.services.dq._checks_integrity.check_scd_integrity.entity_records,function,application,bioetl.application.services.dq._checks_integrity,src/bioetl/application/services/dq/_checks_integrity.py:142,142,144,3,0,0,5,DEAD,0,,1,docs/99-archive/reports/application_merged.md,False,,5,0,5,0,0,0,0,5,0,5,0,0,0,0,5,0,0,0,0,5,0
variable,current_to,bioetl.application.services.dq._checks_integrity.check_scd_integrity.current_to,function,application,bioetl.application.services.dq._checks_integrity,src/bioetl/application/services/dq/_checks_integrity.py:147,147,147,1,0,0,3,DEAD,0,,1,docs/99-archive/reports/application_merged.md,False,,3,0,3,0,0,0,0,3,0,3,0,0,0,0,3,0,0,0,0,3,0
variable,next_from,bioetl.application.services.dq._checks_integrity.check_scd_integrity.next_from,function,application,bioetl.application.services.dq._checks_integrity,src/bioetl/application/services/dq/_checks_integrity.py:148,148,148,1,0,0,3,DEAD,0,,1,docs/99-archive/reports/application_merged.md,False,,3,0,3,0,0,0,0,3,0,3,0,0,0,0,3,0,0,0,0,3,0
constant,NULL_RATE_WARNING_MULTIPLIER,bioetl.application.services.dq._checks_statistical.NULL_RATE_WARNING_MULTIPLIER,module,application,bioetl.application.services.dq._checks_statistical,src/bioetl/application/services/dq/_checks_statistical.py:21,21,21,1,0,0,3,DEAD,0,,1,docs/99-archive/reports/application_merged.md,False,,3,0,3,0,0,0,0,3,0,3,0,0,0,0,3,0,0,0,0,3,0
constant,NULL_RATE_CRITICAL_MULTIPLIER,bioetl.application.services.dq._checks_statistical.NULL_RATE_CRITICAL_MULTIPLIER,module,application,bioetl.application.services.dq._checks_statistical,src/bioetl/application/services/dq/_checks_statistical.py:22,22,22,1,0,0,3,DEAD,0,,1,docs/99-archive/reports/application_merged.md,False,,3,0,3,0,0,0,0,3,0,3,0,0,0,0,3,0,0,0,0,3,0
constant,RECORD_COUNT_WARNING_THRESHOLD,bioetl.application.services.dq._checks_statistical.RECORD_COUNT_WARNING_THRESHOLD,module,application,bioetl.application.services.dq._checks_statistical,src/bioetl/application/services/dq/_checks_statistical.py:23,23,23,1,0,0,3,DEAD,0,,1,docs/99-archive/reports/application_merged.md,False,,3,0,3,0,0,0,0,3,0,3,0,0,0,0,3,0,0,0,0,3,0
constant,RECORD_COUNT_CRITICAL_THRESHOLD,bioetl.application.services.dq._checks_statistical.RECORD_COUNT_CRITICAL_THRESHOLD,module,application,bioetl.application.services.dq._checks_statistical,src/bioetl/application/services/dq/_checks_statistical.py:24,24,24,1,0,0,3,DEAD,0,,1,docs/99-archive/reports/application_merged.md,False,,3,0,3,0,0,0,0,3,0,3,0,0,0,0,3,0,0,0,0,3,0
variable,current_null_rate,bioetl.application.services.dq._checks_statistical.check_statistical_profile.current_null_rate,function,application,bioetl.application.services.dq._checks_statistical,src/bioetl/application/services/dq/_checks_statistical.py:43,43,43,1,0,0,7,DEAD,0,,1,docs/99-archive/reports/application_merged.md,False,,7,0,7,0,0,0,0,7,0,7,0,0,0,0,7,0,0,0,0,7,0
variable,baseline_null_rate,bioetl.application.services.dq._checks_statistical.check_statistical_profile.baseline_null_rate,function,application,bioetl.application.services.dq._checks_statistical,src/bioetl/application/services/dq/_checks_statistical.py:44,44,44,1,0,0,9,DEAD,0,,1,docs/99-archive/reports/application_merged.md,False,,9,0,9,0,0,0,0,9,0,9,0,0,0,0,9,0,0,0,0,9,0
variable,baseline_count,bioetl.application.services.dq._checks_statistical.check_statistical_profile.baseline_count,function,application,bioetl.application.services.dq._checks_statistical,src/bioetl/application/services/dq/_checks_statistical.py:68,68,68,1,0,0,9,DEAD,0,,1,docs/99-archive/reports/application_merged.md,False,,9,0,9,0,0,0,0,9,0,9,0,0,0,0,9,0,0,0,0,9,0
variable,current_null_rate,bioetl.application.services.dq._checks_statistical.check_anomaly_detection.current_null_rate,function,application,bioetl.application.services.dq._checks_statistical,src/bioetl/application/services/dq/_checks_statistical.py:127,127,127,1,0,0,7,DEAD,0,,1,docs/99-archive/reports/application_merged.md,False,,7,0,7,0,0,0,0,7,0,7,0,0,0,0,7,0,0,0,0,7,0
variable,baseline_null_rate,bioetl.application.services.dq._checks_statistical.check_anomaly_detection.baseline_null_rate,function,application,bioetl.application.services.dq._checks_statistical,src/bioetl/application/services/dq/_checks_statistical.py:128,128,128,1,0,0,9,DEAD,0,,1,docs/99-archive/reports/application_merged.md,False,,9,0,9,0,0,0,0,9,0,9,0,0,0,0,9,0,0,0,0,9,0
variable,null_zscore,bioetl.application.services.dq._checks_statistical.check_anomaly_detection.null_zscore,function,application,bioetl.application.services.dq._checks_statistical,src/bioetl/application/services/dq/_checks_statistical.py:130,130,134,5,0,0,3,DEAD,0,,1,docs/99-archive/reports/application_merged.md,False,,3,0,3,0,0,0,0,3,0,3,0,0,0,0,3,0,0,0,0,3,0
variable,null_status,bioetl.application.services.dq._checks_statistical.check_anomaly_detection.null_status,function,application,bioetl.application.services.dq._checks_statistical,src/bioetl/application/services/dq/_checks_statistical.py:138,138,138,1,0,0,3,DEAD,0,,1,docs/99-archive/reports/application_merged.md,False,,3,0,3,0,0,0,0,3,0,3,0,0,0,0,3,0,0,0,0,3,0
variable,baseline_count,bioetl.application.services.dq._checks_statistical.check_anomaly_detection.baseline_count,function,application,bioetl.application.services.dq._checks_statistical,src/bioetl/application/services/dq/_checks_statistical.py:154,154,154,1,0,0,9,DEAD,0,,1,docs/99-archive/reports/application_merged.md,False,,9,0,9,0,0,0,0,9,0,9,0,0,0,0,9,0,0,0,0,9,0
variable,count_zscore,bioetl.application.services.dq._checks_statistical.check_anomaly_detection.count_zscore,function,application,bioetl.application.services.dq._checks_statistical,src/bioetl/application/services/dq/_checks_statistical.py:155,155,157,3,0,0,3,DEAD,0,,1,docs/99-archive/reports/application_merged.md,False,,3,0,3,0,0,0,0,3,0,3,0,0,0,0,3,0,0,0,0,3,0
variable,count_status,bioetl.application.services.dq._checks_statistical.check_anomaly_detection.count_status,function,application,bioetl.application.services.dq._checks_statistical,src/bioetl/application/services/dq/_checks_statistical.py:161,161,161,1,0,0,3,DEAD,0,,1,docs/99-archive/reports/application_merged.md,False,,3,0,3,0,0,0,0,3,0,3,0,0,0,0,3,0,0,0,0,3,0
variable,file_integrity_result,bioetl.application.services.dq.bronze_analyzer.BronzeDQAnalyzer.analyze.file_integrity_result,method,application,bioetl.application.services.dq.bronze_analyzer,src/bioetl/application/services/dq/bronze_analyzer.py:92,92,92,1,0,0,3,DEAD,0,,1,docs/99-archive/reports/application_merged.md,False,,3,0,3,0,0,0,0,3,0,3,0,0,0,0,3,0,0,0,0,3,0
variable,schema_snapshot_result,bioetl.application.services.dq.bronze_analyzer.BronzeDQAnalyzer.analyze.schema_snapshot_result,method,application,bioetl.application.services.dq.bronze_analyzer,src/bioetl/application/services/dq/bronze_analyzer.py:100,100,100,1,0,0,3,DEAD,0,,1,docs/99-archive/reports/application_merged.md,False,,3,0,3,0,0,0,0,3,0,3,0,0,0,0,3,0,0,0,0,3,0
variable,field_presence_result,bioetl.application.services.dq.bronze_analyzer.BronzeDQAnalyzer.analyze.field_presence_result,method,application,bioetl.application.services.dq.bronze_analyzer,src/bioetl/application/services/dq/bronze_analyzer.py:108,108,108,1,0,0,2,DEAD,0,,1,docs/99-archive/reports/application_merged.md,False,,2,0,2,0,0,0,0,2,0,2,0,0,0,0,2,0,0,0,0,2,0
variable,encoding_result,bioetl.application.services.dq.bronze_analyzer.BronzeDQAnalyzer.analyze.encoding_result,method,application,bioetl.application.services.dq.bronze_analyzer,src/bioetl/application/services/dq/bronze_analyzer.py:115,115,115,1,0,0,3,DEAD,0,,1,docs/99-archive/reports/application_merged.md,False,,3,0,3,0,0,0,0,3,0,3,0,0,0,0,3,0,0,0,0,3,0
method,_check_file_integrity,bioetl.application.services.dq.bronze_analyzer.BronzeDQAnalyzer._check_file_integrity,class,application,bioetl.application.services.dq.bronze_analyzer,src/bioetl/application/services/dq/bronze_analyzer.py:142,142,159,18,0,0,2,DEAD,0,,1,docs/99-archive/reports/application_merged.md,False,,2,0,2,0,0,0,0,2,0,2,0,0,0,0,2,0,0,0,0,2,0
method,_check_schema_snapshot,bioetl.application.services.dq.bronze_analyzer.BronzeDQAnalyzer._check_schema_snapshot,class,application,bioetl.application.services.dq.bronze_analyzer,src/bioetl/application/services/dq/bronze_analyzer.py:161,161,190,30,0,0,2,DEAD,0,,1,docs/99-archive/reports/application_merged.md,False,,2,0,2,0,0,0,0,2,0,2,0,0,0,0,2,0,0,0,0,2,0
variable,field_types,bioetl.application.services.dq.bronze_analyzer.BronzeDQAnalyzer._check_schema_snapshot.field_types,method,application,bioetl.application.services.dq.bronze_analyzer,src/bioetl/application/services/dq/bronze_analyzer.py:163,163,163,1,0,0,5,DEAD,0,,1,docs/99-archive/reports/application_merged.md,False,,5,0,5,0,0,0,0,5,0,5,0,0,0,0,5,0,0,0,0,5,0
method,_check_field_presence,bioetl.application.services.dq.bronze_analyzer.BronzeDQAnalyzer._check_field_presence,class,application,bioetl.application.services.dq.bronze_analyzer,src/bioetl/application/services/dq/bronze_analyzer.py:192,192,212,21,0,0,2,DEAD,0,,1,docs/99-archive/reports/application_merged.md,False,,2,0,2,0,0,0,0,2,0,2,0,0,0,0,2,0,0,0,0,2,0
method,_check_encoding,bioetl.application.services.dq.bronze_analyzer.BronzeDQAnalyzer._check_encoding,class,application,bioetl.application.services.dq.bronze_analyzer,src/bioetl/application/services/dq/bronze_analyzer.py:214,214,232,19,0,0,2,DEAD,0,,1,docs/99-archive/reports/application_merged.md,False,,2,0,2,0,0,0,0,2,0,2,0,0,0,0,2,0,0,0,0,2,0
method,_infer_type,bioetl.application.services.dq.bronze_analyzer.BronzeDQAnalyzer._infer_type,class,application,bioetl.application.services.dq.bronze_analyzer,src/bioetl/application/services/dq/bronze_analyzer.py:234,234,251,18,0,0,2,DEAD,0,,1,docs/99-archive/reports/application_merged.md,False,,2,0,2,0,0,0,0,2,0,2,0,0,0,0,2,0,0,0,0,2,0
variable,rc,bioetl.application.services.dq.gold_analyzer.GoldDQAnalyzer._execute_checks.rc,method,application,bioetl.application.services.dq.gold_analyzer,src/bioetl/application/services/dq/gold_analyzer.py:77,77,77,1,0,0,0,DEAD,0,,0,,False,,0,0,0,0,0,0,0,0,0,0,0,0,0,0,0,0,0,0,0,0,0
variable,comp,bioetl.application.services.dq.gold_analyzer.GoldDQAnalyzer._execute_checks.comp,method,application,bioetl.application.services.dq.gold_analyzer,src/bioetl/application/services/dq/gold_analyzer.py:84,84,84,1,0,0,0,DEAD,0,,0,,False,,0,0,0,0,0,0,0,0,0,0,0,0,0,0,0,0,0,0,0,0,0
variable,br,bioetl.application.services.dq.gold_analyzer.GoldDQAnalyzer._execute_checks.br,method,application,bioetl.application.services.dq.gold_analyzer,src/bioetl/application/services/dq/gold_analyzer.py:91,91,91,1,0,0,143,DEAD,0,,11,docs/02-architecture/container-diagram.md;docs/02-architecture/data-flow.md;docs/02-architecture/diagrams.md;docs/02-architecture/system-context.md;docs/03-guides/publication-validation-guide.md;docs/04-reference/api/application/transformers.md;docs/04-reference/api/infrastructure.md;docs/04-reference/api/infrastructure/storage.md;docs/04-reference/pipelines/openalex-publication.md;docs/04-reference/pipelines/semanticscholar-publication.md;docs/99-archive/reports/documentation_merged.md,False,,60,57,57,57,57,57,57,57,57,57,0,57,57,0,57,60,57,83,64,57,57
variable,ri,bioetl.application.services.dq.gold_analyzer.GoldDQAnalyzer._execute_checks.ri,method,application,bioetl.application.services.dq.gold_analyzer,src/bioetl/application/services/dq/gold_analyzer.py:98,98,98,1,0,0,6,DEAD,0,,2,docs/00-project/glossary.md;docs/99-archive/reports/documentation_merged.md,False,,6,6,3,3,3,6,3,3,3,3,0,3,3,0,3,3,6,6,3,3,6
variable,ad,bioetl.application.services.dq.gold_analyzer.GoldDQAnalyzer._execute_checks.ad,method,application,bioetl.application.services.dq.gold_analyzer,src/bioetl/application/services/dq/gold_analyzer.py:112,112,112,1,0,0,0,DEAD,0,,0,,False,,0,0,0,0,0,0,0,0,0,0,0,0,0,0,0,0,0,0,0,0,0
variable,null_results,bioetl.application.services.dq.silver_analyzer.SilverDQAnalyzer._execute_checks.null_results,method,application,bioetl.application.services.dq.silver_analyzer,src/bioetl/application/services/dq/silver_analyzer.py:92,92,92,1,0,0,2,DEAD,0,,1,docs/99-archive/reports/application_merged.md,False,,2,0,2,0,0,0,0,2,0,2,0,0,0,0,2,0,0,0,0,2,0
variable,overall_rate,bioetl.application.services.dq.silver_analyzer.SilverDQAnalyzer._execute_checks.overall_rate,method,application,bioetl.application.services.dq.silver_analyzer,src/bioetl/application/services/dq/silver_analyzer.py:92,92,92,1,0,0,2,DEAD,0,,1,docs/99-archive/reports/application_merged.md,False,,2,0,2,0,0,0,0,2,0,2,0,0,0,0,2,0,0,0,0,2,0
variable,uniqueness_result,bioetl.application.services.dq.silver_analyzer.SilverDQAnalyzer._execute_checks.uniqueness_result,method,application,bioetl.application.services.dq.silver_analyzer,src/bioetl/application/services/dq/silver_analyzer.py:101,101,101,1,0,0,3,DEAD,0,,1,docs/99-archive/reports/application_merged.md,False,,3,0,3,0,0,0,0,3,0,3,0,0,0,0,3,0,0,0,0,3,0
variable,conformance_result,bioetl.application.services.dq.silver_analyzer.SilverDQAnalyzer._execute_checks.conformance_result,method,application,bioetl.application.services.dq.silver_analyzer,src/bioetl/application/services/dq/silver_analyzer.py:108,108,108,1,0,0,3,DEAD,0,,1,docs/99-archive/reports/application_merged.md,False,,3,0,3,0,0,0,0,3,0,3,0,0,0,0,3,0,0,0,0,3,0
variable,distribution_result,bioetl.application.services.dq.silver_analyzer.SilverDQAnalyzer._execute_checks.distribution_result,method,application,bioetl.application.services.dq.silver_analyzer,src/bioetl/application/services/dq/silver_analyzer.py:115,115,115,1,0,0,2,DEAD,0,,1,docs/99-archive/reports/application_merged.md,False,,2,0,2,0,0,0,0,2,0,2,0,0,0,0,2,0,0,0,0,2,0
variable,drift_result,bioetl.application.services.dq.silver_analyzer.SilverDQAnalyzer._execute_checks.drift_result,method,application,bioetl.application.services.dq.silver_analyzer,src/bioetl/application/services/dq/silver_analyzer.py:122,122,122,1,0,0,3,DEAD,0,,1,docs/99-archive/reports/application_merged.md,False,,3,0,3,0,0,0,0,3,0,3,0,0,0,0,3,0,0,0,0,3,0
variable,dedup_result,bioetl.application.services.dq.silver_analyzer.SilverDQAnalyzer._execute_checks.dedup_result,method,application,bioetl.application.services.dq.silver_analyzer,src/bioetl/application/services/dq/silver_analyzer.py:129,129,131,3,0,0,3,DEAD,0,,1,docs/99-archive/reports/application_merged.md,False,,3,0,3,0,0,0,0,3,0,3,0,0,0,0,3,0,0,0,0,3,0
variable,hash_result,bioetl.application.services.dq.silver_analyzer.SilverDQAnalyzer._execute_checks.hash_result,method,application,bioetl.application.services.dq.silver_analyzer,src/bioetl/application/services/dq/silver_analyzer.py:138,138,138,1,0,0,3,DEAD,0,,1,docs/99-archive/reports/application_merged.md,False,,3,0,3,0,0,0,0,3,0,3,0,0,0,0,3,0,0,0,0,3,0
method,_calculate_thresholds,bioetl.application.services.dq.silver_analyzer.SilverDQAnalyzer._calculate_thresholds,class,application,bioetl.application.services.dq.silver_analyzer,src/bioetl/application/services/dq/silver_analyzer.py:146,146,181,36,0,0,2,DEAD,0,,1,docs/99-archive/reports/application_merged.md,False,,2,0,2,0,0,0,0,2,0,2,0,0,0,0,2,0,0,0,0,2,0
parameter,df_len,bioetl.application.services.dq.silver_analyzer.SilverDQAnalyzer.df_len,method,application,bioetl.application.services.dq.silver_analyzer,src/bioetl/application/services/dq/silver_analyzer.py:148,148,148,1,0,0,4,DEAD,0,,1,docs/99-archive/reports/application_merged.md,False,,4,0,4,0,0,0,0,4,0,4,0,0,0,0,4,0,0,0,0,4,0
variable,total_input,bioetl.application.services.dq.silver_analyzer.SilverDQAnalyzer._calculate_thresholds.total_input,method,application,bioetl.application.services.dq.silver_analyzer,src/bioetl/application/services/dq/silver_analyzer.py:166,166,166,1,0,0,3,DEAD,0,,1,docs/99-archive/reports/application_merged.md,False,,3,0,3,0,0,0,0,3,0,3,0,0,0,0,3,0,0,0,0,3,0
variable,output_count,bioetl.application.services.dq.silver_analyzer.SilverDQAnalyzer._check_record_count.output_count,method,application,bioetl.application.services.dq.silver_analyzer,src/bioetl/application/services/dq/silver_analyzer.py:274,274,274,1,0,0,8,DEAD,0,,1,docs/99-archive/reports/application_merged.md,False,,8,0,8,0,0,0,0,8,0,8,0,0,0,0,8,0,0,0,0,8,0
method,_check_null_rates,bioetl.application.services.dq.silver_analyzer.SilverDQAnalyzer._check_null_rates,class,application,bioetl.application.services.dq.silver_analyzer,src/bioetl/application/services/dq/silver_analyzer.py:294,294,320,27,0,0,2,DEAD,0,,1,docs/99-archive/reports/application_merged.md,False,,2,0,2,0,0,0,0,2,0,2,0,0,0,0,2,0,0,0,0,2,0
variable,overall_null_rate,bioetl.application.services.dq.silver_analyzer.SilverDQAnalyzer._check_null_rates.overall_null_rate,method,application,bioetl.application.services.dq.silver_analyzer,src/bioetl/application/services/dq/silver_analyzer.py:319,319,319,1,0,0,3,DEAD,0,,1,docs/99-archive/reports/application_merged.md,False,,3,0,3,0,0,0,0,3,0,3,0,0,0,0,3,0,0,0,0,3,0
method,_check_uniqueness,bioetl.application.services.dq.silver_analyzer.SilverDQAnalyzer._check_uniqueness,class,application,bioetl.application.services.dq.silver_analyzer,src/bioetl/application/services/dq/silver_analyzer.py:322,322,378,57,0,0,2,DEAD,0,,1,docs/99-archive/reports/application_merged.md,False,,2,0,2,0,0,0,0,2,0,2,0,0,0,0,2,0,0,0,0,2,0
variable,existing_keys,bioetl.application.services.dq.silver_analyzer.SilverDQAnalyzer._check_uniqueness.existing_keys,method,application,bioetl.application.services.dq.silver_analyzer,src/bioetl/application/services/dq/silver_analyzer.py:336,336,336,1,0,0,4,DEAD,0,,1,docs/99-archive/reports/application_merged.md,False,,4,0,4,0,0,0,0,4,0,4,0,0,0,0,4,0,0,0,0,4,0
variable,pk_name,bioetl.application.services.dq.silver_analyzer.SilverDQAnalyzer._check_uniqueness.pk_name,method,application,bioetl.application.services.dq.silver_analyzer,src/bioetl/application/services/dq/silver_analyzer.py:347,347,347,1,0,0,2,DEAD,0,,1,docs/99-archive/reports/application_merged.md,False,,2,0,2,0,0,0,0,2,0,2,0,0,0,0,2,0,0,0,0,2,0
method,_check_type_conformance,bioetl.application.services.dq.silver_analyzer.SilverDQAnalyzer._check_type_conformance,class,application,bioetl.application.services.dq.silver_analyzer,src/bioetl/application/services/dq/silver_analyzer.py:380,380,400,21,0,0,2,DEAD,0,,1,docs/99-archive/reports/application_merged.md,False,,2,0,2,0,0,0,0,2,0,2,0,0,0,0,2,0,0,0,0,2,0
variable,numeric_cols,bioetl.application.services.dq.silver_analyzer.SilverDQAnalyzer._check_value_distribution.numeric_cols,method,application,bioetl.application.services.dq.silver_analyzer,src/bioetl/application/services/dq/silver_analyzer.py:404,404,404,1,0,0,3,DEAD,0,,1,docs/99-archive/reports/application_merged.md,False,,3,0,3,0,0,0,0,3,0,3,0,0,0,0,3,0,0,0,0,3,0
variable,categorical_cols,bioetl.application.services.dq.silver_analyzer.SilverDQAnalyzer._check_value_distribution.categorical_cols,method,application,bioetl.application.services.dq.silver_analyzer,src/bioetl/application/services/dq/silver_analyzer.py:405,405,405,1,0,0,3,DEAD,0,,1,docs/99-archive/reports/application_merged.md,False,,3,0,3,0,0,0,0,3,0,3,0,0,0,0,3,0,0,0,0,3,0
variable,std_val,bioetl.application.services.dq.silver_analyzer.SilverDQAnalyzer._check_value_distribution.std_val,method,application,bioetl.application.services.dq.silver_analyzer,src/bioetl/application/services/dq/silver_analyzer.py:417,417,417,1,0,0,3,DEAD,0,,1,docs/99-archive/reports/application_merged.md,False,,3,0,3,0,0,0,0,3,0,3,0,0,0,0,3,0,0,0,0,3,0
variable,median_val,bioetl.application.services.dq.silver_analyzer.SilverDQAnalyzer._check_value_distribution.median_val,method,application,bioetl.application.services.dq.silver_analyzer,src/bioetl/application/services/dq/silver_analyzer.py:418,418,418,1,0,0,3,DEAD,0,,1,docs/99-archive/reports/application_merged.md,False,,3,0,3,0,0,0,0,3,0,3,0,0,0,0,3,0,0,0,0,3,0
variable,value_counts,bioetl.application.services.dq.silver_analyzer.SilverDQAnalyzer._check_value_distribution.value_counts,method,application,bioetl.application.services.dq.silver_analyzer,src/bioetl/application/services/dq/silver_analyzer.py:436,436,436,1,0,0,6,DEAD,0,,3,docs/03-guides/publication-validation-guide.md;docs/05-operations/runbooks/publication-validation-runbook.md;docs/99-archive/reports/application_merged.md,False,,4,0,4,0,0,0,0,4,0,4,0,0,0,0,5,1,0,2,0,4,0
variable,current_schema,bioetl.application.services.dq.silver_analyzer.SilverDQAnalyzer._check_schema_drift.current_schema,method,application,bioetl.application.services.dq.silver_analyzer,src/bioetl/application/services/dq/silver_analyzer.py:468,468,468,1,0,0,6,DEAD,0,,1,docs/99-archive/reports/application_merged.md,False,,6,0,6,0,0,0,0,6,0,6,0,0,0,0,6,0,0,0,0,6,0
method,_check_deduplication,bioetl.application.services.dq.silver_analyzer.SilverDQAnalyzer._check_deduplication,class,application,bioetl.application.services.dq.silver_analyzer,src/bioetl/application/services/dq/silver_analyzer.py:512,512,534,23,0,0,2,DEAD,0,,1,docs/99-archive/reports/application_merged.md,False,,2,0,2,0,0,0,0,2,0,2,0,0,0,0,2,0,0,0,0,2,0
variable,output_count,bioetl.application.services.dq.silver_analyzer.SilverDQAnalyzer._check_deduplication.output_count,method,application,bioetl.application.services.dq.silver_analyzer,src/bioetl/application/services/dq/silver_analyzer.py:519,519,519,1,0,0,8,DEAD,0,,1,docs/99-archive/reports/application_merged.md,False,,8,0,8,0,0,0,0,8,0,8,0,0,0,0,8,0,0,0,0,8,0
variable,dedupe_count,bioetl.application.services.dq.silver_analyzer.SilverDQAnalyzer._check_deduplication.dedupe_count,method,application,bioetl.application.services.dq.silver_analyzer,src/bioetl/application/services/dq/silver_analyzer.py:520,520,520,1,0,0,2,DEAD,0,,1,docs/99-archive/reports/application_merged.md,False,,2,0,2,0,0,0,0,2,0,2,0,0,0,0,2,0,0,0,0,2,0
variable,content_hash_dupes,bioetl.application.services.dq.silver_analyzer.SilverDQAnalyzer._check_deduplication.content_hash_dupes,method,application,bioetl.application.services.dq.silver_analyzer,src/bioetl/application/services/dq/silver_analyzer.py:523,523,523,1,0,0,4,DEAD,0,,1,docs/99-archive/reports/application_merged.md,False,,4,0,4,0,0,0,0,4,0,4,0,0,0,0,4,0,0,0,0,4,0
variable,unique_hashes,bioetl.application.services.dq.silver_analyzer.SilverDQAnalyzer._check_deduplication.unique_hashes,method,application,bioetl.application.services.dq.silver_analyzer,src/bioetl/application/services/dq/silver_analyzer.py:525,525,525,1,0,0,2,DEAD,0,,1,docs/99-archive/reports/application_merged.md,False,,2,0,2,0,0,0,0,2,0,2,0,0,0,0,2,0,0,0,0,2,0
method,_check_content_hash_integrity,bioetl.application.services.dq.silver_analyzer.SilverDQAnalyzer._check_content_hash_integrity,class,application,bioetl.application.services.dq.silver_analyzer,src/bioetl/application/services/dq/silver_analyzer.py:536,536,562,27,0,0,2,DEAD,0,,1,docs/99-archive/reports/application_merged.md,False,,2,0,2,0,0,0,0,2,0,2,0,0,0,0,2,0,0,0,0,2,0
variable,hash_counts,bioetl.application.services.dq.silver_analyzer.SilverDQAnalyzer._check_content_hash_integrity.hash_counts,method,application,bioetl.application.services.dq.silver_analyzer,src/bioetl/application/services/dq/silver_analyzer.py:551,551,551,1,0,0,2,DEAD,0,,1,docs/99-archive/reports/application_merged.md,False,,2,0,2,0,0,0,0,2,0,2,0,0,0,0,2,0,0,0,0,2,0
method,_distribution_to_dict,bioetl.application.services.dq.silver_analyzer.SilverDQAnalyzer._distribution_to_dict,class,application,bioetl.application.services.dq.silver_analyzer,src/bioetl/application/services/dq/silver_analyzer.py:564,564,581,18,0,0,2,DEAD,0,,1,docs/99-archive/reports/application_merged.md,False,,2,0,2,0,0,0,0,2,0,2,0,0,0,0,2,0,0,0,0,2,0
variable,silver_previous_schema,bioetl.application.services.dq_report_service.DQReportContext.silver_previous_schema,class,application,bioetl.application.services.dq_report_service,src/bioetl/application/services/dq_report_service.py:129,129,129,1,0,0,2,DEAD,0,,1,docs/99-archive/reports/application_merged.md,False,,2,0,2,0,0,0,0,2,0,2,0,0,0,0,2,0,0,0,0,2,0
variable,gold_business_rules,bioetl.application.services.dq_report_service.DQReportContext.gold_business_rules,class,application,bioetl.application.services.dq_report_service,src/bioetl/application/services/dq_report_service.py:136,136,136,1,0,0,3,DEAD,0,,1,docs/99-archive/reports/application_merged.md,False,,3,0,3,0,0,0,0,3,0,3,0,0,0,0,3,0,0,0,0,3,0
variable,gold_baseline_stats,bioetl.application.services.dq_report_service.DQReportContext.gold_baseline_stats,class,application,bioetl.application.services.dq_report_service,src/bioetl/application/services/dq_report_service.py:137,137,137,1,0,0,3,DEAD,0,,1,docs/99-archive/reports/application_merged.md,False,,3,0,3,0,0,0,0,3,0,3,0,0,0,0,3,0,0,0,0,3,0
method,_is_config_enabled,bioetl.application.services.dq_report_service.DQReportService._is_config_enabled,class,application,bioetl.application.services.dq_report_service,src/bioetl/application/services/dq_report_service.py:232,232,234,3,0,0,4,DEAD,0,,1,docs/99-archive/reports/application_merged.md,False,,4,0,4,0,0,0,0,4,0,4,0,0,0,0,4,0,0,0,0,4,0
method,_log_generation_start,bioetl.application.services.dq_report_service.DQReportService._log_generation_start,class,application,bioetl.application.services.dq_report_service,src/bioetl/application/services/dq_report_service.py:236,236,250,15,0,0,2,DEAD,0,,1,docs/99-archive/reports/application_merged.md,False,,2,0,2,0,0,0,0,2,0,2,0,0,0,0,2,0,0,0,0,2,0
method,_log_generation_result,bioetl.application.services.dq_report_service.DQReportService._log_generation_result,class,application,bioetl.application.services.dq_report_service,src/bioetl/application/services/dq_report_service.py:252,252,263,12,0,0,2,DEAD,0,,1,docs/99-archive/reports/application_merged.md,False,,2,0,2,0,0,0,0,2,0,2,0,0,0,0,2,0,0,0,0,2,0
method,_path_to_str,bioetl.application.services.dq_report_service.DQReportService._path_to_str,class,application,bioetl.application.services.dq_report_service,src/bioetl/application/services/dq_report_service.py:266,266,268,3,0,0,4,DEAD,0,,1,docs/99-archive/reports/application_merged.md,False,,4,0,4,0,0,0,0,4,0,4,0,0,0,0,4,0,0,0,0,4,0
method,_try_generate_bronze,bioetl.application.services.dq_report_service.DQReportService._try_generate_bronze,class,application,bioetl.application.services.dq_report_service,src/bioetl/application/services/dq_report_service.py:270,270,279,10,0,0,2,DEAD,0,,1,docs/99-archive/reports/application_merged.md,False,,2,0,2,0,0,0,0,2,0,2,0,0,0,0,2,0,0,0,0,2,0
method,_try_generate_silver,bioetl.application.services.dq_report_service.DQReportService._try_generate_silver,class,application,bioetl.application.services.dq_report_service,src/bioetl/application/services/dq_report_service.py:281,281,290,10,0,0,2,DEAD,0,,1,docs/99-archive/reports/application_merged.md,False,,2,0,2,0,0,0,0,2,0,2,0,0,0,0,2,0,0,0,0,2,0
method,_try_generate_gold,bioetl.application.services.dq_report_service.DQReportService._try_generate_gold,class,application,bioetl.application.services.dq_report_service,src/bioetl/application/services/dq_report_service.py:292,292,301,10,0,0,2,DEAD,0,,1,docs/99-archive/reports/application_merged.md,False,,2,0,2,0,0,0,0,2,0,2,0,0,0,0,2,0,0,0,0,2,0
method,_generate_silver_report,bioetl.application.services.dq_report_service.DQReportService._generate_silver_report,class,application,bioetl.application.services.dq_report_service,src/bioetl/application/services/dq_report_service.py:378,378,456,79,0,0,2,DEAD,0,,1,docs/99-archive/reports/application_merged.md,False,,2,0,2,0,0,0,0,2,0,2,0,0,0,0,2,0,0,0,0,2,0
method,_generate_gold_report,bioetl.application.services.dq_report_service.DQReportService._generate_gold_report,class,application,bioetl.application.services.dq_report_service,src/bioetl/application/services/dq_report_service.py:458,458,532,75,0,0,2,DEAD,0,,1,docs/99-archive/reports/application_merged.md,False,,2,0,2,0,0,0,0,2,0,2,0,0,0,0,2,0,0,0,0,2,0
variable,ExportFormat,bioetl.application.services.export_service.ExportFormat,module,application,bioetl.application.services.export_service,src/bioetl/application/services/export_service.py:19,19,19,1,0,0,4,DEAD,0,,1,docs/99-archive/reports/application_merged.md,False,,4,0,4,0,0,0,0,4,0,4,0,0,0,0,4,0,0,0,0,4,0
function,_scan_layer_for_tables,bioetl.application.services.export_service._scan_layer_for_tables,module,application,bioetl.application.services.export_service,src/bioetl/application/services/export_service.py:114,114,133,20,0,0,3,DEAD,0,,1,docs/99-archive/reports/application_merged.md,False,,3,0,3,0,0,0,0,3,0,3,0,0,0,0,3,0,0,0,0,3,0
function,_scan_provider_for_tables,bioetl.application.services.export_service._scan_provider_for_tables,module,application,bioetl.application.services.export_service,src/bioetl/application/services/export_service.py:136,136,155,20,0,0,2,DEAD,0,,1,docs/99-archive/reports/application_merged.md,False,,2,0,2,0,0,0,0,2,0,2,0,0,0,0,2,0,0,0,0,2,0
function,_write_delimited_file,bioetl.application.services.export_service._write_delimited_file,module,application,bioetl.application.services.export_service,src/bioetl/application/services/export_service.py:158,158,178,21,0,0,3,DEAD,0,,1,docs/99-archive/reports/application_merged.md,False,,3,0,3,0,0,0,0,3,0,3,0,0,0,0,3,0,0,0,0,3,0
method,_write_export,bioetl.application.services.export_service.ExportService._write_export,class,application,bioetl.application.services.export_service,src/bioetl/application/services/export_service.py:365,365,383,19,0,0,2,DEAD,0,,1,docs/99-archive/reports/application_merged.md,False,,2,0,2,0,0,0,0,2,0,2,0,0,0,0,2,0,0,0,0,2,0
variable,safe_name,bioetl.application.services.export_service.ExportService._write_export.safe_name,method,application,bioetl.application.services.export_service,src/bioetl/application/services/export_service.py:374,374,374,1,0,0,4,DEAD,0,,1,docs/99-archive/reports/application_merged.md,False,,4,0,4,0,0,0,0,4,0,4,0,0,0,0,4,0,0,0,0,4,0
variable,providers_to_check,bioetl.application.services.health_service.HealthService.check_providers.providers_to_check,method,application,bioetl.application.services.health_service,src/bioetl/application/services/health_service.py:155,155,155,1,0,0,2,DEAD,0,,1,docs/99-archive/reports/application_merged.md,False,,2,0,2,0,0,0,0,2,0,2,0,0,0,0,2,0,0,0,0,2,0
parameter,pipeline_ids,bioetl.application.services.lock_service.LockService.pipeline_ids,method,application,bioetl.application.services.lock_service,src/bioetl/application/services/lock_service.py:138,138,138,1,0,0,4,DEAD,0,,1,docs/99-archive/reports/application_merged.md,False,,8,0,4,0,0,0,0,4,0,4,0,0,0,0,4,0,0,0,0,4,0
variable,effective_options,bioetl.application.services.pipeline_runner_service.PipelineRunnerService.run.effective_options,method,application,bioetl.application.services.pipeline_runner_service,src/bioetl/application/services/pipeline_runner_service.py:241,241,241,1,0,0,8,DEAD,0,,1,docs/99-archive/reports/application_merged.md,False,,16,0,8,0,0,0,0,8,0,8,0,0,0,0,8,0,0,0,0,8,0
method,_merge_options,bioetl.application.services.pipeline_runner_service.PipelineRunnerService._merge_options,class,application,bioetl.application.services.pipeline_runner_service,src/bioetl/application/services/pipeline_runner_service.py:310,310,327,18,0,0,2,DEAD,0,,1,docs/99-archive/reports/application_merged.md,False,,4,0,2,0,0,0,0,2,0,2,0,0,0,0,2,0,0,0,0,2,0
method,_build_context,bioetl.application.services.pipeline_runner_service.PipelineRunnerService._build_context,class,application,bioetl.application.services.pipeline_runner_service,src/bioetl/application/services/pipeline_runner_service.py:329,329,389,61,0,0,2,DEAD,0,,1,docs/99-archive/reports/application_merged.md,False,,4,0,2,0,0,0,0,2,0,2,0,0,0,0,2,0,0,0,0,2,0
method,_execute_pipeline,bioetl.application.services.pipeline_runner_service.PipelineRunnerService._execute_pipeline,class,application,bioetl.application.services.pipeline_runner_service,src/bioetl/application/services/pipeline_runner_service.py:391,391,464,74,0,0,2,DEAD,0,,1,docs/99-archive/reports/application_merged.md,False,,4,0,2,0,0,0,0,2,0,2,0,0,0,0,2,0,0,0,0,2,0
variable,_reason_detail,bioetl.application.services.shutdown_service.ShutdownService._reason_detail,class,application,bioetl.application.services.shutdown_service,src/bioetl/application/services/shutdown_service.py:78,78,78,1,0,0,3,DEAD,0,,1,docs/99-archive/reports/application_merged.md,False,,3,0,3,0,0,0,0,3,0,3,0,0,0,0,3,0,0,0,0,3,0
method,_parse_reason,bioetl.application.services.shutdown_service.ShutdownService._parse_reason,class,application,bioetl.application.services.shutdown_service,src/bioetl/application/services/shutdown_service.py:213,213,244,32,0,0,2,DEAD,0,,1,docs/99-archive/reports/application_merged.md,False,,2,0,2,0,0,0,0,2,0,2,0,0,0,0,2,0,0,0,0,2,0
variable,reason_lower,bioetl.application.services.shutdown_service.ShutdownService._parse_reason.reason_lower,method,application,bioetl.application.services.shutdown_service,src/bioetl/application/services/shutdown_service.py:222,222,222,1,0,0,6,DEAD,0,,1,docs/99-archive/reports/application_merged.md,False,,6,0,6,0,0,0,0,6,0,6,0,0,0,0,6,0,0,0,0,6,0
method,_parse_date,bioetl.infrastructure.adapters.cached_bronze_data_source.CachedBronzeDataSource._parse_date,class,infrastructure,bioetl.infrastructure.adapters.cached_bronze_data_source,src/bioetl/infrastructure/adapters/cached_bronze_data_source.py:120,120,124,5,0,0,0,DEAD,0,,0,,False,,0,0,0,0,0,0,0,0,0,0,0,0,0,0,0,0,0,0,0,0,0
method,_list_batches_sorted,bioetl.infrastructure.adapters.cached_bronze_data_source.CachedBronzeDataSource._list_batches_sorted,class,infrastructure,bioetl.infrastructure.adapters.cached_bronze_data_source,src/bioetl/infrastructure/adapters/cached_bronze_data_source.py:126,126,166,41,0,0,0,DEAD,0,,0,,False,,0,0,0,0,0,0,0,0,0,0,0,0,0,0,0,0,0,0,0,0,0
variable,_filter_batch_size,bioetl.infrastructure.adapters.chembl.client.ChemblAdapter._filter_batch_size,class,infrastructure,bioetl.infrastructure.adapters.chembl.client,src/bioetl/infrastructure/adapters/chembl/client.py:74,74,74,1,0,0,3,DEAD,0,,1,docs/99-archive/reports/infrastructure_merged.md,False,,7,4,4,4,4,4,4,4,4,4,4,4,4,4,0,0,0,0,0,3,0
method,_process_response,bioetl.infrastructure.adapters.chembl.client.ChemblAdapter._process_response,class,infrastructure,bioetl.infrastructure.adapters.chembl.client,src/bioetl/infrastructure/adapters/chembl/client.py:139,139,152,14,0,0,2,DEAD,0,,1,docs/99-archive/reports/infrastructure_merged.md,False,,4,2,2,2,2,2,2,2,2,2,2,2,2,2,0,0,0,0,0,2,0
method,_batch_ids,bioetl.infrastructure.adapters.chembl.client.ChemblAdapter._batch_ids,class,infrastructure,bioetl.infrastructure.adapters.chembl.client,src/bioetl/infrastructure/adapters/chembl/client.py:154,154,157,4,0,0,3,DEAD,0,,2,docs/99-archive/reports/documentation_merged.md;docs/99-archive/reports/infrastructure_merged.md,False,,6,4,4,4,4,4,4,4,4,4,3,4,4,3,1,1,1,1,1,3,1
method,_build_filter_in_params,bioetl.infrastructure.adapters.chembl.client.ChemblAdapter._build_filter_in_params,class,infrastructure,bioetl.infrastructure.adapters.chembl.client,src/bioetl/infrastructure/adapters/chembl/client.py:159,159,165,7,0,0,2,DEAD,0,,1,docs/99-archive/reports/infrastructure_merged.md,False,,5,3,3,3,3,3,3,3,3,3,3,3,3,3,0,0,0,0,0,2,0
method,_normalize_filter_field,bioetl.infrastructure.adapters.chembl.client.ChemblAdapter._normalize_filter_field,class,infrastructure,bioetl.infrastructure.adapters.chembl.client,src/bioetl/infrastructure/adapters/chembl/client.py:167,167,169,3,0,0,0,DEAD,0,,0,,False,,3,3,3,3,3,3,3,3,3,3,3,3,3,3,0,0,0,0,0,0,0
method,_get_api_pk_field,bioetl.infrastructure.adapters.chembl.client.ChemblAdapter._get_api_pk_field,class,infrastructure,bioetl.infrastructure.adapters.chembl.client,src/bioetl/infrastructure/adapters/chembl/client.py:171,171,174,4,0,0,0,DEAD,0,,0,,False,,5,5,5,5,5,5,5,5,5,5,5,5,5,5,0,0,0,0,0,0,0
method,_get_api_dedup_fields,bioetl.infrastructure.adapters.chembl.client.ChemblAdapter._get_api_dedup_fields,class,infrastructure,bioetl.infrastructure.adapters.chembl.client,src/bioetl/infrastructure/adapters/chembl/client.py:176,176,179,4,0,0,0,DEAD,0,,0,,False,,4,4,4,4,4,4,4,4,4,4,4,4,4,4,0,0,0,0,0,0,0
method,_build_filter_params,bioetl.infrastructure.adapters.chembl.client.ChemblAdapter._build_filter_params,class,infrastructure,bioetl.infrastructure.adapters.chembl.client,src/bioetl/infrastructure/adapters/chembl/client.py:181,181,187,7,0,0,0,DEAD,0,,0,,False,,3,3,3,3,3,3,3,3,3,3,3,3,3,3,0,0,0,0,0,0,0
variable,joined_ids,bioetl.infrastructure.adapters.chembl.client.ChemblAdapter._build_filter_params.joined_ids,method,infrastructure,bioetl.infrastructure.adapters.chembl.client,src/bioetl/infrastructure/adapters/chembl/client.py:185,185,185,1,0,0,0,DEAD,0,,0,,False,,2,2,2,2,2,2,2,2,2,2,2,2,2,2,0,0,0,0,0,0,0
variable,api_filter_field,bioetl.infrastructure.adapters.chembl.client.ChemblAdapter._build_filter_params.api_filter_field,method,infrastructure,bioetl.infrastructure.adapters.chembl.client,src/bioetl/infrastructure/adapters/chembl/client.py:186,186,186,1,0,0,0,DEAD,0,,0,,False,,2,2,2,2,2,2,2,2,2,2,2,2,2,2,0,0,0,0,0,0,0
method,_get_projected_url_length,bioetl.infrastructure.adapters.chembl.client.ChemblAdapter._get_projected_url_length,class,infrastructure,bioetl.infrastructure.adapters.chembl.client,src/bioetl/infrastructure/adapters/chembl/client.py:189,189,193,5,0,0,0,DEAD,0,,0,,False,,2,2,2,2,2,2,2,2,2,2,2,2,2,2,0,0,0,0,0,0,0
variable,query_str,bioetl.infrastructure.adapters.chembl.client.ChemblAdapter._get_projected_url_length.query_str,method,infrastructure,bioetl.infrastructure.adapters.chembl.client,src/bioetl/infrastructure/adapters/chembl/client.py:192,192,192,1,0,0,0,DEAD,0,,0,,False,,2,2,2,2,2,2,2,2,2,2,2,2,2,2,0,0,0,0,0,0,0
method,_compute_composite_key,bioetl.infrastructure.adapters.chembl.client.ChemblAdapter._compute_composite_key,class,infrastructure,bioetl.infrastructure.adapters.chembl.client,src/bioetl/infrastructure/adapters/chembl/client.py:195,195,201,7,0,0,5,DEAD,0,,1,docs/99-archive/reports/infrastructure_merged.md,False,,10,5,5,5,5,5,5,5,5,5,5,5,5,5,0,0,0,0,0,5,0
method,_is_duplicate_record,bioetl.infrastructure.adapters.chembl.client.ChemblAdapter._is_duplicate_record,class,infrastructure,bioetl.infrastructure.adapters.chembl.client,src/bioetl/infrastructure/adapters/chembl/client.py:203,203,213,11,0,0,2,DEAD,0,,1,docs/99-archive/reports/infrastructure_merged.md,False,,4,2,2,2,2,2,2,2,2,2,2,2,2,2,0,0,0,0,0,2,0
method,_is_duplicate_record_composite,bioetl.infrastructure.adapters.chembl.client.ChemblAdapter._is_duplicate_record_composite,class,infrastructure,bioetl.infrastructure.adapters.chembl.client,src/bioetl/infrastructure/adapters/chembl/client.py:215,215,230,16,0,0,2,DEAD,0,,1,docs/99-archive/reports/infrastructure_merged.md,False,,3,1,1,1,1,1,1,1,1,1,1,1,1,1,0,0,0,0,0,2,0
method,_page_iterator,bioetl.infrastructure.adapters.chembl.client.ChemblAdapter._page_iterator,class,infrastructure,bioetl.infrastructure.adapters.chembl.client,src/bioetl/infrastructure/adapters/chembl/client.py:259,259,283,25,0,0,3,DEAD,0,,2,docs/99-archive/reports/documentation_merged.md;docs/99-archive/reports/infrastructure_merged.md,False,,5,3,3,3,3,3,3,3,3,3,2,3,3,2,1,1,1,1,1,3,1
variable,use_composite,bioetl.infrastructure.adapters.chembl.client.ChemblAdapter._yield_deduplicated.use_composite,method,infrastructure,bioetl.infrastructure.adapters.chembl.client,src/bioetl/infrastructure/adapters/chembl/client.py:307,307,307,1,0,0,8,DEAD,0,,1,docs/99-archive/reports/infrastructure_merged.md,False,,17,9,9,9,9,9,9,9,9,9,9,9,9,9,0,0,0,0,0,8,0
method,_paginate_filter_results,bioetl.infrastructure.adapters.chembl.client.ChemblAdapter._paginate_filter_results,class,infrastructure,bioetl.infrastructure.adapters.chembl.client,src/bioetl/infrastructure/adapters/chembl/client.py:347,347,401,55,0,0,2,DEAD,0,,1,docs/99-archive/reports/infrastructure_merged.md,False,,4,2,2,2,2,2,2,2,2,2,2,2,2,2,0,0,0,0,0,2,0
method,_handle_error,bioetl.infrastructure.adapters.chembl.client.ChemblAdapter._handle_error,class,infrastructure,bioetl.infrastructure.adapters.chembl.client,src/bioetl/infrastructure/adapters/chembl/client.py:445,445,464,20,0,0,5,DEAD,0,,2,docs/99-archive/reports/documentation_merged.md;docs/99-archive/reports/infrastructure_merged.md,False,,7,5,5,5,5,5,5,5,5,5,2,5,5,2,3,3,3,3,3,5,3
method,_log_single_id_failure,bioetl.infrastructure.adapters.chembl.client.ChemblAdapter._log_single_id_failure,class,infrastructure,bioetl.infrastructure.adapters.chembl.client,src/bioetl/infrastructure/adapters/chembl/client.py:475,475,488,14,0,0,2,DEAD,0,,1,docs/99-archive/reports/infrastructure_merged.md,False,,4,2,2,2,2,2,2,2,2,2,2,2,2,2,0,0,0,0,0,2,0
variable,direct_url,bioetl.infrastructure.adapters.chembl.client.ChemblAdapter._fetch_single_record_direct.direct_url,method,infrastructure,bioetl.infrastructure.adapters.chembl.client,src/bioetl/infrastructure/adapters/chembl/client.py:508,508,508,1,0,0,0,DEAD,0,,0,,False,,2,2,2,2,2,2,2,2,2,2,2,2,2,2,0,0,0,0,0,0,0
variable,first_half,bioetl.infrastructure.adapters.chembl.client.ChemblAdapter._retry_with_split_batches.first_half,method,infrastructure,bioetl.infrastructure.adapters.chembl.client,src/bioetl/infrastructure/adapters/chembl/client.py:558,558,558,1,0,0,3,DEAD,0,,1,docs/99-archive/reports/infrastructure_merged.md,False,,6,3,3,3,3,3,3,3,3,3,3,3,3,3,0,0,0,0,0,3,0
variable,second_half,bioetl.infrastructure.adapters.chembl.client.ChemblAdapter._retry_with_split_batches.second_half,method,infrastructure,bioetl.infrastructure.adapters.chembl.client,src/bioetl/infrastructure/adapters/chembl/client.py:558,558,558,1,0,0,3,DEAD,0,,1,docs/99-archive/reports/infrastructure_merged.md,False,,6,3,3,3,3,3,3,3,3,3,3,3,3,3,0,0,0,0,0,3,0
variable,use_composite,bioetl.infrastructure.adapters.chembl.client.ChemblAdapter._fetch_batch_with_reduction.use_composite,method,infrastructure,bioetl.infrastructure.adapters.chembl.client,src/bioetl/infrastructure/adapters/chembl/client.py:601,601,601,1,0,0,8,DEAD,0,,1,docs/99-archive/reports/infrastructure_merged.md,False,,17,9,9,9,9,9,9,9,9,9,9,9,9,9,0,0,0,0,0,8,0
variable,single_id,bioetl.infrastructure.adapters.chembl.client.ChemblAdapter._fetch_batch_with_reduction.single_id,method,infrastructure,bioetl.infrastructure.adapters.chembl.client,src/bioetl/infrastructure/adapters/chembl/client.py:637,637,637,1,0,0,0,DEAD,0,,0,,False,,2,2,2,2,2,2,2,2,2,2,2,2,2,2,0,0,0,0,0,0,0
variable,direct_record,bioetl.infrastructure.adapters.chembl.client.ChemblAdapter._fetch_batch_with_reduction.direct_record,method,infrastructure,bioetl.infrastructure.adapters.chembl.client,src/bioetl/infrastructure/adapters/chembl/client.py:638,638,640,3,0,0,0,DEAD,0,,0,,False,,6,6,6,6,6,6,6,6,6,6,6,6,6,6,0,0,0,0,0,0,0
variable,record_pk,bioetl.infrastructure.adapters.chembl.client.ChemblAdapter._fetch_batch_with_reduction.record_pk,method,infrastructure,bioetl.infrastructure.adapters.chembl.client,src/bioetl/infrastructure/adapters/chembl/client.py:652,652,652,1,0,0,0,DEAD,0,,0,,False,,4,4,4,4,4,4,4,4,4,4,4,4,4,4,0,0,0,0,0,0,0
method,_fetch_filtered,bioetl.infrastructure.adapters.chembl.client.ChemblAdapter._fetch_filtered,class,infrastructure,bioetl.infrastructure.adapters.chembl.client,src/bioetl/infrastructure/adapters/chembl/client.py:660,660,691,32,0,0,4,DEAD,0,,1,docs/99-archive/reports/infrastructure_merged.md,False,,8,4,4,4,4,4,4,4,4,4,4,4,4,4,0,0,0,0,0,4,0
method,_fetch_standard,bioetl.infrastructure.adapters.chembl.client.ChemblAdapter._fetch_standard,class,infrastructure,bioetl.infrastructure.adapters.chembl.client,src/bioetl/infrastructure/adapters/chembl/client.py:693,693,742,50,0,0,2,DEAD,0,,1,docs/99-archive/reports/infrastructure_merged.md,False,,4,2,2,2,2,2,2,2,2,2,2,2,2,2,0,0,0,0,0,2,0
variable,use_composite,bioetl.infrastructure.adapters.chembl.client.ChemblAdapter._fetch_standard.use_composite,method,infrastructure,bioetl.infrastructure.adapters.chembl.client,src/bioetl/infrastructure/adapters/chembl/client.py:709,709,709,1,0,0,8,DEAD,0,,1,docs/99-archive/reports/infrastructure_merged.md,False,,17,9,9,9,9,9,9,9,9,9,9,9,9,9,0,0,0,0,0,8,0
variable,test_filters,bioetl.infrastructure.adapters.chembl.client.ChemblAdapter.fetch_multi_filtered.test_filters,method,infrastructure,bioetl.infrastructure.adapters.chembl.client,src/bioetl/infrastructure/adapters/chembl/client.py:838,838,838,1,0,0,0,DEAD,0,,0,,False,,2,2,2,2,2,2,2,2,2,2,2,2,2,2,0,0,0,0,0,0,0
variable,test_params,bioetl.infrastructure.adapters.chembl.client.ChemblAdapter.fetch_multi_filtered.test_params,method,infrastructure,bioetl.infrastructure.adapters.chembl.client,src/bioetl/infrastructure/adapters/chembl/client.py:839,839,839,1,0,0,0,DEAD,0,,0,,False,,3,3,3,3,3,3,3,3,3,3,3,3,3,3,0,0,0,0,0,0,0
variable,filter_keys,bioetl.infrastructure.adapters.chembl.client.ChemblAdapter.fetch_multi_filtered.filter_keys,method,infrastructure,bioetl.infrastructure.adapters.chembl.client,src/bioetl/infrastructure/adapters/chembl/client.py:854,854,854,1,0,0,0,DEAD,0,,0,,False,,3,3,3,3,3,3,3,3,3,3,3,3,3,3,0,0,0,0,0,0,0
variable,api_filter_keys,bioetl.infrastructure.adapters.chembl.client.ChemblAdapter.fetch_multi_filtered.api_filter_keys,method,infrastructure,bioetl.infrastructure.adapters.chembl.client,src/bioetl/infrastructure/adapters/chembl/client.py:855,855,857,3,0,0,0,DEAD,0,,0,,False,,2,2,2,2,2,2,2,2,2,2,2,2,2,2,0,0,0,0,0,0,0
variable,filter_batches,bioetl.infrastructure.adapters.chembl.client.ChemblAdapter.fetch_multi_filtered.filter_batches,method,infrastructure,bioetl.infrastructure.adapters.chembl.client,src/bioetl/infrastructure/adapters/chembl/client.py:858,858,860,3,0,0,0,DEAD,0,,0,,False,,2,2,2,2,2,2,2,2,2,2,2,2,2,2,0,0,0,0,0,0,0
variable,current_filters,bioetl.infrastructure.adapters.chembl.client.ChemblAdapter.fetch_multi_filtered.current_filters,method,infrastructure,bioetl.infrastructure.adapters.chembl.client,src/bioetl/infrastructure/adapters/chembl/client.py:868,868,868,1,0,0,0,DEAD,0,,0,,False,,2,2,2,2,2,2,2,2,2,2,2,2,2,2,0,0,0,0,0,0,0
variable,filter_params,bioetl.infrastructure.adapters.chembl.client.ChemblAdapter.fetch_multi_filtered.filter_params,method,infrastructure,bioetl.infrastructure.adapters.chembl.client,src/bioetl/infrastructure/adapters/chembl/client.py:869,869,869,1,0,0,3,DEAD,0,,1,docs/99-archive/reports/infrastructure_merged.md,False,,5,2,2,2,2,2,2,2,2,2,2,2,2,2,0,0,0,0,0,3,0
constant,_NON_PUBLICATION_ENTITY_MAPPING,bioetl.infrastructure.adapters.chembl.entity_mapper._NON_PUBLICATION_ENTITY_MAPPING,module,infrastructure,bioetl.infrastructure.adapters.chembl.entity_mapper,src/bioetl/infrastructure/adapters/chembl/entity_mapper.py:43,43,55,13,0,0,10,DEAD,0,,3,docs/00-project/RULES.md;docs/04-reference/api/infrastructure/adapters.md;docs/99-archive/reports/infrastructure_merged.md,False,,16,7,7,7,7,7,8,7,7,7,7,7,8,7,0,0,0,0,0,8,0
constant,_NON_PUBLICATION_ENTITY_PLURAL,bioetl.infrastructure.adapters.chembl.entity_mapper._NON_PUBLICATION_ENTITY_PLURAL,module,infrastructure,bioetl.infrastructure.adapters.chembl.entity_mapper,src/bioetl/infrastructure/adapters/chembl/entity_mapper.py:59,59,69,11,0,0,3,DEAD,0,,1,docs/99-archive/reports/infrastructure_merged.md,False,,5,2,2,2,2,2,2,2,2,2,2,2,2,2,0,0,0,0,0,3,0
constant,_NON_PUBLICATION_PK_FIELD_OVERRIDES,bioetl.infrastructure.adapters.chembl.entity_mapper._NON_PUBLICATION_PK_FIELD_OVERRIDES,module,infrastructure,bioetl.infrastructure.adapters.chembl.entity_mapper,src/bioetl/infrastructure/adapters/chembl/entity_mapper.py:73,73,84,12,0,0,4,DEAD,0,,1,docs/99-archive/reports/infrastructure_merged.md,False,,7,3,3,3,3,3,3,3,3,3,3,3,3,3,0,0,0,0,0,4,0
variable,pub_mapping,bioetl.infrastructure.adapters.chembl.entity_mapper.ChemblEntityMapper.get_resource_url.pub_mapping,method,infrastructure,bioetl.infrastructure.adapters.chembl.entity_mapper,src/bioetl/infrastructure/adapters/chembl/entity_mapper.py:127,127,127,1,0,0,18,DEAD,0,,3,docs/02-architecture/decisions/ADR-024-entity-naming-unification.md;docs/99-archive/reports/documentation_merged.md;docs/99-archive/reports/infrastructure_merged.md,False,,27,15,15,15,15,15,15,18,15,15,12,15,15,12,3,3,3,3,3,15,3
variable,pub_mapping,bioetl.infrastructure.adapters.chembl.entity_mapper.ChemblEntityMapper.get_plural_key.pub_mapping,method,infrastructure,bioetl.infrastructure.adapters.chembl.entity_mapper,src/bioetl/infrastructure/adapters/chembl/entity_mapper.py:178,178,178,1,0,0,18,DEAD,0,,3,docs/02-architecture/decisions/ADR-024-entity-naming-unification.md;docs/99-archive/reports/documentation_merged.md;docs/99-archive/reports/infrastructure_merged.md,False,,27,15,15,15,15,15,15,18,15,15,12,15,15,12,3,3,3,3,3,15,3
variable,pub_mapping,bioetl.infrastructure.adapters.chembl.entity_mapper.ChemblEntityMapper.get_primary_key_field.pub_mapping,method,infrastructure,bioetl.infrastructure.adapters.chembl.entity_mapper,src/bioetl/infrastructure/adapters/chembl/entity_mapper.py:201,201,201,1,0,0,18,DEAD,0,,3,docs/02-architecture/decisions/ADR-024-entity-naming-unification.md;docs/99-archive/reports/documentation_merged.md;docs/99-archive/reports/infrastructure_merged.md,False,,27,15,15,15,15,15,15,18,15,15,12,15,15,12,3,3,3,3,3,15,3
variable,pub_fields,bioetl.infrastructure.adapters.chembl.entity_mapper.ChemblEntityMapper.get_dedup_key_fields.pub_fields,method,infrastructure,bioetl.infrastructure.adapters.chembl.entity_mapper,src/bioetl/infrastructure/adapters/chembl/entity_mapper.py:234,234,234,1,0,0,3,DEAD,0,,1,docs/99-archive/reports/infrastructure_merged.md,False,,6,3,3,3,3,3,3,3,3,3,3,3,3,3,0,0,0,0,0,3,0
method,get_resource_name,bioetl.infrastructure.adapters.chembl.entity_mapper.ChemblEntityMapper.get_resource_name,class,infrastructure,bioetl.infrastructure.adapters.chembl.entity_mapper,src/bioetl/infrastructure/adapters/chembl/entity_mapper.py:262,262,280,19,0,0,2,DEAD,0,,1,docs/99-archive/reports/infrastructure_merged.md,False,,4,2,2,2,2,2,2,2,2,2,2,2,2,2,0,0,0,0,0,2,0
variable,pub_mapping,bioetl.infrastructure.adapters.chembl.entity_mapper.ChemblEntityMapper.get_resource_name.pub_mapping,method,infrastructure,bioetl.infrastructure.adapters.chembl.entity_mapper,src/bioetl/infrastructure/adapters/chembl/entity_mapper.py:276,276,276,1,0,0,18,DEAD,0,,3,docs/02-architecture/decisions/ADR-024-entity-naming-unification.md;docs/99-archive/reports/documentation_merged.md;docs/99-archive/reports/infrastructure_merged.md,False,,27,15,15,15,15,15,15,18,15,15,12,15,15,12,3,3,3,3,3,15,3
method,is_known_entity,bioetl.infrastructure.adapters.chembl.entity_mapper.ChemblEntityMapper.is_known_entity,class,infrastructure,bioetl.infrastructure.adapters.chembl.entity_mapper,src/bioetl/infrastructure/adapters/chembl/entity_mapper.py:283,283,301,19,0,0,3,DEAD,0,,1,docs/99-archive/reports/infrastructure_merged.md,False,,6,3,3,3,3,3,3,3,3,3,3,3,3,3,0,0,0,0,0,3,0
method,get_error_stats,bioetl.infrastructure.adapters.chembl.health.ChemblHealthMixin.get_error_stats,class,infrastructure,bioetl.infrastructure.adapters.chembl.health,src/bioetl/infrastructure/adapters/chembl/health.py:97,97,103,7,0,0,1,DEAD,0,,1,docs/99-archive/reports/infrastructure_merged.md,False,,2,1,1,1,1,1,1,1,1,1,1,1,1,1,0,0,0,0,0,1,0
variable,extraction_qs,bioetl.infrastructure.adapters.chembl.metadata.ChemblMetadataMixin.get_source_metadata.extraction_qs,method,infrastructure,bioetl.infrastructure.adapters.chembl.metadata,src/bioetl/infrastructure/adapters/chembl/metadata.py:25,25,25,1,0,0,0,DEAD,0,,0,,False,,2,2,2,2,2,2,2,2,2,2,2,2,2,2,0,0,0,0,0,0,0
class,LigandEfficiency,bioetl.infrastructure.adapters.chembl.models.LigandEfficiency,module,infrastructure,bioetl.infrastructure.adapters.chembl.models,src/bioetl/infrastructure/adapters/chembl/models.py:26,26,34,9,0,0,2,DEAD,0,,1,docs/99-archive/reports/infrastructure_merged.md,False,,4,2,2,2,2,2,2,2,2,2,2,2,2,2,0,0,0,0,0,2,0
class,ActionType,bioetl.infrastructure.adapters.chembl.models.ActionType,module,infrastructure,bioetl.infrastructure.adapters.chembl.models,src/bioetl/infrastructure/adapters/chembl/models.py:37,37,44,8,0,0,2,DEAD,0,,1,docs/99-archive/reports/infrastructure_merged.md,False,,4,2,2,2,2,2,2,2,2,2,2,2,2,2,0,0,0,0,0,2,0
class,MoleculeHierarchy,bioetl.infrastructure.adapters.chembl.models.MoleculeHierarchy,module,infrastructure,bioetl.infrastructure.adapters.chembl.models,src/bioetl/infrastructure/adapters/chembl/models.py:292,292,299,8,0,0,2,DEAD,0,,1,docs/99-archive/reports/infrastructure_merged.md,False,,4,2,2,2,2,2,2,2,2,2,2,2,2,2,0,0,0,0,0,2,0
class,MoleculeProperties,bioetl.infrastructure.adapters.chembl.models.MoleculeProperties,module,infrastructure,bioetl.infrastructure.adapters.chembl.models,src/bioetl/infrastructure/adapters/chembl/models.py:302,302,329,28,0,0,2,DEAD,0,,1,docs/99-archive/reports/infrastructure_merged.md,False,,4,2,2,2,2,2,2,2,2,2,2,2,2,2,0,0,0,0,0,2,0
variable,cx_most_bpka,bioetl.infrastructure.adapters.chembl.models.MoleculeProperties.cx_most_bpka,class,infrastructure,bioetl.infrastructure.adapters.chembl.models,src/bioetl/infrastructure/adapters/chembl/models.py:312,312,312,1,0,0,2,DEAD,0,,2,docs/99-archive/reports/documentation_merged.md;docs/99-archive/reports/infrastructure_merged.md,False,,3,2,2,2,2,2,2,2,2,2,1,2,2,1,1,1,1,1,1,2,1
class,MoleculeStructures,bioetl.infrastructure.adapters.chembl.models.MoleculeStructures,module,infrastructure,bioetl.infrastructure.adapters.chembl.models,src/bioetl/infrastructure/adapters/chembl/models.py:332,332,340,9,0,0,2,DEAD,0,,1,docs/99-archive/reports/infrastructure_merged.md,False,,4,2,2,2,2,2,2,2,2,2,2,2,2,2,0,0,0,0,0,2,0
variable,molfile,bioetl.infrastructure.adapters.chembl.models.MoleculeStructures.molfile,class,infrastructure,bioetl.infrastructure.adapters.chembl.models,src/bioetl/infrastructure/adapters/chembl/models.py:338,338,338,1,0,0,3,DEAD,0,,3,docs/04-reference/pipelines/chembl/03-molecule-spec.md;docs/99-archive/reports/documentation_merged.md;docs/99-archive/reports/infrastructure_merged.md,False,,4,2,2,2,3,3,2,2,2,2,1,2,2,1,1,1,1,1,1,2,1
variable,withdrawn_class,bioetl.infrastructure.adapters.chembl.models.ChemblMoleculeRecord.withdrawn_class,class,infrastructure,bioetl.infrastructure.adapters.chembl.models,src/bioetl/infrastructure/adapters/chembl/models.py:396,396,396,1,0,0,1,DEAD,0,,1,docs/99-archive/reports/infrastructure_merged.md,False,,2,1,1,1,1,1,1,1,1,1,1,1,1,1,0,0,0,0,0,1,0
class,ChemblReleaseInfo,bioetl.infrastructure.adapters.chembl.models.ChemblReleaseInfo,module,infrastructure,bioetl.infrastructure.adapters.chembl.models,src/bioetl/infrastructure/adapters/chembl/models.py:451,451,464,14,0,0,2,DEAD,0,,1,docs/99-archive/reports/infrastructure_merged.md,False,,5,3,3,3,3,3,3,3,3,3,3,3,3,3,0,0,0,0,0,2,0
variable,sequence_md5sum,bioetl.infrastructure.adapters.chembl.models.ChemblTargetComponentRecord.sequence_md5sum,class,infrastructure,bioetl.infrastructure.adapters.chembl.models,src/bioetl/infrastructure/adapters/chembl/models.py:548,548,548,1,0,0,1,DEAD,0,,1,docs/99-archive/reports/infrastructure_merged.md,False,,2,1,1,1,1,1,1,1,1,1,1,1,1,1,0,0,0,0,0,1,0
variable,go_slims,bioetl.infrastructure.adapters.chembl.models.ChemblTargetComponentRecord.go_slims,class,infrastructure,bioetl.infrastructure.adapters.chembl.models,src/bioetl/infrastructure/adapters/chembl/models.py:554,554,554,1,0,0,1,DEAD,0,,1,docs/99-archive/reports/infrastructure_merged.md,False,,2,1,1,1,1,1,1,1,1,1,1,1,1,1,0,0,0,0,0,1,0
class,ChemblCellLineRecord,bioetl.infrastructure.adapters.chembl.models.ChemblCellLineRecord,module,infrastructure,bioetl.infrastructure.adapters.chembl.models,src/bioetl/infrastructure/adapters/chembl/models.py:580,580,599,20,0,0,3,DEAD,0,,1,docs/99-archive/reports/infrastructure_merged.md,False,,6,3,3,3,3,3,3,3,3,3,3,3,3,3,0,0,0,0,0,3,0
class,ChemblCellLineResponse,bioetl.infrastructure.adapters.chembl.models.ChemblCellLineResponse,module,infrastructure,bioetl.infrastructure.adapters.chembl.models,src/bioetl/infrastructure/adapters/chembl/models.py:602,602,612,11,0,0,2,DEAD,0,,1,docs/99-archive/reports/infrastructure_merged.md,False,,4,2,2,2,2,2,2,2,2,2,2,2,2,2,0,0,0,0,0,2,0
variable,comp_key,bioetl.infrastructure.adapters.chembl.utils.is_duplicate_record_composite.comp_key,function,infrastructure,bioetl.infrastructure.adapters.chembl.utils,src/bioetl/infrastructure/adapters/chembl/utils.py:54,54,54,1,0,0,0,DEAD,0,,0,,False,,6,6,6,6,6,6,6,6,6,6,6,6,6,6,0,0,0,0,0,0,0
variable,sanitized_params,bioetl.infrastructure.adapters.common.api_request_collector.APIRequestCollector.record_request.sanitized_params,method,infrastructure,bioetl.infrastructure.adapters.common.api_request_collector,src/bioetl/infrastructure/adapters/common/api_request_collector.py:88,88,88,1,0,0,2,DEAD,0,,1,docs/99-archive/reports/infrastructure_merged.md,False,,2,0,0,0,0,0,0,0,0,0,0,0,0,0,0,0,0,0,0,2,0
variable,request_details,bioetl.infrastructure.adapters.common.api_request_collector.APIRequestCollector.record_request.request_details,method,infrastructure,bioetl.infrastructure.adapters.common.api_request_collector,src/bioetl/infrastructure/adapters/common/api_request_collector.py:107,107,117,11,0,0,2,DEAD,0,,1,docs/99-archive/reports/infrastructure_merged.md,False,,2,0,0,0,0,0,0,0,0,0,0,0,0,0,0,0,0,0,0,2,0
variable,requests_copy,bioetl.infrastructure.adapters.common.api_request_collector.APIRequestCollector.to_source_metadata.requests_copy,method,infrastructure,bioetl.infrastructure.adapters.common.api_request_collector,src/bioetl/infrastructure/adapters/common/api_request_collector.py:188,188,188,1,0,0,5,DEAD,0,,1,docs/99-archive/reports/infrastructure_merged.md,False,,5,0,0,0,0,0,0,0,0,0,0,0,0,0,0,0,0,0,0,5,0
method,_parse_query_params,bioetl.infrastructure.adapters.common.api_request_collector.APIRequestCollector._parse_query_params,class,infrastructure,bioetl.infrastructure.adapters.common.api_request_collector,src/bioetl/infrastructure/adapters/common/api_request_collector.py:222,222,233,12,0,0,2,DEAD,0,,1,docs/99-archive/reports/infrastructure_merged.md,False,,2,0,0,0,0,0,0,0,0,0,0,0,0,0,0,0,0,0,0,2,0
method,_sanitize_params,bioetl.infrastructure.adapters.common.api_request_collector.APIRequestCollector._sanitize_params,class,infrastructure,bioetl.infrastructure.adapters.common.api_request_collector,src/bioetl/infrastructure/adapters/common/api_request_collector.py:235,235,264,30,0,0,2,DEAD,0,,1,docs/99-archive/reports/infrastructure_merged.md,False,,2,0,0,0,0,0,0,0,0,0,0,0,0,0,0,0,0,0,0,2,0
variable,sensitive_keys,bioetl.infrastructure.adapters.common.api_request_collector.APIRequestCollector._sanitize_params.sensitive_keys,method,infrastructure,bioetl.infrastructure.adapters.common.api_request_collector,src/bioetl/infrastructure/adapters/common/api_request_collector.py:242,242,254,13,0,0,2,DEAD,0,,1,docs/99-archive/reports/infrastructure_merged.md,False,,2,0,0,0,0,0,0,0,0,0,0,0,0,0,0,0,0,0,0,2,0
method,_parse_int_header,bioetl.infrastructure.adapters.common.api_request_collector.APIRequestCollector._parse_int_header,class,infrastructure,bioetl.infrastructure.adapters.common.api_request_collector,src/bioetl/infrastructure/adapters/common/api_request_collector.py:266,266,273,8,0,0,3,DEAD,0,,1,docs/99-archive/reports/infrastructure_merged.md,False,,3,0,0,0,0,0,0,0,0,0,0,0,0,0,0,0,0,0,0,3,0
method,_parse_float_header,bioetl.infrastructure.adapters.common.api_request_collector.APIRequestCollector._parse_float_header,class,infrastructure,bioetl.infrastructure.adapters.common.api_request_collector,src/bioetl/infrastructure/adapters/common/api_request_collector.py:275,275,282,8,0,0,2,DEAD,0,,1,docs/99-archive/reports/infrastructure_merged.md,False,,2,0,0,0,0,0,0,0,0,0,0,0,0,0,0,0,0,0,0,2,0
method,_parse_reset_header,bioetl.infrastructure.adapters.common.api_request_collector.APIRequestCollector._parse_reset_header,class,infrastructure,bioetl.infrastructure.adapters.common.api_request_collector,src/bioetl/infrastructure/adapters/common/api_request_collector.py:284,284,295,12,0,0,2,DEAD,0,,1,docs/99-archive/reports/infrastructure_merged.md,False,,2,0,0,0,0,0,0,0,0,0,0,0,0,0,0,0,0,0,0,2,0
parameter,original_doi,bioetl.infrastructure.adapters.common.base_title_fallback.BaseTitleFallbackHandler.original_doi,method,infrastructure,bioetl.infrastructure.adapters.common.base_title_fallback,src/bioetl/infrastructure/adapters/common/base_title_fallback.py:154,154,154,1,0,0,13,DEAD,0,,5,docs/04-reference/pipelines/openalex/01-publication-spec.md;docs/04-reference/pipelines/semanticscholar/01-publication-spec.md;docs/99-archive/reports/documentation_merged.md;docs/99-archive/reports/domain_merged.md;docs/99-archive/reports/infrastructure_merged.md,False,,11,2,3,2,3,2,2,3,2,3,0,2,2,0,3,3,2,2,3,11,2
variable,id_value,bioetl.infrastructure.adapters.common.base_title_fallback.BaseTitleFallbackHandler.process_missing_dois.id_value,method,infrastructure,bioetl.infrastructure.adapters.common.base_title_fallback,src/bioetl/infrastructure/adapters/common/base_title_fallback.py:247,247,247,1,0,0,4,DEAD,0,,1,docs/99-archive/reports/infrastructure_merged.md,False,,4,0,0,0,0,0,0,0,0,0,0,0,0,0,0,0,0,0,0,4,0
method,_process_title_only_result,bioetl.infrastructure.adapters.common.base_title_fallback.BaseTitleFallbackHandler._process_title_only_result,class,infrastructure,bioetl.infrastructure.adapters.common.base_title_fallback,src/bioetl/infrastructure/adapters/common/base_title_fallback.py:263,263,276,14,0,0,2,DEAD,0,,1,docs/99-archive/reports/infrastructure_merged.md,False,,2,0,0,0,0,0,0,0,0,0,0,0,0,0,0,0,0,0,0,2,0
variable,id_value,bioetl.infrastructure.adapters.common.base_title_fallback.BaseTitleFallbackHandler.process_title_only_entries.id_value,method,infrastructure,bioetl.infrastructure.adapters.common.base_title_fallback,src/bioetl/infrastructure/adapters/common/base_title_fallback.py:322,322,322,1,0,0,4,DEAD,0,,1,docs/99-archive/reports/infrastructure_merged.md,False,,4,0,0,0,0,0,0,0,0,0,0,0,0,0,0,0,0,0,0,4,0
parameter,query_title,bioetl.infrastructure.adapters.common.title_matching.query_title,function,infrastructure,bioetl.infrastructure.adapters.common.title_matching,src/bioetl/infrastructure/adapters/common/title_matching.py:39,39,39,1,0,0,3,DEAD,0,,1,docs/99-archive/reports/infrastructure_merged.md,False,,3,0,0,0,0,0,0,0,0,0,0,0,0,0,0,0,0,0,0,3,0
variable,q_words,bioetl.infrastructure.adapters.common.title_matching.titles_match.q_words,function,infrastructure,bioetl.infrastructure.adapters.common.title_matching,src/bioetl/infrastructure/adapters/common/title_matching.py:80,80,80,1,0,0,4,DEAD,0,,1,docs/99-archive/reports/infrastructure_merged.md,False,,4,0,0,0,0,0,0,0,0,0,0,0,0,0,0,0,0,0,0,4,0
variable,f_words,bioetl.infrastructure.adapters.common.title_matching.titles_match.f_words,function,infrastructure,bioetl.infrastructure.adapters.common.title_matching,src/bioetl/infrastructure/adapters/common/title_matching.py:81,81,81,1,0,0,4,DEAD,0,,1,docs/99-archive/reports/infrastructure_merged.md,False,,4,0,0,0,0,0,0,0,0,0,0,0,0,0,0,0,0,0,0,4,0
variable,HttpTransport,bioetl.infrastructure.adapters.crossref.batch.HttpTransport,module,infrastructure,bioetl.infrastructure.adapters.crossref.batch,src/bioetl/infrastructure/adapters/crossref/batch.py:24,24,24,1,0,0,3,DEAD,0,,1,docs/99-archive/reports/infrastructure_merged.md,False,,3,0,0,0,0,0,0,0,0,0,0,0,0,0,3,0,0,0,0,3,0
variable,BaseMetrics,bioetl.infrastructure.adapters.crossref.batch.BaseMetrics,module,infrastructure,bioetl.infrastructure.adapters.crossref.batch,src/bioetl/infrastructure/adapters/crossref/batch.py:25,25,25,1,0,0,3,DEAD,0,,1,docs/99-archive/reports/infrastructure_merged.md,False,,3,0,0,0,0,0,0,0,0,0,0,0,0,0,3,0,0,0,0,3,0
method,_fallback_individual_fetch,bioetl.infrastructure.adapters.crossref.batch.DoiBatchProcessor._fallback_individual_fetch,class,infrastructure,bioetl.infrastructure.adapters.crossref.batch,src/bioetl/infrastructure/adapters/crossref/batch.py:111,111,123,13,0,0,3,DEAD,0,,1,docs/99-archive/reports/infrastructure_merged.md,False,,3,0,0,0,0,0,0,0,0,0,0,0,0,0,3,0,0,0,0,3,0
variable,filter_value,bioetl.infrastructure.adapters.crossref.batch.DoiBatchProcessor.fetch_batch.filter_value,method,infrastructure,bioetl.infrastructure.adapters.crossref.batch,src/bioetl/infrastructure/adapters/crossref/batch.py:145,145,145,1,0,0,2,DEAD,0,,1,docs/99-archive/reports/infrastructure_merged.md,False,,2,0,0,0,0,0,0,0,0,0,0,0,0,0,2,0,0,0,0,2,0
parameter,current_cursor,bioetl.infrastructure.adapters.crossref.batch.SearchPaginator.current_cursor,method,infrastructure,bioetl.infrastructure.adapters.crossref.batch,src/bioetl/infrastructure/adapters/crossref/batch.py:252,252,252,1,0,0,3,DEAD,0,,1,docs/99-archive/reports/infrastructure_merged.md,False,,3,0,0,0,0,0,0,0,0,0,0,0,0,0,3,0,0,0,0,3,0
variable,pub_titles,bioetl.infrastructure.adapters.crossref.fallback.TitleFallbackHandler.search_by_title.pub_titles,method,infrastructure,bioetl.infrastructure.adapters.crossref.fallback,src/bioetl/infrastructure/adapters/crossref/fallback.py:84,84,84,1,0,0,3,DEAD,0,,1,docs/99-archive/reports/infrastructure_merged.md,False,,3,0,0,0,0,0,0,0,0,0,0,0,0,0,3,0,0,0,0,3,0
class,CrossRefAuthor,bioetl.infrastructure.adapters.crossref.models.CrossRefAuthor,module,infrastructure,bioetl.infrastructure.adapters.crossref.models,src/bioetl/infrastructure/adapters/crossref/models.py:20,20,42,23,0,0,5,DEAD,0,,1,docs/99-archive/reports/infrastructure_merged.md,False,,5,0,0,0,0,0,0,0,0,0,0,0,0,0,5,0,0,0,0,5,0
class,CrossRefFunder,bioetl.infrastructure.adapters.crossref.models.CrossRefFunder,module,infrastructure,bioetl.infrastructure.adapters.crossref.models,src/bioetl/infrastructure/adapters/crossref/models.py:45,45,55,11,0,0,2,DEAD,0,,1,docs/99-archive/reports/infrastructure_merged.md,False,,2,0,0,0,0,0,0,0,0,0,0,0,0,0,2,0,0,0,0,2,0
variable,award,bioetl.infrastructure.adapters.crossref.models.CrossRefFunder.award,class,infrastructure,bioetl.infrastructure.adapters.crossref.models,src/bioetl/infrastructure/adapters/crossref/models.py:52,52,52,1,0,0,3,DEAD,0,,3,docs/99-archive/reports/documentation_merged.md;docs/99-archive/reports/domain_merged.md;docs/99-archive/reports/infrastructure_merged.md,False,,3,1,2,1,2,1,1,2,1,2,0,1,1,0,3,1,1,1,1,3,1
class,CrossRefLicense,bioetl.infrastructure.adapters.crossref.models.CrossRefLicense,module,infrastructure,bioetl.infrastructure.adapters.crossref.models,src/bioetl/infrastructure/adapters/crossref/models.py:58,58,70,13,0,0,2,DEAD,0,,1,docs/99-archive/reports/infrastructure_merged.md,False,,2,0,0,0,0,0,0,0,0,0,0,0,0,0,2,0,0,0,0,2,0
variable,content_version,bioetl.infrastructure.adapters.crossref.models.CrossRefLicense.content_version,class,infrastructure,bioetl.infrastructure.adapters.crossref.models,src/bioetl/infrastructure/adapters/crossref/models.py:64,64,66,3,0,0,6,DEAD,0,,2,docs/00-project/RULES.md;docs/99-archive/reports/infrastructure_merged.md,False,,6,0,0,0,0,0,4,0,0,0,0,0,4,0,2,0,0,0,0,2,0
variable,delay_in_days,bioetl.infrastructure.adapters.crossref.models.CrossRefLicense.delay_in_days,class,infrastructure,bioetl.infrastructure.adapters.crossref.models,src/bioetl/infrastructure/adapters/crossref/models.py:67,67,69,3,0,0,1,DEAD,0,,1,docs/99-archive/reports/infrastructure_merged.md,False,,1,0,0,0,0,0,0,0,0,0,0,0,0,0,1,0,0,0,0,1,0
class,CrossRefLink,bioetl.infrastructure.adapters.crossref.models.CrossRefLink,module,infrastructure,bioetl.infrastructure.adapters.crossref.models,src/bioetl/infrastructure/adapters/crossref/models.py:73,73,87,15,0,0,2,DEAD,0,,1,docs/99-archive/reports/infrastructure_merged.md,False,,2,0,0,0,0,0,0,0,0,0,0,0,0,0,2,0,0,0,0,2,0
variable,content_type,bioetl.infrastructure.adapters.crossref.models.CrossRefLink.content_type,class,infrastructure,bioetl.infrastructure.adapters.crossref.models,src/bioetl/infrastructure/adapters/crossref/models.py:79,79,81,3,0,0,1,DEAD,0,,1,docs/99-archive/reports/infrastructure_merged.md,False,,1,0,0,0,0,0,0,0,0,0,0,0,0,0,1,0,0,0,0,1,0
variable,content_version,bioetl.infrastructure.adapters.crossref.models.CrossRefLink.content_version,class,infrastructure,bioetl.infrastructure.adapters.crossref.models,src/bioetl/infrastructure/adapters/crossref/models.py:82,82,84,3,0,0,6,DEAD,0,,2,docs/00-project/RULES.md;docs/99-archive/reports/infrastructure_merged.md,False,,6,0,0,0,0,0,4,0,0,0,0,0,4,0,2,0,0,0,0,2,0
variable,intended_application,bioetl.infrastructure.adapters.crossref.models.CrossRefLink.intended_application,class,infrastructure,bioetl.infrastructure.adapters.crossref.models,src/bioetl/infrastructure/adapters/crossref/models.py:85,85,87,3,0,0,1,DEAD,0,,1,docs/99-archive/reports/infrastructure_merged.md,False,,1,0,0,0,0,0,0,0,0,0,0,0,0,0,1,0,0,0,0,1,0
class,CrossRefReference,bioetl.infrastructure.adapters.crossref.models.CrossRefReference,module,infrastructure,bioetl.infrastructure.adapters.crossref.models,src/bioetl/infrastructure/adapters/crossref/models.py:90,90,115,26,0,0,2,DEAD,0,,1,docs/99-archive/reports/infrastructure_merged.md,False,,2,0,0,0,0,0,0,0,0,0,0,0,0,0,2,0,0,0,0,2,0
class,CrossRefAssertion,bioetl.infrastructure.adapters.crossref.models.CrossRefAssertion,module,infrastructure,bioetl.infrastructure.adapters.crossref.models,src/bioetl/infrastructure/adapters/crossref/models.py:118,118,126,9,0,0,2,DEAD,0,,1,docs/99-archive/reports/infrastructure_merged.md,False,,2,0,0,0,0,0,0,0,0,0,0,0,0,0,2,0,0,0,0,2,0
class,CrossRefClinicalTrial,bioetl.infrastructure.adapters.crossref.models.CrossRefClinicalTrial,module,infrastructure,bioetl.infrastructure.adapters.crossref.models,src/bioetl/infrastructure/adapters/crossref/models.py:129,129,138,10,0,0,2,DEAD,0,,1,docs/99-archive/reports/infrastructure_merged.md,False,,2,0,0,0,0,0,0,0,0,0,0,0,0,0,2,0,0,0,0,2,0
variable,clinical_trial_number,bioetl.infrastructure.adapters.crossref.models.CrossRefClinicalTrial.clinical_trial_number,class,infrastructure,bioetl.infrastructure.adapters.crossref.models,src/bioetl/infrastructure/adapters/crossref/models.py:134,134,136,3,0,0,2,DEAD,0,,1,docs/99-archive/reports/infrastructure_merged.md,False,,2,0,0,0,0,0,0,0,0,0,0,0,0,0,2,0,0,0,0,2,0
class,CrossRefDateParts,bioetl.infrastructure.adapters.crossref.models.CrossRefDateParts,module,infrastructure,bioetl.infrastructure.adapters.crossref.models,src/bioetl/infrastructure/adapters/crossref/models.py:141,141,154,14,0,0,7,DEAD,0,,1,docs/99-archive/reports/infrastructure_merged.md,False,,7,0,0,0,0,0,0,0,0,0,0,0,0,0,7,0,0,0,0,7,0
variable,date_time,bioetl.infrastructure.adapters.crossref.models.CrossRefDateParts.date_time,class,infrastructure,bioetl.infrastructure.adapters.crossref.models,src/bioetl/infrastructure/adapters/crossref/models.py:149,149,151,3,0,0,1,DEAD,0,,1,docs/99-archive/reports/infrastructure_merged.md,False,,1,0,0,0,0,0,0,0,0,0,0,0,0,0,1,0,0,0,0,1,0
variable,subtype,bioetl.infrastructure.adapters.crossref.models.CrossRefPublicationRecord.subtype,class,infrastructure,bioetl.infrastructure.adapters.crossref.models,src/bioetl/infrastructure/adapters/crossref/models.py:179,179,179,1,0,0,2,DEAD,0,,1,docs/99-archive/reports/infrastructure_merged.md,False,,2,0,0,0,0,0,0,0,0,0,0,0,0,0,2,0,0,0,0,2,0
variable,publisher_location,bioetl.infrastructure.adapters.crossref.models.CrossRefPublicationRecord.publisher_location,class,infrastructure,bioetl.infrastructure.adapters.crossref.models,src/bioetl/infrastructure/adapters/crossref/models.py:203,203,205,3,0,0,1,DEAD,0,,1,docs/99-archive/reports/infrastructure_merged.md,False,,1,0,0,0,0,0,0,0,0,0,0,0,0,0,1,0,0,0,0,1,0
variable,article_number,bioetl.infrastructure.adapters.crossref.models.CrossRefPublicationRecord.article_number,class,infrastructure,bioetl.infrastructure.adapters.crossref.models,src/bioetl/infrastructure/adapters/crossref/models.py:222,222,224,3,0,0,1,DEAD,0,,1,docs/99-archive/reports/infrastructure_merged.md,False,,1,0,0,0,0,0,0,0,0,0,0,0,0,0,1,0,0,0,0,1,0
variable,editor,bioetl.infrastructure.adapters.crossref.models.CrossRefPublicationRecord.editor,class,infrastructure,bioetl.infrastructure.adapters.crossref.models,src/bioetl/infrastructure/adapters/crossref/models.py:230,230,232,3,0,0,3,DEAD,0,,3,docs/99-archive/reports/documentation_merged.md;docs/99-archive/reports/infrastructure_merged.md;docs/99-archive/reports/project_structure.md,False,,3,1,2,1,2,1,1,2,1,1,0,1,1,0,3,2,1,2,2,2,1
variable,chair,bioetl.infrastructure.adapters.crossref.models.CrossRefPublicationRecord.chair,class,infrastructure,bioetl.infrastructure.adapters.crossref.models,src/bioetl/infrastructure/adapters/crossref/models.py:233,233,235,3,0,0,1,DEAD,0,,1,docs/99-archive/reports/infrastructure_merged.md,False,,1,0,0,0,0,0,0,0,0,0,0,0,0,0,1,0,0,0,0,1,0
variable,deposited,bioetl.infrastructure.adapters.crossref.models.CrossRefPublicationRecord.deposited,class,infrastructure,bioetl.infrastructure.adapters.crossref.models,src/bioetl/infrastructure/adapters/crossref/models.py:253,253,255,3,0,0,1,DEAD,0,,1,docs/99-archive/reports/infrastructure_merged.md,False,,1,0,0,0,0,0,0,0,0,0,0,0,0,0,1,0,0,0,0,1,0
variable,update_to,bioetl.infrastructure.adapters.crossref.models.CrossRefPublicationRecord.update_to,class,infrastructure,bioetl.infrastructure.adapters.crossref.models,src/bioetl/infrastructure/adapters/crossref/models.py:282,282,284,3,0,0,1,DEAD,0,,1,docs/99-archive/reports/infrastructure_merged.md,False,,1,0,0,0,0,0,0,0,0,0,0,0,0,0,1,0,0,0,0,1,0
variable,updated_by,bioetl.infrastructure.adapters.crossref.models.CrossRefPublicationRecord.updated_by,class,infrastructure,bioetl.infrastructure.adapters.crossref.models,src/bioetl/infrastructure/adapters/crossref/models.py:285,285,287,3,0,0,1,DEAD,0,,1,docs/99-archive/reports/infrastructure_merged.md,False,,1,0,0,0,0,0,0,0,0,0,0,0,0,0,1,0,0,0,0,1,0
variable,clinical_trial_number,bioetl.infrastructure.adapters.crossref.models.CrossRefPublicationRecord.clinical_trial_number,class,infrastructure,bioetl.infrastructure.adapters.crossref.models,src/bioetl/infrastructure/adapters/crossref/models.py:303,303,307,5,0,0,2,DEAD,0,,1,docs/99-archive/reports/infrastructure_merged.md,False,,2,0,0,0,0,0,0,0,0,0,0,0,0,0,2,0,0,0,0,2,0
variable,standards_body,bioetl.infrastructure.adapters.crossref.models.CrossRefPublicationRecord.standards_body,class,infrastructure,bioetl.infrastructure.adapters.crossref.models,src/bioetl/infrastructure/adapters/crossref/models.py:318,318,320,3,0,0,2,DEAD,0,,2,docs/99-archive/reports/domain_merged.md;docs/99-archive/reports/infrastructure_merged.md,False,,2,0,1,0,1,0,0,1,0,1,0,0,0,0,2,0,0,0,0,2,0
class,CrossRefMessage,bioetl.infrastructure.adapters.crossref.models.CrossRefMessage,module,infrastructure,bioetl.infrastructure.adapters.crossref.models,src/bioetl/infrastructure/adapters/crossref/models.py:331,331,356,26,0,0,2,DEAD,0,,1,docs/99-archive/reports/infrastructure_merged.md,False,,2,0,0,0,0,0,0,0,0,0,0,0,0,0,2,0,0,0,0,2,0
variable,facets,bioetl.infrastructure.adapters.crossref.models.CrossRefMessage.facets,class,infrastructure,bioetl.infrastructure.adapters.crossref.models,src/bioetl/infrastructure/adapters/crossref/models.py:337,337,337,1,0,0,2,DEAD,0,,1,docs/99-archive/reports/infrastructure_merged.md,False,,2,0,0,0,0,0,0,0,0,0,0,0,0,0,2,0,0,0,0,2,0
variable,total_results,bioetl.infrastructure.adapters.crossref.models.CrossRefMessage.total_results,class,infrastructure,bioetl.infrastructure.adapters.crossref.models,src/bioetl/infrastructure/adapters/crossref/models.py:340,340,342,3,0,0,1,DEAD,0,,1,docs/99-archive/reports/infrastructure_merged.md,False,,1,0,0,0,0,0,0,0,0,0,0,0,0,0,1,0,0,0,0,1,0
variable,items_per_page,bioetl.infrastructure.adapters.crossref.models.CrossRefMessage.items_per_page,class,infrastructure,bioetl.infrastructure.adapters.crossref.models,src/bioetl/infrastructure/adapters/crossref/models.py:343,343,345,3,0,0,1,DEAD,0,,1,docs/99-archive/reports/infrastructure_merged.md,False,,1,0,0,0,0,0,0,0,0,0,0,0,0,0,1,0,0,0,0,1,0
variable,message_type,bioetl.infrastructure.adapters.crossref.models.CrossRefPublicationsResponse.message_type,class,infrastructure,bioetl.infrastructure.adapters.crossref.models,src/bioetl/infrastructure/adapters/crossref/models.py:365,365,365,1,0,0,2,DEAD,0,,1,docs/99-archive/reports/infrastructure_merged.md,False,,2,0,0,0,0,0,0,0,0,0,0,0,0,0,2,0,0,0,0,2,0
variable,message_version,bioetl.infrastructure.adapters.crossref.models.CrossRefPublicationsResponse.message_version,class,infrastructure,bioetl.infrastructure.adapters.crossref.models,src/bioetl/infrastructure/adapters/crossref/models.py:366,366,368,3,0,0,2,DEAD,0,,1,docs/99-archive/reports/infrastructure_merged.md,False,,2,0,0,0,0,0,0,0,0,0,0,0,0,0,2,0,0,0,0,2,0
variable,message_type,bioetl.infrastructure.adapters.crossref.models.CrossRefPublicationResponse.message_type,class,infrastructure,bioetl.infrastructure.adapters.crossref.models,src/bioetl/infrastructure/adapters/crossref/models.py:378,378,378,1,0,0,2,DEAD,0,,1,docs/99-archive/reports/infrastructure_merged.md,False,,2,0,0,0,0,0,0,0,0,0,0,0,0,0,2,0,0,0,0,2,0
variable,message_version,bioetl.infrastructure.adapters.crossref.models.CrossRefPublicationResponse.message_version,class,infrastructure,bioetl.infrastructure.adapters.crossref.models,src/bioetl/infrastructure/adapters/crossref/models.py:379,379,381,3,0,0,2,DEAD,0,,1,docs/99-archive/reports/infrastructure_merged.md,False,,2,0,0,0,0,0,0,0,0,0,0,0,0,0,2,0,0,0,0,2,0
method,_check_circuit_state,bioetl.infrastructure.adapters.decorators.circuit_breaker.CircuitBreakerDataSourceDecorator._check_circuit_state,class,infrastructure,bioetl.infrastructure.adapters.decorators.circuit_breaker,src/bioetl/infrastructure/adapters/decorators/circuit_breaker.py:104,104,123,20,0,0,2,DEAD,0,,1,docs/99-archive/reports/infrastructure_merged.md,False,,2,0,0,0,0,0,0,0,0,0,0,0,0,0,0,0,0,0,0,2,0
method,_record_success,bioetl.infrastructure.adapters.decorators.circuit_breaker.CircuitBreakerDataSourceDecorator._record_success,class,infrastructure,bioetl.infrastructure.adapters.decorators.circuit_breaker,src/bioetl/infrastructure/adapters/decorators/circuit_breaker.py:125,125,130,6,0,0,1,DEAD,0,,1,docs/99-archive/reports/infrastructure_merged.md,False,,1,0,0,0,0,0,0,0,0,0,0,0,0,0,0,0,0,0,0,1,0
method,_record_failure,bioetl.infrastructure.adapters.decorators.circuit_breaker.CircuitBreakerDataSourceDecorator._record_failure,class,infrastructure,bioetl.infrastructure.adapters.decorators.circuit_breaker,src/bioetl/infrastructure/adapters/decorators/circuit_breaker.py:132,132,145,14,0,0,2,DEAD,0,,1,docs/99-archive/reports/infrastructure_merged.md,False,,2,0,0,0,0,0,0,0,0,0,0,0,0,0,0,0,0,0,0,2,0
method,_fetch_with_protection,bioetl.infrastructure.adapters.decorators.circuit_breaker.CircuitBreakerDataSourceDecorator._fetch_with_protection,class,infrastructure,bioetl.infrastructure.adapters.decorators.circuit_breaker,src/bioetl/infrastructure/adapters/decorators/circuit_breaker.py:195,195,215,21,0,0,2,DEAD,0,,1,docs/99-archive/reports/infrastructure_merged.md,False,,2,0,0,0,0,0,0,0,0,0,0,0,0,0,0,0,0,0,0,2,0
method,_is_retryable,bioetl.infrastructure.adapters.decorators.retry.RetryingDataSourceDecorator._is_retryable,class,infrastructure,bioetl.infrastructure.adapters.decorators.retry,src/bioetl/infrastructure/adapters/decorators/retry.py:104,104,126,23,0,0,3,DEAD,0,,1,docs/99-archive/reports/infrastructure_merged.md,False,,3,0,0,0,0,0,0,0,0,0,0,0,0,0,0,0,0,0,0,3,0
method,_calculate_and_wait,bioetl.infrastructure.adapters.decorators.retry.RetryingDataSourceDecorator._calculate_and_wait,class,infrastructure,bioetl.infrastructure.adapters.decorators.retry,src/bioetl/infrastructure/adapters/decorators/retry.py:128,128,136,9,0,0,3,DEAD,0,,1,docs/99-archive/reports/infrastructure_merged.md,False,,3,0,0,0,0,0,0,0,0,0,0,0,0,0,0,0,0,0,0,3,0
method,_record_retry_metrics,bioetl.infrastructure.adapters.decorators.retry.RetryingDataSourceDecorator._record_retry_metrics,class,infrastructure,bioetl.infrastructure.adapters.decorators.retry,src/bioetl/infrastructure/adapters/decorators/retry.py:161,161,173,13,0,0,5,DEAD,0,,1,docs/99-archive/reports/infrastructure_merged.md,False,,5,0,0,0,0,0,0,0,0,0,0,0,0,0,0,0,0,0,0,5,0
method,_record_exhaustion_metrics,bioetl.infrastructure.adapters.decorators.retry.RetryingDataSourceDecorator._record_exhaustion_metrics,class,infrastructure,bioetl.infrastructure.adapters.decorators.retry,src/bioetl/infrastructure/adapters/decorators/retry.py:175,175,187,13,0,0,3,DEAD,0,,1,docs/99-archive/reports/infrastructure_merged.md,False,,3,0,0,0,0,0,0,0,0,0,0,0,0,0,0,0,0,0,0,3,0
constant,_HTTP_STATUS_CATEGORIES,bioetl.infrastructure.adapters.error_handling._HTTP_STATUS_CATEGORIES,module,infrastructure,bioetl.infrastructure.adapters.error_handling,src/bioetl/infrastructure/adapters/error_handling.py:61,61,76,16,0,0,3,DEAD,0,,1,docs/99-archive/reports/infrastructure_merged.md,False,,3,0,0,0,0,0,0,0,0,0,0,0,0,0,0,0,0,0,0,3,0
variable,effective_retry_after,bioetl.infrastructure.adapters.error_handling.ErrorService.wrap_error.effective_retry_after,method,infrastructure,bioetl.infrastructure.adapters.error_handling,src/bioetl/infrastructure/adapters/error_handling.py:435,435,435,1,0,0,6,DEAD,0,,1,docs/99-archive/reports/infrastructure_merged.md,False,,6,0,0,0,0,0,0,0,0,0,0,0,0,0,0,0,0,0,0,6,0
variable,effective_retry_after,bioetl.infrastructure.adapters.error_handling.ErrorService._wrap_by_status_code.effective_retry_after,method,infrastructure,bioetl.infrastructure.adapters.error_handling,src/bioetl/infrastructure/adapters/error_handling.py:510,510,510,1,0,0,6,DEAD,0,,1,docs/99-archive/reports/infrastructure_merged.md,False,,6,0,0,0,0,0,0,0,0,0,0,0,0,0,0,0,0,0,0,6,0
class,HasFetchFiltered,bioetl.infrastructure.adapters.filterable_mixin.HasFetchFiltered,module,infrastructure,bioetl.infrastructure.adapters.filterable_mixin,src/bioetl/infrastructure/adapters/filterable_mixin.py:23,23,34,12,0,0,2,DEAD,0,,1,docs/99-archive/reports/infrastructure_merged.md,False,,2,0,0,0,0,0,0,0,0,0,0,0,0,0,0,0,0,0,0,2,0
class,DelegatingFallbackMixin,bioetl.infrastructure.adapters.filterable_mixin.DelegatingFallbackMixin,module,infrastructure,bioetl.infrastructure.adapters.filterable_mixin,src/bioetl/infrastructure/adapters/filterable_mixin.py:86,86,133,48,0,0,3,DEAD,0,,1,docs/99-archive/reports/infrastructure_merged.md,False,,3,0,0,0,0,0,0,0,0,0,0,0,0,0,0,0,0,0,0,3,0
method,_get_metrics,bioetl.infrastructure.adapters.health_check_mixin.HealthCheckMixin._get_metrics,class,infrastructure,bioetl.infrastructure.adapters.health_check_mixin,src/bioetl/infrastructure/adapters/health_check_mixin.py:87,87,96,10,0,0,3,DEAD,0,,1,docs/99-archive/reports/infrastructure_merged.md,False,,3,0,0,0,0,0,0,0,0,0,0,0,0,0,0,0,0,0,0,3,0
method,_start_health_check,bioetl.infrastructure.adapters.health_check_mixin.HealthCheckMixin._start_health_check,class,infrastructure,bioetl.infrastructure.adapters.health_check_mixin,src/bioetl/infrastructure/adapters/health_check_mixin.py:98,98,109,12,0,0,8,DEAD,0,,2,docs/99-archive/reports/documentation_merged.md;docs/99-archive/reports/infrastructure_merged.md,False,,8,3,3,3,3,3,3,3,3,3,0,3,3,0,3,3,3,3,3,8,3
method,_handle_health_check_success,bioetl.infrastructure.adapters.health_check_mixin.HealthCheckMixin._handle_health_check_success,class,infrastructure,bioetl.infrastructure.adapters.health_check_mixin,src/bioetl/infrastructure/adapters/health_check_mixin.py:123,123,160,38,0,0,7,DEAD,0,,2,docs/99-archive/reports/documentation_merged.md;docs/99-archive/reports/infrastructure_merged.md,False,,7,3,3,3,3,3,3,3,3,3,0,3,3,0,3,3,3,3,3,7,3
method,_handle_health_check_failure,bioetl.infrastructure.adapters.health_check_mixin.HealthCheckMixin._handle_health_check_failure,class,infrastructure,bioetl.infrastructure.adapters.health_check_mixin,src/bioetl/infrastructure/adapters/health_check_mixin.py:162,162,205,44,0,0,7,DEAD,0,,2,docs/99-archive/reports/documentation_merged.md;docs/99-archive/reports/infrastructure_merged.md,False,,7,3,3,3,3,3,3,3,3,3,0,3,3,0,3,3,3,3,3,7,3
variable,fallback_status,bioetl.infrastructure.adapters.health_check_mixin.HealthCheckProviderMixin.health_check.fallback_status,method,infrastructure,bioetl.infrastructure.adapters.health_check_mixin,src/bioetl/infrastructure/adapters/health_check_mixin.py:273,273,273,1,0,0,8,DEAD,0,,2,docs/99-archive/reports/documentation_merged.md;docs/99-archive/reports/infrastructure_merged.md,False,,8,6,6,6,6,6,6,6,6,6,0,6,6,0,6,6,6,6,6,8,6
method,_get_error_context,bioetl.infrastructure.adapters.health_check_mixin.HealthCheckProviderMixin._get_error_context,class,infrastructure,bioetl.infrastructure.adapters.health_check_mixin,src/bioetl/infrastructure/adapters/health_check_mixin.py:359,359,379,21,0,0,4,DEAD,0,,2,docs/99-archive/reports/documentation_merged.md;docs/99-archive/reports/infrastructure_merged.md,False,,4,2,2,2,2,2,2,2,2,2,0,2,2,0,2,2,2,2,2,4,2
variable,cb_failures,bioetl.infrastructure.adapters.health_check_mixin.HealthCheckProviderMixin._get_error_context.cb_failures,method,infrastructure,bioetl.infrastructure.adapters.health_check_mixin,src/bioetl/infrastructure/adapters/health_check_mixin.py:371,371,371,1,0,0,6,DEAD,0,,2,docs/99-archive/reports/documentation_merged.md;docs/99-archive/reports/infrastructure_merged.md,False,,6,3,3,3,3,3,3,3,3,3,0,3,3,0,3,3,3,3,3,6,3
constant,_STATE_VALUES,bioetl.infrastructure.adapters.http.circuit_breaker._STATE_VALUES,module,infrastructure,bioetl.infrastructure.adapters.http.circuit_breaker,src/bioetl/infrastructure/adapters/http/circuit_breaker.py:36,36,40,5,0,0,3,DEAD,0,,2,docs/99-archive/reports/documentation_merged.md;docs/99-archive/reports/infrastructure_merged.md,False,,3,1,1,1,1,1,1,1,1,1,0,1,1,0,1,1,1,1,1,3,1
variable,_last_failure_time,bioetl.infrastructure.adapters.http.circuit_breaker.CircuitBreaker._last_failure_time,class,infrastructure,bioetl.infrastructure.adapters.http.circuit_breaker,src/bioetl/infrastructure/adapters/http/circuit_breaker.py:73,73,73,1,0,0,6,DEAD,0,,1,docs/99-archive/reports/infrastructure_merged.md,False,,6,0,0,0,0,0,0,0,0,0,0,0,0,0,0,0,0,0,0,6,0
variable,_trips_total,bioetl.infrastructure.adapters.http.circuit_breaker.CircuitBreaker._trips_total,class,infrastructure,bioetl.infrastructure.adapters.http.circuit_breaker,src/bioetl/infrastructure/adapters/http/circuit_breaker.py:74,74,74,1,0,0,5,DEAD,0,,1,docs/99-archive/reports/infrastructure_merged.md,False,,5,0,0,0,0,0,0,0,0,0,0,0,0,0,0,0,0,0,0,5,0
method,_emit_state_metric,bioetl.infrastructure.adapters.http.circuit_breaker.CircuitBreaker._emit_state_metric,class,infrastructure,bioetl.infrastructure.adapters.http.circuit_breaker,src/bioetl/infrastructure/adapters/http/circuit_breaker.py:93,93,100,8,0,0,8,DEAD,0,,1,docs/99-archive/reports/infrastructure_merged.md,False,,8,0,0,0,0,0,0,0,0,0,0,0,0,0,0,0,0,0,0,8,0
method,_emit_trip_metric,bioetl.infrastructure.adapters.http.circuit_breaker.CircuitBreaker._emit_trip_metric,class,infrastructure,bioetl.infrastructure.adapters.http.circuit_breaker,src/bioetl/infrastructure/adapters/http/circuit_breaker.py:102,102,109,8,0,0,4,DEAD,0,,1,docs/99-archive/reports/infrastructure_merged.md,False,,4,0,0,0,0,0,0,0,0,0,0,0,0,0,0,0,0,0,0,4,0
method,_should_attempt,bioetl.infrastructure.adapters.http.circuit_breaker.CircuitBreaker._should_attempt,class,infrastructure,bioetl.infrastructure.adapters.http.circuit_breaker,src/bioetl/infrastructure/adapters/http/circuit_breaker.py:111,111,126,16,0,0,2,DEAD,0,,1,docs/99-archive/reports/infrastructure_merged.md,False,,2,0,0,0,0,0,0,0,0,0,0,0,0,0,0,0,0,0,0,2,0
method,_on_success,bioetl.infrastructure.adapters.http.circuit_breaker.CircuitBreaker._on_success,class,infrastructure,bioetl.infrastructure.adapters.http.circuit_breaker,src/bioetl/infrastructure/adapters/http/circuit_breaker.py:128,128,133,6,0,0,2,DEAD,0,,1,docs/99-archive/reports/infrastructure_merged.md,False,,2,0,0,0,0,0,0,0,0,0,0,0,0,0,0,0,0,0,0,2,0
method,_time_until_retry,bioetl.infrastructure.adapters.http.circuit_breaker.CircuitBreaker._time_until_retry,class,infrastructure,bioetl.infrastructure.adapters.http.circuit_breaker,src/bioetl/infrastructure/adapters/http/circuit_breaker.py:156,156,161,6,0,0,2,DEAD,0,,1,docs/99-archive/reports/infrastructure_merged.md,False,,2,0,0,0,0,0,0,0,0,0,0,0,0,0,0,0,0,0,0,2,0
constant,CIRCUIT_BREAKER_HELPERS,bioetl.infrastructure.adapters.http.circuit_breaker.CIRCUIT_BREAKER_HELPERS,module,infrastructure,bioetl.infrastructure.adapters.http.circuit_breaker,src/bioetl/infrastructure/adapters/http/circuit_breaker.py:235,235,235,1,0,0,0,DEAD,0,,0,,False,,0,0,0,0,0,0,0,0,0,0,0,0,0,0,0,0,0,0,0,0,0
method,_record_request_metrics,bioetl.infrastructure.adapters.http.client.UnifiedHTTPClient._record_request_metrics,class,infrastructure,bioetl.infrastructure.adapters.http.client,src/bioetl/infrastructure/adapters/http/client.py:161,161,198,38,0,0,2,DEAD,0,,1,docs/99-archive/reports/infrastructure_merged.md,False,,2,0,0,0,0,0,0,0,0,0,0,0,0,0,0,0,0,0,0,2,0
method,_execute_single_attempt,bioetl.infrastructure.adapters.http.client.UnifiedHTTPClient._execute_single_attempt,class,infrastructure,bioetl.infrastructure.adapters.http.client,src/bioetl/infrastructure/adapters/http/client.py:234,234,243,10,0,0,2,DEAD,0,,1,docs/99-archive/reports/infrastructure_merged.md,False,,2,0,0,0,0,0,0,0,0,0,0,0,0,0,0,0,0,0,0,2,0
variable,retries_inc,bioetl.infrastructure.adapters.http.client.UnifiedHTTPClient._request_with_retry.retries_inc,method,infrastructure,bioetl.infrastructure.adapters.http.client,src/bioetl/infrastructure/adapters/http/client.py:284,284,284,1,0,0,2,DEAD,0,,1,docs/99-archive/reports/infrastructure_merged.md,False,,2,0,0,0,0,0,0,0,0,0,0,0,0,0,0,0,0,0,0,2,0
method,_is_retryable_error,bioetl.infrastructure.adapters.http.client.UnifiedHTTPClient._is_retryable_error,class,infrastructure,bioetl.infrastructure.adapters.http.client,src/bioetl/infrastructure/adapters/http/client.py:305,305,327,23,0,0,2,DEAD,0,,1,docs/99-archive/reports/infrastructure_merged.md,False,,2,0,0,0,0,0,0,0,0,0,0,0,0,0,0,0,0,0,0,2,0
method,_attempt_request,bioetl.infrastructure.adapters.http.client.UnifiedHTTPClient._attempt_request,class,infrastructure,bioetl.infrastructure.adapters.http.client,src/bioetl/infrastructure/adapters/http/client.py:329,329,385,57,0,0,2,DEAD,0,,1,docs/99-archive/reports/infrastructure_merged.md,False,,2,0,0,0,0,0,0,0,0,0,0,0,0,0,0,0,0,0,0,2,0
parameter,base_timeout,bioetl.infrastructure.adapters.http.health_monitor.HealthAdjustedConfig.base_timeout,method,infrastructure,bioetl.infrastructure.adapters.http.health_monitor,src/bioetl/infrastructure/adapters/http/health_monitor.py:54,54,54,1,0,0,4,DEAD,0,,1,docs/99-archive/reports/infrastructure_merged.md,False,,4,0,0,0,0,0,0,0,0,0,0,0,0,0,0,0,0,0,0,4,0
parameter,base_batch_size,bioetl.infrastructure.adapters.http.health_monitor.HealthAdjustedConfig.base_batch_size,method,infrastructure,bioetl.infrastructure.adapters.http.health_monitor,src/bioetl/infrastructure/adapters/http/health_monitor.py:66,66,66,1,0,0,4,DEAD,0,,1,docs/99-archive/reports/infrastructure_merged.md,False,,4,0,0,0,0,0,0,0,0,0,0,0,0,0,0,0,0,0,0,4,0
variable,_states,bioetl.infrastructure.adapters.http.health_monitor.ProviderHealthMonitor._states,class,infrastructure,bioetl.infrastructure.adapters.http.health_monitor,src/bioetl/infrastructure/adapters/http/health_monitor.py:115,115,115,1,0,0,9,DEAD,0,,2,docs/99-archive/reports/documentation_merged.md;docs/99-archive/reports/infrastructure_merged.md,False,,9,4,4,4,4,4,4,4,4,4,0,4,4,0,4,4,4,4,4,9,4
variable,should_recover_to_healthy,bioetl.infrastructure.adapters.http.health_monitor.ProviderHealthMonitor.record_success.should_recover_to_healthy,method,infrastructure,bioetl.infrastructure.adapters.http.health_monitor,src/bioetl/infrastructure/adapters/http/health_monitor.py:144,144,146,3,0,0,2,DEAD,0,,1,docs/99-archive/reports/infrastructure_merged.md,False,,2,0,0,0,0,0,0,0,0,0,0,0,0,0,0,0,0,0,0,2,0
method,_emit_metric,bioetl.infrastructure.adapters.http.health_monitor.ProviderHealthMonitor._emit_metric,class,infrastructure,bioetl.infrastructure.adapters.http.health_monitor,src/bioetl/infrastructure/adapters/http/health_monitor.py:247,247,258,12,0,0,8,DEAD,0,,2,docs/99-archive/reports/documentation_merged.md;docs/99-archive/reports/infrastructure_merged.md,False,,8,4,4,4,4,4,4,4,4,4,0,4,4,0,4,4,4,4,4,8,4
variable,_base_timeout,bioetl.infrastructure.adapters.http.health_monitor.ProviderHealthTracker._base_timeout,class,infrastructure,bioetl.infrastructure.adapters.http.health_monitor,src/bioetl/infrastructure/adapters/http/health_monitor.py:378,378,378,1,0,0,1,DEAD,0,,1,docs/99-archive/reports/infrastructure_merged.md,False,,1,0,0,0,0,0,0,0,0,0,0,0,0,0,0,0,0,0,0,1,0
variable,_base_batch_size,bioetl.infrastructure.adapters.http.health_monitor.ProviderHealthTracker._base_batch_size,class,infrastructure,bioetl.infrastructure.adapters.http.health_monitor,src/bioetl/infrastructure/adapters/http/health_monitor.py:379,379,379,1,0,0,1,DEAD,0,,1,docs/99-archive/reports/infrastructure_merged.md,False,,1,0,0,0,0,0,0,0,0,0,0,0,0,0,0,0,0,0,0,1,0
method,_should_stop_fetching,bioetl.infrastructure.adapters.http.pagination.PaginatedFetcherMixin._should_stop_fetching,class,infrastructure,bioetl.infrastructure.adapters.http.pagination,src/bioetl/infrastructure/adapters/http/pagination.py:18,18,20,3,0,0,3,DEAD,0,,1,docs/99-archive/reports/infrastructure_merged.md,False,,3,0,0,0,0,0,0,0,0,0,0,0,0,0,0,0,0,0,0,3,0
parameter,fetch_func,bioetl.infrastructure.adapters.http.pagination.PaginatedFetcherMixin.fetch_func,method,infrastructure,bioetl.infrastructure.adapters.http.pagination,src/bioetl/infrastructure/adapters/http/pagination.py:24,24,24,1,0,0,9,DEAD,0,,3,docs/02-architecture/decisions/ADR-009-paginated-fetcher-mixin.md;docs/99-archive/reports/documentation_merged.md;docs/99-archive/reports/infrastructure_merged.md,False,,6,3,3,3,3,3,3,3,3,3,0,3,3,0,3,3,3,3,3,6,3
parameter,initial_cursor,bioetl.infrastructure.adapters.http.pagination.PaginatedFetcherMixin.initial_cursor,method,infrastructure,bioetl.infrastructure.adapters.http.pagination,src/bioetl/infrastructure/adapters/http/pagination.py:26,26,26,1,0,0,5,DEAD,0,,3,docs/02-architecture/decisions/ADR-009-paginated-fetcher-mixin.md;docs/99-archive/reports/documentation_merged.md;docs/99-archive/reports/infrastructure_merged.md,False,,4,1,1,1,1,1,1,1,1,1,0,1,1,0,1,1,1,1,1,4,1
variable,tokens_to_add,bioetl.infrastructure.adapters.http.rate_limiter.TokenBucket._refill.tokens_to_add,method,infrastructure,bioetl.infrastructure.adapters.http.rate_limiter,src/bioetl/infrastructure/adapters/http/rate_limiter.py:61,61,61,1,0,0,2,DEAD,0,,1,docs/99-archive/reports/infrastructure_merged.md,False,,2,0,0,0,0,0,0,0,0,0,0,0,0,0,0,0,0,0,0,2,0
variable,total_wait_time,bioetl.infrastructure.adapters.http.rate_limiter.TokenBucket.acquire.total_wait_time,method,infrastructure,bioetl.infrastructure.adapters.http.rate_limiter,src/bioetl/infrastructure/adapters/http/rate_limiter.py:79,79,79,1,0,0,3,DEAD,0,,1,docs/99-archive/reports/infrastructure_merged.md,False,,3,0,0,0,0,0,0,0,0,0,0,0,0,0,0,0,0,0,0,3,0
variable,deficit,bioetl.infrastructure.adapters.http.rate_limiter.TokenBucket.acquire.deficit,method,infrastructure,bioetl.infrastructure.adapters.http.rate_limiter,src/bioetl/infrastructure/adapters/http/rate_limiter.py:90,90,90,1,0,0,2,DEAD,0,,1,docs/99-archive/reports/infrastructure_merged.md,False,,2,0,0,0,0,0,0,0,0,0,0,0,0,0,0,0,0,0,0,2,0
constant,_BUCKET_FACTORIES,bioetl.infrastructure.adapters.http.rate_limiter._BUCKET_FACTORIES,module,infrastructure,bioetl.infrastructure.adapters.http.rate_limiter,src/bioetl/infrastructure/adapters/http/rate_limiter.py:190,190,190,1,0,0,0,DEAD,0,,0,,False,,0,0,0,0,0,0,0,0,0,0,0,0,0,0,0,0,0,0,0,0,0
method,_read_csv_dataframe,bioetl.infrastructure.adapters.input.csv_filter_reader.CsvFilterReader._read_csv_dataframe,class,infrastructure,bioetl.infrastructure.adapters.input.csv_filter_reader,src/bioetl/infrastructure/adapters/input/csv_filter_reader.py:34,34,43,10,0,0,4,DEAD,0,,1,docs/99-archive/reports/infrastructure_merged.md,False,,4,0,0,0,0,0,0,0,0,0,0,0,0,0,0,0,0,0,0,4,0
method,_extract_column_ids,bioetl.infrastructure.adapters.input.csv_filter_reader.CsvFilterReader._extract_column_ids,class,infrastructure,bioetl.infrastructure.adapters.input.csv_filter_reader,src/bioetl/infrastructure/adapters/input/csv_filter_reader.py:45,45,60,16,0,0,4,DEAD,0,,1,docs/99-archive/reports/infrastructure_merged.md,False,,4,0,0,0,0,0,0,0,0,0,0,0,0,0,0,0,0,0,0,4,0
variable,s_val,bioetl.infrastructure.adapters.input.csv_filter_reader.CsvFilterReader._extract_column_ids.s_val,method,infrastructure,bioetl.infrastructure.adapters.input.csv_filter_reader,src/bioetl/infrastructure/adapters/input/csv_filter_reader.py:58,58,58,1,0,0,0,DEAD,0,,0,,False,,0,0,0,0,0,0,0,0,0,0,0,0,0,0,0,0,0,0,0,0,0
method,_compute_duplicate_stats,bioetl.infrastructure.adapters.input.csv_filter_reader.CsvFilterReader._compute_duplicate_stats,class,infrastructure,bioetl.infrastructure.adapters.input.csv_filter_reader,src/bioetl/infrastructure/adapters/input/csv_filter_reader.py:62,62,74,13,0,0,3,DEAD,0,,1,docs/99-archive/reports/infrastructure_merged.md,False,,3,0,0,0,0,0,0,0,0,0,0,0,0,0,0,0,0,0,0,3,0
parameter,all_ids,bioetl.infrastructure.adapters.input.csv_filter_reader.CsvFilterReader.all_ids,method,infrastructure,bioetl.infrastructure.adapters.input.csv_filter_reader,src/bioetl/infrastructure/adapters/input/csv_filter_reader.py:63,63,63,1,0,0,14,DEAD,0,,1,docs/99-archive/reports/infrastructure_merged.md,False,,14,0,0,0,0,0,0,0,0,0,0,0,0,0,0,0,0,0,0,14,0
variable,id_counts,bioetl.infrastructure.adapters.input.csv_filter_reader.CsvFilterReader._compute_duplicate_stats.id_counts,method,infrastructure,bioetl.infrastructure.adapters.input.csv_filter_reader,src/bioetl/infrastructure/adapters/input/csv_filter_reader.py:67,67,67,1,0,0,2,DEAD,0,,1,docs/99-archive/reports/infrastructure_merged.md,False,,2,0,0,0,0,0,0,0,0,0,0,0,0,0,0,0,0,0,0,2,0
method,_extract_column_ids_map,bioetl.infrastructure.adapters.input.csv_filter_reader.CsvFilterReader._extract_column_ids_map,class,infrastructure,bioetl.infrastructure.adapters.input.csv_filter_reader,src/bioetl/infrastructure/adapters/input/csv_filter_reader.py:76,76,85,10,0,0,2,DEAD,0,,1,docs/99-archive/reports/infrastructure_merged.md,False,,2,0,0,0,0,0,0,0,0,0,0,0,0,0,0,0,0,0,0,2,0
method,_build_valid_combinations,bioetl.infrastructure.adapters.input.csv_filter_reader.CsvFilterReader._build_valid_combinations,class,infrastructure,bioetl.infrastructure.adapters.input.csv_filter_reader,src/bioetl/infrastructure/adapters/input/csv_filter_reader.py:87,87,99,13,0,0,2,DEAD,0,,1,docs/99-archive/reports/infrastructure_merged.md,False,,2,0,0,0,0,0,0,0,0,0,0,0,0,0,0,0,0,0,0,2,0
variable,s_val,bioetl.infrastructure.adapters.input.csv_filter_reader.CsvFilterReader._build_valid_combinations.s_val,method,infrastructure,bioetl.infrastructure.adapters.input.csv_filter_reader,src/bioetl/infrastructure/adapters/input/csv_filter_reader.py:94,94,94,1,0,0,0,DEAD,0,,0,,False,,0,0,0,0,0,0,0,0,0,0,0,0,0,0,0,0,0,0,0,0,0
variable,all_ids,bioetl.infrastructure.adapters.input.csv_filter_reader.CsvFilterReader.load_filter_ids.all_ids,method,infrastructure,bioetl.infrastructure.adapters.input.csv_filter_reader,src/bioetl/infrastructure/adapters/input/csv_filter_reader.py:106,106,106,1,0,0,14,DEAD,0,,1,docs/99-archive/reports/infrastructure_merged.md,False,,14,0,0,0,0,0,0,0,0,0,0,0,0,0,0,0,0,0,0,14,0
variable,all_ids,bioetl.infrastructure.adapters.input.csv_filter_reader.CsvFilterReader.load_filter_with_fallback.all_ids,method,infrastructure,bioetl.infrastructure.adapters.input.csv_filter_reader,src/bioetl/infrastructure/adapters/input/csv_filter_reader.py:160,160,160,1,0,0,14,DEAD,0,,1,docs/99-archive/reports/infrastructure_merged.md,False,,14,0,0,0,0,0,0,0,0,0,0,0,0,0,0,0,0,0,0,14,0
variable,title_only_count,bioetl.infrastructure.adapters.input.csv_filter_reader.CsvFilterReader.load_filter_with_fallback.title_only_count,method,infrastructure,bioetl.infrastructure.adapters.input.csv_filter_reader,src/bioetl/infrastructure/adapters/input/csv_filter_reader.py:161,161,161,1,0,0,5,DEAD,0,,1,docs/99-archive/reports/infrastructure_merged.md,False,,5,0,0,0,0,0,0,0,0,0,0,0,0,0,0,0,0,0,0,5,0
variable,primary_val,bioetl.infrastructure.adapters.input.csv_filter_reader.CsvFilterReader.load_filter_with_fallback.primary_val,method,infrastructure,bioetl.infrastructure.adapters.input.csv_filter_reader,src/bioetl/infrastructure/adapters/input/csv_filter_reader.py:176,176,176,1,0,0,3,DEAD,0,,1,docs/99-archive/reports/infrastructure_merged.md,False,,3,0,0,0,0,0,0,0,0,0,0,0,0,0,0,0,0,0,0,3,0
variable,fallback_val,bioetl.infrastructure.adapters.input.csv_filter_reader.CsvFilterReader.load_filter_with_fallback.fallback_val,method,infrastructure,bioetl.infrastructure.adapters.input.csv_filter_reader,src/bioetl/infrastructure/adapters/input/csv_filter_reader.py:177,177,177,1,0,0,3,DEAD,0,,1,docs/99-archive/reports/infrastructure_merged.md,False,,3,0,0,0,0,0,0,0,0,0,0,0,0,0,0,0,0,0,0,3,0
variable,primary_str,bioetl.infrastructure.adapters.input.csv_filter_reader.CsvFilterReader.load_filter_with_fallback.primary_str,method,infrastructure,bioetl.infrastructure.adapters.input.csv_filter_reader,src/bioetl/infrastructure/adapters/input/csv_filter_reader.py:179,179,179,1,0,0,4,DEAD,0,,1,docs/99-archive/reports/infrastructure_merged.md,False,,4,0,0,0,0,0,0,0,0,0,0,0,0,0,0,0,0,0,0,4,0
variable,fallback_str,bioetl.infrastructure.adapters.input.csv_filter_reader.CsvFilterReader.load_filter_with_fallback.fallback_str,method,infrastructure,bioetl.infrastructure.adapters.input.csv_filter_reader,src/bioetl/infrastructure/adapters/input/csv_filter_reader.py:180,180,180,1,0,0,5,DEAD,0,,1,docs/99-archive/reports/infrastructure_merged.md,False,,5,0,0,0,0,0,0,0,0,0,0,0,0,0,0,0,0,0,0,5,0
method,_log_multi_column_filter,bioetl.infrastructure.adapters.input.csv_filter_reader.CsvFilterReader._log_multi_column_filter,class,infrastructure,bioetl.infrastructure.adapters.input.csv_filter_reader,src/bioetl/infrastructure/adapters/input/csv_filter_reader.py:220,220,240,21,0,0,2,DEAD,0,,1,docs/99-archive/reports/infrastructure_merged.md,False,,2,0,0,0,0,0,0,0,0,0,0,0,0,0,0,0,0,0,0,2,0
constant,OPENALEX_API_BASE,bioetl.infrastructure.adapters.openalex.client.OPENALEX_API_BASE,module,infrastructure,bioetl.infrastructure.adapters.openalex.client,src/bioetl/infrastructure/adapters/openalex/client.py:43,43,43,1,0,0,6,DEAD,0,,1,docs/99-archive/reports/infrastructure_merged.md,False,,6,0,0,0,0,0,0,0,0,0,0,0,0,0,0,6,0,0,0,6,0
method,_fetch_filtered_by_doi,bioetl.infrastructure.adapters.openalex.client.OpenAlexAdapter._fetch_filtered_by_doi,class,infrastructure,bioetl.infrastructure.adapters.openalex.client,src/bioetl/infrastructure/adapters/openalex/client.py:152,152,179,28,0,0,2,DEAD,0,,1,docs/99-archive/reports/infrastructure_merged.md,False,,2,0,0,0,0,0,0,0,0,0,0,0,0,0,0,2,0,0,0,2,0
method,_fetch_filtered_by_title,bioetl.infrastructure.adapters.openalex.client.OpenAlexAdapter._fetch_filtered_by_title,class,infrastructure,bioetl.infrastructure.adapters.openalex.client,src/bioetl/infrastructure/adapters/openalex/client.py:181,181,237,57,0,0,2,DEAD,0,,1,docs/99-archive/reports/infrastructure_merged.md,False,,2,0,0,0,0,0,0,0,0,0,0,0,0,0,0,2,0,0,0,2,0
variable,effective_titles,bioetl.infrastructure.adapters.openalex.client.OpenAlexAdapter._fetch_filtered_by_title.effective_titles,method,infrastructure,bioetl.infrastructure.adapters.openalex.client,src/bioetl/infrastructure/adapters/openalex/client.py:204,204,204,1,0,0,5,DEAD,0,,1,docs/99-archive/reports/infrastructure_merged.md,False,,5,0,0,0,0,0,0,0,0,0,0,0,0,0,0,5,0,0,0,5,0
method,_batch_doi_lookup,bioetl.infrastructure.adapters.openalex.client.OpenAlexAdapter._batch_doi_lookup,class,infrastructure,bioetl.infrastructure.adapters.openalex.client,src/bioetl/infrastructure/adapters/openalex/client.py:261,261,293,33,0,0,2,DEAD,0,,1,docs/99-archive/reports/infrastructure_merged.md,False,,2,0,0,0,0,0,0,0,0,0,0,0,0,0,0,2,0,0,0,2,0
variable,normalized_raw,bioetl.infrastructure.adapters.openalex.client.OpenAlexAdapter._fetch_by_dois.normalized_raw,method,infrastructure,bioetl.infrastructure.adapters.openalex.client,src/bioetl/infrastructure/adapters/openalex/client.py:486,486,486,1,0,0,2,DEAD,0,,1,docs/99-archive/reports/infrastructure_merged.md,False,,2,0,0,0,0,0,0,0,0,0,0,0,0,0,0,2,0,0,0,2,0
variable,doi_filter,bioetl.infrastructure.adapters.openalex.client.OpenAlexAdapter._fetch_by_dois.doi_filter,method,infrastructure,bioetl.infrastructure.adapters.openalex.client,src/bioetl/infrastructure/adapters/openalex/client.py:493,493,493,1,0,0,2,DEAD,0,,1,docs/99-archive/reports/infrastructure_merged.md,False,,2,0,0,0,0,0,0,0,0,0,0,0,0,0,0,2,0,0,0,2,0
variable,lowered,bioetl.infrastructure.adapters.openalex.client.OpenAlexAdapter._extract_doi_from_record.lowered,method,infrastructure,bioetl.infrastructure.adapters.openalex.client,src/bioetl/infrastructure/adapters/openalex/client.py:625,625,625,1,0,0,2,DEAD,0,,1,docs/99-archive/reports/infrastructure_merged.md,False,,2,0,0,0,0,0,0,0,0,0,0,0,0,0,0,2,0,0,0,2,0
constant,PUBCHEM_DTO_MODELS,bioetl.infrastructure.adapters.pubchem.client.PUBCHEM_DTO_MODELS,module,infrastructure,bioetl.infrastructure.adapters.pubchem.client,src/bioetl/infrastructure/adapters/pubchem/client.py:52,52,54,3,0,0,3,DEAD,0,,1,docs/99-archive/reports/infrastructure_merged.md,False,,3,0,0,0,0,0,0,0,0,0,0,0,0,0,0,0,3,0,0,3,0
method,_fetch_compound,bioetl.infrastructure.adapters.pubchem.client.PubChemAdapter._fetch_compound,class,infrastructure,bioetl.infrastructure.adapters.pubchem.client,src/bioetl/infrastructure/adapters/pubchem/client.py:131,131,138,8,0,0,2,DEAD,0,,1,docs/99-archive/reports/infrastructure_merged.md,False,,2,0,0,0,0,0,0,0,0,0,0,0,0,0,0,0,2,0,0,2,0
variable,fetch_methods,bioetl.infrastructure.adapters.pubchem.client.PubChemAdapter.fetch.fetch_methods,method,infrastructure,bioetl.infrastructure.adapters.pubchem.client,src/bioetl/infrastructure/adapters/pubchem/client.py:156,156,160,5,0,0,2,DEAD,0,,1,docs/99-archive/reports/infrastructure_merged.md,False,,2,0,0,0,0,0,0,0,0,0,0,0,0,0,0,0,2,0,0,2,0
variable,cid_value,bioetl.infrastructure.adapters.pubchem.entity_mapper.PubChemEntityMapper.compound_to_dict.cid_value,method,infrastructure,bioetl.infrastructure.adapters.pubchem.entity_mapper,src/bioetl/infrastructure/adapters/pubchem/entity_mapper.py:49,49,49,1,0,0,0,DEAD,0,,0,,False,,0,0,0,0,0,0,0,0,0,0,0,0,0,0,0,0,3,0,0,0,0
method,_record_request,bioetl.infrastructure.adapters.pubchem.fetch_strategies.PubChemFetchStrategies._record_request,class,infrastructure,bioetl.infrastructure.adapters.pubchem.fetch_strategies,src/bioetl/infrastructure/adapters/pubchem/fetch_strategies.py:66,66,98,33,0,0,6,DEAD,0,,1,docs/99-archive/reports/infrastructure_merged.md,False,,6,0,0,0,0,0,0,0,0,0,0,0,0,0,0,0,7,0,0,6,0
parameter,result_count,bioetl.infrastructure.adapters.pubchem.fetch_strategies.PubChemFetchStrategies.result_count,method,infrastructure,bioetl.infrastructure.adapters.pubchem.fetch_strategies,src/bioetl/infrastructure/adapters/pubchem/fetch_strategies.py:71,71,71,1,0,0,18,DEAD,0,,1,docs/99-archive/reports/infrastructure_merged.md,False,,18,0,0,0,0,0,0,0,0,0,0,0,0,0,0,0,21,0,0,18,0
variable,estimated_size,bioetl.infrastructure.adapters.pubchem.fetch_strategies.PubChemFetchStrategies._record_request.estimated_size,method,infrastructure,bioetl.infrastructure.adapters.pubchem.fetch_strategies,src/bioetl/infrastructure/adapters/pubchem/fetch_strategies.py:90,90,90,1,0,0,2,DEAD,0,,1,docs/99-archive/reports/infrastructure_merged.md,False,,2,0,0,0,0,0,0,0,0,0,0,0,0,0,0,0,2,0,0,2,0
variable,result_count,bioetl.infrastructure.adapters.pubchem.fetch_strategies.PubChemFetchStrategies.fetch_by_query.result_count,method,infrastructure,bioetl.infrastructure.adapters.pubchem.fetch_strategies,src/bioetl/infrastructure/adapters/pubchem/fetch_strategies.py:110,110,110,1,0,0,18,DEAD,0,,1,docs/99-archive/reports/infrastructure_merged.md,False,,18,0,0,0,0,0,0,0,0,0,0,0,0,0,0,0,21,0,0,18,0
method,_fetch_single_smiles,bioetl.infrastructure.adapters.pubchem.fetch_strategies.PubChemFetchStrategies._fetch_single_smiles,class,infrastructure,bioetl.infrastructure.adapters.pubchem.fetch_strategies,src/bioetl/infrastructure/adapters/pubchem/fetch_strategies.py:119,119,131,13,0,0,2,DEAD,0,,1,docs/99-archive/reports/infrastructure_merged.md,False,,2,0,0,0,0,0,0,0,0,0,0,0,0,0,0,0,2,0,0,2,0
variable,result_count,bioetl.infrastructure.adapters.pubchem.fetch_strategies.PubChemFetchStrategies._fetch_single_smiles.result_count,method,infrastructure,bioetl.infrastructure.adapters.pubchem.fetch_strategies,src/bioetl/infrastructure/adapters/pubchem/fetch_strategies.py:127,127,127,1,0,0,18,DEAD,0,,1,docs/99-archive/reports/infrastructure_merged.md,False,,18,0,0,0,0,0,0,0,0,0,0,0,0,0,0,0,21,0,0,18,0
method,_parse_valid_cids,bioetl.infrastructure.adapters.pubchem.fetch_strategies.PubChemFetchStrategies._parse_valid_cids,class,infrastructure,bioetl.infrastructure.adapters.pubchem.fetch_strategies,src/bioetl/infrastructure/adapters/pubchem/fetch_strategies.py:159,159,169,11,0,0,2,DEAD,0,,1,docs/99-archive/reports/infrastructure_merged.md,False,,2,0,0,0,0,0,0,0,0,0,0,0,0,0,0,0,3,0,0,2,0
parameter,cid_list,bioetl.infrastructure.adapters.pubchem.fetch_strategies.PubChemFetchStrategies.cid_list,method,infrastructure,bioetl.infrastructure.adapters.pubchem.fetch_strategies,src/bioetl/infrastructure/adapters/pubchem/fetch_strategies.py:159,159,159,1,0,0,6,DEAD,0,,3,docs/04-reference/pipelines/pubchem/01-compound-spec.md;docs/99-archive/reports/documentation_merged.md;docs/99-archive/reports/infrastructure_merged.md,False,,5,1,1,1,1,2,1,1,1,1,0,1,1,0,1,1,6,1,1,5,1
variable,valid_cids,bioetl.infrastructure.adapters.pubchem.fetch_strategies.PubChemFetchStrategies._parse_valid_cids.valid_cids,method,infrastructure,bioetl.infrastructure.adapters.pubchem.fetch_strategies,src/bioetl/infrastructure/adapters/pubchem/fetch_strategies.py:161,161,161,1,0,0,6,DEAD,0,,1,docs/99-archive/reports/infrastructure_merged.md,False,,6,0,0,0,0,0,0,0,0,0,0,0,0,0,0,0,6,0,0,6,0
method,_fetch_cid_batch,bioetl.infrastructure.adapters.pubchem.fetch_strategies.PubChemFetchStrategies._fetch_cid_batch,class,infrastructure,bioetl.infrastructure.adapters.pubchem.fetch_strategies,src/bioetl/infrastructure/adapters/pubchem/fetch_strategies.py:175,175,189,15,0,0,2,DEAD,0,,1,docs/99-archive/reports/infrastructure_merged.md,False,,2,0,0,0,0,0,0,0,0,0,0,0,0,0,0,0,2,0,0,2,0
variable,result_count,bioetl.infrastructure.adapters.pubchem.fetch_strategies.PubChemFetchStrategies._fetch_cid_batch.result_count,method,infrastructure,bioetl.infrastructure.adapters.pubchem.fetch_strategies,src/bioetl/infrastructure/adapters/pubchem/fetch_strategies.py:183,183,183,1,0,0,18,DEAD,0,,1,docs/99-archive/reports/infrastructure_merged.md,False,,18,0,0,0,0,0,0,0,0,0,0,0,0,0,0,0,21,0,0,18,0
variable,valid_cids,bioetl.infrastructure.adapters.pubchem.fetch_strategies.PubChemFetchStrategies.fetch_by_cids.valid_cids,method,infrastructure,bioetl.infrastructure.adapters.pubchem.fetch_strategies,src/bioetl/infrastructure/adapters/pubchem/fetch_strategies.py:196,196,196,1,0,0,6,DEAD,0,,1,docs/99-archive/reports/infrastructure_merged.md,False,,6,0,0,0,0,0,0,0,0,0,0,0,0,0,0,0,6,0,0,6,0
method,_fetch_single_inchikey,bioetl.infrastructure.adapters.pubchem.fetch_strategies.PubChemFetchStrategies._fetch_single_inchikey,class,infrastructure,bioetl.infrastructure.adapters.pubchem.fetch_strategies,src/bioetl/infrastructure/adapters/pubchem/fetch_strategies.py:231,231,253,23,0,0,0,DEAD,0,,0,,False,,0,0,0,0,0,0,0,0,0,0,0,0,0,0,0,0,2,0,0,0,0
variable,result_count,bioetl.infrastructure.adapters.pubchem.fetch_strategies.PubChemFetchStrategies._fetch_single_inchikey.result_count,method,infrastructure,bioetl.infrastructure.adapters.pubchem.fetch_strategies,src/bioetl/infrastructure/adapters/pubchem/fetch_strategies.py:249,249,249,1,0,0,18,DEAD,0,,1,docs/99-archive/reports/infrastructure_merged.md,False,,18,0,0,0,0,0,0,0,0,0,0,0,0,0,0,0,21,0,0,18,0
parameter,inchikey_list,bioetl.infrastructure.adapters.pubchem.fetch_strategies.PubChemFetchStrategies.inchikey_list,method,infrastructure,bioetl.infrastructure.adapters.pubchem.fetch_strategies,src/bioetl/infrastructure/adapters/pubchem/fetch_strategies.py:256,256,256,1,0,0,0,DEAD,0,,0,,False,,0,0,0,0,0,0,0,0,0,0,0,0,0,0,0,0,3,0,0,0,0
variable,result_count,bioetl.infrastructure.adapters.pubchem.fetch_strategies.PubChemFetchStrategies.fetch_substances.result_count,method,infrastructure,bioetl.infrastructure.adapters.pubchem.fetch_strategies,src/bioetl/infrastructure/adapters/pubchem/fetch_strategies.py:316,316,316,1,0,0,18,DEAD,0,,1,docs/99-archive/reports/infrastructure_merged.md,False,,18,0,0,0,0,0,0,0,0,0,0,0,0,0,0,0,21,0,0,18,0
variable,result_count,bioetl.infrastructure.adapters.pubchem.fetch_strategies.PubChemFetchStrategies.fetch_assays.result_count,method,infrastructure,bioetl.infrastructure.adapters.pubchem.fetch_strategies,src/bioetl/infrastructure/adapters/pubchem/fetch_strategies.py:341,341,341,1,0,0,18,DEAD,0,,1,docs/99-archive/reports/infrastructure_merged.md,False,,18,0,0,0,0,0,0,0,0,0,0,0,0,0,0,0,21,0,0,18,0
variable,cactvs_fingerprint,bioetl.infrastructure.adapters.pubchem.models.PubchemMoleculeDetailRecord.cactvs_fingerprint,class,infrastructure,bioetl.infrastructure.adapters.pubchem.models,src/bioetl/infrastructure/adapters/pubchem/models.py:189,189,191,3,0,0,1,DEAD,0,,1,docs/99-archive/reports/infrastructure_merged.md,False,,1,0,0,0,0,0,0,0,0,0,0,0,0,0,0,0,1,0,0,1,0
variable,activity_outcome,bioetl.infrastructure.adapters.pubchem.models.PubChemBioactivityRecord.activity_outcome,class,infrastructure,bioetl.infrastructure.adapters.pubchem.models,src/bioetl/infrastructure/adapters/pubchem/models.py:216,216,218,3,0,0,1,DEAD,0,,1,docs/99-archive/reports/infrastructure_merged.md,False,,1,0,0,0,0,0,0,0,0,0,0,0,0,0,0,0,1,0,0,1,0
variable,activity_score,bioetl.infrastructure.adapters.pubchem.models.PubChemBioactivityRecord.activity_score,class,infrastructure,bioetl.infrastructure.adapters.pubchem.models,src/bioetl/infrastructure/adapters/pubchem/models.py:219,219,219,1,0,0,1,DEAD,0,,1,docs/99-archive/reports/infrastructure_merged.md,False,,1,0,0,0,0,0,0,0,0,0,0,0,0,0,0,0,1,0,0,1,0
variable,target_gi,bioetl.infrastructure.adapters.pubchem.models.PubChemBioactivityRecord.target_gi,class,infrastructure,bioetl.infrastructure.adapters.pubchem.models,src/bioetl/infrastructure/adapters/pubchem/models.py:222,222,222,1,0,0,1,DEAD,0,,1,docs/99-archive/reports/infrastructure_merged.md,False,,1,0,0,0,0,0,0,0,0,0,0,0,0,0,0,0,1,0,0,1,0
method,_build_fetch_params,bioetl.infrastructure.adapters.pubmed._fetch.PubMedFetchMixin._build_fetch_params,class,infrastructure,bioetl.infrastructure.adapters.pubmed._fetch,src/bioetl/infrastructure/adapters/pubmed/_fetch.py:41,41,52,12,0,0,2,DEAD,0,,1,docs/99-archive/reports/infrastructure_merged.md,False,,2,0,0,0,0,0,0,0,0,0,0,0,0,0,0,0,0,2,0,2,0
variable,search_url,bioetl.infrastructure.adapters.pubmed._search.PubMedSearchMixin._get_pmids.search_url,method,infrastructure,bioetl.infrastructure.adapters.pubmed._search,src/bioetl/infrastructure/adapters/pubmed/_search.py:41,41,41,1,0,0,4,DEAD,0,,3,docs/04-reference/pipelines/pubmed/01-publication-spec.md;docs/99-archive/reports/documentation_merged.md;docs/99-archive/reports/infrastructure_merged.md,False,,3,1,1,1,1,1,1,1,1,1,0,1,1,0,1,1,1,4,1,3,1
variable,pub_title,bioetl.infrastructure.adapters.pubmed.fallback.TitleFallbackHandler._search_by_title.pub_title,method,infrastructure,bioetl.infrastructure.adapters.pubmed.fallback,src/bioetl/infrastructure/adapters/pubmed/fallback.py:62,62,62,1,0,0,3,DEAD,0,,1,docs/99-archive/reports/infrastructure_merged.md,False,,3,0,0,0,0,0,0,0,0,0,0,0,0,0,0,0,0,3,0,3,0
class,PubMedAuthor,bioetl.infrastructure.adapters.pubmed.models.PubMedAuthor,module,infrastructure,bioetl.infrastructure.adapters.pubmed.models,src/bioetl/infrastructure/adapters/pubmed/models.py:46,46,57,12,0,0,2,DEAD,0,,1,docs/99-archive/reports/infrastructure_merged.md,False,,2,0,0,0,0,0,0,0,0,0,0,0,0,0,0,0,0,2,0,2,0
class,PubMedJournal,bioetl.infrastructure.adapters.pubmed.models.PubMedJournal,module,infrastructure,bioetl.infrastructure.adapters.pubmed.models,src/bioetl/infrastructure/adapters/pubmed/models.py:60,60,76,17,0,0,2,DEAD,0,,1,docs/99-archive/reports/infrastructure_merged.md,False,,2,0,0,0,0,0,0,0,0,0,0,0,0,0,0,0,0,2,0,2,0
variable,iso_abbreviation,bioetl.infrastructure.adapters.pubmed.models.PubMedJournal.iso_abbreviation,class,infrastructure,bioetl.infrastructure.adapters.pubmed.models,src/bioetl/infrastructure/adapters/pubmed/models.py:66,66,68,3,0,0,1,DEAD,0,,1,docs/99-archive/reports/infrastructure_merged.md,False,,1,0,0,0,0,0,0,0,0,0,0,0,0,0,0,0,0,1,0,1,0
class,PubMedMeshHeading,bioetl.infrastructure.adapters.pubmed.models.PubMedMeshHeading,module,infrastructure,bioetl.infrastructure.adapters.pubmed.models,src/bioetl/infrastructure/adapters/pubmed/models.py:89,89,99,11,0,0,2,DEAD,0,,1,docs/99-archive/reports/infrastructure_merged.md,False,,2,0,0,0,0,0,0,0,0,0,0,0,0,0,0,0,0,2,0,2,0
variable,major_topic,bioetl.infrastructure.adapters.pubmed.models.PubMedMeshHeading.major_topic,class,infrastructure,bioetl.infrastructure.adapters.pubmed.models,src/bioetl/infrastructure/adapters/pubmed/models.py:96,96,96,1,0,0,1,DEAD,0,,1,docs/99-archive/reports/infrastructure_merged.md,False,,1,0,0,0,0,0,0,0,0,0,0,0,0,0,0,0,0,1,0,1,0
class,PubMedChemical,bioetl.infrastructure.adapters.pubmed.models.PubMedChemical,module,infrastructure,bioetl.infrastructure.adapters.pubmed.models,src/bioetl/infrastructure/adapters/pubmed/models.py:102,102,109,8,0,0,2,DEAD,0,,1,docs/99-archive/reports/infrastructure_merged.md,False,,2,0,0,0,0,0,0,0,0,0,0,0,0,0,0,0,0,2,0,2,0
variable,registry_number,bioetl.infrastructure.adapters.pubmed.models.PubMedChemical.registry_number,class,infrastructure,bioetl.infrastructure.adapters.pubmed.models,src/bioetl/infrastructure/adapters/pubmed/models.py:107,107,107,1,0,0,1,DEAD,0,,1,docs/99-archive/reports/infrastructure_merged.md,False,,1,0,0,0,0,0,0,0,0,0,0,0,0,0,0,0,0,1,0,1,0
class,PubMedGrant,bioetl.infrastructure.adapters.pubmed.models.PubMedGrant,module,infrastructure,bioetl.infrastructure.adapters.pubmed.models,src/bioetl/infrastructure/adapters/pubmed/models.py:112,112,120,9,0,0,2,DEAD,0,,1,docs/99-archive/reports/infrastructure_merged.md,False,,2,0,0,0,0,0,0,0,0,0,0,0,0,0,0,0,0,2,0,2,0
variable,grant_id,bioetl.infrastructure.adapters.pubmed.models.PubMedGrant.grant_id,class,infrastructure,bioetl.infrastructure.adapters.pubmed.models,src/bioetl/infrastructure/adapters/pubmed/models.py:117,117,117,1,0,0,1,DEAD,0,,1,docs/99-archive/reports/infrastructure_merged.md,False,,1,0,0,0,0,0,0,0,0,0,0,0,0,0,0,0,0,1,0,1,0
variable,acronym,bioetl.infrastructure.adapters.pubmed.models.PubMedGrant.acronym,class,infrastructure,bioetl.infrastructure.adapters.pubmed.models,src/bioetl/infrastructure/adapters/pubmed/models.py:118,118,118,1,0,0,2,DEAD,0,,1,docs/99-archive/reports/infrastructure_merged.md,False,,2,0,0,0,0,0,0,0,0,0,0,0,0,0,0,0,0,2,0,2,0
variable,agency,bioetl.infrastructure.adapters.pubmed.models.PubMedGrant.agency,class,infrastructure,bioetl.infrastructure.adapters.pubmed.models,src/bioetl/infrastructure/adapters/pubmed/models.py:119,119,119,1,0,0,2,DEAD,0,,1,docs/99-archive/reports/infrastructure_merged.md,False,,2,0,0,0,0,0,0,0,0,0,0,0,0,0,0,0,0,2,0,2,0
class,PubMedReference,bioetl.infrastructure.adapters.pubmed.models.PubMedReference,module,infrastructure,bioetl.infrastructure.adapters.pubmed.models,src/bioetl/infrastructure/adapters/pubmed/models.py:123,123,129,7,0,0,2,DEAD,0,,1,docs/99-archive/reports/infrastructure_merged.md,False,,2,0,0,0,0,0,0,0,0,0,0,0,0,0,0,0,0,2,0,2,0
class,PubMedArticleId,bioetl.infrastructure.adapters.pubmed.models.PubMedArticleId,module,infrastructure,bioetl.infrastructure.adapters.pubmed.models,src/bioetl/infrastructure/adapters/pubmed/models.py:132,132,138,7,0,0,2,DEAD,0,,1,docs/99-archive/reports/infrastructure_merged.md,False,,2,0,0,0,0,0,0,0,0,0,0,0,0,0,0,0,0,2,0,2,0
class,PubMedSearchResult,bioetl.infrastructure.adapters.pubmed.models.PubMedSearchResult,module,infrastructure,bioetl.infrastructure.adapters.pubmed.models,src/bioetl/infrastructure/adapters/pubmed/models.py:243,243,265,23,0,0,2,DEAD,0,,1,docs/99-archive/reports/infrastructure_merged.md,False,,2,0,0,0,0,0,0,0,0,0,0,0,0,0,0,0,0,2,0,2,0
variable,ret_max,bioetl.infrastructure.adapters.pubmed.models.PubMedSearchResult.ret_max,class,infrastructure,bioetl.infrastructure.adapters.pubmed.models,src/bioetl/infrastructure/adapters/pubmed/models.py:249,249,251,3,0,0,1,DEAD,0,,1,docs/99-archive/reports/infrastructure_merged.md,False,,1,0,0,0,0,0,0,0,0,0,0,0,0,0,0,0,0,1,0,1,0
variable,ret_start,bioetl.infrastructure.adapters.pubmed.models.PubMedSearchResult.ret_start,class,infrastructure,bioetl.infrastructure.adapters.pubmed.models,src/bioetl/infrastructure/adapters/pubmed/models.py:252,252,254,3,0,0,1,DEAD,0,,1,docs/99-archive/reports/infrastructure_merged.md,False,,1,0,0,0,0,0,0,0,0,0,0,0,0,0,0,0,0,1,0,1,0
variable,id_list,bioetl.infrastructure.adapters.pubmed.models.PubMedSearchResult.id_list,class,infrastructure,bioetl.infrastructure.adapters.pubmed.models,src/bioetl/infrastructure/adapters/pubmed/models.py:255,255,257,3,0,0,1,DEAD,0,,1,docs/99-archive/reports/infrastructure_merged.md,False,,1,0,0,0,0,0,0,0,0,0,0,0,0,0,0,0,0,1,0,1,0
variable,web_env,bioetl.infrastructure.adapters.pubmed.models.PubMedSearchResult.web_env,class,infrastructure,bioetl.infrastructure.adapters.pubmed.models,src/bioetl/infrastructure/adapters/pubmed/models.py:260,260,262,3,0,0,1,DEAD,0,,1,docs/99-archive/reports/infrastructure_merged.md,False,,1,0,0,0,0,0,0,0,0,0,0,0,0,0,0,0,0,1,0,1,0
variable,query_key,bioetl.infrastructure.adapters.pubmed.models.PubMedSearchResult.query_key,class,infrastructure,bioetl.infrastructure.adapters.pubmed.models,src/bioetl/infrastructure/adapters/pubmed/models.py:263,263,265,3,0,0,1,DEAD,0,,1,docs/99-archive/reports/infrastructure_merged.md,False,,1,0,0,0,0,0,0,0,0,0,0,0,0,0,0,0,0,1,0,1,0
constant,PUBMED_DTO_MODELS,bioetl.infrastructure.adapters.pubmed.pubmed_client.PUBMED_DTO_MODELS,module,infrastructure,bioetl.infrastructure.adapters.pubmed.pubmed_client,src/bioetl/infrastructure/adapters/pubmed/pubmed_client.py:41,41,43,3,0,0,3,DEAD,0,,1,docs/99-archive/reports/infrastructure_merged.md,False,,3,0,0,0,0,0,0,0,0,0,0,0,0,0,0,0,0,2,0,3,0
variable,valid_ids,bioetl.infrastructure.adapters.pubmed.pubmed_client.PubMedAdapter.fetch_filtered_with_fallback.valid_ids,method,infrastructure,bioetl.infrastructure.adapters.pubmed.pubmed_client,src/bioetl/infrastructure/adapters/pubmed/pubmed_client.py:126,126,126,1,0,0,4,DEAD,0,,1,docs/99-archive/reports/infrastructure_merged.md,False,,4,0,0,0,0,0,0,0,0,0,0,0,0,0,0,0,0,4,0,4,0
variable,dto_data,bioetl.infrastructure.adapters.pubmed.pubmed_client.PubMedAdapter.fetch_as_models.dto_data,method,infrastructure,bioetl.infrastructure.adapters.pubmed.pubmed_client,src/bioetl/infrastructure/adapters/pubmed/pubmed_client.py:221,221,225,5,0,0,3,DEAD,0,,1,docs/99-archive/reports/infrastructure_merged.md,False,,3,0,0,0,0,0,0,0,0,0,0,0,0,0,0,0,0,3,0,3,0
variable,pubmed_key,bioetl.infrastructure.adapters.pubmed.pubmed_client._create_pubmed_adapter.pubmed_key,function,infrastructure,bioetl.infrastructure.adapters.pubmed.pubmed_client,src/bioetl/infrastructure/adapters/pubmed/pubmed_client.py:251,251,251,1,0,0,3,DEAD,0,,1,docs/99-archive/reports/infrastructure_merged.md,False,,3,0,0,0,0,0,0,0,0,0,0,0,0,0,0,0,0,3,0,3,0
parameter,xml_text,bioetl.infrastructure.adapters.pubmed.xml_processor.PubMedXmlProcessor.xml_text,method,infrastructure,bioetl.infrastructure.adapters.pubmed.xml_processor,src/bioetl/infrastructure/adapters/pubmed/xml_processor.py:17,17,17,1,0,0,3,DEAD,0,,1,docs/99-archive/reports/infrastructure_merged.md,False,,3,0,0,0,0,0,0,0,0,0,0,0,0,0,0,0,0,3,0,3,0
variable,pmid_node,bioetl.infrastructure.adapters.pubmed.xml_processor.PubMedXmlProcessor.extract_record.pmid_node,method,infrastructure,bioetl.infrastructure.adapters.pubmed.xml_processor,src/bioetl/infrastructure/adapters/pubmed/xml_processor.py:41,41,41,1,0,0,3,DEAD,0,,1,docs/99-archive/reports/infrastructure_merged.md,False,,3,0,0,0,0,0,0,0,0,0,0,0,0,0,0,0,0,3,0,3,0
variable,title_node,bioetl.infrastructure.adapters.pubmed.xml_processor.PubMedXmlProcessor.extract_record.title_node,method,infrastructure,bioetl.infrastructure.adapters.pubmed.xml_processor,src/bioetl/infrastructure/adapters/pubmed/xml_processor.py:42,42,42,1,0,0,3,DEAD,0,,1,docs/99-archive/reports/infrastructure_merged.md,False,,3,0,0,0,0,0,0,0,0,0,0,0,0,0,0,0,0,3,0,3,0
method,find_articles,bioetl.infrastructure.adapters.pubmed.xml_processor.PubMedXmlProcessor.find_articles,class,infrastructure,bioetl.infrastructure.adapters.pubmed.xml_processor,src/bioetl/infrastructure/adapters/pubmed/xml_processor.py:52,52,61,10,0,0,2,DEAD,0,,1,docs/99-archive/reports/infrastructure_merged.md,False,,2,0,0,0,0,0,0,0,0,0,0,0,0,0,0,0,0,2,0,2,0
constant,DEFAULT_FIELDS,bioetl.infrastructure.adapters.semanticscholar.adapter.DEFAULT_FIELDS,module,infrastructure,bioetl.infrastructure.adapters.semanticscholar.adapter,src/bioetl/infrastructure/adapters/semanticscholar/adapter.py:53,53,58,6,0,0,2,DEAD,0,,1,docs/99-archive/reports/infrastructure_merged.md,False,,2,0,0,0,0,0,0,0,0,0,0,0,0,0,0,0,0,0,2,2,0
variable,next_offset,bioetl.infrastructure.adapters.semanticscholar.adapter.SemanticScholarAdapter.fetch.next_offset,method,infrastructure,bioetl.infrastructure.adapters.semanticscholar.adapter,src/bioetl/infrastructure/adapters/semanticscholar/adapter.py:201,201,201,1,0,0,7,DEAD,0,,3,docs/02-architecture/decisions/ADR-009-paginated-fetcher-mixin.md;docs/99-archive/reports/documentation_merged.md;docs/99-archive/reports/infrastructure_merged.md,False,,5,2,2,2,2,2,2,2,2,2,0,2,2,0,2,2,2,2,5,5,2
method,_batch_doi_phase,bioetl.infrastructure.adapters.semanticscholar.adapter.SemanticScholarAdapter._batch_doi_phase,class,infrastructure,bioetl.infrastructure.adapters.semanticscholar.adapter,src/bioetl/infrastructure/adapters/semanticscholar/adapter.py:250,250,283,34,0,0,2,DEAD,0,,1,docs/99-archive/reports/infrastructure_merged.md,False,,2,0,0,0,0,0,0,0,0,0,0,0,0,0,0,0,0,0,2,2,0
parameter,resolved_dois,bioetl.infrastructure.adapters.semanticscholar.adapter.SemanticScholarAdapter.resolved_dois,method,infrastructure,bioetl.infrastructure.adapters.semanticscholar.adapter,src/bioetl/infrastructure/adapters/semanticscholar/adapter.py:253,253,253,1,0,0,6,DEAD,0,,1,docs/99-archive/reports/infrastructure_merged.md,False,,6,0,0,0,0,0,0,0,0,0,0,0,0,0,0,0,0,0,6,6,0
variable,resolved_dois,bioetl.infrastructure.adapters.semanticscholar.adapter.SemanticScholarAdapter.fetch_filtered_with_fallback.resolved_dois,method,infrastructure,bioetl.infrastructure.adapters.semanticscholar.adapter,src/bioetl/infrastructure/adapters/semanticscholar/adapter.py:312,312,312,1,0,0,6,DEAD,0,,1,docs/99-archive/reports/infrastructure_merged.md,False,,6,0,0,0,0,0,0,0,0,0,0,0,0,0,0,0,0,0,6,6,0
method,_fetch_batch_with_nulls,bioetl.infrastructure.adapters.semanticscholar.adapter.SemanticScholarAdapter._fetch_batch_with_nulls,class,infrastructure,bioetl.infrastructure.adapters.semanticscholar.adapter,src/bioetl/infrastructure/adapters/semanticscholar/adapter.py:399,399,420,22,0,0,3,DEAD,0,,1,docs/99-archive/reports/infrastructure_merged.md,False,,3,0,0,0,0,0,0,0,0,0,0,0,0,0,0,0,0,0,3,3,0
variable,formatted_ids,bioetl.infrastructure.adapters.semanticscholar.adapter.SemanticScholarAdapter._fetch_batch_with_nulls.formatted_ids,method,infrastructure,bioetl.infrastructure.adapters.semanticscholar.adapter,src/bioetl/infrastructure/adapters/semanticscholar/adapter.py:418,418,418,1,0,0,2,DEAD,0,,1,docs/99-archive/reports/infrastructure_merged.md,False,,2,0,0,0,0,0,0,0,0,0,0,0,0,0,0,0,0,0,2,2,0
method,_fetch_batch_raw,bioetl.infrastructure.adapters.semanticscholar.adapter.SemanticScholarAdapter._fetch_batch_raw,class,infrastructure,bioetl.infrastructure.adapters.semanticscholar.adapter,src/bioetl/infrastructure/adapters/semanticscholar/adapter.py:422,422,462,41,0,0,2,DEAD,0,,1,docs/99-archive/reports/infrastructure_merged.md,False,,2,0,0,0,0,0,0,0,0,0,0,0,0,0,0,0,0,0,2,2,0
parameter,paper_ids,bioetl.infrastructure.adapters.semanticscholar.adapter.SemanticScholarAdapter.paper_ids,method,infrastructure,bioetl.infrastructure.adapters.semanticscholar.adapter,src/bioetl/infrastructure/adapters/semanticscholar/adapter.py:424,424,424,1,0,0,6,DEAD,0,,3,docs/04-reference/pipelines/semanticscholar/01-publication-spec.md;docs/99-archive/reports/documentation_merged.md;docs/99-archive/reports/infrastructure_merged.md,False,,5,1,1,1,1,1,1,1,1,1,0,1,1,0,1,1,1,1,6,5,1
variable,json_body,bioetl.infrastructure.adapters.semanticscholar.adapter.SemanticScholarAdapter._fetch_batch_raw.json_body,method,infrastructure,bioetl.infrastructure.adapters.semanticscholar.adapter,src/bioetl/infrastructure/adapters/semanticscholar/adapter.py:445,445,445,1,0,0,2,DEAD,0,,1,docs/99-archive/reports/infrastructure_merged.md,False,,2,0,0,0,0,0,0,0,0,0,0,0,0,0,0,0,0,0,2,2,0
variable,error_str,bioetl.infrastructure.adapters.semanticscholar.adapter.SemanticScholarAdapter._probe_health.error_str,method,infrastructure,bioetl.infrastructure.adapters.semanticscholar.adapter,src/bioetl/infrastructure/adapters/semanticscholar/adapter.py:530,530,530,1,0,0,2,DEAD,0,,1,docs/99-archive/reports/infrastructure_merged.md,False,,2,0,0,0,0,0,0,0,0,0,0,0,0,0,0,0,0,0,2,2,0
constant,DEFAULT_SEARCH_FIELDS,bioetl.infrastructure.adapters.semanticscholar.fallback.DEFAULT_SEARCH_FIELDS,module,infrastructure,bioetl.infrastructure.adapters.semanticscholar.fallback,src/bioetl/infrastructure/adapters/semanticscholar/fallback.py:33,33,37,5,0,0,2,DEAD,0,,1,docs/99-archive/reports/infrastructure_merged.md,False,,2,0,0,0,0,0,0,0,0,0,0,0,0,0,0,0,0,0,2,2,0
variable,cleaned_title,bioetl.infrastructure.adapters.semanticscholar.fallback.SemanticScholarTitleFallbackHandler._search_by_title.cleaned_title,method,infrastructure,bioetl.infrastructure.adapters.semanticscholar.fallback,src/bioetl/infrastructure/adapters/semanticscholar/fallback.py:134,134,134,1,0,0,2,DEAD,0,,1,docs/99-archive/reports/infrastructure_merged.md,False,,2,0,0,0,0,0,0,0,0,0,0,0,0,0,0,0,0,0,2,2,0
constant,UNIPROT_BATCH_SIZE,bioetl.infrastructure.adapters.uniprot.client.UNIPROT_BATCH_SIZE,module,infrastructure,bioetl.infrastructure.adapters.uniprot.client,src/bioetl/infrastructure/adapters/uniprot/client.py:44,44,44,1,0,0,3,DEAD,0,,1,docs/99-archive/reports/infrastructure_merged.md,False,,3,0,0,0,0,0,0,0,0,0,0,0,0,0,0,0,0,0,0,6,3
constant,_PROTEIN_FETCH_FIELDS,bioetl.infrastructure.adapters.uniprot.client._PROTEIN_FETCH_FIELDS,module,infrastructure,bioetl.infrastructure.adapters.uniprot.client,src/bioetl/infrastructure/adapters/uniprot/client.py:47,47,97,51,0,0,0,DEAD,0,,0,,False,,0,0,0,0,0,0,0,0,0,0,0,0,0,0,0,0,0,0,0,2,2
method,_fetch_non_protein_filtered,bioetl.infrastructure.adapters.uniprot.client.UniProtAdapter._fetch_non_protein_filtered,class,infrastructure,bioetl.infrastructure.adapters.uniprot.client,src/bioetl/infrastructure/adapters/uniprot/client.py:176,176,200,25,0,0,2,DEAD,0,,1,docs/99-archive/reports/infrastructure_merged.md,False,,2,0,0,0,0,0,0,0,0,0,0,0,0,0,0,0,0,0,0,4,2
method,_fetch_proteins_batched,bioetl.infrastructure.adapters.uniprot.client.UniProtAdapter._fetch_proteins_batched,class,infrastructure,bioetl.infrastructure.adapters.uniprot.client,src/bioetl/infrastructure/adapters/uniprot/client.py:202,202,233,32,0,0,2,DEAD,0,,1,docs/99-archive/reports/infrastructure_merged.md,False,,2,0,0,0,0,0,0,0,0,0,0,0,0,0,0,0,0,0,0,4,2
variable,or_query,bioetl.infrastructure.adapters.uniprot.client.UniProtAdapter._fetch_proteins_batched.or_query,method,infrastructure,bioetl.infrastructure.adapters.uniprot.client,src/bioetl/infrastructure/adapters/uniprot/client.py:226,226,226,1,0,0,2,DEAD,0,,1,docs/99-archive/reports/infrastructure_merged.md,False,,2,0,0,0,0,0,0,0,0,0,0,0,0,0,0,0,0,0,0,4,2
variable,batch_limit,bioetl.infrastructure.adapters.uniprot.client.UniProtAdapter._fetch_proteins_batched.batch_limit,method,infrastructure,bioetl.infrastructure.adapters.uniprot.client,src/bioetl/infrastructure/adapters/uniprot/client.py:228,228,228,1,0,0,2,DEAD,0,,1,docs/99-archive/reports/infrastructure_merged.md,False,,2,0,0,0,0,0,0,0,0,0,0,0,0,0,0,0,0,0,0,4,2
variable,and_parts,bioetl.infrastructure.adapters.uniprot.client.UniProtAdapter.fetch_multi_filtered.and_parts,method,infrastructure,bioetl.infrastructure.adapters.uniprot.client,src/bioetl/infrastructure/adapters/uniprot/client.py:313,313,313,1,0,0,4,DEAD,0,,1,docs/99-archive/reports/infrastructure_merged.md,False,,4,0,0,0,0,0,0,0,0,0,0,0,0,0,0,0,0,0,0,8,4
variable,or_part,bioetl.infrastructure.adapters.uniprot.client.UniProtAdapter.fetch_multi_filtered.or_part,method,infrastructure,bioetl.infrastructure.adapters.uniprot.client,src/bioetl/infrastructure/adapters/uniprot/client.py:318,318,318,1,0,0,2,DEAD,0,,1,docs/99-archive/reports/infrastructure_merged.md,False,,2,0,0,0,0,0,0,0,0,0,0,0,0,0,0,0,0,0,0,4,2
variable,combined_query,bioetl.infrastructure.adapters.uniprot.client.UniProtAdapter.fetch_multi_filtered.combined_query,method,infrastructure,bioetl.infrastructure.adapters.uniprot.client,src/bioetl/infrastructure/adapters/uniprot/client.py:324,324,324,1,0,0,2,DEAD,0,,1,docs/99-archive/reports/infrastructure_merged.md,False,,2,0,0,0,0,0,0,0,0,0,0,0,0,0,0,0,0,0,0,4,2
method,_do_fallback_search,bioetl.infrastructure.adapters.uniprot.client.UniProtAdapter._do_fallback_search,class,infrastructure,bioetl.infrastructure.adapters.uniprot.client,src/bioetl/infrastructure/adapters/uniprot/client.py:328,328,365,38,0,0,2,DEAD,0,,1,docs/99-archive/reports/infrastructure_merged.md,False,,2,0,0,0,0,0,0,0,0,0,0,0,0,0,0,0,0,0,0,4,2
parameter,missing_ids,bioetl.infrastructure.adapters.uniprot.client.UniProtAdapter.missing_ids,method,infrastructure,bioetl.infrastructure.adapters.uniprot.client,src/bioetl/infrastructure/adapters/uniprot/client.py:331,331,331,1,0,0,6,DEAD,0,,1,docs/99-archive/reports/infrastructure_merged.md,False,,6,0,0,0,0,0,0,0,0,0,0,0,0,0,0,0,0,0,0,12,6
parameter,already_fetched,bioetl.infrastructure.adapters.uniprot.client.UniProtAdapter.already_fetched,method,infrastructure,bioetl.infrastructure.adapters.uniprot.client,src/bioetl/infrastructure/adapters/uniprot/client.py:334,334,334,1,0,0,3,DEAD,0,,1,docs/99-archive/reports/infrastructure_merged.md,False,,3,0,0,0,0,0,0,0,0,0,0,0,0,0,0,0,0,0,0,6,3
variable,fallback_value,bioetl.infrastructure.adapters.uniprot.client.UniProtAdapter._do_fallback_search.fallback_value,method,infrastructure,bioetl.infrastructure.adapters.uniprot.client,src/bioetl/infrastructure/adapters/uniprot/client.py:357,357,357,1,0,0,3,DEAD,0,,1,docs/99-archive/reports/infrastructure_merged.md,False,,3,0,0,0,0,0,0,0,0,0,0,0,0,0,0,0,0,0,0,6,3
method,_do_primary_fetch,bioetl.infrastructure.adapters.uniprot.client.UniProtAdapter._do_primary_fetch,class,infrastructure,bioetl.infrastructure.adapters.uniprot.client,src/bioetl/infrastructure/adapters/uniprot/client.py:367,367,391,25,0,0,2,DEAD,0,,1,docs/99-archive/reports/infrastructure_merged.md,False,,2,0,0,0,0,0,0,0,0,0,0,0,0,0,0,0,0,0,0,4,2
method,_should_do_fallback,bioetl.infrastructure.adapters.uniprot.client.UniProtAdapter._should_do_fallback,class,infrastructure,bioetl.infrastructure.adapters.uniprot.client,src/bioetl/infrastructure/adapters/uniprot/client.py:393,393,411,19,0,0,2,DEAD,0,,1,docs/99-archive/reports/infrastructure_merged.md,False,,2,0,0,0,0,0,0,0,0,0,0,0,0,0,0,0,0,0,0,4,2
variable,missing_ids,bioetl.infrastructure.adapters.uniprot.client.UniProtAdapter.fetch_filtered_with_fallback.missing_ids,method,infrastructure,bioetl.infrastructure.adapters.uniprot.client,src/bioetl/infrastructure/adapters/uniprot/client.py:456,456,456,1,0,0,6,DEAD,0,,1,docs/99-archive/reports/infrastructure_merged.md,False,,6,0,0,0,0,0,0,0,0,0,0,0,0,0,0,0,0,0,0,12,6
method,_build_protein_fetch_params,bioetl.infrastructure.adapters.uniprot.client.UniProtAdapter._build_protein_fetch_params,class,infrastructure,bioetl.infrastructure.adapters.uniprot.client,src/bioetl/infrastructure/adapters/uniprot/client.py:465,465,477,13,0,0,2,DEAD,0,,1,docs/99-archive/reports/infrastructure_merged.md,False,,2,0,0,0,0,0,0,0,0,0,0,0,0,0,0,0,0,0,0,4,2
method,_parse_response,bioetl.infrastructure.adapters.uniprot.client.UniProtAdapter._parse_response,class,infrastructure,bioetl.infrastructure.adapters.uniprot.client,src/bioetl/infrastructure/adapters/uniprot/client.py:479,479,488,10,0,0,2,DEAD,0,,1,docs/99-archive/reports/infrastructure_merged.md,False,,2,0,0,0,0,0,0,0,0,0,0,0,0,0,0,0,0,0,0,4,2
function,_pagination_callback,bioetl.infrastructure.adapters.uniprot.client.UniProtAdapter._fetch_proteins._pagination_callback,method,infrastructure,bioetl.infrastructure.adapters.uniprot.client,src/bioetl/infrastructure/adapters/uniprot/client.py:499,499,519,21,0,0,2,DEAD,0,,1,docs/99-archive/reports/infrastructure_merged.md,False,,2,0,0,0,0,0,0,0,0,0,0,0,0,0,0,0,0,0,0,4,2
method,_handle_fetch_error,bioetl.infrastructure.adapters.uniprot.client.UniProtAdapter._handle_fetch_error,class,infrastructure,bioetl.infrastructure.adapters.uniprot.client,src/bioetl/infrastructure/adapters/uniprot/client.py:524,524,551,28,0,0,4,DEAD,0,,1,docs/99-archive/reports/infrastructure_merged.md,False,,4,0,0,0,0,0,0,0,0,0,0,0,0,0,0,0,0,0,0,8,4
method,_get_features_json,bioetl.infrastructure.adapters.uniprot.client.UniProtAdapter._get_features_json,class,infrastructure,bioetl.infrastructure.adapters.uniprot.client,src/bioetl/infrastructure/adapters/uniprot/client.py:553,553,571,19,0,0,2,DEAD,0,,1,docs/99-archive/reports/infrastructure_merged.md,False,,2,0,0,0,0,0,0,0,0,0,0,0,0,0,0,0,0,0,0,4,2
method,_format_feature,bioetl.infrastructure.adapters.uniprot.client.UniProtAdapter._format_feature,class,infrastructure,bioetl.infrastructure.adapters.uniprot.client,src/bioetl/infrastructure/adapters/uniprot/client.py:588,588,595,8,0,0,2,DEAD,0,,1,docs/99-archive/reports/infrastructure_merged.md,False,,2,0,0,0,0,0,0,0,0,0,0,0,0,0,0,0,0,0,0,4,2
method,_get_sequence_fasta,bioetl.infrastructure.adapters.uniprot.client.UniProtAdapter._get_sequence_fasta,class,infrastructure,bioetl.infrastructure.adapters.uniprot.client,src/bioetl/infrastructure/adapters/uniprot/client.py:597,597,616,20,0,0,2,DEAD,0,,1,docs/99-archive/reports/infrastructure_merged.md,False,,2,0,0,0,0,0,0,0,0,0,0,0,0,0,0,0,0,0,0,4,2
method,_get_parsed_sequences,bioetl.infrastructure.adapters.uniprot.client.UniProtAdapter._get_parsed_sequences,class,infrastructure,bioetl.infrastructure.adapters.uniprot.client,src/bioetl/infrastructure/adapters/uniprot/client.py:618,618,625,8,0,0,2,DEAD,0,,1,docs/99-archive/reports/infrastructure_merged.md,False,,2,0,0,0,0,0,0,0,0,0,0,0,0,0,0,0,0,0,0,4,2
variable,seqs,bioetl.infrastructure.adapters.uniprot.client.UniProtAdapter._get_parsed_sequences.seqs,method,infrastructure,bioetl.infrastructure.adapters.uniprot.client,src/bioetl/infrastructure/adapters/uniprot/client.py:623,623,623,1,0,0,2,DEAD,0,,1,docs/99-archive/reports/infrastructure_merged.md,False,,2,0,0,0,0,0,0,0,0,0,0,0,0,0,0,0,0,0,0,4,2
variable,resp,bioetl.infrastructure.adapters.uniprot.client.UniProtAdapter._probe_health.resp,method,infrastructure,bioetl.infrastructure.adapters.uniprot.client,src/bioetl/infrastructure/adapters/uniprot/client.py:649,649,651,3,0,0,3,DEAD,0,,1,docs/99-archive/reports/infrastructure_merged.md,False,,3,0,0,0,0,0,0,0,0,0,0,0,0,0,0,0,0,0,0,6,3
variable,key_info,bioetl.infrastructure.adapters.uniprot.client.UniProtAdapter.__repr__.key_info,method,infrastructure,bioetl.infrastructure.adapters.uniprot.client,src/bioetl/infrastructure/adapters/uniprot/client.py:676,676,676,1,0,0,2,DEAD,0,,1,docs/99-archive/reports/infrastructure_merged.md,False,,2,0,0,0,0,0,0,0,0,0,0,0,0,0,0,0,0,0,0,4,2
variable,current_header,bioetl.infrastructure.adapters.uniprot.fasta_parser.FastaParser.parse.current_header,method,infrastructure,bioetl.infrastructure.adapters.uniprot.fasta_parser,src/bioetl/infrastructure/adapters/uniprot/fasta_parser.py:31,31,31,1,0,0,6,DEAD,0,,1,docs/99-archive/reports/infrastructure_merged.md,False,,6,0,0,0,0,0,0,0,0,0,0,0,0,0,0,0,0,0,0,12,6
variable,current_sequence,bioetl.infrastructure.adapters.uniprot.fasta_parser.FastaParser.parse.current_sequence,method,infrastructure,bioetl.infrastructure.adapters.uniprot.fasta_parser,src/bioetl/infrastructure/adapters/uniprot/fasta_parser.py:32,32,32,1,0,0,5,DEAD,0,,1,docs/99-archive/reports/infrastructure_merged.md,False,,5,0,0,0,0,0,0,0,0,0,0,0,0,0,0,0,0,0,0,10,5
method,parse_header,bioetl.infrastructure.adapters.uniprot.fasta_parser.FastaParser.parse_header,class,infrastructure,bioetl.infrastructure.adapters.uniprot.fasta_parser,src/bioetl/infrastructure/adapters/uniprot/fasta_parser.py:65,65,93,29,0,0,1,DEAD,0,,1,docs/99-archive/reports/infrastructure_merged.md,False,,1,0,0,0,0,0,0,0,0,0,0,0,0,0,0,0,0,0,0,2,1
variable,entry_and_desc,bioetl.infrastructure.adapters.uniprot.fasta_parser.FastaParser.parse_header.entry_and_desc,method,infrastructure,bioetl.infrastructure.adapters.uniprot.fasta_parser,src/bioetl/infrastructure/adapters/uniprot/fasta_parser.py:80,80,80,1,0,0,4,DEAD,0,,1,docs/99-archive/reports/infrastructure_merged.md,False,,4,0,0,0,0,0,0,0,0,0,0,0,0,0,0,0,0,0,0,8,4
constant,BASE_URL,bioetl.infrastructure.adapters.uniprot.idmapping_client.UniProtIDMappingClient.BASE_URL,class,infrastructure,bioetl.infrastructure.adapters.uniprot.idmapping_client,src/bioetl/infrastructure/adapters/uniprot/idmapping_client.py:83,83,83,1,0,0,2,DEAD,0,,1,docs/99-archive/reports/infrastructure_merged.md,False,,2,0,0,0,0,0,0,0,0,0,0,0,0,0,0,0,0,0,0,4,2
constant,POLLING_INTERVAL,bioetl.infrastructure.adapters.uniprot.idmapping_client.UniProtIDMappingClient.POLLING_INTERVAL,class,infrastructure,bioetl.infrastructure.adapters.uniprot.idmapping_client,src/bioetl/infrastructure/adapters/uniprot/idmapping_client.py:84,84,84,1,0,0,3,DEAD,0,,1,docs/99-archive/reports/infrastructure_merged.md,False,,3,0,0,0,0,0,0,0,0,0,0,0,0,0,0,0,0,0,0,6,3
constant,MAX_POLL_ATTEMPTS,bioetl.infrastructure.adapters.uniprot.idmapping_client.UniProtIDMappingClient.MAX_POLL_ATTEMPTS,class,infrastructure,bioetl.infrastructure.adapters.uniprot.idmapping_client,src/bioetl/infrastructure/adapters/uniprot/idmapping_client.py:85,85,85,1,0,0,3,DEAD,0,,1,docs/99-archive/reports/infrastructure_merged.md,False,,3,0,0,0,0,0,0,0,0,0,0,0,0,0,0,0,0,0,0,6,3
constant,MAX_IDS_PER_BATCH,bioetl.infrastructure.adapters.uniprot.idmapping_client.UniProtIDMappingClient.MAX_IDS_PER_BATCH,class,infrastructure,bioetl.infrastructure.adapters.uniprot.idmapping_client,src/bioetl/infrastructure/adapters/uniprot/idmapping_client.py:86,86,86,1,0,0,3,DEAD,0,,1,docs/99-archive/reports/infrastructure_merged.md,False,,3,0,0,0,0,0,0,0,0,0,0,0,0,0,0,0,0,0,0,6,3
method,_map_batch,bioetl.infrastructure.adapters.uniprot.idmapping_client.UniProtIDMappingClient._map_batch,class,infrastructure,bioetl.infrastructure.adapters.uniprot.idmapping_client,src/bioetl/infrastructure/adapters/uniprot/idmapping_client.py:145,145,168,24,0,0,2,DEAD,0,,1,docs/99-archive/reports/infrastructure_merged.md,False,,2,0,0,0,0,0,0,0,0,0,0,0,0,0,0,0,0,0,0,4,2
variable,results_url,bioetl.infrastructure.adapters.uniprot.idmapping_client.UniProtIDMappingClient._map_batch.results_url,method,infrastructure,bioetl.infrastructure.adapters.uniprot.idmapping_client,src/bioetl/infrastructure/adapters/uniprot/idmapping_client.py:165,165,165,1,0,0,4,DEAD,0,,2,docs/04-reference/pipelines/uniprot/02-idmapping-spec.md;docs/99-archive/reports/documentation_merged.md,False,,2,2,2,2,2,2,2,2,2,2,0,2,2,0,2,2,2,2,2,11,11
method,_submit_job,bioetl.infrastructure.adapters.uniprot.idmapping_client.UniProtIDMappingClient._submit_job,class,infrastructure,bioetl.infrastructure.adapters.uniprot.idmapping_client,src/bioetl/infrastructure/adapters/uniprot/idmapping_client.py:170,170,226,57,0,0,2,DEAD,0,,1,docs/99-archive/reports/infrastructure_merged.md,False,,2,0,0,0,0,0,0,0,0,0,0,0,0,0,0,0,0,0,0,4,2
method,_poll_until_ready,bioetl.infrastructure.adapters.uniprot.idmapping_client.UniProtIDMappingClient._poll_until_ready,class,infrastructure,bioetl.infrastructure.adapters.uniprot.idmapping_client,src/bioetl/infrastructure/adapters/uniprot/idmapping_client.py:228,228,320,93,0,0,2,DEAD,0,,1,docs/99-archive/reports/infrastructure_merged.md,False,,2,0,0,0,0,0,0,0,0,0,0,0,0,0,0,0,0,0,0,4,2
variable,response_url,bioetl.infrastructure.adapters.uniprot.idmapping_client.UniProtIDMappingClient._poll_until_ready.response_url,method,infrastructure,bioetl.infrastructure.adapters.uniprot.idmapping_client,src/bioetl/infrastructure/adapters/uniprot/idmapping_client.py:260,260,260,1,0,0,3,DEAD,0,,1,docs/99-archive/reports/infrastructure_merged.md,False,,3,0,0,0,0,0,0,0,0,0,0,0,0,0,0,0,0,0,0,9,6
method,_fetch_results,bioetl.infrastructure.adapters.uniprot.idmapping_client.UniProtIDMappingClient._fetch_results,class,infrastructure,bioetl.infrastructure.adapters.uniprot.idmapping_client,src/bioetl/infrastructure/adapters/uniprot/idmapping_client.py:322,322,392,71,0,0,2,DEAD,0,,1,docs/99-archive/reports/infrastructure_merged.md,False,,2,0,0,0,0,0,0,0,0,0,0,0,0,0,0,0,0,0,0,4,2
parameter,original_ids,bioetl.infrastructure.adapters.uniprot.idmapping_client.UniProtIDMappingClient.original_ids,method,infrastructure,bioetl.infrastructure.adapters.uniprot.idmapping_client,src/bioetl/infrastructure/adapters/uniprot/idmapping_client.py:325,325,325,1,0,0,5,DEAD,0,,1,docs/99-archive/reports/infrastructure_merged.md,False,,5,0,0,0,0,0,0,0,0,0,0,0,0,0,0,0,0,0,0,10,5
parameter,results_url,bioetl.infrastructure.adapters.uniprot.idmapping_client.UniProtIDMappingClient.results_url,method,infrastructure,bioetl.infrastructure.adapters.uniprot.idmapping_client,src/bioetl/infrastructure/adapters/uniprot/idmapping_client.py:326,326,326,1,0,0,4,DEAD,0,,2,docs/04-reference/pipelines/uniprot/02-idmapping-spec.md;docs/99-archive/reports/documentation_merged.md,False,,2,2,2,2,2,2,2,2,2,2,0,2,2,0,2,2,2,2,2,11,11
variable,entries_by_id,bioetl.infrastructure.adapters.uniprot.idmapping_client.UniProtIDMappingClient._fetch_results.entries_by_id,method,infrastructure,bioetl.infrastructure.adapters.uniprot.idmapping_client,src/bioetl/infrastructure/adapters/uniprot/idmapping_client.py:348,348,350,3,0,0,0,DEAD,0,,0,,False,,0,0,0,0,0,0,0,0,0,0,0,0,0,0,0,0,0,0,0,4,4
variable,from_id,bioetl.infrastructure.adapters.uniprot.idmapping_client.UniProtIDMappingClient._fetch_results.from_id,method,infrastructure,bioetl.infrastructure.adapters.uniprot.idmapping_client,src/bioetl/infrastructure/adapters/uniprot/idmapping_client.py:369,369,369,1,0,0,18,DEAD,0,,5,docs/04-reference/pipelines/chembl/04-target-spec.md;docs/04-reference/providers/chembl/activity.md;docs/04-reference/providers/chembl/assay.md;docs/99-archive/reports/documentation_merged.md;docs/99-archive/reports/infrastructure_merged.md,False,,15,7,5,5,5,5,5,5,5,5,0,6,5,0,5,5,5,5,5,22,14
variable,multiple_count,bioetl.infrastructure.adapters.uniprot.idmapping_client.UniProtIDMappingClient._fetch_results.multiple_count,method,infrastructure,bioetl.infrastructure.adapters.uniprot.idmapping_client,src/bioetl/infrastructure/adapters/uniprot/idmapping_client.py:382,382,382,1,0,0,0,DEAD,0,,0,,False,,0,0,0,0,0,0,0,0,0,0,0,0,0,0,0,0,0,0,0,2,2
method,_select_primary_entry,bioetl.infrastructure.adapters.uniprot.idmapping_client.UniProtIDMappingClient._select_primary_entry,class,infrastructure,bioetl.infrastructure.adapters.uniprot.idmapping_client,src/bioetl/infrastructure/adapters/uniprot/idmapping_client.py:395,395,427,33,0,0,0,DEAD,0,,0,,False,,0,0,0,0,0,0,0,0,0,0,0,0,0,0,0,0,0,0,0,2,2
variable,sorted_entries,bioetl.infrastructure.adapters.uniprot.idmapping_client.UniProtIDMappingClient._select_primary_entry.sorted_entries,method,infrastructure,bioetl.infrastructure.adapters.uniprot.idmapping_client,src/bioetl/infrastructure/adapters/uniprot/idmapping_client.py:416,416,422,7,0,0,0,DEAD,0,,0,,False,,0,0,0,0,0,0,0,0,0,0,0,0,0,0,0,0,0,0,0,3,3
variable,all_accessions,bioetl.infrastructure.adapters.uniprot.idmapping_client.UniProtIDMappingClient._select_primary_entry.all_accessions,method,infrastructure,bioetl.infrastructure.adapters.uniprot.idmapping_client,src/bioetl/infrastructure/adapters/uniprot/idmapping_client.py:425,425,425,1,0,0,0,DEAD,0,,0,,False,,0,0,0,0,0,0,0,0,0,0,0,0,0,0,0,0,0,0,0,2,2
variable,link_header,bioetl.infrastructure.adapters.uniprot.idmapping_client.UniProtIDMappingClient._get_next_page_url.link_header,method,infrastructure,bioetl.infrastructure.adapters.uniprot.idmapping_client,src/bioetl/infrastructure/adapters/uniprot/idmapping_client.py:439,439,439,1,0,0,3,DEAD,0,,1,docs/99-archive/reports/infrastructure_merged.md,False,,3,0,0,0,0,0,0,0,0,0,0,0,0,0,0,0,0,0,0,6,3
method,_extract_organism_info,bioetl.infrastructure.adapters.uniprot.idmapping_client.UniProtIDMappingClient._extract_organism_info,class,infrastructure,bioetl.infrastructure.adapters.uniprot.idmapping_client,src/bioetl/infrastructure/adapters/uniprot/idmapping_client.py:447,447,464,18,0,0,0,DEAD,0,,0,,False,,0,0,0,0,0,0,0,0,0,0,0,0,0,0,0,0,0,0,0,2,2
method,_extract_gene_primary,bioetl.infrastructure.adapters.uniprot.idmapping_client.UniProtIDMappingClient._extract_gene_primary,class,infrastructure,bioetl.infrastructure.adapters.uniprot.idmapping_client,src/bioetl/infrastructure/adapters/uniprot/idmapping_client.py:487,487,504,18,0,0,0,DEAD,0,,0,,False,,0,0,0,0,0,0,0,0,0,0,0,0,0,0,0,0,0,0,0,2,2
variable,first_gene,bioetl.infrastructure.adapters.uniprot.idmapping_client.UniProtIDMappingClient._extract_gene_primary.first_gene,method,infrastructure,bioetl.infrastructure.adapters.uniprot.idmapping_client,src/bioetl/infrastructure/adapters/uniprot/idmapping_client.py:498,498,498,1,0,0,0,DEAD,0,,0,,False,,0,0,0,0,0,0,0,0,0,0,0,0,0,0,0,0,0,0,0,3,3
variable,gene_name_obj,bioetl.infrastructure.adapters.uniprot.idmapping_client.UniProtIDMappingClient._extract_gene_primary.gene_name_obj,method,infrastructure,bioetl.infrastructure.adapters.uniprot.idmapping_client,src/bioetl/infrastructure/adapters/uniprot/idmapping_client.py:501,501,501,1,0,0,0,DEAD,0,,0,,False,,0,0,0,0,0,0,0,0,0,0,0,0,0,0,0,0,0,0,0,3,3
method,_extract_sequence_info,bioetl.infrastructure.adapters.uniprot.idmapping_client.UniProtIDMappingClient._extract_sequence_info,class,infrastructure,bioetl.infrastructure.adapters.uniprot.idmapping_client,src/bioetl/infrastructure/adapters/uniprot/idmapping_client.py:507,507,518,12,0,0,0,DEAD,0,,0,,False,,0,0,0,0,0,0,0,0,0,0,0,0,0,0,0,0,0,0,0,2,2
method,_parse_mapping_entry,bioetl.infrastructure.adapters.uniprot.idmapping_client.UniProtIDMappingClient._parse_mapping_entry,class,infrastructure,bioetl.infrastructure.adapters.uniprot.idmapping_client,src/bioetl/infrastructure/adapters/uniprot/idmapping_client.py:521,521,580,60,0,0,2,DEAD,0,,1,docs/99-archive/reports/infrastructure_merged.md,False,,2,0,0,0,0,0,0,0,0,0,0,0,0,0,0,0,0,0,0,4,2
variable,from_id,bioetl.infrastructure.adapters.uniprot.idmapping_client.UniProtIDMappingClient._parse_mapping_entry.from_id,method,infrastructure,bioetl.infrastructure.adapters.uniprot.idmapping_client,src/bioetl/infrastructure/adapters/uniprot/idmapping_client.py:535,535,535,1,0,0,18,DEAD,0,,5,docs/04-reference/pipelines/chembl/04-target-spec.md;docs/04-reference/providers/chembl/activity.md;docs/04-reference/providers/chembl/assay.md;docs/99-archive/reports/documentation_merged.md;docs/99-archive/reports/infrastructure_merged.md,False,,15,7,5,5,5,5,5,5,5,5,0,6,5,0,5,5,5,5,5,22,14
variable,to_entry,bioetl.infrastructure.adapters.uniprot.idmapping_client.UniProtIDMappingClient._parse_mapping_entry.to_entry,method,infrastructure,bioetl.infrastructure.adapters.uniprot.idmapping_client,src/bioetl/infrastructure/adapters/uniprot/idmapping_client.py:536,536,536,1,0,0,5,DEAD,0,,1,docs/99-archive/reports/infrastructure_merged.md,False,,5,0,0,0,0,0,0,0,0,0,0,0,0,0,0,0,0,0,0,17,12
variable,org_sci,bioetl.infrastructure.adapters.uniprot.idmapping_client.UniProtIDMappingClient._parse_mapping_entry.org_sci,method,infrastructure,bioetl.infrastructure.adapters.uniprot.idmapping_client,src/bioetl/infrastructure/adapters/uniprot/idmapping_client.py:551,551,553,3,0,0,0,DEAD,0,,0,,False,,0,0,0,0,0,0,0,0,0,0,0,0,0,0,0,0,0,0,0,2,2
variable,org_common,bioetl.infrastructure.adapters.uniprot.idmapping_client.UniProtIDMappingClient._parse_mapping_entry.org_common,method,infrastructure,bioetl.infrastructure.adapters.uniprot.idmapping_client,src/bioetl/infrastructure/adapters/uniprot/idmapping_client.py:551,551,553,3,0,0,0,DEAD,0,,0,,False,,0,0,0,0,0,0,0,0,0,0,0,0,0,0,0,0,0,0,0,2,2
variable,seq_len,bioetl.infrastructure.adapters.uniprot.idmapping_client.UniProtIDMappingClient._parse_mapping_entry.seq_len,method,infrastructure,bioetl.infrastructure.adapters.uniprot.idmapping_client,src/bioetl/infrastructure/adapters/uniprot/idmapping_client.py:560,560,562,3,0,0,0,DEAD,0,,0,,False,,0,0,0,0,0,0,0,0,0,0,0,0,0,0,0,0,0,0,0,2,2
variable,seq_mass,bioetl.infrastructure.adapters.uniprot.idmapping_client.UniProtIDMappingClient._parse_mapping_entry.seq_mass,method,infrastructure,bioetl.infrastructure.adapters.uniprot.idmapping_client,src/bioetl/infrastructure/adapters/uniprot/idmapping_client.py:560,560,562,3,0,0,0,DEAD,0,,0,,False,,0,0,0,0,0,0,0,0,0,0,0,0,0,0,0,0,0,0,0,2,2
class,UniProtEcNumber,bioetl.infrastructure.adapters.uniprot.models.UniProtEcNumber,module,infrastructure,bioetl.infrastructure.adapters.uniprot.models,src/bioetl/infrastructure/adapters/uniprot/models.py:20,20,25,6,0,0,2,DEAD,0,,1,docs/99-archive/reports/infrastructure_merged.md,False,,2,0,0,0,0,0,0,0,0,0,0,0,0,0,0,0,0,0,0,4,2
class,UniProtKeyword,bioetl.infrastructure.adapters.uniprot.models.UniProtKeyword,module,infrastructure,bioetl.infrastructure.adapters.uniprot.models,src/bioetl/infrastructure/adapters/uniprot/models.py:28,28,35,8,0,0,2,DEAD,0,,1,docs/99-archive/reports/infrastructure_merged.md,False,,2,0,0,0,0,0,0,0,0,0,0,0,0,0,0,0,0,0,0,4,2
class,UniProtOrganism,bioetl.infrastructure.adapters.uniprot.models.UniProtOrganism,module,infrastructure,bioetl.infrastructure.adapters.uniprot.models,src/bioetl/infrastructure/adapters/uniprot/models.py:38,38,50,13,0,0,2,DEAD,0,,1,docs/99-archive/reports/infrastructure_merged.md,False,,2,0,0,0,0,0,0,0,0,0,0,0,0,0,0,0,0,0,0,4,2
variable,taxon_id,bioetl.infrastructure.adapters.uniprot.models.UniProtOrganism.taxon_id,class,infrastructure,bioetl.infrastructure.adapters.uniprot.models,src/bioetl/infrastructure/adapters/uniprot/models.py:47,47,47,1,0,0,1,DEAD,0,,1,docs/99-archive/reports/infrastructure_merged.md,False,,1,0,0,0,0,0,0,0,0,0,0,0,0,0,0,0,0,0,0,2,1
class,UniProtName,bioetl.infrastructure.adapters.uniprot.models.UniProtName,module,infrastructure,bioetl.infrastructure.adapters.uniprot.models,src/bioetl/infrastructure/adapters/uniprot/models.py:53,53,58,6,0,0,10,DEAD,0,,1,docs/99-archive/reports/infrastructure_merged.md,False,,10,0,0,0,0,0,0,0,0,0,0,0,0,0,0,0,0,0,0,20,10
class,UniProtFullName,bioetl.infrastructure.adapters.uniprot.models.UniProtFullName,module,infrastructure,bioetl.infrastructure.adapters.uniprot.models,src/bioetl/infrastructure/adapters/uniprot/models.py:61,61,71,11,0,0,3,DEAD,0,,1,docs/99-archive/reports/infrastructure_merged.md,False,,3,0,0,0,0,0,0,0,0,0,0,0,0,0,0,0,0,0,0,6,3
class,UniProtRecommendedName,bioetl.infrastructure.adapters.uniprot.models.UniProtRecommendedName,module,infrastructure,bioetl.infrastructure.adapters.uniprot.models,src/bioetl/infrastructure/adapters/uniprot/models.py:74,74,87,14,0,0,2,DEAD,0,,1,docs/99-archive/reports/infrastructure_merged.md,False,,2,0,0,0,0,0,0,0,0,0,0,0,0,0,0,0,0,0,0,4,2
class,UniProtProteinDescription,bioetl.infrastructure.adapters.uniprot.models.UniProtProteinDescription,module,infrastructure,bioetl.infrastructure.adapters.uniprot.models,src/bioetl/infrastructure/adapters/uniprot/models.py:90,90,107,18,0,0,2,DEAD,0,,1,docs/99-archive/reports/infrastructure_merged.md,False,,2,0,0,0,0,0,0,0,0,0,0,0,0,0,0,0,0,0,0,4,2
variable,alternative_names,bioetl.infrastructure.adapters.uniprot.models.UniProtProteinDescription.alternative_names,class,infrastructure,bioetl.infrastructure.adapters.uniprot.models,src/bioetl/infrastructure/adapters/uniprot/models.py:98,98,100,3,0,0,1,DEAD,0,,1,docs/99-archive/reports/infrastructure_merged.md,False,,1,0,0,0,0,0,0,0,0,0,0,0,0,0,0,0,0,0,0,2,1
variable,submitted_name,bioetl.infrastructure.adapters.uniprot.models.UniProtProteinDescription.submitted_name,class,infrastructure,bioetl.infrastructure.adapters.uniprot.models,src/bioetl/infrastructure/adapters/uniprot/models.py:101,101,103,3,0,0,1,DEAD,0,,1,docs/99-archive/reports/infrastructure_merged.md,False,,1,0,0,0,0,0,0,0,0,0,0,0,0,0,0,0,0,0,0,2,1
class,UniProtGene,bioetl.infrastructure.adapters.uniprot.models.UniProtGene,module,infrastructure,bioetl.infrastructure.adapters.uniprot.models,src/bioetl/infrastructure/adapters/uniprot/models.py:110,110,126,17,0,0,2,DEAD,0,,1,docs/99-archive/reports/infrastructure_merged.md,False,,2,0,0,0,0,0,0,0,0,0,0,0,0,0,0,0,0,0,0,4,2
variable,ordered_locus_names,bioetl.infrastructure.adapters.uniprot.models.UniProtGene.ordered_locus_names,class,infrastructure,bioetl.infrastructure.adapters.uniprot.models,src/bioetl/infrastructure/adapters/uniprot/models.py:121,121,123,3,0,0,1,DEAD,0,,1,docs/99-archive/reports/infrastructure_merged.md,False,,1,0,0,0,0,0,0,0,0,0,0,0,0,0,0,0,0,0,0,2,1
class,UniProtEvidence,bioetl.infrastructure.adapters.uniprot.models.UniProtEvidence,module,infrastructure,bioetl.infrastructure.adapters.uniprot.models,src/bioetl/infrastructure/adapters/uniprot/models.py:129,129,136,8,0,0,5,DEAD,0,,1,docs/99-archive/reports/infrastructure_merged.md,False,,5,0,0,0,0,0,0,0,0,0,0,0,0,0,0,0,0,0,0,10,5
variable,evidence_code,bioetl.infrastructure.adapters.uniprot.models.UniProtEvidence.evidence_code,class,infrastructure,bioetl.infrastructure.adapters.uniprot.models,src/bioetl/infrastructure/adapters/uniprot/models.py:134,134,134,1,0,0,1,DEAD,0,,1,docs/99-archive/reports/infrastructure_merged.md,False,,1,0,0,0,0,0,0,0,0,0,0,0,0,0,0,0,0,0,0,2,1
class,UniProtText,bioetl.infrastructure.adapters.uniprot.models.UniProtText,module,infrastructure,bioetl.infrastructure.adapters.uniprot.models,src/bioetl/infrastructure/adapters/uniprot/models.py:139,139,147,9,0,0,2,DEAD,0,,1,docs/99-archive/reports/infrastructure_merged.md,False,,2,0,0,0,0,0,0,0,0,0,0,0,0,0,0,0,0,0,0,4,2
variable,evidences,bioetl.infrastructure.adapters.uniprot.models.UniProtText.evidences,class,infrastructure,bioetl.infrastructure.adapters.uniprot.models,src/bioetl/infrastructure/adapters/uniprot/models.py:145,145,147,3,0,0,4,DEAD,0,,1,docs/99-archive/reports/infrastructure_merged.md,False,,4,0,0,0,0,0,0,0,0,0,0,0,0,0,0,0,0,0,0,8,4
class,UniProtLocation,bioetl.infrastructure.adapters.uniprot.models.UniProtLocation,module,infrastructure,bioetl.infrastructure.adapters.uniprot.models,src/bioetl/infrastructure/adapters/uniprot/models.py:150,150,158,9,0,0,4,DEAD,0,,1,docs/99-archive/reports/infrastructure_merged.md,False,,4,0,0,0,0,0,0,0,0,0,0,0,0,0,0,0,0,0,0,8,4
variable,evidences,bioetl.infrastructure.adapters.uniprot.models.UniProtLocation.evidences,class,infrastructure,bioetl.infrastructure.adapters.uniprot.models,src/bioetl/infrastructure/adapters/uniprot/models.py:156,156,158,3,0,0,4,DEAD,0,,1,docs/99-archive/reports/infrastructure_merged.md,False,,4,0,0,0,0,0,0,0,0,0,0,0,0,0,0,0,0,0,0,8,4
class,UniProtSubcellularLocation,bioetl.infrastructure.adapters.uniprot.models.UniProtSubcellularLocation,module,infrastructure,bioetl.infrastructure.adapters.uniprot.models,src/bioetl/infrastructure/adapters/uniprot/models.py:161,161,168,8,0,0,2,DEAD,0,,1,docs/99-archive/reports/infrastructure_merged.md,False,,2,0,0,0,0,0,0,0,0,0,0,0,0,0,0,0,0,0,0,4,2
variable,orientation,bioetl.infrastructure.adapters.uniprot.models.UniProtSubcellularLocation.orientation,class,infrastructure,bioetl.infrastructure.adapters.uniprot.models,src/bioetl/infrastructure/adapters/uniprot/models.py:168,168,168,1,0,0,1,DEAD,0,,1,docs/99-archive/reports/infrastructure_merged.md,False,,1,0,0,0,0,0,0,0,0,0,0,0,0,0,0,0,0,0,0,2,1
class,UniProtReaction,bioetl.infrastructure.adapters.uniprot.models.UniProtReaction,module,infrastructure,bioetl.infrastructure.adapters.uniprot.models,src/bioetl/infrastructure/adapters/uniprot/models.py:171,171,182,12,0,0,2,DEAD,0,,1,docs/99-archive/reports/infrastructure_merged.md,False,,2,0,0,0,0,0,0,0,0,0,0,0,0,0,0,0,0,0,0,4,2
variable,evidences,bioetl.infrastructure.adapters.uniprot.models.UniProtReaction.evidences,class,infrastructure,bioetl.infrastructure.adapters.uniprot.models,src/bioetl/infrastructure/adapters/uniprot/models.py:180,180,182,3,0,0,4,DEAD,0,,1,docs/99-archive/reports/infrastructure_merged.md,False,,4,0,0,0,0,0,0,0,0,0,0,0,0,0,0,0,0,0,0,8,4
class,UniProtIsoform,bioetl.infrastructure.adapters.uniprot.models.UniProtIsoform,module,infrastructure,bioetl.infrastructure.adapters.uniprot.models,src/bioetl/infrastructure/adapters/uniprot/models.py:185,185,196,12,0,0,2,DEAD,0,,1,docs/99-archive/reports/infrastructure_merged.md,False,,2,0,0,0,0,0,0,0,0,0,0,0,0,0,0,0,0,0,0,4,2
variable,sequence_status,bioetl.infrastructure.adapters.uniprot.models.UniProtIsoform.sequence_status,class,infrastructure,bioetl.infrastructure.adapters.uniprot.models,src/bioetl/infrastructure/adapters/uniprot/models.py:194,194,196,3,0,0,3,DEAD,0,,2,docs/99-archive/reports/domain_merged.md;docs/99-archive/reports/infrastructure_merged.md,False,,3,0,2,0,2,0,0,2,0,2,0,0,0,0,2,0,0,0,0,4,1
class,UniProtComment,bioetl.infrastructure.adapters.uniprot.models.UniProtComment,module,infrastructure,bioetl.infrastructure.adapters.uniprot.models,src/bioetl/infrastructure/adapters/uniprot/models.py:199,199,229,31,0,0,2,DEAD,0,,1,docs/99-archive/reports/infrastructure_merged.md,False,,2,0,0,0,0,0,0,0,0,0,0,0,0,0,0,0,0,0,0,4,2
variable,subcellular_locations,bioetl.infrastructure.adapters.uniprot.models.UniProtComment.subcellular_locations,class,infrastructure,bioetl.infrastructure.adapters.uniprot.models,src/bioetl/infrastructure/adapters/uniprot/models.py:221,221,225,5,0,0,1,DEAD,0,,1,docs/99-archive/reports/infrastructure_merged.md,False,,1,0,0,0,0,0,0,0,0,0,0,0,0,0,0,0,0,0,0,2,1
class,UniProtFeatureLocation,bioetl.infrastructure.adapters.uniprot.models.UniProtFeatureLocation,module,infrastructure,bioetl.infrastructure.adapters.uniprot.models,src/bioetl/infrastructure/adapters/uniprot/models.py:232,232,238,7,0,0,2,DEAD,0,,1,docs/99-archive/reports/infrastructure_merged.md,False,,2,0,0,0,0,0,0,0,0,0,0,0,0,0,0,0,0,0,0,4,2
class,UniProtFeature,bioetl.infrastructure.adapters.uniprot.models.UniProtFeature,module,infrastructure,bioetl.infrastructure.adapters.uniprot.models,src/bioetl/infrastructure/adapters/uniprot/models.py:241,241,256,16,0,0,2,DEAD,0,,1,docs/99-archive/reports/infrastructure_merged.md,False,,2,0,0,0,0,0,0,0,0,0,0,0,0,0,0,0,0,0,0,4,2
variable,evidences,bioetl.infrastructure.adapters.uniprot.models.UniProtFeature.evidences,class,infrastructure,bioetl.infrastructure.adapters.uniprot.models,src/bioetl/infrastructure/adapters/uniprot/models.py:251,251,253,3,0,0,4,DEAD,0,,1,docs/99-archive/reports/infrastructure_merged.md,False,,4,0,0,0,0,0,0,0,0,0,0,0,0,0,0,0,0,0,0,8,4
class,UniProtCrossReference,bioetl.infrastructure.adapters.uniprot.models.UniProtCrossReference,module,infrastructure,bioetl.infrastructure.adapters.uniprot.models,src/bioetl/infrastructure/adapters/uniprot/models.py:259,259,268,10,0,0,2,DEAD,0,,1,docs/99-archive/reports/infrastructure_merged.md,False,,2,0,0,0,0,0,0,0,0,0,0,0,0,0,0,0,0,0,0,4,2
class,UniProtSequence,bioetl.infrastructure.adapters.uniprot.models.UniProtSequence,module,infrastructure,bioetl.infrastructure.adapters.uniprot.models,src/bioetl/infrastructure/adapters/uniprot/models.py:271,271,280,10,0,0,2,DEAD,0,,1,docs/99-archive/reports/infrastructure_merged.md,False,,2,0,0,0,0,0,0,0,0,0,0,0,0,0,0,0,0,0,0,4,2
variable,mol_weight,bioetl.infrastructure.adapters.uniprot.models.UniProtSequence.mol_weight,class,infrastructure,bioetl.infrastructure.adapters.uniprot.models,src/bioetl/infrastructure/adapters/uniprot/models.py:278,278,278,1,0,0,1,DEAD,0,,1,docs/99-archive/reports/infrastructure_merged.md,False,,1,0,0,0,0,0,0,0,0,0,0,0,0,0,0,0,0,0,0,2,1
class,UniProtExtraAttributes,bioetl.infrastructure.adapters.uniprot.models.UniProtExtraAttributes,module,infrastructure,bioetl.infrastructure.adapters.uniprot.models,src/bioetl/infrastructure/adapters/uniprot/models.py:283,283,290,8,0,0,2,DEAD,0,,1,docs/99-archive/reports/infrastructure_merged.md,False,,2,0,0,0,0,0,0,0,0,0,0,0,0,0,0,0,0,0,0,4,2
variable,uni_parc_id,bioetl.infrastructure.adapters.uniprot.models.UniProtExtraAttributes.uni_parc_id,class,infrastructure,bioetl.infrastructure.adapters.uniprot.models,src/bioetl/infrastructure/adapters/uniprot/models.py:288,288,290,3,0,0,1,DEAD,0,,1,docs/99-archive/reports/infrastructure_merged.md,False,,1,0,0,0,0,0,0,0,0,0,0,0,0,0,0,0,0,0,0,2,1
variable,primary_accession,bioetl.infrastructure.adapters.uniprot.models.UniProtProteinRecord.primary_accession,class,infrastructure,bioetl.infrastructure.adapters.uniprot.models,src/bioetl/infrastructure/adapters/uniprot/models.py:310,310,312,3,0,0,1,DEAD,0,,1,docs/99-archive/reports/infrastructure_merged.md,False,,1,0,0,0,0,0,0,0,0,0,0,0,0,0,0,0,0,0,0,2,1
variable,uniprot_kb_id,bioetl.infrastructure.adapters.uniprot.models.UniProtProteinRecord.uniprot_kb_id,class,infrastructure,bioetl.infrastructure.adapters.uniprot.models,src/bioetl/infrastructure/adapters/uniprot/models.py:313,313,315,3,0,0,1,DEAD,0,,1,docs/99-archive/reports/infrastructure_merged.md,False,,1,0,0,0,0,0,0,0,0,0,0,0,0,0,0,0,0,0,0,2,1
variable,protein_description,bioetl.infrastructure.adapters.uniprot.models.UniProtProteinRecord.protein_description,class,infrastructure,bioetl.infrastructure.adapters.uniprot.models,src/bioetl/infrastructure/adapters/uniprot/models.py:338,338,340,3,0,0,1,DEAD,0,,1,docs/99-archive/reports/infrastructure_merged.md,False,,1,0,0,0,0,0,0,0,0,0,0,0,0,0,0,0,0,0,0,2,1
variable,uniprot_kb_cross_references,bioetl.infrastructure.adapters.uniprot.models.UniProtProteinRecord.uniprot_kb_cross_references,class,infrastructure,bioetl.infrastructure.adapters.uniprot.models,src/bioetl/infrastructure/adapters/uniprot/models.py:363,363,367,5,0,0,1,DEAD,0,,1,docs/99-archive/reports/infrastructure_merged.md,False,,1,0,0,0,0,0,0,0,0,0,0,0,0,0,0,0,0,0,0,2,1
variable,extra_attributes,bioetl.infrastructure.adapters.uniprot.models.UniProtProteinRecord.extra_attributes,class,infrastructure,bioetl.infrastructure.adapters.uniprot.models,src/bioetl/infrastructure/adapters/uniprot/models.py:375,375,377,3,0,0,1,DEAD,0,,1,docs/99-archive/reports/infrastructure_merged.md,False,,1,0,0,0,0,0,0,0,0,0,0,0,0,0,0,0,0,0,0,2,1
variable,validated_dict,bioetl.infrastructure.adapters.validation.parse_with_validation.validated_dict,function,infrastructure,bioetl.infrastructure.adapters.validation,src/bioetl/infrastructure/adapters/validation.py:174,174,174,1,0,0,2,DEAD,0,,1,docs/99-archive/reports/infrastructure_merged.md,False,,4,0,0,0,0,0,0,0,0,0,0,0,0,0,0,0,0,0,0,2,0
method,_get_audit_file_path,bioetl.infrastructure.audit.file_audit.FileAuditAdapter._get_audit_file_path,class,infrastructure,bioetl.infrastructure.audit.file_audit,src/bioetl/infrastructure/audit/file_audit.py:62,62,72,11,0,0,2,DEAD,0,,1,docs/99-archive/reports/infrastructure_merged.md,False,,2,0,0,0,0,0,0,0,0,0,0,0,0,0,0,0,0,0,0,2,0
method,_ensure_directory,bioetl.infrastructure.audit.file_audit.FileAuditAdapter._ensure_directory,class,infrastructure,bioetl.infrastructure.audit.file_audit,src/bioetl/infrastructure/audit/file_audit.py:74,74,76,3,0,0,2,DEAD,0,,1,docs/99-archive/reports/infrastructure_merged.md,False,,2,0,0,0,0,0,0,0,0,0,0,0,0,0,0,0,0,0,0,2,0
method,_write_entry_sync,bioetl.infrastructure.audit.file_audit.FileAuditAdapter._write_entry_sync,class,infrastructure,bioetl.infrastructure.audit.file_audit,src/bioetl/infrastructure/audit/file_audit.py:78,78,93,16,0,0,2,DEAD,0,,1,docs/99-archive/reports/infrastructure_merged.md,False,,2,0,0,0,0,0,0,0,0,0,0,0,0,0,0,0,0,0,0,2,0
variable,json_line,bioetl.infrastructure.audit.file_audit.FileAuditAdapter._write_entry_sync.json_line,method,infrastructure,bioetl.infrastructure.audit.file_audit,src/bioetl/infrastructure/audit/file_audit.py:88,88,88,1,0,0,2,DEAD,0,,1,docs/99-archive/reports/infrastructure_merged.md,False,,2,0,0,0,0,0,0,0,0,0,0,0,0,0,0,0,0,0,0,2,0
method,_process_audit_line,bioetl.infrastructure.audit.file_audit.FileAuditAdapter._process_audit_line,class,infrastructure,bioetl.infrastructure.audit.file_audit,src/bioetl/infrastructure/audit/file_audit.py:120,120,156,37,0,0,2,DEAD,0,,1,docs/99-archive/reports/infrastructure_merged.md,False,,2,0,0,0,0,0,0,0,0,0,0,0,0,0,0,0,0,0,0,2,0
method,_process_audit_file,bioetl.infrastructure.audit.file_audit.FileAuditAdapter._process_audit_file,class,infrastructure,bioetl.infrastructure.audit.file_audit,src/bioetl/infrastructure/audit/file_audit.py:158,158,197,40,0,0,2,DEAD,0,,1,docs/99-archive/reports/infrastructure_merged.md,False,,2,0,0,0,0,0,0,0,0,0,0,0,0,0,0,0,0,0,0,2,0
variable,audit_files,bioetl.infrastructure.audit.file_audit.FileAuditAdapter._read_entries_sync.audit_files,method,infrastructure,bioetl.infrastructure.audit.file_audit,src/bioetl/infrastructure/audit/file_audit.py:226,226,226,1,0,0,2,DEAD,0,,1,docs/99-archive/reports/infrastructure_merged.md,False,,2,0,0,0,0,0,0,0,0,0,0,0,0,0,0,0,0,0,0,2,0
variable,file_entries,bioetl.infrastructure.audit.file_audit.FileAuditAdapter._read_entries_sync.file_entries,method,infrastructure,bioetl.infrastructure.audit.file_audit,src/bioetl/infrastructure/audit/file_audit.py:231,231,240,10,0,0,2,DEAD,0,,1,docs/99-archive/reports/infrastructure_merged.md,False,,2,0,0,0,0,0,0,0,0,0,0,0,0,0,0,0,0,0,0,2,0
method,_parse_entry,bioetl.infrastructure.audit.file_audit.FileAuditAdapter._parse_entry,class,infrastructure,bioetl.infrastructure.audit.file_audit,src/bioetl/infrastructure/audit/file_audit.py:246,246,275,30,0,0,2,DEAD,0,,1,docs/99-archive/reports/infrastructure_merged.md,False,,2,0,0,0,0,0,0,0,0,0,0,0,0,0,0,0,0,0,0,2,0
method,_matches_filters,bioetl.infrastructure.audit.file_audit.FileAuditAdapter._matches_filters,class,infrastructure,bioetl.infrastructure.audit.file_audit,src/bioetl/infrastructure/audit/file_audit.py:277,277,307,31,0,0,2,DEAD,0,,1,docs/99-archive/reports/infrastructure_merged.md,False,,2,0,0,0,0,0,0,0,0,0,0,0,0,0,0,0,0,0,0,2,0
method,_save_sync,bioetl.infrastructure.checkpoint.local_checkpoint.LocalCheckpoint._save_sync,class,infrastructure,bioetl.infrastructure.checkpoint.local_checkpoint,src/bioetl/infrastructure/checkpoint/local_checkpoint.py:65,65,100,36,0,0,2,DEAD,0,,1,docs/99-archive/reports/infrastructure_merged.md,False,,4,0,0,0,0,0,0,0,0,0,0,0,0,0,0,0,0,0,0,2,0
variable,checkpoint_json,bioetl.infrastructure.checkpoint.local_checkpoint.LocalCheckpoint._save_sync.checkpoint_json,method,infrastructure,bioetl.infrastructure.checkpoint.local_checkpoint,src/bioetl/infrastructure/checkpoint/local_checkpoint.py:82,82,82,1,0,0,4,DEAD,0,,1,docs/99-archive/reports/infrastructure_merged.md,False,,8,0,0,0,0,0,0,0,0,0,0,0,0,0,0,0,0,0,0,4,0
method,_load_sync,bioetl.infrastructure.checkpoint.local_checkpoint.LocalCheckpoint._load_sync,class,infrastructure,bioetl.infrastructure.checkpoint.local_checkpoint,src/bioetl/infrastructure/checkpoint/local_checkpoint.py:110,110,126,17,0,0,2,DEAD,0,,1,docs/99-archive/reports/infrastructure_merged.md,False,,4,0,0,0,0,0,0,0,0,0,0,0,0,0,0,0,0,0,0,2,0
variable,checkpoint_json,bioetl.infrastructure.checkpoint.local_checkpoint.LocalCheckpoint._load_sync.checkpoint_json,method,infrastructure,bioetl.infrastructure.checkpoint.local_checkpoint,src/bioetl/infrastructure/checkpoint/local_checkpoint.py:119,119,119,1,0,0,4,DEAD,0,,1,docs/99-archive/reports/infrastructure_merged.md,False,,8,0,0,0,0,0,0,0,0,0,0,0,0,0,0,0,0,0,0,4,0
method,_delete_sync,bioetl.infrastructure.checkpoint.local_checkpoint.LocalCheckpoint._delete_sync,class,infrastructure,bioetl.infrastructure.checkpoint.local_checkpoint,src/bioetl/infrastructure/checkpoint/local_checkpoint.py:136,136,142,7,0,0,2,DEAD,0,,1,docs/99-archive/reports/infrastructure_merged.md,False,,4,0,0,0,0,0,0,0,0,0,0,0,0,0,0,0,0,0,0,2,0
method,_list_all_sync,bioetl.infrastructure.checkpoint.local_checkpoint.LocalCheckpoint._list_all_sync,class,infrastructure,bioetl.infrastructure.checkpoint.local_checkpoint,src/bioetl/infrastructure/checkpoint/local_checkpoint.py:152,152,166,15,0,0,2,DEAD,0,,1,docs/99-archive/reports/infrastructure_merged.md,False,,4,0,0,0,0,0,0,0,0,0,0,0,0,0,0,0,0,0,0,2,0
method,_exists_sync,bioetl.infrastructure.checkpoint.local_checkpoint.LocalCheckpoint._exists_sync,class,infrastructure,bioetl.infrastructure.checkpoint.local_checkpoint,src/bioetl/infrastructure/checkpoint/local_checkpoint.py:176,176,179,4,0,0,2,DEAD,0,,1,docs/99-archive/reports/infrastructure_merged.md,False,,4,0,0,0,0,0,0,0,0,0,0,0,0,0,0,0,0,0,0,2,0
method,_get_key,bioetl.infrastructure.checkpoint.local_checkpoint.LocalCheckpoint._get_key,class,infrastructure,bioetl.infrastructure.checkpoint.local_checkpoint,src/bioetl/infrastructure/checkpoint/local_checkpoint.py:181,181,187,7,0,0,6,DEAD,0,,2,docs/99-archive/reports/documentation_merged.md;docs/99-archive/reports/infrastructure_merged.md,False,,11,1,1,1,1,1,1,1,1,1,0,1,1,0,1,1,1,1,1,6,1
class,YamlSettingsSource,bioetl.infrastructure.config._base.YamlSettingsSource,module,infrastructure,bioetl.infrastructure.config._base,src/bioetl/infrastructure/config/_base.py:45,45,84,40,0,0,4,DEAD,0,,2,docs/99-archive/reports/documentation_merged.md;docs/99-archive/reports/infrastructure_merged.md,False,,7,1,1,1,1,1,1,1,1,1,0,1,1,0,1,1,1,1,1,4,1
method,get_field_value,bioetl.infrastructure.config._base.YamlSettingsSource.get_field_value,class,infrastructure,bioetl.infrastructure.config._base,src/bioetl/infrastructure/config/_base.py:48,48,63,16,0,0,2,DEAD,0,,1,docs/99-archive/reports/infrastructure_merged.md,False,,4,0,0,0,0,0,0,0,0,0,0,0,0,0,0,0,0,0,0,2,0
variable,file_content,bioetl.infrastructure.config._base.YamlSettingsSource.get_field_value.file_content,method,infrastructure,bioetl.infrastructure.config._base,src/bioetl/infrastructure/config/_base.py:55,55,55,1,0,0,3,DEAD,0,,1,docs/99-archive/reports/infrastructure_merged.md,False,,6,0,0,0,0,0,0,0,0,0,0,0,0,0,0,0,0,0,0,3,0
variable,field_value,bioetl.infrastructure.config._base.YamlSettingsSource.get_field_value.field_value,method,infrastructure,bioetl.infrastructure.config._base,src/bioetl/infrastructure/config/_base.py:62,62,62,1,0,0,7,DEAD,0,,1,docs/99-archive/reports/infrastructure_merged.md,False,,14,0,0,0,0,0,0,0,0,0,0,0,0,0,0,0,0,0,0,7,0
method,prepare_field_value,bioetl.infrastructure.config._base.YamlSettingsSource.prepare_field_value,class,infrastructure,bioetl.infrastructure.config._base,src/bioetl/infrastructure/config/_base.py:65,65,69,5,0,0,2,DEAD,0,,1,docs/99-archive/reports/infrastructure_merged.md,False,,4,0,0,0,0,0,0,0,0,0,0,0,0,0,0,0,0,0,0,2,0
parameter,value_is_complex,bioetl.infrastructure.config._base.YamlSettingsSource.value_is_complex,method,infrastructure,bioetl.infrastructure.config._base,src/bioetl/infrastructure/config/_base.py:66,66,66,1,0,0,3,DEAD,0,,1,docs/99-archive/reports/infrastructure_merged.md,False,,6,0,0,0,0,0,0,0,0,0,0,0,0,0,0,0,0,0,0,3,0
variable,field_value,bioetl.infrastructure.config._base.YamlSettingsSource.__call__.field_value,method,infrastructure,bioetl.infrastructure.config._base,src/bioetl/infrastructure/config/_base.py:75,75,77,3,0,0,7,DEAD,0,,1,docs/99-archive/reports/infrastructure_merged.md,False,,14,0,0,0,0,0,0,0,0,0,0,0,0,0,0,0,0,0,0,7,0
variable,field_key,bioetl.infrastructure.config._base.YamlSettingsSource.__call__.field_key,method,infrastructure,bioetl.infrastructure.config._base,src/bioetl/infrastructure/config/_base.py:75,75,77,3,0,0,2,DEAD,0,,1,docs/99-archive/reports/infrastructure_merged.md,False,,4,0,0,0,0,0,0,0,0,0,0,0,0,0,0,0,0,0,0,2,0
variable,value_is_complex,bioetl.infrastructure.config._base.YamlSettingsSource.__call__.value_is_complex,method,infrastructure,bioetl.infrastructure.config._base,src/bioetl/infrastructure/config/_base.py:75,75,77,3,0,0,3,DEAD,0,,1,docs/99-archive/reports/infrastructure_merged.md,False,,6,0,0,0,0,0,0,0,0,0,0,0,0,0,0,0,0,0,0,3,0
function,_extract_source_fields,bioetl.infrastructure.config._base._extract_source_fields,module,infrastructure,bioetl.infrastructure.config._base,src/bioetl/infrastructure/config/_base.py:87,87,92,6,0,0,2,DEAD,0,,1,docs/99-archive/reports/infrastructure_merged.md,False,,4,0,0,0,0,0,0,0,0,0,0,0,0,0,0,0,0,0,0,2,0
function,_extract_write_modes,bioetl.infrastructure.config._base._extract_write_modes,module,infrastructure,bioetl.infrastructure.config._base,src/bioetl/infrastructure/config/_base.py:95,95,114,20,0,0,2,DEAD,0,,1,docs/99-archive/reports/infrastructure_merged.md,False,,4,0,0,0,0,0,0,0,0,0,0,0,0,0,0,0,0,0,0,2,0
function,_build_silver_filters,bioetl.infrastructure.config._base._build_silver_filters,module,infrastructure,bioetl.infrastructure.config._base,src/bioetl/infrastructure/config/_base.py:117,117,123,7,0,0,0,DEAD,0,,0,,False,,2,0,0,0,0,0,0,0,0,0,0,0,0,0,0,0,0,0,0,0,0
function,_build_gold_filters,bioetl.infrastructure.config._base._build_gold_filters,module,infrastructure,bioetl.infrastructure.config._base,src/bioetl/infrastructure/config/_base.py:126,126,131,6,0,0,2,DEAD,0,,1,docs/99-archive/reports/infrastructure_merged.md,False,,4,0,0,0,0,0,0,0,0,0,0,0,0,0,0,0,0,0,0,2,0
variable,dq_cold_start_runs,bioetl.infrastructure.config._base.ObservabilitySettings.dq_cold_start_runs,class,infrastructure,bioetl.infrastructure.config._base,src/bioetl/infrastructure/config/_base.py:278,278,278,1,0,0,1,DEAD,0,,1,docs/99-archive/reports/infrastructure_merged.md,False,,2,0,0,0,0,0,0,0,0,0,0,0,0,0,0,0,0,0,0,1,0
variable,strict_medallion,bioetl.infrastructure.config._base.Settings.strict_medallion,class,infrastructure,bioetl.infrastructure.config._base,src/bioetl/infrastructure/config/_base.py:331,331,336,6,0,0,1,DEAD,0,,1,docs/99-archive/reports/infrastructure_merged.md,False,,2,0,0,0,0,0,0,0,0,0,0,0,0,0,0,0,0,0,0,1,0
variable,json_encoder,bioetl.infrastructure.config._base.Settings.json_encoder,class,infrastructure,bioetl.infrastructure.config._base,src/bioetl/infrastructure/config/_base.py:360,360,363,4,0,0,0,DEAD,0,,0,,False,,1,0,0,0,0,0,0,0,0,0,0,0,0,0,0,0,0,0,0,0,0
method,settings_customise_sources,bioetl.infrastructure.config._base.Settings.settings_customise_sources,class,infrastructure,bioetl.infrastructure.config._base,src/bioetl/infrastructure/config/_base.py:409,409,436,28,0,0,1,DEAD,0,,1,docs/99-archive/reports/infrastructure_merged.md,False,,2,0,0,0,0,0,0,0,0,0,0,0,0,0,0,0,0,0,0,1,0
parameter,settings_cls,bioetl.infrastructure.config._base.Settings.settings_cls,method,infrastructure,bioetl.infrastructure.config._base,src/bioetl/infrastructure/config/_base.py:411,411,411,1,0,0,4,DEAD,0,,1,docs/99-archive/reports/infrastructure_merged.md,False,,8,0,0,0,0,0,0,0,0,0,0,0,0,0,0,0,0,0,0,4,0
parameter,init_settings,bioetl.infrastructure.config._base.Settings.init_settings,method,infrastructure,bioetl.infrastructure.config._base,src/bioetl/infrastructure/config/_base.py:412,412,412,1,0,0,3,DEAD,0,,1,docs/99-archive/reports/infrastructure_merged.md,False,,6,0,0,0,0,0,0,0,0,0,0,0,0,0,0,0,0,0,0,3,0
parameter,env_settings,bioetl.infrastructure.config._base.Settings.env_settings,method,infrastructure,bioetl.infrastructure.config._base,src/bioetl/infrastructure/config/_base.py:413,413,413,1,0,0,5,DEAD,0,,2,docs/99-archive/reports/infrastructure_merged.md;docs/99-archive/reports/project_structure.md,False,,8,0,2,0,2,0,0,2,0,0,0,0,0,0,2,2,0,2,2,3,0
parameter,dotenv_settings,bioetl.infrastructure.config._base.Settings.dotenv_settings,method,infrastructure,bioetl.infrastructure.config._base,src/bioetl/infrastructure/config/_base.py:414,414,414,1,0,0,3,DEAD,0,,1,docs/99-archive/reports/infrastructure_merged.md,False,,6,0,0,0,0,0,0,0,0,0,0,0,0,0,0,0,0,0,0,3,0
parameter,file_secret_settings,bioetl.infrastructure.config._base.Settings.file_secret_settings,method,infrastructure,bioetl.infrastructure.config._base,src/bioetl/infrastructure/config/_base.py:415,415,415,1,0,0,3,DEAD,0,,1,docs/99-archive/reports/infrastructure_merged.md,False,,6,0,0,0,0,0,0,0,0,0,0,0,0,0,0,0,0,0,0,3,0
parameter,list_concat_keys,bioetl.infrastructure.config.base_config_loader.BaseConfigLoader.list_concat_keys,method,infrastructure,bioetl.infrastructure.config.base_config_loader,src/bioetl/infrastructure/config/base_config_loader.py:90,90,90,1,0,0,4,DEAD,0,,1,docs/99-archive/reports/infrastructure_merged.md,False,,4,0,0,0,0,0,0,0,0,0,0,0,0,0,0,0,0,0,0,4,0
method,_merge_lists,bioetl.infrastructure.config.base_config_loader.BaseConfigLoader._merge_lists,class,infrastructure,bioetl.infrastructure.config.base_config_loader,src/bioetl/infrastructure/config/base_config_loader.py:125,125,153,29,0,0,2,DEAD,0,,1,docs/99-archive/reports/infrastructure_merged.md,False,,2,0,0,0,0,0,0,0,0,0,0,0,0,0,0,0,0,0,0,2,0
function,get_key,bioetl.infrastructure.config.dq_config_loader.DQConfigLoader._merge_validation_lists.get_key,method,infrastructure,bioetl.infrastructure.config.dq_config_loader,src/bioetl/infrastructure/config/dq_config_loader.py:205,205,208,4,0,0,3,DEAD,0,,1,docs/99-archive/reports/infrastructure_merged.md,False,,3,0,0,0,0,0,0,0,0,0,0,0,0,0,0,0,0,0,0,3,0
variable,result_map,bioetl.infrastructure.config.dq_config_loader.DQConfigLoader._merge_validation_lists.result_map,method,infrastructure,bioetl.infrastructure.config.dq_config_loader,src/bioetl/infrastructure/config/dq_config_loader.py:211,211,211,1,0,0,4,DEAD,0,,1,docs/99-archive/reports/infrastructure_merged.md,False,,4,0,0,0,0,0,0,0,0,0,0,0,0,0,0,0,0,0,0,4,0
function,_parse_config,bioetl.infrastructure.config.field_group_loader._parse_config,module,infrastructure,bioetl.infrastructure.config.field_group_loader,src/bioetl/infrastructure/config/field_group_loader.py:65,65,101,37,0,0,0,DEAD,0,,0,,False,,0,0,0,0,0,0,0,0,0,0,0,0,0,0,0,0,0,0,0,0,0
variable,raw_groups,bioetl.infrastructure.config.field_group_loader._parse_config.raw_groups,function,infrastructure,bioetl.infrastructure.config.field_group_loader,src/bioetl/infrastructure/config/field_group_loader.py:82,82,82,1,0,0,0,DEAD,0,,0,,False,,0,0,0,0,0,0,0,0,0,0,0,0,0,0,0,0,0,0,0,0,0
function,_parse_group,bioetl.infrastructure.config.field_group_loader._parse_group,module,infrastructure,bioetl.infrastructure.config.field_group_loader,src/bioetl/infrastructure/config/field_group_loader.py:104,104,143,40,0,0,0,DEAD,0,,0,,False,,0,0,0,0,0,0,0,0,0,0,0,0,0,0,0,0,0,0,0,0,0
parameter,raw_group,bioetl.infrastructure.config.field_group_loader.raw_group,function,infrastructure,bioetl.infrastructure.config.field_group_loader,src/bioetl/infrastructure/config/field_group_loader.py:104,104,104,1,0,0,0,DEAD,0,,0,,False,,0,0,0,0,0,0,0,0,0,0,0,0,0,0,0,0,0,0,0,0,0
variable,group_id_str,bioetl.infrastructure.config.field_group_loader._parse_group.group_id_str,function,infrastructure,bioetl.infrastructure.config.field_group_loader,src/bioetl/infrastructure/config/field_group_loader.py:118,118,118,1,0,0,0,DEAD,0,,0,,False,,0,0,0,0,0,0,0,0,0,0,0,0,0,0,0,0,0,0,0,0,0
variable,raw_fields,bioetl.infrastructure.config.field_group_loader._parse_group.raw_fields,function,infrastructure,bioetl.infrastructure.config.field_group_loader,src/bioetl/infrastructure/config/field_group_loader.py:126,126,126,1,0,0,0,DEAD,0,,0,,False,,0,0,0,0,0,0,0,0,0,0,0,0,0,0,0,0,0,0,0,0,0
function,_parse_field,bioetl.infrastructure.config.field_group_loader._parse_field,module,infrastructure,bioetl.infrastructure.config.field_group_loader,src/bioetl/infrastructure/config/field_group_loader.py:146,146,171,26,0,0,0,DEAD,0,,0,,False,,0,0,0,0,0,0,0,0,0,0,0,0,0,0,0,0,0,0,0,0,0
constant,_FILTER_CONCAT_KEYS,bioetl.infrastructure.config.filter_config_loader._FILTER_CONCAT_KEYS,module,infrastructure,bioetl.infrastructure.config.filter_config_loader,src/bioetl/infrastructure/config/filter_config_loader.py:23,23,23,1,0,0,2,DEAD,0,,1,docs/99-archive/reports/infrastructure_merged.md,False,,2,0,0,0,0,0,0,0,0,0,0,0,0,0,0,0,0,0,0,2,0
variable,domain_configs,bioetl.infrastructure.config.filter_config_loader.FilterConfigLoader.load.domain_configs,method,infrastructure,bioetl.infrastructure.config.filter_config_loader,src/bioetl/infrastructure/config/filter_config_loader.py:108,108,110,3,0,0,3,DEAD,0,,1,docs/99-archive/reports/infrastructure_merged.md,False,,3,0,0,0,0,0,0,0,0,0,0,0,0,0,0,0,0,0,0,3,0
variable,has_inline_rules,bioetl.infrastructure.config.pipeline_config_loader.ConfigLoader.resolve_dq_config.has_inline_rules,method,infrastructure,bioetl.infrastructure.config.pipeline_config_loader,src/bioetl/infrastructure/config/pipeline_config_loader.py:107,107,107,1,0,0,3,DEAD,0,,1,docs/99-archive/reports/infrastructure_merged.md,False,,6,0,0,0,0,0,0,0,0,0,0,0,0,0,0,0,0,0,0,3,0
method,_has_inline_dq_rules,bioetl.infrastructure.config.pipeline_config_loader.ConfigLoader._has_inline_dq_rules,class,infrastructure,bioetl.infrastructure.config.pipeline_config_loader,src/bioetl/infrastructure/config/pipeline_config_loader.py:134,134,157,24,0,0,2,DEAD,0,,1,docs/99-archive/reports/infrastructure_merged.md,False,,4,0,0,0,0,0,0,0,0,0,0,0,0,0,0,0,0,0,0,2,0
variable,has_validations,bioetl.infrastructure.config.pipeline_config_loader.ConfigLoader._has_inline_dq_rules.has_validations,method,infrastructure,bioetl.infrastructure.config.pipeline_config_loader,src/bioetl/infrastructure/config/pipeline_config_loader.py:146,146,150,5,0,0,2,DEAD,0,,1,docs/99-archive/reports/infrastructure_merged.md,False,,4,0,0,0,0,0,0,0,0,0,0,0,0,0,0,0,0,0,0,2,0
variable,has_custom_thresholds,bioetl.infrastructure.config.pipeline_config_loader.ConfigLoader._has_inline_dq_rules.has_custom_thresholds,method,infrastructure,bioetl.infrastructure.config.pipeline_config_loader,src/bioetl/infrastructure/config/pipeline_config_loader.py:153,153,155,3,0,0,2,DEAD,0,,1,docs/99-archive/reports/infrastructure_merged.md,False,,4,0,0,0,0,0,0,0,0,0,0,0,0,0,0,0,0,0,0,2,0
method,_field_validation_to_dict,bioetl.infrastructure.config.pipeline_config_loader.ConfigLoader._field_validation_to_dict,class,infrastructure,bioetl.infrastructure.config.pipeline_config_loader,src/bioetl/infrastructure/config/pipeline_config_loader.py:215,215,241,27,0,0,3,DEAD,0,,1,docs/99-archive/reports/infrastructure_merged.md,False,,6,0,0,0,0,0,0,0,0,0,0,0,0,0,0,0,0,0,0,3,0
method,_cross_field_validation_to_dict,bioetl.infrastructure.config.pipeline_config_loader.ConfigLoader._cross_field_validation_to_dict,class,infrastructure,bioetl.infrastructure.config.pipeline_config_loader,src/bioetl/infrastructure/config/pipeline_config_loader.py:243,243,265,23,0,0,2,DEAD,0,,1,docs/99-archive/reports/infrastructure_merged.md,False,,4,0,0,0,0,0,0,0,0,0,0,0,0,0,0,0,0,0,0,2,0
method,_conditional_validation_to_dict,bioetl.infrastructure.config.pipeline_config_loader.ConfigLoader._conditional_validation_to_dict,class,infrastructure,bioetl.infrastructure.config.pipeline_config_loader,src/bioetl/infrastructure/config/pipeline_config_loader.py:267,267,290,24,0,0,2,DEAD,0,,1,docs/99-archive/reports/infrastructure_merged.md,False,,4,0,0,0,0,0,0,0,0,0,0,0,0,0,0,0,0,0,0,2,0
function,_load_base_config,bioetl.infrastructure.config_loader._load_base_config,module,infrastructure,bioetl.infrastructure.config_loader,src/bioetl/infrastructure/config_loader.py:54,54,67,14,0,0,2,DEAD,0,,1,docs/99-archive/reports/infrastructure_merged.md,False,,4,0,0,0,0,0,0,0,0,0,0,0,0,0,0,0,0,0,0,2,0
function,_apply_file_reference_defaults,bioetl.infrastructure.config_loader._apply_file_reference_defaults,module,infrastructure,bioetl.infrastructure.config_loader,src/bioetl/infrastructure/config_loader.py:70,70,87,18,0,0,3,DEAD,0,,2,docs/99-archive/reports/config-audit/unification_plan.md;docs/99-archive/reports/infrastructure_merged.md,False,,4,0,0,0,0,0,0,1,0,0,0,1,0,0,1,0,0,0,0,2,0
function,_load_column_groups_config,bioetl.infrastructure.config_loader._load_column_groups_config,module,infrastructure,bioetl.infrastructure.config_loader,src/bioetl/infrastructure/config_loader.py:90,90,109,20,0,0,0,DEAD,0,,0,,False,,2,0,0,0,0,0,0,0,0,0,0,0,0,0,0,0,0,0,0,0,0
variable,column_groups_path,bioetl.infrastructure.config_loader._load_column_groups_config.column_groups_path,function,infrastructure,bioetl.infrastructure.config_loader,src/bioetl/infrastructure/config_loader.py:94,94,94,1,0,0,0,DEAD,0,,0,,False,,3,0,0,0,0,0,0,0,0,0,0,0,0,0,0,0,0,0,0,0,0
function,_load_data_schema_config,bioetl.infrastructure.config_loader._load_data_schema_config,module,infrastructure,bioetl.infrastructure.config_loader,src/bioetl/infrastructure/config_loader.py:112,112,148,37,0,0,0,DEAD,0,,0,,False,,2,0,0,0,0,0,0,0,0,0,0,0,0,0,0,0,0,0,0,0,0
function,_apply_layer_defaults,bioetl.infrastructure.config_loader._apply_layer_defaults,module,infrastructure,bioetl.infrastructure.config_loader,src/bioetl/infrastructure/config_loader.py:151,151,176,26,0,0,4,DEAD,0,,2,docs/99-archive/reports/config-audit/unification_plan.md;docs/99-archive/reports/infrastructure_merged.md,False,,4,0,0,0,0,0,0,2,0,0,0,2,0,0,2,0,0,0,0,2,0
variable,raw_config,bioetl.infrastructure.config_loader.load_source_config.raw_config,function,infrastructure,bioetl.infrastructure.config_loader,src/bioetl/infrastructure/config_loader.py:224,224,224,1,0,0,2,DEAD,0,,1,docs/99-archive/reports/infrastructure_merged.md,False,,4,0,0,0,0,0,0,0,0,0,0,0,0,0,0,0,0,0,0,2,0
function,_load_filter_config,bioetl.infrastructure.config_loader._load_filter_config,module,infrastructure,bioetl.infrastructure.config_loader,src/bioetl/infrastructure/config_loader.py:230,230,247,18,0,0,2,DEAD,0,,1,docs/99-archive/reports/infrastructure_merged.md,False,,4,0,0,0,0,0,0,0,0,0,0,0,0,0,0,0,0,0,0,2,0
variable,filter_path,bioetl.infrastructure.config_loader._load_filter_config.filter_path,function,infrastructure,bioetl.infrastructure.config_loader,src/bioetl/infrastructure/config_loader.py:242,242,242,1,0,0,3,DEAD,0,,1,docs/99-archive/reports/infrastructure_merged.md,False,,6,0,0,0,0,0,0,0,0,0,0,0,0,0,0,0,0,0,0,3,0
function,_merge_filter_config,bioetl.infrastructure.config_loader._merge_filter_config,module,infrastructure,bioetl.infrastructure.config_loader,src/bioetl/infrastructure/config_loader.py:250,250,306,57,0,0,4,DEAD,0,,2,docs/99-archive/reports/config-audit/unification_plan.md;docs/99-archive/reports/infrastructure_merged.md,False,,4,0,0,0,0,0,0,2,0,0,0,2,0,0,2,0,0,0,0,2,0
parameter,explicit_entity_config,bioetl.infrastructure.config_loader.explicit_entity_config,function,infrastructure,bioetl.infrastructure.config_loader,src/bioetl/infrastructure/config_loader.py:253,253,253,1,0,0,6,DEAD,0,,1,docs/99-archive/reports/infrastructure_merged.md,False,,14,0,0,0,0,0,0,0,0,0,0,0,0,0,0,0,0,0,0,6,0
variable,merged_input_filter,bioetl.infrastructure.config_loader._merge_filter_config.merged_input_filter,function,infrastructure,bioetl.infrastructure.config_loader,src/bioetl/infrastructure/config_loader.py:275,275,275,1,0,0,4,DEAD,0,,1,docs/99-archive/reports/infrastructure_merged.md,False,,8,0,0,0,0,0,0,0,0,0,0,0,0,0,0,0,0,0,0,4,0
variable,merged_gold_filters,bioetl.infrastructure.config_loader._merge_filter_config.merged_gold_filters,function,infrastructure,bioetl.infrastructure.config_loader,src/bioetl/infrastructure/config_loader.py:288,288,288,1,0,0,4,DEAD,0,,1,docs/99-archive/reports/infrastructure_merged.md,False,,8,0,0,0,0,0,0,0,0,0,0,0,0,0,0,0,0,0,0,4,0
variable,merged_extraction_params,bioetl.infrastructure.config_loader._merge_filter_config.merged_extraction_params,function,infrastructure,bioetl.infrastructure.config_loader,src/bioetl/infrastructure/config_loader.py:300,300,300,1,0,0,0,DEAD,0,,0,,False,,3,0,0,0,0,0,0,0,0,0,0,0,0,0,0,0,0,0,0,0,0
function,_load_column_groups_section,bioetl.infrastructure.config_loader._load_column_groups_section,module,infrastructure,bioetl.infrastructure.config_loader,src/bioetl/infrastructure/config_loader.py:309,309,335,27,0,0,0,DEAD,0,,0,,False,,2,0,0,0,0,0,0,0,0,0,0,0,0,0,0,0,0,0,0,0,0
function,_load_source_section,bioetl.infrastructure.config_loader._load_source_section,module,infrastructure,bioetl.infrastructure.config_loader,src/bioetl/infrastructure/config_loader.py:338,338,347,10,0,0,0,DEAD,0,,0,,False,,2,0,0,0,0,0,0,0,0,0,0,0,0,0,0,0,0,0,0,0,0
variable,files_to_delete,bioetl.infrastructure.export.csv_exporter.CsvExporter.clear.files_to_delete,method,infrastructure,bioetl.infrastructure.export.csv_exporter,src/bioetl/infrastructure/export/csv_exporter.py:76,76,76,1,0,0,4,DEAD,0,,1,docs/99-archive/reports/infrastructure_merged.md,False,,4,0,0,0,0,0,0,0,0,0,0,0,0,0,0,0,0,0,0,4,0
method,_is_complex_type,bioetl.infrastructure.export.csv_exporter.CsvExporter._is_complex_type,class,infrastructure,bioetl.infrastructure.export.csv_exporter,src/bioetl/infrastructure/export/csv_exporter.py:98,98,104,7,0,0,3,DEAD,0,,1,docs/99-archive/reports/infrastructure_merged.md,False,,3,0,0,0,0,0,0,0,0,0,0,0,0,0,0,0,0,0,0,3,0
method,_serialize_column_to_json,bioetl.infrastructure.export.csv_exporter.CsvExporter._serialize_column_to_json,class,infrastructure,bioetl.infrastructure.export.csv_exporter,src/bioetl/infrastructure/export/csv_exporter.py:107,107,112,6,0,0,2,DEAD,0,,1,docs/99-archive/reports/infrastructure_merged.md,False,,2,0,0,0,0,0,0,0,0,0,0,0,0,0,0,0,0,0,0,2,0
method,_sort_table,bioetl.infrastructure.export.csv_exporter.CsvExporter._sort_table,class,infrastructure,bioetl.infrastructure.export.csv_exporter,src/bioetl/infrastructure/export/csv_exporter.py:137,137,158,22,0,0,2,DEAD,0,,1,docs/99-archive/reports/infrastructure_merged.md,False,,2,0,0,0,0,0,0,0,0,0,0,0,0,0,0,0,0,0,0,2,0
method,_deduplicate,bioetl.infrastructure.export.csv_exporter.CsvExporter._deduplicate,class,infrastructure,bioetl.infrastructure.export.csv_exporter,src/bioetl/infrastructure/export/csv_exporter.py:160,160,207,48,0,0,2,DEAD,0,,1,docs/99-archive/reports/infrastructure_merged.md,False,,2,0,0,0,0,0,0,0,0,0,0,0,0,0,0,0,0,0,0,2,0
method,_atomic_csv_write,bioetl.infrastructure.export.csv_exporter.CsvExporter._atomic_csv_write,class,infrastructure,bioetl.infrastructure.export.csv_exporter,src/bioetl/infrastructure/export/csv_exporter.py:209,209,247,39,0,0,2,DEAD,0,,1,docs/99-archive/reports/infrastructure_merged.md,False,,2,0,0,0,0,0,0,0,0,0,0,0,0,0,0,0,0,0,0,2,0
variable,target_dir,bioetl.infrastructure.export.csv_exporter.CsvExporter._atomic_csv_write.target_dir,method,infrastructure,bioetl.infrastructure.export.csv_exporter,src/bioetl/infrastructure/export/csv_exporter.py:221,221,221,1,0,0,2,DEAD,0,,1,docs/99-archive/reports/infrastructure_merged.md,False,,2,0,0,0,0,0,0,0,0,0,0,0,0,0,0,0,0,0,0,2,0
variable,csv_full_path,bioetl.infrastructure.export.csv_exporter.CsvExporter.export.csv_full_path,method,infrastructure,bioetl.infrastructure.export.csv_exporter,src/bioetl/infrastructure/export/csv_exporter.py:270,270,270,1,0,0,6,DEAD,0,,1,docs/99-archive/reports/infrastructure_merged.md,False,,6,0,0,0,0,0,0,0,0,0,0,0,0,0,0,0,0,0,0,6,0
variable,csv_data,bioetl.infrastructure.export.csv_exporter.CsvExporter.export.csv_data,method,infrastructure,bioetl.infrastructure.export.csv_exporter,src/bioetl/infrastructure/export/csv_exporter.py:274,274,274,1,0,0,8,DEAD,0,,1,docs/99-archive/reports/infrastructure_merged.md,False,,8,0,0,0,0,0,0,0,0,0,0,0,0,0,0,0,0,0,0,8,0
method,_read_and_concat,bioetl.infrastructure.export.csv_exporter.CsvExporter._read_and_concat,class,infrastructure,bioetl.infrastructure.export.csv_exporter,src/bioetl/infrastructure/export/csv_exporter.py:311,311,327,17,0,0,3,DEAD,0,,1,docs/99-archive/reports/infrastructure_merged.md,False,,3,0,0,0,0,0,0,0,0,0,0,0,0,0,0,0,0,0,0,3,0
parameter,existing_path,bioetl.infrastructure.export.csv_exporter.CsvExporter.existing_path,method,infrastructure,bioetl.infrastructure.export.csv_exporter,src/bioetl/infrastructure/export/csv_exporter.py:311,311,311,1,0,0,2,DEAD,0,,1,docs/99-archive/reports/infrastructure_merged.md,False,,2,0,0,0,0,0,0,0,0,0,0,0,0,0,0,0,0,0,0,2,0
variable,parse_options,bioetl.infrastructure.export.csv_exporter.CsvExporter._read_and_concat.parse_options,method,infrastructure,bioetl.infrastructure.export.csv_exporter,src/bioetl/infrastructure/export/csv_exporter.py:313,313,313,1,0,0,3,DEAD,0,,1,docs/99-archive/reports/infrastructure_merged.md,False,,3,0,0,0,0,0,0,0,0,0,0,0,0,0,0,0,0,0,0,3,0
variable,column_types,bioetl.infrastructure.export.csv_exporter.CsvExporter._read_and_concat.column_types,method,infrastructure,bioetl.infrastructure.export.csv_exporter,src/bioetl/infrastructure/export/csv_exporter.py:315,315,315,1,0,0,3,DEAD,0,,1,docs/99-archive/reports/infrastructure_merged.md,False,,3,0,0,0,0,0,0,0,0,0,0,0,0,0,0,0,0,0,0,3,0
variable,convert_options,bioetl.infrastructure.export.csv_exporter.CsvExporter._read_and_concat.convert_options,method,infrastructure,bioetl.infrastructure.export.csv_exporter,src/bioetl/infrastructure/export/csv_exporter.py:316,316,316,1,0,0,3,DEAD,0,,1,docs/99-archive/reports/infrastructure_merged.md,False,,3,0,0,0,0,0,0,0,0,0,0,0,0,0,0,0,0,0,0,3,0
variable,existing_table,bioetl.infrastructure.export.csv_exporter.CsvExporter._read_and_concat.existing_table,method,infrastructure,bioetl.infrastructure.export.csv_exporter,src/bioetl/infrastructure/export/csv_exporter.py:319,319,323,5,0,0,2,DEAD,0,,1,docs/99-archive/reports/infrastructure_merged.md,False,,2,0,0,0,0,0,0,0,0,0,0,0,0,0,0,0,0,0,0,2,0
variable,source_dir,bioetl.infrastructure.export.dq_report_writer.DQReportWriter.write_bronze_report.source_dir,method,infrastructure,bioetl.infrastructure.export.dq_report_writer,src/bioetl/infrastructure/export/dq_report_writer.py:107,107,109,3,0,0,2,DEAD,0,,1,docs/99-archive/reports/infrastructure_merged.md,False,,4,0,0,0,0,0,0,0,0,0,0,0,0,0,0,0,0,0,0,2,0
method,_build_layer_filename,bioetl.infrastructure.export.dq_report_writer.DQReportWriter._build_layer_filename,class,infrastructure,bioetl.infrastructure.export.dq_report_writer,src/bioetl/infrastructure/export/dq_report_writer.py:118,118,145,28,0,0,6,DEAD,0,,3,docs/03-guides/file-path-audit-report.md;docs/99-archive/reports/documentation_merged.md;docs/99-archive/reports/infrastructure_merged.md,False,,6,2,2,2,2,2,2,2,2,2,0,2,2,0,2,2,2,2,2,4,2
variable,flat_table_name,bioetl.infrastructure.export.dq_report_writer.DQReportWriter._build_layer_filename.flat_table_name,method,infrastructure,bioetl.infrastructure.export.dq_report_writer,src/bioetl/infrastructure/export/dq_report_writer.py:143,143,143,1,0,0,2,DEAD,0,,1,docs/99-archive/reports/infrastructure_merged.md,False,,4,0,0,0,0,0,0,0,0,0,0,0,0,0,0,0,0,0,0,2,0
method,_resolve_layer_output_path,bioetl.infrastructure.export.dq_report_writer.DQReportWriter._resolve_layer_output_path,class,infrastructure,bioetl.infrastructure.export.dq_report_writer,src/bioetl/infrastructure/export/dq_report_writer.py:147,147,196,50,0,0,3,DEAD,0,,1,docs/99-archive/reports/infrastructure_merged.md,False,,6,0,0,0,0,0,0,0,0,0,0,0,0,0,0,0,0,0,0,3,0
method,_write_report,bioetl.infrastructure.export.dq_report_writer.DQReportWriter._write_report,class,infrastructure,bioetl.infrastructure.export.dq_report_writer,src/bioetl/infrastructure/export/dq_report_writer.py:266,266,305,40,0,0,4,DEAD,0,,1,docs/99-archive/reports/infrastructure_merged.md,False,,8,0,0,0,0,0,0,0,0,0,0,0,0,0,0,0,0,0,0,4,0
variable,content_bytes,bioetl.infrastructure.export.dq_report_writer.DQReportWriter._write_report.content_bytes,method,infrastructure,bioetl.infrastructure.export.dq_report_writer,src/bioetl/infrastructure/export/dq_report_writer.py:287,287,287,1,0,0,3,DEAD,0,,1,docs/99-archive/reports/infrastructure_merged.md,False,,6,0,0,0,0,0,0,0,0,0,0,0,0,0,0,0,0,0,0,3,0
method,_get_extension,bioetl.infrastructure.export.dq_report_writer.DQReportWriter._get_extension,class,infrastructure,bioetl.infrastructure.export.dq_report_writer,src/bioetl/infrastructure/export/dq_report_writer.py:307,307,314,8,0,0,4,DEAD,0,,1,docs/99-archive/reports/infrastructure_merged.md,False,,8,0,0,0,0,0,0,0,0,0,0,0,0,0,0,0,0,0,0,4,0
constant,_TTL_CHECK_INTERVAL,bioetl.infrastructure.locking.memory_lock._TTL_CHECK_INTERVAL,module,infrastructure,bioetl.infrastructure.locking.memory_lock,src/bioetl/infrastructure/locking/memory_lock.py:17,17,17,1,0,0,2,DEAD,0,,1,docs/99-archive/reports/infrastructure_merged.md,False,,2,0,0,0,0,0,0,0,0,0,0,0,0,0,0,0,0,0,0,2,0
method,_start_ttl_checker,bioetl.infrastructure.locking.memory_lock.MemoryLock._start_ttl_checker,class,infrastructure,bioetl.infrastructure.locking.memory_lock,src/bioetl/infrastructure/locking/memory_lock.py:42,42,45,4,0,0,2,DEAD,0,,1,docs/99-archive/reports/infrastructure_merged.md,False,,2,0,0,0,0,0,0,0,0,0,0,0,0,0,0,0,0,0,0,2,0
method,_ttl_checker_loop,bioetl.infrastructure.locking.memory_lock.MemoryLock._ttl_checker_loop,class,infrastructure,bioetl.infrastructure.locking.memory_lock,src/bioetl/infrastructure/locking/memory_lock.py:47,47,51,5,0,0,21,DEAD,0,,6,docs/00-project/agents/CLAUDE.md;docs/02-architecture/decisions/ADR-003-in-memory-locking-strategy.md;docs/02-architecture/decisions/ADR-010-local-only-deployment.md;docs/99-archive/refactoring-plan.md;docs/99-archive/reports/documentation_merged.md;docs/99-archive/reports/infrastructure_merged.md,False,,17,14,14,14,14,14,14,14,14,14,0,14,14,0,14,14,14,14,14,16,14
method,_release_expired_locks,bioetl.infrastructure.locking.memory_lock.MemoryLock._release_expired_locks,class,infrastructure,bioetl.infrastructure.locking.memory_lock,src/bioetl/infrastructure/locking/memory_lock.py:53,53,68,16,0,0,5,DEAD,0,,3,docs/99-archive/refactoring-plan.md;docs/99-archive/reports/documentation_merged.md;docs/99-archive/reports/infrastructure_merged.md,False,,4,2,2,2,2,2,2,2,2,2,0,2,2,0,2,2,2,2,2,4,2
variable,expired_keys,bioetl.infrastructure.locking.memory_lock.MemoryLock._release_expired_locks.expired_keys,method,infrastructure,bioetl.infrastructure.locking.memory_lock,src/bioetl/infrastructure/locking/memory_lock.py:57,57,63,7,0,0,2,DEAD,0,,1,docs/99-archive/reports/infrastructure_merged.md,False,,2,0,0,0,0,0,0,0,0,0,0,0,0,0,0,0,0,0,0,2,0
method,_try_acquire,bioetl.infrastructure.locking.memory_lock.MemoryLock._try_acquire,class,infrastructure,bioetl.infrastructure.locking.memory_lock,src/bioetl/infrastructure/locking/memory_lock.py:70,70,119,50,0,0,3,DEAD,0,,1,docs/99-archive/reports/infrastructure_merged.md,False,,3,0,0,0,0,0,0,0,0,0,0,0,0,0,0,0,0,0,0,3,0
variable,_existing_owner,bioetl.infrastructure.locking.memory_lock.MemoryLock._try_acquire._existing_owner,method,infrastructure,bioetl.infrastructure.locking.memory_lock,src/bioetl/infrastructure/locking/memory_lock.py:89,89,89,1,0,0,1,DEAD,0,,1,docs/99-archive/reports/infrastructure_merged.md,False,,1,0,0,0,0,0,0,0,0,0,0,0,0,0,0,0,0,0,0,1,0
variable,expires_at,bioetl.infrastructure.locking.memory_lock.MemoryLock._try_acquire.expires_at,method,infrastructure,bioetl.infrastructure.locking.memory_lock,src/bioetl/infrastructure/locking/memory_lock.py:95,95,95,1,0,0,14,DEAD,0,,2,docs/99-archive/reports/documentation_merged.md;docs/99-archive/reports/infrastructure_merged.md,False,,14,3,3,3,3,3,3,3,3,3,0,3,3,0,3,3,3,3,3,14,3
variable,existing_owner,bioetl.infrastructure.locking.memory_lock.MemoryLock.release.existing_owner,method,infrastructure,bioetl.infrastructure.locking.memory_lock,src/bioetl/infrastructure/locking/memory_lock.py:188,188,188,1,0,0,7,DEAD,0,,1,docs/99-archive/reports/infrastructure_merged.md,False,,7,0,0,0,0,0,0,0,0,0,0,0,0,0,0,0,0,0,0,7,0
variable,existing_owner,bioetl.infrastructure.locking.memory_lock.MemoryLock.heartbeat.existing_owner,method,infrastructure,bioetl.infrastructure.locking.memory_lock,src/bioetl/infrastructure/locking/memory_lock.py:217,217,217,1,0,0,7,DEAD,0,,1,docs/99-archive/reports/infrastructure_merged.md,False,,7,0,0,0,0,0,0,0,0,0,0,0,0,0,0,0,0,0,0,7,0
variable,original_ttl,bioetl.infrastructure.locking.memory_lock.MemoryLock.heartbeat.original_ttl,method,infrastructure,bioetl.infrastructure.locking.memory_lock,src/bioetl/infrastructure/locking/memory_lock.py:217,217,217,1,0,0,8,DEAD,0,,3,docs/02-architecture/decisions/ADR-010-local-only-deployment.md;docs/99-archive/reports/documentation_merged.md;docs/99-archive/reports/infrastructure_merged.md,False,,7,2,2,2,2,2,2,2,2,2,0,2,2,0,2,2,2,2,2,7,2
variable,new_expires_at,bioetl.infrastructure.locking.memory_lock.MemoryLock.heartbeat.new_expires_at,method,infrastructure,bioetl.infrastructure.locking.memory_lock,src/bioetl/infrastructure/locking/memory_lock.py:223,223,223,1,0,0,2,DEAD,0,,1,docs/99-archive/reports/infrastructure_merged.md,False,,2,0,0,0,0,0,0,0,0,0,0,0,0,0,0,0,0,0,0,2,0
variable,existing_owner,bioetl.infrastructure.locking.memory_lock.MemoryLock.validate_owner.existing_owner,method,infrastructure,bioetl.infrastructure.locking.memory_lock,src/bioetl/infrastructure/locking/memory_lock.py:255,255,255,1,0,0,7,DEAD,0,,1,docs/99-archive/reports/infrastructure_merged.md,False,,7,0,0,0,0,0,0,0,0,0,0,0,0,0,0,0,0,0,0,7,0
variable,expires_at,bioetl.infrastructure.locking.memory_lock.MemoryLock.validate_owner.expires_at,method,infrastructure,bioetl.infrastructure.locking.memory_lock,src/bioetl/infrastructure/locking/memory_lock.py:255,255,255,1,0,0,14,DEAD,0,,2,docs/99-archive/reports/documentation_merged.md;docs/99-archive/reports/infrastructure_merged.md,False,,14,3,3,3,3,3,3,3,3,3,0,3,3,0,3,3,3,3,3,14,3
variable,existing_owner,bioetl.infrastructure.locking.memory_lock.MemoryLock.validate_fencing_token.existing_owner,method,infrastructure,bioetl.infrastructure.locking.memory_lock,src/bioetl/infrastructure/locking/memory_lock.py:281,281,281,1,0,0,7,DEAD,0,,1,docs/99-archive/reports/infrastructure_merged.md,False,,7,0,0,0,0,0,0,0,0,0,0,0,0,0,0,0,0,0,0,7,0
variable,expires_at,bioetl.infrastructure.locking.memory_lock.MemoryLock.validate_fencing_token.expires_at,method,infrastructure,bioetl.infrastructure.locking.memory_lock,src/bioetl/infrastructure/locking/memory_lock.py:281,281,281,1,0,0,14,DEAD,0,,2,docs/99-archive/reports/documentation_merged.md;docs/99-archive/reports/infrastructure_merged.md,False,,14,3,3,3,3,3,3,3,3,3,0,3,3,0,3,3,3,3,3,14,3
method,_check_thresholds,bioetl.infrastructure.observability.anomaly.detector.AnomalyDetector._check_thresholds,class,infrastructure,bioetl.infrastructure.observability.anomaly.detector,src/bioetl/infrastructure/observability/anomaly/detector.py:120,120,135,16,0,0,2,DEAD,0,,1,docs/99-archive/reports/infrastructure_merged.md,False,,2,0,0,0,0,0,0,0,0,0,0,0,0,0,0,0,0,0,0,2,0
method,_create_threshold_anomaly,bioetl.infrastructure.observability.anomaly.detector.AnomalyDetector._create_threshold_anomaly,class,infrastructure,bioetl.infrastructure.observability.anomaly.detector,src/bioetl/infrastructure/observability/anomaly/detector.py:137,137,172,36,0,0,2,DEAD,0,,1,docs/99-archive/reports/infrastructure_merged.md,False,,2,0,0,0,0,0,0,0,0,0,0,0,0,0,0,0,0,0,0,2,0
variable,critical_anomalies,bioetl.infrastructure.observability.anomaly.monitor.DataQualityMonitor.update_baseline_from_metrics.critical_anomalies,method,infrastructure,bioetl.infrastructure.observability.anomaly.monitor,src/bioetl/infrastructure/observability/anomaly/monitor.py:108,108,110,3,0,0,5,DEAD,0,,2,docs/99-archive/reports/documentation_merged.md;docs/99-archive/reports/infrastructure_merged.md,False,,5,2,2,2,2,2,2,2,2,2,0,2,2,0,2,2,2,2,2,5,2
constant,LOGGING_API,bioetl.infrastructure.observability.logging.LOGGING_API,module,infrastructure,bioetl.infrastructure.observability.logging,src/bioetl/infrastructure/observability/logging.py:52,52,52,1,0,0,0,DEAD,0,,0,,False,,0,0,0,0,0,0,0,0,0,0,0,0,0,0,0,0,0,0,0,0,0
variable,_config_lock,bioetl.infrastructure.observability.logging_config._config_lock,module,infrastructure,bioetl.infrastructure.observability.logging_config,src/bioetl/infrastructure/observability/logging_config.py:32,32,32,1,0,0,5,DEAD,0,,2,docs/99-archive/reports/infrastructure_merged.md;docs/audits/architecture-audit-2026-02-10.md,False,,4,0,0,0,0,0,0,0,0,0,0,0,0,0,0,0,0,0,0,4,0
variable,_configured,bioetl.infrastructure.observability.logging_config._configured,module,infrastructure,bioetl.infrastructure.observability.logging_config,src/bioetl/infrastructure/observability/logging_config.py:33,33,33,1,0,0,7,DEAD,0,,1,docs/99-archive/reports/infrastructure_merged.md,False,,7,0,0,0,0,0,0,0,0,0,0,0,0,0,0,0,0,0,0,7,0
variable,_current_format,bioetl.infrastructure.observability.logging_config._current_format,module,infrastructure,bioetl.infrastructure.observability.logging_config,src/bioetl/infrastructure/observability/logging_config.py:34,34,34,1,0,0,6,DEAD,0,,1,docs/99-archive/reports/infrastructure_merged.md,False,,6,0,0,0,0,0,0,0,0,0,0,0,0,0,0,0,0,0,0,6,0
constant,_SECRET_PATTERNS,bioetl.infrastructure.observability.logging_config._SECRET_PATTERNS,module,infrastructure,bioetl.infrastructure.observability.logging_config,src/bioetl/infrastructure/observability/logging_config.py:38,38,73,36,0,0,2,DEAD,0,,1,docs/99-archive/reports/infrastructure_merged.md,False,,2,0,0,0,0,0,0,0,0,0,0,0,0,0,0,0,0,0,0,2,0
parameter,_method_name,bioetl.infrastructure.observability.logging_config._method_name,function,infrastructure,bioetl.infrastructure.observability.logging_config,src/bioetl/infrastructure/observability/logging_config.py:97,97,97,1,0,0,2,DEAD,0,,1,docs/99-archive/reports/infrastructure_merged.md,False,,2,0,0,0,0,0,0,0,0,0,0,0,0,0,0,0,0,0,0,2,0
variable,processors,bioetl.infrastructure.observability.logging_config.configure_logging.processors,function,infrastructure,bioetl.infrastructure.observability.logging_config,src/bioetl/infrastructure/observability/logging_config.py:157,157,166,10,0,0,25,DEAD,0,,3,docs/99-archive/reports/documentation_merged.md;docs/99-archive/reports/infrastructure_merged.md;docs/99-archive/reports/project_structure.md,False,,25,1,5,1,5,1,1,5,1,1,0,1,1,0,5,5,1,5,5,21,1
variable,_configured,bioetl.infrastructure.observability.logging_config.configure_logging._configured,function,infrastructure,bioetl.infrastructure.observability.logging_config,src/bioetl/infrastructure/observability/logging_config.py:188,188,188,1,0,0,7,DEAD,0,,1,docs/99-archive/reports/infrastructure_merged.md,False,,7,0,0,0,0,0,0,0,0,0,0,0,0,0,0,0,0,0,0,7,0
variable,_current_format,bioetl.infrastructure.observability.logging_config.configure_logging._current_format,function,infrastructure,bioetl.infrastructure.observability.logging_config,src/bioetl/infrastructure/observability/logging_config.py:189,189,189,1,0,0,6,DEAD,0,,1,docs/99-archive/reports/infrastructure_merged.md,False,,6,0,0,0,0,0,0,0,0,0,0,0,0,0,0,0,0,0,0,6,0
variable,_configured,bioetl.infrastructure.observability.logging_config.reset_logging_config._configured,function,infrastructure,bioetl.infrastructure.observability.logging_config,src/bioetl/infrastructure/observability/logging_config.py:212,212,212,1,0,0,7,DEAD,0,,1,docs/99-archive/reports/infrastructure_merged.md,False,,7,0,0,0,0,0,0,0,0,0,0,0,0,0,0,0,0,0,0,7,0
variable,_current_format,bioetl.infrastructure.observability.logging_config.reset_logging_config._current_format,function,infrastructure,bioetl.infrastructure.observability.logging_config,src/bioetl/infrastructure/observability/logging_config.py:213,213,213,1,0,0,6,DEAD,0,,1,docs/99-archive/reports/infrastructure_merged.md,False,,6,0,0,0,0,0,0,0,0,0,0,0,0,0,0,0,0,0,0,6,0
constant,METRICS_COLLECTOR,bioetl.infrastructure.observability.metrics.METRICS_COLLECTOR,module,infrastructure,bioetl.infrastructure.observability.metrics,src/bioetl/infrastructure/observability/metrics.py:221,221,221,1,0,0,0,DEAD,0,,0,,False,,0,0,0,0,0,0,0,0,0,0,0,0,0,0,0,0,0,0,0,0,0
constant,_SERVER_LOCK,bioetl.infrastructure.observability.server._SERVER_LOCK,module,infrastructure,bioetl.infrastructure.observability.server,src/bioetl/infrastructure/observability/server.py:19,19,19,1,0,0,3,DEAD,0,,1,docs/99-archive/reports/infrastructure_merged.md,False,,3,0,0,0,0,0,0,0,0,0,0,0,0,0,0,0,0,0,0,3,0
function,_handle_port_in_use,bioetl.infrastructure.observability.server._handle_port_in_use,module,infrastructure,bioetl.infrastructure.observability.server,src/bioetl/infrastructure/observability/server.py:25,25,43,19,0,0,2,DEAD,0,,1,docs/99-archive/reports/infrastructure_merged.md,False,,2,0,0,0,0,0,0,0,0,0,0,0,0,0,0,0,0,0,0,2,0
function,_handle_os_error,bioetl.infrastructure.observability.server._handle_os_error,module,infrastructure,bioetl.infrastructure.observability.server,src/bioetl/infrastructure/observability/server.py:46,46,58,13,0,0,2,DEAD,0,,1,docs/99-archive/reports/infrastructure_merged.md,False,,2,0,0,0,0,0,0,0,0,0,0,0,0,0,0,0,0,0,0,2,0
function,_handle_unexpected_error,bioetl.infrastructure.observability.server._handle_unexpected_error,module,infrastructure,bioetl.infrastructure.observability.server,src/bioetl/infrastructure/observability/server.py:61,61,74,14,0,0,2,DEAD,0,,1,docs/99-archive/reports/infrastructure_merged.md,False,,2,0,0,0,0,0,0,0,0,0,0,0,0,0,0,0,0,0,0,2,0
constant,_DEFAULT_STAGE,bioetl.infrastructure.observability.unified_logger._DEFAULT_STAGE,module,infrastructure,bioetl.infrastructure.observability.unified_logger,src/bioetl/infrastructure/observability/unified_logger.py:48,48,48,1,0,0,2,DEAD,0,,1,docs/99-archive/reports/infrastructure_merged.md,False,,4,0,0,0,0,0,0,0,0,0,0,0,0,0,0,0,0,0,0,2,0
method,_ensure_stage,bioetl.infrastructure.observability.unified_logger.UnifiedLogger._ensure_stage,class,infrastructure,bioetl.infrastructure.observability.unified_logger,src/bioetl/infrastructure/observability/unified_logger.py:122,122,135,14,0,0,6,DEAD,0,,1,docs/99-archive/reports/infrastructure_merged.md,False,,12,0,0,0,0,0,0,0,0,0,0,0,0,0,0,0,0,0,0,6,0
variable,status_filter,bioetl.infrastructure.quarantine.operations.inspect_records.status_filter,function,infrastructure,bioetl.infrastructure.quarantine.operations,src/bioetl/infrastructure/quarantine/operations.py:38,38,38,1,0,0,2,DEAD,0,,1,docs/99-archive/reports/infrastructure_merged.md,False,,2,0,0,0,0,0,0,0,0,0,0,0,0,0,0,0,0,0,0,2,0
variable,filtered_table,bioetl.infrastructure.quarantine.operations.inspect_records.filtered_table,function,infrastructure,bioetl.infrastructure.quarantine.operations,src/bioetl/infrastructure/quarantine/operations.py:45,45,45,1,0,0,10,DEAD,0,,1,docs/99-archive/reports/infrastructure_merged.md,False,,10,0,0,0,0,0,0,0,0,0,0,0,0,0,0,0,0,0,0,10,0
variable,filtered_table,bioetl.infrastructure.quarantine.operations.replay_records.filtered_table,function,infrastructure,bioetl.infrastructure.quarantine.operations,src/bioetl/infrastructure/quarantine/operations.py:97,97,97,1,0,0,10,DEAD,0,,1,docs/99-archive/reports/infrastructure_merged.md,False,,10,0,0,0,0,0,0,0,0,0,0,0,0,0,0,0,0,0,0,10,0
variable,empty_stats,bioetl.infrastructure.quarantine.operations.get_statistics.empty_stats,function,infrastructure,bioetl.infrastructure.quarantine.operations,src/bioetl/infrastructure/quarantine/operations.py:112,112,118,7,0,0,3,DEAD,0,,1,docs/99-archive/reports/infrastructure_merged.md,False,,3,0,0,0,0,0,0,0,0,0,0,0,0,0,0,0,0,0,0,3,0
variable,df_pandas,bioetl.infrastructure.quarantine.operations.get_statistics.df_pandas,function,infrastructure,bioetl.infrastructure.quarantine.operations,src/bioetl/infrastructure/quarantine/operations.py:141,141,141,1,0,0,3,DEAD,0,,1,docs/99-archive/reports/infrastructure_merged.md,False,,3,0,0,0,0,0,0,0,0,0,0,0,0,0,0,0,0,0,0,3,0
variable,count_before,bioetl.infrastructure.quarantine.operations.purge_records.count_before,function,infrastructure,bioetl.infrastructure.quarantine.operations,src/bioetl/infrastructure/quarantine/operations.py:191,191,191,1,0,0,3,DEAD,0,,1,docs/99-archive/reports/infrastructure_merged.md,False,,3,0,0,0,0,0,0,0,0,0,0,0,0,0,0,0,0,0,0,3,0
method,_write_to_delta,bioetl.infrastructure.quarantine.unified.UnifiedQuarantine._write_to_delta,class,infrastructure,bioetl.infrastructure.quarantine.unified,src/bioetl/infrastructure/quarantine/unified.py:108,108,130,23,0,0,2,DEAD,0,,1,docs/99-archive/reports/infrastructure_merged.md,False,,2,0,0,0,0,0,0,0,0,0,0,0,0,0,0,0,0,0,0,2,0
variable,arrow_reader,bioetl.infrastructure.quarantine.unified.UnifiedQuarantine._write_to_delta.arrow_reader,method,infrastructure,bioetl.infrastructure.quarantine.unified,src/bioetl/infrastructure/quarantine/unified.py:111,111,113,3,0,0,4,DEAD,0,,1,docs/99-archive/reports/infrastructure_merged.md,False,,4,0,0,0,0,0,0,0,0,0,0,0,0,0,0,0,0,0,0,4,0
class,AggregationFieldSchema,bioetl.infrastructure.schemas.composite_config.AggregationFieldSchema,module,infrastructure,bioetl.infrastructure.schemas.composite_config,src/bioetl/infrastructure/schemas/composite_config.py:42,42,73,32,0,0,3,DEAD,0,,1,docs/99-archive/reports/infrastructure_merged.md,True,Port/Schema/Protocol contract,3,0,0,0,0,0,0,0,0,0,0,0,0,0,0,0,0,0,0,3,0
class,AggregationSchema,bioetl.infrastructure.schemas.composite_config.AggregationSchema,module,infrastructure,bioetl.infrastructure.schemas.composite_config,src/bioetl/infrastructure/schemas/composite_config.py:76,76,94,19,0,0,3,DEAD,0,,1,docs/99-archive/reports/infrastructure_merged.md,True,Port/Schema/Protocol contract,3,0,0,0,0,0,0,0,0,0,0,0,0,0,0,0,0,0,0,3,0
method,validate_output_keys_not_empty,bioetl.infrastructure.schemas.composite_config.SeedSchema.validate_output_keys_not_empty,class,infrastructure,bioetl.infrastructure.schemas.composite_config,src/bioetl/infrastructure/schemas/composite_config.py:113,113,120,8,0,0,1,DEAD,0,,1,docs/99-archive/reports/infrastructure_merged.md,False,,1,0,0,0,0,0,0,0,0,0,0,0,0,0,0,0,0,0,0,1,0
method,validate_join_keys_not_empty,bioetl.infrastructure.schemas.composite_config.DependencySchema.validate_join_keys_not_empty,class,infrastructure,bioetl.infrastructure.schemas.composite_config,src/bioetl/infrastructure/schemas/composite_config.py:195,195,202,8,0,0,2,DEAD,0,,1,docs/99-archive/reports/infrastructure_merged.md,False,,2,0,0,0,0,0,0,0,0,0,0,0,0,0,0,0,0,0,0,2,0
method,validate_filter_fields_exclusive,bioetl.infrastructure.schemas.composite_config.DependencySchema.validate_filter_fields_exclusive,class,infrastructure,bioetl.infrastructure.schemas.composite_config,src/bioetl/infrastructure/schemas/composite_config.py:205,205,212,8,0,0,0,DEAD,0,,0,,False,,0,0,0,0,0,0,0,0,0,0,0,0,0,0,0,0,0,0,0,0,0
method,validate_join_keys_not_empty,bioetl.infrastructure.schemas.composite_config.EnricherSchema.validate_join_keys_not_empty,class,infrastructure,bioetl.infrastructure.schemas.composite_config,src/bioetl/infrastructure/schemas/composite_config.py:267,267,274,8,0,0,2,DEAD,0,,1,docs/99-archive/reports/infrastructure_merged.md,False,,2,0,0,0,0,0,0,0,0,0,0,0,0,0,0,0,0,0,0,2,0
method,validate_aggregation_required,bioetl.infrastructure.schemas.composite_config.EnricherSchema.validate_aggregation_required,class,infrastructure,bioetl.infrastructure.schemas.composite_config,src/bioetl/infrastructure/schemas/composite_config.py:277,277,284,8,0,0,1,DEAD,0,,1,docs/99-archive/reports/infrastructure_merged.md,False,,1,0,0,0,0,0,0,0,0,0,0,0,0,0,0,0,0,0,0,1,0
method,validate_fields_or_pattern,bioetl.infrastructure.schemas.composite_config.ColumnGroupSchema.validate_fields_or_pattern,class,infrastructure,bioetl.infrastructure.schemas.composite_config,src/bioetl/infrastructure/schemas/composite_config.py:334,334,340,7,0,0,0,DEAD,0,,0,,False,,0,0,0,0,0,0,0,0,0,0,0,0,0,0,0,0,0,0,0,0,0
method,validate_explicit_rules_requires_priorities,bioetl.infrastructure.schemas.composite_config.MergeSchema.validate_explicit_rules_requires_priorities,class,infrastructure,bioetl.infrastructure.schemas.composite_config,src/bioetl/infrastructure/schemas/composite_config.py:383,383,389,7,0,0,1,DEAD,0,,1,docs/99-archive/reports/infrastructure_merged.md,False,,1,0,0,0,0,0,0,0,0,0,0,0,0,0,0,0,0,0,0,1,0
variable,field_priorities_tuples,bioetl.infrastructure.schemas.composite_config.MergeSchema.to_domain.field_priorities_tuples,method,infrastructure,bioetl.infrastructure.schemas.composite_config,src/bioetl/infrastructure/schemas/composite_config.py:393,393,395,3,0,0,2,DEAD,0,,1,docs/99-archive/reports/infrastructure_merged.md,False,,2,0,0,0,0,0,0,0,0,0,0,0,0,0,0,0,0,0,0,2,0
variable,column_groups_domain,bioetl.infrastructure.schemas.composite_config.MergeSchema.to_domain.column_groups_domain,method,infrastructure,bioetl.infrastructure.schemas.composite_config,src/bioetl/infrastructure/schemas/composite_config.py:397,397,405,9,0,0,0,DEAD,0,,0,,False,,0,0,0,0,0,0,0,0,0,0,0,0,0,0,0,0,0,0,0,0,0
method,validate_threshold_order,bioetl.infrastructure.schemas.composite_config.DQOverrideSchema.validate_threshold_order,class,infrastructure,bioetl.infrastructure.schemas.composite_config,src/bioetl/infrastructure/schemas/composite_config.py:432,432,442,11,0,0,2,DEAD,0,,1,docs/99-archive/reports/infrastructure_merged.md,False,,2,0,0,0,0,0,0,0,0,0,0,0,0,0,0,0,0,0,0,2,0
method,validate_threshold_order,bioetl.infrastructure.schemas.composite_config.CompositeDQSchema.validate_threshold_order,class,infrastructure,bioetl.infrastructure.schemas.composite_config,src/bioetl/infrastructure/schemas/composite_config.py:469,469,476,8,0,0,2,DEAD,0,,1,docs/99-archive/reports/infrastructure_merged.md,False,,2,0,0,0,0,0,0,0,0,0,0,0,0,0,0,0,0,0,0,2,0
variable,backoff_multiplier,bioetl.infrastructure.schemas.composite_config.RetrySchema.backoff_multiplier,class,infrastructure,bioetl.infrastructure.schemas.composite_config,src/bioetl/infrastructure/schemas/composite_config.py:498,498,500,3,0,0,7,DEAD,0,,4,docs/02-architecture/decisions/ADR-026-composite-pipeline-pattern.md;docs/99-archive/reports/configs_merged.md;docs/99-archive/reports/documentation_merged.md;docs/99-archive/reports/infrastructure_merged.md,False,,7,4,4,4,4,4,5,5,4,4,0,5,5,0,5,5,5,5,5,7,4
method,validate_has_enrichers_or_dependencies,bioetl.infrastructure.schemas.composite_config.CompositeConfigSchema.validate_has_enrichers_or_dependencies,class,infrastructure,bioetl.infrastructure.schemas.composite_config,src/bioetl/infrastructure/schemas/composite_config.py:581,581,585,5,0,0,0,DEAD,0,,0,,False,,0,0,0,0,0,0,0,0,0,0,0,0,0,0,0,0,0,0,0,0,0
method,validate_enricher_join_keys,bioetl.infrastructure.schemas.composite_config.CompositeConfigSchema.validate_enricher_join_keys,class,infrastructure,bioetl.infrastructure.schemas.composite_config,src/bioetl/infrastructure/schemas/composite_config.py:588,588,600,13,0,0,1,DEAD,0,,1,docs/99-archive/reports/infrastructure_merged.md,False,,1,0,0,0,0,0,0,0,0,0,0,0,0,0,0,0,0,0,0,1,0
method,validate_dependency_join_keys,bioetl.infrastructure.schemas.composite_config.CompositeConfigSchema.validate_dependency_join_keys,class,infrastructure,bioetl.infrastructure.schemas.composite_config,src/bioetl/infrastructure/schemas/composite_config.py:603,603,621,19,0,0,1,DEAD,0,,1,docs/99-archive/reports/infrastructure_merged.md,False,,1,0,0,0,0,0,0,0,0,0,0,0,0,0,0,0,0,0,0,1,0
method,validate_unique_enricher_names,bioetl.infrastructure.schemas.composite_config.CompositeConfigSchema.validate_unique_enricher_names,class,infrastructure,bioetl.infrastructure.schemas.composite_config,src/bioetl/infrastructure/schemas/composite_config.py:624,624,632,9,0,0,1,DEAD,0,,1,docs/99-archive/reports/infrastructure_merged.md,False,,1,0,0,0,0,0,0,0,0,0,0,0,0,0,0,0,0,0,0,1,0
method,validate_unique_dependency_names,bioetl.infrastructure.schemas.composite_config.CompositeConfigSchema.validate_unique_dependency_names,class,infrastructure,bioetl.infrastructure.schemas.composite_config,src/bioetl/infrastructure/schemas/composite_config.py:635,635,641,7,0,0,1,DEAD,0,,1,docs/99-archive/reports/infrastructure_merged.md,False,,1,0,0,0,0,0,0,0,0,0,0,0,0,0,0,0,0,0,0,1,0
method,validate_order,bioetl.infrastructure.schemas.dq_config.ThresholdsConfig.validate_order,class,infrastructure,bioetl.infrastructure.schemas.dq_config,src/bioetl/infrastructure/schemas/dq_config.py:71,71,81,11,0,0,3,DEAD,0,,3,docs/02-architecture/decisions/ADR-027-dq-rules-externalization.md;docs/99-archive/reports/documentation_merged.md;docs/99-archive/reports/infrastructure_merged.md,False,,3,1,1,1,1,1,1,1,1,1,0,1,1,0,1,1,1,1,1,2,1
variable,all_field_validations,bioetl.infrastructure.schemas.dq_config.DQConfigFile.to_domain.all_field_validations,method,infrastructure,bioetl.infrastructure.schemas.dq_config,src/bioetl/infrastructure/schemas/dq_config.py:200,200,204,5,0,0,2,DEAD,0,,1,docs/99-archive/reports/infrastructure_merged.md,False,,2,0,0,0,0,0,0,0,0,0,0,0,0,0,0,0,0,0,0,2,0
variable,all_cross_field_validations,bioetl.infrastructure.schemas.dq_config.DQConfigFile.to_domain.all_cross_field_validations,method,infrastructure,bioetl.infrastructure.schemas.dq_config,src/bioetl/infrastructure/schemas/dq_config.py:223,223,225,3,0,0,2,DEAD,0,,1,docs/99-archive/reports/infrastructure_merged.md,False,,2,0,0,0,0,0,0,0,0,0,0,0,0,0,0,0,0,0,0,2,0
class,SilverFiltersFileConfig,bioetl.infrastructure.schemas.filter_config.SilverFiltersFileConfig,module,infrastructure,bioetl.infrastructure.schemas.filter_config,src/bioetl/infrastructure/schemas/filter_config.py:87,87,108,22,0,0,0,DEAD,0,,0,,False,,0,0,0,0,0,0,0,0,0,0,0,0,0,0,0,0,0,0,0,0,0
method,validate_extraction_params,bioetl.infrastructure.schemas.filter_config.FilterConfigFile.validate_extraction_params,class,infrastructure,bioetl.infrastructure.schemas.filter_config,src/bioetl/infrastructure/schemas/filter_config.py:185,185,200,16,0,0,0,DEAD,0,,0,,False,,0,0,0,0,0,0,0,0,0,0,0,0,0,0,0,0,0,0,0,0,0
class,CsvExportConfig,bioetl.infrastructure.schemas.pipeline_config.CsvExportConfig,module,infrastructure,bioetl.infrastructure.schemas.pipeline_config,src/bioetl/infrastructure/schemas/pipeline_config.py:302,302,309,8,0,0,5,DEAD,0,,1,docs/99-archive/reports/infrastructure_merged.md,False,,5,0,0,0,0,0,0,0,0,0,0,0,0,0,0,0,0,0,0,5,0
class,RateLimitSourceConfig,bioetl.infrastructure.schemas.pipeline_config.RateLimitSourceConfig,module,infrastructure,bioetl.infrastructure.schemas.pipeline_config,src/bioetl/infrastructure/schemas/pipeline_config.py:379,379,386,8,0,0,5,DEAD,0,,3,docs/03-guides/development/config-schema-guidelines.md;docs/99-archive/reports/documentation_merged.md;docs/99-archive/reports/infrastructure_merged.md,False,,4,1,1,1,1,1,1,1,1,1,0,1,1,0,1,1,1,1,1,4,1
class,ClientSourceConfig,bioetl.infrastructure.schemas.pipeline_config.ClientSourceConfig,module,infrastructure,bioetl.infrastructure.schemas.pipeline_config,src/bioetl/infrastructure/schemas/pipeline_config.py:389,389,393,5,0,0,3,DEAD,0,,1,docs/99-archive/reports/infrastructure_merged.md,False,,3,0,0,0,0,0,0,0,0,0,0,0,0,0,0,0,0,0,0,3,0
class,ProviderSourceConfig,bioetl.infrastructure.schemas.pipeline_config.ProviderSourceConfig,module,infrastructure,bioetl.infrastructure.schemas.pipeline_config,src/bioetl/infrastructure/schemas/pipeline_config.py:396,396,409,14,0,0,3,DEAD,0,,1,docs/99-archive/reports/infrastructure_merged.md,False,,3,0,0,0,0,0,0,0,0,0,0,0,0,0,0,0,0,0,0,3,0
class,SinkDQReportConfig,bioetl.infrastructure.schemas.pipeline_config.SinkDQReportConfig,module,infrastructure,bioetl.infrastructure.schemas.pipeline_config,src/bioetl/infrastructure/schemas/pipeline_config.py:449,449,463,15,0,0,3,DEAD,0,,1,docs/99-archive/reports/infrastructure_merged.md,False,,3,0,0,0,0,0,0,0,0,0,0,0,0,0,0,0,0,0,0,3,0
constant,SEMVER_PATTERN,bioetl.infrastructure.schemas.pipeline_config.SEMVER_PATTERN,module,infrastructure,bioetl.infrastructure.schemas.pipeline_config,src/bioetl/infrastructure/schemas/pipeline_config.py:682,682,688,7,0,0,2,DEAD,0,,1,docs/99-archive/reports/infrastructure_merged.md,False,,2,0,0,0,0,0,0,0,0,0,0,0,0,0,0,0,0,0,0,2,0
method,validate_semver,bioetl.infrastructure.schemas.pipeline_config.TransformConfig.validate_semver,class,infrastructure,bioetl.infrastructure.schemas.pipeline_config,src/bioetl/infrastructure/schemas/pipeline_config.py:721,721,730,10,0,0,1,DEAD,0,,1,docs/99-archive/reports/infrastructure_merged.md,False,,1,0,0,0,0,0,0,0,0,0,0,0,0,0,0,0,0,0,0,1,0
method,validate_batch_size,bioetl.infrastructure.schemas.pipeline_config.PipelineYamlConfig.validate_batch_size,class,infrastructure,bioetl.infrastructure.schemas.pipeline_config,src/bioetl/infrastructure/schemas/pipeline_config.py:832,832,836,5,0,0,3,DEAD,0,,3,docs/03-guides/pipeline-configuration.md;docs/99-archive/reports/documentation_merged.md;docs/99-archive/reports/infrastructure_merged.md,False,,3,2,1,1,1,2,1,2,1,1,0,2,1,0,2,2,2,2,2,3,2
method,validate_provider,bioetl.infrastructure.schemas.pipeline_config.PipelineYamlConfig.validate_provider,class,infrastructure,bioetl.infrastructure.schemas.pipeline_config,src/bioetl/infrastructure/schemas/pipeline_config.py:840,840,844,5,0,0,3,DEAD,0,,3,docs/03-guides/pipeline-configuration.md;docs/99-archive/reports/documentation_merged.md;docs/99-archive/reports/infrastructure_merged.md,False,,3,2,1,1,1,2,1,2,1,1,0,2,1,0,2,2,2,2,2,3,2
method,validate_entity_type_canonical,bioetl.infrastructure.schemas.pipeline_config.PipelineYamlConfig.validate_entity_type_canonical,class,infrastructure,bioetl.infrastructure.schemas.pipeline_config,src/bioetl/infrastructure/schemas/pipeline_config.py:847,847,864,18,0,0,3,DEAD,0,,3,docs/03-guides/pipeline-configuration.md;docs/99-archive/reports/documentation_merged.md;docs/99-archive/reports/infrastructure_merged.md,False,,3,2,1,1,1,2,1,2,1,1,0,2,1,0,2,2,2,2,2,3,2
method,validate_medallion_formats,bioetl.infrastructure.schemas.pipeline_config.PipelineYamlConfig.validate_medallion_formats,class,infrastructure,bioetl.infrastructure.schemas.pipeline_config,src/bioetl/infrastructure/schemas/pipeline_config.py:867,867,905,39,0,0,3,DEAD,0,,3,docs/03-guides/pipeline-configuration.md;docs/99-archive/reports/documentation_merged.md;docs/99-archive/reports/infrastructure_merged.md,False,,3,2,1,1,1,2,1,2,1,1,0,2,1,0,2,2,2,2,2,3,2
class,ProviderConfigYaml,bioetl.infrastructure.schemas.source_config.ProviderConfigYaml,module,infrastructure,bioetl.infrastructure.schemas.source_config,src/bioetl/infrastructure/schemas/source_config.py:57,57,79,23,0,0,5,DEAD,0,,1,docs/99-archive/reports/infrastructure_merged.md,False,,5,0,0,0,0,0,0,0,0,0,0,0,0,0,0,0,0,0,0,5,0
class,SourceSectionConfig,bioetl.infrastructure.schemas.source_config.SourceSectionConfig,module,infrastructure,bioetl.infrastructure.schemas.source_config,src/bioetl/infrastructure/schemas/source_config.py:82,82,109,28,0,0,4,DEAD,0,,1,docs/99-archive/reports/infrastructure_merged.md,False,,4,0,0,0,0,0,0,0,0,0,0,0,0,0,0,0,0,0,0,4,0
method,from_settings,bioetl.infrastructure.security.pii_hasher.SaltConfig.from_settings,class,infrastructure,bioetl.infrastructure.security.pii_hasher,src/bioetl/infrastructure/security/pii_hasher.py:49,49,74,26,0,0,0,DEAD,0,,0,,False,,0,0,0,0,0,0,0,0,0,0,0,0,0,0,0,0,0,0,0,0,0
variable,raw_next,bioetl.infrastructure.security.pii_hasher.SaltConfig.from_env.raw_next,method,infrastructure,bioetl.infrastructure.security.pii_hasher,src/bioetl/infrastructure/security/pii_hasher.py:86,86,86,1,0,0,0,DEAD,0,,0,,False,,0,0,0,0,0,0,0,0,0,0,0,0,0,0,0,0,0,0,0,0,0
variable,_salt_id,bioetl.infrastructure.security.pii_hasher.Sha256PiiHasher._salt_id,class,infrastructure,bioetl.infrastructure.security.pii_hasher,src/bioetl/infrastructure/security/pii_hasher.py:132,132,132,1,0,0,3,DEAD,0,,1,docs/99-archive/reports/infrastructure_merged.md,False,,3,0,0,0,0,0,0,0,0,0,0,0,0,0,0,0,0,0,0,3,0
variable,salt_hash,bioetl.infrastructure.security.pii_hasher.Sha256PiiHasher.__post_init__.salt_hash,method,infrastructure,bioetl.infrastructure.security.pii_hasher,src/bioetl/infrastructure/security/pii_hasher.py:137,137,139,3,0,0,2,DEAD,0,,1,docs/99-archive/reports/infrastructure_merged.md,False,,2,0,0,0,0,0,0,0,0,0,0,0,0,0,0,0,0,0,0,2,0
method,_salt_bytes,bioetl.infrastructure.security.pii_hasher.Sha256PiiHasher._salt_bytes,class,infrastructure,bioetl.infrastructure.security.pii_hasher,src/bioetl/infrastructure/security/pii_hasher.py:143,143,145,3,0,0,3,DEAD,0,,2,docs/99-archive/reports/documentation_merged.md;docs/99-archive/reports/infrastructure_merged.md,False,,3,1,1,1,1,1,1,1,1,1,0,1,1,0,1,1,1,1,1,3,1
method,_normalize,bioetl.infrastructure.security.pii_hasher.Sha256PiiHasher._normalize,class,infrastructure,bioetl.infrastructure.security.pii_hasher,src/bioetl/infrastructure/security/pii_hasher.py:147,147,164,18,0,0,4,DEAD,0,,2,docs/99-archive/reports/documentation_merged.md;docs/99-archive/reports/infrastructure_merged.md,False,,4,2,2,2,2,2,2,2,2,2,0,2,2,0,2,2,2,2,2,4,2
method,from_settings,bioetl.infrastructure.security.pii_hasher.Sha256PiiHasher.from_settings,class,infrastructure,bioetl.infrastructure.security.pii_hasher,src/bioetl/infrastructure/security/pii_hasher.py:221,221,230,10,0,0,0,DEAD,0,,0,,False,,0,0,0,0,0,0,0,0,0,0,0,0,0,0,0,0,0,0,0,0,0
variable,_orjson,bioetl.infrastructure.serialization.encoders._orjson,module,infrastructure,bioetl.infrastructure.serialization.encoders,src/bioetl/infrastructure/serialization/encoders.py:37,37,37,1,0,0,10,DEAD,0,,1,docs/99-archive/reports/infrastructure_merged.md,False,,10,0,0,0,0,0,0,0,0,0,0,0,0,0,0,0,0,0,0,10,0
parameter,encoder_type,bioetl.infrastructure.serialization.encoders.encoder_type,function,infrastructure,bioetl.infrastructure.serialization.encoders,src/bioetl/infrastructure/serialization/encoders.py:202,202,202,1,0,0,6,DEAD,0,,1,docs/99-archive/reports/infrastructure_merged.md,False,,6,0,0,0,0,0,0,0,0,0,0,0,0,0,0,0,0,0,0,6,0
variable,effective_type,bioetl.infrastructure.serialization.encoders.get_json_encoder.effective_type,function,infrastructure,bioetl.infrastructure.serialization.encoders,src/bioetl/infrastructure/serialization/encoders.py:223,223,223,1,0,0,0,DEAD,0,,0,,False,,0,0,0,0,0,0,0,0,0,0,0,0,0,0,0,0,0,0,0,0,0
constant,_ENCODER_API,bioetl.infrastructure.serialization.encoders._ENCODER_API,module,infrastructure,bioetl.infrastructure.serialization.encoders,src/bioetl/infrastructure/serialization/encoders.py:257,257,257,1,0,0,0,DEAD,0,,0,,False,,0,0,0,0,0,0,0,0,0,0,0,0,0,0,0,0,0,0,0,0,0
method,_cleanup_uncommitted,bioetl.infrastructure.storage._atomic.AtomicWriteGroup._cleanup_uncommitted,class,infrastructure,bioetl.infrastructure.storage._atomic,src/bioetl/infrastructure/storage/_atomic.py:212,212,221,10,0,0,2,DEAD,0,,1,docs/99-archive/reports/infrastructure_merged.md,False,,2,0,0,0,0,0,0,0,0,0,0,0,0,0,0,0,0,0,0,2,0
variable,committed_temps,bioetl.infrastructure.storage._atomic.AtomicWriteGroup._cleanup_uncommitted.committed_temps,method,infrastructure,bioetl.infrastructure.storage._atomic,src/bioetl/infrastructure/storage/_atomic.py:214,214,214,1,0,0,2,DEAD,0,,1,docs/99-archive/reports/infrastructure_merged.md,False,,2,0,0,0,0,0,0,0,0,0,0,0,0,0,0,0,0,0,0,2,0
variable,key_type,bioetl.infrastructure.storage.arrow_converter.ArrowDataConverter.sanitize_type_for_delta.key_type,method,infrastructure,bioetl.infrastructure.storage.arrow_converter,src/bioetl/infrastructure/storage/arrow_converter.py:69,69,69,1,0,0,3,DEAD,0,,1,docs/99-archive/reports/infrastructure_merged.md,False,,3,0,0,0,0,0,0,0,0,0,0,0,0,0,0,0,0,0,0,3,0
method,_apply_column_order,bioetl.infrastructure.storage.arrow_converter.ArrowDataConverter._apply_column_order,class,infrastructure,bioetl.infrastructure.storage.arrow_converter,src/bioetl/infrastructure/storage/arrow_converter.py:74,74,88,15,0,0,0,DEAD,0,,0,,False,,0,0,0,0,0,0,0,0,0,0,0,0,0,0,0,0,0,0,0,0,0
method,_sort_by_keys,bioetl.infrastructure.storage.arrow_converter.ArrowDataConverter._sort_by_keys,class,infrastructure,bioetl.infrastructure.storage.arrow_converter,src/bioetl/infrastructure/storage/arrow_converter.py:90,90,101,12,0,0,0,DEAD,0,,0,,False,,0,0,0,0,0,0,0,0,0,0,0,0,0,0,0,0,0,0,0,0,0
method,_sanitize_null_columns,bioetl.infrastructure.storage.arrow_converter.ArrowDataConverter._sanitize_null_columns,class,infrastructure,bioetl.infrastructure.storage.arrow_converter,src/bioetl/infrastructure/storage/arrow_converter.py:134,134,179,46,0,0,2,DEAD,0,,1,docs/99-archive/reports/infrastructure_merged.md,False,,2,0,0,0,0,0,0,0,0,0,0,0,0,0,0,0,0,0,0,2,0
variable,new_type,bioetl.infrastructure.storage.arrow_converter.ArrowDataConverter._sanitize_null_columns.new_type,method,infrastructure,bioetl.infrastructure.storage.arrow_converter,src/bioetl/infrastructure/storage/arrow_converter.py:152,152,152,1,0,0,4,DEAD,0,,1,docs/99-archive/reports/infrastructure_merged.md,False,,4,0,0,0,0,0,0,0,0,0,0,0,0,0,0,0,0,0,0,4,0
variable,col_idx,bioetl.infrastructure.storage.base_delta_writer.coerce_null_types_for_delta.col_idx,function,infrastructure,bioetl.infrastructure.storage.base_delta_writer,src/bioetl/infrastructure/storage/base_delta_writer.py:117,117,117,1,0,0,4,DEAD,0,,1,docs/99-archive/reports/infrastructure_merged.md,False,,4,0,0,0,0,0,0,0,0,0,0,0,0,0,0,0,0,0,0,4,0
variable,null_array,bioetl.infrastructure.storage.base_delta_writer.coerce_null_types_for_delta.null_array,function,infrastructure,bioetl.infrastructure.storage.base_delta_writer,src/bioetl/infrastructure/storage/base_delta_writer.py:118,118,118,1,0,0,2,DEAD,0,,1,docs/99-archive/reports/infrastructure_merged.md,False,,2,0,0,0,0,0,0,0,0,0,0,0,0,0,0,0,0,0,0,2,0
variable,empty_lists,bioetl.infrastructure.storage.base_delta_writer.coerce_null_types_for_delta.empty_lists,function,infrastructure,bioetl.infrastructure.storage.base_delta_writer,src/bioetl/infrastructure/storage/base_delta_writer.py:125,125,128,4,0,0,2,DEAD,0,,1,docs/99-archive/reports/infrastructure_merged.md,False,,2,0,0,0,0,0,0,0,0,0,0,0,0,0,0,0,0,0,0,2,0
function,_read_table,bioetl.infrastructure.storage.base_delta_writer.BaseDeltaWriter.read_table._read_table,method,infrastructure,bioetl.infrastructure.storage.base_delta_writer,src/bioetl/infrastructure/storage/base_delta_writer.py:338,338,341,4,0,0,2,DEAD,0,,1,docs/99-archive/reports/infrastructure_merged.md,False,,2,0,0,0,0,0,0,0,0,0,0,0,0,0,0,0,0,0,0,2,0
constant,COMPRESSION_CHUNK_SIZE,bioetl.infrastructure.storage.bronze_writer.BronzeWriter.COMPRESSION_CHUNK_SIZE,class,infrastructure,bioetl.infrastructure.storage.bronze_writer,src/bioetl/infrastructure/storage/bronze_writer.py:57,57,57,1,0,0,3,DEAD,0,,1,docs/99-archive/reports/infrastructure_merged.md,False,,3,0,0,0,0,0,0,0,0,0,0,0,0,0,0,0,0,0,0,3,0
constant,COMPRESSION_LEVEL,bioetl.infrastructure.storage.bronze_writer.BronzeWriter.COMPRESSION_LEVEL,class,infrastructure,bioetl.infrastructure.storage.bronze_writer,src/bioetl/infrastructure/storage/bronze_writer.py:58,58,58,1,0,0,3,DEAD,0,,2,docs/99-archive/reports/documentation_merged.md;docs/99-archive/reports/infrastructure_merged.md,False,,3,1,1,1,1,1,1,1,1,1,0,1,1,0,1,1,1,1,1,3,1
constant,COMPRESSION_THREADS,bioetl.infrastructure.storage.bronze_writer.BronzeWriter.COMPRESSION_THREADS,class,infrastructure,bioetl.infrastructure.storage.bronze_writer,src/bioetl/infrastructure/storage/bronze_writer.py:59,59,59,1,0,0,4,DEAD,0,,2,docs/99-archive/reports/documentation_merged.md;docs/99-archive/reports/infrastructure_merged.md,False,,4,2,2,2,2,2,2,2,2,2,0,2,2,0,2,2,2,2,2,4,2
constant,BRONZE_PATH_FORMAT,bioetl.infrastructure.storage.bronze_writer.BronzeWriter.BRONZE_PATH_FORMAT,class,infrastructure,bioetl.infrastructure.storage.bronze_writer,src/bioetl/infrastructure/storage/bronze_writer.py:60,60,60,1,0,0,0,DEAD,0,,0,,False,,0,0,0,0,0,0,0,0,0,0,0,0,0,0,0,0,0,0,0,0,0
variable,run_type_map,bioetl.infrastructure.storage.bronze_writer.BronzeWriter._build_full_bronze_metadata.run_type_map,method,infrastructure,bioetl.infrastructure.storage.bronze_writer,src/bioetl/infrastructure/storage/bronze_writer.py:282,282,286,5,0,0,2,DEAD,0,,1,docs/99-archive/reports/infrastructure_merged.md,False,,2,0,0,0,0,0,0,0,0,0,0,0,0,0,0,0,0,0,0,2,0
variable,chunk_buffer,bioetl.infrastructure.storage.bronze_writer.BronzeWriter._write_atomic_stream.chunk_buffer,method,infrastructure,bioetl.infrastructure.storage.bronze_writer,src/bioetl/infrastructure/storage/bronze_writer.py:360,360,360,1,0,0,8,DEAD,0,,1,docs/99-archive/reports/infrastructure_merged.md,False,,8,0,0,0,0,0,0,0,0,0,0,0,0,0,0,0,0,0,0,8,0
function,_write_task,bioetl.infrastructure.storage.bronze_writer.BronzeWriter.write_bronze._write_task,method,infrastructure,bioetl.infrastructure.storage.bronze_writer,src/bioetl/infrastructure/storage/bronze_writer.py:477,477,483,7,0,0,2,DEAD,0,,1,docs/99-archive/reports/infrastructure_merged.md,False,,2,0,0,0,0,0,0,0,0,0,0,0,0,0,0,0,0,0,0,2,0
variable,meta_bytes,bioetl.infrastructure.storage.bronze_writer.BronzeWriter.write_bronze._write_task.meta_bytes,function,infrastructure,bioetl.infrastructure.storage.bronze_writer,src/bioetl/infrastructure/storage/bronze_writer.py:481,481,481,1,0,0,2,DEAD,0,,1,docs/99-archive/reports/infrastructure_merged.md,False,,2,0,0,0,0,0,0,0,0,0,0,0,0,0,0,0,0,0,0,2,0
variable,metadata_base_path,bioetl.infrastructure.storage.bronze_writer.BronzeWriter.write_bronze.metadata_base_path,method,infrastructure,bioetl.infrastructure.storage.bronze_writer,src/bioetl/infrastructure/storage/bronze_writer.py:598,598,598,1,0,0,4,DEAD,0,,1,docs/99-archive/reports/infrastructure_merged.md,False,,4,0,0,0,0,0,0,0,0,0,0,0,0,0,0,0,0,0,0,4,0
method,_calculate_checksum,bioetl.infrastructure.storage.bronze_writer.BronzeWriter._calculate_checksum,class,infrastructure,bioetl.infrastructure.storage.bronze_writer,src/bioetl/infrastructure/storage/bronze_writer.py:631,631,642,12,0,0,2,DEAD,0,,1,docs/99-archive/reports/infrastructure_merged.md,False,,2,0,0,0,0,0,0,0,0,0,0,0,0,0,0,0,0,0,0,2,0
function,_compute,bioetl.infrastructure.storage.bronze_writer.BronzeWriter._calculate_checksum._compute,method,infrastructure,bioetl.infrastructure.storage.bronze_writer,src/bioetl/infrastructure/storage/bronze_writer.py:635,635,640,6,0,0,2,DEAD,0,,1,docs/99-archive/reports/infrastructure_merged.md,False,,2,0,0,0,0,0,0,0,0,0,0,0,0,0,0,0,0,0,0,2,0
method,_write_json_copy,bioetl.infrastructure.storage.bronze_writer.BronzeWriter._write_json_copy,class,infrastructure,bioetl.infrastructure.storage.bronze_writer,src/bioetl/infrastructure/storage/bronze_writer.py:644,644,674,31,0,0,2,DEAD,0,,1,docs/99-archive/reports/infrastructure_merged.md,False,,2,0,0,0,0,0,0,0,0,0,0,0,0,0,0,0,0,0,0,2,0
variable,json_filename,bioetl.infrastructure.storage.bronze_writer.BronzeWriter._write_json_copy.json_filename,method,infrastructure,bioetl.infrastructure.storage.bronze_writer,src/bioetl/infrastructure/storage/bronze_writer.py:658,658,658,1,0,0,2,DEAD,0,,1,docs/99-archive/reports/infrastructure_merged.md,False,,2,0,0,0,0,0,0,0,0,0,0,0,0,0,0,0,0,0,0,2,0
variable,json_relative_path,bioetl.infrastructure.storage.bronze_writer.BronzeWriter._write_json_copy.json_relative_path,method,infrastructure,bioetl.infrastructure.storage.bronze_writer,src/bioetl/infrastructure/storage/bronze_writer.py:659,659,661,3,0,0,2,DEAD,0,,1,docs/99-archive/reports/infrastructure_merged.md,False,,2,0,0,0,0,0,0,0,0,0,0,0,0,0,0,0,0,0,0,2,0
variable,jsonl_content,bioetl.infrastructure.storage.bronze_writer.BronzeWriter._write_json_copy.jsonl_content,method,infrastructure,bioetl.infrastructure.storage.bronze_writer,src/bioetl/infrastructure/storage/bronze_writer.py:664,664,664,1,0,0,2,DEAD,0,,1,docs/99-archive/reports/infrastructure_merged.md,False,,2,0,0,0,0,0,0,0,0,0,0,0,0,0,0,0,0,0,0,2,0
variable,json_full_path,bioetl.infrastructure.storage.bronze_writer.BronzeWriter._write_json_copy.json_full_path,method,infrastructure,bioetl.infrastructure.storage.bronze_writer,src/bioetl/infrastructure/storage/bronze_writer.py:667,667,667,1,0,0,3,DEAD,0,,1,docs/99-archive/reports/infrastructure_merged.md,False,,3,0,0,0,0,0,0,0,0,0,0,0,0,0,0,0,0,0,0,3,0
function,_read_and_decompress,bioetl.infrastructure.storage.bronze_writer.BronzeWriter.read_bronze._read_and_decompress,method,infrastructure,bioetl.infrastructure.storage.bronze_writer,src/bioetl/infrastructure/storage/bronze_writer.py:680,680,687,8,0,0,2,DEAD,0,,1,docs/99-archive/reports/infrastructure_merged.md,False,,2,0,0,0,0,0,0,0,0,0,0,0,0,0,0,0,0,0,0,2,0
variable,search_path,bioetl.infrastructure.storage.bronze_writer.BronzeWriter.list_batches.search_path,method,infrastructure,bioetl.infrastructure.storage.bronze_writer,src/bioetl/infrastructure/storage/bronze_writer.py:717,717,717,1,0,0,3,DEAD,0,,1,docs/99-archive/reports/infrastructure_merged.md,False,,3,0,0,0,0,0,0,0,0,0,0,0,0,0,0,0,0,0,0,3,0
parameter,cutoff_str,bioetl.infrastructure.storage.bronze_writer.BronzeWriter.cutoff_str,method,infrastructure,bioetl.infrastructure.storage.bronze_writer,src/bioetl/infrastructure/storage/bronze_writer.py:737,737,737,1,0,0,7,DEAD,0,,1,docs/99-archive/reports/infrastructure_merged.md,False,,7,0,0,0,0,0,0,0,0,0,0,0,0,0,0,0,0,0,0,7,0
variable,old_dirs,bioetl.infrastructure.storage.bronze_writer.BronzeWriter._find_old_date_dirs.old_dirs,method,infrastructure,bioetl.infrastructure.storage.bronze_writer,src/bioetl/infrastructure/storage/bronze_writer.py:750,750,750,1,0,0,3,DEAD,0,,1,docs/99-archive/reports/infrastructure_merged.md,False,,3,0,0,0,0,0,0,0,0,0,0,0,0,0,0,0,0,0,0,3,0
method,_is_old_date_dir,bioetl.infrastructure.storage.bronze_writer.BronzeWriter._is_old_date_dir,class,infrastructure,bioetl.infrastructure.storage.bronze_writer,src/bioetl/infrastructure/storage/bronze_writer.py:763,763,765,3,0,0,2,DEAD,0,,1,docs/99-archive/reports/infrastructure_merged.md,False,,2,0,0,0,0,0,0,0,0,0,0,0,0,0,0,0,0,0,0,2,0
variable,cutoff_str,bioetl.infrastructure.storage.bronze_writer.BronzeWriter.cleanup_old_files.cutoff_str,method,infrastructure,bioetl.infrastructure.storage.bronze_writer,src/bioetl/infrastructure/storage/bronze_writer.py:775,775,775,1,0,0,7,DEAD,0,,1,docs/99-archive/reports/infrastructure_merged.md,False,,7,0,0,0,0,0,0,0,0,0,0,0,0,0,0,0,0,0,0,7,0
variable,bytes_total,bioetl.infrastructure.storage.bronze_writer.BronzeWriter.cleanup_old_files.bytes_total,method,infrastructure,bioetl.infrastructure.storage.bronze_writer,src/bioetl/infrastructure/storage/bronze_writer.py:776,776,776,1,0,0,4,DEAD,0,,1,docs/99-archive/reports/infrastructure_merged.md,False,,4,0,0,0,0,0,0,0,0,0,0,0,0,0,0,0,0,0,0,4,0
function,_read,bioetl.infrastructure.storage.delta_reader.DeltaReader.read_table._read,method,infrastructure,bioetl.infrastructure.storage.delta_reader,src/bioetl/infrastructure/storage/delta_reader.py:83,83,98,16,0,0,2,DEAD,0,,1,docs/99-archive/reports/infrastructure_merged.md,False,,2,0,0,0,0,0,0,0,0,0,0,0,0,0,0,0,0,0,0,2,0
function,_get_schema,bioetl.infrastructure.storage.delta_reader.DeltaReader.get_schema._get_schema,method,infrastructure,bioetl.infrastructure.storage.delta_reader,src/bioetl/infrastructure/storage/delta_reader.py:124,124,131,8,0,0,2,DEAD,0,,1,docs/99-archive/reports/infrastructure_merged.md,False,,2,0,0,0,0,0,0,0,0,0,0,0,0,0,0,0,0,0,0,2,0
function,_count_rows,bioetl.infrastructure.storage.delta_reader.DeltaReader.get_row_count._count_rows,method,infrastructure,bioetl.infrastructure.storage.delta_reader,src/bioetl/infrastructure/storage/delta_reader.py:152,152,163,12,0,0,2,DEAD,0,,1,docs/99-archive/reports/infrastructure_merged.md,False,,2,0,0,0,0,0,0,0,0,0,0,0,0,0,0,0,0,0,0,2,0
function,_check_exists,bioetl.infrastructure.storage.delta_reader.DeltaReader.table_exists._check_exists,method,infrastructure,bioetl.infrastructure.storage.delta_reader,src/bioetl/infrastructure/storage/delta_reader.py:179,179,188,10,0,0,2,DEAD,0,,1,docs/99-archive/reports/infrastructure_merged.md,False,,2,0,0,0,0,0,0,0,0,0,0,0,0,0,0,0,0,0,0,2,0
method,_validate_scd2_requirements,bioetl.infrastructure.storage.gold_writer.GoldWriter._validate_scd2_requirements,class,infrastructure,bioetl.infrastructure.storage.gold_writer,src/bioetl/infrastructure/storage/gold_writer.py:245,245,261,17,0,0,3,DEAD,0,,1,docs/99-archive/reports/infrastructure_merged.md,False,,3,0,0,0,0,0,0,0,0,0,0,0,0,0,0,0,0,0,0,3,0
method,_validate_schema_strict,bioetl.infrastructure.storage.gold_writer.GoldWriter._validate_schema_strict,class,infrastructure,bioetl.infrastructure.storage.gold_writer,src/bioetl/infrastructure/storage/gold_writer.py:263,263,269,7,0,0,8,DEAD,0,,3,docs/02-architecture/decisions/ADR-018-gold-strict-validation.md;docs/99-archive/reports/documentation_merged.md;docs/99-archive/reports/infrastructure_merged.md,False,,8,4,4,4,4,4,4,4,4,4,0,4,4,0,4,4,4,4,4,6,4
method,_validate_records_against_schema,bioetl.infrastructure.storage.gold_writer.GoldWriter._validate_records_against_schema,class,infrastructure,bioetl.infrastructure.storage.gold_writer,src/bioetl/infrastructure/storage/gold_writer.py:435,435,445,11,0,0,2,DEAD,0,,1,docs/99-archive/reports/infrastructure_merged.md,False,,2,0,0,0,0,0,0,0,0,0,0,0,0,0,0,0,0,0,0,2,0
variable,audit_run_id,bioetl.infrastructure.storage.gold_writer.GoldWriter._log_gold_audit.audit_run_id,method,infrastructure,bioetl.infrastructure.storage.gold_writer,src/bioetl/infrastructure/storage/gold_writer.py:522,522,522,1,0,0,3,DEAD,0,,1,docs/99-archive/reports/infrastructure_merged.md,False,,3,0,0,0,0,0,0,0,0,0,0,0,0,0,0,0,0,0,0,3,0
variable,converted_refs,bioetl.infrastructure.storage.gold_writer.GoldWriter._write_gold_metadata.converted_refs,method,infrastructure,bioetl.infrastructure.storage.gold_writer,src/bioetl/infrastructure/storage/gold_writer.py:610,610,610,1,0,0,3,DEAD,0,,1,docs/99-archive/reports/infrastructure_merged.md,False,,3,0,0,0,0,0,0,0,0,0,0,0,0,0,0,0,0,0,0,3,0
variable,ts_iso,bioetl.infrastructure.storage.gold_writer.GoldWriter._write_scd2.ts_iso,method,infrastructure,bioetl.infrastructure.storage.gold_writer,src/bioetl/infrastructure/storage/gold_writer.py:786,786,786,1,0,0,4,DEAD,0,,1,docs/99-archive/reports/infrastructure_merged.md,False,,4,0,0,0,0,0,0,0,0,0,0,0,0,0,0,0,0,0,0,4,0
variable,business_keys,bioetl.infrastructure.storage.gold_writer.GoldWriter._merge_scd2.business_keys,method,infrastructure,bioetl.infrastructure.storage.gold_writer,src/bioetl/infrastructure/storage/gold_writer.py:854,854,854,1,0,0,3,DEAD,0,,1,docs/99-archive/reports/infrastructure_merged.md,False,,3,0,0,0,0,0,0,0,0,0,0,0,0,0,0,0,0,0,0,3,0
variable,ts_iso,bioetl.infrastructure.storage.gold_writer.GoldWriter._merge_scd2.ts_iso,method,infrastructure,bioetl.infrastructure.storage.gold_writer,src/bioetl/infrastructure/storage/gold_writer.py:866,866,866,1,0,0,4,DEAD,0,,1,docs/99-archive/reports/infrastructure_merged.md,False,,4,0,0,0,0,0,0,0,0,0,0,0,0,0,0,0,0,0,0,4,0
parameter,business_key_values,bioetl.infrastructure.storage.gold_writer.GoldWriter.business_key_values,method,infrastructure,bioetl.infrastructure.storage.gold_writer,src/bioetl/infrastructure/storage/gold_writer.py:922,922,922,1,0,0,4,DEAD,0,,1,docs/99-archive/reports/infrastructure_merged.md,False,,4,0,0,0,0,0,0,0,0,0,0,0,0,0,0,0,0,0,0,4,0
function,_get_git_commit_cached,bioetl.infrastructure.storage.metadata_builder._get_git_commit_cached,module,infrastructure,bioetl.infrastructure.storage.metadata_builder,src/bioetl/infrastructure/storage/metadata_builder.py:39,39,63,25,0,0,4,DEAD,0,,1,docs/99-archive/reports/infrastructure_merged.md,False,,8,0,0,0,0,0,0,0,0,0,0,0,0,0,0,0,0,0,0,4,0
function,_get_metadata_filename,bioetl.infrastructure.storage.metadata_writer._get_metadata_filename,module,infrastructure,bioetl.infrastructure.storage.metadata_writer,src/bioetl/infrastructure/storage/metadata_writer.py:34,34,47,14,0,0,7,DEAD,0,,3,docs/03-guides/file-path-audit-report.md;docs/99-archive/reports/documentation_merged.md;docs/99-archive/reports/infrastructure_merged.md,False,,5,3,3,3,3,3,3,3,3,3,0,3,3,0,3,3,3,3,3,5,3
variable,metadata_dict,bioetl.infrastructure.storage.metadata_writer.MetadataWriter._write_metadata.metadata_dict,method,infrastructure,bioetl.infrastructure.storage.metadata_writer,src/bioetl/infrastructure/storage/metadata_writer.py:207,207,207,1,0,0,2,DEAD,0,,1,docs/99-archive/reports/infrastructure_merged.md,False,,2,0,0,0,0,0,0,0,0,0,0,0,0,0,0,0,0,0,0,2,0
variable,yaml_content,bioetl.infrastructure.storage.metadata_writer.MetadataWriter._write_metadata.yaml_content,method,infrastructure,bioetl.infrastructure.storage.metadata_writer,src/bioetl/infrastructure/storage/metadata_writer.py:210,210,215,6,0,0,2,DEAD,0,,1,docs/99-archive/reports/infrastructure_merged.md,False,,2,0,0,0,0,0,0,0,0,0,0,0,0,0,0,0,0,0,0,2,0
variable,timestamp_str,bioetl.infrastructure.storage.retention_manager.RetentionManager.time_travel.timestamp_str,method,infrastructure,bioetl.infrastructure.storage.retention_manager,src/bioetl/infrastructure/storage/retention_manager.py:202,202,202,1,0,0,2,DEAD,0,,1,docs/99-archive/reports/infrastructure_merged.md,False,,4,0,0,0,0,0,0,0,0,0,0,0,0,0,0,0,0,0,0,2,0
method,_write_delete,bioetl.infrastructure.storage.silver_writer.SilverWriter._write_delete,class,infrastructure,bioetl.infrastructure.storage.silver_writer,src/bioetl/infrastructure/storage/silver_writer.py:227,227,241,15,0,0,2,DEAD,0,,1,docs/99-archive/reports/infrastructure_merged.md,False,,2,0,0,0,0,0,0,0,0,0,0,0,0,0,0,0,0,0,0,2,0
method,_write_append,bioetl.infrastructure.storage.silver_writer.SilverWriter._write_append,class,infrastructure,bioetl.infrastructure.storage.silver_writer,src/bioetl/infrastructure/storage/silver_writer.py:243,243,256,14,0,0,3,DEAD,0,,1,docs/99-archive/reports/infrastructure_merged.md,False,,3,0,0,0,0,0,0,0,0,0,0,0,0,0,0,0,0,0,0,3,0
method,_deduplicate_by_primary_keys,bioetl.infrastructure.storage.silver_writer.SilverWriter._deduplicate_by_primary_keys,class,infrastructure,bioetl.infrastructure.storage.silver_writer,src/bioetl/infrastructure/storage/silver_writer.py:286,286,296,11,0,0,2,DEAD,0,,1,docs/99-archive/reports/infrastructure_merged.md,False,,2,0,0,0,0,0,0,0,0,0,0,0,0,0,0,0,0,0,0,2,0
variable,unique_records,bioetl.infrastructure.storage.silver_writer.SilverWriter._deduplicate_by_primary_keys.unique_records,method,infrastructure,bioetl.infrastructure.storage.silver_writer,src/bioetl/infrastructure/storage/silver_writer.py:292,292,292,1,0,0,3,DEAD,0,,1,docs/99-archive/reports/infrastructure_merged.md,False,,3,0,0,0,0,0,0,0,0,0,0,0,0,0,0,0,0,0,0,3,0
variable,optional_missing,bioetl.infrastructure.storage.silver_writer.SilverWriter._validate_records.optional_missing,method,infrastructure,bioetl.infrastructure.storage.silver_writer,src/bioetl/infrastructure/storage/silver_writer.py:366,366,366,1,0,0,3,DEAD,0,,1,docs/99-archive/reports/infrastructure_merged.md,False,,3,0,0,0,0,0,0,0,0,0,0,0,0,0,0,0,0,0,0,3,0
variable,cleaned_records,bioetl.infrastructure.storage.silver_writer.SilverWriter._validate_silver_pandera.cleaned_records,method,infrastructure,bioetl.infrastructure.storage.silver_writer,src/bioetl/infrastructure/storage/silver_writer.py:388,388,390,3,0,0,0,DEAD,0,,0,,False,,0,0,0,0,0,0,0,0,0,0,0,0,0,0,0,0,0,0,0,0,0
variable,critical_missing,bioetl.infrastructure.storage.silver_writer.SilverWriter._detect_schema_drift.critical_missing,method,infrastructure,bioetl.infrastructure.storage.silver_writer,src/bioetl/infrastructure/storage/silver_writer.py:507,507,507,1,0,0,2,DEAD,0,,1,docs/99-archive/reports/infrastructure_merged.md,False,,2,0,0,0,0,0,0,0,0,0,0,0,0,0,0,0,0,0,0,2,0
variable,start_perf,bioetl.infrastructure.storage.silver_writer.SilverWriter.write_silver.start_perf,method,infrastructure,bioetl.infrastructure.storage.silver_writer,src/bioetl/infrastructure/storage/silver_writer.py:565,565,565,1,0,0,2,DEAD,0,,1,docs/99-archive/reports/infrastructure_merged.md,False,,2,0,0,0,0,0,0,0,0,0,0,0,0,0,0,0,0,0,0,2,0
variable,first_record,bioetl.infrastructure.storage.silver_writer.SilverWriter._log_silver_audit.first_record,method,infrastructure,bioetl.infrastructure.storage.silver_writer,src/bioetl/infrastructure/storage/silver_writer.py:721,721,721,1,0,0,5,DEAD,0,,1,docs/99-archive/reports/infrastructure_merged.md,False,,5,0,0,0,0,0,0,0,0,0,0,0,0,0,0,0,0,0,0,5,0
variable,ingestion_ts_str,bioetl.infrastructure.storage.silver_writer.SilverWriter._log_silver_audit.ingestion_ts_str,method,infrastructure,bioetl.infrastructure.storage.silver_writer,src/bioetl/infrastructure/storage/silver_writer.py:723,723,723,1,0,0,5,DEAD,0,,1,docs/99-archive/reports/infrastructure_merged.md,False,,5,0,0,0,0,0,0,0,0,0,0,0,0,0,0,0,0,0,0,5,0
method,_merge_records,bioetl.infrastructure.storage.silver_writer.SilverWriter._merge_records,class,infrastructure,bioetl.infrastructure.storage.silver_writer,src/bioetl/infrastructure/storage/silver_writer.py:862,862,897,36,0,0,3,DEAD,0,,2,docs/99-archive/reports/documentation_merged.md;docs/99-archive/reports/infrastructure_merged.md,False,,3,1,1,1,1,1,1,1,1,1,0,1,1,0,1,1,1,1,1,3,1
constant,_PSUTIL_AVAILABLE,bioetl.infrastructure.system.memory_monitor._PSUTIL_AVAILABLE,module,infrastructure,bioetl.infrastructure.system.memory_monitor,src/bioetl/infrastructure/system/memory_monitor.py:35,35,35,1,0,0,6,DEAD,0,,1,docs/99-archive/reports/infrastructure_merged.md,False,,6,0,0,0,0,0,0,0,0,0,0,0,0,0,0,0,0,0,0,6,0
constant,_PSUTIL_MODULE,bioetl.infrastructure.system.memory_monitor._PSUTIL_MODULE,module,infrastructure,bioetl.infrastructure.system.memory_monitor,src/bioetl/infrastructure/system/memory_monitor.py:36,36,36,1,0,0,4,DEAD,0,,1,docs/99-archive/reports/infrastructure_merged.md,False,,4,0,0,0,0,0,0,0,0,0,0,0,0,0,0,0,0,0,0,4,0
variable,_PSUTIL_MODULE,bioetl.infrastructure.system.memory_monitor._check_psutil_available._PSUTIL_MODULE,function,infrastructure,bioetl.infrastructure.system.memory_monitor,src/bioetl/infrastructure/system/memory_monitor.py:46,46,46,1,0,0,4,DEAD,0,,1,docs/99-archive/reports/infrastructure_merged.md,False,,4,0,0,0,0,0,0,0,0,0,0,0,0,0,0,0,0,0,0,4,0
variable,_PSUTIL_AVAILABLE,bioetl.infrastructure.system.memory_monitor._check_psutil_available._PSUTIL_AVAILABLE,function,infrastructure,bioetl.infrastructure.system.memory_monitor,src/bioetl/infrastructure/system/memory_monitor.py:47,47,47,1,0,0,6,DEAD,0,,1,docs/99-archive/reports/infrastructure_merged.md,False,,6,0,0,0,0,0,0,0,0,0,0,0,0,0,0,0,0,0,0,6,0
variable,_cached_process,bioetl.infrastructure.system.memory_monitor.MemoryMonitor._cached_process,class,infrastructure,bioetl.infrastructure.system.memory_monitor,src/bioetl/infrastructure/system/memory_monitor.py:82,82,82,1,0,0,4,DEAD,0,,1,docs/99-archive/reports/infrastructure_merged.md,False,,4,0,0,0,0,0,0,0,0,0,0,0,0,0,0,0,0,0,0,4,0
variable,vm,bioetl.infrastructure.system.memory_monitor.MemoryMonitor._get_stats_psutil.vm,method,infrastructure,bioetl.infrastructure.system.memory_monitor,src/bioetl/infrastructure/system/memory_monitor.py:115,115,115,1,0,0,5,DEAD,0,,1,docs/99-archive/reports/infrastructure_merged.md,False,,5,0,0,0,0,0,0,0,0,0,0,0,0,0,0,0,0,0,0,5,0
variable,process_memory,bioetl.infrastructure.system.memory_monitor.MemoryMonitor._get_stats_psutil.process_memory,method,infrastructure,bioetl.infrastructure.system.memory_monitor,src/bioetl/infrastructure/system/memory_monitor.py:120,120,120,1,0,0,2,DEAD,0,,1,docs/99-archive/reports/infrastructure_merged.md,False,,2,0,0,0,0,0,0,0,0,0,0,0,0,0,0,0,0,0,0,2,0
method,_get_stats_resource,bioetl.infrastructure.system.memory_monitor.MemoryMonitor._get_stats_resource,class,infrastructure,bioetl.infrastructure.system.memory_monitor,src/bioetl/infrastructure/system/memory_monitor.py:136,136,173,38,0,0,2,DEAD,0,,1,docs/99-archive/reports/infrastructure_merged.md,False,,2,0,0,0,0,0,0,0,0,0,0,0,0,0,0,0,0,0,0,2,0
variable,rusage,bioetl.infrastructure.system.memory_monitor.MemoryMonitor._get_stats_resource.rusage,method,infrastructure,bioetl.infrastructure.system.memory_monitor,src/bioetl/infrastructure/system/memory_monitor.py:146,146,146,1,0,0,2,DEAD,0,,1,docs/99-archive/reports/infrastructure_merged.md,False,,2,0,0,0,0,0,0,0,0,0,0,0,0,0,0,0,0,0,0,2,0
variable,is_pressure,bioetl.infrastructure.system.memory_monitor.MemoryMonitor.get_recommended_batch_size.is_pressure,method,infrastructure,bioetl.infrastructure.system.memory_monitor,src/bioetl/infrastructure/system/memory_monitor.py:220,220,220,1,0,0,2,DEAD,0,,1,docs/99-archive/reports/infrastructure_merged.md,False,,2,0,0,0,0,0,0,0,0,0,0,0,0,0,0,0,0,0,0,2,0
variable,reduction_factor,bioetl.infrastructure.system.memory_monitor.MemoryMonitor.get_recommended_batch_size.reduction_factor,method,infrastructure,bioetl.infrastructure.system.memory_monitor,src/bioetl/infrastructure/system/memory_monitor.py:224,224,224,1,0,0,2,DEAD,0,,1,docs/99-archive/reports/infrastructure_merged.md,False,,2,0,0,0,0,0,0,0,0,0,0,0,0,0,0,0,0,0,0,2,0
variable,max_memory_bytes,bioetl.infrastructure.system.memory_monitor.MemoryMonitor.calculate_max_batch_size.max_memory_bytes,method,infrastructure,bioetl.infrastructure.system.memory_monitor,src/bioetl/infrastructure/system/memory_monitor.py:303,303,303,1,0,0,2,DEAD,0,,1,docs/99-archive/reports/infrastructure_merged.md,False,,2,0,0,0,0,0,0,0,0,0,0,0,0,0,0,0,0,0,0,2,0
class,BasePanderaValidator,bioetl.infrastructure.validation.pandera_validator.BasePanderaValidator,module,infrastructure,bioetl.infrastructure.validation.pandera_validator,src/bioetl/infrastructure/validation/pandera_validator.py:20,20,125,106,0,0,9,DEAD,0,,2,docs/99-archive/reports/documentation_merged.md;docs/99-archive/reports/infrastructure_merged.md,False,,9,5,5,5,5,5,5,5,5,5,0,5,5,0,5,5,5,5,5,9,5
method,_reorder_to_schema,bioetl.infrastructure.validation.pandera_validator.BasePanderaValidator._reorder_to_schema,class,infrastructure,bioetl.infrastructure.validation.pandera_validator,src/bioetl/infrastructure/validation/pandera_validator.py:77,77,91,15,0,0,0,DEAD,0,,0,,False,,0,0,0,0,0,0,0,0,0,0,0,0,0,0,0,0,0,0,0,0,0
variable,schema_cols,bioetl.infrastructure.validation.pandera_validator.BasePanderaValidator._reorder_to_schema.schema_cols,method,infrastructure,bioetl.infrastructure.validation.pandera_validator,src/bioetl/infrastructure/validation/pandera_validator.py:86,86,86,1,0,0,0,DEAD,0,,0,,False,,0,0,0,0,0,0,0,0,0,0,0,0,0,0,0,0,0,0,0,0,0
variable,df_cols,bioetl.infrastructure.validation.pandera_validator.BasePanderaValidator._reorder_to_schema.df_cols,method,infrastructure,bioetl.infrastructure.validation.pandera_validator,src/bioetl/infrastructure/validation/pandera_validator.py:87,87,87,1,0,0,0,DEAD,0,,0,,False,,0,0,0,0,0,0,0,0,0,0,0,0,0,0,0,0,0,0,0,0,0
variable,schema_set,bioetl.infrastructure.validation.pandera_validator.BasePanderaValidator._reorder_to_schema.schema_set,method,infrastructure,bioetl.infrastructure.validation.pandera_validator,src/bioetl/infrastructure/validation/pandera_validator.py:88,88,88,1,0,0,0,DEAD,0,,0,,False,,0,0,0,0,0,0,0,0,0,0,0,0,0,0,0,0,0,0,0,0,0
method,_validate_with_schema,bioetl.infrastructure.validation.pandera_validator.BasePanderaValidator._validate_with_schema,class,infrastructure,bioetl.infrastructure.validation.pandera_validator,src/bioetl/infrastructure/validation/pandera_validator.py:93,93,125,33,0,0,7,DEAD,0,,2,docs/99-archive/reports/documentation_merged.md;docs/99-archive/reports/infrastructure_merged.md,False,,7,3,3,3,3,3,3,3,3,3,0,3,3,0,3,3,3,3,3,7,3
variable,df_to_validate,bioetl.infrastructure.validation.pandera_validator.BasePanderaValidator._validate_with_schema.df_to_validate,method,infrastructure,bioetl.infrastructure.validation.pandera_validator,src/bioetl/infrastructure/validation/pandera_validator.py:110,110,110,1,0,0,2,DEAD,0,,1,docs/99-archive/reports/infrastructure_merged.md,False,,2,0,0,0,0,0,0,0,0,0,0,0,0,0,0,0,0,0,0,2,0
method,_validate_with_schema,bioetl.infrastructure.validation.pandera_validator.PanderaGoldValidator._validate_with_schema,class,infrastructure,bioetl.infrastructure.validation.pandera_validator,src/bioetl/infrastructure/validation/pandera_validator.py:172,172,213,42,0,0,7,DEAD,0,,2,docs/99-archive/reports/documentation_merged.md;docs/99-archive/reports/infrastructure_merged.md,False,,7,3,3,3,3,3,3,3,3,3,0,3,3,0,3,3,3,3,3,7,3
variable,cols_to_keep,bioetl.infrastructure.validation.pandera_validator.PanderaGoldValidator._validate_with_schema.cols_to_keep,method,infrastructure,bioetl.infrastructure.validation.pandera_validator,src/bioetl/infrastructure/validation/pandera_validator.py:203,203,203,1,0,0,2,DEAD,0,,1,docs/99-archive/reports/infrastructure_merged.md,False,,2,0,0,0,0,0,0,0,0,0,0,0,0,0,0,0,0,0,0,2,0
variable,df_to_validate,bioetl.infrastructure.validation.pandera_validator.PanderaGoldValidator._validate_with_schema.df_to_validate,method,infrastructure,bioetl.infrastructure.validation.pandera_validator,src/bioetl/infrastructure/validation/pandera_validator.py:204,204,204,1,0,0,2,DEAD,0,,1,docs/99-archive/reports/infrastructure_merged.md,False,,2,0,0,0,0,0,0,0,0,0,0,0,0,0,0,0,0,0,0,2,0
variable,noop_tracing,bioetl.composition.bootstrap.assembly.storage.bootstrap_storage_adapter.noop_tracing,function,composition,bioetl.composition.bootstrap.assembly.storage,src/bioetl/composition/bootstrap/assembly/storage.py:65,65,65,1,0,0,28,DEAD,0,,7,docs/02-architecture/decisions/ADR-017-observability-architecture.md;docs/02-architecture/decisions/ADR-022-tracing-noop.md;docs/04-reference/api/infrastructure/observability.md;docs/99-archive/reports/composition_merged.md;docs/99-archive/reports/documentation_merged.md;docs/99-archive/reports/infrastructure_merged.md;docs/99-archive/reports/project_structure.md,False,,28,16,19,16,19,16,16,19,16,16,0,16,16,0,19,19,16,19,19,21,16
variable,silver_tables,bioetl.composition.bootstrap.cli.storage._create_table_collector.collect_tables.silver_tables,function,composition,bioetl.composition.bootstrap.cli.storage,src/bioetl/composition/bootstrap/cli/storage.py:155,155,155,1,0,0,3,DEAD,0,,1,docs/99-archive/reports/composition_merged.md,False,,3,3,3,3,3,3,3,3,3,3,0,3,3,0,3,3,3,3,3,3,3
variable,gold_tables,bioetl.composition.bootstrap.cli.storage._create_table_collector.collect_tables.gold_tables,function,composition,bioetl.composition.bootstrap.cli.storage,src/bioetl/composition/bootstrap/cli/storage.py:156,156,156,1,0,0,3,DEAD,0,,1,docs/99-archive/reports/composition_merged.md,False,,3,3,3,3,3,3,3,3,3,3,0,3,3,0,3,3,3,3,3,3,3
variable,effective_test_mode,bioetl.composition.bootstrap.runtime.assembly.assemble_filter_config.effective_test_mode,function,composition,bioetl.composition.bootstrap.runtime.assembly,src/bioetl/composition/bootstrap/runtime/assembly.py:204,204,204,1,0,0,2,DEAD,0,,1,docs/99-archive/reports/composition_merged.md,False,,4,2,2,2,2,2,2,2,2,2,0,2,2,0,2,2,2,2,2,2,2
constant,COMPOSITE_CONFIG_DIR,bioetl.composition.bootstrap.runtime.composite.COMPOSITE_CONFIG_DIR,module,composition,bioetl.composition.bootstrap.runtime.composite,src/bioetl/composition/bootstrap/runtime/composite.py:57,57,57,1,0,0,2,DEAD,0,,1,docs/99-archive/reports/composition_merged.md,False,,2,2,2,2,2,2,2,2,2,2,0,2,2,0,2,2,2,2,2,2,2
constant,FIELD_GROUP_CONFIG_DIR,bioetl.composition.bootstrap.runtime.composite.FIELD_GROUP_CONFIG_DIR,module,composition,bioetl.composition.bootstrap.runtime.composite,src/bioetl/composition/bootstrap/runtime/composite.py:58,58,58,1,0,0,0,DEAD,0,,0,,False,,0,0,0,0,0,0,0,0,0,0,0,0,0,0,0,0,0,0,0,0,0
function,_to_id_str,bioetl.composition.bootstrap.runtime.composite._to_id_str,module,composition,bioetl.composition.bootstrap.runtime.composite,src/bioetl/composition/bootstrap/runtime/composite.py:61,61,72,12,0,0,0,DEAD,0,,0,,False,,0,0,0,0,0,0,0,0,0,0,0,0,0,0,0,0,0,0,0,0,0
variable,groups_path,bioetl.composition.bootstrap.runtime.composite.load_composite_config.groups_path,function,composition,bioetl.composition.bootstrap.runtime.composite,src/bioetl/composition/bootstrap/runtime/composite.py:87,87,87,1,0,0,0,DEAD,0,,0,,False,,0,0,0,0,0,0,0,0,0,0,0,0,0,0,0,0,0,0,0,0,0
variable,groups_raw,bioetl.composition.bootstrap.runtime.composite.load_composite_config.groups_raw,function,composition,bioetl.composition.bootstrap.runtime.composite,src/bioetl/composition/bootstrap/runtime/composite.py:90,90,90,1,0,0,0,DEAD,0,,0,,False,,0,0,0,0,0,0,0,0,0,0,0,0,0,0,0,0,0,0,0,0,0
function,_build_fallback_mapping,bioetl.composition.bootstrap.runtime.composite._build_fallback_mapping,module,composition,bioetl.composition.bootstrap.runtime.composite,src/bioetl/composition/bootstrap/runtime/composite.py:107,107,121,15,0,0,0,DEAD,0,,0,,False,,0,0,0,0,0,0,0,0,0,0,0,0,0,0,0,0,0,0,0,0,0
parameter,filter_key,bioetl.composition.bootstrap.runtime.composite.filter_key,function,composition,bioetl.composition.bootstrap.runtime.composite,src/bioetl/composition/bootstrap/runtime/composite.py:109,109,109,1,0,0,0,DEAD,0,,0,,False,,0,0,0,0,0,0,0,0,0,0,0,0,0,0,0,0,0,0,0,0,0
function,_find_filter_key,bioetl.composition.bootstrap.runtime.composite._find_filter_key,module,composition,bioetl.composition.bootstrap.runtime.composite,src/bioetl/composition/bootstrap/runtime/composite.py:124,124,134,11,0,0,0,DEAD,0,,0,,False,,0,0,0,0,0,0,0,0,0,0,0,0,0,0,0,0,0,0,0,0,0
function,_extract_filter_ids_from_keys,bioetl.composition.bootstrap.runtime.composite._extract_filter_ids_from_keys,module,composition,bioetl.composition.bootstrap.runtime.composite,src/bioetl/composition/bootstrap/runtime/composite.py:137,137,165,29,0,0,0,DEAD,0,,0,,False,,0,0,0,0,0,0,0,0,0,0,0,0,0,0,0,0,0,0,0,0,0
variable,filter_key,bioetl.composition.bootstrap.runtime.composite._extract_filter_ids_from_keys.filter_key,function,composition,bioetl.composition.bootstrap.runtime.composite,src/bioetl/composition/bootstrap/runtime/composite.py:150,150,150,1,0,0,0,DEAD,0,,0,,False,,0,0,0,0,0,0,0,0,0,0,0,0,0,0,0,0,0,0,0,0,0
variable,key_values,bioetl.composition.bootstrap.runtime.composite._extract_filter_ids_from_keys.key_values,function,composition,bioetl.composition.bootstrap.runtime.composite,src/bioetl/composition/bootstrap/runtime/composite.py:160,160,160,1,0,0,6,DEAD,0,,1,docs/99-archive/reports/composition_merged.md,False,,6,6,6,6,6,6,6,6,6,6,0,6,6,0,6,6,6,6,6,6,6
function,_extract_field_values,bioetl.composition.bootstrap.runtime.composite._extract_field_values,module,composition,bioetl.composition.bootstrap.runtime.composite,src/bioetl/composition/bootstrap/runtime/composite.py:168,168,182,15,0,0,0,DEAD,0,,0,,False,,0,0,0,0,0,0,0,0,0,0,0,0,0,0,0,0,0,0,0,0,0
variable,_seed_bronze_opts,bioetl.composition.bootstrap.runtime.composite.bootstrap_composite_runner._seed_bronze_opts,function,composition,bioetl.composition.bootstrap.runtime.composite,src/bioetl/composition/bootstrap/runtime/composite.py:299,299,299,1,0,0,0,DEAD,0,,0,,False,,0,0,0,0,0,0,0,0,0,0,0,0,0,0,0,0,0,0,0,0,0
variable,_enricher_bronze_opts,bioetl.composition.bootstrap.runtime.composite.bootstrap_composite_runner._enricher_bronze_opts,function,composition,bioetl.composition.bootstrap.runtime.composite,src/bioetl/composition/bootstrap/runtime/composite.py:300,300,302,3,0,0,0,DEAD,0,,0,,False,,0,0,0,0,0,0,0,0,0,0,0,0,0,0,0,0,0,0,0,0,0
variable,_dependency_bronze_opts,bioetl.composition.bootstrap.runtime.composite.bootstrap_composite_runner._dependency_bronze_opts,function,composition,bioetl.composition.bootstrap.runtime.composite,src/bioetl/composition/bootstrap/runtime/composite.py:303,303,305,3,0,0,0,DEAD,0,,0,,False,,0,0,0,0,0,0,0,0,0,0,0,0,0,0,0,0,0,0,0,0,0
variable,key_values,bioetl.composition.bootstrap.runtime.composite.bootstrap_composite_runner.dependencies_runner_factory.key_values,function,composition,bioetl.composition.bootstrap.runtime.composite,src/bioetl/composition/bootstrap/runtime/composite.py:409,409,411,3,0,0,6,DEAD,0,,1,docs/99-archive/reports/composition_merged.md,False,,6,6,6,6,6,6,6,6,6,6,0,6,6,0,6,6,6,6,6,6,6
variable,silver_base_path,bioetl.composition.bootstrap.runtime.composite.bootstrap_composite_runner.silver_base_path,function,composition,bioetl.composition.bootstrap.runtime.composite,src/bioetl/composition/bootstrap/runtime/composite.py:455,455,455,1,0,0,2,DEAD,0,,1,docs/99-archive/reports/composition_merged.md,False,,2,2,2,2,2,2,2,2,2,2,0,2,2,0,2,2,2,2,2,2,2
function,_load_field_group_registry,bioetl.composition.bootstrap.runtime.composite._load_field_group_registry,module,composition,bioetl.composition.bootstrap.runtime.composite,src/bioetl/composition/bootstrap/runtime/composite.py:542,542,589,48,0,0,0,DEAD,0,,0,,False,,0,0,0,0,0,0,0,0,0,0,0,0,0,0,0,0,0,0,0,0,0
function,_create_dq_report_service,bioetl.composition.bootstrap.runtime.composite._create_dq_report_service,module,composition,bioetl.composition.bootstrap.runtime.composite,src/bioetl/composition/bootstrap/runtime/composite.py:592,592,621,30,0,0,2,DEAD,0,,1,docs/99-archive/reports/composition_merged.md,False,,2,2,2,2,2,2,2,2,2,2,0,2,2,0,2,2,2,2,2,2,2
variable,reports_base_path,bioetl.composition.bootstrap.runtime.composite._create_dq_report_service.reports_base_path,function,composition,bioetl.composition.bootstrap.runtime.composite,src/bioetl/composition/bootstrap/runtime/composite.py:612,612,612,1,0,0,2,DEAD,0,,1,docs/99-archive/reports/composition_merged.md,False,,2,2,2,2,2,2,2,2,2,2,0,2,2,0,2,2,2,2,2,2,2
variable,obs,bioetl.composition.bootstrap.runtime.observability.maybe_start_metrics_server.obs,function,composition,bioetl.composition.bootstrap.runtime.observability,src/bioetl/composition/bootstrap/runtime/observability.py:259,259,259,1,0,0,10,DEAD,0,,3,docs/04-reference/api/composition/bootstrap.md;docs/99-archive/reports/composition_merged.md;docs/99-archive/reports/documentation_merged.md,False,,10,7,7,7,7,7,7,7,7,7,0,7,7,0,7,7,7,7,7,7,7
variable,obs_settings,bioetl.composition.bootstrap.runtime.observability.bootstrap_dq_monitor_port.obs_settings,function,composition,bioetl.composition.bootstrap.runtime.observability,src/bioetl/composition/bootstrap/runtime/observability.py:306,306,306,1,0,0,7,DEAD,0,,1,docs/99-archive/reports/composition_merged.md,False,,7,7,7,7,7,7,7,7,7,7,0,7,7,0,7,7,7,7,7,7,7
variable,effective_logger,bioetl.composition.bootstrap.runtime.observability.bootstrap_dq_monitor_port.effective_logger,function,composition,bioetl.composition.bootstrap.runtime.observability,src/bioetl/composition/bootstrap/runtime/observability.py:311,311,311,1,0,0,2,DEAD,0,,1,docs/99-archive/reports/composition_merged.md,False,,2,2,2,2,2,2,2,2,2,2,0,2,2,0,2,2,2,2,2,2,2
variable,effective_registry,bioetl.composition.bootstrap.runtime.pipeline.bootstrap_pipeline_runner.effective_registry,function,composition,bioetl.composition.bootstrap.runtime.pipeline,src/bioetl/composition/bootstrap/runtime/pipeline.py:84,84,84,1,0,0,2,DEAD,0,,1,docs/99-archive/reports/composition_merged.md,False,,4,2,2,2,2,2,2,2,2,2,0,2,2,0,2,2,2,2,2,2,2
variable,pipeline_def,bioetl.composition.bootstrap.runtime.pipeline.bootstrap_pipeline_runner.pipeline_def,function,composition,bioetl.composition.bootstrap.runtime.pipeline,src/bioetl/composition/bootstrap/runtime/pipeline.py:148,148,148,1,0,0,2,DEAD,0,,1,docs/99-archive/reports/composition_merged.md,False,,4,2,2,2,2,2,2,2,2,2,0,2,2,0,2,2,2,2,2,2,2
variable,_bootstrap_logger,bioetl.composition.bootstrap_logger._bootstrap_logger,module,composition,bioetl.composition.bootstrap_logger,src/bioetl/composition/bootstrap_logger.py:35,35,35,1,0,0,8,DEAD,0,,1,docs/99-archive/reports/composition_merged.md,False,,8,8,8,8,8,8,8,8,8,8,0,8,8,0,8,8,8,8,8,8,8
variable,_bootstrap_logger,bioetl.composition.bootstrap_logger.get_bootstrap_logger._bootstrap_logger,function,composition,bioetl.composition.bootstrap_logger,src/bioetl/composition/bootstrap_logger.py:67,67,70,4,0,0,8,DEAD,0,,1,docs/99-archive/reports/composition_merged.md,False,,8,8,8,8,8,8,8,8,8,8,0,8,8,0,8,8,8,8,8,8,8
variable,_bootstrap_logger,bioetl.composition.bootstrap_logger.reset_bootstrap_logger._bootstrap_logger,function,composition,bioetl.composition.bootstrap_logger,src/bioetl/composition/bootstrap_logger.py:82,82,82,1,0,0,8,DEAD,0,,1,docs/99-archive/reports/composition_merged.md,False,,8,8,8,8,8,8,8,8,8,8,0,8,8,0,8,8,8,8,8,8,8
constant,BOOTSTRAP_LOGGER_EXPORTS,bioetl.composition.bootstrap_logger.BOOTSTRAP_LOGGER_EXPORTS,module,composition,bioetl.composition.bootstrap_logger,src/bioetl/composition/bootstrap_logger.py:140,140,140,1,0,0,0,DEAD,0,,0,,False,,0,0,0,0,0,0,0,0,0,0,0,0,0,0,0,0,0,0,0,0,0
parameter,effective_csv,bioetl.composition.builders.FilterConfigBuilder.effective_csv,method,composition,bioetl.composition.builders,src/bioetl/composition/builders.py:33,33,33,1,0,0,8,DEAD,0,,1,docs/99-archive/reports/composition_merged.md,False,,8,8,8,8,8,8,8,8,8,8,0,8,8,0,8,8,8,8,8,8,8
variable,effective_column,bioetl.composition.builders.FilterConfigBuilder._build_single_column_config.effective_column,method,composition,bioetl.composition.builders,src/bioetl/composition/builders.py:63,63,63,1,0,0,2,DEAD,0,,1,docs/99-archive/reports/composition_merged.md,False,,2,2,2,2,2,2,2,2,2,2,0,2,2,0,2,2,2,2,2,2,2
variable,effective_field,bioetl.composition.builders.FilterConfigBuilder._build_single_column_config.effective_field,method,composition,bioetl.composition.builders,src/bioetl/composition/builders.py:64,64,64,1,0,0,2,DEAD,0,,1,docs/99-archive/reports/composition_merged.md,False,,2,2,2,2,2,2,2,2,2,2,0,2,2,0,2,2,2,2,2,2,2
variable,effective_fallback,bioetl.composition.builders.FilterConfigBuilder._build_single_column_config.effective_fallback,method,composition,bioetl.composition.builders,src/bioetl/composition/builders.py:65,65,65,1,0,0,2,DEAD,0,,1,docs/99-archive/reports/composition_merged.md,False,,2,2,2,2,2,2,2,2,2,2,0,2,2,0,2,2,2,2,2,2,2
method,from_direct_ids,bioetl.composition.builders.FilterConfigBuilder.from_direct_ids,class,composition,bioetl.composition.builders,src/bioetl/composition/builders.py:76,76,92,17,0,0,2,DEAD,0,,1,docs/99-archive/reports/composition_merged.md,False,,2,2,2,2,2,2,2,2,2,2,0,2,2,0,2,2,2,2,2,2,2
method,from_direct_multi_ids,bioetl.composition.builders.FilterConfigBuilder.from_direct_multi_ids,class,composition,bioetl.composition.builders,src/bioetl/composition/builders.py:95,95,117,23,0,0,0,DEAD,0,,0,,False,,0,0,0,0,0,0,0,0,0,0,0,0,0,0,0,0,0,0,0,0,0
variable,effective_csv,bioetl.composition.builders.FilterConfigBuilder.build.effective_csv,method,composition,bioetl.composition.builders,src/bioetl/composition/builders.py:183,183,183,1,0,0,8,DEAD,0,,1,docs/99-archive/reports/composition_merged.md,False,,8,8,8,8,8,8,8,8,8,8,0,8,8,0,8,8,8,8,8,8,8
variable,adapter_kwargs,bioetl.composition.factories.data_source_factory.DataSourceFactory.create.adapter_kwargs,method,composition,bioetl.composition.factories.data_source_factory,src/bioetl/composition/factories/data_source_factory.py:79,79,79,1,0,0,2,DEAD,0,,1,docs/99-archive/reports/composition_merged.md,False,,2,2,2,2,2,2,2,2,2,2,0,2,2,0,2,2,2,2,2,2,2
method,_create_from_registry,bioetl.composition.factories.http_client_factory.HttpClientFactory._create_from_registry,class,composition,bioetl.composition.factories.http_client_factory,src/bioetl/composition/factories/http_client_factory.py:88,88,181,94,0,0,2,DEAD,0,,1,docs/99-archive/reports/composition_merged.md,False,,2,2,2,2,2,2,2,2,2,2,0,2,2,0,2,2,2,2,2,2,2
method,_check_setting,bioetl.composition.factories.http_client_factory.HttpClientFactory._check_setting,class,composition,bioetl.composition.factories.http_client_factory,src/bioetl/composition/factories/http_client_factory.py:184,184,195,12,0,0,2,DEAD,0,,1,docs/99-archive/reports/composition_merged.md,False,,2,2,2,2,2,2,2,2,2,2,0,2,2,0,2,2,2,2,2,2,2
parameter,setting_name,bioetl.composition.factories.http_client_factory.HttpClientFactory.setting_name,method,composition,bioetl.composition.factories.http_client_factory,src/bioetl/composition/factories/http_client_factory.py:184,184,184,1,0,0,5,DEAD,0,,1,docs/99-archive/reports/composition_merged.md,False,,5,5,5,5,5,5,5,5,5,5,0,5,5,0,5,5,5,5,5,5,5
class,PipelineFactoryConfig,bioetl.composition.factories.pipeline_factories.PipelineFactoryConfig,module,composition,bioetl.composition.factories.pipeline_factories,src/bioetl/composition/factories/pipeline_factories.py:182,182,210,29,0,0,24,DEAD,0,,2,docs/99-archive/reports/composition_merged.md;docs/99-archive/reports/documentation_merged.md,False,,49,49,49,49,49,49,49,49,49,49,25,49,49,25,49,49,49,49,49,49,49
variable,data_source_provider,bioetl.composition.factories.pipeline_factories.PipelineFactoryConfig.data_source_provider,class,composition,bioetl.composition.factories.pipeline_factories,src/bioetl/composition/factories/pipeline_factories.py:210,210,210,1,0,0,0,DEAD,0,,0,,False,,6,6,6,6,6,6,6,6,6,6,6,6,6,6,6,6,6,6,6,6,6
function,_create_factory,bioetl.composition.factories.pipeline_factories._create_factory,module,composition,bioetl.composition.factories.pipeline_factories,src/bioetl/composition/factories/pipeline_factories.py:392,392,417,26,0,0,2,DEAD,0,,1,docs/99-archive/reports/composition_merged.md,False,,4,4,4,4,4,4,4,4,4,4,2,4,4,2,4,4,4,4,4,4,4
variable,chembl_assay_factory,bioetl.composition.factories.pipeline_factories.chembl_assay_factory,module,composition,bioetl.composition.factories.pipeline_factories,src/bioetl/composition/factories/pipeline_factories.py:431,431,431,1,0,0,2,DEAD,0,,1,docs/99-archive/reports/composition_merged.md,False,,4,4,4,4,4,4,4,4,4,4,2,4,4,2,4,4,4,4,4,4,4
variable,chembl_assay_parameters_factory,bioetl.composition.factories.pipeline_factories.chembl_assay_parameters_factory,module,composition,bioetl.composition.factories.pipeline_factories,src/bioetl/composition/factories/pipeline_factories.py:432,432,432,1,0,0,2,DEAD,0,,1,docs/99-archive/reports/composition_merged.md,False,,4,4,4,4,4,4,4,4,4,4,2,4,4,2,4,4,4,4,4,4,4
variable,chembl_publication_factory,bioetl.composition.factories.pipeline_factories.chembl_publication_factory,module,composition,bioetl.composition.factories.pipeline_factories,src/bioetl/composition/factories/pipeline_factories.py:435,435,435,1,0,0,2,DEAD,0,,1,docs/99-archive/reports/composition_merged.md,False,,4,4,4,4,4,4,4,4,4,4,2,4,4,2,4,4,4,4,4,4,4
variable,chembl_publication_similarity_factory,bioetl.composition.factories.pipeline_factories.chembl_publication_similarity_factory,module,composition,bioetl.composition.factories.pipeline_factories,src/bioetl/composition/factories/pipeline_factories.py:436,436,436,1,0,0,2,DEAD,0,,1,docs/99-archive/reports/composition_merged.md,False,,4,4,4,4,4,4,4,4,4,4,2,4,4,2,4,4,4,4,4,4,4
variable,chembl_publication_term_factory,bioetl.composition.factories.pipeline_factories.chembl_publication_term_factory,module,composition,bioetl.composition.factories.pipeline_factories,src/bioetl/composition/factories/pipeline_factories.py:437,437,437,1,0,0,2,DEAD,0,,1,docs/99-archive/reports/composition_merged.md,False,,4,4,4,4,4,4,4,4,4,4,2,4,4,2,4,4,4,4,4,4,4
variable,chembl_molecule_factory,bioetl.composition.factories.pipeline_factories.chembl_molecule_factory,module,composition,bioetl.composition.factories.pipeline_factories,src/bioetl/composition/factories/pipeline_factories.py:438,438,438,1,0,0,2,DEAD,0,,1,docs/99-archive/reports/composition_merged.md,False,,4,4,4,4,4,4,4,4,4,4,2,4,4,2,4,4,4,4,4,4,4
variable,chembl_target_factory,bioetl.composition.factories.pipeline_factories.chembl_target_factory,module,composition,bioetl.composition.factories.pipeline_factories,src/bioetl/composition/factories/pipeline_factories.py:439,439,439,1,0,0,6,DEAD,0,,3,docs/03-guides/add-pipeline-existing-source.md;docs/99-archive/reports/composition_merged.md;docs/99-archive/reports/documentation_merged.md,False,,6,6,6,6,6,6,6,6,6,6,2,8,6,2,6,6,6,6,6,6,6
variable,chembl_tissue_factory,bioetl.composition.factories.pipeline_factories.chembl_tissue_factory,module,composition,bioetl.composition.factories.pipeline_factories,src/bioetl/composition/factories/pipeline_factories.py:441,441,441,1,0,0,0,DEAD,0,,0,,False,,2,2,2,2,2,2,2,2,2,2,2,2,2,2,2,2,2,2,2,2,2
variable,chembl_subcellular_fraction_factory,bioetl.composition.factories.pipeline_factories.chembl_subcellular_fraction_factory,module,composition,bioetl.composition.factories.pipeline_factories,src/bioetl/composition/factories/pipeline_factories.py:442,442,442,1,0,0,0,DEAD,0,,0,,False,,2,2,2,2,2,2,2,2,2,2,2,2,2,2,2,2,2,2,2,2,2
variable,chembl_protein_class_factory,bioetl.composition.factories.pipeline_factories.chembl_protein_class_factory,module,composition,bioetl.composition.factories.pipeline_factories,src/bioetl/composition/factories/pipeline_factories.py:443,443,443,1,0,0,2,DEAD,0,,1,docs/99-archive/reports/composition_merged.md,False,,4,4,4,4,4,4,4,4,4,4,2,4,4,2,4,4,4,4,4,4,4
variable,uniprot_idmapping_factory,bioetl.composition.factories.pipeline_factories.uniprot_idmapping_factory,module,composition,bioetl.composition.factories.pipeline_factories,src/bioetl/composition/factories/pipeline_factories.py:446,446,446,1,0,0,2,DEAD,0,,1,docs/99-archive/reports/composition_merged.md,False,,4,4,4,4,4,4,4,4,4,4,2,4,4,2,4,4,4,4,4,4,4
variable,crossref_publication_factory,bioetl.composition.factories.pipeline_factories.crossref_publication_factory,module,composition,bioetl.composition.factories.pipeline_factories,src/bioetl/composition/factories/pipeline_factories.py:448,448,448,1,0,0,2,DEAD,0,,1,docs/99-archive/reports/composition_merged.md,False,,4,4,4,4,4,4,4,4,4,4,2,4,4,2,4,4,4,4,4,4,4
variable,openalex_publication_factory,bioetl.composition.factories.pipeline_factories.openalex_publication_factory,module,composition,bioetl.composition.factories.pipeline_factories,src/bioetl/composition/factories/pipeline_factories.py:449,449,449,1,0,0,2,DEAD,0,,1,docs/99-archive/reports/composition_merged.md,False,,4,4,4,4,4,4,4,4,4,4,2,4,4,2,4,4,4,4,4,4,4
variable,semanticscholar_publication_factory,bioetl.composition.factories.pipeline_factories.semanticscholar_publication_factory,module,composition,bioetl.composition.factories.pipeline_factories,src/bioetl/composition/factories/pipeline_factories.py:450,450,450,1,0,0,2,DEAD,0,,1,docs/99-archive/reports/composition_merged.md,False,,4,4,4,4,4,4,4,4,4,4,2,4,4,2,4,4,4,4,4,4,4
variable,_registration_lock,bioetl.composition.factories.pipeline_factories._registration_lock,module,composition,bioetl.composition.factories.pipeline_factories,src/bioetl/composition/factories/pipeline_factories.py:458,458,458,1,0,0,3,DEAD,0,,1,docs/99-archive/reports/composition_merged.md,False,,6,6,6,6,6,6,6,6,6,6,3,6,6,3,6,6,6,6,6,6,6
variable,_factories_registered,bioetl.composition.factories.pipeline_factories._factories_registered,module,composition,bioetl.composition.factories.pipeline_factories,src/bioetl/composition/factories/pipeline_factories.py:459,459,459,1,0,0,8,DEAD,0,,1,docs/99-archive/reports/composition_merged.md,False,,16,16,16,16,16,16,16,16,16,16,8,16,16,8,16,16,16,16,16,16,16
variable,_factories_registered,bioetl.composition.factories.pipeline_factories.register_all_pipelines._factories_registered,function,composition,bioetl.composition.factories.pipeline_factories,src/bioetl/composition/factories/pipeline_factories.py:501,501,501,1,0,0,8,DEAD,0,,1,docs/99-archive/reports/composition_merged.md,False,,16,16,16,16,16,16,16,16,16,16,8,16,16,8,16,16,16,16,16,16,16
function,_register_factories_to,bioetl.composition.factories.pipeline_factories._register_factories_to,module,composition,bioetl.composition.factories.pipeline_factories,src/bioetl/composition/factories/pipeline_factories.py:504,504,514,11,0,0,3,DEAD,0,,1,docs/99-archive/reports/composition_merged.md,False,,6,6,6,6,6,6,6,6,6,6,3,6,6,3,6,6,6,6,6,6,6
function,reset_registration,bioetl.composition.factories.pipeline_factories.reset_registration,module,composition,bioetl.composition.factories.pipeline_factories,src/bioetl/composition/factories/pipeline_factories.py:529,529,541,13,0,0,3,DEAD,0,,1,docs/99-archive/reports/composition_merged.md,False,,7,7,7,7,7,7,7,7,7,7,4,7,7,4,7,7,7,7,7,7,7
variable,_factories_registered,bioetl.composition.factories.pipeline_factories.reset_registration._factories_registered,function,composition,bioetl.composition.factories.pipeline_factories,src/bioetl/composition/factories/pipeline_factories.py:541,541,541,1,0,0,8,DEAD,0,,1,docs/99-archive/reports/composition_merged.md,False,,16,16,16,16,16,16,16,16,16,16,8,16,16,8,16,16,16,16,16,16,16
constant,_PIPELINE_FACTORY_API,bioetl.composition.factories.pipeline_factories._PIPELINE_FACTORY_API,module,composition,bioetl.composition.factories.pipeline_factories,src/bioetl/composition/factories/pipeline_factories.py:573,573,577,5,0,0,0,DEAD,0,,0,,False,,1,1,1,1,1,1,1,1,1,1,1,1,1,1,1,1,1,1,1,1,1
variable,TPipeline,bioetl.composition.factories.pipeline_factory.TPipeline,module,composition,bioetl.composition.factories.pipeline_factory,src/bioetl/composition/factories/pipeline_factory.py:69,69,69,1,0,0,9,DEAD,0,,2,docs/99-archive/reports/composition_merged.md;docs/audits/documentation-audit-2026-02-11.md,False,,17,16,16,16,16,16,17,16,16,16,8,16,16,8,16,16,16,16,16,17,16
function,_extract_entity_type,bioetl.composition.factories.pipeline_factory._extract_entity_type,module,composition,bioetl.composition.factories.pipeline_factory,src/bioetl/composition/factories/pipeline_factory.py:81,81,92,12,0,0,5,DEAD,0,,2,docs/99-archive/reports/composition_merged.md;docs/99-archive/reports/documentation_merged.md,False,,9,9,9,9,9,9,9,9,9,9,4,9,9,4,9,9,9,9,9,9,9
parameter,create_data_source_fn,bioetl.composition.factories.pipeline_factory.create_data_source_fn,function,composition,bioetl.composition.factories.pipeline_factory,src/bioetl/composition/factories/pipeline_factory.py:325,325,325,1,0,0,12,DEAD,0,,1,docs/99-archive/reports/composition_merged.md,False,,24,24,24,24,24,24,24,24,24,24,12,24,24,12,24,24,24,24,24,24,24
function,_create_cached_bronze_data_source,bioetl.composition.factories.pipeline_factory._create_cached_bronze_data_source,module,composition,bioetl.composition.factories.pipeline_factory,src/bioetl/composition/factories/pipeline_factory.py:350,350,401,52,0,0,0,DEAD,0,,0,,False,,2,2,2,2,2,2,2,2,2,2,2,2,2,2,2,2,2,2,2,2,2
variable,logger_port,bioetl.composition.factories.pipeline_factory.assemble_runner.logger_port,function,composition,bioetl.composition.factories.pipeline_factory,src/bioetl/composition/factories/pipeline_factory.py:616,616,616,1,0,0,9,DEAD,0,,1,docs/99-archive/reports/composition_merged.md,False,,18,18,18,18,18,18,18,18,18,18,9,18,18,9,18,18,18,18,18,18,18
variable,dq_configs,bioetl.composition.factories.pipeline_factory.assemble_runner.dq_configs,function,composition,bioetl.composition.factories.pipeline_factory,src/bioetl/composition/factories/pipeline_factory.py:671,671,671,1,0,0,5,DEAD,0,,2,docs/99-archive/reports/composition_merged.md;docs/99-archive/reports/config-audit/config_analysis_report.yaml,False,,9,9,9,9,9,9,9,9,9,9,4,9,9,4,9,9,9,9,9,9,9
variable,dq_output_paths,bioetl.composition.factories.pipeline_factory.assemble_runner.dq_output_paths,function,composition,bioetl.composition.factories.pipeline_factory,src/bioetl/composition/factories/pipeline_factory.py:697,697,697,1,0,0,5,DEAD,0,,1,docs/99-archive/reports/composition_merged.md,False,,10,10,10,10,10,10,10,10,10,10,5,10,10,5,10,10,10,10,10,10,10
function,_extract_single_dq_config,bioetl.composition.factories.pipeline_factory._extract_single_dq_config,module,composition,bioetl.composition.factories.pipeline_factory,src/bioetl/composition/factories/pipeline_factory.py:737,737,766,30,0,0,4,DEAD,0,,1,docs/99-archive/reports/composition_merged.md,False,,8,8,8,8,8,8,8,8,8,8,4,8,8,4,8,8,8,8,8,8,8
parameter,config_class,bioetl.composition.factories.pipeline_factory.config_class,function,composition,bioetl.composition.factories.pipeline_factory,src/bioetl/composition/factories/pipeline_factory.py:740,740,740,1,0,0,3,DEAD,0,,1,docs/99-archive/reports/composition_merged.md,False,,6,6,6,6,6,6,6,6,6,6,3,6,6,3,6,6,6,6,6,6,6
function,_get_layer_path,bioetl.composition.factories.pipeline_factory._get_layer_path,module,composition,bioetl.composition.factories.pipeline_factory,src/bioetl/composition/factories/pipeline_factory.py:803,803,805,3,0,0,4,DEAD,0,,1,docs/99-archive/reports/composition_merged.md,False,,8,8,8,8,8,8,8,8,8,8,4,8,8,4,8,8,8,8,8,8,8
function,_has_flat_structure,bioetl.composition.factories.pipeline_factory._has_flat_structure,module,composition,bioetl.composition.factories.pipeline_factory,src/bioetl/composition/factories/pipeline_factory.py:808,808,810,3,0,0,3,DEAD,0,,1,docs/99-archive/reports/composition_merged.md,False,,6,6,6,6,6,6,6,6,6,6,3,6,6,3,6,6,6,6,6,6,6
variable,transform_cb,bioetl.composition.factories.services_factory.extract_pipeline_callbacks.transform_cb,function,composition,bioetl.composition.factories.services_factory,src/bioetl/composition/factories/services_factory.py:108,108,108,1,0,0,2,DEAD,0,,1,docs/99-archive/reports/composition_merged.md,False,,4,4,4,4,4,4,4,4,4,4,2,4,4,2,4,4,4,4,4,4,4
variable,gold_filter_cb,bioetl.composition.factories.services_factory.extract_pipeline_callbacks.gold_filter_cb,function,composition,bioetl.composition.factories.services_factory,src/bioetl/composition/factories/services_factory.py:109,109,111,3,0,0,2,DEAD,0,,1,docs/99-archive/reports/composition_merged.md,False,,4,4,4,4,4,4,4,4,4,4,2,4,4,2,4,4,4,4,4,4,4
variable,gold_transform_cb,bioetl.composition.factories.services_factory.extract_pipeline_callbacks.gold_transform_cb,function,composition,bioetl.composition.factories.services_factory,src/bioetl/composition/factories/services_factory.py:112,112,116,5,0,0,2,DEAD,0,,1,docs/99-archive/reports/composition_merged.md,False,,4,4,4,4,4,4,4,4,4,4,2,4,4,2,4,4,4,4,4,4,4
variable,storage_ctx,bioetl.composition.factories.services_factory.BaseServicesFactory.create_common_services.storage_ctx,method,composition,bioetl.composition.factories.services_factory,src/bioetl/composition/factories/services_factory.py:174,174,181,8,0,0,5,DEAD,0,,1,docs/99-archive/reports/composition_merged.md,False,,10,10,10,10,10,10,10,10,10,10,5,10,10,5,10,10,10,10,10,10,10
variable,dq_services,bioetl.composition.factories.services_factory.BaseServicesFactory.create_common_services.dq_services,method,composition,bioetl.composition.factories.services_factory,src/bioetl/composition/factories/services_factory.py:195,195,199,5,0,0,6,DEAD,0,,1,docs/99-archive/reports/composition_merged.md,False,,12,12,12,12,12,12,12,12,12,12,6,12,12,6,12,12,12,12,12,12,12
method,_create_lock,bioetl.composition.factories.services_factory.BaseServicesFactory._create_lock,class,composition,bioetl.composition.factories.services_factory,src/bioetl/composition/factories/services_factory.py:219,219,221,3,0,0,2,DEAD,0,,1,docs/99-archive/reports/composition_merged.md,False,,4,4,4,4,4,4,4,4,4,4,2,4,4,2,4,4,4,4,4,4,4
method,_create_checkpoint,bioetl.composition.factories.services_factory.BaseServicesFactory._create_checkpoint,class,composition,bioetl.composition.factories.services_factory,src/bioetl/composition/factories/services_factory.py:224,224,226,3,0,0,2,DEAD,0,,1,docs/99-archive/reports/composition_merged.md,False,,4,4,4,4,4,4,4,4,4,4,2,4,4,2,4,4,4,4,4,4,4
parameter,storage_ctx,bioetl.composition.factories.services_factory.BaseServicesFactory.storage_ctx,method,composition,bioetl.composition.factories.services_factory,src/bioetl/composition/factories/services_factory.py:224,224,224,1,0,0,5,DEAD,0,,1,docs/99-archive/reports/composition_merged.md,False,,10,10,10,10,10,10,10,10,10,10,5,10,10,5,10,10,10,10,10,10,10
method,_create_quarantine,bioetl.composition.factories.services_factory.BaseServicesFactory._create_quarantine,class,composition,bioetl.composition.factories.services_factory,src/bioetl/composition/factories/services_factory.py:229,229,237,9,0,0,2,DEAD,0,,1,docs/99-archive/reports/composition_merged.md,False,,4,4,4,4,4,4,4,4,4,4,2,4,4,2,4,4,4,4,4,4,4
method,_create_metrics,bioetl.composition.factories.services_factory.BaseServicesFactory._create_metrics,class,composition,bioetl.composition.factories.services_factory,src/bioetl/composition/factories/services_factory.py:240,240,243,4,0,0,2,DEAD,0,,1,docs/99-archive/reports/composition_merged.md,False,,4,4,4,4,4,4,4,4,4,4,2,4,4,2,4,4,4,4,4,4,4
method,_get_output_root,bioetl.composition.factories.services_factory.BaseServicesFactory._get_output_root,class,composition,bioetl.composition.factories.services_factory,src/bioetl/composition/factories/services_factory.py:246,246,277,32,0,0,2,DEAD,0,,1,docs/99-archive/reports/composition_merged.md,False,,4,4,4,4,4,4,4,4,4,4,2,4,4,2,4,4,4,4,4,4,4
variable,dq_enabled,bioetl.composition.factories.services_factory.BaseServicesFactory._create_dq_services.dq_enabled,method,composition,bioetl.composition.factories.services_factory,src/bioetl/composition/factories/services_factory.py:297,297,297,1,0,0,2,DEAD,0,,1,docs/99-archive/reports/composition_merged.md,False,,4,4,4,4,4,4,4,4,4,4,2,4,4,2,4,4,4,4,4,4,4
variable,output_root,bioetl.composition.factories.services_factory.BaseServicesFactory._create_dq_services.output_root,method,composition,bioetl.composition.factories.services_factory,src/bioetl/composition/factories/services_factory.py:308,308,308,1,0,0,2,DEAD,0,,1,docs/99-archive/reports/composition_merged.md,False,,4,4,4,4,4,4,4,4,4,4,2,4,4,2,4,4,4,4,4,4,4
variable,dq_reports_path,bioetl.composition.factories.services_factory.BaseServicesFactory._create_dq_services.dq_reports_path,method,composition,bioetl.composition.factories.services_factory,src/bioetl/composition/factories/services_factory.py:309,309,309,1,0,0,2,DEAD,0,,1,docs/99-archive/reports/composition_merged.md,False,,4,4,4,4,4,4,4,4,4,4,2,4,4,2,4,4,4,4,4,4,4
variable,report_service,bioetl.composition.factories.services_factory.BaseServicesFactory._create_dq_services.report_service,method,composition,bioetl.composition.factories.services_factory,src/bioetl/composition/factories/services_factory.py:321,321,327,7,0,0,4,DEAD,0,,1,docs/99-archive/reports/composition_merged.md,False,,8,8,8,8,8,8,8,8,8,8,4,8,8,4,8,8,8,8,8,8,8
method,_is_dq_report_enabled,bioetl.composition.factories.services_factory.BaseServicesFactory._is_dq_report_enabled,class,composition,bioetl.composition.factories.services_factory,src/bioetl/composition/factories/services_factory.py:338,338,355,18,0,0,2,DEAD,0,,1,docs/99-archive/reports/composition_merged.md,False,,4,4,4,4,4,4,4,4,4,4,2,4,4,2,4,4,4,4,4,4,4
method,_get_flat_structure,bioetl.composition.factories.services_factory.BaseServicesFactory._get_flat_structure,class,composition,bioetl.composition.factories.services_factory,src/bioetl/composition/factories/services_factory.py:358,358,378,21,0,0,2,DEAD,0,,1,docs/99-archive/reports/composition_merged.md,False,,4,4,4,4,4,4,4,4,4,4,2,4,4,2,4,4,4,4,4,4,4
method,create_record_processor,bioetl.composition.factories.services_factory.ServicesBuilder.create_record_processor,class,composition,bioetl.composition.factories.services_factory,src/bioetl/composition/factories/services_factory.py:423,423,513,91,0,0,2,DEAD,0,,1,docs/99-archive/reports/composition_merged.md,False,,4,4,4,4,4,4,4,4,4,4,2,4,4,2,4,4,4,4,4,4,4
method,create_record_processor_from_pipeline,bioetl.composition.factories.services_factory.ServicesBuilder.create_record_processor_from_pipeline,class,composition,bioetl.composition.factories.services_factory,src/bioetl/composition/factories/services_factory.py:516,516,566,51,0,0,1,DEAD,0,,1,docs/99-archive/reports/composition_merged.md,False,,2,2,2,2,2,2,2,2,2,2,1,2,2,1,2,2,2,2,2,2,2
method,_run_clear,bioetl.composition.factories.storage_adapter.StorageAdapter._run_clear,class,composition,bioetl.composition.factories.storage_adapter,src/bioetl/composition/factories/storage_adapter.py:293,293,310,18,0,0,3,DEAD,0,,1,docs/99-archive/reports/composition_merged.md,False,,3,3,3,3,3,3,3,3,3,3,0,3,3,0,3,3,3,3,3,3,3
variable,cleared_count,bioetl.composition.factories.storage_adapter.StorageAdapter.clear_delta.cleared_count,method,composition,bioetl.composition.factories.storage_adapter,src/bioetl/composition/factories/storage_adapter.py:349,349,349,1,0,0,4,DEAD,0,,1,docs/99-archive/reports/composition_merged.md,False,,4,4,4,4,4,4,4,4,4,4,0,4,4,0,4,4,4,4,4,4,4
method,_preview_layer,bioetl.composition.factories.storage_adapter.StorageAdapter._preview_layer,class,composition,bioetl.composition.factories.storage_adapter,src/bioetl/composition/factories/storage_adapter.py:392,392,417,26,0,0,3,DEAD,0,,1,docs/99-archive/reports/composition_merged.md,False,,3,3,3,3,3,3,3,3,3,3,0,3,3,0,3,3,3,3,3,3,3
method,_check_storage_health_sync,bioetl.composition.factories.storage_adapter.StorageAdapter._check_storage_health_sync,class,composition,bioetl.composition.factories.storage_adapter,src/bioetl/composition/factories/storage_adapter.py:441,441,463,23,0,0,2,DEAD,0,,1,docs/99-archive/reports/composition_merged.md,False,,2,2,2,2,2,2,2,2,2,2,0,2,2,0,2,2,2,2,2,2,2
variable,total_removed,bioetl.composition.factories.storage_adapter.StorageAdapter.vacuum.total_removed,method,composition,bioetl.composition.factories.storage_adapter,src/bioetl/composition/factories/storage_adapter.py:516,516,516,1,0,0,4,DEAD,0,,1,docs/99-archive/reports/composition_merged.md,False,,4,4,4,4,4,4,4,4,4,4,0,4,4,0,4,4,4,4,4,4,4
variable,total_archived,bioetl.composition.factories.storage_adapter.StorageAdapter.archive.total_archived,method,composition,bioetl.composition.factories.storage_adapter,src/bioetl/composition/factories/storage_adapter.py:567,567,567,1,0,0,4,DEAD,0,,1,docs/99-archive/reports/composition_merged.md,False,,4,4,4,4,4,4,4,4,4,4,0,4,4,0,4,4,4,4,4,4,4
variable,silver_target,bioetl.composition.factories.storage_adapter.StorageAdapter.archive.silver_target,method,composition,bioetl.composition.factories.storage_adapter,src/bioetl/composition/factories/storage_adapter.py:572,572,572,1,0,0,3,DEAD,0,,1,docs/99-archive/reports/composition_merged.md,False,,3,3,3,3,3,3,3,3,3,3,0,3,3,0,3,3,3,3,3,3,3
variable,gold_target,bioetl.composition.factories.storage_adapter.StorageAdapter.archive.gold_target,method,composition,bioetl.composition.factories.storage_adapter,src/bioetl/composition/factories/storage_adapter.py:591,591,591,1,0,0,3,DEAD,0,,1,docs/99-archive/reports/composition_merged.md,False,,3,3,3,3,3,3,3,3,3,3,0,3,3,0,3,3,3,3,3,3,3
method,_create_metadata_writer,bioetl.composition.factories.storage_factory.StorageFactory._create_metadata_writer,class,composition,bioetl.composition.factories.storage_factory,src/bioetl/composition/factories/storage_factory.py:52,52,58,7,0,0,4,DEAD,0,,1,docs/99-archive/reports/composition_merged.md,False,,4,4,4,4,4,4,4,4,4,4,0,4,4,0,4,4,4,4,4,4,4
method,_create_csv_exporter_from_config,bioetl.composition.factories.storage_factory.StorageFactory._create_csv_exporter_from_config,class,composition,bioetl.composition.factories.storage_factory,src/bioetl/composition/factories/storage_factory.py:61,61,84,24,0,0,3,DEAD,0,,1,docs/99-archive/reports/composition_merged.md,False,,3,3,3,3,3,3,3,3,3,3,0,3,3,0,3,3,3,3,3,3,3
parameter,csv_cfg,bioetl.composition.factories.storage_factory.StorageFactory.csv_cfg,method,composition,bioetl.composition.factories.storage_factory,src/bioetl/composition/factories/storage_factory.py:62,62,62,1,0,0,9,DEAD,0,,1,docs/99-archive/reports/composition_merged.md,False,,9,9,9,9,9,9,9,9,9,9,0,9,9,0,9,9,9,9,9,9,9
parameter,override_path,bioetl.composition.factories.storage_factory.StorageFactory.override_path,method,composition,bioetl.composition.factories.storage_factory,src/bioetl/composition/factories/storage_factory.py:64,64,64,1,0,0,5,DEAD,0,,1,docs/99-archive/reports/composition_merged.md,False,,5,5,5,5,5,5,5,5,5,5,0,5,5,0,5,5,5,5,5,5,5
method,_resolve_layer_path,bioetl.composition.factories.storage_factory.StorageFactory._resolve_layer_path,class,composition,bioetl.composition.factories.storage_factory,src/bioetl/composition/factories/storage_factory.py:87,87,93,7,0,0,4,DEAD,0,,1,docs/99-archive/reports/composition_merged.md,False,,4,4,4,4,4,4,4,4,4,4,0,4,4,0,4,4,4,4,4,4,4
parameter,default_path,bioetl.composition.factories.storage_factory.StorageFactory.default_path,method,composition,bioetl.composition.factories.storage_factory,src/bioetl/composition/factories/storage_factory.py:88,88,88,1,0,0,2,DEAD,0,,1,docs/99-archive/reports/composition_merged.md,False,,2,2,2,2,2,2,2,2,2,2,0,2,2,0,2,2,2,2,2,2,2
parameter,use_yaml_paths,bioetl.composition.factories.storage_factory.StorageFactory.use_yaml_paths,method,composition,bioetl.composition.factories.storage_factory,src/bioetl/composition/factories/storage_factory.py:88,88,88,1,0,0,6,DEAD,0,,1,docs/99-archive/reports/composition_merged.md,False,,6,6,6,6,6,6,6,6,6,6,0,6,6,0,6,6,6,6,6,6,6
method,_create_storage_adapter,bioetl.composition.factories.storage_factory.StorageFactory._create_storage_adapter,class,composition,bioetl.composition.factories.storage_factory,src/bioetl/composition/factories/storage_factory.py:96,96,180,85,0,0,2,DEAD,0,,1,docs/99-archive/reports/composition_merged.md,False,,2,2,2,2,2,2,2,2,2,2,0,2,2,0,2,2,2,2,2,2,2
parameter,bronze_flat_structure,bioetl.composition.factories.storage_factory.StorageFactory.bronze_flat_structure,method,composition,bioetl.composition.factories.storage_factory,src/bioetl/composition/factories/storage_factory.py:111,111,111,1,0,0,5,DEAD,0,,1,docs/99-archive/reports/composition_merged.md,False,,5,5,5,5,5,5,5,5,5,5,0,5,5,0,5,5,5,5,5,5,5
parameter,silver_flat_structure,bioetl.composition.factories.storage_factory.StorageFactory.silver_flat_structure,method,composition,bioetl.composition.factories.storage_factory,src/bioetl/composition/factories/storage_factory.py:112,112,112,1,0,0,5,DEAD,0,,1,docs/99-archive/reports/composition_merged.md,False,,5,5,5,5,5,5,5,5,5,5,0,5,5,0,5,5,5,5,5,5,5
parameter,gold_flat_structure,bioetl.composition.factories.storage_factory.StorageFactory.gold_flat_structure,method,composition,bioetl.composition.factories.storage_factory,src/bioetl/composition/factories/storage_factory.py:113,113,113,1,0,0,5,DEAD,0,,1,docs/99-archive/reports/composition_merged.md,False,,5,5,5,5,5,5,5,5,5,5,0,5,5,0,5,5,5,5,5,5,5
variable,bronze_save_metadata,bioetl.composition.factories.storage_factory.StorageFactory._create_storage_adapter.bronze_save_metadata,method,composition,bioetl.composition.factories.storage_factory,src/bioetl/composition/factories/storage_factory.py:123,123,123,1,0,0,7,DEAD,0,,1,docs/99-archive/reports/composition_merged.md,False,,7,7,7,7,7,7,7,7,7,7,0,7,7,0,7,7,7,7,7,7,7
variable,effective_tracing,bioetl.composition.factories.storage_factory.StorageFactory._create_storage_adapter.effective_tracing,method,composition,bioetl.composition.factories.storage_factory,src/bioetl/composition/factories/storage_factory.py:128,128,128,1,0,0,4,DEAD,0,,1,docs/99-archive/reports/composition_merged.md,False,,4,4,4,4,4,4,4,4,4,4,0,4,4,0,4,4,4,4,4,4,4
variable,silver_save_metadata,bioetl.composition.factories.storage_factory.StorageFactory._create_storage_adapter.silver_save_metadata,method,composition,bioetl.composition.factories.storage_factory,src/bioetl/composition/factories/storage_factory.py:131,131,131,1,0,0,6,DEAD,0,,1,docs/99-archive/reports/composition_merged.md,False,,6,6,6,6,6,6,6,6,6,6,0,6,6,0,6,6,6,6,6,6,6
variable,gold_save_metadata,bioetl.composition.factories.storage_factory.StorageFactory._create_storage_adapter.gold_save_metadata,method,composition,bioetl.composition.factories.storage_factory,src/bioetl/composition/factories/storage_factory.py:132,132,132,1,0,0,6,DEAD,0,,1,docs/99-archive/reports/composition_merged.md,False,,6,6,6,6,6,6,6,6,6,6,0,6,6,0,6,6,6,6,6,6,6
variable,bronze_metadata_writer,bioetl.composition.factories.storage_factory.StorageFactory._create_storage_adapter.bronze_metadata_writer,method,composition,bioetl.composition.factories.storage_factory,src/bioetl/composition/factories/storage_factory.py:134,134,136,3,0,0,2,DEAD,0,,1,docs/99-archive/reports/composition_merged.md,False,,2,2,2,2,2,2,2,2,2,2,0,2,2,0,2,2,2,2,2,2,2
variable,silver_metadata_writer,bioetl.composition.factories.storage_factory.StorageFactory._create_storage_adapter.silver_metadata_writer,method,composition,bioetl.composition.factories.storage_factory,src/bioetl/composition/factories/storage_factory.py:137,137,139,3,0,0,2,DEAD,0,,1,docs/99-archive/reports/composition_merged.md,False,,2,2,2,2,2,2,2,2,2,2,0,2,2,0,2,2,2,2,2,2,2
variable,gold_metadata_writer,bioetl.composition.factories.storage_factory.StorageFactory._create_storage_adapter.gold_metadata_writer,method,composition,bioetl.composition.factories.storage_factory,src/bioetl/composition/factories/storage_factory.py:140,140,142,3,0,0,2,DEAD,0,,1,docs/99-archive/reports/composition_merged.md,False,,2,2,2,2,2,2,2,2,2,2,0,2,2,0,2,2,2,2,2,2,2
variable,use_yaml_paths,bioetl.composition.factories.storage_factory.StorageFactory.create.use_yaml_paths,method,composition,bioetl.composition.factories.storage_factory,src/bioetl/composition/factories/storage_factory.py:214,214,214,1,0,0,6,DEAD,0,,1,docs/99-archive/reports/composition_merged.md,False,,6,6,6,6,6,6,6,6,6,6,0,6,6,0,6,6,6,6,6,6,6
variable,bronze_save_metadata,bioetl.composition.factories.storage_factory.StorageFactory.create.bronze_save_metadata,method,composition,bioetl.composition.factories.storage_factory,src/bioetl/composition/factories/storage_factory.py:249,249,249,1,0,0,7,DEAD,0,,1,docs/99-archive/reports/composition_merged.md,False,,7,7,7,7,7,7,7,7,7,7,0,7,7,0,7,7,7,7,7,7,7
variable,silver_save_metadata,bioetl.composition.factories.storage_factory.StorageFactory.create.silver_save_metadata,method,composition,bioetl.composition.factories.storage_factory,src/bioetl/composition/factories/storage_factory.py:250,250,250,1,0,0,6,DEAD,0,,1,docs/99-archive/reports/composition_merged.md,False,,6,6,6,6,6,6,6,6,6,6,0,6,6,0,6,6,6,6,6,6,6
variable,gold_save_metadata,bioetl.composition.factories.storage_factory.StorageFactory.create.gold_save_metadata,method,composition,bioetl.composition.factories.storage_factory,src/bioetl/composition/factories/storage_factory.py:251,251,251,1,0,0,6,DEAD,0,,1,docs/99-archive/reports/composition_merged.md,False,,6,6,6,6,6,6,6,6,6,6,0,6,6,0,6,6,6,6,6,6,6
variable,bronze_flat_structure,bioetl.composition.factories.storage_factory.StorageFactory.create.bronze_flat_structure,method,composition,bioetl.composition.factories.storage_factory,src/bioetl/composition/factories/storage_factory.py:272,272,274,3,0,0,5,DEAD,0,,1,docs/99-archive/reports/composition_merged.md,False,,5,5,5,5,5,5,5,5,5,5,0,5,5,0,5,5,5,5,5,5,5
variable,silver_flat_structure,bioetl.composition.factories.storage_factory.StorageFactory.create.silver_flat_structure,method,composition,bioetl.composition.factories.storage_factory,src/bioetl/composition/factories/storage_factory.py:275,275,277,3,0,0,5,DEAD,0,,1,docs/99-archive/reports/composition_merged.md,False,,5,5,5,5,5,5,5,5,5,5,0,5,5,0,5,5,5,5,5,5,5
variable,gold_flat_structure,bioetl.composition.factories.storage_factory.StorageFactory.create.gold_flat_structure,method,composition,bioetl.composition.factories.storage_factory,src/bioetl/composition/factories/storage_factory.py:278,278,280,3,0,0,5,DEAD,0,,1,docs/99-archive/reports/composition_merged.md,False,,5,5,5,5,5,5,5,5,5,5,0,5,5,0,5,5,5,5,5,5,5
method,_log_export_status,bioetl.composition.factories.storage_factory.StorageFactory._log_export_status,class,composition,bioetl.composition.factories.storage_factory,src/bioetl/composition/factories/storage_factory.py:312,312,341,30,0,0,2,DEAD,0,,1,docs/99-archive/reports/composition_merged.md,False,,2,2,2,2,2,2,2,2,2,2,0,2,2,0,2,2,2,2,2,2,2
parameter,bronze_save_metadata,bioetl.composition.factories.storage_factory.StorageFactory.bronze_save_metadata,method,composition,bioetl.composition.factories.storage_factory,src/bioetl/composition/factories/storage_factory.py:317,317,317,1,0,0,7,DEAD,0,,1,docs/99-archive/reports/composition_merged.md,False,,7,7,7,7,7,7,7,7,7,7,0,7,7,0,7,7,7,7,7,7,7
parameter,silver_save_metadata,bioetl.composition.factories.storage_factory.StorageFactory.silver_save_metadata,method,composition,bioetl.composition.factories.storage_factory,src/bioetl/composition/factories/storage_factory.py:318,318,318,1,0,0,6,DEAD,0,,1,docs/99-archive/reports/composition_merged.md,False,,6,6,6,6,6,6,6,6,6,6,0,6,6,0,6,6,6,6,6,6,6
parameter,gold_save_metadata,bioetl.composition.factories.storage_factory.StorageFactory.gold_save_metadata,method,composition,bioetl.composition.factories.storage_factory,src/bioetl/composition/factories/storage_factory.py:319,319,319,1,0,0,6,DEAD,0,,1,docs/99-archive/reports/composition_merged.md,False,,6,6,6,6,6,6,6,6,6,6,0,6,6,0,6,6,6,6,6,6,6
function,_get_source_config,bioetl.composition.providers._config_helpers._get_source_config,module,composition,bioetl.composition.providers._config_helpers,src/bioetl/composition/providers/_config_helpers.py:37,37,51,15,0,0,5,DEAD,0,,1,docs/99-archive/reports/composition_merged.md,False,,5,5,5,5,5,5,5,5,5,5,0,5,5,0,5,5,5,5,5,5,5
variable,_loaded,bioetl.composition.providers.loader._loaded,module,composition,bioetl.composition.providers.loader,src/bioetl/composition/providers/loader.py:12,12,12,1,0,0,8,DEAD,0,,1,docs/99-archive/reports/composition_merged.md,False,,8,8,8,8,8,8,8,8,8,8,0,8,8,0,8,8,8,8,8,8,8
variable,_loaded,bioetl.composition.providers.loader.load_providers._loaded,function,composition,bioetl.composition.providers.loader,src/bioetl/composition/providers/loader.py:47,47,47,1,0,0,8,DEAD,0,,1,docs/99-archive/reports/composition_merged.md,False,,8,8,8,8,8,8,8,8,8,8,0,8,8,0,8,8,8,8,8,8,8
variable,_loaded,bioetl.composition.providers.loader.reset_loader._loaded,function,composition,bioetl.composition.providers.loader,src/bioetl/composition/providers/loader.py:68,68,68,1,0,0,8,DEAD,0,,1,docs/99-archive/reports/composition_merged.md,False,,8,8,8,8,8,8,8,8,8,8,0,8,8,0,8,8,8,8,8,8,8
constant,_LOADER_API,bioetl.composition.providers.loader._LOADER_API,module,composition,bioetl.composition.providers.loader,src/bioetl/composition/providers/loader.py:72,72,72,1,0,0,0,DEAD,0,,0,,False,,0,0,0,0,0,0,0,0,0,0,0,0,0,0,0,0,0,0,0,0,0
variable,init_kwargs,bioetl.composition.providers.provider_registry.ProviderRegistry.create_adapter.init_kwargs,method,composition,bioetl.composition.providers.provider_registry,src/bioetl/composition/providers/provider_registry.py:203,203,203,1,0,0,4,DEAD,0,,1,docs/99-archive/reports/composition_merged.md,False,,4,4,4,4,4,4,4,4,4,4,0,4,4,0,4,4,4,4,4,4,4
function,_create_pubchem_adapter,bioetl.composition.providers.registration._create_pubchem_adapter,module,composition,bioetl.composition.providers.registration,src/bioetl/composition/providers/registration.py:148,148,180,33,0,0,4,DEAD,0,,1,docs/99-archive/reports/composition_merged.md,False,,8,8,8,8,8,8,8,8,8,8,4,8,8,4,8,8,8,8,8,8,8
variable,cb_threshold,bioetl.composition.providers.registration._create_pubchem_adapter.cb_threshold,function,composition,bioetl.composition.providers.registration,src/bioetl/composition/providers/registration.py:163,163,163,1,0,0,2,DEAD,0,,1,docs/99-archive/reports/composition_merged.md,False,,4,4,4,4,4,4,4,4,4,4,2,4,4,2,4,4,4,4,4,4,4
variable,cb_timeout,bioetl.composition.providers.registration._create_pubchem_adapter.cb_timeout,function,composition,bioetl.composition.providers.registration,src/bioetl/composition/providers/registration.py:164,164,164,1,0,0,2,DEAD,0,,1,docs/99-archive/reports/composition_merged.md,False,,4,4,4,4,4,4,4,4,4,4,2,4,4,2,4,4,4,4,4,4,4
function,_create_pubchem_data_source,bioetl.composition.providers.registration._create_pubchem_data_source,module,composition,bioetl.composition.providers.registration,src/bioetl/composition/providers/registration.py:183,183,198,16,0,0,2,DEAD,0,,1,docs/99-archive/reports/composition_merged.md,False,,4,4,4,4,4,4,4,4,4,4,2,4,4,2,4,4,4,4,4,4,4
function,_create_uniprot_data_source,bioetl.composition.providers.registration._create_uniprot_data_source,module,composition,bioetl.composition.providers.registration,src/bioetl/composition/providers/registration.py:201,201,219,19,0,0,2,DEAD,0,,1,docs/99-archive/reports/composition_merged.md,False,,4,4,4,4,4,4,4,4,4,4,2,4,4,2,4,4,4,4,4,4,4
function,_create_pubmed_data_source,bioetl.composition.providers.registration._create_pubmed_data_source,module,composition,bioetl.composition.providers.registration,src/bioetl/composition/providers/registration.py:222,222,249,28,0,0,6,DEAD,0,,3,docs/03-guides/add-new-source.md;docs/99-archive/reports/composition_merged.md;docs/99-archive/reports/documentation_merged.md,False,,6,6,6,6,6,6,6,6,6,6,2,6,6,2,6,6,6,8,6,6,6
variable,configured_api_key,bioetl.composition.providers.registration._create_pubmed_data_source.configured_api_key,function,composition,bioetl.composition.providers.registration,src/bioetl/composition/providers/registration.py:235,235,235,1,0,0,2,DEAD,0,,1,docs/99-archive/reports/composition_merged.md,False,,4,4,4,4,4,4,4,4,4,4,2,4,4,2,4,4,4,4,4,4,4
variable,settings_api_key,bioetl.composition.providers.registration._create_pubmed_data_source.settings_api_key,function,composition,bioetl.composition.providers.registration,src/bioetl/composition/providers/registration.py:236,236,238,3,0,0,2,DEAD,0,,1,docs/99-archive/reports/composition_merged.md,False,,4,4,4,4,4,4,4,4,4,4,2,4,4,2,4,4,4,4,4,4,4
function,_create_crossref_data_source,bioetl.composition.providers.registration._create_crossref_data_source,module,composition,bioetl.composition.providers.registration,src/bioetl/composition/providers/registration.py:252,252,295,44,0,0,2,DEAD,0,,1,docs/99-archive/reports/composition_merged.md,False,,4,4,4,4,4,4,4,4,4,4,2,4,4,2,4,4,4,4,4,4,4
function,_create_openalex_data_source,bioetl.composition.providers.registration._create_openalex_data_source,module,composition,bioetl.composition.providers.registration,src/bioetl/composition/providers/registration.py:298,298,341,44,0,0,2,DEAD,0,,1,docs/99-archive/reports/composition_merged.md,False,,4,4,4,4,4,4,4,4,4,4,2,4,4,2,4,4,4,4,4,4,4
variable,input_path_str,bioetl.composition.providers.registration._create_uniprot_idmapping_data_source.input_path_str,function,composition,bioetl.composition.providers.registration,src/bioetl/composition/providers/registration.py:442,442,446,5,0,0,2,DEAD,0,,1,docs/99-archive/reports/composition_merged.md,False,,4,4,4,4,4,4,4,4,4,4,2,4,4,2,4,4,4,4,4,4,4
variable,chembl_rate_limit,bioetl.composition.providers.registration.register_all_providers.chembl_rate_limit,function,composition,bioetl.composition.providers.registration,src/bioetl/composition/providers/registration.py:498,498,498,1,0,0,3,DEAD,0,,1,docs/99-archive/reports/composition_merged.md,False,,6,6,6,6,6,6,6,6,6,6,3,6,6,3,6,6,6,6,6,6,6
variable,pubchem_rate_limit,bioetl.composition.providers.registration.register_all_providers.pubchem_rate_limit,function,composition,bioetl.composition.providers.registration,src/bioetl/composition/providers/registration.py:499,499,499,1,0,0,3,DEAD,0,,1,docs/99-archive/reports/composition_merged.md,False,,6,6,6,6,6,6,6,6,6,6,3,6,6,3,6,6,6,6,6,6,6
variable,uniprot_rate_limit,bioetl.composition.providers.registration.register_all_providers.uniprot_rate_limit,function,composition,bioetl.composition.providers.registration,src/bioetl/composition/providers/registration.py:500,500,500,1,0,0,3,DEAD,0,,1,docs/99-archive/reports/composition_merged.md,False,,6,6,6,6,6,6,6,6,6,6,3,6,6,3,6,6,6,6,6,6,6
variable,pubmed_rate_limit,bioetl.composition.providers.registration.register_all_providers.pubmed_rate_limit,function,composition,bioetl.composition.providers.registration,src/bioetl/composition/providers/registration.py:501,501,501,1,0,0,3,DEAD,0,,1,docs/99-archive/reports/composition_merged.md,False,,6,6,6,6,6,6,6,6,6,6,3,6,6,3,6,6,6,6,6,6,6
variable,crossref_rate_limit,bioetl.composition.providers.registration.register_all_providers.crossref_rate_limit,function,composition,bioetl.composition.providers.registration,src/bioetl/composition/providers/registration.py:502,502,502,1,0,0,3,DEAD,0,,1,docs/99-archive/reports/composition_merged.md,False,,6,6,6,6,6,6,6,6,6,6,3,6,6,3,6,6,6,6,6,6,6
variable,openalex_rate_limit,bioetl.composition.providers.registration.register_all_providers.openalex_rate_limit,function,composition,bioetl.composition.providers.registration,src/bioetl/composition/providers/registration.py:595,595,595,1,0,0,3,DEAD,0,,1,docs/99-archive/reports/composition_merged.md,False,,6,6,6,6,6,6,6,6,6,6,3,6,6,3,6,6,6,6,6,6,6
variable,s2_rate_limit,bioetl.composition.providers.registration.register_all_providers.s2_rate_limit,function,composition,bioetl.composition.providers.registration,src/bioetl/composition/providers/registration.py:614,614,614,1,0,0,3,DEAD,0,,1,docs/99-archive/reports/composition_merged.md,False,,6,6,6,6,6,6,6,6,6,6,3,6,6,3,6,6,6,6,6,6,6
variable,uniprot_idmapping_rate_limit,bioetl.composition.providers.registration.register_all_providers.uniprot_idmapping_rate_limit,function,composition,bioetl.composition.providers.registration,src/bioetl/composition/providers/registration.py:635,635,635,1,0,0,3,DEAD,0,,1,docs/99-archive/reports/composition_merged.md,False,,6,6,6,6,6,6,6,6,6,6,3,6,6,3,6,6,6,6,6,6,6
variable,_default_registry,bioetl.composition.registry._default_registry,module,composition,bioetl.composition.registry,src/bioetl/composition/registry.py:257,257,257,1,0,0,2,DEAD,0,,1,docs/99-archive/reports/composition_merged.md,False,,2,2,2,2,2,2,2,2,2,2,0,2,2,0,2,2,2,2,2,2,2
variable,_cached_environment,bioetl.composition.services.metadata_coordinator.MetadataCoordinator._cached_environment,class,composition,bioetl.composition.services.metadata_coordinator,src/bioetl/composition/services/metadata_coordinator.py:95,95,95,1,0,0,5,DEAD,0,,1,docs/99-archive/reports/composition_merged.md,False,,5,5,5,5,5,5,5,5,5,5,0,5,5,0,5,5,5,5,5,5,5
method,_run_type_enum,bioetl.composition.services.metadata_coordinator.MetadataCoordinator._run_type_enum,class,composition,bioetl.composition.services.metadata_coordinator,src/bioetl/composition/services/metadata_coordinator.py:111,111,118,8,0,0,2,DEAD,0,,1,docs/99-archive/reports/composition_merged.md,False,,2,2,2,2,2,2,2,2,2,2,0,2,2,0,2,2,2,2,2,2,2
method,_build_runtime_metadata,bioetl.composition.services.metadata_coordinator.MetadataCoordinator._build_runtime_metadata,class,composition,bioetl.composition.services.metadata_coordinator,src/bioetl/composition/services/metadata_coordinator.py:135,135,157,23,0,0,4,DEAD,0,,1,docs/99-archive/reports/composition_merged.md,False,,4,4,4,4,4,4,4,4,4,4,0,4,4,0,4,4,4,4,4,4,4
method,_build_pipeline_metadata,bioetl.composition.services.metadata_coordinator.MetadataCoordinator._build_pipeline_metadata,class,composition,bioetl.composition.services.metadata_coordinator,src/bioetl/composition/services/metadata_coordinator.py:159,159,168,10,0,0,4,DEAD,0,,1,docs/99-archive/reports/composition_merged.md,False,,4,4,4,4,4,4,4,4,4,4,0,4,4,0,4,4,4,4,4,4,4
variable,rec_count,bioetl.composition.services.metadata_coordinator.MetadataCoordinator.create_silver_metadata.rec_count,method,composition,bioetl.composition.services.metadata_coordinator,src/bioetl/composition/services/metadata_coordinator.py:287,287,287,1,0,0,8,DEAD,0,,1,docs/99-archive/reports/composition_merged.md,False,,8,8,8,8,8,8,8,8,8,8,0,8,8,0,8,8,8,8,8,8,8
variable,rec_count,bioetl.composition.services.metadata_coordinator.MetadataCoordinator.create_gold_metadata.rec_count,method,composition,bioetl.composition.services.metadata_coordinator,src/bioetl/composition/services/metadata_coordinator.py:451,451,451,1,0,0,8,DEAD,0,,1,docs/99-archive/reports/composition_merged.md,False,,8,8,8,8,8,8,8,8,8,8,0,8,8,0,8,8,8,8,8,8,8
function,_list,bioetl.interfaces.cli.commands.checkpoint.checkpoint_list._list,function,interfaces,bioetl.interfaces.cli.commands.checkpoint,src/bioetl/interfaces/cli/commands/checkpoint.py:29,29,32,4,0,0,4,DEAD,0,,3,docs/99-archive/decisions/ADR-030-publication-field-unification.md;docs/99-archive/reports/interfaces_merged.md;docs/adr/ADR-030-publication-field-unification.md,False,,2,0,0,0,0,0,0,0,0,0,0,0,0,0,0,0,0,0,0,0,0
variable,settings_info,bioetl.interfaces.cli.commands.config.show_settings_command.settings_info,function,interfaces,bioetl.interfaces.cli.commands.config,src/bioetl/interfaces/cli/commands/config.py:124,124,124,1,0,0,14,DEAD,0,,1,docs/99-archive/reports/interfaces_merged.md,False,,28,0,0,0,0,0,0,0,0,0,0,0,0,0,0,0,0,0,0,0,0
function,_preview,bioetl.interfaces.cli.commands.export.export_command._preview,function,interfaces,bioetl.interfaces.cli.commands.export,src/bioetl/interfaces/cli/commands/export.py:131,131,137,7,0,0,2,DEAD,0,,1,docs/99-archive/reports/interfaces_merged.md,False,,2,0,0,0,0,0,0,0,0,0,0,0,0,0,0,0,0,0,0,0,0
variable,table_preview,bioetl.interfaces.cli.commands.export.export_command._preview.table_preview,function,interfaces,bioetl.interfaces.cli.commands.export,src/bioetl/interfaces/cli/commands/export.py:133,133,133,1,0,0,2,DEAD,0,,1,docs/99-archive/reports/interfaces_merged.md,False,,2,0,0,0,0,0,0,0,0,0,0,0,0,0,0,0,0,0,0,0,0
variable,column_list,bioetl.interfaces.cli.commands.export.export_command.column_list,function,interfaces,bioetl.interfaces.cli.commands.export,src/bioetl/interfaces/cli/commands/export.py:143,143,143,1,0,0,3,DEAD,0,,1,docs/99-archive/reports/interfaces_merged.md,False,,3,0,0,0,0,0,0,0,0,0,0,0,0,0,0,0,0,0,0,0,0
function,_export,bioetl.interfaces.cli.commands.export.export_command._export,function,interfaces,bioetl.interfaces.cli.commands.export,src/bioetl/interfaces/cli/commands/export.py:155,155,159,5,0,0,2,DEAD,0,,1,docs/99-archive/reports/interfaces_merged.md,False,,2,0,0,0,0,0,0,0,0,0,0,0,0,0,0,0,0,0,0,0,0
function,run_checks,bioetl.interfaces.cli.commands.health.health_check.run_checks,function,interfaces,bioetl.interfaces.cli.commands.health,src/bioetl/interfaces/cli/commands/health.py:129,129,139,11,0,0,2,DEAD,0,,1,docs/99-archive/reports/interfaces_merged.md,False,,2,0,0,0,0,0,0,0,0,0,0,0,0,0,0,0,0,0,0,0,0
variable,providers_list,bioetl.interfaces.cli.commands.health.health_check.run_checks.providers_list,function,interfaces,bioetl.interfaces.cli.commands.health,src/bioetl/interfaces/cli/commands/health.py:134,134,134,1,0,0,2,DEAD,0,,1,docs/99-archive/reports/interfaces_merged.md,False,,2,0,0,0,0,0,0,0,0,0,0,0,0,0,0,0,0,0,0,0,0
variable,status_icon,bioetl.interfaces.cli.commands.health.health_check.status_icon,function,interfaces,bioetl.interfaces.cli.commands.health,src/bioetl/interfaces/cli/commands/health.py:157,157,163,7,0,0,2,DEAD,0,,1,docs/99-archive/reports/interfaces_merged.md,False,,2,0,0,0,0,0,0,0,0,0,0,0,0,0,0,0,0,0,0,0,0
function,add_health_server_options,bioetl.interfaces.cli.commands.health_server_integration.add_health_server_options,module,interfaces,bioetl.interfaces.cli.commands.health_server_integration,src/bioetl/interfaces/cli/commands/health_server_integration.py:78,78,105,28,0,0,2,DEAD,0,,1,docs/99-archive/reports/interfaces_merged.md,False,,2,0,0,0,0,0,0,0,0,0,0,0,0,0,0,0,0,0,0,0,0
variable,parsed_run_id,bioetl.interfaces.cli.commands.lock.release_command.parsed_run_id,function,interfaces,bioetl.interfaces.cli.commands.lock,src/bioetl/interfaces/cli/commands/lock.py:42,42,42,1,0,0,4,DEAD,0,,1,docs/99-archive/reports/interfaces_merged.md,False,,8,0,0,0,0,0,0,0,0,0,0,0,0,0,0,0,0,0,0,0,0
variable,parsed_run_id,bioetl.interfaces.cli.commands.lock.check_command.parsed_run_id,function,interfaces,bioetl.interfaces.cli.commands.lock,src/bioetl/interfaces/cli/commands/lock.py:75,75,75,1,0,0,4,DEAD,0,,1,docs/99-archive/reports/interfaces_merged.md,False,,8,0,0,0,0,0,0,0,0,0,0,0,0,0,0,0,0,0,0,0,0
function,metrics_server_context,bioetl.interfaces.cli.commands.metrics_server_integration.metrics_server_context,module,interfaces,bioetl.interfaces.cli.commands.metrics_server_integration,src/bioetl/interfaces/cli/commands/metrics_server_integration.py:25,25,42,18,0,0,3,DEAD,0,,1,docs/99-archive/reports/interfaces_merged.md,False,,3,0,0,0,0,0,0,0,0,0,0,0,0,0,0,0,0,0,0,0,0
function,_inspect,bioetl.interfaces.cli.commands.quarantine.quarantine_inspect._inspect,function,interfaces,bioetl.interfaces.cli.commands.quarantine,src/bioetl/interfaces/cli/commands/quarantine.py:53,53,60,8,0,0,2,DEAD,0,,1,docs/99-archive/reports/interfaces_merged.md,False,,4,0,0,0,0,0,0,0,0,0,0,0,0,0,0,0,0,0,0,0,0
function,quarantine_stats,bioetl.interfaces.cli.commands.quarantine.quarantine_stats,module,interfaces,bioetl.interfaces.cli.commands.quarantine,src/bioetl/interfaces/cli/commands/quarantine.py:68,68,115,48,0,0,1,DEAD,0,,1,docs/99-archive/reports/interfaces_merged.md,False,,3,0,0,0,0,0,0,0,0,0,0,0,0,0,0,0,0,0,0,0,0
function,_stats,bioetl.interfaces.cli.commands.quarantine.quarantine_stats._stats,function,interfaces,bioetl.interfaces.cli.commands.quarantine,src/bioetl/interfaces/cli/commands/quarantine.py:82,82,83,2,0,0,2,DEAD,0,,1,docs/99-archive/reports/interfaces_merged.md,False,,4,0,0,0,0,0,0,0,0,0,0,0,0,0,0,0,0,0,0,0,0
variable,by_error,bioetl.interfaces.cli.commands.quarantine.quarantine_stats.by_error,function,interfaces,bioetl.interfaces.cli.commands.quarantine,src/bioetl/interfaces/cli/commands/quarantine.py:101,101,101,1,0,0,3,DEAD,0,,1,docs/99-archive/reports/interfaces_merged.md,False,,6,0,0,0,0,0,0,0,0,0,0,0,0,0,0,0,0,0,0,0,0
function,quarantine_replay,bioetl.interfaces.cli.commands.quarantine.quarantine_replay,module,interfaces,bioetl.interfaces.cli.commands.quarantine,src/bioetl/interfaces/cli/commands/quarantine.py:125,125,167,43,0,0,1,DEAD,0,,1,docs/99-archive/reports/interfaces_merged.md,False,,3,0,0,0,0,0,0,0,0,0,0,0,0,0,0,0,0,0,0,0,0
variable,hash_display,bioetl.interfaces.cli.commands.quarantine.quarantine_replay.hash_display,function,interfaces,bioetl.interfaces.cli.commands.quarantine,src/bioetl/interfaces/cli/commands/quarantine.py:156,156,156,1,0,0,2,DEAD,0,,1,docs/99-archive/reports/interfaces_merged.md,False,,4,0,0,0,0,0,0,0,0,0,0,0,0,0,0,0,0,0,0,0,0
variable,marked_count,bioetl.interfaces.cli.commands.quarantine.quarantine_replay.marked_count,function,interfaces,bioetl.interfaces.cli.commands.quarantine,src/bioetl/interfaces/cli/commands/quarantine.py:165,165,165,1,0,0,2,DEAD,0,,1,docs/99-archive/reports/interfaces_merged.md,False,,4,0,0,0,0,0,0,0,0,0,0,0,0,0,0,0,0,0,0,0,0
function,quarantine_purge,bioetl.interfaces.cli.commands.quarantine.quarantine_purge,module,interfaces,bioetl.interfaces.cli.commands.quarantine,src/bioetl/interfaces/cli/commands/quarantine.py:177,177,217,41,0,0,1,DEAD,0,,1,docs/99-archive/reports/interfaces_merged.md,False,,3,0,0,0,0,0,0,0,0,0,0,0,0,0,0,0,0,0,0,0,0
function,_get_stats,bioetl.interfaces.cli.commands.quarantine.quarantine_purge._get_stats,function,interfaces,bioetl.interfaces.cli.commands.quarantine,src/bioetl/interfaces/cli/commands/quarantine.py:196,196,197,2,0,0,2,DEAD,0,,1,docs/99-archive/reports/interfaces_merged.md,False,,4,0,0,0,0,0,0,0,0,0,0,0,0,0,0,0,0,0,0,0,0
function,quarantine_resolve,bioetl.interfaces.cli.commands.quarantine.quarantine_resolve,module,interfaces,bioetl.interfaces.cli.commands.quarantine,src/bioetl/interfaces/cli/commands/quarantine.py:226,226,249,24,0,0,1,DEAD,0,,1,docs/99-archive/reports/interfaces_merged.md,False,,3,0,0,0,0,0,0,0,0,0,0,0,0,0,0,0,0,0,0,0,0
variable,error_mapping,bioetl.interfaces.cli.commands.run._map_status_to_exit_code.error_mapping,function,interfaces,bioetl.interfaces.cli.commands.run,src/bioetl/interfaces/cli/commands/run.py:57,57,69,13,0,0,2,DEAD,0,,1,docs/99-archive/reports/interfaces_merged.md,False,,2,0,0,0,0,0,0,0,0,0,0,0,0,0,0,0,0,0,0,0,0
function,_echo_run_result,bioetl.interfaces.cli.commands.run._echo_run_result,module,interfaces,bioetl.interfaces.cli.commands.run,src/bioetl/interfaces/cli/commands/run.py:103,103,133,31,0,0,2,DEAD,0,,1,docs/99-archive/reports/interfaces_merged.md,False,,2,0,0,0,0,0,0,0,0,0,0,0,0,0,0,0,0,0,0,0,0
variable,short_run_id,bioetl.interfaces.cli.commands.run._echo_run_result.short_run_id,function,interfaces,bioetl.interfaces.cli.commands.run,src/bioetl/interfaces/cli/commands/run.py:114,114,114,1,0,0,5,DEAD,0,,1,docs/99-archive/reports/interfaces_merged.md,False,,5,0,0,0,0,0,0,0,0,0,0,0,0,0,0,0,0,0,0,0,0
variable,status_handlers,bioetl.interfaces.cli.commands.run._echo_run_result.status_handlers,function,interfaces,bioetl.interfaces.cli.commands.run,src/bioetl/interfaces/cli/commands/run.py:116,116,130,15,0,0,2,DEAD,0,,1,docs/99-archive/reports/interfaces_merged.md,False,,2,0,0,0,0,0,0,0,0,0,0,0,0,0,0,0,0,0,0,0,0
variable,all_pipelines,bioetl.interfaces.cli.commands.run_all._filter_pipelines_by_provider.all_pipelines,function,interfaces,bioetl.interfaces.cli.commands.run_all,src/bioetl/interfaces/cli/commands/run_all.py:67,67,67,1,0,0,2,DEAD,0,,1,docs/99-archive/reports/interfaces_merged.md,False,,2,0,0,0,0,0,0,0,0,0,0,0,0,0,0,0,0,0,0,0,0
function,_run_pipelines_batch,bioetl.interfaces.cli.commands.run_all._run_pipelines_batch,module,interfaces,bioetl.interfaces.cli.commands.run_all,src/bioetl/interfaces/cli/commands/run_all.py:92,92,130,39,0,0,2,DEAD,0,,1,docs/99-archive/reports/interfaces_merged.md,False,,2,0,0,0,0,0,0,0,0,0,0,0,0,0,0,0,0,0,0,0,0
variable,batch_result,bioetl.interfaces.cli.commands.run_all._run_pipelines_batch.batch_result,function,interfaces,bioetl.interfaces.cli.commands.run_all,src/bioetl/interfaces/cli/commands/run_all.py:96,96,96,1,0,0,18,DEAD,0,,1,docs/99-archive/reports/interfaces_merged.md,False,,18,0,0,0,0,0,0,0,0,0,0,0,0,0,0,0,0,0,0,0,0
function,_handle_list_only,bioetl.interfaces.cli.commands.run_all._handle_list_only,module,interfaces,bioetl.interfaces.cli.commands.run_all,src/bioetl/interfaces/cli/commands/run_all.py:167,167,173,7,0,0,2,DEAD,0,,1,docs/99-archive/reports/interfaces_merged.md,False,,2,0,0,0,0,0,0,0,0,0,0,0,0,0,0,0,0,0,0,0,0
function,_show_run_preview,bioetl.interfaces.cli.commands.run_all._show_run_preview,module,interfaces,bioetl.interfaces.cli.commands.run_all,src/bioetl/interfaces/cli/commands/run_all.py:198,198,207,10,0,0,2,DEAD,0,,1,docs/99-archive/reports/interfaces_merged.md,False,,2,0,0,0,0,0,0,0,0,0,0,0,0,0,0,0,0,0,0,0,0
parameter,batch_result,bioetl.interfaces.cli.commands.run_all.batch_result,function,interfaces,bioetl.interfaces.cli.commands.run_all,src/bioetl/interfaces/cli/commands/run_all.py:210,210,210,1,0,0,18,DEAD,0,,1,docs/99-archive/reports/interfaces_merged.md,False,,18,0,0,0,0,0,0,0,0,0,0,0,0,0,0,0,0,0,0,0,0
parameter,list_only,bioetl.interfaces.cli.commands.run_all.list_only,function,interfaces,bioetl.interfaces.cli.commands.run_all,src/bioetl/interfaces/cli/commands/run_all.py:274,274,274,1,0,0,2,DEAD,0,,1,docs/99-archive/reports/interfaces_merged.md,False,,2,0,0,0,0,0,0,0,0,0,0,0,0,0,0,0,0,0,0,0,0
variable,batch_result,bioetl.interfaces.cli.commands.run_all.run_all.batch_result,function,interfaces,bioetl.interfaces.cli.commands.run_all,src/bioetl/interfaces/cli/commands/run_all.py:331,331,331,1,0,0,18,DEAD,0,,1,docs/99-archive/reports/interfaces_merged.md,False,,18,0,0,0,0,0,0,0,0,0,0,0,0,0,0,0,0,0,0,0,0
variable,enrich_only_tuple,bioetl.interfaces.cli.commands.run_composite.run_composite.enrich_only_tuple,function,interfaces,bioetl.interfaces.cli.commands.run_composite,src/bioetl/interfaces/cli/commands/run_composite.py:219,219,219,1,0,0,3,DEAD,0,,1,docs/99-archive/reports/interfaces_merged.md,False,,3,0,0,0,0,0,0,0,0,0,0,0,0,0,0,0,0,0,0,0,0
variable,preview_result,bioetl.interfaces.cli.commands.run_helpers._preview_cleanup_async.preview_result,function,interfaces,bioetl.interfaces.cli.commands.run_helpers,src/bioetl/interfaces/cli/commands/run_helpers.py:82,82,82,1,0,0,2,DEAD,0,,1,docs/99-archive/reports/interfaces_merged.md,False,,2,0,0,0,0,0,0,0,0,0,0,0,0,0,0,0,0,0,0,0,0
variable,tables_to_vacuum,bioetl.interfaces.cli.commands.vacuum.vacuum_all_command.tables_to_vacuum,function,interfaces,bioetl.interfaces.cli.commands.vacuum,src/bioetl/interfaces/cli/commands/vacuum.py:101,101,101,1,0,0,3,DEAD,0,,1,docs/99-archive/reports/interfaces_merged.md,False,,3,0,0,0,0,0,0,0,0,0,0,0,0,0,0,0,0,0,0,0,0
variable,exc_type_name,bioetl.interfaces.cli.exit_codes.get_exit_code_for_exception.exc_type_name,function,interfaces,bioetl.interfaces.cli.exit_codes,src/bioetl/interfaces/cli/exit_codes.py:105,105,105,1,0,0,3,DEAD,0,,1,docs/99-archive/reports/interfaces_merged.md,False,,3,0,0,0,0,0,0,0,0,0,0,0,0,0,0,0,0,0,0,0,0
constant,EXIT_CODE_HELPERS,bioetl.interfaces.cli.exit_codes.EXIT_CODE_HELPERS,module,interfaces,bioetl.interfaces.cli.exit_codes,src/bioetl/interfaces/cli/exit_codes.py:120,120,120,1,0,0,0,DEAD,0,,0,,False,,0,0,0,0,0,0,0,0,0,0,0,0,0,0,0,0,0,0,0,0,0
variable,result_verb,bioetl.interfaces.cli.formatters.echo_vacuum_result.result_verb,function,interfaces,bioetl.interfaces.cli.formatters,src/bioetl/interfaces/cli/formatters.py:80,80,80,1,0,0,4,DEAD,0,,1,docs/99-archive/reports/interfaces_merged.md,False,,4,0,0,0,0,0,0,0,0,0,0,0,0,0,0,0,0,0,0,0,0
variable,result_verb,bioetl.interfaces.cli.formatters.echo_vacuum_all_summary.result_verb,function,interfaces,bioetl.interfaces.cli.formatters,src/bioetl/interfaces/cli/formatters.py:90,90,90,1,0,0,4,DEAD,0,,1,docs/99-archive/reports/interfaces_merged.md,False,,4,0,0,0,0,0,0,0,0,0,0,0,0,0,0,0,0,0,0,0,0
variable,payload_display,bioetl.interfaces.cli.formatters.echo_quarantine_record.payload_display,function,interfaces,bioetl.interfaces.cli.formatters,src/bioetl/interfaces/cli/formatters.py:105,105,105,1,0,0,2,DEAD,0,,1,docs/99-archive/reports/interfaces_merged.md,False,,2,0,0,0,0,0,0,0,0,0,0,0,0,0,0,0,0,0,0,0,0
variable,current_layer,bioetl.interfaces.cli.formatters.echo_table_list.current_layer,function,interfaces,bioetl.interfaces.cli.formatters,src/bioetl/interfaces/cli/formatters.py:171,171,171,1,0,0,4,DEAD,0,,1,docs/99-archive/reports/interfaces_merged.md,False,,4,0,0,0,0,0,0,0,0,0,0,0,0,0,0,0,0,0,0,0,0
variable,col_names,bioetl.interfaces.cli.formatters.echo_export_preview.col_names,function,interfaces,bioetl.interfaces.cli.formatters,src/bioetl/interfaces/cli/formatters.py:202,202,202,1,0,0,3,DEAD,0,,1,docs/99-archive/reports/interfaces_merged.md,False,,3,0,0,0,0,0,0,0,0,0,0,0,0,0,0,0,0,0,0,0,0
variable,val_str,bioetl.interfaces.cli.formatters.echo_export_preview.val_str,function,interfaces,bioetl.interfaces.cli.formatters,src/bioetl/interfaces/cli/formatters.py:214,214,214,1,0,0,3,DEAD,0,,1,docs/99-archive/reports/interfaces_merged.md,False,,3,0,0,0,0,0,0,0,0,0,0,0,0,0,0,0,0,0,0,0,0
variable,request_line,bioetl.interfaces.http.health_server.HealthServer._process_request.request_line,method,interfaces,bioetl.interfaces.http.health_server,src/bioetl/interfaces/http/health_server.py:95,95,95,1,0,0,5,DEAD,0,,1,docs/99-archive/reports/interfaces_merged.md,False,,5,0,0,0,0,0,0,0,0,0,0,0,0,0,0,0,0,0,0,0,0
parameter,request_line,bioetl.interfaces.http.health_server.HealthServer.request_line,method,interfaces,bioetl.interfaces.http.health_server,src/bioetl/interfaces/http/health_server.py:112,112,112,1,0,0,5,DEAD,0,,1,docs/99-archive/reports/interfaces_merged.md,False,,5,0,0,0,0,0,0,0,0,0,0,0,0,0,0,0,0,0,0,0,0
method,_route_request,bioetl.interfaces.http.health_server.HealthServer._route_request,class,interfaces,bioetl.interfaces.http.health_server,src/bioetl/interfaces/http/health_server.py:143,143,158,16,0,0,2,DEAD,0,,1,docs/99-archive/reports/interfaces_merged.md,False,,2,0,0,0,0,0,0,0,0,0,0,0,0,0,0,0,0,0,0,0,0
variable,provider_statuses,bioetl.interfaces.http.health_server.HealthServer._handle_readiness.provider_statuses,method,interfaces,bioetl.interfaces.http.health_server,src/bioetl/interfaces/http/health_server.py:198,198,198,1,0,0,3,DEAD,0,,1,docs/99-archive/reports/interfaces_merged.md,False,,3,0,0,0,0,0,0,0,0,0,0,0,0,0,0,0,0,0,0,0,0
variable,has_unhealthy,bioetl.interfaces.http.health_server.HealthServer._handle_readiness.has_unhealthy,method,interfaces,bioetl.interfaces.http.health_server,src/bioetl/interfaces/http/health_server.py:199,199,201,3,0,0,2,DEAD,0,,1,docs/99-archive/reports/interfaces_merged.md,False,,2,0,0,0,0,0,0,0,0,0,0,0,0,0,0,0,0,0,0,0,0
method,_send_json_response,bioetl.interfaces.http.health_server.HealthServer._send_json_response,class,interfaces,bioetl.interfaces.http.health_server,src/bioetl/interfaces/http/health_server.py:250,250,266,17,0,0,2,DEAD,0,,1,docs/99-archive/reports/interfaces_merged.md,False,,2,0,0,0,0,0,0,0,0,0,0,0,0,0,0,0,0,0,0,0,0
variable,http_response,bioetl.interfaces.http.health_server.HealthServer._send_json_response.http_response,method,interfaces,bioetl.interfaces.http.health_server,src/bioetl/interfaces/http/health_server.py:257,257,264,8,0,0,4,DEAD,0,,1,docs/99-archive/reports/interfaces_merged.md,False,,4,0,0,0,0,0,0,0,0,0,0,0,0,0,0,0,0,0,0,0,0
method,_send_response,bioetl.interfaces.http.health_server.HealthServer._send_response,class,interfaces,bioetl.interfaces.http.health_server,src/bioetl/interfaces/http/health_server.py:268,268,282,15,0,0,6,DEAD,0,,1,docs/99-archive/reports/interfaces_merged.md,False,,6,0,0,0,0,0,0,0,0,0,0,0,0,0,0,0,0,0,0,0,0
variable,http_response,bioetl.interfaces.http.health_server.HealthServer._send_response.http_response,method,interfaces,bioetl.interfaces.http.health_server,src/bioetl/interfaces/http/health_server.py:273,273,280,8,0,0,4,DEAD,0,,1,docs/99-archive/reports/interfaces_merged.md,False,,4,0,0,0,0,0,0,0,0,0,0,0,0,0,0,0,0,0,0,0,0
constant,RUN_HEALTH_SERVER,bioetl.interfaces.http.health_server.RUN_HEALTH_SERVER,module,interfaces,bioetl.interfaces.http.health_server,src/bioetl/interfaces/http/health_server.py:305,305,305,1,0,0,0,DEAD,0,,0,,False,,0,0,0,0,0,0,0,0,0,0,0,0,0,0,0,0,0,0,0,0,0
constant,FORBIDDEN_PREFIXES,tools.scripts.check_application_deps.FORBIDDEN_PREFIXES,module,scripts,tools.scripts.check_application_deps,src/tools/scripts/check_application_deps.py:15,15,21,7,0,0,0,DEAD,0,,0,,False,,0,0,0,0,0,0,0,0,0,0,0,0,0,0,0,0,0,0,0,0,0
function,get_imports,tools.scripts.check_application_deps.get_imports,module,scripts,tools.scripts.check_application_deps,src/tools/scripts/check_application_deps.py:28,28,45,18,0,0,0,DEAD,0,,0,,False,,0,0,0,0,0,0,0,0,0,0,0,0,0,0,0,0,0,0,0,0,0
variable,app_dir,tools.scripts.check_application_deps.main.app_dir,function,scripts,tools.scripts.check_application_deps,src/tools/scripts/check_application_deps.py:66,66,66,1,0,0,0,DEAD,0,,0,,False,,0,0,0,0,0,0,0,0,0,0,0,0,0,0,0,0,0,0,0,0,0
function,check_adapter_implements_port,tools.scripts.check_architecture.check_adapter_implements_port,module,scripts,tools.scripts.check_architecture,src/tools/scripts/check_architecture.py:15,15,43,29,0,0,0,DEAD,0,,0,,False,,0,0,0,0,0,0,0,0,0,0,0,0,0,0,0,0,0,0,0,0,0
variable,has_port_import,tools.scripts.check_architecture.check_adapter_implements_port.has_port_import,function,scripts,tools.scripts.check_architecture,src/tools/scripts/check_architecture.py:26,26,26,1,0,0,0,DEAD,0,,0,,False,,0,0,0,0,0,0,0,0,0,0,0,0,0,0,0,0,0,0,0,0,0
variable,adapter_dirs,tools.scripts.check_architecture.check_adapter_implements_port.adapter_dirs,function,scripts,tools.scripts.check_architecture,src/tools/scripts/check_architecture.py:37,37,37,1,0,0,0,DEAD,0,,0,,False,,0,0,0,0,0,0,0,0,0,0,0,0,0,0,0,0,0,0,0,0,0
function,check_no_circular_imports,tools.scripts.check_architecture.check_no_circular_imports,module,scripts,tools.scripts.check_architecture,src/tools/scripts/check_architecture.py:46,46,70,25,0,0,0,DEAD,0,,0,,False,,0,0,0,0,0,0,0,0,0,0,0,0,0,0,0,0,0,0,0,0,0
variable,infra_dir,tools.scripts.check_architecture.check_no_circular_imports.infra_dir,function,scripts,tools.scripts.check_architecture,src/tools/scripts/check_architecture.py:51,51,51,1,0,0,0,DEAD,0,,0,,False,,0,0,0,0,0,0,0,0,0,0,0,0,0,0,0,0,0,0,0,0,0
variable,infra_dir,tools.scripts.check_architecture.main.infra_dir,function,scripts,tools.scripts.check_architecture,src/tools/scripts/check_architecture.py:84,84,84,1,0,0,0,DEAD,0,,0,,False,,0,0,0,0,0,0,0,0,0,0,0,0,0,0,0,0,0,0,0,0,0
constant,MAX_CONSTRUCTOR_ARGS,tools.scripts.check_constructor_args.MAX_CONSTRUCTOR_ARGS,module,scripts,tools.scripts.check_constructor_args,src/tools/scripts/check_constructor_args.py:16,16,16,1,0,0,0,DEAD,0,,0,,False,,0,0,0,0,0,0,0,0,0,0,0,0,0,0,0,0,0,0,0,0,0
constant,EXCLUDE_PATTERNS,tools.scripts.check_constructor_args.EXCLUDE_PATTERNS,module,scripts,tools.scripts.check_constructor_args,src/tools/scripts/check_constructor_args.py:17,17,17,1,0,0,0,DEAD,0,,0,,False,,0,0,0,0,0,0,0,0,0,0,0,0,0,0,0,0,0,0,0,0,0
variable,warn_only,tools.scripts.check_constructor_args.main.warn_only,function,scripts,tools.scripts.check_constructor_args,src/tools/scripts/check_constructor_args.py:49,49,49,1,0,0,0,DEAD,0,,0,,False,,0,0,0,0,0,0,0,0,0,0,0,0,0,0,0,0,0,0,0,0,0
variable,duplicate_file,tools.scripts.cleanup_cache.duplicate_file,module,scripts,tools.scripts.cleanup_cache,src/tools/scripts/cleanup_cache.py:7,7,7,1,0,0,0,DEAD,0,,0,,False,,0,0,0,0,0,0,0,0,0,0,0,0,0,0,0,0,0,0,0,0,0
variable,old_test_dir,tools.scripts.cleanup_cache.old_test_dir,module,scripts,tools.scripts.cleanup_cache,src/tools/scripts/cleanup_cache.py:13,13,13,1,0,0,0,DEAD,0,,0,,False,,0,0,0,0,0,0,0,0,0,0,0,0,0,0,0,0,0,0,0,0,0
variable,duplicate_domain,tools.scripts.cleanup_cache.duplicate_domain,module,scripts,tools.scripts.cleanup_cache,src/tools/scripts/cleanup_cache.py:19,19,19,1,0,0,0,DEAD,0,,0,,False,,0,0,0,0,0,0,0,0,0,0,0,0,0,0,0,0,0,0,0,0,0
variable,old_domain_dir,tools.scripts.cleanup_cache.old_domain_dir,module,scripts,tools.scripts.cleanup_cache,src/tools/scripts/cleanup_cache.py:24,24,24,1,0,0,0,DEAD,0,,0,,False,,0,0,0,0,0,0,0,0,0,0,0,0,0,0,0,0,0,0,0,0,0
variable,cache_dirs,tools.scripts.cleanup_cache.cache_dirs,module,scripts,tools.scripts.cleanup_cache,src/tools/scripts/cleanup_cache.py:30,30,34,5,0,0,0,DEAD,0,,0,,False,,0,0,0,0,0,0,0,0,0,0,0,0,0,0,0,0,0,0,0,0,0
function,flatten_dict,tools.scripts.config_matrix_generator.flatten_dict,module,scripts,tools.scripts.config_matrix_generator,src/tools/scripts/config_matrix_generator.py:18,18,30,13,0,0,0,DEAD,0,,0,,False,,0,0,0,0,0,0,0,0,0,0,0,0,0,0,0,0,0,0,0,0,0
parameter,parent_key,tools.scripts.config_matrix_generator.parent_key,function,scripts,tools.scripts.config_matrix_generator,src/tools/scripts/config_matrix_generator.py:18,18,18,1,0,0,0,DEAD,0,,0,,False,,0,0,0,0,0,0,0,0,0,0,0,0,0,0,0,0,0,0,0,0,0
function,load_config,tools.scripts.config_matrix_generator.load_config,module,scripts,tools.scripts.config_matrix_generator,src/tools/scripts/config_matrix_generator.py:33,33,36,4,0,0,0,DEAD,0,,0,,False,,0,0,0,0,0,0,0,0,0,0,0,0,0,0,0,0,0,0,0,0,0
function,get_config_name,tools.scripts.config_matrix_generator.get_config_name,module,scripts,tools.scripts.config_matrix_generator,src/tools/scripts/config_matrix_generator.py:39,39,45,7,0,0,0,DEAD,0,,0,,False,,0,0,0,0,0,0,0,0,0,0,0,0,0,0,0,0,0,0,0,0,0
variable,all_keys,tools.scripts.config_matrix_generator.main.all_keys,function,scripts,tools.scripts.config_matrix_generator,src/tools/scripts/config_matrix_generator.py:53,53,53,1,0,0,0,DEAD,0,,0,,False,,0,0,0,0,0,0,0,0,0,0,0,0,0,0,0,0,0,0,0,0,0
variable,config_name,tools.scripts.config_matrix_generator.main.config_name,function,scripts,tools.scripts.config_matrix_generator,src/tools/scripts/config_matrix_generator.py:56,56,56,1,0,0,0,DEAD,0,,0,,False,,0,0,0,0,0,0,0,0,0,0,0,0,0,0,0,0,0,0,0,0,0
variable,sorted_keys,tools.scripts.config_matrix_generator.main.sorted_keys,function,scripts,tools.scripts.config_matrix_generator,src/tools/scripts/config_matrix_generator.py:68,68,68,1,0,0,0,DEAD,0,,0,,False,,0,0,0,0,0,0,0,0,0,0,0,0,0,0,0,0,0,0,0,0,0
variable,config_names,tools.scripts.config_matrix_generator.main.config_names,function,scripts,tools.scripts.config_matrix_generator,src/tools/scripts/config_matrix_generator.py:78,78,78,1,0,0,0,DEAD,0,,0,,False,,0,0,0,0,0,0,0,0,0,0,0,0,0,0,0,0,0,0,0,0,0
variable,defaults_keys,tools.scripts.config_matrix_generator.main.defaults_keys,function,scripts,tools.scripts.config_matrix_generator,src/tools/scripts/config_matrix_generator.py:102,102,102,1,0,0,0,DEAD,0,,0,,False,,0,0,0,0,0,0,0,0,0,0,0,0,0,0,0,0,0,0,0,0,0
variable,entity_configs,tools.scripts.config_matrix_generator.main.entity_configs,function,scripts,tools.scripts.config_matrix_generator,src/tools/scripts/config_matrix_generator.py:103,103,103,1,0,0,0,DEAD,0,,0,,False,,0,0,0,0,0,0,0,0,0,0,0,0,0,0,0,0,0,0,0,0,0
variable,only_defaults,tools.scripts.config_matrix_generator.main.only_defaults,function,scripts,tools.scripts.config_matrix_generator,src/tools/scripts/config_matrix_generator.py:106,106,108,3,0,0,0,DEAD,0,,0,,False,,0,0,0,0,0,0,0,0,0,0,0,0,0,0,0,0,0,0,0,0,0
variable,common_entity,tools.scripts.config_matrix_generator.main.common_entity,function,scripts,tools.scripts.config_matrix_generator,src/tools/scripts/config_matrix_generator.py:112,112,114,3,0,0,0,DEAD,0,,0,,False,,0,0,0,0,0,0,0,0,0,0,0,0,0,0,0,0,0,0,0,0,0
variable,partial_entity,tools.scripts.config_matrix_generator.main.partial_entity,function,scripts,tools.scripts.config_matrix_generator,src/tools/scripts/config_matrix_generator.py:120,120,120,1,0,0,0,DEAD,0,,0,,False,,0,0,0,0,0,0,0,0,0,0,0,0,0,0,0,0,0,0,0,0,0
variable,missing_defaults,tools.scripts.config_matrix_generator.main.missing_defaults,function,scripts,tools.scripts.config_matrix_generator,src/tools/scripts/config_matrix_generator.py:123,123,123,1,0,0,0,DEAD,0,,0,,False,,0,0,0,0,0,0,0,0,0,0,0,0,0,0,0,0,0,0,0,0,0
variable,partial_by_key,tools.scripts.config_matrix_generator.main.partial_by_key,function,scripts,tools.scripts.config_matrix_generator,src/tools/scripts/config_matrix_generator.py:134,134,134,1,0,0,0,DEAD,0,,0,,False,,0,0,0,0,0,0,0,0,0,0,0,0,0,0,0,0,0,0,0,0,0
variable,present_in,tools.scripts.config_matrix_generator.main.present_in,function,scripts,tools.scripts.config_matrix_generator,src/tools/scripts/config_matrix_generator.py:136,136,136,1,0,0,0,DEAD,0,,0,,False,,0,0,0,0,0,0,0,0,0,0,0,0,0,0,0,0,0,0,0,0,0
variable,by_category,tools.scripts.config_matrix_generator.main.by_category,function,scripts,tools.scripts.config_matrix_generator,src/tools/scripts/config_matrix_generator.py:159,159,159,1,0,0,1,DEAD,0,,1,docs/99-archive/reports/config-audit/config_analysis_report.yaml,False,,1,1,1,1,1,1,1,1,1,1,0,1,1,0,1,1,1,1,1,1,1
variable,present_count,tools.scripts.config_matrix_generator.main.present_count,function,scripts,tools.scripts.config_matrix_generator,src/tools/scripts/config_matrix_generator.py:169,169,169,1,0,0,0,DEAD,0,,0,,False,,0,0,0,0,0,0,0,0,0,0,0,0,0,0,0,0,0,0,0,0,0
variable,structural_keys,tools.scripts.config_matrix_generator.main.structural_keys,function,scripts,tools.scripts.config_matrix_generator,src/tools/scripts/config_matrix_generator.py:176,176,194,19,0,0,0,DEAD,0,,0,,False,,0,0,0,0,0,0,0,0,0,0,0,0,0,0,0,0,0,0,0,0,0
variable,cfg_data,tools.scripts.config_matrix_generator.main.cfg_data,function,scripts,tools.scripts.config_matrix_generator,src/tools/scripts/config_matrix_generator.py:200,200,200,1,0,0,0,DEAD,0,,0,,False,,0,0,0,0,0,0,0,0,0,0,0,0,0,0,0,0,0,0,0,0,0
variable,source_configs,tools.scripts.config_matrix_generator.main.source_configs,function,scripts,tools.scripts.config_matrix_generator,src/tools/scripts/config_matrix_generator.py:232,232,234,3,0,0,1,DEAD,0,,1,docs/99-archive/reports/config-audit/config_analysis_report.yaml,False,,1,1,1,1,1,1,1,1,1,1,0,1,1,0,1,1,1,1,1,1,1
variable,source_file_configs,tools.scripts.config_matrix_generator.main.source_file_configs,function,scripts,tools.scripts.config_matrix_generator,src/tools/scripts/config_matrix_generator.py:235,235,237,3,0,0,0,DEAD,0,,0,,False,,0,0,0,0,0,0,0,0,0,0,0,0,0,0,0,0,0,0,0,0,0
variable,transform_configs,tools.scripts.config_matrix_generator.main.transform_configs,function,scripts,tools.scripts.config_matrix_generator,src/tools/scripts/config_matrix_generator.py:246,246,250,5,0,0,0,DEAD,0,,0,,False,,0,0,0,0,0,0,0,0,0,0,0,0,0,0,0,0,0,0,0,0,0
variable,gold_table_configs,tools.scripts.config_matrix_generator.main.gold_table_configs,function,scripts,tools.scripts.config_matrix_generator,src/tools/scripts/config_matrix_generator.py:258,258,260,3,0,0,0,DEAD,0,,0,,False,,0,0,0,0,0,0,0,0,0,0,0,0,0,0,0,0,0,0,0,0,0
constant,DEFAULT_PATTERNS,tools.scripts.duplicate_function_analyzer.DEFAULT_PATTERNS,module,scripts,tools.scripts.duplicate_function_analyzer,src/tools/scripts/duplicate_function_analyzer.py:13,13,16,4,0,0,0,DEAD,0,,0,,False,,0,0,0,0,0,0,0,0,0,0,0,0,0,0,0,0,0,0,0,0,0
constant,DEFAULT_EXCLUDE_DIRS,tools.scripts.duplicate_function_analyzer.DEFAULT_EXCLUDE_DIRS,module,scripts,tools.scripts.duplicate_function_analyzer,src/tools/scripts/duplicate_function_analyzer.py:17,17,29,13,0,0,0,DEAD,0,,0,,False,,0,0,0,0,0,0,0,0,0,0,0,0,0,0,0,0,0,0,0,0,0
class,FunctionRecord,tools.scripts.duplicate_function_analyzer.FunctionRecord,module,scripts,tools.scripts.duplicate_function_analyzer,src/tools/scripts/duplicate_function_analyzer.py:33,33,38,6,0,0,0,DEAD,0,,0,,False,,0,0,0,0,0,0,0,0,0,0,0,0,0,0,0,0,0,0,0,0,0
variable,body_hash,tools.scripts.duplicate_function_analyzer.FunctionRecord.body_hash,class,scripts,tools.scripts.duplicate_function_analyzer,src/tools/scripts/duplicate_function_analyzer.py:37,37,37,1,0,0,0,DEAD,0,,0,,False,,0,0,0,0,0,0,0,0,0,0,0,0,0,0,0,0,0,0,0,0,0
variable,body_source,tools.scripts.duplicate_function_analyzer.FunctionRecord.body_source,class,scripts,tools.scripts.duplicate_function_analyzer,src/tools/scripts/duplicate_function_analyzer.py:38,38,38,1,0,0,0,DEAD,0,,0,,False,,0,0,0,0,0,0,0,0,0,0,0,0,0,0,0,0,0,0,0,0,0
function,should_skip,tools.scripts.duplicate_function_analyzer.should_skip,module,scripts,tools.scripts.duplicate_function_analyzer,src/tools/scripts/duplicate_function_analyzer.py:94,94,96,3,0,0,0,DEAD,0,,0,,False,,0,0,0,0,0,0,0,0,0,0,0,0,0,0,0,0,0,0,0,0,0
function,collect_target_files,tools.scripts.duplicate_function_analyzer.collect_target_files,module,scripts,tools.scripts.duplicate_function_analyzer,src/tools/scripts/duplicate_function_analyzer.py:99,99,104,6,0,0,0,DEAD,0,,0,,False,,0,0,0,0,0,0,0,0,0,0,0,0,0,0,0,0,0,0,0,0,0
function,load_source,tools.scripts.duplicate_function_analyzer.load_source,module,scripts,tools.scripts.duplicate_function_analyzer,src/tools/scripts/duplicate_function_analyzer.py:107,107,109,3,0,0,0,DEAD,0,,0,,False,,0,0,0,0,0,0,0,0,0,0,0,0,0,0,0,0,0,0,0,0,0
function,extract_body_source,tools.scripts.duplicate_function_analyzer.extract_body_source,module,scripts,tools.scripts.duplicate_function_analyzer,src/tools/scripts/duplicate_function_analyzer.py:112,112,125,14,0,0,0,DEAD,0,,0,,False,,0,0,0,0,0,0,0,0,0,0,0,0,0,0,0,0,0,0,0,0,0
parameter,source_lines,tools.scripts.duplicate_function_analyzer.source_lines,function,scripts,tools.scripts.duplicate_function_analyzer,src/tools/scripts/duplicate_function_analyzer.py:112,112,112,1,0,0,0,DEAD,0,,0,,False,,0,0,0,0,0,0,0,0,0,0,0,0,0,0,0,0,0,0,0,0,0
variable,body_nodes,tools.scripts.duplicate_function_analyzer.extract_body_source.body_nodes,function,scripts,tools.scripts.duplicate_function_analyzer,src/tools/scripts/duplicate_function_analyzer.py:116,116,116,1,0,0,0,DEAD,0,,0,,False,,0,0,0,0,0,0,0,0,0,0,0,0,0,0,0,0,0,0,0,0,0
function,hash_function_body,tools.scripts.duplicate_function_analyzer.hash_function_body,module,scripts,tools.scripts.duplicate_function_analyzer,src/tools/scripts/duplicate_function_analyzer.py:128,128,139,12,0,0,0,DEAD,0,,0,,False,,0,0,0,0,0,0,0,0,0,0,0,0,0,0,0,0,0,0,0,0,0
variable,body_nodes,tools.scripts.duplicate_function_analyzer.hash_function_body.body_nodes,function,scripts,tools.scripts.duplicate_function_analyzer,src/tools/scripts/duplicate_function_analyzer.py:132,132,132,1,0,0,0,DEAD,0,,0,,False,,0,0,0,0,0,0,0,0,0,0,0,0,0,0,0,0,0,0,0,0,0
function,collect_functions,tools.scripts.duplicate_function_analyzer.collect_functions,module,scripts,tools.scripts.duplicate_function_analyzer,src/tools/scripts/duplicate_function_analyzer.py:142,142,162,21,0,0,0,DEAD,0,,0,,False,,0,0,0,0,0,0,0,0,0,0,0,0,0,0,0,0,0,0,0,0,0
variable,source_lines,tools.scripts.duplicate_function_analyzer.collect_functions.source_lines,function,scripts,tools.scripts.duplicate_function_analyzer,src/tools/scripts/duplicate_function_analyzer.py:147,147,147,1,0,0,0,DEAD,0,,0,,False,,0,0,0,0,0,0,0,0,0,0,0,0,0,0,0,0,0,0,0,0,0
variable,body_source,tools.scripts.duplicate_function_analyzer.collect_functions.body_source,function,scripts,tools.scripts.duplicate_function_analyzer,src/tools/scripts/duplicate_function_analyzer.py:151,151,151,1,0,0,0,DEAD,0,,0,,False,,0,0,0,0,0,0,0,0,0,0,0,0,0,0,0,0,0,0,0,0,0
variable,body_hash,tools.scripts.duplicate_function_analyzer.collect_functions.body_hash,function,scripts,tools.scripts.duplicate_function_analyzer,src/tools/scripts/duplicate_function_analyzer.py:152,152,152,1,0,0,0,DEAD,0,,0,,False,,0,0,0,0,0,0,0,0,0,0,0,0,0,0,0,0,0,0,0,0,0
class,CallCounter,tools.scripts.duplicate_function_analyzer.CallCounter,module,scripts,tools.scripts.duplicate_function_analyzer,src/tools/scripts/duplicate_function_analyzer.py:165,165,180,16,0,0,0,DEAD,0,,0,,False,,0,0,0,0,0,0,0,0,0,0,0,0,0,0,0,0,0,0,0,0,0
parameter,target_names,tools.scripts.duplicate_function_analyzer.CallCounter.target_names,method,scripts,tools.scripts.duplicate_function_analyzer,src/tools/scripts/duplicate_function_analyzer.py:168,168,168,1,0,0,0,DEAD,0,,0,,False,,0,0,0,0,0,0,0,0,0,0,0,0,0,0,0,0,0,0,0,0,0
function,collect_call_counts,tools.scripts.duplicate_function_analyzer.collect_call_counts,module,scripts,tools.scripts.duplicate_function_analyzer,src/tools/scripts/duplicate_function_analyzer.py:183,183,194,12,0,0,0,DEAD,0,,0,,False,,0,0,0,0,0,0,0,0,0,0,0,0,0,0,0,0,0,0,0,0,0
parameter,target_names,tools.scripts.duplicate_function_analyzer.target_names,function,scripts,tools.scripts.duplicate_function_analyzer,src/tools/scripts/duplicate_function_analyzer.py:184,184,184,1,0,0,0,DEAD,0,,0,,False,,0,0,0,0,0,0,0,0,0,0,0,0,0,0,0,0,0,0,0,0,0
function,group_by_name,tools.scripts.duplicate_function_analyzer.group_by_name,module,scripts,tools.scripts.duplicate_function_analyzer,src/tools/scripts/duplicate_function_analyzer.py:197,197,202,6,0,0,0,DEAD,0,,0,,False,,0,0,0,0,0,0,0,0,0,0,0,0,0,0,0,0,0,0,0,0,0
function,render_report,tools.scripts.duplicate_function_analyzer.render_report,module,scripts,tools.scripts.duplicate_function_analyzer,src/tools/scripts/duplicate_function_analyzer.py:205,205,271,67,0,0,0,DEAD,0,,0,,False,,0,0,0,0,0,0,0,0,0,0,0,0,0,0,0,0,0,0,0,0,0
parameter,call_counts,tools.scripts.duplicate_function_analyzer.call_counts,function,scripts,tools.scripts.duplicate_function_analyzer,src/tools/scripts/duplicate_function_analyzer.py:207,207,207,1,0,0,0,DEAD,0,,0,,False,,0,0,0,0,0,0,0,0,0,0,0,0,0,0,0,0,0,0,0,0,0
variable,hash_groups,tools.scripts.duplicate_function_analyzer.render_report.hash_groups,function,scripts,tools.scripts.duplicate_function_analyzer,src/tools/scripts/duplicate_function_analyzer.py:245,245,245,1,0,0,0,DEAD,0,,0,,False,,0,0,0,0,0,0,0,0,0,0,0,0,0,0,0,0,0,0,0,0,0
function,update_dry_run_report,tools.scripts.duplicate_function_analyzer.update_dry_run_report,module,scripts,tools.scripts.duplicate_function_analyzer,src/tools/scripts/duplicate_function_analyzer.py:274,274,305,32,0,0,0,DEAD,0,,0,,False,,0,0,0,0,0,0,0,0,0,0,0,0,0,0,0,0,0,0,0,0,0
parameter,detail_report_path,tools.scripts.duplicate_function_analyzer.detail_report_path,function,scripts,tools.scripts.duplicate_function_analyzer,src/tools/scripts/duplicate_function_analyzer.py:276,276,276,1,0,0,0,DEAD,0,,0,,False,,0,0,0,0,0,0,0,0,0,0,0,0,0,0,0,0,0,0,0,0,0
variable,call_counts,tools.scripts.duplicate_function_analyzer.main.call_counts,function,scripts,tools.scripts.duplicate_function_analyzer,src/tools/scripts/duplicate_function_analyzer.py:315,315,317,3,0,0,0,DEAD,0,,0,,False,,0,0,0,0,0,0,0,0,0,0,0,0,0,0,0,0,0,0,0,0,0
constant,ENTITY_SCHEMA_MAP,tools.scripts.generate_contracts.ENTITY_SCHEMA_MAP,module,scripts,tools.scripts.generate_contracts,src/tools/scripts/generate_contracts.py:28,28,33,6,0,0,2,DEAD,0,,1,docs/99-archive/reports/documentation_merged.md,False,,4,2,2,2,2,2,2,2,2,2,0,2,2,0,2,2,4,4,2,2,4
variable,json_schema,tools.scripts.generate_contracts.generate_contracts.json_schema,function,scripts,tools.scripts.generate_contracts,src/tools/scripts/generate_contracts.py:43,43,43,1,0,0,4,DEAD,0,,2,docs/99-archive/reports/documentation_merged.md;docs/99-archive/reports/project_structure.md,False,,6,2,4,2,4,2,2,4,2,2,0,2,2,0,4,4,4,6,4,2,4
class,TermViolation,tools.scripts.lint_terminology.TermViolation,module,scripts,tools.scripts.lint_terminology,src/tools/scripts/lint_terminology.py:26,26,33,8,0,0,0,DEAD,0,,0,,False,,0,0,0,0,0,0,0,0,0,0,0,0,0,0,0,0,0,0,0,0,0
variable,line_num,tools.scripts.lint_terminology.TermViolation.line_num,class,scripts,tools.scripts.lint_terminology,src/tools/scripts/lint_terminology.py:30,30,30,1,0,0,0,DEAD,0,,0,,False,,0,0,0,0,0,0,0,0,0,0,0,0,0,0,0,0,0,0,0,0,0
variable,deprecated_term,tools.scripts.lint_terminology.TermViolation.deprecated_term,class,scripts,tools.scripts.lint_terminology,src/tools/scripts/lint_terminology.py:31,31,31,1,0,0,0,DEAD,0,,0,,False,,0,0,0,0,0,0,0,0,0,0,0,0,0,0,0,0,0,0,0,0,0
variable,canonical_term,tools.scripts.lint_terminology.TermViolation.canonical_term,class,scripts,tools.scripts.lint_terminology,src/tools/scripts/lint_terminology.py:32,32,32,1,0,0,0,DEAD,0,,0,,False,,0,0,0,0,0,0,0,0,0,0,0,0,0,0,0,0,0,0,0,0,0
constant,DEPRECATED_TERMS,tools.scripts.lint_terminology.DEPRECATED_TERMS,module,scripts,tools.scripts.lint_terminology,src/tools/scripts/lint_terminology.py:39,39,63,25,0,0,0,DEAD,0,,0,,False,,0,0,0,0,0,0,0,0,0,0,0,0,0,0,0,0,0,0,0,0,0
constant,CONTEXT_SENSITIVE_TERMS,tools.scripts.lint_terminology.CONTEXT_SENSITIVE_TERMS,module,scripts,tools.scripts.lint_terminology,src/tools/scripts/lint_terminology.py:66,66,73,8,0,0,0,DEAD,0,,0,,False,,0,0,0,0,0,0,0,0,0,0,0,0,0,0,0,0,0,0,0,0,0
constant,SKIP_FILES,tools.scripts.lint_terminology.SKIP_FILES,module,scripts,tools.scripts.lint_terminology,src/tools/scripts/lint_terminology.py:76,76,82,7,0,0,0,DEAD,0,,0,,False,,0,0,0,0,0,0,0,0,0,0,0,0,0,0,0,0,0,0,0,0,0
constant,SKIP_PATHS,tools.scripts.lint_terminology.SKIP_PATHS,module,scripts,tools.scripts.lint_terminology,src/tools/scripts/lint_terminology.py:85,85,93,9,0,0,0,DEAD,0,,0,,False,,0,0,0,0,0,0,0,0,0,0,0,0,0,0,0,0,0,0,0,0,0
function,should_skip_file,tools.scripts.lint_terminology.should_skip_file,module,scripts,tools.scripts.lint_terminology,src/tools/scripts/lint_terminology.py:96,96,108,13,0,0,0,DEAD,0,,0,,False,,0,0,0,0,0,0,0,0,0,0,0,0,0,0,0,0,0,0,0,0,0
function,lint_directory,tools.scripts.lint_terminology.lint_directory,module,scripts,tools.scripts.lint_terminology,src/tools/scripts/lint_terminology.py:179,179,209,31,0,0,0,DEAD,0,,0,,False,,0,0,0,0,0,0,0,0,0,0,0,0,0,0,0,0,0,0,0,0,0
parameter,verbose,tools.scripts.lint_terminology.verbose,function,scripts,tools.scripts.lint_terminology,src/tools/scripts/lint_terminology.py:180,180,180,1,0,0,1,DEAD,0,,1,docs/99-archive/reports/documentation_merged.md,False,,1,1,1,1,1,1,1,1,1,1,0,1,1,0,1,1,1,1,1,1,1
function,format_violations,tools.scripts.lint_terminology.format_violations,module,scripts,tools.scripts.lint_terminology,src/tools/scripts/lint_terminology.py:212,212,233,22,0,0,0,DEAD,0,,0,,False,,0,0,0,0,0,0,0,0,0,0,0,0,0,0,0,0,0,0,0,0,0
parameter,pmid_columns,tools.scripts.migrations.migrate_pmid_to_string.pmid_columns,function,scripts,tools.scripts.migrations.migrate_pmid_to_string,src/tools/scripts/migrations/migrate_pmid_to_string.py:46,46,46,1,0,0,0,DEAD,0,,0,,False,,0,0,0,0,0,0,0,0,0,0,0,0,0,0,0,0,0,0,0,0,0
variable,columns_to_migrate,tools.scripts.migrations.migrate_pmid_to_string.migrate_table.columns_to_migrate,function,scripts,tools.scripts.migrations.migrate_pmid_to_string,src/tools/scripts/migrations/migrate_pmid_to_string.py:84,84,84,1,0,0,0,DEAD,0,,0,,False,,0,0,0,0,0,0,0,0,0,0,0,0,0,0,0,0,0,0,0,0,0
function,backup_table,tools.scripts.migrations.migrate_pmid_to_string.backup_table,module,scripts,tools.scripts.migrations.migrate_pmid_to_string,src/tools/scripts/migrations/migrate_pmid_to_string.py:133,133,152,20,0,0,0,DEAD,0,,0,,False,,0,0,0,0,0,0,0,0,0,0,0,0,0,0,0,0,0,0,0,0,0
parameter,backup_dir,tools.scripts.migrations.migrate_pmid_to_string.backup_dir,function,scripts,tools.scripts.migrations.migrate_pmid_to_string,src/tools/scripts/migrations/migrate_pmid_to_string.py:133,133,133,1,0,0,0,DEAD,0,,0,,False,,0,0,0,0,0,0,0,0,0,0,0,0,0,0,0,0,0,0,0,0,0
variable,silver_dir,tools.scripts.migrations.migrate_pmid_to_string.main.silver_dir,function,scripts,tools.scripts.migrations.migrate_pmid_to_string,src/tools/scripts/migrations/migrate_pmid_to_string.py:180,180,180,1,0,0,0,DEAD,0,,0,,False,,0,0,0,0,0,0,0,0,0,0,0,0,0,0,0,0,0,0,0,0,0
variable,backup_dir,tools.scripts.migrations.migrate_pmid_to_string.main.backup_dir,function,scripts,tools.scripts.migrations.migrate_pmid_to_string,src/tools/scripts/migrations/migrate_pmid_to_string.py:197,197,197,1,0,0,0,DEAD,0,,0,,False,,0,0,0,0,0,0,0,0,0,0,0,0,0,0,0,0,0,0,0,0,0
variable,total_stats,tools.scripts.migrations.migrate_pmid_to_string.main.total_stats,function,scripts,tools.scripts.migrations.migrate_pmid_to_string,src/tools/scripts/migrations/migrate_pmid_to_string.py:206,206,206,1,0,0,0,DEAD,0,,0,,False,,0,0,0,0,0,0,0,0,0,0,0,0,0,0,0,0,0,0,0,0,0
constant,FIELD_RENAMES,tools.scripts.migrations.rename_structure_fields.FIELD_RENAMES,module,scripts,tools.scripts.migrations.rename_structure_fields,src/tools/scripts/migrations/rename_structure_fields.py:41,41,45,5,0,0,0,DEAD,0,,0,,False,,0,0,0,0,0,3,0,0,0,0,0,0,0,0,0,0,0,0,0,0,0
function,check_table_exists,tools.scripts.migrations.rename_structure_fields.check_table_exists,module,scripts,tools.scripts.migrations.rename_structure_fields,src/tools/scripts/migrations/rename_structure_fields.py:62,62,73,12,0,0,0,DEAD,0,,0,,False,,0,0,0,0,0,2,0,0,0,0,0,0,0,0,0,0,0,0,0,0,0
function,get_current_schema,tools.scripts.migrations.rename_structure_fields.get_current_schema,module,scripts,tools.scripts.migrations.rename_structure_fields,src/tools/scripts/migrations/rename_structure_fields.py:76,76,86,11,0,0,0,DEAD,0,,0,,False,,0,0,0,0,0,2,0,0,0,0,0,0,0,0,0,0,0,0,0,0,0
variable,current_columns,tools.scripts.migrations.rename_structure_fields.migrate_table.current_columns,function,scripts,tools.scripts.migrations.rename_structure_fields,src/tools/scripts/migrations/rename_structure_fields.py:110,110,110,1,0,0,0,DEAD,0,,0,,False,,0,0,0,0,0,3,0,0,0,0,0,0,0,0,0,0,0,0,0,0,0
variable,fields_renamed,tools.scripts.migrations.rename_structure_fields.migrate_table.fields_renamed,function,scripts,tools.scripts.migrations.rename_structure_fields,src/tools/scripts/migrations/rename_structure_fields.py:112,112,112,1,0,0,0,DEAD,0,,0,,False,,0,0,0,0,0,4,0,0,0,0,0,0,0,0,0,0,0,0,0,0,0
variable,fields_skipped,tools.scripts.migrations.rename_structure_fields.migrate_table.fields_skipped,function,scripts,tools.scripts.migrations.rename_structure_fields,src/tools/scripts/migrations/rename_structure_fields.py:113,113,113,1,0,0,0,DEAD,0,,0,,False,,0,0,0,0,0,5,0,0,0,0,0,0,0,0,0,0,0,0,0,0,0
function,migrate_chembl_molecule_tables,tools.scripts.migrations.rename_structure_fields.migrate_chembl_molecule_tables,module,scripts,tools.scripts.migrations.rename_structure_fields,src/tools/scripts/migrations/rename_structure_fields.py:146,146,173,28,0,0,0,DEAD,0,,0,,False,,0,0,0,0,0,2,0,0,0,0,0,0,0,0,0,0,0,0,0,0,0
function,create_backward_compat_view_sql,tools.scripts.migrations.rename_structure_fields.create_backward_compat_view_sql,module,scripts,tools.scripts.migrations.rename_structure_fields,src/tools/scripts/migrations/rename_structure_fields.py:176,176,196,21,0,0,0,DEAD,0,,0,,False,,0,0,0,0,0,2,0,0,0,0,0,0,0,0,0,0,0,0,0,0,0
variable,total_renamed,tools.scripts.migrations.rename_structure_fields.main.total_renamed,function,scripts,tools.scripts.migrations.rename_structure_fields,src/tools/scripts/migrations/rename_structure_fields.py:258,258,258,1,0,0,0,DEAD,0,,0,,False,,0,0,0,0,0,3,0,0,0,0,0,0,0,0,0,0,0,0,0,0,0
variable,total_skipped,tools.scripts.migrations.rename_structure_fields.main.total_skipped,function,scripts,tools.scripts.migrations.rename_structure_fields,src/tools/scripts/migrations/rename_structure_fields.py:259,259,259,1,0,0,0,DEAD,0,,0,,False,,0,0,0,0,0,3,0,0,0,0,0,0,0,0,0,0,0,0,0,0,0
constant,REQUIRED_TOP_LEVEL,tools.scripts.validate_unified_configs.REQUIRED_TOP_LEVEL,module,scripts,tools.scripts.validate_unified_configs,src/tools/scripts/validate_unified_configs.py:9,9,21,13,0,0,0,DEAD,0,,0,,False,,0,0,0,0,0,0,0,0,0,0,0,0,0,0,0,0,0,0,0,0,0
constant,REQUIRED_SINK_LAYERS,tools.scripts.validate_unified_configs.REQUIRED_SINK_LAYERS,module,scripts,tools.scripts.validate_unified_configs,src/tools/scripts/validate_unified_configs.py:23,23,23,1,0,0,0,DEAD,0,,0,,False,,0,0,0,0,0,0,0,0,0,0,0,0,0,0,0,0,0,0,0,0,0
constant,REQUIRED_SINK_SILVER,tools.scripts.validate_unified_configs.REQUIRED_SINK_SILVER,module,scripts,tools.scripts.validate_unified_configs,src/tools/scripts/validate_unified_configs.py:24,24,24,1,0,0,0,DEAD,0,,0,,False,,0,0,0,0,0,0,0,0,0,0,0,0,0,0,0,0,0,0,0,0,0
constant,REQUIRED_INPUT_FILTER,tools.scripts.validate_unified_configs.REQUIRED_INPUT_FILTER,module,scripts,tools.scripts.validate_unified_configs,src/tools/scripts/validate_unified_configs.py:25,25,25,1,0,0,0,DEAD,0,,0,,False,,0,0,0,0,0,0,0,0,0,0,0,0,0,0,0,0,0,0,0,0,0
constant,REQUIRED_GOLD_FILTERS,tools.scripts.validate_unified_configs.REQUIRED_GOLD_FILTERS,module,scripts,tools.scripts.validate_unified_configs,src/tools/scripts/validate_unified_configs.py:26,26,26,1,0,0,0,DEAD,0,,0,,False,,0,0,0,0,0,0,0,0,0,0,0,0,0,0,0,0,0,0,0,0,0
function,validate_config,tools.scripts.validate_unified_configs.validate_config,module,scripts,tools.scripts.validate_unified_configs,src/tools/scripts/validate_unified_configs.py:29,29,110,82,0,0,0,DEAD,0,,0,,False,,0,0,0,0,0,0,0,0,0,0,0,0,0,0,0,0,0,0,0,0,0
variable,missing_top,tools.scripts.validate_unified_configs.validate_config.missing_top,function,scripts,tools.scripts.validate_unified_configs,src/tools/scripts/validate_unified_configs.py:50,50,50,1,0,0,0,DEAD,0,,0,,False,,0,0,0,0,0,0,0,0,0,0,0,0,0,0,0,0,0,0,0,0,0
variable,missing_sink,tools.scripts.validate_unified_configs.validate_config.missing_sink,function,scripts,tools.scripts.validate_unified_configs,src/tools/scripts/validate_unified_configs.py:62,62,62,1,0,0,0,DEAD,0,,0,,False,,0,0,0,0,0,0,0,0,0,0,0,0,0,0,0,0,0,0,0,0,0
variable,missing_silver,tools.scripts.validate_unified_configs.validate_config.missing_silver,function,scripts,tools.scripts.validate_unified_configs,src/tools/scripts/validate_unified_configs.py:68,68,68,1,0,0,0,DEAD,0,,0,,False,,0,0,0,0,0,0,0,0,0,0,0,0,0,0,0,0,0,0,0,0,0
variable,missing_gf,tools.scripts.validate_unified_configs.validate_config.missing_gf,function,scripts,tools.scripts.validate_unified_configs,src/tools/scripts/validate_unified_configs.py:86,86,86,1,0,0,0,DEAD,0,,0,,False,,0,0,0,0,0,0,0,0,0,0,0,0,0,0,0,0,0,0,0,0,0
variable,deprecated_keys,tools.scripts.validate_unified_configs.validate_config.deprecated_keys,function,scripts,tools.scripts.validate_unified_configs,src/tools/scripts/validate_unified_configs.py:91,91,91,1,0,0,0,DEAD,0,,0,,False,,0,0,0,0,0,0,0,0,0,0,0,0,0,0,0,0,0,0,0,0,0
variable,redundant_sink,tools.scripts.validate_unified_configs.validate_config.redundant_sink,function,scripts,tools.scripts.validate_unified_configs,src/tools/scripts/validate_unified_configs.py:96,96,96,1,0,0,0,DEAD,0,,0,,False,,0,0,0,0,0,0,0,0,0,0,0,0,0,0,0,0,0,0,0,0,0
variable,configs_validated,tools.scripts.validate_unified_configs.main.configs_validated,function,scripts,tools.scripts.validate_unified_configs,src/tools/scripts/validate_unified_configs.py:116,116,116,1,0,0,0,DEAD,0,,0,,False,,0,0,0,0,0,0,0,0,0,0,0,0,0,0,0,0,0,0,0,0,0
variable,configs_with_errors,tools.scripts.validate_unified_configs.main.configs_with_errors,function,scripts,tools.scripts.validate_unified_configs,src/tools/scripts/validate_unified_configs.py:117,117,117,1,0,0,0,DEAD,0,,0,,False,,0,0,0,0,0,0,0,0,0,0,0,0,0,0,0,0,0,0,0,0,0
variable,config_check,tools.scripts.validate_unified_configs.main.config_check,function,scripts,tools.scripts.validate_unified_configs,src/tools/scripts/validate_unified_configs.py:132,132,132,1,0,0,0,DEAD,0,,0,,False,,0,0,0,0,0,0,0,0,0,0,0,0,0,0,0,0,0,0,0,0,0
