"run_id","workflow_id","pipeline_id","provider_id","stage","record_index","source_record_id","primary_key","payload_hash","input_payload_hash","output_payload_hash","status","reason_code","reason_message","rule_id","rule_layer","failed_field","failed_value","expected_constraint","action","created_at","raw_payload","normalized_payload"
"c1d6d891-f698-4732-9ffc-24f94bd3dfcf","chembl_activity","chembl_activity","chembl","silver","9","31991","31991","fe0ae081de8028ba076fe23daaa409e7ae878c67afc0ab8e77fdfa81e8f77fde","fe0ae081de8028ba076fe23daaa409e7ae878c67afc0ab8e77fdfa81e8f77fde","fe0ae081de8028ba076fe23daaa409e7ae878c67afc0ab8e77fdfa81e8f77fde","quarantined","SCHEMA_REQUIRED_FIELD_MISSING","Required field 'units' is missing: {""action_taken"": ""quarantine_original_record"", ""actual_python_type"": ""NoneType"", ""actual_value_preview"": ""None"", ""coercion_policy"": ""default"", ""empty_as_missing"": null, ""expected_logical_type"": ""string"", ""expected_physical_type"": ""str"", ""field"": ""units"", ""nullable"": false, ""optional"": false, ""optional_sources"": [""silver_required_fields""], ""policy_stage"": ""structural"", ""reason_code"": ""required_field_missing"", ""shadow_comparison"": ""structural_reject_silver_filter_reject"", ""silver_filter_shadow_reason_code"": ""required_field_missing""}","","silver","type","","","quarantine","2026-06-02T11:19:00.917154+00:00","{""action_type"": null, ""activity_comment"": null, ""activity_id"": 31991, ""activity_properties"": [], ""assay_chembl_id"": ""CHEMBL733653"", ""assay_description"": ""Ability to inhibit mitochondrial malate dehydrogenase"", ""assay_type"": ""B"", ""assay_variant_accession"": null, ""assay_variant_mutation"": null, ""bao_endpoint"": ""BAO_0000190"", ""bao_format"": ""BAO_0000357"", ""bao_label"": ""single protein format"", ""canonical_smiles"": ""O=C(O)c1cnc2cc(OCCOc3ccc4ccccc4c3)ccc2c1O"", ""data_validity_comment"": null, ""data_validity_description"": null, ""document_chembl_id"": ""CHEMBL1122163"", ""document_journal"": ""J Med Chem"", ""document_year"": 1982, ""ligand_efficiency"": {""bei"": ""15.45"", ""le"": ""0.28"", ""lle"": ""1.55"", ""sei"": ""6.53""}, ""modality"": null, ""molecule_chembl_id"": ""CHEMBL156707"", ""molecule_pref_name"": null, ""parent_molecule_chembl_id"": ""CHEMBL156707"", ""pchembl_value"": ""5.80"", ""potential_duplicate"": 0, ""qudt_units"": ""http://www.openphacts.org/units/Nanomolar"", ""record_id"": 308445, ""relation"": ""="", ""src_id"": 1, ""standard_flag"": 1, ""standard_relation"": ""="", ""standard_text_value"": null, ""standard_type"": ""IC50"", ""standard_units"": ""nM"", ""standard_upper_value"": null, ""standard_value"": ""1584.89"", ""target_chembl_id"": ""CHEMBL3444"", ""target_organism"": ""Sus scrofa"", ""target_pref_name"": ""Malate dehydrogenase, mitochondrial"", ""target_tax_id"": ""9823"", ""text_value"": null, ""toid"": null, ""type"": ""pI50"", ""units"": null, ""uo_units"": ""UO_0000065"", ""upper_value"": null, ""value"": ""5.8""}","{""action_type"": null, ""activity_comment"": null, ""activity_id"": 31991, ""activity_properties"": [], ""assay_chembl_id"": ""CHEMBL733653"", ""assay_description"": ""Ability to inhibit mitochondrial malate dehydrogenase"", ""assay_type"": ""B"", ""assay_variant_accession"": null, ""assay_variant_mutation"": null, ""bao_endpoint"": ""BAO_0000190"", ""bao_format"": ""BAO_0000357"", ""bao_label"": ""single protein format"", ""canonical_smiles"": ""O=C(O)c1cnc2cc(OCCOc3ccc4ccccc4c3)ccc2c1O"", ""data_validity_comment"": null, ""data_validity_description"": null, ""document_chembl_id"": ""CHEMBL1122163"", ""document_journal"": ""J Med Chem"", ""document_year"": 1982, ""ligand_efficiency"": {""bei"": ""15.45"", ""le"": ""0.28"", ""lle"": ""1.55"", ""sei"": ""6.53""}, ""modality"": null, ""molecule_chembl_id"": ""CHEMBL156707"", ""molecule_pref_name"": null, ""parent_molecule_chembl_id"": ""CHEMBL156707"", ""pchembl_value"": ""5.80"", ""potential_duplicate"": 0, ""qudt_units"": ""http://www.openphacts.org/units/Nanomolar"", ""record_id"": 308445, ""relation"": ""="", ""src_id"": 1, ""standard_flag"": 1, ""standard_relation"": ""="", ""standard_text_value"": null, ""standard_type"": ""IC50"", ""standard_units"": ""nM"", ""standard_upper_value"": null, ""standard_value"": ""1584.89"", ""target_chembl_id"": ""CHEMBL3444"", ""target_organism"": ""Sus scrofa"", ""target_pref_name"": ""Malate dehydrogenase, mitochondrial"", ""target_tax_id"": ""9823"", ""text_value"": null, ""toid"": null, ""type"": ""pI50"", ""units"": null, ""uo_units"": ""UO_0000065"", ""upper_value"": null, ""value"": ""5.8""}"
"c1d6d891-f698-4732-9ffc-24f94bd3dfcf","chembl_activity","chembl_activity","chembl","silver","106","32325","32325","df7c8d8e469cdfeee5c73aff95b6b3bf4c9fa916954b9d1ebd70200477cedc9d","df7c8d8e469cdfeee5c73aff95b6b3bf4c9fa916954b9d1ebd70200477cedc9d","df7c8d8e469cdfeee5c73aff95b6b3bf4c9fa916954b9d1ebd70200477cedc9d","quarantined","SCHEMA_REQUIRED_FIELD_MISSING","Required field 'canonical_smiles' is missing: {""action_taken"": ""quarantine_original_record"", ""actual_python_type"": ""NoneType"", ""actual_value_preview"": ""None"", ""coercion_policy"": ""default"", ""empty_as_missing"": null, ""expected_logical_type"": ""string"", ""expected_physical_type"": ""str"", ""field"": ""canonical_smiles"", ""nullable"": false, ""optional"": false, ""optional_sources"": [""silver_required_fields""], ""policy_stage"": ""structural"", ""reason_code"": ""required_field_missing"", ""shadow_comparison"": ""structural_reject_silver_filter_reject"", ""silver_filter_shadow_reason_code"": ""required_field_missing""}","","silver","canonical_smiles","","","quarantine","2026-06-02T11:19:01.105168+00:00","{""action_type"": null, ""activity_comment"": null, ""activity_id"": 32325, ""activity_properties"": [], ""assay_chembl_id"": ""CHEMBL764090"", ""assay_description"": ""Growth inhibition of chloroquine-resistant Plasmodium falciparum K1 by [3H]hypoxanthine uptake"", ""assay_type"": ""F"", ""assay_variant_accession"": null, ""assay_variant_mutation"": null, ""bao_endpoint"": ""BAO_0000190"", ""bao_format"": ""BAO_0000218"", ""bao_label"": ""organism-based format"", ""canonical_smiles"": null, ""data_validity_comment"": null, ""data_validity_description"": null, ""document_chembl_id"": ""CHEMBL1134883"", ""document_journal"": ""Bioorg Med Chem Lett"", ""document_year"": 2002, ""ligand_efficiency"": null, ""modality"": null, ""molecule_chembl_id"": ""CHEMBL76383"", ""molecule_pref_name"": ""1-(2-Hydroxyphenyl)-3-ferrocenyl-2-propen-1-one"", ""parent_molecule_chembl_id"": ""CHEMBL76383"", ""pchembl_value"": ""4.13"", ""potential_duplicate"": 0, ""qudt_units"": ""http://www.openphacts.org/units/Nanomolar"", ""record_id"": 133131, ""relation"": ""="", ""src_id"": 1, ""standard_flag"": 1, ""standard_relation"": ""="", ""standard_text_value"": null, ""standard_type"": ""IC50"", ""standard_units"": ""nM"", ""standard_upper_value"": null, ""standard_value"": ""73500.0"", ""target_chembl_id"": ""CHEMBL364"", ""target_organism"": ""Plasmodium falciparum"", ""target_pref_name"": ""Plasmodium falciparum"", ""target_tax_id"": ""5833"", ""text_value"": null, ""toid"": null, ""type"": ""IC50"", ""units"": ""uM"", ""uo_units"": ""UO_0000065"", ""upper_value"": null, ""value"": ""73.5""}","{""action_type"": null, ""activity_comment"": null, ""activity_id"": 32325, ""activity_properties"": [], ""assay_chembl_id"": ""CHEMBL764090"", ""assay_description"": ""Growth inhibition of chloroquine-resistant Plasmodium falciparum K1 by [3H]hypoxanthine uptake"", ""assay_type"": ""F"", ""assay_variant_accession"": null, ""assay_variant_mutation"": null, ""bao_endpoint"": ""BAO_0000190"", ""bao_format"": ""BAO_0000218"", ""bao_label"": ""organism-based format"", ""canonical_smiles"": null, ""data_validity_comment"": null, ""data_validity_description"": null, ""document_chembl_id"": ""CHEMBL1134883"", ""document_journal"": ""Bioorg Med Chem Lett"", ""document_year"": 2002, ""ligand_efficiency"": null, ""modality"": null, ""molecule_chembl_id"": ""CHEMBL76383"", ""molecule_pref_name"": ""1-(2-Hydroxyphenyl)-3-ferrocenyl-2-propen-1-one"", ""parent_molecule_chembl_id"": ""CHEMBL76383"", ""pchembl_value"": ""4.13"", ""potential_duplicate"": 0, ""qudt_units"": ""http://www.openphacts.org/units/Nanomolar"", ""record_id"": 133131, ""relation"": ""="", ""src_id"": 1, ""standard_flag"": 1, ""standard_relation"": ""="", ""standard_text_value"": null, ""standard_type"": ""IC50"", ""standard_units"": ""nM"", ""standard_upper_value"": null, ""standard_value"": ""73500.0"", ""target_chembl_id"": ""CHEMBL364"", ""target_organism"": ""Plasmodium falciparum"", ""target_pref_name"": ""Plasmodium falciparum"", ""target_tax_id"": ""5833"", ""text_value"": null, ""toid"": null, ""type"": ""IC50"", ""units"": ""uM"", ""uo_units"": ""UO_0000065"", ""upper_value"": null, ""value"": ""73.5""}"
"c1d6d891-f698-4732-9ffc-24f94bd3dfcf","chembl_activity","chembl_activity","chembl","silver","173","32487","32487","07f6bb46ff271adf9af4bc704c2bc25e8a18f4014624fa83fdb9a58e3fb02b3f","07f6bb46ff271adf9af4bc704c2bc25e8a18f4014624fa83fdb9a58e3fb02b3f","07f6bb46ff271adf9af4bc704c2bc25e8a18f4014624fa83fdb9a58e3fb02b3f","quarantined","SCHEMA_REQUIRED_FIELD_MISSING","Required field 'units' is missing: {""action_taken"": ""quarantine_original_record"", ""actual_python_type"": ""NoneType"", ""actual_value_preview"": ""None"", ""coercion_policy"": ""default"", ""empty_as_missing"": null, ""expected_logical_type"": ""string"", ""expected_physical_type"": ""str"", ""field"": ""units"", ""nullable"": false, ""optional"": false, ""optional_sources"": [""silver_required_fields""], ""policy_stage"": ""structural"", ""reason_code"": ""required_field_missing"", ""shadow_comparison"": ""structural_reject_silver_filter_reject"", ""silver_filter_shadow_reason_code"": ""required_field_missing""}","","silver","type","","","quarantine","2026-06-02T11:19:01.242533+00:00","{""action_type"": null, ""activity_comment"": null, ""activity_id"": 32487, ""activity_properties"": [], ""assay_chembl_id"": ""CHEMBL616349"", ""assay_description"": ""Binding affinity at 5-hydroxytryptamine 1A receptor"", ""assay_type"": ""B"", ""assay_variant_accession"": null, ""assay_variant_mutation"": null, ""bao_endpoint"": ""BAO_0000192"", ""bao_format"": ""BAO_0000357"", ""bao_label"": ""single protein format"", ""canonical_smiles"": ""COc1cc2c(cc1OC)C(CCN1CCN(c3cccc4c3OCCO4)CC1)C2"", ""data_validity_comment"": null, ""data_validity_description"": null, ""document_chembl_id"": ""CHEMBL1128459"", ""document_journal"": ""J Med Chem"", ""document_year"": 1995, ""ligand_efficiency"": {""bei"": ""20.71"", ""le"": ""0.39"", ""lle"": ""5.17"", ""sei"": ""19.59""}, ""modality"": null, ""molecule_chembl_id"": ""CHEMBL335297"", ""molecule_pref_name"": null, ""parent_molecule_chembl_id"": ""CHEMBL335297"", ""pchembl_value"": ""8.50"", ""potential_duplicate"": 0, ""qudt_units"": ""http://www.openphacts.org/units/Nanomolar"", ""record_id"": 250193, ""relation"": ""="", ""src_id"": 1, ""standard_flag"": 1, ""standard_relation"": ""="", ""standard_text_value"": null, ""standard_type"": ""Ki"", ""standard_units"": ""nM"", ""standard_upper_value"": null, ""standard_value"": ""3.162"", ""target_chembl_id"": ""CHEMBL273"", ""target_organism"": ""Rattus norvegicus"", ""target_pref_name"": ""5-hydroxytryptamine receptor 1A"", ""target_tax_id"": ""10116"", ""text_value"": null, ""toid"": null, ""type"": ""Log Ki"", ""units"": null, ""uo_units"": ""UO_0000065"", ""upper_value"": null, ""value"": ""-8.5""}","{""action_type"": null, ""activity_comment"": null, ""activity_id"": 32487, ""activity_properties"": [], ""assay_chembl_id"": ""CHEMBL616349"", ""assay_description"": ""Binding affinity at 5-hydroxytryptamine 1A receptor"", ""assay_type"": ""B"", ""assay_variant_accession"": null, ""assay_variant_mutation"": null, ""bao_endpoint"": ""BAO_0000192"", ""bao_format"": ""BAO_0000357"", ""bao_label"": ""single protein format"", ""canonical_smiles"": ""COc1cc2c(cc1OC)C(CCN1CCN(c3cccc4c3OCCO4)CC1)C2"", ""data_validity_comment"": null, ""data_validity_description"": null, ""document_chembl_id"": ""CHEMBL1128459"", ""document_journal"": ""J Med Chem"", ""document_year"": 1995, ""ligand_efficiency"": {""bei"": ""20.71"", ""le"": ""0.39"", ""lle"": ""5.17"", ""sei"": ""19.59""}, ""modality"": null, ""molecule_chembl_id"": ""CHEMBL335297"", ""molecule_pref_name"": null, ""parent_molecule_chembl_id"": ""CHEMBL335297"", ""pchembl_value"": ""8.50"", ""potential_duplicate"": 0, ""qudt_units"": ""http://www.openphacts.org/units/Nanomolar"", ""record_id"": 250193, ""relation"": ""="", ""src_id"": 1, ""standard_flag"": 1, ""standard_relation"": ""="", ""standard_text_value"": null, ""standard_type"": ""Ki"", ""standard_units"": ""nM"", ""standard_upper_value"": null, ""standard_value"": ""3.162"", ""target_chembl_id"": ""CHEMBL273"", ""target_organism"": ""Rattus norvegicus"", ""target_pref_name"": ""5-hydroxytryptamine receptor 1A"", ""target_tax_id"": ""10116"", ""text_value"": null, ""toid"": null, ""type"": ""Log Ki"", ""units"": null, ""uo_units"": ""UO_0000065"", ""upper_value"": null, ""value"": ""-8.5""}"
"c1d6d891-f698-4732-9ffc-24f94bd3dfcf","chembl_activity","chembl_activity","chembl","silver","174","32488","32488","21a6fcec5b97f33b474727a00d8cdb41ff8c935d94f919e506d643afb0d58be5","21a6fcec5b97f33b474727a00d8cdb41ff8c935d94f919e506d643afb0d58be5","21a6fcec5b97f33b474727a00d8cdb41ff8c935d94f919e506d643afb0d58be5","quarantined","SCHEMA_REQUIRED_FIELD_MISSING","Required field 'units' is missing: {""action_taken"": ""quarantine_original_record"", ""actual_python_type"": ""NoneType"", ""actual_value_preview"": ""None"", ""coercion_policy"": ""default"", ""empty_as_missing"": null, ""expected_logical_type"": ""string"", ""expected_physical_type"": ""str"", ""field"": ""units"", ""nullable"": false, ""optional"": false, ""optional_sources"": [""silver_required_fields""], ""policy_stage"": ""structural"", ""reason_code"": ""required_field_missing"", ""shadow_comparison"": ""structural_reject_silver_filter_reject"", ""silver_filter_shadow_reason_code"": ""required_field_missing""}","","silver","type","","","quarantine","2026-06-02T11:19:01.244426+00:00","{""action_type"": null, ""activity_comment"": null, ""activity_id"": 32488, ""activity_properties"": [], ""assay_chembl_id"": ""CHEMBL616791"", ""assay_description"": ""Binding affinity at 5-hydroxytryptamine 1B receptor"", ""assay_type"": ""B"", ""assay_variant_accession"": null, ""assay_variant_mutation"": null, ""bao_endpoint"": ""BAO_0000192"", ""bao_format"": ""BAO_0000357"", ""bao_label"": ""single protein format"", ""canonical_smiles"": ""COc1cc2c(cc1OC)C(CCN1CCN(c3cccc4c3OCCO4)CC1)C2"", ""data_validity_comment"": null, ""data_validity_description"": null, ""document_chembl_id"": ""CHEMBL1128459"", ""document_journal"": ""J Med Chem"", ""document_year"": 1995, ""ligand_efficiency"": {""bei"": ""14.86"", ""le"": ""0.28"", ""lle"": ""2.77"", ""sei"": ""14.06""}, ""modality"": null, ""molecule_chembl_id"": ""CHEMBL335297"", ""molecule_pref_name"": null, ""parent_molecule_chembl_id"": ""CHEMBL335297"", ""pchembl_value"": ""6.10"", ""potential_duplicate"": 0, ""qudt_units"": ""http://www.openphacts.org/units/Nanomolar"", ""record_id"": 250193, ""relation"": ""="", ""src_id"": 1, ""standard_flag"": 1, ""standard_relation"": ""="", ""standard_text_value"": null, ""standard_type"": ""Ki"", ""standard_units"": ""nM"", ""standard_upper_value"": null, ""standard_value"": ""794.33"", ""target_chembl_id"": ""CHEMBL3459"", ""target_organism"": ""Rattus norvegicus"", ""target_pref_name"": ""5-hydroxytryptamine receptor 1B"", ""target_tax_id"": ""10116"", ""text_value"": null, ""toid"": null, ""type"": ""pKi"", ""units"": null, ""uo_units"": ""UO_0000065"", ""upper_value"": null, ""value"": ""6.1""}","{""action_type"": null, ""activity_comment"": null, ""activity_id"": 32488, ""activity_properties"": [], ""assay_chembl_id"": ""CHEMBL616791"", ""assay_description"": ""Binding affinity at 5-hydroxytryptamine 1B receptor"", ""assay_type"": ""B"", ""assay_variant_accession"": null, ""assay_variant_mutation"": null, ""bao_endpoint"": ""BAO_0000192"", ""bao_format"": ""BAO_0000357"", ""bao_label"": ""single protein format"", ""canonical_smiles"": ""COc1cc2c(cc1OC)C(CCN1CCN(c3cccc4c3OCCO4)CC1)C2"", ""data_validity_comment"": null, ""data_validity_description"": null, ""document_chembl_id"": ""CHEMBL1128459"", ""document_journal"": ""J Med Chem"", ""document_year"": 1995, ""ligand_efficiency"": {""bei"": ""14.86"", ""le"": ""0.28"", ""lle"": ""2.77"", ""sei"": ""14.06""}, ""modality"": null, ""molecule_chembl_id"": ""CHEMBL335297"", ""molecule_pref_name"": null, ""parent_molecule_chembl_id"": ""CHEMBL335297"", ""pchembl_value"": ""6.10"", ""potential_duplicate"": 0, ""qudt_units"": ""http://www.openphacts.org/units/Nanomolar"", ""record_id"": 250193, ""relation"": ""="", ""src_id"": 1, ""standard_flag"": 1, ""standard_relation"": ""="", ""standard_text_value"": null, ""standard_type"": ""Ki"", ""standard_units"": ""nM"", ""standard_upper_value"": null, ""standard_value"": ""794.33"", ""target_chembl_id"": ""CHEMBL3459"", ""target_organism"": ""Rattus norvegicus"", ""target_pref_name"": ""5-hydroxytryptamine receptor 1B"", ""target_tax_id"": ""10116"", ""text_value"": null, ""toid"": null, ""type"": ""pKi"", ""units"": null, ""uo_units"": ""UO_0000065"", ""upper_value"": null, ""value"": ""6.1""}"
"c1d6d891-f698-4732-9ffc-24f94bd3dfcf","chembl_activity","chembl_activity","chembl","silver","175","32504","32504","d93e2b8323f829b2ce475a4f7c02209ea340ba1e7fbcc992c0a59074ddb2f92c","d93e2b8323f829b2ce475a4f7c02209ea340ba1e7fbcc992c0a59074ddb2f92c","d93e2b8323f829b2ce475a4f7c02209ea340ba1e7fbcc992c0a59074ddb2f92c","quarantined","SCHEMA_REQUIRED_FIELD_MISSING","Required field 'units' is missing: {""action_taken"": ""quarantine_original_record"", ""actual_python_type"": ""NoneType"", ""actual_value_preview"": ""None"", ""coercion_policy"": ""default"", ""empty_as_missing"": null, ""expected_logical_type"": ""string"", ""expected_physical_type"": ""str"", ""field"": ""units"", ""nullable"": false, ""optional"": false, ""optional_sources"": [""silver_required_fields""], ""policy_stage"": ""structural"", ""reason_code"": ""required_field_missing"", ""shadow_comparison"": ""structural_reject_silver_filter_reject"", ""silver_filter_shadow_reason_code"": ""required_field_missing""}","","silver","type","","","quarantine","2026-06-02T11:19:01.246301+00:00","{""action_type"": null, ""activity_comment"": null, ""activity_id"": 32504, ""activity_properties"": [], ""assay_chembl_id"": ""CHEMBL616349"", ""assay_description"": ""Binding affinity at 5-hydroxytryptamine 1A receptor"", ""assay_type"": ""B"", ""assay_variant_accession"": null, ""assay_variant_mutation"": null, ""bao_endpoint"": ""BAO_0000192"", ""bao_format"": ""BAO_0000357"", ""bao_label"": ""single protein format"", ""canonical_smiles"": ""c1ccc2c(c1)CCC2CN1CCN(c2cccc3c2OCCO3)CC1"", ""data_validity_comment"": null, ""data_validity_description"": null, ""document_chembl_id"": ""CHEMBL1128459"", ""document_journal"": ""J Med Chem"", ""document_year"": 1995, ""ligand_efficiency"": {""bei"": ""25.00"", ""le"": ""0.46"", ""lle"": ""5.45"", ""sei"": ""35.12""}, ""modality"": null, ""molecule_chembl_id"": ""CHEMBL131011"", ""molecule_pref_name"": null, ""parent_molecule_chembl_id"": ""CHEMBL131011"", ""pchembl_value"": ""8.76"", ""potential_duplicate"": 0, ""qudt_units"": ""http://www.openphacts.org/units/Nanomolar"", ""record_id"": 250186, ""relation"": ""="", ""src_id"": 1, ""standard_flag"": 1, ""standard_relation"": ""="", ""standard_text_value"": null, ""standard_type"": ""Ki"", ""standard_units"": ""nM"", ""standard_upper_value"": null, ""standard_value"": ""1.738"", ""target_chembl_id"": ""CHEMBL273"", ""target_organism"": ""Rattus norvegicus"", ""target_pref_name"": ""5-hydroxytryptamine receptor 1A"", ""target_tax_id"": ""10116"", ""text_value"": null, ""toid"": null, ""type"": ""Log Ki"", ""units"": null, ""uo_units"": ""UO_0000065"", ""upper_value"": null, ""value"": ""-8.76""}","{""action_type"": null, ""activity_comment"": null, ""activity_id"": 32504, ""activity_properties"": [], ""assay_chembl_id"": ""CHEMBL616349"", ""assay_description"": ""Binding affinity at 5-hydroxytryptamine 1A receptor"", ""assay_type"": ""B"", ""assay_variant_accession"": null, ""assay_variant_mutation"": null, ""bao_endpoint"": ""BAO_0000192"", ""bao_format"": ""BAO_0000357"", ""bao_label"": ""single protein format"", ""canonical_smiles"": ""c1ccc2c(c1)CCC2CN1CCN(c2cccc3c2OCCO3)CC1"", ""data_validity_comment"": null, ""data_validity_description"": null, ""document_chembl_id"": ""CHEMBL1128459"", ""document_journal"": ""J Med Chem"", ""document_year"": 1995, ""ligand_efficiency"": {""bei"": ""25.00"", ""le"": ""0.46"", ""lle"": ""5.45"", ""sei"": ""35.12""}, ""modality"": null, ""molecule_chembl_id"": ""CHEMBL131011"", ""molecule_pref_name"": null, ""parent_molecule_chembl_id"": ""CHEMBL131011"", ""pchembl_value"": ""8.76"", ""potential_duplicate"": 0, ""qudt_units"": ""http://www.openphacts.org/units/Nanomolar"", ""record_id"": 250186, ""relation"": ""="", ""src_id"": 1, ""standard_flag"": 1, ""standard_relation"": ""="", ""standard_text_value"": null, ""standard_type"": ""Ki"", ""standard_units"": ""nM"", ""standard_upper_value"": null, ""standard_value"": ""1.738"", ""target_chembl_id"": ""CHEMBL273"", ""target_organism"": ""Rattus norvegicus"", ""target_pref_name"": ""5-hydroxytryptamine receptor 1A"", ""target_tax_id"": ""10116"", ""text_value"": null, ""toid"": null, ""type"": ""Log Ki"", ""units"": null, ""uo_units"": ""UO_0000065"", ""upper_value"": null, ""value"": ""-8.76""}"
"c1d6d891-f698-4732-9ffc-24f94bd3dfcf","chembl_activity","chembl_activity","chembl","silver","176","32505","32505","ad4f74f5ea77726dc153171a03cb26220bbfbaae18d6dd468b4b8e7660e4c3be","ad4f74f5ea77726dc153171a03cb26220bbfbaae18d6dd468b4b8e7660e4c3be","ad4f74f5ea77726dc153171a03cb26220bbfbaae18d6dd468b4b8e7660e4c3be","quarantined","SCHEMA_REQUIRED_FIELD_MISSING","Required field 'units' is missing: {""action_taken"": ""quarantine_original_record"", ""actual_python_type"": ""NoneType"", ""actual_value_preview"": ""None"", ""coercion_policy"": ""default"", ""empty_as_missing"": null, ""expected_logical_type"": ""string"", ""expected_physical_type"": ""str"", ""field"": ""units"", ""nullable"": false, ""optional"": false, ""optional_sources"": [""silver_required_fields""], ""policy_stage"": ""structural"", ""reason_code"": ""required_field_missing"", ""shadow_comparison"": ""structural_reject_silver_filter_reject"", ""silver_filter_shadow_reason_code"": ""required_field_missing""}","","silver","type","","","quarantine","2026-06-02T11:19:01.248295+00:00","{""action_type"": null, ""activity_comment"": null, ""activity_id"": 32505, ""activity_properties"": [], ""assay_chembl_id"": ""CHEMBL616791"", ""assay_description"": ""Binding affinity at 5-hydroxytryptamine 1B receptor"", ""assay_type"": ""B"", ""assay_variant_accession"": null, ""assay_variant_mutation"": null, ""bao_endpoint"": ""BAO_0000192"", ""bao_format"": ""BAO_0000357"", ""bao_label"": ""single protein format"", ""canonical_smiles"": ""c1ccc2c(c1)CCC2CN1CCN(c2cccc3c2OCCO3)CC1"", ""data_validity_comment"": null, ""data_validity_description"": null, ""document_chembl_id"": ""CHEMBL1128459"", ""document_journal"": ""J Med Chem"", ""document_year"": 1995, ""ligand_efficiency"": {""bei"": ""19.12"", ""le"": ""0.35"", ""lle"": ""3.39"", ""sei"": ""26.86""}, ""modality"": null, ""molecule_chembl_id"": ""CHEMBL131011"", ""molecule_pref_name"": null, ""parent_molecule_chembl_id"": ""CHEMBL131011"", ""pchembl_value"": ""6.70"", ""potential_duplicate"": 0, ""qudt_units"": ""http://www.openphacts.org/units/Nanomolar"", ""record_id"": 250186, ""relation"": ""="", ""src_id"": 1, ""standard_flag"": 1, ""standard_relation"": ""="", ""standard_text_value"": null, ""standard_type"": ""Ki"", ""standard_units"": ""nM"", ""standard_upper_value"": null, ""standard_value"": ""199.53"", ""target_chembl_id"": ""CHEMBL3459"", ""target_organism"": ""Rattus norvegicus"", ""target_pref_name"": ""5-hydroxytryptamine receptor 1B"", ""target_tax_id"": ""10116"", ""text_value"": null, ""toid"": null, ""type"": ""pKi"", ""units"": null, ""uo_units"": ""UO_0000065"", ""upper_value"": null, ""value"": ""6.7""}","{""action_type"": null, ""activity_comment"": null, ""activity_id"": 32505, ""activity_properties"": [], ""assay_chembl_id"": ""CHEMBL616791"", ""assay_description"": ""Binding affinity at 5-hydroxytryptamine 1B receptor"", ""assay_type"": ""B"", ""assay_variant_accession"": null, ""assay_variant_mutation"": null, ""bao_endpoint"": ""BAO_0000192"", ""bao_format"": ""BAO_0000357"", ""bao_label"": ""single protein format"", ""canonical_smiles"": ""c1ccc2c(c1)CCC2CN1CCN(c2cccc3c2OCCO3)CC1"", ""data_validity_comment"": null, ""data_validity_description"": null, ""document_chembl_id"": ""CHEMBL1128459"", ""document_journal"": ""J Med Chem"", ""document_year"": 1995, ""ligand_efficiency"": {""bei"": ""19.12"", ""le"": ""0.35"", ""lle"": ""3.39"", ""sei"": ""26.86""}, ""modality"": null, ""molecule_chembl_id"": ""CHEMBL131011"", ""molecule_pref_name"": null, ""parent_molecule_chembl_id"": ""CHEMBL131011"", ""pchembl_value"": ""6.70"", ""potential_duplicate"": 0, ""qudt_units"": ""http://www.openphacts.org/units/Nanomolar"", ""record_id"": 250186, ""relation"": ""="", ""src_id"": 1, ""standard_flag"": 1, ""standard_relation"": ""="", ""standard_text_value"": null, ""standard_type"": ""Ki"", ""standard_units"": ""nM"", ""standard_upper_value"": null, ""standard_value"": ""199.53"", ""target_chembl_id"": ""CHEMBL3459"", ""target_organism"": ""Rattus norvegicus"", ""target_pref_name"": ""5-hydroxytryptamine receptor 1B"", ""target_tax_id"": ""10116"", ""text_value"": null, ""toid"": null, ""type"": ""pKi"", ""units"": null, ""uo_units"": ""UO_0000065"", ""upper_value"": null, ""value"": ""6.7""}"
"c1d6d891-f698-4732-9ffc-24f94bd3dfcf","chembl_activity","chembl_activity","chembl","silver","177","32512","32512","ee3f33d8d0ec4f8fd7eff01e03a9fea7bf4fca6469f3a0cb2eec42cda3b4a21a","ee3f33d8d0ec4f8fd7eff01e03a9fea7bf4fca6469f3a0cb2eec42cda3b4a21a","ee3f33d8d0ec4f8fd7eff01e03a9fea7bf4fca6469f3a0cb2eec42cda3b4a21a","quarantined","SCHEMA_REQUIRED_FIELD_MISSING","Required field 'units' is missing: {""action_taken"": ""quarantine_original_record"", ""actual_python_type"": ""NoneType"", ""actual_value_preview"": ""None"", ""coercion_policy"": ""default"", ""empty_as_missing"": null, ""expected_logical_type"": ""string"", ""expected_physical_type"": ""str"", ""field"": ""units"", ""nullable"": false, ""optional"": false, ""optional_sources"": [""silver_required_fields""], ""policy_stage"": ""structural"", ""reason_code"": ""required_field_missing"", ""shadow_comparison"": ""structural_reject_silver_filter_reject"", ""silver_filter_shadow_reason_code"": ""required_field_missing""}","","silver","type","","","quarantine","2026-06-02T11:19:01.250144+00:00","{""action_type"": null, ""activity_comment"": null, ""activity_id"": 32512, ""activity_properties"": [], ""assay_chembl_id"": ""CHEMBL857994"", ""assay_description"": ""In vitro binding affinity towards Alpha-1 adrenergic receptor in rat cortex was determined using [3H]prazosin as radioligand"", ""assay_type"": ""B"", ""assay_variant_accession"": null, ""assay_variant_mutation"": null, ""bao_endpoint"": ""BAO_0000192"", ""bao_format"": ""BAO_0000019"", ""bao_label"": ""assay format"", ""canonical_smiles"": ""c1ccc2c(c1)CCC2CN1CCN(c2cccc3c2OCCO3)CC1"", ""data_validity_comment"": null, ""data_validity_description"": null, ""document_chembl_id"": ""CHEMBL1128459"", ""document_journal"": ""J Med Chem"", ""document_year"": 1995, ""ligand_efficiency"": {""bei"": ""22.11"", ""le"": ""0.41"", ""lle"": ""4.44"", ""sei"": ""31.07""}, ""modality"": null, ""molecule_chembl_id"": ""CHEMBL131011"", ""molecule_pref_name"": null, ""parent_molecule_chembl_id"": ""CHEMBL131011"", ""pchembl_value"": ""7.75"", ""potential_duplicate"": 0, ""qudt_units"": ""http://www.openphacts.org/units/Nanomolar"", ""record_id"": 250186, ""relation"": ""="", ""src_id"": 1, ""standard_flag"": 1, ""standard_relation"": ""="", ""standard_text_value"": null, ""standard_type"": ""Ki"", ""standard_units"": ""nM"", ""standard_upper_value"": null, ""standard_value"": ""17.78"", ""target_chembl_id"": ""CHEMBL1907610"", ""target_organism"": ""Rattus norvegicus"", ""target_pref_name"": ""Adrenergic receptor alpha-1"", ""target_tax_id"": ""10116"", ""text_value"": null, ""toid"": null, ""type"": ""Log Ki"", ""units"": null, ""uo_units"": ""UO_0000065"", ""upper_value"": null, ""value"": ""-7.75""}","{""action_type"": null, ""activity_comment"": null, ""activity_id"": 32512, ""activity_properties"": [], ""assay_chembl_id"": ""CHEMBL857994"", ""assay_description"": ""In vitro binding affinity towards Alpha-1 adrenergic receptor in rat cortex was determined using [3H]prazosin as radioligand"", ""assay_type"": ""B"", ""assay_variant_accession"": null, ""assay_variant_mutation"": null, ""bao_endpoint"": ""BAO_0000192"", ""bao_format"": ""BAO_0000019"", ""bao_label"": ""assay format"", ""canonical_smiles"": ""c1ccc2c(c1)CCC2CN1CCN(c2cccc3c2OCCO3)CC1"", ""data_validity_comment"": null, ""data_validity_description"": null, ""document_chembl_id"": ""CHEMBL1128459"", ""document_journal"": ""J Med Chem"", ""document_year"": 1995, ""ligand_efficiency"": {""bei"": ""22.11"", ""le"": ""0.41"", ""lle"": ""4.44"", ""sei"": ""31.07""}, ""modality"": null, ""molecule_chembl_id"": ""CHEMBL131011"", ""molecule_pref_name"": null, ""parent_molecule_chembl_id"": ""CHEMBL131011"", ""pchembl_value"": ""7.75"", ""potential_duplicate"": 0, ""qudt_units"": ""http://www.openphacts.org/units/Nanomolar"", ""record_id"": 250186, ""relation"": ""="", ""src_id"": 1, ""standard_flag"": 1, ""standard_relation"": ""="", ""standard_text_value"": null, ""standard_type"": ""Ki"", ""standard_units"": ""nM"", ""standard_upper_value"": null, ""standard_value"": ""17.78"", ""target_chembl_id"": ""CHEMBL1907610"", ""target_organism"": ""Rattus norvegicus"", ""target_pref_name"": ""Adrenergic receptor alpha-1"", ""target_tax_id"": ""10116"", ""text_value"": null, ""toid"": null, ""type"": ""Log Ki"", ""units"": null, ""uo_units"": ""UO_0000065"", ""upper_value"": null, ""value"": ""-7.75""}"
"c1d6d891-f698-4732-9ffc-24f94bd3dfcf","chembl_activity","chembl_activity","chembl","silver","178","32513","32513","01edc12ad05b67df775281f4db7e9d1b6fc49ccbe490f18a3acbda309475e4c7","01edc12ad05b67df775281f4db7e9d1b6fc49ccbe490f18a3acbda309475e4c7","01edc12ad05b67df775281f4db7e9d1b6fc49ccbe490f18a3acbda309475e4c7","quarantined","SCHEMA_REQUIRED_FIELD_MISSING","Required field 'units' is missing: {""action_taken"": ""quarantine_original_record"", ""actual_python_type"": ""NoneType"", ""actual_value_preview"": ""None"", ""coercion_policy"": ""default"", ""empty_as_missing"": null, ""expected_logical_type"": ""string"", ""expected_physical_type"": ""str"", ""field"": ""units"", ""nullable"": false, ""optional"": false, ""optional_sources"": [""silver_required_fields""], ""policy_stage"": ""structural"", ""reason_code"": ""required_field_missing"", ""shadow_comparison"": ""structural_reject_silver_filter_reject"", ""silver_filter_shadow_reason_code"": ""required_field_missing""}","","silver","type","","","quarantine","2026-06-02T11:19:01.251997+00:00","{""action_type"": null, ""activity_comment"": null, ""activity_id"": 32513, ""activity_properties"": [], ""assay_chembl_id"": ""CHEMBL879867"", ""assay_description"": ""In vitro binding affinity towards Dopamine receptor D2 in rat striatum was determined using [3H]-spiperone as radioligand"", ""assay_type"": ""B"", ""assay_variant_accession"": null, ""assay_variant_mutation"": null, ""bao_endpoint"": ""BAO_0000192"", ""bao_format"": ""BAO_0000221"", ""bao_label"": ""tissue-based format"", ""canonical_smiles"": ""c1ccc2c(c1)CCC2CN1CCN(c2cccc3c2OCCO3)CC1"", ""data_validity_comment"": null, ""data_validity_description"": null, ""document_chembl_id"": ""CHEMBL1128459"", ""document_journal"": ""J Med Chem"", ""document_year"": 1995, ""ligand_efficiency"": {""bei"": ""21.06"", ""le"": ""0.39"", ""lle"": ""4.07"", ""sei"": ""29.59""}, ""modality"": null, ""molecule_chembl_id"": ""CHEMBL131011"", ""molecule_pref_name"": null, ""parent_molecule_chembl_id"": ""CHEMBL131011"", ""pchembl_value"": ""7.38"", ""potential_duplicate"": 0, ""qudt_units"": ""http://www.openphacts.org/units/Nanomolar"", ""record_id"": 250186, ""relation"": ""="", ""src_id"": 1, ""standard_flag"": 1, ""standard_relation"": ""="", ""standard_text_value"": null, ""standard_type"": ""Ki"", ""standard_units"": ""nM"", ""standard_upper_value"": null, ""standard_value"": ""41.69"", ""target_chembl_id"": ""CHEMBL339"", ""target_organism"": ""Rattus norvegicus"", ""target_pref_name"": ""D(2) dopamine receptor"", ""target_tax_id"": ""10116"", ""text_value"": null, ""toid"": null, ""type"": ""Log Ki"", ""units"": null, ""uo_units"": ""UO_0000065"", ""upper_value"": null, ""value"": ""-7.38""}","{""action_type"": null, ""activity_comment"": null, ""activity_id"": 32513, ""activity_properties"": [], ""assay_chembl_id"": ""CHEMBL879867"", ""assay_description"": ""In vitro binding affinity towards Dopamine receptor D2 in rat striatum was determined using [3H]-spiperone as radioligand"", ""assay_type"": ""B"", ""assay_variant_accession"": null, ""assay_variant_mutation"": null, ""bao_endpoint"": ""BAO_0000192"", ""bao_format"": ""BAO_0000221"", ""bao_label"": ""tissue-based format"", ""canonical_smiles"": ""c1ccc2c(c1)CCC2CN1CCN(c2cccc3c2OCCO3)CC1"", ""data_validity_comment"": null, ""data_validity_description"": null, ""document_chembl_id"": ""CHEMBL1128459"", ""document_journal"": ""J Med Chem"", ""document_year"": 1995, ""ligand_efficiency"": {""bei"": ""21.06"", ""le"": ""0.39"", ""lle"": ""4.07"", ""sei"": ""29.59""}, ""modality"": null, ""molecule_chembl_id"": ""CHEMBL131011"", ""molecule_pref_name"": null, ""parent_molecule_chembl_id"": ""CHEMBL131011"", ""pchembl_value"": ""7.38"", ""potential_duplicate"": 0, ""qudt_units"": ""http://www.openphacts.org/units/Nanomolar"", ""record_id"": 250186, ""relation"": ""="", ""src_id"": 1, ""standard_flag"": 1, ""standard_relation"": ""="", ""standard_text_value"": null, ""standard_type"": ""Ki"", ""standard_units"": ""nM"", ""standard_upper_value"": null, ""standard_value"": ""41.69"", ""target_chembl_id"": ""CHEMBL339"", ""target_organism"": ""Rattus norvegicus"", ""target_pref_name"": ""D(2) dopamine receptor"", ""target_tax_id"": ""10116"", ""text_value"": null, ""toid"": null, ""type"": ""Log Ki"", ""units"": null, ""uo_units"": ""UO_0000065"", ""upper_value"": null, ""value"": ""-7.38""}"
"c1d6d891-f698-4732-9ffc-24f94bd3dfcf","chembl_activity","chembl_activity","chembl","silver","179","32518","32518","007f447009075a2596d344fefdc2edef0093a106180b5d838e3da5933dc3f1a5","007f447009075a2596d344fefdc2edef0093a106180b5d838e3da5933dc3f1a5","007f447009075a2596d344fefdc2edef0093a106180b5d838e3da5933dc3f1a5","quarantined","SCHEMA_REQUIRED_FIELD_MISSING","Required field 'units' is missing: {""action_taken"": ""quarantine_original_record"", ""actual_python_type"": ""NoneType"", ""actual_value_preview"": ""None"", ""coercion_policy"": ""default"", ""empty_as_missing"": null, ""expected_logical_type"": ""string"", ""expected_physical_type"": ""str"", ""field"": ""units"", ""nullable"": false, ""optional"": false, ""optional_sources"": [""silver_required_fields""], ""policy_stage"": ""structural"", ""reason_code"": ""required_field_missing"", ""shadow_comparison"": ""structural_reject_silver_filter_reject"", ""silver_filter_shadow_reason_code"": ""required_field_missing""}","","silver","type","","","quarantine","2026-06-02T11:19:01.253800+00:00","{""action_type"": null, ""activity_comment"": null, ""activity_id"": 32518, ""activity_properties"": [], ""assay_chembl_id"": ""CHEMBL664430"", ""assay_description"": ""Inhibition of dihydrofolate reductase from Pneumocystis carinii."", ""assay_type"": ""B"", ""assay_variant_accession"": null, ""assay_variant_mutation"": null, ""bao_endpoint"": ""BAO_0000192"", ""bao_format"": ""BAO_0000357"", ""bao_label"": ""single protein format"", ""canonical_smiles"": ""CC1(C)N=C(N)N=C(N)N1c1cccc(C[Se]c2ccccc2)c1"", ""data_validity_comment"": null, ""data_validity_description"": null, ""document_chembl_id"": ""CHEMBL1128273"", ""document_journal"": ""J Med Chem"", ""document_year"": 1995, ""ligand_efficiency"": {""bei"": ""21.79"", ""le"": null, ""lle"": null, ""sei"": null}, ""modality"": null, ""molecule_chembl_id"": ""CHEMBL20224"", ""molecule_pref_name"": null, ""parent_molecule_chembl_id"": ""CHEMBL20224"", ""pchembl_value"": ""8.42"", ""potential_duplicate"": 0, ""qudt_units"": ""http://www.openphacts.org/units/Nanomolar"", ""record_id"": 347074, ""relation"": ""="", ""src_id"": 1, ""standard_flag"": 1, ""standard_relation"": ""="", ""standard_text_value"": null, ""standard_type"": ""Ki"", ""standard_units"": ""nM"", ""standard_upper_value"": null, ""standard_value"": ""3.802"", ""target_chembl_id"": ""CHEMBL1809"", ""target_organism"": ""Escherichia coli"", ""target_pref_name"": ""Dihydrofolate reductase"", ""target_tax_id"": ""562"", ""text_value"": null, ""toid"": null, ""type"": ""Log 1/Ki"", ""units"": null, ""uo_units"": ""UO_0000065"", ""upper_value"": null, ""value"": ""8.42""}","{""action_type"": null, ""activity_comment"": null, ""activity_id"": 32518, ""activity_properties"": [], ""assay_chembl_id"": ""CHEMBL664430"", ""assay_description"": ""Inhibition of dihydrofolate reductase from Pneumocystis carinii."", ""assay_type"": ""B"", ""assay_variant_accession"": null, ""assay_variant_mutation"": null, ""bao_endpoint"": ""BAO_0000192"", ""bao_format"": ""BAO_0000357"", ""bao_label"": ""single protein format"", ""canonical_smiles"": ""CC1(C)N=C(N)N=C(N)N1c1cccc(C[Se]c2ccccc2)c1"", ""data_validity_comment"": null, ""data_validity_description"": null, ""document_chembl_id"": ""CHEMBL1128273"", ""document_journal"": ""J Med Chem"", ""document_year"": 1995, ""ligand_efficiency"": {""bei"": ""21.79"", ""le"": null, ""lle"": null, ""sei"": null}, ""modality"": null, ""molecule_chembl_id"": ""CHEMBL20224"", ""molecule_pref_name"": null, ""parent_molecule_chembl_id"": ""CHEMBL20224"", ""pchembl_value"": ""8.42"", ""potential_duplicate"": 0, ""qudt_units"": ""http://www.openphacts.org/units/Nanomolar"", ""record_id"": 347074, ""relation"": ""="", ""src_id"": 1, ""standard_flag"": 1, ""standard_relation"": ""="", ""standard_text_value"": null, ""standard_type"": ""Ki"", ""standard_units"": ""nM"", ""standard_upper_value"": null, ""standard_value"": ""3.802"", ""target_chembl_id"": ""CHEMBL1809"", ""target_organism"": ""Escherichia coli"", ""target_pref_name"": ""Dihydrofolate reductase"", ""target_tax_id"": ""562"", ""text_value"": null, ""toid"": null, ""type"": ""Log 1/Ki"", ""units"": null, ""uo_units"": ""UO_0000065"", ""upper_value"": null, ""value"": ""8.42""}"
"c1d6d891-f698-4732-9ffc-24f94bd3dfcf","chembl_activity","chembl_activity","chembl","silver","184","32525","32525","04792ffc63d7c41b65081f3f0a1370afbd89f7c461404c77438393de4659b126","04792ffc63d7c41b65081f3f0a1370afbd89f7c461404c77438393de4659b126","04792ffc63d7c41b65081f3f0a1370afbd89f7c461404c77438393de4659b126","quarantined","SCHEMA_REQUIRED_FIELD_MISSING","Required field 'units' is missing: {""action_taken"": ""quarantine_original_record"", ""actual_python_type"": ""NoneType"", ""actual_value_preview"": ""None"", ""coercion_policy"": ""default"", ""empty_as_missing"": null, ""expected_logical_type"": ""string"", ""expected_physical_type"": ""str"", ""field"": ""units"", ""nullable"": false, ""optional"": false, ""optional_sources"": [""silver_required_fields""], ""policy_stage"": ""structural"", ""reason_code"": ""required_field_missing"", ""shadow_comparison"": ""structural_reject_silver_filter_reject"", ""silver_filter_shadow_reason_code"": ""required_field_missing""}","","silver","type","","","quarantine","2026-06-02T11:19:01.263003+00:00","{""action_type"": null, ""activity_comment"": null, ""activity_id"": 32525, ""activity_properties"": [], ""assay_chembl_id"": ""CHEMBL858265"", ""assay_description"": ""Inhibition of dihydrofolate reductase (DHFR) from Pneumocystis carinii."", ""assay_type"": ""B"", ""assay_variant_accession"": null, ""assay_variant_mutation"": null, ""bao_endpoint"": ""BAO_0000192"", ""bao_format"": ""BAO_0000357"", ""bao_label"": ""single protein format"", ""canonical_smiles"": ""CCCCCCOc1cccc(N2C(N)=NC(N)=NC2(C)C)c1"", ""data_validity_comment"": null, ""data_validity_description"": null, ""document_chembl_id"": ""CHEMBL1128273"", ""document_journal"": ""J Med Chem"", ""document_year"": 1995, ""ligand_efficiency"": {""bei"": ""24.16"", ""le"": ""0.46"", ""lle"": ""4.84"", ""sei"": ""8.60""}, ""modality"": null, ""molecule_chembl_id"": ""CHEMBL21032"", ""molecule_pref_name"": null, ""parent_molecule_chembl_id"": ""CHEMBL21032"", ""pchembl_value"": ""7.67"", ""potential_duplicate"": 0, ""qudt_units"": ""http://www.openphacts.org/units/Nanomolar"", ""record_id"": 347081, ""relation"": ""="", ""src_id"": 1, ""standard_flag"": 1, ""standard_relation"": ""="", ""standard_text_value"": null, ""standard_type"": ""Ki"", ""standard_units"": ""nM"", ""standard_upper_value"": null, ""standard_value"": ""21.38"", ""target_chembl_id"": ""CHEMBL1926"", ""target_organism"": ""Pneumocystis carinii"", ""target_pref_name"": ""Dihydrofolate reductase"", ""target_tax_id"": ""4754"", ""text_value"": null, ""toid"": null, ""type"": ""Log 1/Ki"", ""units"": null, ""uo_units"": ""UO_0000065"", ""upper_value"": null, ""value"": ""7.67""}","{""action_type"": null, ""activity_comment"": null, ""activity_id"": 32525, ""activity_properties"": [], ""assay_chembl_id"": ""CHEMBL858265"", ""assay_description"": ""Inhibition of dihydrofolate reductase (DHFR) from Pneumocystis carinii."", ""assay_type"": ""B"", ""assay_variant_accession"": null, ""assay_variant_mutation"": null, ""bao_endpoint"": ""BAO_0000192"", ""bao_format"": ""BAO_0000357"", ""bao_label"": ""single protein format"", ""canonical_smiles"": ""CCCCCCOc1cccc(N2C(N)=NC(N)=NC2(C)C)c1"", ""data_validity_comment"": null, ""data_validity_description"": null, ""document_chembl_id"": ""CHEMBL1128273"", ""document_journal"": ""J Med Chem"", ""document_year"": 1995, ""ligand_efficiency"": {""bei"": ""24.16"", ""le"": ""0.46"", ""lle"": ""4.84"", ""sei"": ""8.60""}, ""modality"": null, ""molecule_chembl_id"": ""CHEMBL21032"", ""molecule_pref_name"": null, ""parent_molecule_chembl_id"": ""CHEMBL21032"", ""pchembl_value"": ""7.67"", ""potential_duplicate"": 0, ""qudt_units"": ""http://www.openphacts.org/units/Nanomolar"", ""record_id"": 347081, ""relation"": ""="", ""src_id"": 1, ""standard_flag"": 1, ""standard_relation"": ""="", ""standard_text_value"": null, ""standard_type"": ""Ki"", ""standard_units"": ""nM"", ""standard_upper_value"": null, ""standard_value"": ""21.38"", ""target_chembl_id"": ""CHEMBL1926"", ""target_organism"": ""Pneumocystis carinii"", ""target_pref_name"": ""Dihydrofolate reductase"", ""target_tax_id"": ""4754"", ""text_value"": null, ""toid"": null, ""type"": ""Log 1/Ki"", ""units"": null, ""uo_units"": ""UO_0000065"", ""upper_value"": null, ""value"": ""7.67""}"
"c1d6d891-f698-4732-9ffc-24f94bd3dfcf","chembl_activity","chembl_activity","chembl","silver","185","32526","32526","920a052789ee2584bb2b3db25bb330e237c3a117f21b2ff4876a492b9456218e","920a052789ee2584bb2b3db25bb330e237c3a117f21b2ff4876a492b9456218e","920a052789ee2584bb2b3db25bb330e237c3a117f21b2ff4876a492b9456218e","quarantined","SCHEMA_REQUIRED_FIELD_MISSING","Required field 'units' is missing: {""action_taken"": ""quarantine_original_record"", ""actual_python_type"": ""NoneType"", ""actual_value_preview"": ""None"", ""coercion_policy"": ""default"", ""empty_as_missing"": null, ""expected_logical_type"": ""string"", ""expected_physical_type"": ""str"", ""field"": ""units"", ""nullable"": false, ""optional"": false, ""optional_sources"": [""silver_required_fields""], ""policy_stage"": ""structural"", ""reason_code"": ""required_field_missing"", ""shadow_comparison"": ""structural_reject_silver_filter_reject"", ""silver_filter_shadow_reason_code"": ""required_field_missing""}","","silver","type","","","quarantine","2026-06-02T11:19:01.264919+00:00","{""action_type"": null, ""activity_comment"": null, ""activity_id"": 32526, ""activity_properties"": [], ""assay_chembl_id"": ""CHEMBL858265"", ""assay_description"": ""Inhibition of dihydrofolate reductase (DHFR) from Pneumocystis carinii."", ""assay_type"": ""B"", ""assay_variant_accession"": null, ""assay_variant_mutation"": null, ""bao_endpoint"": ""BAO_0000192"", ""bao_format"": ""BAO_0000357"", ""bao_label"": ""single protein format"", ""canonical_smiles"": ""CCCCCCCCCOc1cccc(N2C(N)=NC(N)=NC2(C)C)c1"", ""data_validity_comment"": null, ""data_validity_description"": null, ""document_chembl_id"": ""CHEMBL1128273"", ""document_journal"": ""J Med Chem"", ""document_year"": 1995, ""ligand_efficiency"": {""bei"": ""22.72"", ""le"": ""0.43"", ""lle"": ""4.17"", ""sei"": ""9.16""}, ""modality"": null, ""molecule_chembl_id"": ""CHEMBL20129"", ""molecule_pref_name"": null, ""parent_molecule_chembl_id"": ""CHEMBL20129"", ""pchembl_value"": ""8.17"", ""potential_duplicate"": 0, ""qudt_units"": ""http://www.openphacts.org/units/Nanomolar"", ""record_id"": 347080, ""relation"": ""="", ""src_id"": 1, ""standard_flag"": 1, ""standard_relation"": ""="", ""standard_text_value"": null, ""standard_type"": ""Ki"", ""standard_units"": ""nM"", ""standard_upper_value"": null, ""standard_value"": ""6.761"", ""target_chembl_id"": ""CHEMBL1926"", ""target_organism"": ""Pneumocystis carinii"", ""target_pref_name"": ""Dihydrofolate reductase"", ""target_tax_id"": ""4754"", ""text_value"": null, ""toid"": null, ""type"": ""Log 1/Ki"", ""units"": null, ""uo_units"": ""UO_0000065"", ""upper_value"": null, ""value"": ""8.17""}","{""action_type"": null, ""activity_comment"": null, ""activity_id"": 32526, ""activity_properties"": [], ""assay_chembl_id"": ""CHEMBL858265"", ""assay_description"": ""Inhibition of dihydrofolate reductase (DHFR) from Pneumocystis carinii."", ""assay_type"": ""B"", ""assay_variant_accession"": null, ""assay_variant_mutation"": null, ""bao_endpoint"": ""BAO_0000192"", ""bao_format"": ""BAO_0000357"", ""bao_label"": ""single protein format"", ""canonical_smiles"": ""CCCCCCCCCOc1cccc(N2C(N)=NC(N)=NC2(C)C)c1"", ""data_validity_comment"": null, ""data_validity_description"": null, ""document_chembl_id"": ""CHEMBL1128273"", ""document_journal"": ""J Med Chem"", ""document_year"": 1995, ""ligand_efficiency"": {""bei"": ""22.72"", ""le"": ""0.43"", ""lle"": ""4.17"", ""sei"": ""9.16""}, ""modality"": null, ""molecule_chembl_id"": ""CHEMBL20129"", ""molecule_pref_name"": null, ""parent_molecule_chembl_id"": ""CHEMBL20129"", ""pchembl_value"": ""8.17"", ""potential_duplicate"": 0, ""qudt_units"": ""http://www.openphacts.org/units/Nanomolar"", ""record_id"": 347080, ""relation"": ""="", ""src_id"": 1, ""standard_flag"": 1, ""standard_relation"": ""="", ""standard_text_value"": null, ""standard_type"": ""Ki"", ""standard_units"": ""nM"", ""standard_upper_value"": null, ""standard_value"": ""6.761"", ""target_chembl_id"": ""CHEMBL1926"", ""target_organism"": ""Pneumocystis carinii"", ""target_pref_name"": ""Dihydrofolate reductase"", ""target_tax_id"": ""4754"", ""text_value"": null, ""toid"": null, ""type"": ""Log 1/Ki"", ""units"": null, ""uo_units"": ""UO_0000065"", ""upper_value"": null, ""value"": ""8.17""}"
"c1d6d891-f698-4732-9ffc-24f94bd3dfcf","chembl_activity","chembl_activity","chembl","silver","201","32570","32570","f51565f35d9933714ed52bb4df457f60bb834dc6e4c027e4c8c8f4903bb16669","f51565f35d9933714ed52bb4df457f60bb834dc6e4c027e4c8c8f4903bb16669","f51565f35d9933714ed52bb4df457f60bb834dc6e4c027e4c8c8f4903bb16669","quarantined","SCHEMA_REQUIRED_FIELD_MISSING","Required field 'units' is missing: {""action_taken"": ""quarantine_original_record"", ""actual_python_type"": ""NoneType"", ""actual_value_preview"": ""None"", ""coercion_policy"": ""default"", ""empty_as_missing"": null, ""expected_logical_type"": ""string"", ""expected_physical_type"": ""str"", ""field"": ""units"", ""nullable"": false, ""optional"": false, ""optional_sources"": [""silver_required_fields""], ""policy_stage"": ""structural"", ""reason_code"": ""required_field_missing"", ""shadow_comparison"": ""structural_reject_silver_filter_reject"", ""silver_filter_shadow_reason_code"": ""required_field_missing""}","","silver","type","","","quarantine","2026-06-02T11:19:01.294973+00:00","{""action_type"": null, ""activity_comment"": null, ""activity_id"": 32570, ""activity_properties"": [], ""assay_chembl_id"": ""CHEMBL815654"", ""assay_description"": ""Binding affinity towards thrombin"", ""assay_type"": ""B"", ""assay_variant_accession"": null, ""assay_variant_mutation"": null, ""bao_endpoint"": ""BAO_0000192"", ""bao_format"": ""BAO_0000357"", ""bao_label"": ""single protein format"", ""canonical_smiles"": ""CC1CCN(C(=O)[C@H](Cc2cccc(C(=N)N)c2)NS(=O)(=O)c2c(C(C)C)cc(C(C)C)cc2C(C)C)CC1"", ""data_validity_comment"": null, ""data_validity_description"": null, ""document_chembl_id"": ""CHEMBL1132189"", ""document_journal"": ""J Med Chem"", ""document_year"": 1999, ""ligand_efficiency"": {""bei"": ""12.85"", ""le"": ""0.25"", ""lle"": ""1.64"", ""sei"": ""6.13""}, ""modality"": null, ""molecule_chembl_id"": ""CHEMBL145741"", ""molecule_pref_name"": null, ""parent_molecule_chembl_id"": ""CHEMBL145741"", ""pchembl_value"": ""7.13"", ""potential_duplicate"": 0, ""qudt_units"": ""http://www.openphacts.org/units/Nanomolar"", ""record_id"": 278753, ""relation"": ""="", ""src_id"": 1, ""standard_flag"": 1, ""standard_relation"": ""="", ""standard_text_value"": null, ""standard_type"": ""Ki"", ""standard_units"": ""nM"", ""standard_upper_value"": null, ""standard_value"": ""74.13"", ""target_chembl_id"": ""CHEMBL4471"", ""target_organism"": ""Bos taurus"", ""target_pref_name"": ""Prothrombin"", ""target_tax_id"": ""9913"", ""text_value"": null, ""toid"": null, ""type"": ""pKi"", ""units"": null, ""uo_units"": ""UO_0000065"", ""upper_value"": null, ""value"": ""7.13""}","{""action_type"": null, ""activity_comment"": null, ""activity_id"": 32570, ""activity_properties"": [], ""assay_chembl_id"": ""CHEMBL815654"", ""assay_description"": ""Binding affinity towards thrombin"", ""assay_type"": ""B"", ""assay_variant_accession"": null, ""assay_variant_mutation"": null, ""bao_endpoint"": ""BAO_0000192"", ""bao_format"": ""BAO_0000357"", ""bao_label"": ""single protein format"", ""canonical_smiles"": ""CC1CCN(C(=O)[C@H](Cc2cccc(C(=N)N)c2)NS(=O)(=O)c2c(C(C)C)cc(C(C)C)cc2C(C)C)CC1"", ""data_validity_comment"": null, ""data_validity_description"": null, ""document_chembl_id"": ""CHEMBL1132189"", ""document_journal"": ""J Med Chem"", ""document_year"": 1999, ""ligand_efficiency"": {""bei"": ""12.85"", ""le"": ""0.25"", ""lle"": ""1.64"", ""sei"": ""6.13""}, ""modality"": null, ""molecule_chembl_id"": ""CHEMBL145741"", ""molecule_pref_name"": null, ""parent_molecule_chembl_id"": ""CHEMBL145741"", ""pchembl_value"": ""7.13"", ""potential_duplicate"": 0, ""qudt_units"": ""http://www.openphacts.org/units/Nanomolar"", ""record_id"": 278753, ""relation"": ""="", ""src_id"": 1, ""standard_flag"": 1, ""standard_relation"": ""="", ""standard_text_value"": null, ""standard_type"": ""Ki"", ""standard_units"": ""nM"", ""standard_upper_value"": null, ""standard_value"": ""74.13"", ""target_chembl_id"": ""CHEMBL4471"", ""target_organism"": ""Bos taurus"", ""target_pref_name"": ""Prothrombin"", ""target_tax_id"": ""9913"", ""text_value"": null, ""toid"": null, ""type"": ""pKi"", ""units"": null, ""uo_units"": ""UO_0000065"", ""upper_value"": null, ""value"": ""7.13""}"
"c1d6d891-f698-4732-9ffc-24f94bd3dfcf","chembl_activity","chembl_activity","chembl","silver","202","32571","32571","c19eed495088c7a2c1b32eeaa15026b2790b606990e43896af1ed4359422b7e2","c19eed495088c7a2c1b32eeaa15026b2790b606990e43896af1ed4359422b7e2","c19eed495088c7a2c1b32eeaa15026b2790b606990e43896af1ed4359422b7e2","quarantined","SCHEMA_REQUIRED_FIELD_MISSING","Required field 'units' is missing: {""action_taken"": ""quarantine_original_record"", ""actual_python_type"": ""NoneType"", ""actual_value_preview"": ""None"", ""coercion_policy"": ""default"", ""empty_as_missing"": null, ""expected_logical_type"": ""string"", ""expected_physical_type"": ""str"", ""field"": ""units"", ""nullable"": false, ""optional"": false, ""optional_sources"": [""silver_required_fields""], ""policy_stage"": ""structural"", ""reason_code"": ""required_field_missing"", ""shadow_comparison"": ""structural_reject_silver_filter_reject"", ""silver_filter_shadow_reason_code"": ""required_field_missing""}","","silver","type","","","quarantine","2026-06-02T11:19:01.296760+00:00","{""action_type"": null, ""activity_comment"": null, ""activity_id"": 32571, ""activity_properties"": [], ""assay_chembl_id"": ""CHEMBL821446"", ""assay_description"": ""Binding affinity towards trypsin"", ""assay_type"": ""B"", ""assay_variant_accession"": null, ""assay_variant_mutation"": null, ""bao_endpoint"": ""BAO_0000192"", ""bao_format"": ""BAO_0000357"", ""bao_label"": ""single protein format"", ""canonical_smiles"": ""CC1CCN(C(=O)[C@H](Cc2cccc(C(=N)N)c2)NS(=O)(=O)c2c(C(C)C)cc(C(C)C)cc2C(C)C)CC1"", ""data_validity_comment"": null, ""data_validity_description"": null, ""document_chembl_id"": ""CHEMBL1132189"", ""document_journal"": ""J Med Chem"", ""document_year"": 1999, ""ligand_efficiency"": {""bei"": ""11.10"", ""le"": ""0.22"", ""lle"": ""0.67"", ""sei"": ""5.30""}, ""modality"": null, ""molecule_chembl_id"": ""CHEMBL145741"", ""molecule_pref_name"": null, ""parent_molecule_chembl_id"": ""CHEMBL145741"", ""pchembl_value"": ""6.16"", ""potential_duplicate"": 0, ""qudt_units"": ""http://www.openphacts.org/units/Nanomolar"", ""record_id"": 278753, ""relation"": ""="", ""src_id"": 1, ""standard_flag"": 1, ""standard_relation"": ""="", ""standard_text_value"": null, ""standard_type"": ""Ki"", ""standard_units"": ""nM"", ""standard_upper_value"": null, ""standard_value"": ""690.24"", ""target_chembl_id"": ""CHEMBL3769"", ""target_organism"": ""Bos taurus"", ""target_pref_name"": ""Serine protease 1"", ""target_tax_id"": ""9913"", ""text_value"": null, ""toid"": null, ""type"": ""pKi"", ""units"": null, ""uo_units"": ""UO_0000065"", ""upper_value"": null, ""value"": ""6.161""}","{""action_type"": null, ""activity_comment"": null, ""activity_id"": 32571, ""activity_properties"": [], ""assay_chembl_id"": ""CHEMBL821446"", ""assay_description"": ""Binding affinity towards trypsin"", ""assay_type"": ""B"", ""assay_variant_accession"": null, ""assay_variant_mutation"": null, ""bao_endpoint"": ""BAO_0000192"", ""bao_format"": ""BAO_0000357"", ""bao_label"": ""single protein format"", ""canonical_smiles"": ""CC1CCN(C(=O)[C@H](Cc2cccc(C(=N)N)c2)NS(=O)(=O)c2c(C(C)C)cc(C(C)C)cc2C(C)C)CC1"", ""data_validity_comment"": null, ""data_validity_description"": null, ""document_chembl_id"": ""CHEMBL1132189"", ""document_journal"": ""J Med Chem"", ""document_year"": 1999, ""ligand_efficiency"": {""bei"": ""11.10"", ""le"": ""0.22"", ""lle"": ""0.67"", ""sei"": ""5.30""}, ""modality"": null, ""molecule_chembl_id"": ""CHEMBL145741"", ""molecule_pref_name"": null, ""parent_molecule_chembl_id"": ""CHEMBL145741"", ""pchembl_value"": ""6.16"", ""potential_duplicate"": 0, ""qudt_units"": ""http://www.openphacts.org/units/Nanomolar"", ""record_id"": 278753, ""relation"": ""="", ""src_id"": 1, ""standard_flag"": 1, ""standard_relation"": ""="", ""standard_text_value"": null, ""standard_type"": ""Ki"", ""standard_units"": ""nM"", ""standard_upper_value"": null, ""standard_value"": ""690.24"", ""target_chembl_id"": ""CHEMBL3769"", ""target_organism"": ""Bos taurus"", ""target_pref_name"": ""Serine protease 1"", ""target_tax_id"": ""9913"", ""text_value"": null, ""toid"": null, ""type"": ""pKi"", ""units"": null, ""uo_units"": ""UO_0000065"", ""upper_value"": null, ""value"": ""6.161""}"
"c1d6d891-f698-4732-9ffc-24f94bd3dfcf","chembl_activity","chembl_activity","chembl","silver","203","32572","32572","50625ecaca19ddf0eb75a198868c461f34acabd67f3c181fab931e2efee53c0c","50625ecaca19ddf0eb75a198868c461f34acabd67f3c181fab931e2efee53c0c","50625ecaca19ddf0eb75a198868c461f34acabd67f3c181fab931e2efee53c0c","quarantined","SCHEMA_REQUIRED_FIELD_MISSING","Required field 'units' is missing: {""action_taken"": ""quarantine_original_record"", ""actual_python_type"": ""NoneType"", ""actual_value_preview"": ""None"", ""coercion_policy"": ""default"", ""empty_as_missing"": null, ""expected_logical_type"": ""string"", ""expected_physical_type"": ""str"", ""field"": ""units"", ""nullable"": false, ""optional"": false, ""optional_sources"": [""silver_required_fields""], ""policy_stage"": ""structural"", ""reason_code"": ""required_field_missing"", ""shadow_comparison"": ""structural_reject_silver_filter_reject"", ""silver_filter_shadow_reason_code"": ""required_field_missing""}","","silver","type","","","quarantine","2026-06-02T11:19:01.298545+00:00","{""action_type"": null, ""activity_comment"": null, ""activity_id"": 32572, ""activity_properties"": [], ""assay_chembl_id"": ""CHEMBL857787"", ""assay_description"": ""Binding affinity towards Coagulation factor Xa"", ""assay_type"": ""B"", ""assay_variant_accession"": null, ""assay_variant_mutation"": null, ""bao_endpoint"": ""BAO_0000192"", ""bao_format"": ""BAO_0000357"", ""bao_label"": ""single protein format"", ""canonical_smiles"": ""CC1CCN(C(=O)[C@H](Cc2cccc(C(=N)N)c2)NS(=O)(=O)c2c(C(C)C)cc(C(C)C)cc2C(C)C)CC1"", ""data_validity_comment"": null, ""data_validity_description"": null, ""document_chembl_id"": ""CHEMBL1132189"", ""document_journal"": ""J Med Chem"", ""document_year"": 1999, ""ligand_efficiency"": {""bei"": ""10.27"", ""le"": ""0.20"", ""lle"": ""0.21"", ""sei"": ""4.90""}, ""modality"": null, ""molecule_chembl_id"": ""CHEMBL145741"", ""molecule_pref_name"": null, ""parent_molecule_chembl_id"": ""CHEMBL145741"", ""pchembl_value"": ""5.70"", ""potential_duplicate"": 0, ""qudt_units"": ""http://www.openphacts.org/units/Nanomolar"", ""record_id"": 278753, ""relation"": ""="", ""src_id"": 1, ""standard_flag"": 1, ""standard_relation"": ""="", ""standard_text_value"": null, ""standard_type"": ""Ki"", ""standard_units"": ""nM"", ""standard_upper_value"": null, ""standard_value"": ""1999.86"", ""target_chembl_id"": ""CHEMBL244"", ""target_organism"": ""Homo sapiens"", ""target_pref_name"": ""Coagulation factor X"", ""target_tax_id"": ""9606"", ""text_value"": null, ""toid"": null, ""type"": ""pKi"", ""units"": null, ""uo_units"": ""UO_0000065"", ""upper_value"": null, ""value"": ""5.699""}","{""action_type"": null, ""activity_comment"": null, ""activity_id"": 32572, ""activity_properties"": [], ""assay_chembl_id"": ""CHEMBL857787"", ""assay_description"": ""Binding affinity towards Coagulation factor Xa"", ""assay_type"": ""B"", ""assay_variant_accession"": null, ""assay_variant_mutation"": null, ""bao_endpoint"": ""BAO_0000192"", ""bao_format"": ""BAO_0000357"", ""bao_label"": ""single protein format"", ""canonical_smiles"": ""CC1CCN(C(=O)[C@H](Cc2cccc(C(=N)N)c2)NS(=O)(=O)c2c(C(C)C)cc(C(C)C)cc2C(C)C)CC1"", ""data_validity_comment"": null, ""data_validity_description"": null, ""document_chembl_id"": ""CHEMBL1132189"", ""document_journal"": ""J Med Chem"", ""document_year"": 1999, ""ligand_efficiency"": {""bei"": ""10.27"", ""le"": ""0.20"", ""lle"": ""0.21"", ""sei"": ""4.90""}, ""modality"": null, ""molecule_chembl_id"": ""CHEMBL145741"", ""molecule_pref_name"": null, ""parent_molecule_chembl_id"": ""CHEMBL145741"", ""pchembl_value"": ""5.70"", ""potential_duplicate"": 0, ""qudt_units"": ""http://www.openphacts.org/units/Nanomolar"", ""record_id"": 278753, ""relation"": ""="", ""src_id"": 1, ""standard_flag"": 1, ""standard_relation"": ""="", ""standard_text_value"": null, ""standard_type"": ""Ki"", ""standard_units"": ""nM"", ""standard_upper_value"": null, ""standard_value"": ""1999.86"", ""target_chembl_id"": ""CHEMBL244"", ""target_organism"": ""Homo sapiens"", ""target_pref_name"": ""Coagulation factor X"", ""target_tax_id"": ""9606"", ""text_value"": null, ""toid"": null, ""type"": ""pKi"", ""units"": null, ""uo_units"": ""UO_0000065"", ""upper_value"": null, ""value"": ""5.699""}"
"c1d6d891-f698-4732-9ffc-24f94bd3dfcf","chembl_activity","chembl_activity","chembl","silver","204","32573","32573","532feede7d65b1ef4f3f07601e7f68f4e242bf3d0d702880134eae62d934adbf","532feede7d65b1ef4f3f07601e7f68f4e242bf3d0d702880134eae62d934adbf","532feede7d65b1ef4f3f07601e7f68f4e242bf3d0d702880134eae62d934adbf","quarantined","SCHEMA_REQUIRED_FIELD_MISSING","Required field 'units' is missing: {""action_taken"": ""quarantine_original_record"", ""actual_python_type"": ""NoneType"", ""actual_value_preview"": ""None"", ""coercion_policy"": ""default"", ""empty_as_missing"": null, ""expected_logical_type"": ""string"", ""expected_physical_type"": ""str"", ""field"": ""units"", ""nullable"": false, ""optional"": false, ""optional_sources"": [""silver_required_fields""], ""policy_stage"": ""structural"", ""reason_code"": ""required_field_missing"", ""shadow_comparison"": ""structural_reject_silver_filter_reject"", ""silver_filter_shadow_reason_code"": ""required_field_missing""}","","silver","type","","","quarantine","2026-06-02T11:19:01.300355+00:00","{""action_type"": null, ""activity_comment"": null, ""activity_id"": 32573, ""activity_properties"": [], ""assay_chembl_id"": ""CHEMBL815654"", ""assay_description"": ""Binding affinity towards thrombin"", ""assay_type"": ""B"", ""assay_variant_accession"": null, ""assay_variant_mutation"": null, ""bao_endpoint"": ""BAO_0000192"", ""bao_format"": ""BAO_0000357"", ""bao_label"": ""single protein format"", ""canonical_smiles"": ""COC(=O)[C@H]1Cc2ccccc2CN1C(=O)[C@H](Cc1cccc(C(=N)N)c1)NS(=O)(=O)c1ccc2ccccc2c1"", ""data_validity_comment"": null, ""data_validity_description"": null, ""document_chembl_id"": ""CHEMBL1132189"", ""document_journal"": ""J Med Chem"", ""document_year"": 1999, ""ligand_efficiency"": {""bei"": ""11.74"", ""le"": ""0.22"", ""lle"": ""3.56"", ""sei"": ""4.70""}, ""modality"": null, ""molecule_chembl_id"": ""CHEMBL145795"", ""molecule_pref_name"": null, ""parent_molecule_chembl_id"": ""CHEMBL145795"", ""pchembl_value"": ""6.70"", ""potential_duplicate"": 0, ""qudt_units"": ""http://www.openphacts.org/units/Nanomolar"", ""record_id"": 278768, ""relation"": ""="", ""src_id"": 1, ""standard_flag"": 1, ""standard_relation"": ""="", ""standard_text_value"": null, ""standard_type"": ""Ki"", ""standard_units"": ""nM"", ""standard_upper_value"": null, ""standard_value"": ""199.99"", ""target_chembl_id"": ""CHEMBL4471"", ""target_organism"": ""Bos taurus"", ""target_pref_name"": ""Prothrombin"", ""target_tax_id"": ""9913"", ""text_value"": null, ""toid"": null, ""type"": ""pKi"", ""units"": null, ""uo_units"": ""UO_0000065"", ""upper_value"": null, ""value"": ""6.699""}","{""action_type"": null, ""activity_comment"": null, ""activity_id"": 32573, ""activity_properties"": [], ""assay_chembl_id"": ""CHEMBL815654"", ""assay_description"": ""Binding affinity towards thrombin"", ""assay_type"": ""B"", ""assay_variant_accession"": null, ""assay_variant_mutation"": null, ""bao_endpoint"": ""BAO_0000192"", ""bao_format"": ""BAO_0000357"", ""bao_label"": ""single protein format"", ""canonical_smiles"": ""COC(=O)[C@H]1Cc2ccccc2CN1C(=O)[C@H](Cc1cccc(C(=N)N)c1)NS(=O)(=O)c1ccc2ccccc2c1"", ""data_validity_comment"": null, ""data_validity_description"": null, ""document_chembl_id"": ""CHEMBL1132189"", ""document_journal"": ""J Med Chem"", ""document_year"": 1999, ""ligand_efficiency"": {""bei"": ""11.74"", ""le"": ""0.22"", ""lle"": ""3.56"", ""sei"": ""4.70""}, ""modality"": null, ""molecule_chembl_id"": ""CHEMBL145795"", ""molecule_pref_name"": null, ""parent_molecule_chembl_id"": ""CHEMBL145795"", ""pchembl_value"": ""6.70"", ""potential_duplicate"": 0, ""qudt_units"": ""http://www.openphacts.org/units/Nanomolar"", ""record_id"": 278768, ""relation"": ""="", ""src_id"": 1, ""standard_flag"": 1, ""standard_relation"": ""="", ""standard_text_value"": null, ""standard_type"": ""Ki"", ""standard_units"": ""nM"", ""standard_upper_value"": null, ""standard_value"": ""199.99"", ""target_chembl_id"": ""CHEMBL4471"", ""target_organism"": ""Bos taurus"", ""target_pref_name"": ""Prothrombin"", ""target_tax_id"": ""9913"", ""text_value"": null, ""toid"": null, ""type"": ""pKi"", ""units"": null, ""uo_units"": ""UO_0000065"", ""upper_value"": null, ""value"": ""6.699""}"
"c1d6d891-f698-4732-9ffc-24f94bd3dfcf","chembl_activity","chembl_activity","chembl","silver","205","32574","32574","52c20df9253d07ce7013a62aff9d0df2d8bab774f79b58e5934cf763ac356207","52c20df9253d07ce7013a62aff9d0df2d8bab774f79b58e5934cf763ac356207","52c20df9253d07ce7013a62aff9d0df2d8bab774f79b58e5934cf763ac356207","quarantined","SCHEMA_REQUIRED_FIELD_MISSING","Required field 'units' is missing: {""action_taken"": ""quarantine_original_record"", ""actual_python_type"": ""NoneType"", ""actual_value_preview"": ""None"", ""coercion_policy"": ""default"", ""empty_as_missing"": null, ""expected_logical_type"": ""string"", ""expected_physical_type"": ""str"", ""field"": ""units"", ""nullable"": false, ""optional"": false, ""optional_sources"": [""silver_required_fields""], ""policy_stage"": ""structural"", ""reason_code"": ""required_field_missing"", ""shadow_comparison"": ""structural_reject_silver_filter_reject"", ""silver_filter_shadow_reason_code"": ""required_field_missing""}","","silver","type","","","quarantine","2026-06-02T11:19:01.303570+00:00","{""action_type"": null, ""activity_comment"": null, ""activity_id"": 32574, ""activity_properties"": [], ""assay_chembl_id"": ""CHEMBL821446"", ""assay_description"": ""Binding affinity towards trypsin"", ""assay_type"": ""B"", ""assay_variant_accession"": null, ""assay_variant_mutation"": null, ""bao_endpoint"": ""BAO_0000192"", ""bao_format"": ""BAO_0000357"", ""bao_label"": ""single protein format"", ""canonical_smiles"": ""COC(=O)[C@H]1Cc2ccccc2CN1C(=O)[C@H](Cc1cccc(C(=N)N)c1)NS(=O)(=O)c1ccc2ccccc2c1"", ""data_validity_comment"": null, ""data_validity_description"": null, ""document_chembl_id"": ""CHEMBL1132189"", ""document_journal"": ""J Med Chem"", ""document_year"": 1999, ""ligand_efficiency"": {""bei"": ""10.38"", ""le"": ""0.20"", ""lle"": ""2.78"", ""sei"": ""4.15""}, ""modality"": null, ""molecule_chembl_id"": ""CHEMBL145795"", ""molecule_pref_name"": null, ""parent_molecule_chembl_id"": ""CHEMBL145795"", ""pchembl_value"": ""5.92"", ""potential_duplicate"": 0, ""qudt_units"": ""http://www.openphacts.org/units/Nanomolar"", ""record_id"": 278768, ""relation"": ""="", ""src_id"": 1, ""standard_flag"": 1, ""standard_relation"": ""="", ""standard_text_value"": null, ""standard_type"": ""Ki"", ""standard_units"": ""nM"", ""standard_upper_value"": null, ""standard_value"": ""1199.5"", ""target_chembl_id"": ""CHEMBL3769"", ""target_organism"": ""Bos taurus"", ""target_pref_name"": ""Serine protease 1"", ""target_tax_id"": ""9913"", ""text_value"": null, ""toid"": null, ""type"": ""pKi"", ""units"": null, ""uo_units"": ""UO_0000065"", ""upper_value"": null, ""value"": ""5.921""}","{""action_type"": null, ""activity_comment"": null, ""activity_id"": 32574, ""activity_properties"": [], ""assay_chembl_id"": ""CHEMBL821446"", ""assay_description"": ""Binding affinity towards trypsin"", ""assay_type"": ""B"", ""assay_variant_accession"": null, ""assay_variant_mutation"": null, ""bao_endpoint"": ""BAO_0000192"", ""bao_format"": ""BAO_0000357"", ""bao_label"": ""single protein format"", ""canonical_smiles"": ""COC(=O)[C@H]1Cc2ccccc2CN1C(=O)[C@H](Cc1cccc(C(=N)N)c1)NS(=O)(=O)c1ccc2ccccc2c1"", ""data_validity_comment"": null, ""data_validity_description"": null, ""document_chembl_id"": ""CHEMBL1132189"", ""document_journal"": ""J Med Chem"", ""document_year"": 1999, ""ligand_efficiency"": {""bei"": ""10.38"", ""le"": ""0.20"", ""lle"": ""2.78"", ""sei"": ""4.15""}, ""modality"": null, ""molecule_chembl_id"": ""CHEMBL145795"", ""molecule_pref_name"": null, ""parent_molecule_chembl_id"": ""CHEMBL145795"", ""pchembl_value"": ""5.92"", ""potential_duplicate"": 0, ""qudt_units"": ""http://www.openphacts.org/units/Nanomolar"", ""record_id"": 278768, ""relation"": ""="", ""src_id"": 1, ""standard_flag"": 1, ""standard_relation"": ""="", ""standard_text_value"": null, ""standard_type"": ""Ki"", ""standard_units"": ""nM"", ""standard_upper_value"": null, ""standard_value"": ""1199.5"", ""target_chembl_id"": ""CHEMBL3769"", ""target_organism"": ""Bos taurus"", ""target_pref_name"": ""Serine protease 1"", ""target_tax_id"": ""9913"", ""text_value"": null, ""toid"": null, ""type"": ""pKi"", ""units"": null, ""uo_units"": ""UO_0000065"", ""upper_value"": null, ""value"": ""5.921""}"
"c1d6d891-f698-4732-9ffc-24f94bd3dfcf","chembl_activity","chembl_activity","chembl","silver","206","32575","32575","e941801c5392c70bf337ee734d1e28e946b0daf69c862a17bf9d838d2c3d0909","e941801c5392c70bf337ee734d1e28e946b0daf69c862a17bf9d838d2c3d0909","e941801c5392c70bf337ee734d1e28e946b0daf69c862a17bf9d838d2c3d0909","quarantined","SCHEMA_REQUIRED_FIELD_MISSING","Required field 'units' is missing: {""action_taken"": ""quarantine_original_record"", ""actual_python_type"": ""NoneType"", ""actual_value_preview"": ""None"", ""coercion_policy"": ""default"", ""empty_as_missing"": null, ""expected_logical_type"": ""string"", ""expected_physical_type"": ""str"", ""field"": ""units"", ""nullable"": false, ""optional"": false, ""optional_sources"": [""silver_required_fields""], ""policy_stage"": ""structural"", ""reason_code"": ""required_field_missing"", ""shadow_comparison"": ""structural_reject_silver_filter_reject"", ""silver_filter_shadow_reason_code"": ""required_field_missing""}","","silver","type","","","quarantine","2026-06-02T11:19:01.306672+00:00","{""action_type"": null, ""activity_comment"": null, ""activity_id"": 32575, ""activity_properties"": [], ""assay_chembl_id"": ""CHEMBL857787"", ""assay_description"": ""Binding affinity towards Coagulation factor Xa"", ""assay_type"": ""B"", ""assay_variant_accession"": null, ""assay_variant_mutation"": null, ""bao_endpoint"": ""BAO_0000192"", ""bao_format"": ""BAO_0000357"", ""bao_label"": ""single protein format"", ""canonical_smiles"": ""COC(=O)[C@H]1Cc2ccccc2CN1C(=O)[C@H](Cc1cccc(C(=N)N)c1)NS(=O)(=O)c1ccc2ccccc2c1"", ""data_validity_comment"": null, ""data_validity_description"": null, ""document_chembl_id"": ""CHEMBL1132189"", ""document_journal"": ""J Med Chem"", ""document_year"": 1999, ""ligand_efficiency"": {""bei"": ""8.01"", ""le"": ""0.15"", ""lle"": ""1.43"", ""sei"": ""3.20""}, ""modality"": null, ""molecule_chembl_id"": ""CHEMBL145795"", ""molecule_pref_name"": null, ""parent_molecule_chembl_id"": ""CHEMBL145795"", ""pchembl_value"": ""4.57"", ""potential_duplicate"": 0, ""qudt_units"": ""http://www.openphacts.org/units/Nanomolar"", ""record_id"": 278768, ""relation"": ""="", ""src_id"": 1, ""standard_flag"": 1, ""standard_relation"": ""="", ""standard_text_value"": null, ""standard_type"": ""Ki"", ""standard_units"": ""nM"", ""standard_upper_value"": null, ""standard_value"": ""26977.39"", ""target_chembl_id"": ""CHEMBL244"", ""target_organism"": ""Homo sapiens"", ""target_pref_name"": ""Coagulation factor X"", ""target_tax_id"": ""9606"", ""text_value"": null, ""toid"": null, ""type"": ""pKi"", ""units"": null, ""uo_units"": ""UO_0000065"", ""upper_value"": null, ""value"": ""4.569""}","{""action_type"": null, ""activity_comment"": null, ""activity_id"": 32575, ""activity_properties"": [], ""assay_chembl_id"": ""CHEMBL857787"", ""assay_description"": ""Binding affinity towards Coagulation factor Xa"", ""assay_type"": ""B"", ""assay_variant_accession"": null, ""assay_variant_mutation"": null, ""bao_endpoint"": ""BAO_0000192"", ""bao_format"": ""BAO_0000357"", ""bao_label"": ""single protein format"", ""canonical_smiles"": ""COC(=O)[C@H]1Cc2ccccc2CN1C(=O)[C@H](Cc1cccc(C(=N)N)c1)NS(=O)(=O)c1ccc2ccccc2c1"", ""data_validity_comment"": null, ""data_validity_description"": null, ""document_chembl_id"": ""CHEMBL1132189"", ""document_journal"": ""J Med Chem"", ""document_year"": 1999, ""ligand_efficiency"": {""bei"": ""8.01"", ""le"": ""0.15"", ""lle"": ""1.43"", ""sei"": ""3.20""}, ""modality"": null, ""molecule_chembl_id"": ""CHEMBL145795"", ""molecule_pref_name"": null, ""parent_molecule_chembl_id"": ""CHEMBL145795"", ""pchembl_value"": ""4.57"", ""potential_duplicate"": 0, ""qudt_units"": ""http://www.openphacts.org/units/Nanomolar"", ""record_id"": 278768, ""relation"": ""="", ""src_id"": 1, ""standard_flag"": 1, ""standard_relation"": ""="", ""standard_text_value"": null, ""standard_type"": ""Ki"", ""standard_units"": ""nM"", ""standard_upper_value"": null, ""standard_value"": ""26977.39"", ""target_chembl_id"": ""CHEMBL244"", ""target_organism"": ""Homo sapiens"", ""target_pref_name"": ""Coagulation factor X"", ""target_tax_id"": ""9606"", ""text_value"": null, ""toid"": null, ""type"": ""pKi"", ""units"": null, ""uo_units"": ""UO_0000065"", ""upper_value"": null, ""value"": ""4.569""}"
"c1d6d891-f698-4732-9ffc-24f94bd3dfcf","chembl_activity","chembl_activity","chembl","silver","207","32576","32576","15cef78674685fb694414e398ebb5c1a6fc3906a5a32447646bbc0a9996f65cb","15cef78674685fb694414e398ebb5c1a6fc3906a5a32447646bbc0a9996f65cb","15cef78674685fb694414e398ebb5c1a6fc3906a5a32447646bbc0a9996f65cb","quarantined","SCHEMA_REQUIRED_FIELD_MISSING","Required field 'units' is missing: {""action_taken"": ""quarantine_original_record"", ""actual_python_type"": ""NoneType"", ""actual_value_preview"": ""None"", ""coercion_policy"": ""default"", ""empty_as_missing"": null, ""expected_logical_type"": ""string"", ""expected_physical_type"": ""str"", ""field"": ""units"", ""nullable"": false, ""optional"": false, ""optional_sources"": [""silver_required_fields""], ""policy_stage"": ""structural"", ""reason_code"": ""required_field_missing"", ""shadow_comparison"": ""structural_reject_silver_filter_reject"", ""silver_filter_shadow_reason_code"": ""required_field_missing""}","","silver","type","","","quarantine","2026-06-02T11:19:01.309665+00:00","{""action_type"": null, ""activity_comment"": null, ""activity_id"": 32576, ""activity_properties"": [], ""assay_chembl_id"": ""CHEMBL815654"", ""assay_description"": ""Binding affinity towards thrombin"", ""assay_type"": ""B"", ""assay_variant_accession"": null, ""assay_variant_mutation"": null, ""bao_endpoint"": ""BAO_0000192"", ""bao_format"": ""BAO_0000357"", ""bao_label"": ""single protein format"", ""canonical_smiles"": ""N=C(N)c1cccc(C[C@H](NS(=O)(=O)c2ccc3ccccc3c2)C(=O)N2CCC[C@H](C(=O)NCc3ccccc3)C2)c1"", ""data_validity_comment"": null, ""data_validity_description"": null, ""document_chembl_id"": ""CHEMBL1132189"", ""document_journal"": ""J Med Chem"", ""document_year"": 1999, ""ligand_efficiency"": {""bei"": ""10.96"", ""le"": ""0.21"", ""lle"": ""2.98"", ""sei"": ""4.51""}, ""modality"": null, ""molecule_chembl_id"": ""CHEMBL357211"", ""molecule_pref_name"": null, ""parent_molecule_chembl_id"": ""CHEMBL357211"", ""pchembl_value"": ""6.55"", ""potential_duplicate"": 0, ""qudt_units"": ""http://www.openphacts.org/units/Nanomolar"", ""record_id"": 278762, ""relation"": ""="", ""src_id"": 1, ""standard_flag"": 1, ""standard_relation"": ""="", ""standard_text_value"": null, ""standard_type"": ""Ki"", ""standard_units"": ""nM"", ""standard_upper_value"": null, ""standard_value"": ""279.9"", ""target_chembl_id"": ""CHEMBL4471"", ""target_organism"": ""Bos taurus"", ""target_pref_name"": ""Prothrombin"", ""target_tax_id"": ""9913"", ""text_value"": null, ""toid"": null, ""type"": ""pKi"", ""units"": null, ""uo_units"": ""UO_0000065"", ""upper_value"": null, ""value"": ""6.553""}","{""action_type"": null, ""activity_comment"": null, ""activity_id"": 32576, ""activity_properties"": [], ""assay_chembl_id"": ""CHEMBL815654"", ""assay_description"": ""Binding affinity towards thrombin"", ""assay_type"": ""B"", ""assay_variant_accession"": null, ""assay_variant_mutation"": null, ""bao_endpoint"": ""BAO_0000192"", ""bao_format"": ""BAO_0000357"", ""bao_label"": ""single protein format"", ""canonical_smiles"": ""N=C(N)c1cccc(C[C@H](NS(=O)(=O)c2ccc3ccccc3c2)C(=O)N2CCC[C@H](C(=O)NCc3ccccc3)C2)c1"", ""data_validity_comment"": null, ""data_validity_description"": null, ""document_chembl_id"": ""CHEMBL1132189"", ""document_journal"": ""J Med Chem"", ""document_year"": 1999, ""ligand_efficiency"": {""bei"": ""10.96"", ""le"": ""0.21"", ""lle"": ""2.98"", ""sei"": ""4.51""}, ""modality"": null, ""molecule_chembl_id"": ""CHEMBL357211"", ""molecule_pref_name"": null, ""parent_molecule_chembl_id"": ""CHEMBL357211"", ""pchembl_value"": ""6.55"", ""potential_duplicate"": 0, ""qudt_units"": ""http://www.openphacts.org/units/Nanomolar"", ""record_id"": 278762, ""relation"": ""="", ""src_id"": 1, ""standard_flag"": 1, ""standard_relation"": ""="", ""standard_text_value"": null, ""standard_type"": ""Ki"", ""standard_units"": ""nM"", ""standard_upper_value"": null, ""standard_value"": ""279.9"", ""target_chembl_id"": ""CHEMBL4471"", ""target_organism"": ""Bos taurus"", ""target_pref_name"": ""Prothrombin"", ""target_tax_id"": ""9913"", ""text_value"": null, ""toid"": null, ""type"": ""pKi"", ""units"": null, ""uo_units"": ""UO_0000065"", ""upper_value"": null, ""value"": ""6.553""}"
"c1d6d891-f698-4732-9ffc-24f94bd3dfcf","chembl_activity","chembl_activity","chembl","silver","208","32577","32577","6b2434ca194610b6e6784c0f60baffc4e7bad8f263cf9cbcbbddb22cfe0fd81d","6b2434ca194610b6e6784c0f60baffc4e7bad8f263cf9cbcbbddb22cfe0fd81d","6b2434ca194610b6e6784c0f60baffc4e7bad8f263cf9cbcbbddb22cfe0fd81d","quarantined","SCHEMA_REQUIRED_FIELD_MISSING","Required field 'units' is missing: {""action_taken"": ""quarantine_original_record"", ""actual_python_type"": ""NoneType"", ""actual_value_preview"": ""None"", ""coercion_policy"": ""default"", ""empty_as_missing"": null, ""expected_logical_type"": ""string"", ""expected_physical_type"": ""str"", ""field"": ""units"", ""nullable"": false, ""optional"": false, ""optional_sources"": [""silver_required_fields""], ""policy_stage"": ""structural"", ""reason_code"": ""required_field_missing"", ""shadow_comparison"": ""structural_reject_silver_filter_reject"", ""silver_filter_shadow_reason_code"": ""required_field_missing""}","","silver","type","","","quarantine","2026-06-02T11:19:01.311419+00:00","{""action_type"": null, ""activity_comment"": null, ""activity_id"": 32577, ""activity_properties"": [], ""assay_chembl_id"": ""CHEMBL821446"", ""assay_description"": ""Binding affinity towards trypsin"", ""assay_type"": ""B"", ""assay_variant_accession"": null, ""assay_variant_mutation"": null, ""bao_endpoint"": ""BAO_0000192"", ""bao_format"": ""BAO_0000357"", ""bao_label"": ""single protein format"", ""canonical_smiles"": ""N=C(N)c1cccc(C[C@H](NS(=O)(=O)c2ccc3ccccc3c2)C(=O)N2CCC[C@H](C(=O)NCc3ccccc3)C2)c1"", ""data_validity_comment"": null, ""data_validity_description"": null, ""document_chembl_id"": ""CHEMBL1132189"", ""document_journal"": ""J Med Chem"", ""document_year"": 1999, ""ligand_efficiency"": {""bei"": ""11.58"", ""le"": ""0.22"", ""lle"": ""3.35"", ""sei"": ""4.76""}, ""modality"": null, ""molecule_chembl_id"": ""CHEMBL357211"", ""molecule_pref_name"": null, ""parent_molecule_chembl_id"": ""CHEMBL357211"", ""pchembl_value"": ""6.92"", ""potential_duplicate"": 0, ""qudt_units"": ""http://www.openphacts.org/units/Nanomolar"", ""record_id"": 278762, ""relation"": ""="", ""src_id"": 1, ""standard_flag"": 1, ""standard_relation"": ""="", ""standard_text_value"": null, ""standard_type"": ""Ki"", ""standard_units"": ""nM"", ""standard_upper_value"": null, ""standard_value"": ""119.95"", ""target_chembl_id"": ""CHEMBL3769"", ""target_organism"": ""Bos taurus"", ""target_pref_name"": ""Serine protease 1"", ""target_tax_id"": ""9913"", ""text_value"": null, ""toid"": null, ""type"": ""pKi"", ""units"": null, ""uo_units"": ""UO_0000065"", ""upper_value"": null, ""value"": ""6.921""}","{""action_type"": null, ""activity_comment"": null, ""activity_id"": 32577, ""activity_properties"": [], ""assay_chembl_id"": ""CHEMBL821446"", ""assay_description"": ""Binding affinity towards trypsin"", ""assay_type"": ""B"", ""assay_variant_accession"": null, ""assay_variant_mutation"": null, ""bao_endpoint"": ""BAO_0000192"", ""bao_format"": ""BAO_0000357"", ""bao_label"": ""single protein format"", ""canonical_smiles"": ""N=C(N)c1cccc(C[C@H](NS(=O)(=O)c2ccc3ccccc3c2)C(=O)N2CCC[C@H](C(=O)NCc3ccccc3)C2)c1"", ""data_validity_comment"": null, ""data_validity_description"": null, ""document_chembl_id"": ""CHEMBL1132189"", ""document_journal"": ""J Med Chem"", ""document_year"": 1999, ""ligand_efficiency"": {""bei"": ""11.58"", ""le"": ""0.22"", ""lle"": ""3.35"", ""sei"": ""4.76""}, ""modality"": null, ""molecule_chembl_id"": ""CHEMBL357211"", ""molecule_pref_name"": null, ""parent_molecule_chembl_id"": ""CHEMBL357211"", ""pchembl_value"": ""6.92"", ""potential_duplicate"": 0, ""qudt_units"": ""http://www.openphacts.org/units/Nanomolar"", ""record_id"": 278762, ""relation"": ""="", ""src_id"": 1, ""standard_flag"": 1, ""standard_relation"": ""="", ""standard_text_value"": null, ""standard_type"": ""Ki"", ""standard_units"": ""nM"", ""standard_upper_value"": null, ""standard_value"": ""119.95"", ""target_chembl_id"": ""CHEMBL3769"", ""target_organism"": ""Bos taurus"", ""target_pref_name"": ""Serine protease 1"", ""target_tax_id"": ""9913"", ""text_value"": null, ""toid"": null, ""type"": ""pKi"", ""units"": null, ""uo_units"": ""UO_0000065"", ""upper_value"": null, ""value"": ""6.921""}"
"c1d6d891-f698-4732-9ffc-24f94bd3dfcf","chembl_activity","chembl_activity","chembl","silver","209","32578","32578","2e7f77a14e9a8b9adfff799f83c5a374d383f27978edc07903f502b816b033b6","2e7f77a14e9a8b9adfff799f83c5a374d383f27978edc07903f502b816b033b6","2e7f77a14e9a8b9adfff799f83c5a374d383f27978edc07903f502b816b033b6","quarantined","SCHEMA_REQUIRED_FIELD_MISSING","Required field 'units' is missing: {""action_taken"": ""quarantine_original_record"", ""actual_python_type"": ""NoneType"", ""actual_value_preview"": ""None"", ""coercion_policy"": ""default"", ""empty_as_missing"": null, ""expected_logical_type"": ""string"", ""expected_physical_type"": ""str"", ""field"": ""units"", ""nullable"": false, ""optional"": false, ""optional_sources"": [""silver_required_fields""], ""policy_stage"": ""structural"", ""reason_code"": ""required_field_missing"", ""shadow_comparison"": ""structural_reject_silver_filter_reject"", ""silver_filter_shadow_reason_code"": ""required_field_missing""}","","silver","type","","","quarantine","2026-06-02T11:19:01.313162+00:00","{""action_type"": null, ""activity_comment"": null, ""activity_id"": 32578, ""activity_properties"": [], ""assay_chembl_id"": ""CHEMBL857787"", ""assay_description"": ""Binding affinity towards Coagulation factor Xa"", ""assay_type"": ""B"", ""assay_variant_accession"": null, ""assay_variant_mutation"": null, ""bao_endpoint"": ""BAO_0000192"", ""bao_format"": ""BAO_0000357"", ""bao_label"": ""single protein format"", ""canonical_smiles"": ""N=C(N)c1cccc(C[C@H](NS(=O)(=O)c2ccc3ccccc3c2)C(=O)N2CCC[C@H](C(=O)NCc3ccccc3)C2)c1"", ""data_validity_comment"": null, ""data_validity_description"": null, ""document_chembl_id"": ""CHEMBL1132189"", ""document_journal"": ""J Med Chem"", ""document_year"": 1999, ""ligand_efficiency"": {""bei"": ""7.98"", ""le"": ""0.15"", ""lle"": ""1.20"", ""sei"": ""3.28""}, ""modality"": null, ""molecule_chembl_id"": ""CHEMBL357211"", ""molecule_pref_name"": null, ""parent_molecule_chembl_id"": ""CHEMBL357211"", ""pchembl_value"": ""4.77"", ""potential_duplicate"": 0, ""qudt_units"": ""http://www.openphacts.org/units/Nanomolar"", ""record_id"": 278762, ""relation"": ""="", ""src_id"": 1, ""standard_flag"": 1, ""standard_relation"": ""="", ""standard_text_value"": null, ""standard_type"": ""Ki"", ""standard_units"": ""nM"", ""standard_upper_value"": null, ""standard_value"": ""16982.44"", ""target_chembl_id"": ""CHEMBL244"", ""target_organism"": ""Homo sapiens"", ""target_pref_name"": ""Coagulation factor X"", ""target_tax_id"": ""9606"", ""text_value"": null, ""toid"": null, ""type"": ""pKi"", ""units"": null, ""uo_units"": ""UO_0000065"", ""upper_value"": null, ""value"": ""4.77""}","{""action_type"": null, ""activity_comment"": null, ""activity_id"": 32578, ""activity_properties"": [], ""assay_chembl_id"": ""CHEMBL857787"", ""assay_description"": ""Binding affinity towards Coagulation factor Xa"", ""assay_type"": ""B"", ""assay_variant_accession"": null, ""assay_variant_mutation"": null, ""bao_endpoint"": ""BAO_0000192"", ""bao_format"": ""BAO_0000357"", ""bao_label"": ""single protein format"", ""canonical_smiles"": ""N=C(N)c1cccc(C[C@H](NS(=O)(=O)c2ccc3ccccc3c2)C(=O)N2CCC[C@H](C(=O)NCc3ccccc3)C2)c1"", ""data_validity_comment"": null, ""data_validity_description"": null, ""document_chembl_id"": ""CHEMBL1132189"", ""document_journal"": ""J Med Chem"", ""document_year"": 1999, ""ligand_efficiency"": {""bei"": ""7.98"", ""le"": ""0.15"", ""lle"": ""1.20"", ""sei"": ""3.28""}, ""modality"": null, ""molecule_chembl_id"": ""CHEMBL357211"", ""molecule_pref_name"": null, ""parent_molecule_chembl_id"": ""CHEMBL357211"", ""pchembl_value"": ""4.77"", ""potential_duplicate"": 0, ""qudt_units"": ""http://www.openphacts.org/units/Nanomolar"", ""record_id"": 278762, ""relation"": ""="", ""src_id"": 1, ""standard_flag"": 1, ""standard_relation"": ""="", ""standard_text_value"": null, ""standard_type"": ""Ki"", ""standard_units"": ""nM"", ""standard_upper_value"": null, ""standard_value"": ""16982.44"", ""target_chembl_id"": ""CHEMBL244"", ""target_organism"": ""Homo sapiens"", ""target_pref_name"": ""Coagulation factor X"", ""target_tax_id"": ""9606"", ""text_value"": null, ""toid"": null, ""type"": ""pKi"", ""units"": null, ""uo_units"": ""UO_0000065"", ""upper_value"": null, ""value"": ""4.77""}"
"c1d6d891-f698-4732-9ffc-24f94bd3dfcf","chembl_activity","chembl_activity","chembl","silver","210","32579","32579","ab8a4b0c546c00d022ae2d0bbf9a2aad1a658b5aa139889e48804f630e170b61","ab8a4b0c546c00d022ae2d0bbf9a2aad1a658b5aa139889e48804f630e170b61","ab8a4b0c546c00d022ae2d0bbf9a2aad1a658b5aa139889e48804f630e170b61","quarantined","SCHEMA_REQUIRED_FIELD_MISSING","Required field 'units' is missing: {""action_taken"": ""quarantine_original_record"", ""actual_python_type"": ""NoneType"", ""actual_value_preview"": ""None"", ""coercion_policy"": ""default"", ""empty_as_missing"": null, ""expected_logical_type"": ""string"", ""expected_physical_type"": ""str"", ""field"": ""units"", ""nullable"": false, ""optional"": false, ""optional_sources"": [""silver_required_fields""], ""policy_stage"": ""structural"", ""reason_code"": ""required_field_missing"", ""shadow_comparison"": ""structural_reject_silver_filter_reject"", ""silver_filter_shadow_reason_code"": ""required_field_missing""}","","silver","type","","","quarantine","2026-06-02T11:19:01.314933+00:00","{""action_type"": null, ""activity_comment"": null, ""activity_id"": 32579, ""activity_properties"": [], ""assay_chembl_id"": ""CHEMBL815654"", ""assay_description"": ""Binding affinity towards thrombin"", ""assay_type"": ""B"", ""assay_variant_accession"": null, ""assay_variant_mutation"": null, ""bao_endpoint"": ""BAO_0000192"", ""bao_format"": ""BAO_0000357"", ""bao_label"": ""single protein format"", ""canonical_smiles"": ""CC1CCN(C(=O)[C@H](Cc2cccc(C(=N)N)c2)NC(=O)OC(C)(C)C)CC1"", ""data_validity_comment"": null, ""data_validity_description"": null, ""document_chembl_id"": ""CHEMBL1132189"", ""document_journal"": ""J Med Chem"", ""document_year"": 1999, ""ligand_efficiency"": {""bei"": ""15.24"", ""le"": ""0.29"", ""lle"": ""3.26"", ""sei"": ""5.46""}, ""modality"": null, ""molecule_chembl_id"": ""CHEMBL435423"", ""molecule_pref_name"": null, ""parent_molecule_chembl_id"": ""CHEMBL435423"", ""pchembl_value"": ""5.92"", ""potential_duplicate"": 0, ""qudt_units"": ""http://www.openphacts.org/units/Nanomolar"", ""record_id"": 278782, ""relation"": ""="", ""src_id"": 1, ""standard_flag"": 1, ""standard_relation"": ""="", ""standard_text_value"": null, ""standard_type"": ""Ki"", ""standard_units"": ""nM"", ""standard_upper_value"": null, ""standard_value"": ""1199.5"", ""target_chembl_id"": ""CHEMBL4471"", ""target_organism"": ""Bos taurus"", ""target_pref_name"": ""Prothrombin"", ""target_tax_id"": ""9913"", ""text_value"": null, ""toid"": null, ""type"": ""pKi"", ""units"": null, ""uo_units"": ""UO_0000065"", ""upper_value"": null, ""value"": ""5.921""}","{""action_type"": null, ""activity_comment"": null, ""activity_id"": 32579, ""activity_properties"": [], ""assay_chembl_id"": ""CHEMBL815654"", ""assay_description"": ""Binding affinity towards thrombin"", ""assay_type"": ""B"", ""assay_variant_accession"": null, ""assay_variant_mutation"": null, ""bao_endpoint"": ""BAO_0000192"", ""bao_format"": ""BAO_0000357"", ""bao_label"": ""single protein format"", ""canonical_smiles"": ""CC1CCN(C(=O)[C@H](Cc2cccc(C(=N)N)c2)NC(=O)OC(C)(C)C)CC1"", ""data_validity_comment"": null, ""data_validity_description"": null, ""document_chembl_id"": ""CHEMBL1132189"", ""document_journal"": ""J Med Chem"", ""document_year"": 1999, ""ligand_efficiency"": {""bei"": ""15.24"", ""le"": ""0.29"", ""lle"": ""3.26"", ""sei"": ""5.46""}, ""modality"": null, ""molecule_chembl_id"": ""CHEMBL435423"", ""molecule_pref_name"": null, ""parent_molecule_chembl_id"": ""CHEMBL435423"", ""pchembl_value"": ""5.92"", ""potential_duplicate"": 0, ""qudt_units"": ""http://www.openphacts.org/units/Nanomolar"", ""record_id"": 278782, ""relation"": ""="", ""src_id"": 1, ""standard_flag"": 1, ""standard_relation"": ""="", ""standard_text_value"": null, ""standard_type"": ""Ki"", ""standard_units"": ""nM"", ""standard_upper_value"": null, ""standard_value"": ""1199.5"", ""target_chembl_id"": ""CHEMBL4471"", ""target_organism"": ""Bos taurus"", ""target_pref_name"": ""Prothrombin"", ""target_tax_id"": ""9913"", ""text_value"": null, ""toid"": null, ""type"": ""pKi"", ""units"": null, ""uo_units"": ""UO_0000065"", ""upper_value"": null, ""value"": ""5.921""}"
"c1d6d891-f698-4732-9ffc-24f94bd3dfcf","chembl_activity","chembl_activity","chembl","silver","211","32580","32580","fab901c1204ace798b72f0c27619249fdf3a85966b9f49c26425ffb7f8efb4fb","fab901c1204ace798b72f0c27619249fdf3a85966b9f49c26425ffb7f8efb4fb","fab901c1204ace798b72f0c27619249fdf3a85966b9f49c26425ffb7f8efb4fb","quarantined","SCHEMA_REQUIRED_FIELD_MISSING","Required field 'units' is missing: {""action_taken"": ""quarantine_original_record"", ""actual_python_type"": ""NoneType"", ""actual_value_preview"": ""None"", ""coercion_policy"": ""default"", ""empty_as_missing"": null, ""expected_logical_type"": ""string"", ""expected_physical_type"": ""str"", ""field"": ""units"", ""nullable"": false, ""optional"": false, ""optional_sources"": [""silver_required_fields""], ""policy_stage"": ""structural"", ""reason_code"": ""required_field_missing"", ""shadow_comparison"": ""structural_reject_silver_filter_reject"", ""silver_filter_shadow_reason_code"": ""required_field_missing""}","","silver","type","","","quarantine","2026-06-02T11:19:01.316768+00:00","{""action_type"": null, ""activity_comment"": null, ""activity_id"": 32580, ""activity_properties"": [], ""assay_chembl_id"": ""CHEMBL821446"", ""assay_description"": ""Binding affinity towards trypsin"", ""assay_type"": ""B"", ""assay_variant_accession"": null, ""assay_variant_mutation"": null, ""bao_endpoint"": ""BAO_0000192"", ""bao_format"": ""BAO_0000357"", ""bao_label"": ""single protein format"", ""canonical_smiles"": ""CC1CCN(C(=O)[C@H](Cc2cccc(C(=N)N)c2)NC(=O)OC(C)(C)C)CC1"", ""data_validity_comment"": null, ""data_validity_description"": null, ""document_chembl_id"": ""CHEMBL1132189"", ""document_journal"": ""J Med Chem"", ""document_year"": 1999, ""ligand_efficiency"": {""bei"": ""12.48"", ""le"": ""0.24"", ""lle"": ""2.19"", ""sei"": ""4.47""}, ""modality"": null, ""molecule_chembl_id"": ""CHEMBL435423"", ""molecule_pref_name"": null, ""parent_molecule_chembl_id"": ""CHEMBL435423"", ""pchembl_value"": ""4.85"", ""potential_duplicate"": 0, ""qudt_units"": ""http://www.openphacts.org/units/Nanomolar"", ""record_id"": 278782, ""relation"": ""="", ""src_id"": 1, ""standard_flag"": 1, ""standard_relation"": ""="", ""standard_text_value"": null, ""standard_type"": ""Ki"", ""standard_units"": ""nM"", ""standard_upper_value"": null, ""standard_value"": ""14125.38"", ""target_chembl_id"": ""CHEMBL3769"", ""target_organism"": ""Bos taurus"", ""target_pref_name"": ""Serine protease 1"", ""target_tax_id"": ""9913"", ""text_value"": null, ""toid"": null, ""type"": ""pKi"", ""units"": null, ""uo_units"": ""UO_0000065"", ""upper_value"": null, ""value"": ""4.85""}","{""action_type"": null, ""activity_comment"": null, ""activity_id"": 32580, ""activity_properties"": [], ""assay_chembl_id"": ""CHEMBL821446"", ""assay_description"": ""Binding affinity towards trypsin"", ""assay_type"": ""B"", ""assay_variant_accession"": null, ""assay_variant_mutation"": null, ""bao_endpoint"": ""BAO_0000192"", ""bao_format"": ""BAO_0000357"", ""bao_label"": ""single protein format"", ""canonical_smiles"": ""CC1CCN(C(=O)[C@H](Cc2cccc(C(=N)N)c2)NC(=O)OC(C)(C)C)CC1"", ""data_validity_comment"": null, ""data_validity_description"": null, ""document_chembl_id"": ""CHEMBL1132189"", ""document_journal"": ""J Med Chem"", ""document_year"": 1999, ""ligand_efficiency"": {""bei"": ""12.48"", ""le"": ""0.24"", ""lle"": ""2.19"", ""sei"": ""4.47""}, ""modality"": null, ""molecule_chembl_id"": ""CHEMBL435423"", ""molecule_pref_name"": null, ""parent_molecule_chembl_id"": ""CHEMBL435423"", ""pchembl_value"": ""4.85"", ""potential_duplicate"": 0, ""qudt_units"": ""http://www.openphacts.org/units/Nanomolar"", ""record_id"": 278782, ""relation"": ""="", ""src_id"": 1, ""standard_flag"": 1, ""standard_relation"": ""="", ""standard_text_value"": null, ""standard_type"": ""Ki"", ""standard_units"": ""nM"", ""standard_upper_value"": null, ""standard_value"": ""14125.38"", ""target_chembl_id"": ""CHEMBL3769"", ""target_organism"": ""Bos taurus"", ""target_pref_name"": ""Serine protease 1"", ""target_tax_id"": ""9913"", ""text_value"": null, ""toid"": null, ""type"": ""pKi"", ""units"": null, ""uo_units"": ""UO_0000065"", ""upper_value"": null, ""value"": ""4.85""}"
"c1d6d891-f698-4732-9ffc-24f94bd3dfcf","chembl_activity","chembl_activity","chembl","silver","212","32581","32581","016ea4bdc300d379b046dbd1641485e1c05b62d249e047da6321b0f32e87b9a0","016ea4bdc300d379b046dbd1641485e1c05b62d249e047da6321b0f32e87b9a0","016ea4bdc300d379b046dbd1641485e1c05b62d249e047da6321b0f32e87b9a0","quarantined","SCHEMA_REQUIRED_FIELD_MISSING","Required field 'units' is missing: {""action_taken"": ""quarantine_original_record"", ""actual_python_type"": ""NoneType"", ""actual_value_preview"": ""None"", ""coercion_policy"": ""default"", ""empty_as_missing"": null, ""expected_logical_type"": ""string"", ""expected_physical_type"": ""str"", ""field"": ""units"", ""nullable"": false, ""optional"": false, ""optional_sources"": [""silver_required_fields""], ""policy_stage"": ""structural"", ""reason_code"": ""required_field_missing"", ""shadow_comparison"": ""structural_reject_silver_filter_reject"", ""silver_filter_shadow_reason_code"": ""required_field_missing""}","","silver","type","","","quarantine","2026-06-02T11:19:01.318550+00:00","{""action_type"": null, ""activity_comment"": null, ""activity_id"": 32581, ""activity_properties"": [], ""assay_chembl_id"": ""CHEMBL857787"", ""assay_description"": ""Binding affinity towards Coagulation factor Xa"", ""assay_type"": ""B"", ""assay_variant_accession"": null, ""assay_variant_mutation"": null, ""bao_endpoint"": ""BAO_0000192"", ""bao_format"": ""BAO_0000357"", ""bao_label"": ""single protein format"", ""canonical_smiles"": ""CC1CCN(C(=O)[C@H](Cc2cccc(C(=N)N)c2)NC(=O)OC(C)(C)C)CC1"", ""data_validity_comment"": null, ""data_validity_description"": null, ""document_chembl_id"": ""CHEMBL1132189"", ""document_journal"": ""J Med Chem"", ""document_year"": 1999, ""ligand_efficiency"": {""bei"": ""10.78"", ""le"": ""0.20"", ""lle"": ""1.53"", ""sei"": ""3.86""}, ""modality"": null, ""molecule_chembl_id"": ""CHEMBL435423"", ""molecule_pref_name"": null, ""parent_molecule_chembl_id"": ""CHEMBL435423"", ""pchembl_value"": ""4.19"", ""potential_duplicate"": 0, ""qudt_units"": ""http://www.openphacts.org/units/Nanomolar"", ""record_id"": 278782, ""relation"": ""="", ""src_id"": 1, ""standard_flag"": 1, ""standard_relation"": ""="", ""standard_text_value"": null, ""standard_type"": ""Ki"", ""standard_units"": ""nM"", ""standard_upper_value"": null, ""standard_value"": ""64565.42"", ""target_chembl_id"": ""CHEMBL244"", ""target_organism"": ""Homo sapiens"", ""target_pref_name"": ""Coagulation factor X"", ""target_tax_id"": ""9606"", ""text_value"": null, ""toid"": null, ""type"": ""pKi"", ""units"": null, ""uo_units"": ""UO_0000065"", ""upper_value"": null, ""value"": ""4.19""}","{""action_type"": null, ""activity_comment"": null, ""activity_id"": 32581, ""activity_properties"": [], ""assay_chembl_id"": ""CHEMBL857787"", ""assay_description"": ""Binding affinity towards Coagulation factor Xa"", ""assay_type"": ""B"", ""assay_variant_accession"": null, ""assay_variant_mutation"": null, ""bao_endpoint"": ""BAO_0000192"", ""bao_format"": ""BAO_0000357"", ""bao_label"": ""single protein format"", ""canonical_smiles"": ""CC1CCN(C(=O)[C@H](Cc2cccc(C(=N)N)c2)NC(=O)OC(C)(C)C)CC1"", ""data_validity_comment"": null, ""data_validity_description"": null, ""document_chembl_id"": ""CHEMBL1132189"", ""document_journal"": ""J Med Chem"", ""document_year"": 1999, ""ligand_efficiency"": {""bei"": ""10.78"", ""le"": ""0.20"", ""lle"": ""1.53"", ""sei"": ""3.86""}, ""modality"": null, ""molecule_chembl_id"": ""CHEMBL435423"", ""molecule_pref_name"": null, ""parent_molecule_chembl_id"": ""CHEMBL435423"", ""pchembl_value"": ""4.19"", ""potential_duplicate"": 0, ""qudt_units"": ""http://www.openphacts.org/units/Nanomolar"", ""record_id"": 278782, ""relation"": ""="", ""src_id"": 1, ""standard_flag"": 1, ""standard_relation"": ""="", ""standard_text_value"": null, ""standard_type"": ""Ki"", ""standard_units"": ""nM"", ""standard_upper_value"": null, ""standard_value"": ""64565.42"", ""target_chembl_id"": ""CHEMBL244"", ""target_organism"": ""Homo sapiens"", ""target_pref_name"": ""Coagulation factor X"", ""target_tax_id"": ""9606"", ""text_value"": null, ""toid"": null, ""type"": ""pKi"", ""units"": null, ""uo_units"": ""UO_0000065"", ""upper_value"": null, ""value"": ""4.19""}"
"c1d6d891-f698-4732-9ffc-24f94bd3dfcf","chembl_activity","chembl_activity","chembl","silver","213","32582","32582","6147cac6178c1da91bbd2e599edcd88b1084fad81fe31a62ed8630d1814cae07","6147cac6178c1da91bbd2e599edcd88b1084fad81fe31a62ed8630d1814cae07","6147cac6178c1da91bbd2e599edcd88b1084fad81fe31a62ed8630d1814cae07","quarantined","SCHEMA_REQUIRED_FIELD_MISSING","Required field 'units' is missing: {""action_taken"": ""quarantine_original_record"", ""actual_python_type"": ""NoneType"", ""actual_value_preview"": ""None"", ""coercion_policy"": ""default"", ""empty_as_missing"": null, ""expected_logical_type"": ""string"", ""expected_physical_type"": ""str"", ""field"": ""units"", ""nullable"": false, ""optional"": false, ""optional_sources"": [""silver_required_fields""], ""policy_stage"": ""structural"", ""reason_code"": ""required_field_missing"", ""shadow_comparison"": ""structural_reject_silver_filter_reject"", ""silver_filter_shadow_reason_code"": ""required_field_missing""}","","silver","type","","","quarantine","2026-06-02T11:19:01.320289+00:00","{""action_type"": null, ""activity_comment"": null, ""activity_id"": 32582, ""activity_properties"": [], ""assay_chembl_id"": ""CHEMBL815654"", ""assay_description"": ""Binding affinity towards thrombin"", ""assay_type"": ""B"", ""assay_variant_accession"": null, ""assay_variant_mutation"": null, ""bao_endpoint"": ""BAO_0000192"", ""bao_format"": ""BAO_0000357"", ""bao_label"": ""single protein format"", ""canonical_smiles"": ""N=C(N)c1cccc(C[C@H](NS(=O)(=O)c2ccc3ccccc3c2)C(=O)N2CCC[C@H]2C(=O)O)c1"", ""data_validity_comment"": null, ""data_validity_description"": null, ""document_chembl_id"": ""CHEMBL1132189"", ""document_journal"": ""J Med Chem"", ""document_year"": 1999, ""ligand_efficiency"": {""bei"": ""11.20"", ""le"": ""0.22"", ""lle"": ""3.45"", ""sei"": ""3.60""}, ""modality"": null, ""molecule_chembl_id"": ""CHEMBL1161260"", ""molecule_pref_name"": null, ""parent_molecule_chembl_id"": ""CHEMBL1161260"", ""pchembl_value"": ""5.54"", ""potential_duplicate"": 0, ""qudt_units"": ""http://www.openphacts.org/units/Nanomolar"", ""record_id"": 278778, ""relation"": ""="", ""src_id"": 1, ""standard_flag"": 1, ""standard_relation"": ""="", ""standard_text_value"": null, ""standard_type"": ""Ki"", ""standard_units"": ""nM"", ""standard_upper_value"": null, ""standard_value"": ""2897.34"", ""target_chembl_id"": ""CHEMBL4471"", ""target_organism"": ""Bos taurus"", ""target_pref_name"": ""Prothrombin"", ""target_tax_id"": ""9913"", ""text_value"": null, ""toid"": null, ""type"": ""pKi"", ""units"": null, ""uo_units"": ""UO_0000065"", ""upper_value"": null, ""value"": ""5.538""}","{""action_type"": null, ""activity_comment"": null, ""activity_id"": 32582, ""activity_properties"": [], ""assay_chembl_id"": ""CHEMBL815654"", ""assay_description"": ""Binding affinity towards thrombin"", ""assay_type"": ""B"", ""assay_variant_accession"": null, ""assay_variant_mutation"": null, ""bao_endpoint"": ""BAO_0000192"", ""bao_format"": ""BAO_0000357"", ""bao_label"": ""single protein format"", ""canonical_smiles"": ""N=C(N)c1cccc(C[C@H](NS(=O)(=O)c2ccc3ccccc3c2)C(=O)N2CCC[C@H]2C(=O)O)c1"", ""data_validity_comment"": null, ""data_validity_description"": null, ""document_chembl_id"": ""CHEMBL1132189"", ""document_journal"": ""J Med Chem"", ""document_year"": 1999, ""ligand_efficiency"": {""bei"": ""11.20"", ""le"": ""0.22"", ""lle"": ""3.45"", ""sei"": ""3.60""}, ""modality"": null, ""molecule_chembl_id"": ""CHEMBL1161260"", ""molecule_pref_name"": null, ""parent_molecule_chembl_id"": ""CHEMBL1161260"", ""pchembl_value"": ""5.54"", ""potential_duplicate"": 0, ""qudt_units"": ""http://www.openphacts.org/units/Nanomolar"", ""record_id"": 278778, ""relation"": ""="", ""src_id"": 1, ""standard_flag"": 1, ""standard_relation"": ""="", ""standard_text_value"": null, ""standard_type"": ""Ki"", ""standard_units"": ""nM"", ""standard_upper_value"": null, ""standard_value"": ""2897.34"", ""target_chembl_id"": ""CHEMBL4471"", ""target_organism"": ""Bos taurus"", ""target_pref_name"": ""Prothrombin"", ""target_tax_id"": ""9913"", ""text_value"": null, ""toid"": null, ""type"": ""pKi"", ""units"": null, ""uo_units"": ""UO_0000065"", ""upper_value"": null, ""value"": ""5.538""}"
"c1d6d891-f698-4732-9ffc-24f94bd3dfcf","chembl_activity","chembl_activity","chembl","silver","214","32583","32583","a3bf216141a9b75030d21673eae8775031290271cd090e8ece0c785110ce92f2","a3bf216141a9b75030d21673eae8775031290271cd090e8ece0c785110ce92f2","a3bf216141a9b75030d21673eae8775031290271cd090e8ece0c785110ce92f2","quarantined","SCHEMA_REQUIRED_FIELD_MISSING","Required field 'units' is missing: {""action_taken"": ""quarantine_original_record"", ""actual_python_type"": ""NoneType"", ""actual_value_preview"": ""None"", ""coercion_policy"": ""default"", ""empty_as_missing"": null, ""expected_logical_type"": ""string"", ""expected_physical_type"": ""str"", ""field"": ""units"", ""nullable"": false, ""optional"": false, ""optional_sources"": [""silver_required_fields""], ""policy_stage"": ""structural"", ""reason_code"": ""required_field_missing"", ""shadow_comparison"": ""structural_reject_silver_filter_reject"", ""silver_filter_shadow_reason_code"": ""required_field_missing""}","","silver","type","","","quarantine","2026-06-02T11:19:01.322027+00:00","{""action_type"": null, ""activity_comment"": null, ""activity_id"": 32583, ""activity_properties"": [], ""assay_chembl_id"": ""CHEMBL821446"", ""assay_description"": ""Binding affinity towards trypsin"", ""assay_type"": ""B"", ""assay_variant_accession"": null, ""assay_variant_mutation"": null, ""bao_endpoint"": ""BAO_0000192"", ""bao_format"": ""BAO_0000357"", ""bao_label"": ""single protein format"", ""canonical_smiles"": ""N=C(N)c1cccc(C[C@H](NS(=O)(=O)c2ccc3ccccc3c2)C(=O)N2CCC[C@H]2C(=O)O)c1"", ""data_validity_comment"": null, ""data_validity_description"": null, ""document_chembl_id"": ""CHEMBL1132189"", ""document_journal"": ""J Med Chem"", ""document_year"": 1999, ""ligand_efficiency"": {""bei"": ""9.70"", ""le"": ""0.19"", ""lle"": ""2.71"", ""sei"": ""3.12""}, ""modality"": null, ""molecule_chembl_id"": ""CHEMBL1161260"", ""molecule_pref_name"": null, ""parent_molecule_chembl_id"": ""CHEMBL1161260"", ""pchembl_value"": ""4.80"", ""potential_duplicate"": 0, ""qudt_units"": ""http://www.openphacts.org/units/Nanomolar"", ""record_id"": 278778, ""relation"": ""="", ""src_id"": 1, ""standard_flag"": 1, ""standard_relation"": ""="", ""standard_text_value"": null, ""standard_type"": ""Ki"", ""standard_units"": ""nM"", ""standard_upper_value"": null, ""standard_value"": ""15995.58"", ""target_chembl_id"": ""CHEMBL3769"", ""target_organism"": ""Bos taurus"", ""target_pref_name"": ""Serine protease 1"", ""target_tax_id"": ""9913"", ""text_value"": null, ""toid"": null, ""type"": ""pKi"", ""units"": null, ""uo_units"": ""UO_0000065"", ""upper_value"": null, ""value"": ""4.796""}","{""action_type"": null, ""activity_comment"": null, ""activity_id"": 32583, ""activity_properties"": [], ""assay_chembl_id"": ""CHEMBL821446"", ""assay_description"": ""Binding affinity towards trypsin"", ""assay_type"": ""B"", ""assay_variant_accession"": null, ""assay_variant_mutation"": null, ""bao_endpoint"": ""BAO_0000192"", ""bao_format"": ""BAO_0000357"", ""bao_label"": ""single protein format"", ""canonical_smiles"": ""N=C(N)c1cccc(C[C@H](NS(=O)(=O)c2ccc3ccccc3c2)C(=O)N2CCC[C@H]2C(=O)O)c1"", ""data_validity_comment"": null, ""data_validity_description"": null, ""document_chembl_id"": ""CHEMBL1132189"", ""document_journal"": ""J Med Chem"", ""document_year"": 1999, ""ligand_efficiency"": {""bei"": ""9.70"", ""le"": ""0.19"", ""lle"": ""2.71"", ""sei"": ""3.12""}, ""modality"": null, ""molecule_chembl_id"": ""CHEMBL1161260"", ""molecule_pref_name"": null, ""parent_molecule_chembl_id"": ""CHEMBL1161260"", ""pchembl_value"": ""4.80"", ""potential_duplicate"": 0, ""qudt_units"": ""http://www.openphacts.org/units/Nanomolar"", ""record_id"": 278778, ""relation"": ""="", ""src_id"": 1, ""standard_flag"": 1, ""standard_relation"": ""="", ""standard_text_value"": null, ""standard_type"": ""Ki"", ""standard_units"": ""nM"", ""standard_upper_value"": null, ""standard_value"": ""15995.58"", ""target_chembl_id"": ""CHEMBL3769"", ""target_organism"": ""Bos taurus"", ""target_pref_name"": ""Serine protease 1"", ""target_tax_id"": ""9913"", ""text_value"": null, ""toid"": null, ""type"": ""pKi"", ""units"": null, ""uo_units"": ""UO_0000065"", ""upper_value"": null, ""value"": ""4.796""}"
"c1d6d891-f698-4732-9ffc-24f94bd3dfcf","chembl_activity","chembl_activity","chembl","silver","215","32585","32585","c1f651d9f72da6962b14ecbaf5cf41abf0905112fda5c638bf2bd7ccfdfcfae3","c1f651d9f72da6962b14ecbaf5cf41abf0905112fda5c638bf2bd7ccfdfcfae3","c1f651d9f72da6962b14ecbaf5cf41abf0905112fda5c638bf2bd7ccfdfcfae3","quarantined","SCHEMA_REQUIRED_FIELD_MISSING","Required field 'units' is missing: {""action_taken"": ""quarantine_original_record"", ""actual_python_type"": ""NoneType"", ""actual_value_preview"": ""None"", ""coercion_policy"": ""default"", ""empty_as_missing"": null, ""expected_logical_type"": ""string"", ""expected_physical_type"": ""str"", ""field"": ""units"", ""nullable"": false, ""optional"": false, ""optional_sources"": [""silver_required_fields""], ""policy_stage"": ""structural"", ""reason_code"": ""required_field_missing"", ""shadow_comparison"": ""structural_reject_silver_filter_reject"", ""silver_filter_shadow_reason_code"": ""required_field_missing""}","","silver","type","","","quarantine","2026-06-02T11:19:01.323745+00:00","{""action_type"": null, ""activity_comment"": null, ""activity_id"": 32585, ""activity_properties"": [], ""assay_chembl_id"": ""CHEMBL815654"", ""assay_description"": ""Binding affinity towards thrombin"", ""assay_type"": ""B"", ""assay_variant_accession"": null, ""assay_variant_mutation"": null, ""bao_endpoint"": ""BAO_0000192"", ""bao_format"": ""BAO_0000357"", ""bao_label"": ""single protein format"", ""canonical_smiles"": ""N=C(N)c1cccc(C[C@H](NS(=O)(=O)c2ccc3ccccc3c2)C(=O)C(=O)O)c1"", ""data_validity_comment"": null, ""data_validity_description"": null, ""document_chembl_id"": ""CHEMBL1132189"", ""document_journal"": ""J Med Chem"", ""document_year"": 1999, ""ligand_efficiency"": {""bei"": ""10.63"", ""le"": ""0.21"", ""lle"": ""2.85"", ""sei"": ""3.01""}, ""modality"": null, ""molecule_chembl_id"": ""CHEMBL1161256"", ""molecule_pref_name"": null, ""parent_molecule_chembl_id"": ""CHEMBL1161256"", ""pchembl_value"": ""4.52"", ""potential_duplicate"": 0, ""qudt_units"": ""http://www.openphacts.org/units/Nanomolar"", ""record_id"": 278821, ""relation"": ""="", ""src_id"": 1, ""standard_flag"": 1, ""standard_relation"": ""="", ""standard_text_value"": null, ""standard_type"": ""Ki"", ""standard_units"": ""nM"", ""standard_upper_value"": null, ""standard_value"": ""29991.63"", ""target_chembl_id"": ""CHEMBL4471"", ""target_organism"": ""Bos taurus"", ""target_pref_name"": ""Prothrombin"", ""target_tax_id"": ""9913"", ""text_value"": null, ""toid"": null, ""type"": ""pKi"", ""units"": null, ""uo_units"": ""UO_0000065"", ""upper_value"": null, ""value"": ""4.523""}","{""action_type"": null, ""activity_comment"": null, ""activity_id"": 32585, ""activity_properties"": [], ""assay_chembl_id"": ""CHEMBL815654"", ""assay_description"": ""Binding affinity towards thrombin"", ""assay_type"": ""B"", ""assay_variant_accession"": null, ""assay_variant_mutation"": null, ""bao_endpoint"": ""BAO_0000192"", ""bao_format"": ""BAO_0000357"", ""bao_label"": ""single protein format"", ""canonical_smiles"": ""N=C(N)c1cccc(C[C@H](NS(=O)(=O)c2ccc3ccccc3c2)C(=O)C(=O)O)c1"", ""data_validity_comment"": null, ""data_validity_description"": null, ""document_chembl_id"": ""CHEMBL1132189"", ""document_journal"": ""J Med Chem"", ""document_year"": 1999, ""ligand_efficiency"": {""bei"": ""10.63"", ""le"": ""0.21"", ""lle"": ""2.85"", ""sei"": ""3.01""}, ""modality"": null, ""molecule_chembl_id"": ""CHEMBL1161256"", ""molecule_pref_name"": null, ""parent_molecule_chembl_id"": ""CHEMBL1161256"", ""pchembl_value"": ""4.52"", ""potential_duplicate"": 0, ""qudt_units"": ""http://www.openphacts.org/units/Nanomolar"", ""record_id"": 278821, ""relation"": ""="", ""src_id"": 1, ""standard_flag"": 1, ""standard_relation"": ""="", ""standard_text_value"": null, ""standard_type"": ""Ki"", ""standard_units"": ""nM"", ""standard_upper_value"": null, ""standard_value"": ""29991.63"", ""target_chembl_id"": ""CHEMBL4471"", ""target_organism"": ""Bos taurus"", ""target_pref_name"": ""Prothrombin"", ""target_tax_id"": ""9913"", ""text_value"": null, ""toid"": null, ""type"": ""pKi"", ""units"": null, ""uo_units"": ""UO_0000065"", ""upper_value"": null, ""value"": ""4.523""}"
"c1d6d891-f698-4732-9ffc-24f94bd3dfcf","chembl_activity","chembl_activity","chembl","silver","292","33055","33055","647c5f484222fed493a1a8d6d3511a64554b47650e25ce8b20b10d7910cf89d1","647c5f484222fed493a1a8d6d3511a64554b47650e25ce8b20b10d7910cf89d1","647c5f484222fed493a1a8d6d3511a64554b47650e25ce8b20b10d7910cf89d1","quarantined","SCHEMA_REQUIRED_FIELD_MISSING","Required field 'units' is missing: {""action_taken"": ""quarantine_original_record"", ""actual_python_type"": ""NoneType"", ""actual_value_preview"": ""None"", ""coercion_policy"": ""default"", ""empty_as_missing"": null, ""expected_logical_type"": ""string"", ""expected_physical_type"": ""str"", ""field"": ""units"", ""nullable"": false, ""optional"": false, ""optional_sources"": [""silver_required_fields""], ""policy_stage"": ""structural"", ""reason_code"": ""required_field_missing"", ""shadow_comparison"": ""structural_reject_silver_filter_reject"", ""silver_filter_shadow_reason_code"": ""required_field_missing""}","","silver","type","","","quarantine","2026-06-02T11:19:01.461870+00:00","{""action_type"": null, ""activity_comment"": null, ""activity_id"": 33055, ""activity_properties"": [], ""assay_chembl_id"": ""CHEMBL858266"", ""assay_description"": ""Inhibition constant against Bacillus subtilis azp-12 DNA topoisomerase III (mutant enzyme)."", ""assay_type"": ""B"", ""assay_variant_accession"": null, ""assay_variant_mutation"": null, ""bao_endpoint"": ""BAO_0000192"", ""bao_format"": ""BAO_0000357"", ""bao_label"": ""single protein format"", ""canonical_smiles"": ""Cc1ccc(Nc2cc(O)nc(O)n2)cc1C"", ""data_validity_comment"": null, ""data_validity_description"": null, ""document_chembl_id"": ""CHEMBL1122565"", ""document_journal"": ""J Med Chem"", ""document_year"": 1984, ""ligand_efficiency"": {""bei"": ""23.59"", ""le"": ""0.44"", ""lle"": ""3.21"", ""sei"": ""6.97""}, ""modality"": null, ""molecule_chembl_id"": ""CHEMBL54782"", ""molecule_pref_name"": null, ""parent_molecule_chembl_id"": ""CHEMBL54782"", ""pchembl_value"": ""5.46"", ""potential_duplicate"": 0, ""qudt_units"": ""http://www.openphacts.org/units/Nanomolar"", ""record_id"": 91157, ""relation"": ""="", ""src_id"": 1, ""standard_flag"": 1, ""standard_relation"": ""="", ""standard_text_value"": null, ""standard_type"": ""Ki"", ""standard_units"": ""nM"", ""standard_upper_value"": null, ""standard_value"": ""3499.45"", ""target_chembl_id"": ""CHEMBL4320"", ""target_organism"": ""Bacillus subtilis (strain 168)"", ""target_pref_name"": ""DNA topoisomerase 3"", ""target_tax_id"": ""224308"", ""text_value"": null, ""toid"": null, ""type"": ""Log 1/Ki"", ""units"": null, ""uo_units"": ""UO_0000065"", ""upper_value"": null, ""value"": ""5.456""}","{""action_type"": null, ""activity_comment"": null, ""activity_id"": 33055, ""activity_properties"": [], ""assay_chembl_id"": ""CHEMBL858266"", ""assay_description"": ""Inhibition constant against Bacillus subtilis azp-12 DNA topoisomerase III (mutant enzyme)."", ""assay_type"": ""B"", ""assay_variant_accession"": null, ""assay_variant_mutation"": null, ""bao_endpoint"": ""BAO_0000192"", ""bao_format"": ""BAO_0000357"", ""bao_label"": ""single protein format"", ""canonical_smiles"": ""Cc1ccc(Nc2cc(O)nc(O)n2)cc1C"", ""data_validity_comment"": null, ""data_validity_description"": null, ""document_chembl_id"": ""CHEMBL1122565"", ""document_journal"": ""J Med Chem"", ""document_year"": 1984, ""ligand_efficiency"": {""bei"": ""23.59"", ""le"": ""0.44"", ""lle"": ""3.21"", ""sei"": ""6.97""}, ""modality"": null, ""molecule_chembl_id"": ""CHEMBL54782"", ""molecule_pref_name"": null, ""parent_molecule_chembl_id"": ""CHEMBL54782"", ""pchembl_value"": ""5.46"", ""potential_duplicate"": 0, ""qudt_units"": ""http://www.openphacts.org/units/Nanomolar"", ""record_id"": 91157, ""relation"": ""="", ""src_id"": 1, ""standard_flag"": 1, ""standard_relation"": ""="", ""standard_text_value"": null, ""standard_type"": ""Ki"", ""standard_units"": ""nM"", ""standard_upper_value"": null, ""standard_value"": ""3499.45"", ""target_chembl_id"": ""CHEMBL4320"", ""target_organism"": ""Bacillus subtilis (strain 168)"", ""target_pref_name"": ""DNA topoisomerase 3"", ""target_tax_id"": ""224308"", ""text_value"": null, ""toid"": null, ""type"": ""Log 1/Ki"", ""units"": null, ""uo_units"": ""UO_0000065"", ""upper_value"": null, ""value"": ""5.456""}"
"c1d6d891-f698-4732-9ffc-24f94bd3dfcf","chembl_activity","chembl_activity","chembl","silver","293","33057","33057","3325b71a59b8fe52d74327aba2cf098487f25f6a10a8eb279d1a5fd922960d51","3325b71a59b8fe52d74327aba2cf098487f25f6a10a8eb279d1a5fd922960d51","3325b71a59b8fe52d74327aba2cf098487f25f6a10a8eb279d1a5fd922960d51","quarantined","SCHEMA_REQUIRED_FIELD_MISSING","Required field 'units' is missing: {""action_taken"": ""quarantine_original_record"", ""actual_python_type"": ""NoneType"", ""actual_value_preview"": ""None"", ""coercion_policy"": ""default"", ""empty_as_missing"": null, ""expected_logical_type"": ""string"", ""expected_physical_type"": ""str"", ""field"": ""units"", ""nullable"": false, ""optional"": false, ""optional_sources"": [""silver_required_fields""], ""policy_stage"": ""structural"", ""reason_code"": ""required_field_missing"", ""shadow_comparison"": ""structural_reject_silver_filter_reject"", ""silver_filter_shadow_reason_code"": ""required_field_missing""}","","silver","type","","","quarantine","2026-06-02T11:19:01.463792+00:00","{""action_type"": null, ""activity_comment"": null, ""activity_id"": 33057, ""activity_properties"": [], ""assay_chembl_id"": ""CHEMBL858266"", ""assay_description"": ""Inhibition constant against Bacillus subtilis azp-12 DNA topoisomerase III (mutant enzyme)."", ""assay_type"": ""B"", ""assay_variant_accession"": null, ""assay_variant_mutation"": null, ""bao_endpoint"": ""BAO_0000192"", ""bao_format"": ""BAO_0000357"", ""bao_label"": ""single protein format"", ""canonical_smiles"": ""Oc1cc(Nc2ccc(Cl)c(Cl)c2)nc(O)n1"", ""data_validity_comment"": null, ""data_validity_description"": null, ""document_chembl_id"": ""CHEMBL1122565"", ""document_journal"": ""J Med Chem"", ""document_year"": 1984, ""ligand_efficiency"": {""bei"": ""23.82"", ""le"": ""0.52"", ""lle"": ""3.54"", ""sei"": ""8.28""}, ""modality"": null, ""molecule_chembl_id"": ""CHEMBL52034"", ""molecule_pref_name"": null, ""parent_molecule_chembl_id"": ""CHEMBL52034"", ""pchembl_value"": ""6.48"", ""potential_duplicate"": 0, ""qudt_units"": ""http://www.openphacts.org/units/Nanomolar"", ""record_id"": 91156, ""relation"": ""="", ""src_id"": 1, ""standard_flag"": 1, ""standard_relation"": ""="", ""standard_text_value"": null, ""standard_type"": ""Ki"", ""standard_units"": ""nM"", ""standard_upper_value"": null, ""standard_value"": ""330.37"", ""target_chembl_id"": ""CHEMBL4320"", ""target_organism"": ""Bacillus subtilis (strain 168)"", ""target_pref_name"": ""DNA topoisomerase 3"", ""target_tax_id"": ""224308"", ""text_value"": null, ""toid"": null, ""type"": ""Log 1/Ki"", ""units"": null, ""uo_units"": ""UO_0000065"", ""upper_value"": null, ""value"": ""6.481""}","{""action_type"": null, ""activity_comment"": null, ""activity_id"": 33057, ""activity_properties"": [], ""assay_chembl_id"": ""CHEMBL858266"", ""assay_description"": ""Inhibition constant against Bacillus subtilis azp-12 DNA topoisomerase III (mutant enzyme)."", ""assay_type"": ""B"", ""assay_variant_accession"": null, ""assay_variant_mutation"": null, ""bao_endpoint"": ""BAO_0000192"", ""bao_format"": ""BAO_0000357"", ""bao_label"": ""single protein format"", ""canonical_smiles"": ""Oc1cc(Nc2ccc(Cl)c(Cl)c2)nc(O)n1"", ""data_validity_comment"": null, ""data_validity_description"": null, ""document_chembl_id"": ""CHEMBL1122565"", ""document_journal"": ""J Med Chem"", ""document_year"": 1984, ""ligand_efficiency"": {""bei"": ""23.82"", ""le"": ""0.52"", ""lle"": ""3.54"", ""sei"": ""8.28""}, ""modality"": null, ""molecule_chembl_id"": ""CHEMBL52034"", ""molecule_pref_name"": null, ""parent_molecule_chembl_id"": ""CHEMBL52034"", ""pchembl_value"": ""6.48"", ""potential_duplicate"": 0, ""qudt_units"": ""http://www.openphacts.org/units/Nanomolar"", ""record_id"": 91156, ""relation"": ""="", ""src_id"": 1, ""standard_flag"": 1, ""standard_relation"": ""="", ""standard_text_value"": null, ""standard_type"": ""Ki"", ""standard_units"": ""nM"", ""standard_upper_value"": null, ""standard_value"": ""330.37"", ""target_chembl_id"": ""CHEMBL4320"", ""target_organism"": ""Bacillus subtilis (strain 168)"", ""target_pref_name"": ""DNA topoisomerase 3"", ""target_tax_id"": ""224308"", ""text_value"": null, ""toid"": null, ""type"": ""Log 1/Ki"", ""units"": null, ""uo_units"": ""UO_0000065"", ""upper_value"": null, ""value"": ""6.481""}"
"c1d6d891-f698-4732-9ffc-24f94bd3dfcf","chembl_activity","chembl_activity","chembl","silver","333","33362","33362","f51bd53c89c8b50116bb8f48773d1b213c2e400ded3c49647e7d4d56c352de3e","f51bd53c89c8b50116bb8f48773d1b213c2e400ded3c49647e7d4d56c352de3e","f51bd53c89c8b50116bb8f48773d1b213c2e400ded3c49647e7d4d56c352de3e","quarantined","SCHEMA_REQUIRED_FIELD_MISSING","Required field 'units' is missing: {""action_taken"": ""quarantine_original_record"", ""actual_python_type"": ""NoneType"", ""actual_value_preview"": ""None"", ""coercion_policy"": ""default"", ""empty_as_missing"": null, ""expected_logical_type"": ""string"", ""expected_physical_type"": ""str"", ""field"": ""units"", ""nullable"": false, ""optional"": false, ""optional_sources"": [""silver_required_fields""], ""policy_stage"": ""structural"", ""reason_code"": ""required_field_missing"", ""shadow_comparison"": ""structural_reject_silver_filter_reject"", ""silver_filter_shadow_reason_code"": ""required_field_missing""}","","silver","type","","","quarantine","2026-06-02T11:19:01.539455+00:00","{""action_type"": null, ""activity_comment"": null, ""activity_id"": 33362, ""activity_properties"": [], ""assay_chembl_id"": ""CHEMBL805836"", ""assay_description"": ""Binding affinity towards 5-HT2A receptor of rat tail artery"", ""assay_type"": ""B"", ""assay_variant_accession"": null, ""assay_variant_mutation"": null, ""bao_endpoint"": ""BAO_0000192"", ""bao_format"": ""BAO_0000221"", ""bao_label"": ""tissue-based format"", ""canonical_smiles"": ""O=C(c1ccc(F)cc1)C1CCNCC1"", ""data_validity_comment"": null, ""data_validity_description"": null, ""document_chembl_id"": ""CHEMBL1128861"", ""document_journal"": ""Bioorg Med Chem Lett"", ""document_year"": 1995, ""ligand_efficiency"": {""bei"": ""30.88"", ""le"": ""0.58"", ""lle"": ""4.39"", ""sei"": ""21.99""}, ""modality"": null, ""molecule_chembl_id"": ""CHEMBL148189"", ""molecule_pref_name"": null, ""parent_molecule_chembl_id"": ""CHEMBL148189"", ""pchembl_value"": ""6.40"", ""potential_duplicate"": 0, ""qudt_units"": ""http://www.openphacts.org/units/Nanomolar"", ""record_id"": 312970, ""relation"": ""="", ""src_id"": 1, ""standard_flag"": 1, ""standard_relation"": ""="", ""standard_text_value"": null, ""standard_type"": ""Ki"", ""standard_units"": ""nM"", ""standard_upper_value"": null, ""standard_value"": ""398.11"", ""target_chembl_id"": ""CHEMBL322"", ""target_organism"": ""Rattus norvegicus"", ""target_pref_name"": ""5-hydroxytryptamine receptor 2A"", ""target_tax_id"": ""10116"", ""text_value"": null, ""toid"": null, ""type"": ""Log Ki"", ""units"": null, ""uo_units"": ""UO_0000065"", ""upper_value"": null, ""value"": ""-6.4""}","{""action_type"": null, ""activity_comment"": null, ""activity_id"": 33362, ""activity_properties"": [], ""assay_chembl_id"": ""CHEMBL805836"", ""assay_description"": ""Binding affinity towards 5-HT2A receptor of rat tail artery"", ""assay_type"": ""B"", ""assay_variant_accession"": null, ""assay_variant_mutation"": null, ""bao_endpoint"": ""BAO_0000192"", ""bao_format"": ""BAO_0000221"", ""bao_label"": ""tissue-based format"", ""canonical_smiles"": ""O=C(c1ccc(F)cc1)C1CCNCC1"", ""data_validity_comment"": null, ""data_validity_description"": null, ""document_chembl_id"": ""CHEMBL1128861"", ""document_journal"": ""Bioorg Med Chem Lett"", ""document_year"": 1995, ""ligand_efficiency"": {""bei"": ""30.88"", ""le"": ""0.58"", ""lle"": ""4.39"", ""sei"": ""21.99""}, ""modality"": null, ""molecule_chembl_id"": ""CHEMBL148189"", ""molecule_pref_name"": null, ""parent_molecule_chembl_id"": ""CHEMBL148189"", ""pchembl_value"": ""6.40"", ""potential_duplicate"": 0, ""qudt_units"": ""http://www.openphacts.org/units/Nanomolar"", ""record_id"": 312970, ""relation"": ""="", ""src_id"": 1, ""standard_flag"": 1, ""standard_relation"": ""="", ""standard_text_value"": null, ""standard_type"": ""Ki"", ""standard_units"": ""nM"", ""standard_upper_value"": null, ""standard_value"": ""398.11"", ""target_chembl_id"": ""CHEMBL322"", ""target_organism"": ""Rattus norvegicus"", ""target_pref_name"": ""5-hydroxytryptamine receptor 2A"", ""target_tax_id"": ""10116"", ""text_value"": null, ""toid"": null, ""type"": ""Log Ki"", ""units"": null, ""uo_units"": ""UO_0000065"", ""upper_value"": null, ""value"": ""-6.4""}"
"c1d6d891-f698-4732-9ffc-24f94bd3dfcf","chembl_activity","chembl_activity","chembl","silver","363","33446","33446","43ff33f6bcaf04158ffaa67966de2b250abd971dd8f15bacb37fde1d8c174f2c","43ff33f6bcaf04158ffaa67966de2b250abd971dd8f15bacb37fde1d8c174f2c","43ff33f6bcaf04158ffaa67966de2b250abd971dd8f15bacb37fde1d8c174f2c","quarantined","SCHEMA_REQUIRED_FIELD_MISSING","Required field 'units' is missing: {""action_taken"": ""quarantine_original_record"", ""actual_python_type"": ""NoneType"", ""actual_value_preview"": ""None"", ""coercion_policy"": ""default"", ""empty_as_missing"": null, ""expected_logical_type"": ""string"", ""expected_physical_type"": ""str"", ""field"": ""units"", ""nullable"": false, ""optional"": false, ""optional_sources"": [""silver_required_fields""], ""policy_stage"": ""structural"", ""reason_code"": ""required_field_missing"", ""shadow_comparison"": ""structural_reject_silver_filter_reject"", ""silver_filter_shadow_reason_code"": ""required_field_missing""}","","silver","type","","","quarantine","2026-06-02T11:19:01.622559+00:00","{""action_type"": null, ""activity_comment"": null, ""activity_id"": 33446, ""activity_properties"": [], ""assay_chembl_id"": ""CHEMBL617758"", ""assay_description"": ""In vitro binding affinity at human cloned 5-hydroxytryptamine 2C receptor of HEK293 cells by [3H]mesulergine displacement."", ""assay_type"": ""B"", ""assay_variant_accession"": null, ""assay_variant_mutation"": null, ""bao_endpoint"": ""BAO_0000192"", ""bao_format"": ""BAO_0000219"", ""bao_label"": ""cell-based format"", ""canonical_smiles"": ""Cc1cc2c(cc1C(F)(F)F)N(C(=O)Nc1ccc(OCc3cncn3C)nc1)CC2"", ""data_validity_comment"": null, ""data_validity_description"": null, ""document_chembl_id"": ""CHEMBL1133278"", ""document_journal"": ""Bioorg Med Chem Lett"", ""document_year"": 2000, ""ligand_efficiency"": {""bei"": ""19.47"", ""le"": ""0.37"", ""lle"": ""4.08"", ""sei"": ""11.62""}, ""modality"": null, ""molecule_chembl_id"": ""CHEMBL55969"", ""molecule_pref_name"": null, ""parent_molecule_chembl_id"": ""CHEMBL55969"", ""pchembl_value"": ""8.40"", ""potential_duplicate"": 0, ""qudt_units"": ""http://www.openphacts.org/units/Nanomolar"", ""record_id"": 93119, ""relation"": ""="", ""src_id"": 1, ""standard_flag"": 1, ""standard_relation"": ""="", ""standard_text_value"": null, ""standard_type"": ""Ki"", ""standard_units"": ""nM"", ""standard_upper_value"": null, ""standard_value"": ""3.981"", ""target_chembl_id"": ""CHEMBL225"", ""target_organism"": ""Homo sapiens"", ""target_pref_name"": ""5-hydroxytryptamine receptor 2C"", ""target_tax_id"": ""9606"", ""text_value"": null, ""toid"": null, ""type"": ""Log Ki"", ""units"": null, ""uo_units"": ""UO_0000065"", ""upper_value"": null, ""value"": ""-8.4""}","{""action_type"": null, ""activity_comment"": null, ""activity_id"": 33446, ""activity_properties"": [], ""assay_chembl_id"": ""CHEMBL617758"", ""assay_description"": ""In vitro binding affinity at human cloned 5-hydroxytryptamine 2C receptor of HEK293 cells by [3H]mesulergine displacement."", ""assay_type"": ""B"", ""assay_variant_accession"": null, ""assay_variant_mutation"": null, ""bao_endpoint"": ""BAO_0000192"", ""bao_format"": ""BAO_0000219"", ""bao_label"": ""cell-based format"", ""canonical_smiles"": ""Cc1cc2c(cc1C(F)(F)F)N(C(=O)Nc1ccc(OCc3cncn3C)nc1)CC2"", ""data_validity_comment"": null, ""data_validity_description"": null, ""document_chembl_id"": ""CHEMBL1133278"", ""document_journal"": ""Bioorg Med Chem Lett"", ""document_year"": 2000, ""ligand_efficiency"": {""bei"": ""19.47"", ""le"": ""0.37"", ""lle"": ""4.08"", ""sei"": ""11.62""}, ""modality"": null, ""molecule_chembl_id"": ""CHEMBL55969"", ""molecule_pref_name"": null, ""parent_molecule_chembl_id"": ""CHEMBL55969"", ""pchembl_value"": ""8.40"", ""potential_duplicate"": 0, ""qudt_units"": ""http://www.openphacts.org/units/Nanomolar"", ""record_id"": 93119, ""relation"": ""="", ""src_id"": 1, ""standard_flag"": 1, ""standard_relation"": ""="", ""standard_text_value"": null, ""standard_type"": ""Ki"", ""standard_units"": ""nM"", ""standard_upper_value"": null, ""standard_value"": ""3.981"", ""target_chembl_id"": ""CHEMBL225"", ""target_organism"": ""Homo sapiens"", ""target_pref_name"": ""5-hydroxytryptamine receptor 2C"", ""target_tax_id"": ""9606"", ""text_value"": null, ""toid"": null, ""type"": ""Log Ki"", ""units"": null, ""uo_units"": ""UO_0000065"", ""upper_value"": null, ""value"": ""-8.4""}"
"c1d6d891-f698-4732-9ffc-24f94bd3dfcf","chembl_activity","chembl_activity","chembl","silver","364","33447","33447","77b1e84eab0017463ad9c587e4ccf14d003878b2eb3c0dbb0e24ca4568e84107","77b1e84eab0017463ad9c587e4ccf14d003878b2eb3c0dbb0e24ca4568e84107","77b1e84eab0017463ad9c587e4ccf14d003878b2eb3c0dbb0e24ca4568e84107","quarantined","SCHEMA_REQUIRED_FIELD_MISSING","Required field 'units' is missing: {""action_taken"": ""quarantine_original_record"", ""actual_python_type"": ""NoneType"", ""actual_value_preview"": ""None"", ""coercion_policy"": ""default"", ""empty_as_missing"": null, ""expected_logical_type"": ""string"", ""expected_physical_type"": ""str"", ""field"": ""units"", ""nullable"": false, ""optional"": false, ""optional_sources"": [""silver_required_fields""], ""policy_stage"": ""structural"", ""reason_code"": ""required_field_missing"", ""shadow_comparison"": ""structural_reject_silver_filter_reject"", ""silver_filter_shadow_reason_code"": ""required_field_missing""}","","silver","type","","","quarantine","2026-06-02T11:19:01.624981+00:00","{""action_type"": null, ""activity_comment"": null, ""activity_id"": 33447, ""activity_properties"": [], ""assay_chembl_id"": ""CHEMBL616880"", ""assay_description"": ""In vitro binding affinity at human cloned 5-hydroxytryptamine 2A receptor of HEK293 cells by [3H]ketanserin displacement."", ""assay_type"": ""B"", ""assay_variant_accession"": null, ""assay_variant_mutation"": null, ""bao_endpoint"": ""BAO_0000192"", ""bao_format"": ""BAO_0000219"", ""bao_label"": ""cell-based format"", ""canonical_smiles"": ""Cc1cc2c(cc1C(F)(F)F)N(C(=O)Nc1ccc(OCc3cncn3C)nc1)CC2"", ""data_validity_comment"": null, ""data_validity_description"": null, ""document_chembl_id"": ""CHEMBL1133278"", ""document_journal"": ""Bioorg Med Chem Lett"", ""document_year"": 2000, ""ligand_efficiency"": {""bei"": ""16.23"", ""le"": ""0.31"", ""lle"": ""2.68"", ""sei"": ""9.68""}, ""modality"": null, ""molecule_chembl_id"": ""CHEMBL55969"", ""molecule_pref_name"": null, ""parent_molecule_chembl_id"": ""CHEMBL55969"", ""pchembl_value"": ""7.00"", ""potential_duplicate"": 0, ""qudt_units"": ""http://www.openphacts.org/units/Nanomolar"", ""record_id"": 93119, ""relation"": ""="", ""src_id"": 1, ""standard_flag"": 1, ""standard_relation"": ""="", ""standard_text_value"": null, ""standard_type"": ""Ki"", ""standard_units"": ""nM"", ""standard_upper_value"": null, ""standard_value"": ""100.0"", ""target_chembl_id"": ""CHEMBL224"", ""target_organism"": ""Homo sapiens"", ""target_pref_name"": ""5-hydroxytryptamine receptor 2A"", ""target_tax_id"": ""9606"", ""text_value"": null, ""toid"": null, ""type"": ""Log Ki"", ""units"": null, ""uo_units"": ""UO_0000065"", ""upper_value"": null, ""value"": ""-7.0""}","{""action_type"": null, ""activity_comment"": null, ""activity_id"": 33447, ""activity_properties"": [], ""assay_chembl_id"": ""CHEMBL616880"", ""assay_description"": ""In vitro binding affinity at human cloned 5-hydroxytryptamine 2A receptor of HEK293 cells by [3H]ketanserin displacement."", ""assay_type"": ""B"", ""assay_variant_accession"": null, ""assay_variant_mutation"": null, ""bao_endpoint"": ""BAO_0000192"", ""bao_format"": ""BAO_0000219"", ""bao_label"": ""cell-based format"", ""canonical_smiles"": ""Cc1cc2c(cc1C(F)(F)F)N(C(=O)Nc1ccc(OCc3cncn3C)nc1)CC2"", ""data_validity_comment"": null, ""data_validity_description"": null, ""document_chembl_id"": ""CHEMBL1133278"", ""document_journal"": ""Bioorg Med Chem Lett"", ""document_year"": 2000, ""ligand_efficiency"": {""bei"": ""16.23"", ""le"": ""0.31"", ""lle"": ""2.68"", ""sei"": ""9.68""}, ""modality"": null, ""molecule_chembl_id"": ""CHEMBL55969"", ""molecule_pref_name"": null, ""parent_molecule_chembl_id"": ""CHEMBL55969"", ""pchembl_value"": ""7.00"", ""potential_duplicate"": 0, ""qudt_units"": ""http://www.openphacts.org/units/Nanomolar"", ""record_id"": 93119, ""relation"": ""="", ""src_id"": 1, ""standard_flag"": 1, ""standard_relation"": ""="", ""standard_text_value"": null, ""standard_type"": ""Ki"", ""standard_units"": ""nM"", ""standard_upper_value"": null, ""standard_value"": ""100.0"", ""target_chembl_id"": ""CHEMBL224"", ""target_organism"": ""Homo sapiens"", ""target_pref_name"": ""5-hydroxytryptamine receptor 2A"", ""target_tax_id"": ""9606"", ""text_value"": null, ""toid"": null, ""type"": ""Log Ki"", ""units"": null, ""uo_units"": ""UO_0000065"", ""upper_value"": null, ""value"": ""-7.0""}"
"c1d6d891-f698-4732-9ffc-24f94bd3dfcf","chembl_activity","chembl_activity","chembl","silver","365","33448","33448","1276cd2b5a76a62b880cc885e0494c2951dc5f5d173b4c2c71819686154193f7","1276cd2b5a76a62b880cc885e0494c2951dc5f5d173b4c2c71819686154193f7","1276cd2b5a76a62b880cc885e0494c2951dc5f5d173b4c2c71819686154193f7","quarantined","SCHEMA_REQUIRED_FIELD_MISSING","Required field 'units' is missing: {""action_taken"": ""quarantine_original_record"", ""actual_python_type"": ""NoneType"", ""actual_value_preview"": ""None"", ""coercion_policy"": ""default"", ""empty_as_missing"": null, ""expected_logical_type"": ""string"", ""expected_physical_type"": ""str"", ""field"": ""units"", ""nullable"": false, ""optional"": false, ""optional_sources"": [""silver_required_fields""], ""policy_stage"": ""structural"", ""reason_code"": ""required_field_missing"", ""shadow_comparison"": ""structural_reject_silver_filter_reject"", ""silver_filter_shadow_reason_code"": ""required_field_missing""}","","silver","type","","","quarantine","2026-06-02T11:19:01.627501+00:00","{""action_type"": null, ""activity_comment"": null, ""activity_id"": 33448, ""activity_properties"": [], ""assay_chembl_id"": ""CHEMBL617787"", ""assay_description"": ""In vitro binding affinity at human cloned 5-hydroxytryptamine 2B receptor of HEK293 cells by [3H]5-HT displacement."", ""assay_type"": ""B"", ""assay_variant_accession"": null, ""assay_variant_mutation"": null, ""bao_endpoint"": ""BAO_0000192"", ""bao_format"": ""BAO_0000219"", ""bao_label"": ""cell-based format"", ""canonical_smiles"": ""Cc1cc2c(cc1C(F)(F)F)N(C(=O)Nc1ccc(OCc3cncn3C)nc1)CC2"", ""data_validity_comment"": null, ""data_validity_description"": null, ""document_chembl_id"": ""CHEMBL1133278"", ""document_journal"": ""Bioorg Med Chem Lett"", ""document_year"": 2000, ""ligand_efficiency"": {""bei"": ""19.01"", ""le"": ""0.36"", ""lle"": ""3.88"", ""sei"": ""11.34""}, ""modality"": null, ""molecule_chembl_id"": ""CHEMBL55969"", ""molecule_pref_name"": null, ""parent_molecule_chembl_id"": ""CHEMBL55969"", ""pchembl_value"": ""8.20"", ""potential_duplicate"": 0, ""qudt_units"": ""http://www.openphacts.org/units/Nanomolar"", ""record_id"": 93119, ""relation"": ""="", ""src_id"": 1, ""standard_flag"": 1, ""standard_relation"": ""="", ""standard_text_value"": null, ""standard_type"": ""Ki"", ""standard_units"": ""nM"", ""standard_upper_value"": null, ""standard_value"": ""6.31"", ""target_chembl_id"": ""CHEMBL1833"", ""target_organism"": ""Homo sapiens"", ""target_pref_name"": ""5-hydroxytryptamine receptor 2B"", ""target_tax_id"": ""9606"", ""text_value"": null, ""toid"": null, ""type"": ""Log Ki"", ""units"": null, ""uo_units"": ""UO_0000065"", ""upper_value"": null, ""value"": ""-8.2""}","{""action_type"": null, ""activity_comment"": null, ""activity_id"": 33448, ""activity_properties"": [], ""assay_chembl_id"": ""CHEMBL617787"", ""assay_description"": ""In vitro binding affinity at human cloned 5-hydroxytryptamine 2B receptor of HEK293 cells by [3H]5-HT displacement."", ""assay_type"": ""B"", ""assay_variant_accession"": null, ""assay_variant_mutation"": null, ""bao_endpoint"": ""BAO_0000192"", ""bao_format"": ""BAO_0000219"", ""bao_label"": ""cell-based format"", ""canonical_smiles"": ""Cc1cc2c(cc1C(F)(F)F)N(C(=O)Nc1ccc(OCc3cncn3C)nc1)CC2"", ""data_validity_comment"": null, ""data_validity_description"": null, ""document_chembl_id"": ""CHEMBL1133278"", ""document_journal"": ""Bioorg Med Chem Lett"", ""document_year"": 2000, ""ligand_efficiency"": {""bei"": ""19.01"", ""le"": ""0.36"", ""lle"": ""3.88"", ""sei"": ""11.34""}, ""modality"": null, ""molecule_chembl_id"": ""CHEMBL55969"", ""molecule_pref_name"": null, ""parent_molecule_chembl_id"": ""CHEMBL55969"", ""pchembl_value"": ""8.20"", ""potential_duplicate"": 0, ""qudt_units"": ""http://www.openphacts.org/units/Nanomolar"", ""record_id"": 93119, ""relation"": ""="", ""src_id"": 1, ""standard_flag"": 1, ""standard_relation"": ""="", ""standard_text_value"": null, ""standard_type"": ""Ki"", ""standard_units"": ""nM"", ""standard_upper_value"": null, ""standard_value"": ""6.31"", ""target_chembl_id"": ""CHEMBL1833"", ""target_organism"": ""Homo sapiens"", ""target_pref_name"": ""5-hydroxytryptamine receptor 2B"", ""target_tax_id"": ""9606"", ""text_value"": null, ""toid"": null, ""type"": ""Log Ki"", ""units"": null, ""uo_units"": ""UO_0000065"", ""upper_value"": null, ""value"": ""-8.2""}"
"c1d6d891-f698-4732-9ffc-24f94bd3dfcf","chembl_activity","chembl_activity","chembl","silver","369","33462","33462","bef1d709ab1e49544eddd61eefe5d470218083336b52918c813612da84062e43","bef1d709ab1e49544eddd61eefe5d470218083336b52918c813612da84062e43","bef1d709ab1e49544eddd61eefe5d470218083336b52918c813612da84062e43","quarantined","SCHEMA_REQUIRED_FIELD_MISSING","Required field 'units' is missing: {""action_taken"": ""quarantine_original_record"", ""actual_python_type"": ""NoneType"", ""actual_value_preview"": ""None"", ""coercion_policy"": ""default"", ""empty_as_missing"": null, ""expected_logical_type"": ""string"", ""expected_physical_type"": ""str"", ""field"": ""units"", ""nullable"": false, ""optional"": false, ""optional_sources"": [""silver_required_fields""], ""policy_stage"": ""structural"", ""reason_code"": ""required_field_missing"", ""shadow_comparison"": ""structural_reject_silver_filter_reject"", ""silver_filter_shadow_reason_code"": ""required_field_missing""}","","silver","type","","","quarantine","2026-06-02T11:19:01.635998+00:00","{""action_type"": null, ""activity_comment"": null, ""activity_id"": 33462, ""activity_properties"": [], ""assay_chembl_id"": ""CHEMBL617758"", ""assay_description"": ""In vitro binding affinity at human cloned 5-hydroxytryptamine 2C receptor of HEK293 cells by [3H]mesulergine displacement."", ""assay_type"": ""B"", ""assay_variant_accession"": null, ""assay_variant_mutation"": null, ""bao_endpoint"": ""BAO_0000192"", ""bao_format"": ""BAO_0000219"", ""bao_label"": ""cell-based format"", ""canonical_smiles"": ""Cc1cccc(COc2ccc(NC(=O)N3CCc4cc(C)c(C(F)(F)F)cc43)cn2)n1"", ""data_validity_comment"": null, ""data_validity_description"": null, ""document_chembl_id"": ""CHEMBL1133278"", ""document_journal"": ""Bioorg Med Chem Lett"", ""document_year"": 2000, ""ligand_efficiency"": {""bei"": ""18.53"", ""le"": ""0.35"", ""lle"": ""2.91"", ""sei"": ""12.18""}, ""modality"": null, ""molecule_chembl_id"": ""CHEMBL53939"", ""molecule_pref_name"": null, ""parent_molecule_chembl_id"": ""CHEMBL53939"", ""pchembl_value"": ""8.20"", ""potential_duplicate"": 0, ""qudt_units"": ""http://www.openphacts.org/units/Nanomolar"", ""record_id"": 93124, ""relation"": ""="", ""src_id"": 1, ""standard_flag"": 1, ""standard_relation"": ""="", ""standard_text_value"": null, ""standard_type"": ""Ki"", ""standard_units"": ""nM"", ""standard_upper_value"": null, ""standard_value"": ""6.31"", ""target_chembl_id"": ""CHEMBL225"", ""target_organism"": ""Homo sapiens"", ""target_pref_name"": ""5-hydroxytryptamine receptor 2C"", ""target_tax_id"": ""9606"", ""text_value"": null, ""toid"": null, ""type"": ""Log Ki"", ""units"": null, ""uo_units"": ""UO_0000065"", ""upper_value"": null, ""value"": ""-8.2""}","{""action_type"": null, ""activity_comment"": null, ""activity_id"": 33462, ""activity_properties"": [], ""assay_chembl_id"": ""CHEMBL617758"", ""assay_description"": ""In vitro binding affinity at human cloned 5-hydroxytryptamine 2C receptor of HEK293 cells by [3H]mesulergine displacement."", ""assay_type"": ""B"", ""assay_variant_accession"": null, ""assay_variant_mutation"": null, ""bao_endpoint"": ""BAO_0000192"", ""bao_format"": ""BAO_0000219"", ""bao_label"": ""cell-based format"", ""canonical_smiles"": ""Cc1cccc(COc2ccc(NC(=O)N3CCc4cc(C)c(C(F)(F)F)cc43)cn2)n1"", ""data_validity_comment"": null, ""data_validity_description"": null, ""document_chembl_id"": ""CHEMBL1133278"", ""document_journal"": ""Bioorg Med Chem Lett"", ""document_year"": 2000, ""ligand_efficiency"": {""bei"": ""18.53"", ""le"": ""0.35"", ""lle"": ""2.91"", ""sei"": ""12.18""}, ""modality"": null, ""molecule_chembl_id"": ""CHEMBL53939"", ""molecule_pref_name"": null, ""parent_molecule_chembl_id"": ""CHEMBL53939"", ""pchembl_value"": ""8.20"", ""potential_duplicate"": 0, ""qudt_units"": ""http://www.openphacts.org/units/Nanomolar"", ""record_id"": 93124, ""relation"": ""="", ""src_id"": 1, ""standard_flag"": 1, ""standard_relation"": ""="", ""standard_text_value"": null, ""standard_type"": ""Ki"", ""standard_units"": ""nM"", ""standard_upper_value"": null, ""standard_value"": ""6.31"", ""target_chembl_id"": ""CHEMBL225"", ""target_organism"": ""Homo sapiens"", ""target_pref_name"": ""5-hydroxytryptamine receptor 2C"", ""target_tax_id"": ""9606"", ""text_value"": null, ""toid"": null, ""type"": ""Log Ki"", ""units"": null, ""uo_units"": ""UO_0000065"", ""upper_value"": null, ""value"": ""-8.2""}"
"c1d6d891-f698-4732-9ffc-24f94bd3dfcf","chembl_activity","chembl_activity","chembl","silver","370","33463","33463","6644e4c4b992aca5743ea6517075d8518de357d3f0438fe4e0b184a0deec1c7d","6644e4c4b992aca5743ea6517075d8518de357d3f0438fe4e0b184a0deec1c7d","6644e4c4b992aca5743ea6517075d8518de357d3f0438fe4e0b184a0deec1c7d","quarantined","SCHEMA_REQUIRED_FIELD_MISSING","Required field 'units' is missing: {""action_taken"": ""quarantine_original_record"", ""actual_python_type"": ""NoneType"", ""actual_value_preview"": ""None"", ""coercion_policy"": ""default"", ""empty_as_missing"": null, ""expected_logical_type"": ""string"", ""expected_physical_type"": ""str"", ""field"": ""units"", ""nullable"": false, ""optional"": false, ""optional_sources"": [""silver_required_fields""], ""policy_stage"": ""structural"", ""reason_code"": ""required_field_missing"", ""shadow_comparison"": ""structural_reject_silver_filter_reject"", ""silver_filter_shadow_reason_code"": ""required_field_missing""}","","silver","type","","","quarantine","2026-06-02T11:19:01.638000+00:00","{""action_type"": null, ""activity_comment"": null, ""activity_id"": 33463, ""activity_properties"": [], ""assay_chembl_id"": ""CHEMBL616880"", ""assay_description"": ""In vitro binding affinity at human cloned 5-hydroxytryptamine 2A receptor of HEK293 cells by [3H]ketanserin displacement."", ""assay_type"": ""B"", ""assay_variant_accession"": null, ""assay_variant_mutation"": null, ""bao_endpoint"": ""BAO_0000192"", ""bao_format"": ""BAO_0000219"", ""bao_label"": ""cell-based format"", ""canonical_smiles"": ""Cc1cccc(COc2ccc(NC(=O)N3CCc4cc(C)c(C(F)(F)F)cc43)cn2)n1"", ""data_validity_comment"": null, ""data_validity_description"": null, ""document_chembl_id"": ""CHEMBL1133278"", ""document_journal"": ""Bioorg Med Chem Lett"", ""document_year"": 2000, ""ligand_efficiency"": {""bei"": ""13.56"", ""le"": ""0.26"", ""lle"": ""0.71"", ""sei"": ""8.91""}, ""modality"": null, ""molecule_chembl_id"": ""CHEMBL53939"", ""molecule_pref_name"": null, ""parent_molecule_chembl_id"": ""CHEMBL53939"", ""pchembl_value"": ""6.00"", ""potential_duplicate"": 0, ""qudt_units"": ""http://www.openphacts.org/units/Nanomolar"", ""record_id"": 93124, ""relation"": ""="", ""src_id"": 1, ""standard_flag"": 1, ""standard_relation"": ""="", ""standard_text_value"": null, ""standard_type"": ""Ki"", ""standard_units"": ""nM"", ""standard_upper_value"": null, ""standard_value"": ""1000.0"", ""target_chembl_id"": ""CHEMBL224"", ""target_organism"": ""Homo sapiens"", ""target_pref_name"": ""5-hydroxytryptamine receptor 2A"", ""target_tax_id"": ""9606"", ""text_value"": null, ""toid"": null, ""type"": ""Log Ki"", ""units"": null, ""uo_units"": ""UO_0000065"", ""upper_value"": null, ""value"": ""-6.0""}","{""action_type"": null, ""activity_comment"": null, ""activity_id"": 33463, ""activity_properties"": [], ""assay_chembl_id"": ""CHEMBL616880"", ""assay_description"": ""In vitro binding affinity at human cloned 5-hydroxytryptamine 2A receptor of HEK293 cells by [3H]ketanserin displacement."", ""assay_type"": ""B"", ""assay_variant_accession"": null, ""assay_variant_mutation"": null, ""bao_endpoint"": ""BAO_0000192"", ""bao_format"": ""BAO_0000219"", ""bao_label"": ""cell-based format"", ""canonical_smiles"": ""Cc1cccc(COc2ccc(NC(=O)N3CCc4cc(C)c(C(F)(F)F)cc43)cn2)n1"", ""data_validity_comment"": null, ""data_validity_description"": null, ""document_chembl_id"": ""CHEMBL1133278"", ""document_journal"": ""Bioorg Med Chem Lett"", ""document_year"": 2000, ""ligand_efficiency"": {""bei"": ""13.56"", ""le"": ""0.26"", ""lle"": ""0.71"", ""sei"": ""8.91""}, ""modality"": null, ""molecule_chembl_id"": ""CHEMBL53939"", ""molecule_pref_name"": null, ""parent_molecule_chembl_id"": ""CHEMBL53939"", ""pchembl_value"": ""6.00"", ""potential_duplicate"": 0, ""qudt_units"": ""http://www.openphacts.org/units/Nanomolar"", ""record_id"": 93124, ""relation"": ""="", ""src_id"": 1, ""standard_flag"": 1, ""standard_relation"": ""="", ""standard_text_value"": null, ""standard_type"": ""Ki"", ""standard_units"": ""nM"", ""standard_upper_value"": null, ""standard_value"": ""1000.0"", ""target_chembl_id"": ""CHEMBL224"", ""target_organism"": ""Homo sapiens"", ""target_pref_name"": ""5-hydroxytryptamine receptor 2A"", ""target_tax_id"": ""9606"", ""text_value"": null, ""toid"": null, ""type"": ""Log Ki"", ""units"": null, ""uo_units"": ""UO_0000065"", ""upper_value"": null, ""value"": ""-6.0""}"
"c1d6d891-f698-4732-9ffc-24f94bd3dfcf","chembl_activity","chembl_activity","chembl","silver","371","33464","33464","cb30631c2c5b1fc3dd494d35db771772c3b1ff41e00b28bbbe0a8f0772ad1756","cb30631c2c5b1fc3dd494d35db771772c3b1ff41e00b28bbbe0a8f0772ad1756","cb30631c2c5b1fc3dd494d35db771772c3b1ff41e00b28bbbe0a8f0772ad1756","quarantined","SCHEMA_REQUIRED_FIELD_MISSING","Required field 'units' is missing: {""action_taken"": ""quarantine_original_record"", ""actual_python_type"": ""NoneType"", ""actual_value_preview"": ""None"", ""coercion_policy"": ""default"", ""empty_as_missing"": null, ""expected_logical_type"": ""string"", ""expected_physical_type"": ""str"", ""field"": ""units"", ""nullable"": false, ""optional"": false, ""optional_sources"": [""silver_required_fields""], ""policy_stage"": ""structural"", ""reason_code"": ""required_field_missing"", ""shadow_comparison"": ""structural_reject_silver_filter_reject"", ""silver_filter_shadow_reason_code"": ""required_field_missing""}","","silver","type","","","quarantine","2026-06-02T11:19:01.640216+00:00","{""action_type"": null, ""activity_comment"": null, ""activity_id"": 33464, ""activity_properties"": [], ""assay_chembl_id"": ""CHEMBL617787"", ""assay_description"": ""In vitro binding affinity at human cloned 5-hydroxytryptamine 2B receptor of HEK293 cells by [3H]5-HT displacement."", ""assay_type"": ""B"", ""assay_variant_accession"": null, ""assay_variant_mutation"": null, ""bao_endpoint"": ""BAO_0000192"", ""bao_format"": ""BAO_0000219"", ""bao_label"": ""cell-based format"", ""canonical_smiles"": ""Cc1cccc(COc2ccc(NC(=O)N3CCc4cc(C)c(C(F)(F)F)cc43)cn2)n1"", ""data_validity_comment"": null, ""data_validity_description"": null, ""document_chembl_id"": ""CHEMBL1133278"", ""document_journal"": ""Bioorg Med Chem Lett"", ""document_year"": 2000, ""ligand_efficiency"": {""bei"": ""17.18"", ""le"": ""0.32"", ""lle"": ""2.31"", ""sei"": ""11.28""}, ""modality"": null, ""molecule_chembl_id"": ""CHEMBL53939"", ""molecule_pref_name"": null, ""parent_molecule_chembl_id"": ""CHEMBL53939"", ""pchembl_value"": ""7.60"", ""potential_duplicate"": 0, ""qudt_units"": ""http://www.openphacts.org/units/Nanomolar"", ""record_id"": 93124, ""relation"": ""="", ""src_id"": 1, ""standard_flag"": 1, ""standard_relation"": ""="", ""standard_text_value"": null, ""standard_type"": ""Ki"", ""standard_units"": ""nM"", ""standard_upper_value"": null, ""standard_value"": ""25.12"", ""target_chembl_id"": ""CHEMBL1833"", ""target_organism"": ""Homo sapiens"", ""target_pref_name"": ""5-hydroxytryptamine receptor 2B"", ""target_tax_id"": ""9606"", ""text_value"": null, ""toid"": null, ""type"": ""Log Ki"", ""units"": null, ""uo_units"": ""UO_0000065"", ""upper_value"": null, ""value"": ""-7.6""}","{""action_type"": null, ""activity_comment"": null, ""activity_id"": 33464, ""activity_properties"": [], ""assay_chembl_id"": ""CHEMBL617787"", ""assay_description"": ""In vitro binding affinity at human cloned 5-hydroxytryptamine 2B receptor of HEK293 cells by [3H]5-HT displacement."", ""assay_type"": ""B"", ""assay_variant_accession"": null, ""assay_variant_mutation"": null, ""bao_endpoint"": ""BAO_0000192"", ""bao_format"": ""BAO_0000219"", ""bao_label"": ""cell-based format"", ""canonical_smiles"": ""Cc1cccc(COc2ccc(NC(=O)N3CCc4cc(C)c(C(F)(F)F)cc43)cn2)n1"", ""data_validity_comment"": null, ""data_validity_description"": null, ""document_chembl_id"": ""CHEMBL1133278"", ""document_journal"": ""Bioorg Med Chem Lett"", ""document_year"": 2000, ""ligand_efficiency"": {""bei"": ""17.18"", ""le"": ""0.32"", ""lle"": ""2.31"", ""sei"": ""11.28""}, ""modality"": null, ""molecule_chembl_id"": ""CHEMBL53939"", ""molecule_pref_name"": null, ""parent_molecule_chembl_id"": ""CHEMBL53939"", ""pchembl_value"": ""7.60"", ""potential_duplicate"": 0, ""qudt_units"": ""http://www.openphacts.org/units/Nanomolar"", ""record_id"": 93124, ""relation"": ""="", ""src_id"": 1, ""standard_flag"": 1, ""standard_relation"": ""="", ""standard_text_value"": null, ""standard_type"": ""Ki"", ""standard_units"": ""nM"", ""standard_upper_value"": null, ""standard_value"": ""25.12"", ""target_chembl_id"": ""CHEMBL1833"", ""target_organism"": ""Homo sapiens"", ""target_pref_name"": ""5-hydroxytryptamine receptor 2B"", ""target_tax_id"": ""9606"", ""text_value"": null, ""toid"": null, ""type"": ""Log Ki"", ""units"": null, ""uo_units"": ""UO_0000065"", ""upper_value"": null, ""value"": ""-7.6""}"
"c1d6d891-f698-4732-9ffc-24f94bd3dfcf","chembl_activity","chembl_activity","chembl","silver","378","33480","33480","df0582a0e872f90e7ba453ac8edef244bc6fa4ad20b4f338e4e7f4f62b855cae","df0582a0e872f90e7ba453ac8edef244bc6fa4ad20b4f338e4e7f4f62b855cae","df0582a0e872f90e7ba453ac8edef244bc6fa4ad20b4f338e4e7f4f62b855cae","quarantined","SCHEMA_REQUIRED_FIELD_MISSING","Required field 'canonical_smiles' is missing: {""action_taken"": ""quarantine_original_record"", ""actual_python_type"": ""NoneType"", ""actual_value_preview"": ""None"", ""coercion_policy"": ""default"", ""empty_as_missing"": null, ""expected_logical_type"": ""string"", ""expected_physical_type"": ""str"", ""field"": ""canonical_smiles"", ""nullable"": false, ""optional"": false, ""optional_sources"": [""silver_required_fields""], ""policy_stage"": ""structural"", ""reason_code"": ""required_field_missing"", ""shadow_comparison"": ""structural_reject_silver_filter_reject"", ""silver_filter_shadow_reason_code"": ""required_field_missing""}","","silver","canonical_smiles","","","quarantine","2026-06-02T11:19:01.657948+00:00","{""action_type"": null, ""activity_comment"": null, ""activity_id"": 33480, ""activity_properties"": [], ""assay_chembl_id"": ""CHEMBL764090"", ""assay_description"": ""Growth inhibition of chloroquine-resistant Plasmodium falciparum K1 by [3H]hypoxanthine uptake"", ""assay_type"": ""F"", ""assay_variant_accession"": null, ""assay_variant_mutation"": null, ""bao_endpoint"": ""BAO_0000190"", ""bao_format"": ""BAO_0000218"", ""bao_label"": ""organism-based format"", ""canonical_smiles"": null, ""data_validity_comment"": null, ""data_validity_description"": null, ""document_chembl_id"": ""CHEMBL1134883"", ""document_journal"": ""Bioorg Med Chem Lett"", ""document_year"": 2002, ""ligand_efficiency"": null, ""modality"": null, ""molecule_chembl_id"": ""CHEMBL312787"", ""molecule_pref_name"": ""1-(2,3,4-Trimethoxyphenyl)-3-ferrocenyl-2-propen-1-one"", ""parent_molecule_chembl_id"": ""CHEMBL312787"", ""pchembl_value"": ""4.65"", ""potential_duplicate"": 0, ""qudt_units"": ""http://www.openphacts.org/units/Nanomolar"", ""record_id"": 133130, ""relation"": ""="", ""src_id"": 1, ""standard_flag"": 1, ""standard_relation"": ""="", ""standard_text_value"": null, ""standard_type"": ""IC50"", ""standard_units"": ""nM"", ""standard_upper_value"": null, ""standard_value"": ""22500.0"", ""target_chembl_id"": ""CHEMBL364"", ""target_organism"": ""Plasmodium falciparum"", ""target_pref_name"": ""Plasmodium falciparum"", ""target_tax_id"": ""5833"", ""text_value"": null, ""toid"": null, ""type"": ""IC50"", ""units"": ""uM"", ""uo_units"": ""UO_0000065"", ""upper_value"": null, ""value"": ""22.5""}","{""action_type"": null, ""activity_comment"": null, ""activity_id"": 33480, ""activity_properties"": [], ""assay_chembl_id"": ""CHEMBL764090"", ""assay_description"": ""Growth inhibition of chloroquine-resistant Plasmodium falciparum K1 by [3H]hypoxanthine uptake"", ""assay_type"": ""F"", ""assay_variant_accession"": null, ""assay_variant_mutation"": null, ""bao_endpoint"": ""BAO_0000190"", ""bao_format"": ""BAO_0000218"", ""bao_label"": ""organism-based format"", ""canonical_smiles"": null, ""data_validity_comment"": null, ""data_validity_description"": null, ""document_chembl_id"": ""CHEMBL1134883"", ""document_journal"": ""Bioorg Med Chem Lett"", ""document_year"": 2002, ""ligand_efficiency"": null, ""modality"": null, ""molecule_chembl_id"": ""CHEMBL312787"", ""molecule_pref_name"": ""1-(2,3,4-Trimethoxyphenyl)-3-ferrocenyl-2-propen-1-one"", ""parent_molecule_chembl_id"": ""CHEMBL312787"", ""pchembl_value"": ""4.65"", ""potential_duplicate"": 0, ""qudt_units"": ""http://www.openphacts.org/units/Nanomolar"", ""record_id"": 133130, ""relation"": ""="", ""src_id"": 1, ""standard_flag"": 1, ""standard_relation"": ""="", ""standard_text_value"": null, ""standard_type"": ""IC50"", ""standard_units"": ""nM"", ""standard_upper_value"": null, ""standard_value"": ""22500.0"", ""target_chembl_id"": ""CHEMBL364"", ""target_organism"": ""Plasmodium falciparum"", ""target_pref_name"": ""Plasmodium falciparum"", ""target_tax_id"": ""5833"", ""text_value"": null, ""toid"": null, ""type"": ""IC50"", ""units"": ""uM"", ""uo_units"": ""UO_0000065"", ""upper_value"": null, ""value"": ""22.5""}"
"c1d6d891-f698-4732-9ffc-24f94bd3dfcf","chembl_activity","chembl_activity","chembl","silver","379","33486","33486","01954a7d25152442fe7261ee2fd85e17b8e64eae17ad6846f5313e8d94d161b1","01954a7d25152442fe7261ee2fd85e17b8e64eae17ad6846f5313e8d94d161b1","01954a7d25152442fe7261ee2fd85e17b8e64eae17ad6846f5313e8d94d161b1","quarantined","SCHEMA_REQUIRED_FIELD_MISSING","Required field 'units' is missing: {""action_taken"": ""quarantine_original_record"", ""actual_python_type"": ""NoneType"", ""actual_value_preview"": ""None"", ""coercion_policy"": ""default"", ""empty_as_missing"": null, ""expected_logical_type"": ""string"", ""expected_physical_type"": ""str"", ""field"": ""units"", ""nullable"": false, ""optional"": false, ""optional_sources"": [""silver_required_fields""], ""policy_stage"": ""structural"", ""reason_code"": ""required_field_missing"", ""shadow_comparison"": ""structural_reject_silver_filter_reject"", ""silver_filter_shadow_reason_code"": ""required_field_missing""}","","silver","type","","","quarantine","2026-06-02T11:19:01.659949+00:00","{""action_type"": null, ""activity_comment"": null, ""activity_id"": 33486, ""activity_properties"": [], ""assay_chembl_id"": ""CHEMBL814482"", ""assay_description"": ""Affinity for human Tachykinin receptor 1 expressed in CHO cells"", ""assay_type"": ""B"", ""assay_variant_accession"": null, ""assay_variant_mutation"": null, ""bao_endpoint"": ""BAO_0000192"", ""bao_format"": ""BAO_0000219"", ""bao_label"": ""cell-based format"", ""canonical_smiles"": ""N#Cc1cccc(CN2CCC3(CC2)NC(=O)N(Cc2cc(C(F)(F)F)cc(C(F)(F)F)c2)C3=O)c1"", ""data_validity_comment"": null, ""data_validity_description"": null, ""document_chembl_id"": ""CHEMBL1135316"", ""document_journal"": ""Bioorg Med Chem Lett"", ""document_year"": 2002, ""ligand_efficiency"": {""bei"": ""13.65"", ""le"": ""0.26"", ""lle"": ""2.29"", ""sei"": ""9.12""}, ""modality"": null, ""molecule_chembl_id"": ""CHEMBL310521"", ""molecule_pref_name"": null, ""parent_molecule_chembl_id"": ""CHEMBL310521"", ""pchembl_value"": ""6.97"", ""potential_duplicate"": 0, ""qudt_units"": ""http://www.openphacts.org/units/Nanomolar"", ""record_id"": 151428, ""relation"": ""="", ""src_id"": 1, ""standard_flag"": 1, ""standard_relation"": ""="", ""standard_text_value"": null, ""standard_type"": ""Ki"", ""standard_units"": ""nM"", ""standard_upper_value"": null, ""standard_value"": ""107.15"", ""target_chembl_id"": ""CHEMBL249"", ""target_organism"": ""Homo sapiens"", ""target_pref_name"": ""Substance-P receptor"", ""target_tax_id"": ""9606"", ""text_value"": null, ""toid"": null, ""type"": ""Log Ki"", ""units"": null, ""uo_units"": ""UO_0000065"", ""upper_value"": null, ""value"": ""-6.97""}","{""action_type"": null, ""activity_comment"": null, ""activity_id"": 33486, ""activity_properties"": [], ""assay_chembl_id"": ""CHEMBL814482"", ""assay_description"": ""Affinity for human Tachykinin receptor 1 expressed in CHO cells"", ""assay_type"": ""B"", ""assay_variant_accession"": null, ""assay_variant_mutation"": null, ""bao_endpoint"": ""BAO_0000192"", ""bao_format"": ""BAO_0000219"", ""bao_label"": ""cell-based format"", ""canonical_smiles"": ""N#Cc1cccc(CN2CCC3(CC2)NC(=O)N(Cc2cc(C(F)(F)F)cc(C(F)(F)F)c2)C3=O)c1"", ""data_validity_comment"": null, ""data_validity_description"": null, ""document_chembl_id"": ""CHEMBL1135316"", ""document_journal"": ""Bioorg Med Chem Lett"", ""document_year"": 2002, ""ligand_efficiency"": {""bei"": ""13.65"", ""le"": ""0.26"", ""lle"": ""2.29"", ""sei"": ""9.12""}, ""modality"": null, ""molecule_chembl_id"": ""CHEMBL310521"", ""molecule_pref_name"": null, ""parent_molecule_chembl_id"": ""CHEMBL310521"", ""pchembl_value"": ""6.97"", ""potential_duplicate"": 0, ""qudt_units"": ""http://www.openphacts.org/units/Nanomolar"", ""record_id"": 151428, ""relation"": ""="", ""src_id"": 1, ""standard_flag"": 1, ""standard_relation"": ""="", ""standard_text_value"": null, ""standard_type"": ""Ki"", ""standard_units"": ""nM"", ""standard_upper_value"": null, ""standard_value"": ""107.15"", ""target_chembl_id"": ""CHEMBL249"", ""target_organism"": ""Homo sapiens"", ""target_pref_name"": ""Substance-P receptor"", ""target_tax_id"": ""9606"", ""text_value"": null, ""toid"": null, ""type"": ""Log Ki"", ""units"": null, ""uo_units"": ""UO_0000065"", ""upper_value"": null, ""value"": ""-6.97""}"
"c1d6d891-f698-4732-9ffc-24f94bd3dfcf","chembl_activity","chembl_activity","chembl","silver","416","33559","33559","ae5e142d46182b89ee0733505793608092a04058fd74bcb60bf04772878e41c8","ae5e142d46182b89ee0733505793608092a04058fd74bcb60bf04772878e41c8","ae5e142d46182b89ee0733505793608092a04058fd74bcb60bf04772878e41c8","quarantined","SCHEMA_REQUIRED_FIELD_MISSING","Required field 'units' is missing: {""action_taken"": ""quarantine_original_record"", ""actual_python_type"": ""NoneType"", ""actual_value_preview"": ""None"", ""coercion_policy"": ""default"", ""empty_as_missing"": null, ""expected_logical_type"": ""string"", ""expected_physical_type"": ""str"", ""field"": ""units"", ""nullable"": false, ""optional"": false, ""optional_sources"": [""silver_required_fields""], ""policy_stage"": ""structural"", ""reason_code"": ""required_field_missing"", ""shadow_comparison"": ""structural_reject_silver_filter_reject"", ""silver_filter_shadow_reason_code"": ""required_field_missing""}","","silver","type","","","quarantine","2026-06-02T11:19:01.734905+00:00","{""action_type"": null, ""activity_comment"": null, ""activity_id"": 33559, ""activity_properties"": [], ""assay_chembl_id"": ""CHEMBL663203"", ""assay_description"": ""Binding affinity to the leukotriene receptor (LTD4) from guinea pig lung parenchymal membranes assayed using [3H]LTD4 as radioligand"", ""assay_type"": ""B"", ""assay_variant_accession"": null, ""assay_variant_mutation"": null, ""bao_endpoint"": ""BAO_0000192"", ""bao_format"": ""BAO_0000221"", ""bao_label"": ""tissue-based format"", ""canonical_smiles"": ""COc1cc(C(=O)NS(=O)(=O)c2ccccc2C)ccc1Cc1cn(C)c2ccc(C(=O)NC3CCCCC3)cc12"", ""data_validity_comment"": null, ""data_validity_description"": null, ""document_chembl_id"": ""CHEMBL1126589"", ""document_journal"": ""J Med Chem"", ""document_year"": 1993, ""ligand_efficiency"": {""bei"": ""12.20"", ""le"": ""0.23"", ""lle"": ""1.73"", ""sei"": ""6.57""}, ""modality"": null, ""molecule_chembl_id"": ""CHEMBL130985"", ""molecule_pref_name"": null, ""parent_molecule_chembl_id"": ""CHEMBL130985"", ""pchembl_value"": ""7.00"", ""potential_duplicate"": 0, ""qudt_units"": ""http://www.openphacts.org/units/Nanomolar"", ""record_id"": 252014, ""relation"": ""="", ""src_id"": 1, ""standard_flag"": 1, ""standard_relation"": ""="", ""standard_text_value"": null, ""standard_type"": ""Ki"", ""standard_units"": ""nM"", ""standard_upper_value"": null, ""standard_value"": ""100.0"", ""target_chembl_id"": ""CHEMBL5645"", ""target_organism"": ""Cavia porcellus"", ""target_pref_name"": ""Cysteinyl leukotriene receptor 1"", ""target_tax_id"": ""10141"", ""text_value"": null, ""toid"": null, ""type"": ""Log Ki"", ""units"": null, ""uo_units"": ""UO_0000065"", ""upper_value"": null, ""value"": ""-7.0""}","{""action_type"": null, ""activity_comment"": null, ""activity_id"": 33559, ""activity_properties"": [], ""assay_chembl_id"": ""CHEMBL663203"", ""assay_description"": ""Binding affinity to the leukotriene receptor (LTD4) from guinea pig lung parenchymal membranes assayed using [3H]LTD4 as radioligand"", ""assay_type"": ""B"", ""assay_variant_accession"": null, ""assay_variant_mutation"": null, ""bao_endpoint"": ""BAO_0000192"", ""bao_format"": ""BAO_0000221"", ""bao_label"": ""tissue-based format"", ""canonical_smiles"": ""COc1cc(C(=O)NS(=O)(=O)c2ccccc2C)ccc1Cc1cn(C)c2ccc(C(=O)NC3CCCCC3)cc12"", ""data_validity_comment"": null, ""data_validity_description"": null, ""document_chembl_id"": ""CHEMBL1126589"", ""document_journal"": ""J Med Chem"", ""document_year"": 1993, ""ligand_efficiency"": {""bei"": ""12.20"", ""le"": ""0.23"", ""lle"": ""1.73"", ""sei"": ""6.57""}, ""modality"": null, ""molecule_chembl_id"": ""CHEMBL130985"", ""molecule_pref_name"": null, ""parent_molecule_chembl_id"": ""CHEMBL130985"", ""pchembl_value"": ""7.00"", ""potential_duplicate"": 0, ""qudt_units"": ""http://www.openphacts.org/units/Nanomolar"", ""record_id"": 252014, ""relation"": ""="", ""src_id"": 1, ""standard_flag"": 1, ""standard_relation"": ""="", ""standard_text_value"": null, ""standard_type"": ""Ki"", ""standard_units"": ""nM"", ""standard_upper_value"": null, ""standard_value"": ""100.0"", ""target_chembl_id"": ""CHEMBL5645"", ""target_organism"": ""Cavia porcellus"", ""target_pref_name"": ""Cysteinyl leukotriene receptor 1"", ""target_tax_id"": ""10141"", ""text_value"": null, ""toid"": null, ""type"": ""Log Ki"", ""units"": null, ""uo_units"": ""UO_0000065"", ""upper_value"": null, ""value"": ""-7.0""}"
"c1d6d891-f698-4732-9ffc-24f94bd3dfcf","chembl_activity","chembl_activity","chembl","silver","417","33560","33560","0eb917efcde4eab03e756ac246d2ea891c8f47c512633dea936360e528a2c9fb","0eb917efcde4eab03e756ac246d2ea891c8f47c512633dea936360e528a2c9fb","0eb917efcde4eab03e756ac246d2ea891c8f47c512633dea936360e528a2c9fb","quarantined","SCHEMA_REQUIRED_FIELD_MISSING","Required field 'units' is missing: {""action_taken"": ""quarantine_original_record"", ""actual_python_type"": ""NoneType"", ""actual_value_preview"": ""None"", ""coercion_policy"": ""default"", ""empty_as_missing"": null, ""expected_logical_type"": ""string"", ""expected_physical_type"": ""str"", ""field"": ""units"", ""nullable"": false, ""optional"": false, ""optional_sources"": [""silver_required_fields""], ""policy_stage"": ""structural"", ""reason_code"": ""required_field_missing"", ""shadow_comparison"": ""structural_reject_silver_filter_reject"", ""silver_filter_shadow_reason_code"": ""required_field_missing""}","","silver","type","","","quarantine","2026-06-02T11:19:01.736944+00:00","{""action_type"": null, ""activity_comment"": null, ""activity_id"": 33560, ""activity_properties"": [], ""assay_chembl_id"": ""CHEMBL663204"", ""assay_description"": ""Binding affinity against leukotriene receptor (LTD4) from guinea pig lung parenchymal membranes using [3H]LTD4 as radio ligand"", ""assay_type"": ""B"", ""assay_variant_accession"": null, ""assay_variant_mutation"": null, ""bao_endpoint"": ""BAO_0000192"", ""bao_format"": ""BAO_0000221"", ""bao_label"": ""tissue-based format"", ""canonical_smiles"": ""CCCc1cn(Cc2ccc(C(=O)NS(=O)(=O)c3ccccc3)cc2OC)c2cc(C(=O)NCC(CC)CC)ccc12"", ""data_validity_comment"": null, ""data_validity_description"": null, ""document_chembl_id"": ""CHEMBL1126589"", ""document_journal"": ""J Med Chem"", ""document_year"": 1993, ""ligand_efficiency"": {""bei"": ""14.24"", ""le"": ""0.27"", ""lle"": ""2.46"", ""sei"": ""7.89""}, ""modality"": null, ""molecule_chembl_id"": ""CHEMBL337059"", ""molecule_pref_name"": null, ""parent_molecule_chembl_id"": ""CHEMBL337059"", ""pchembl_value"": ""8.40"", ""potential_duplicate"": 0, ""qudt_units"": ""http://www.openphacts.org/units/Nanomolar"", ""record_id"": 252027, ""relation"": ""="", ""src_id"": 1, ""standard_flag"": 1, ""standard_relation"": ""="", ""standard_text_value"": null, ""standard_type"": ""Ki"", ""standard_units"": ""nM"", ""standard_upper_value"": null, ""standard_value"": ""3.981"", ""target_chembl_id"": ""CHEMBL5645"", ""target_organism"": ""Cavia porcellus"", ""target_pref_name"": ""Cysteinyl leukotriene receptor 1"", ""target_tax_id"": ""10141"", ""text_value"": null, ""toid"": null, ""type"": ""Log Ki"", ""units"": null, ""uo_units"": ""UO_0000065"", ""upper_value"": null, ""value"": ""-8.4""}","{""action_type"": null, ""activity_comment"": null, ""activity_id"": 33560, ""activity_properties"": [], ""assay_chembl_id"": ""CHEMBL663204"", ""assay_description"": ""Binding affinity against leukotriene receptor (LTD4) from guinea pig lung parenchymal membranes using [3H]LTD4 as radio ligand"", ""assay_type"": ""B"", ""assay_variant_accession"": null, ""assay_variant_mutation"": null, ""bao_endpoint"": ""BAO_0000192"", ""bao_format"": ""BAO_0000221"", ""bao_label"": ""tissue-based format"", ""canonical_smiles"": ""CCCc1cn(Cc2ccc(C(=O)NS(=O)(=O)c3ccccc3)cc2OC)c2cc(C(=O)NCC(CC)CC)ccc12"", ""data_validity_comment"": null, ""data_validity_description"": null, ""document_chembl_id"": ""CHEMBL1126589"", ""document_journal"": ""J Med Chem"", ""document_year"": 1993, ""ligand_efficiency"": {""bei"": ""14.24"", ""le"": ""0.27"", ""lle"": ""2.46"", ""sei"": ""7.89""}, ""modality"": null, ""molecule_chembl_id"": ""CHEMBL337059"", ""molecule_pref_name"": null, ""parent_molecule_chembl_id"": ""CHEMBL337059"", ""pchembl_value"": ""8.40"", ""potential_duplicate"": 0, ""qudt_units"": ""http://www.openphacts.org/units/Nanomolar"", ""record_id"": 252027, ""relation"": ""="", ""src_id"": 1, ""standard_flag"": 1, ""standard_relation"": ""="", ""standard_text_value"": null, ""standard_type"": ""Ki"", ""standard_units"": ""nM"", ""standard_upper_value"": null, ""standard_value"": ""3.981"", ""target_chembl_id"": ""CHEMBL5645"", ""target_organism"": ""Cavia porcellus"", ""target_pref_name"": ""Cysteinyl leukotriene receptor 1"", ""target_tax_id"": ""10141"", ""text_value"": null, ""toid"": null, ""type"": ""Log Ki"", ""units"": null, ""uo_units"": ""UO_0000065"", ""upper_value"": null, ""value"": ""-8.4""}"
"c1d6d891-f698-4732-9ffc-24f94bd3dfcf","chembl_activity","chembl_activity","chembl","silver","436","33649","33649","7a9f0f1efff427dd3aac25913ebcf658e43c1c41423eff5582dfea07addb8190","7a9f0f1efff427dd3aac25913ebcf658e43c1c41423eff5582dfea07addb8190","7a9f0f1efff427dd3aac25913ebcf658e43c1c41423eff5582dfea07addb8190","quarantined","SCHEMA_REQUIRED_FIELD_MISSING","Required field 'units' is missing: {""action_taken"": ""quarantine_original_record"", ""actual_python_type"": ""NoneType"", ""actual_value_preview"": ""None"", ""coercion_policy"": ""default"", ""empty_as_missing"": null, ""expected_logical_type"": ""string"", ""expected_physical_type"": ""str"", ""field"": ""units"", ""nullable"": false, ""optional"": false, ""optional_sources"": [""silver_required_fields""], ""policy_stage"": ""structural"", ""reason_code"": ""required_field_missing"", ""shadow_comparison"": ""structural_reject_silver_filter_reject"", ""silver_filter_shadow_reason_code"": ""required_field_missing""}","","silver","type","","","quarantine","2026-06-02T11:19:01.790379+00:00","{""action_type"": null, ""activity_comment"": null, ""activity_id"": 33649, ""activity_properties"": [], ""assay_chembl_id"": ""CHEMBL669437"", ""assay_description"": ""Inhibition of dopamine beta hydroxylase"", ""assay_type"": ""B"", ""assay_variant_accession"": null, ""assay_variant_mutation"": null, ""bao_endpoint"": ""BAO_0000190"", ""bao_format"": ""BAO_0000357"", ""bao_label"": ""single protein format"", ""canonical_smiles"": ""COc1ccccc1Cn1cc[nH]c1=S"", ""data_validity_comment"": null, ""data_validity_description"": null, ""document_chembl_id"": ""CHEMBL1128392"", ""document_journal"": ""J Med Chem"", ""document_year"": 1995, ""ligand_efficiency"": {""bei"": ""18.75"", ""le"": ""0.38"", ""lle"": ""1.53"", ""sei"": ""13.79""}, ""modality"": null, ""molecule_chembl_id"": ""CHEMBL294549"", ""molecule_pref_name"": null, ""parent_molecule_chembl_id"": ""CHEMBL294549"", ""pchembl_value"": ""4.13"", ""potential_duplicate"": 0, ""qudt_units"": ""http://www.openphacts.org/units/Nanomolar"", ""record_id"": 114292, ""relation"": ""="", ""src_id"": 1, ""standard_flag"": 1, ""standard_relation"": ""="", ""standard_text_value"": null, ""standard_type"": ""IC50"", ""standard_units"": ""nM"", ""standard_upper_value"": null, ""standard_value"": ""74131.02"", ""target_chembl_id"": ""CHEMBL3102"", ""target_organism"": ""Homo sapiens"", ""target_pref_name"": ""Dopamine beta-hydroxylase"", ""target_tax_id"": ""9606"", ""text_value"": null, ""toid"": null, ""type"": ""-Log IC50"", ""units"": null, ""uo_units"": ""UO_0000065"", ""upper_value"": null, ""value"": ""4.13""}","{""action_type"": null, ""activity_comment"": null, ""activity_id"": 33649, ""activity_properties"": [], ""assay_chembl_id"": ""CHEMBL669437"", ""assay_description"": ""Inhibition of dopamine beta hydroxylase"", ""assay_type"": ""B"", ""assay_variant_accession"": null, ""assay_variant_mutation"": null, ""bao_endpoint"": ""BAO_0000190"", ""bao_format"": ""BAO_0000357"", ""bao_label"": ""single protein format"", ""canonical_smiles"": ""COc1ccccc1Cn1cc[nH]c1=S"", ""data_validity_comment"": null, ""data_validity_description"": null, ""document_chembl_id"": ""CHEMBL1128392"", ""document_journal"": ""J Med Chem"", ""document_year"": 1995, ""ligand_efficiency"": {""bei"": ""18.75"", ""le"": ""0.38"", ""lle"": ""1.53"", ""sei"": ""13.79""}, ""modality"": null, ""molecule_chembl_id"": ""CHEMBL294549"", ""molecule_pref_name"": null, ""parent_molecule_chembl_id"": ""CHEMBL294549"", ""pchembl_value"": ""4.13"", ""potential_duplicate"": 0, ""qudt_units"": ""http://www.openphacts.org/units/Nanomolar"", ""record_id"": 114292, ""relation"": ""="", ""src_id"": 1, ""standard_flag"": 1, ""standard_relation"": ""="", ""standard_text_value"": null, ""standard_type"": ""IC50"", ""standard_units"": ""nM"", ""standard_upper_value"": null, ""standard_value"": ""74131.02"", ""target_chembl_id"": ""CHEMBL3102"", ""target_organism"": ""Homo sapiens"", ""target_pref_name"": ""Dopamine beta-hydroxylase"", ""target_tax_id"": ""9606"", ""text_value"": null, ""toid"": null, ""type"": ""-Log IC50"", ""units"": null, ""uo_units"": ""UO_0000065"", ""upper_value"": null, ""value"": ""4.13""}"
"c1d6d891-f698-4732-9ffc-24f94bd3dfcf","chembl_activity","chembl_activity","chembl","silver","437","33650","33650","7b1b7bb066a7540468f22369a843eb7ed7d7868df211220a3803a1894dcf92c5","7b1b7bb066a7540468f22369a843eb7ed7d7868df211220a3803a1894dcf92c5","7b1b7bb066a7540468f22369a843eb7ed7d7868df211220a3803a1894dcf92c5","quarantined","SCHEMA_REQUIRED_FIELD_MISSING","Required field 'units' is missing: {""action_taken"": ""quarantine_original_record"", ""actual_python_type"": ""NoneType"", ""actual_value_preview"": ""None"", ""coercion_policy"": ""default"", ""empty_as_missing"": null, ""expected_logical_type"": ""string"", ""expected_physical_type"": ""str"", ""field"": ""units"", ""nullable"": false, ""optional"": false, ""optional_sources"": [""silver_required_fields""], ""policy_stage"": ""structural"", ""reason_code"": ""required_field_missing"", ""shadow_comparison"": ""structural_reject_silver_filter_reject"", ""silver_filter_shadow_reason_code"": ""required_field_missing""}","","silver","type","","","quarantine","2026-06-02T11:19:01.793795+00:00","{""action_type"": null, ""activity_comment"": null, ""activity_id"": 33650, ""activity_properties"": [], ""assay_chembl_id"": ""CHEMBL669437"", ""assay_description"": ""Inhibition of dopamine beta hydroxylase"", ""assay_type"": ""B"", ""assay_variant_accession"": null, ""assay_variant_mutation"": null, ""bao_endpoint"": ""BAO_0000190"", ""bao_format"": ""BAO_0000357"", ""bao_label"": ""single protein format"", ""canonical_smiles"": ""S=c1[nH]ccn1Cc1ccc(Cl)cc1Cl"", ""data_validity_comment"": null, ""data_validity_description"": null, ""document_chembl_id"": ""CHEMBL1128392"", ""document_journal"": ""J Med Chem"", ""document_year"": 1995, ""ligand_efficiency"": {""bei"": ""18.41"", ""le"": ""0.43"", ""lle"": ""0.87"", ""sei"": ""23.02""}, ""modality"": null, ""molecule_chembl_id"": ""CHEMBL433288"", ""molecule_pref_name"": null, ""parent_molecule_chembl_id"": ""CHEMBL433288"", ""pchembl_value"": ""4.77"", ""potential_duplicate"": 0, ""qudt_units"": ""http://www.openphacts.org/units/Nanomolar"", ""record_id"": 114314, ""relation"": ""="", ""src_id"": 1, ""standard_flag"": 1, ""standard_relation"": ""="", ""standard_text_value"": null, ""standard_type"": ""IC50"", ""standard_units"": ""nM"", ""standard_upper_value"": null, ""standard_value"": ""16982.44"", ""target_chembl_id"": ""CHEMBL3102"", ""target_organism"": ""Homo sapiens"", ""target_pref_name"": ""Dopamine beta-hydroxylase"", ""target_tax_id"": ""9606"", ""text_value"": null, ""toid"": null, ""type"": ""-Log IC50"", ""units"": null, ""uo_units"": ""UO_0000065"", ""upper_value"": null, ""value"": ""4.77""}","{""action_type"": null, ""activity_comment"": null, ""activity_id"": 33650, ""activity_properties"": [], ""assay_chembl_id"": ""CHEMBL669437"", ""assay_description"": ""Inhibition of dopamine beta hydroxylase"", ""assay_type"": ""B"", ""assay_variant_accession"": null, ""assay_variant_mutation"": null, ""bao_endpoint"": ""BAO_0000190"", ""bao_format"": ""BAO_0000357"", ""bao_label"": ""single protein format"", ""canonical_smiles"": ""S=c1[nH]ccn1Cc1ccc(Cl)cc1Cl"", ""data_validity_comment"": null, ""data_validity_description"": null, ""document_chembl_id"": ""CHEMBL1128392"", ""document_journal"": ""J Med Chem"", ""document_year"": 1995, ""ligand_efficiency"": {""bei"": ""18.41"", ""le"": ""0.43"", ""lle"": ""0.87"", ""sei"": ""23.02""}, ""modality"": null, ""molecule_chembl_id"": ""CHEMBL433288"", ""molecule_pref_name"": null, ""parent_molecule_chembl_id"": ""CHEMBL433288"", ""pchembl_value"": ""4.77"", ""potential_duplicate"": 0, ""qudt_units"": ""http://www.openphacts.org/units/Nanomolar"", ""record_id"": 114314, ""relation"": ""="", ""src_id"": 1, ""standard_flag"": 1, ""standard_relation"": ""="", ""standard_text_value"": null, ""standard_type"": ""IC50"", ""standard_units"": ""nM"", ""standard_upper_value"": null, ""standard_value"": ""16982.44"", ""target_chembl_id"": ""CHEMBL3102"", ""target_organism"": ""Homo sapiens"", ""target_pref_name"": ""Dopamine beta-hydroxylase"", ""target_tax_id"": ""9606"", ""text_value"": null, ""toid"": null, ""type"": ""-Log IC50"", ""units"": null, ""uo_units"": ""UO_0000065"", ""upper_value"": null, ""value"": ""4.77""}"
"c1d6d891-f698-4732-9ffc-24f94bd3dfcf","chembl_activity","chembl_activity","chembl","silver","438","33651","33651","5490a861444e41b321dfd2ace84c2efc20b0898aa40b74d7f5d1aec140615a5a","5490a861444e41b321dfd2ace84c2efc20b0898aa40b74d7f5d1aec140615a5a","5490a861444e41b321dfd2ace84c2efc20b0898aa40b74d7f5d1aec140615a5a","quarantined","SCHEMA_REQUIRED_FIELD_MISSING","Required field 'units' is missing: {""action_taken"": ""quarantine_original_record"", ""actual_python_type"": ""NoneType"", ""actual_value_preview"": ""None"", ""coercion_policy"": ""default"", ""empty_as_missing"": null, ""expected_logical_type"": ""string"", ""expected_physical_type"": ""str"", ""field"": ""units"", ""nullable"": false, ""optional"": false, ""optional_sources"": [""silver_required_fields""], ""policy_stage"": ""structural"", ""reason_code"": ""required_field_missing"", ""shadow_comparison"": ""structural_reject_silver_filter_reject"", ""silver_filter_shadow_reason_code"": ""required_field_missing""}","","silver","type","","","quarantine","2026-06-02T11:19:01.797354+00:00","{""action_type"": null, ""activity_comment"": null, ""activity_id"": 33651, ""activity_properties"": [], ""assay_chembl_id"": ""CHEMBL669437"", ""assay_description"": ""Inhibition of dopamine beta hydroxylase"", ""assay_type"": ""B"", ""assay_variant_accession"": null, ""assay_variant_mutation"": null, ""bao_endpoint"": ""BAO_0000190"", ""bao_format"": ""BAO_0000357"", ""bao_label"": ""single protein format"", ""canonical_smiles"": ""Oc1ccc(Cn2cc[nH]c2=S)cc1O"", ""data_validity_comment"": null, ""data_validity_description"": null, ""document_chembl_id"": ""CHEMBL1128392"", ""document_journal"": ""J Med Chem"", ""document_year"": 1995, ""ligand_efficiency"": {""bei"": ""25.46"", ""le"": ""0.52"", ""lle"": ""3.65"", ""sei"": ""9.25""}, ""modality"": null, ""molecule_chembl_id"": ""CHEMBL67369"", ""molecule_pref_name"": null, ""parent_molecule_chembl_id"": ""CHEMBL67369"", ""pchembl_value"": ""5.66"", ""potential_duplicate"": 0, ""qudt_units"": ""http://www.openphacts.org/units/Nanomolar"", ""record_id"": 114308, ""relation"": ""="", ""src_id"": 1, ""standard_flag"": 1, ""standard_relation"": ""="", ""standard_text_value"": null, ""standard_type"": ""IC50"", ""standard_units"": ""nM"", ""standard_upper_value"": null, ""standard_value"": ""2187.76"", ""target_chembl_id"": ""CHEMBL3102"", ""target_organism"": ""Homo sapiens"", ""target_pref_name"": ""Dopamine beta-hydroxylase"", ""target_tax_id"": ""9606"", ""text_value"": null, ""toid"": null, ""type"": ""-Log IC50"", ""units"": null, ""uo_units"": ""UO_0000065"", ""upper_value"": null, ""value"": ""5.66""}","{""action_type"": null, ""activity_comment"": null, ""activity_id"": 33651, ""activity_properties"": [], ""assay_chembl_id"": ""CHEMBL669437"", ""assay_description"": ""Inhibition of dopamine beta hydroxylase"", ""assay_type"": ""B"", ""assay_variant_accession"": null, ""assay_variant_mutation"": null, ""bao_endpoint"": ""BAO_0000190"", ""bao_format"": ""BAO_0000357"", ""bao_label"": ""single protein format"", ""canonical_smiles"": ""Oc1ccc(Cn2cc[nH]c2=S)cc1O"", ""data_validity_comment"": null, ""data_validity_description"": null, ""document_chembl_id"": ""CHEMBL1128392"", ""document_journal"": ""J Med Chem"", ""document_year"": 1995, ""ligand_efficiency"": {""bei"": ""25.46"", ""le"": ""0.52"", ""lle"": ""3.65"", ""sei"": ""9.25""}, ""modality"": null, ""molecule_chembl_id"": ""CHEMBL67369"", ""molecule_pref_name"": null, ""parent_molecule_chembl_id"": ""CHEMBL67369"", ""pchembl_value"": ""5.66"", ""potential_duplicate"": 0, ""qudt_units"": ""http://www.openphacts.org/units/Nanomolar"", ""record_id"": 114308, ""relation"": ""="", ""src_id"": 1, ""standard_flag"": 1, ""standard_relation"": ""="", ""standard_text_value"": null, ""standard_type"": ""IC50"", ""standard_units"": ""nM"", ""standard_upper_value"": null, ""standard_value"": ""2187.76"", ""target_chembl_id"": ""CHEMBL3102"", ""target_organism"": ""Homo sapiens"", ""target_pref_name"": ""Dopamine beta-hydroxylase"", ""target_tax_id"": ""9606"", ""text_value"": null, ""toid"": null, ""type"": ""-Log IC50"", ""units"": null, ""uo_units"": ""UO_0000065"", ""upper_value"": null, ""value"": ""5.66""}"
"c1d6d891-f698-4732-9ffc-24f94bd3dfcf","chembl_activity","chembl_activity","chembl","silver","439","33652","33652","39a474fcf0381ca7e9ba033b53150a17cf1ae8d85523a81f0f1c06f73a0a9ad8","39a474fcf0381ca7e9ba033b53150a17cf1ae8d85523a81f0f1c06f73a0a9ad8","39a474fcf0381ca7e9ba033b53150a17cf1ae8d85523a81f0f1c06f73a0a9ad8","quarantined","SCHEMA_REQUIRED_FIELD_MISSING","Required field 'units' is missing: {""action_taken"": ""quarantine_original_record"", ""actual_python_type"": ""NoneType"", ""actual_value_preview"": ""None"", ""coercion_policy"": ""default"", ""empty_as_missing"": null, ""expected_logical_type"": ""string"", ""expected_physical_type"": ""str"", ""field"": ""units"", ""nullable"": false, ""optional"": false, ""optional_sources"": [""silver_required_fields""], ""policy_stage"": ""structural"", ""reason_code"": ""required_field_missing"", ""shadow_comparison"": ""structural_reject_silver_filter_reject"", ""silver_filter_shadow_reason_code"": ""required_field_missing""}","","silver","type","","","quarantine","2026-06-02T11:19:01.800509+00:00","{""action_type"": null, ""activity_comment"": null, ""activity_id"": 33652, ""activity_properties"": [], ""assay_chembl_id"": ""CHEMBL669437"", ""assay_description"": ""Inhibition of dopamine beta hydroxylase"", ""assay_type"": ""B"", ""assay_variant_accession"": null, ""assay_variant_mutation"": null, ""bao_endpoint"": ""BAO_0000190"", ""bao_format"": ""BAO_0000357"", ""bao_label"": ""single protein format"", ""canonical_smiles"": ""Oc1c(F)cc(Cn2cc[nH]c2=S)cc1F"", ""data_validity_comment"": null, ""data_validity_description"": null, ""document_chembl_id"": ""CHEMBL1128392"", ""document_journal"": ""J Med Chem"", ""document_year"": 1995, ""ligand_efficiency"": {""bei"": ""29.43"", ""le"": ""0.61"", ""lle"": ""4.55"", ""sei"": ""17.41""}, ""modality"": null, ""molecule_chembl_id"": ""CHEMBL433493"", ""molecule_pref_name"": null, ""parent_molecule_chembl_id"": ""CHEMBL433493"", ""pchembl_value"": ""7.13"", ""potential_duplicate"": 0, ""qudt_units"": ""http://www.openphacts.org/units/Nanomolar"", ""record_id"": 114285, ""relation"": ""="", ""src_id"": 1, ""standard_flag"": 1, ""standard_relation"": ""="", ""standard_text_value"": null, ""standard_type"": ""IC50"", ""standard_units"": ""nM"", ""standard_upper_value"": null, ""standard_value"": ""74.13"", ""target_chembl_id"": ""CHEMBL3102"", ""target_organism"": ""Homo sapiens"", ""target_pref_name"": ""Dopamine beta-hydroxylase"", ""target_tax_id"": ""9606"", ""text_value"": null, ""toid"": null, ""type"": ""-Log IC50"", ""units"": null, ""uo_units"": ""UO_0000065"", ""upper_value"": null, ""value"": ""7.13""}","{""action_type"": null, ""activity_comment"": null, ""activity_id"": 33652, ""activity_properties"": [], ""assay_chembl_id"": ""CHEMBL669437"", ""assay_description"": ""Inhibition of dopamine beta hydroxylase"", ""assay_type"": ""B"", ""assay_variant_accession"": null, ""assay_variant_mutation"": null, ""bao_endpoint"": ""BAO_0000190"", ""bao_format"": ""BAO_0000357"", ""bao_label"": ""single protein format"", ""canonical_smiles"": ""Oc1c(F)cc(Cn2cc[nH]c2=S)cc1F"", ""data_validity_comment"": null, ""data_validity_description"": null, ""document_chembl_id"": ""CHEMBL1128392"", ""document_journal"": ""J Med Chem"", ""document_year"": 1995, ""ligand_efficiency"": {""bei"": ""29.43"", ""le"": ""0.61"", ""lle"": ""4.55"", ""sei"": ""17.41""}, ""modality"": null, ""molecule_chembl_id"": ""CHEMBL433493"", ""molecule_pref_name"": null, ""parent_molecule_chembl_id"": ""CHEMBL433493"", ""pchembl_value"": ""7.13"", ""potential_duplicate"": 0, ""qudt_units"": ""http://www.openphacts.org/units/Nanomolar"", ""record_id"": 114285, ""relation"": ""="", ""src_id"": 1, ""standard_flag"": 1, ""standard_relation"": ""="", ""standard_text_value"": null, ""standard_type"": ""IC50"", ""standard_units"": ""nM"", ""standard_upper_value"": null, ""standard_value"": ""74.13"", ""target_chembl_id"": ""CHEMBL3102"", ""target_organism"": ""Homo sapiens"", ""target_pref_name"": ""Dopamine beta-hydroxylase"", ""target_tax_id"": ""9606"", ""text_value"": null, ""toid"": null, ""type"": ""-Log IC50"", ""units"": null, ""uo_units"": ""UO_0000065"", ""upper_value"": null, ""value"": ""7.13""}"
"c1d6d891-f698-4732-9ffc-24f94bd3dfcf","chembl_activity","chembl_activity","chembl","silver","443","33664","33664","70e431ab9ab530d9b8a0b826e9a229a6b37f33114ff3fc36e15c5a1830163735","70e431ab9ab530d9b8a0b826e9a229a6b37f33114ff3fc36e15c5a1830163735","70e431ab9ab530d9b8a0b826e9a229a6b37f33114ff3fc36e15c5a1830163735","quarantined","SCHEMA_REQUIRED_FIELD_MISSING","Required field 'units' is missing: {""action_taken"": ""quarantine_original_record"", ""actual_python_type"": ""NoneType"", ""actual_value_preview"": ""None"", ""coercion_policy"": ""default"", ""empty_as_missing"": null, ""expected_logical_type"": ""string"", ""expected_physical_type"": ""str"", ""field"": ""units"", ""nullable"": false, ""optional"": false, ""optional_sources"": [""silver_required_fields""], ""policy_stage"": ""structural"", ""reason_code"": ""required_field_missing"", ""shadow_comparison"": ""structural_reject_silver_filter_reject"", ""silver_filter_shadow_reason_code"": ""required_field_missing""}","","silver","type","","","quarantine","2026-06-02T11:19:01.812443+00:00","{""action_type"": null, ""activity_comment"": null, ""activity_id"": 33664, ""activity_properties"": [], ""assay_chembl_id"": ""CHEMBL616349"", ""assay_description"": ""Binding affinity at 5-hydroxytryptamine 1A receptor"", ""assay_type"": ""B"", ""assay_variant_accession"": null, ""assay_variant_mutation"": null, ""bao_endpoint"": ""BAO_0000192"", ""bao_format"": ""BAO_0000357"", ""bao_label"": ""single protein format"", ""canonical_smiles"": ""c1ccc2c(c1)CC(CCCN1CCN(c3cccc4c3OCCO4)CC1)C2"", ""data_validity_comment"": null, ""data_validity_description"": null, ""document_chembl_id"": ""CHEMBL1128459"", ""document_journal"": ""J Med Chem"", ""document_year"": 1995, ""ligand_efficiency"": {""bei"": ""23.51"", ""le"": ""0.43"", ""lle"": ""5.12"", ""sei"": ""35.69""}, ""modality"": null, ""molecule_chembl_id"": ""CHEMBL130103"", ""molecule_pref_name"": null, ""parent_molecule_chembl_id"": ""CHEMBL130103"", ""pchembl_value"": ""8.90"", ""potential_duplicate"": 0, ""qudt_units"": ""http://www.openphacts.org/units/Nanomolar"", ""record_id"": 250208, ""relation"": ""="", ""src_id"": 1, ""standard_flag"": 1, ""standard_relation"": ""="", ""standard_text_value"": null, ""standard_type"": ""Ki"", ""standard_units"": ""nM"", ""standard_upper_value"": null, ""standard_value"": ""1.259"", ""target_chembl_id"": ""CHEMBL273"", ""target_organism"": ""Rattus norvegicus"", ""target_pref_name"": ""5-hydroxytryptamine receptor 1A"", ""target_tax_id"": ""10116"", ""text_value"": null, ""toid"": null, ""type"": ""Log Ki"", ""units"": null, ""uo_units"": ""UO_0000065"", ""upper_value"": null, ""value"": ""-8.9""}","{""action_type"": null, ""activity_comment"": null, ""activity_id"": 33664, ""activity_properties"": [], ""assay_chembl_id"": ""CHEMBL616349"", ""assay_description"": ""Binding affinity at 5-hydroxytryptamine 1A receptor"", ""assay_type"": ""B"", ""assay_variant_accession"": null, ""assay_variant_mutation"": null, ""bao_endpoint"": ""BAO_0000192"", ""bao_format"": ""BAO_0000357"", ""bao_label"": ""single protein format"", ""canonical_smiles"": ""c1ccc2c(c1)CC(CCCN1CCN(c3cccc4c3OCCO4)CC1)C2"", ""data_validity_comment"": null, ""data_validity_description"": null, ""document_chembl_id"": ""CHEMBL1128459"", ""document_journal"": ""J Med Chem"", ""document_year"": 1995, ""ligand_efficiency"": {""bei"": ""23.51"", ""le"": ""0.43"", ""lle"": ""5.12"", ""sei"": ""35.69""}, ""modality"": null, ""molecule_chembl_id"": ""CHEMBL130103"", ""molecule_pref_name"": null, ""parent_molecule_chembl_id"": ""CHEMBL130103"", ""pchembl_value"": ""8.90"", ""potential_duplicate"": 0, ""qudt_units"": ""http://www.openphacts.org/units/Nanomolar"", ""record_id"": 250208, ""relation"": ""="", ""src_id"": 1, ""standard_flag"": 1, ""standard_relation"": ""="", ""standard_text_value"": null, ""standard_type"": ""Ki"", ""standard_units"": ""nM"", ""standard_upper_value"": null, ""standard_value"": ""1.259"", ""target_chembl_id"": ""CHEMBL273"", ""target_organism"": ""Rattus norvegicus"", ""target_pref_name"": ""5-hydroxytryptamine receptor 1A"", ""target_tax_id"": ""10116"", ""text_value"": null, ""toid"": null, ""type"": ""Log Ki"", ""units"": null, ""uo_units"": ""UO_0000065"", ""upper_value"": null, ""value"": ""-8.9""}"
"c1d6d891-f698-4732-9ffc-24f94bd3dfcf","chembl_activity","chembl_activity","chembl","silver","444","33665","33665","a43149f2cad565a5d7c3520d97f032cf17c77e0903446dcae19917bc1faa1401","a43149f2cad565a5d7c3520d97f032cf17c77e0903446dcae19917bc1faa1401","a43149f2cad565a5d7c3520d97f032cf17c77e0903446dcae19917bc1faa1401","quarantined","SCHEMA_REQUIRED_FIELD_MISSING","Required field 'units' is missing: {""action_taken"": ""quarantine_original_record"", ""actual_python_type"": ""NoneType"", ""actual_value_preview"": ""None"", ""coercion_policy"": ""default"", ""empty_as_missing"": null, ""expected_logical_type"": ""string"", ""expected_physical_type"": ""str"", ""field"": ""units"", ""nullable"": false, ""optional"": false, ""optional_sources"": [""silver_required_fields""], ""policy_stage"": ""structural"", ""reason_code"": ""required_field_missing"", ""shadow_comparison"": ""structural_reject_silver_filter_reject"", ""silver_filter_shadow_reason_code"": ""required_field_missing""}","","silver","type","","","quarantine","2026-06-02T11:19:01.815547+00:00","{""action_type"": null, ""activity_comment"": null, ""activity_id"": 33665, ""activity_properties"": [], ""assay_chembl_id"": ""CHEMBL616791"", ""assay_description"": ""Binding affinity at 5-hydroxytryptamine 1B receptor"", ""assay_type"": ""B"", ""assay_variant_accession"": null, ""assay_variant_mutation"": null, ""bao_endpoint"": ""BAO_0000192"", ""bao_format"": ""BAO_0000357"", ""bao_label"": ""single protein format"", ""canonical_smiles"": ""c1ccc2c(c1)CC(CCCN1CCN(c3cccc4c3OCCO4)CC1)C2"", ""data_validity_comment"": null, ""data_validity_description"": null, ""document_chembl_id"": ""CHEMBL1128459"", ""document_journal"": ""J Med Chem"", ""document_year"": 1995, ""ligand_efficiency"": {""bei"": ""15.14"", ""le"": ""0.28"", ""lle"": ""1.95"", ""sei"": ""22.98""}, ""modality"": null, ""molecule_chembl_id"": ""CHEMBL130103"", ""molecule_pref_name"": null, ""parent_molecule_chembl_id"": ""CHEMBL130103"", ""pchembl_value"": ""5.73"", ""potential_duplicate"": 0, ""qudt_units"": ""http://www.openphacts.org/units/Nanomolar"", ""record_id"": 250208, ""relation"": ""="", ""src_id"": 1, ""standard_flag"": 1, ""standard_relation"": ""="", ""standard_text_value"": null, ""standard_type"": ""Ki"", ""standard_units"": ""nM"", ""standard_upper_value"": null, ""standard_value"": ""1862.09"", ""target_chembl_id"": ""CHEMBL3459"", ""target_organism"": ""Rattus norvegicus"", ""target_pref_name"": ""5-hydroxytryptamine receptor 1B"", ""target_tax_id"": ""10116"", ""text_value"": null, ""toid"": null, ""type"": ""pKi"", ""units"": null, ""uo_units"": ""UO_0000065"", ""upper_value"": null, ""value"": ""5.73""}","{""action_type"": null, ""activity_comment"": null, ""activity_id"": 33665, ""activity_properties"": [], ""assay_chembl_id"": ""CHEMBL616791"", ""assay_description"": ""Binding affinity at 5-hydroxytryptamine 1B receptor"", ""assay_type"": ""B"", ""assay_variant_accession"": null, ""assay_variant_mutation"": null, ""bao_endpoint"": ""BAO_0000192"", ""bao_format"": ""BAO_0000357"", ""bao_label"": ""single protein format"", ""canonical_smiles"": ""c1ccc2c(c1)CC(CCCN1CCN(c3cccc4c3OCCO4)CC1)C2"", ""data_validity_comment"": null, ""data_validity_description"": null, ""document_chembl_id"": ""CHEMBL1128459"", ""document_journal"": ""J Med Chem"", ""document_year"": 1995, ""ligand_efficiency"": {""bei"": ""15.14"", ""le"": ""0.28"", ""lle"": ""1.95"", ""sei"": ""22.98""}, ""modality"": null, ""molecule_chembl_id"": ""CHEMBL130103"", ""molecule_pref_name"": null, ""parent_molecule_chembl_id"": ""CHEMBL130103"", ""pchembl_value"": ""5.73"", ""potential_duplicate"": 0, ""qudt_units"": ""http://www.openphacts.org/units/Nanomolar"", ""record_id"": 250208, ""relation"": ""="", ""src_id"": 1, ""standard_flag"": 1, ""standard_relation"": ""="", ""standard_text_value"": null, ""standard_type"": ""Ki"", ""standard_units"": ""nM"", ""standard_upper_value"": null, ""standard_value"": ""1862.09"", ""target_chembl_id"": ""CHEMBL3459"", ""target_organism"": ""Rattus norvegicus"", ""target_pref_name"": ""5-hydroxytryptamine receptor 1B"", ""target_tax_id"": ""10116"", ""text_value"": null, ""toid"": null, ""type"": ""pKi"", ""units"": null, ""uo_units"": ""UO_0000065"", ""upper_value"": null, ""value"": ""5.73""}"
"c1d6d891-f698-4732-9ffc-24f94bd3dfcf","chembl_activity","chembl_activity","chembl","silver","445","33674","33674","47d42d436f61af8184c8abe415beea8eb248da75777e513aeb0cecce8a474dc0","47d42d436f61af8184c8abe415beea8eb248da75777e513aeb0cecce8a474dc0","47d42d436f61af8184c8abe415beea8eb248da75777e513aeb0cecce8a474dc0","quarantined","SCHEMA_REQUIRED_FIELD_MISSING","Required field 'units' is missing: {""action_taken"": ""quarantine_original_record"", ""actual_python_type"": ""NoneType"", ""actual_value_preview"": ""None"", ""coercion_policy"": ""default"", ""empty_as_missing"": null, ""expected_logical_type"": ""string"", ""expected_physical_type"": ""str"", ""field"": ""units"", ""nullable"": false, ""optional"": false, ""optional_sources"": [""silver_required_fields""], ""policy_stage"": ""structural"", ""reason_code"": ""required_field_missing"", ""shadow_comparison"": ""structural_reject_silver_filter_reject"", ""silver_filter_shadow_reason_code"": ""required_field_missing""}","","silver","type","","","quarantine","2026-06-02T11:19:01.818586+00:00","{""action_type"": null, ""activity_comment"": null, ""activity_id"": 33674, ""activity_properties"": [], ""assay_chembl_id"": ""CHEMBL616349"", ""assay_description"": ""Binding affinity at 5-hydroxytryptamine 1A receptor"", ""assay_type"": ""B"", ""assay_variant_accession"": null, ""assay_variant_mutation"": null, ""bao_endpoint"": ""BAO_0000192"", ""bao_format"": ""BAO_0000357"", ""bao_label"": ""single protein format"", ""canonical_smiles"": ""c1ccc2c(c1)CCCCC2CCN1CCN(c2cccc3c2OCCO3)CC1"", ""data_validity_comment"": null, ""data_validity_description"": null, ""document_chembl_id"": ""CHEMBL1128459"", ""document_journal"": ""J Med Chem"", ""document_year"": 1995, ""ligand_efficiency"": {""bei"": ""20.84"", ""le"": ""0.39"", ""lle"": ""3.70"", ""sei"": ""32.80""}, ""modality"": null, ""molecule_chembl_id"": ""CHEMBL337279"", ""molecule_pref_name"": null, ""parent_molecule_chembl_id"": ""CHEMBL337279"", ""pchembl_value"": ""8.18"", ""potential_duplicate"": 0, ""qudt_units"": ""http://www.openphacts.org/units/Nanomolar"", ""record_id"": 250206, ""relation"": ""="", ""src_id"": 1, ""standard_flag"": 1, ""standard_relation"": ""="", ""standard_text_value"": null, ""standard_type"": ""Ki"", ""standard_units"": ""nM"", ""standard_upper_value"": null, ""standard_value"": ""6.607"", ""target_chembl_id"": ""CHEMBL273"", ""target_organism"": ""Rattus norvegicus"", ""target_pref_name"": ""5-hydroxytryptamine receptor 1A"", ""target_tax_id"": ""10116"", ""text_value"": null, ""toid"": null, ""type"": ""Log Ki"", ""units"": null, ""uo_units"": ""UO_0000065"", ""upper_value"": null, ""value"": ""-8.18""}","{""action_type"": null, ""activity_comment"": null, ""activity_id"": 33674, ""activity_properties"": [], ""assay_chembl_id"": ""CHEMBL616349"", ""assay_description"": ""Binding affinity at 5-hydroxytryptamine 1A receptor"", ""assay_type"": ""B"", ""assay_variant_accession"": null, ""assay_variant_mutation"": null, ""bao_endpoint"": ""BAO_0000192"", ""bao_format"": ""BAO_0000357"", ""bao_label"": ""single protein format"", ""canonical_smiles"": ""c1ccc2c(c1)CCCCC2CCN1CCN(c2cccc3c2OCCO3)CC1"", ""data_validity_comment"": null, ""data_validity_description"": null, ""document_chembl_id"": ""CHEMBL1128459"", ""document_journal"": ""J Med Chem"", ""document_year"": 1995, ""ligand_efficiency"": {""bei"": ""20.84"", ""le"": ""0.39"", ""lle"": ""3.70"", ""sei"": ""32.80""}, ""modality"": null, ""molecule_chembl_id"": ""CHEMBL337279"", ""molecule_pref_name"": null, ""parent_molecule_chembl_id"": ""CHEMBL337279"", ""pchembl_value"": ""8.18"", ""potential_duplicate"": 0, ""qudt_units"": ""http://www.openphacts.org/units/Nanomolar"", ""record_id"": 250206, ""relation"": ""="", ""src_id"": 1, ""standard_flag"": 1, ""standard_relation"": ""="", ""standard_text_value"": null, ""standard_type"": ""Ki"", ""standard_units"": ""nM"", ""standard_upper_value"": null, ""standard_value"": ""6.607"", ""target_chembl_id"": ""CHEMBL273"", ""target_organism"": ""Rattus norvegicus"", ""target_pref_name"": ""5-hydroxytryptamine receptor 1A"", ""target_tax_id"": ""10116"", ""text_value"": null, ""toid"": null, ""type"": ""Log Ki"", ""units"": null, ""uo_units"": ""UO_0000065"", ""upper_value"": null, ""value"": ""-8.18""}"
"c1d6d891-f698-4732-9ffc-24f94bd3dfcf","chembl_activity","chembl_activity","chembl","silver","446","33675","33675","2c728683b71094101d5f72e10e81a32d3b55d11ba007610cbc054cdfa2f59d16","2c728683b71094101d5f72e10e81a32d3b55d11ba007610cbc054cdfa2f59d16","2c728683b71094101d5f72e10e81a32d3b55d11ba007610cbc054cdfa2f59d16","quarantined","SCHEMA_REQUIRED_FIELD_MISSING","Required field 'units' is missing: {""action_taken"": ""quarantine_original_record"", ""actual_python_type"": ""NoneType"", ""actual_value_preview"": ""None"", ""coercion_policy"": ""default"", ""empty_as_missing"": null, ""expected_logical_type"": ""string"", ""expected_physical_type"": ""str"", ""field"": ""units"", ""nullable"": false, ""optional"": false, ""optional_sources"": [""silver_required_fields""], ""policy_stage"": ""structural"", ""reason_code"": ""required_field_missing"", ""shadow_comparison"": ""structural_reject_silver_filter_reject"", ""silver_filter_shadow_reason_code"": ""required_field_missing""}","","silver","type","","","quarantine","2026-06-02T11:19:01.821902+00:00","{""action_type"": null, ""activity_comment"": null, ""activity_id"": 33675, ""activity_properties"": [], ""assay_chembl_id"": ""CHEMBL616791"", ""assay_description"": ""Binding affinity at 5-hydroxytryptamine 1B receptor"", ""assay_type"": ""B"", ""assay_variant_accession"": null, ""assay_variant_mutation"": null, ""bao_endpoint"": ""BAO_0000192"", ""bao_format"": ""BAO_0000357"", ""bao_label"": ""single protein format"", ""canonical_smiles"": ""c1ccc2c(c1)CCCCC2CCN1CCN(c2cccc3c2OCCO3)CC1"", ""data_validity_comment"": null, ""data_validity_description"": null, ""document_chembl_id"": ""CHEMBL1128459"", ""document_journal"": ""J Med Chem"", ""document_year"": 1995, ""ligand_efficiency"": {""bei"": ""15.57"", ""le"": ""0.29"", ""lle"": ""1.63"", ""sei"": ""24.50""}, ""modality"": null, ""molecule_chembl_id"": ""CHEMBL337279"", ""molecule_pref_name"": null, ""parent_molecule_chembl_id"": ""CHEMBL337279"", ""pchembl_value"": ""6.11"", ""potential_duplicate"": 0, ""qudt_units"": ""http://www.openphacts.org/units/Nanomolar"", ""record_id"": 250206, ""relation"": ""="", ""src_id"": 1, ""standard_flag"": 1, ""standard_relation"": ""="", ""standard_text_value"": null, ""standard_type"": ""Ki"", ""standard_units"": ""nM"", ""standard_upper_value"": null, ""standard_value"": ""776.25"", ""target_chembl_id"": ""CHEMBL3459"", ""target_organism"": ""Rattus norvegicus"", ""target_pref_name"": ""5-hydroxytryptamine receptor 1B"", ""target_tax_id"": ""10116"", ""text_value"": null, ""toid"": null, ""type"": ""pKi"", ""units"": null, ""uo_units"": ""UO_0000065"", ""upper_value"": null, ""value"": ""6.11""}","{""action_type"": null, ""activity_comment"": null, ""activity_id"": 33675, ""activity_properties"": [], ""assay_chembl_id"": ""CHEMBL616791"", ""assay_description"": ""Binding affinity at 5-hydroxytryptamine 1B receptor"", ""assay_type"": ""B"", ""assay_variant_accession"": null, ""assay_variant_mutation"": null, ""bao_endpoint"": ""BAO_0000192"", ""bao_format"": ""BAO_0000357"", ""bao_label"": ""single protein format"", ""canonical_smiles"": ""c1ccc2c(c1)CCCCC2CCN1CCN(c2cccc3c2OCCO3)CC1"", ""data_validity_comment"": null, ""data_validity_description"": null, ""document_chembl_id"": ""CHEMBL1128459"", ""document_journal"": ""J Med Chem"", ""document_year"": 1995, ""ligand_efficiency"": {""bei"": ""15.57"", ""le"": ""0.29"", ""lle"": ""1.63"", ""sei"": ""24.50""}, ""modality"": null, ""molecule_chembl_id"": ""CHEMBL337279"", ""molecule_pref_name"": null, ""parent_molecule_chembl_id"": ""CHEMBL337279"", ""pchembl_value"": ""6.11"", ""potential_duplicate"": 0, ""qudt_units"": ""http://www.openphacts.org/units/Nanomolar"", ""record_id"": 250206, ""relation"": ""="", ""src_id"": 1, ""standard_flag"": 1, ""standard_relation"": ""="", ""standard_text_value"": null, ""standard_type"": ""Ki"", ""standard_units"": ""nM"", ""standard_upper_value"": null, ""standard_value"": ""776.25"", ""target_chembl_id"": ""CHEMBL3459"", ""target_organism"": ""Rattus norvegicus"", ""target_pref_name"": ""5-hydroxytryptamine receptor 1B"", ""target_tax_id"": ""10116"", ""text_value"": null, ""toid"": null, ""type"": ""pKi"", ""units"": null, ""uo_units"": ""UO_0000065"", ""upper_value"": null, ""value"": ""6.11""}"
"c1d6d891-f698-4732-9ffc-24f94bd3dfcf","chembl_activity","chembl_activity","chembl","silver","447","33684","33684","f9c13030899160a9fae0aab3b912b58460c7d427c580890b713d59f933e1b99b","f9c13030899160a9fae0aab3b912b58460c7d427c580890b713d59f933e1b99b","f9c13030899160a9fae0aab3b912b58460c7d427c580890b713d59f933e1b99b","quarantined","SCHEMA_REQUIRED_FIELD_MISSING","Required field 'units' is missing: {""action_taken"": ""quarantine_original_record"", ""actual_python_type"": ""NoneType"", ""actual_value_preview"": ""None"", ""coercion_policy"": ""default"", ""empty_as_missing"": null, ""expected_logical_type"": ""string"", ""expected_physical_type"": ""str"", ""field"": ""units"", ""nullable"": false, ""optional"": false, ""optional_sources"": [""silver_required_fields""], ""policy_stage"": ""structural"", ""reason_code"": ""required_field_missing"", ""shadow_comparison"": ""structural_reject_silver_filter_reject"", ""silver_filter_shadow_reason_code"": ""required_field_missing""}","","silver","type","","","quarantine","2026-06-02T11:19:01.825506+00:00","{""action_type"": null, ""activity_comment"": null, ""activity_id"": 33684, ""activity_properties"": [], ""assay_chembl_id"": ""CHEMBL616349"", ""assay_description"": ""Binding affinity at 5-hydroxytryptamine 1A receptor"", ""assay_type"": ""B"", ""assay_variant_accession"": null, ""assay_variant_mutation"": null, ""bao_endpoint"": ""BAO_0000192"", ""bao_format"": ""BAO_0000357"", ""bao_label"": ""single protein format"", ""canonical_smiles"": ""C1=C(CCN2CCN(c3cccc4c3OCCO4)CC2)c2ccccc2CCC1"", ""data_validity_comment"": null, ""data_validity_description"": null, ""document_chembl_id"": ""CHEMBL1128459"", ""document_journal"": ""J Med Chem"", ""document_year"": 1995, ""ligand_efficiency"": {""bei"": ""21.77"", ""le"": ""0.40"", ""lle"": ""4.11"", ""sei"": ""34.08""}, ""modality"": null, ""molecule_chembl_id"": ""CHEMBL128546"", ""molecule_pref_name"": null, ""parent_molecule_chembl_id"": ""CHEMBL128546"", ""pchembl_value"": ""8.50"", ""potential_duplicate"": 0, ""qudt_units"": ""http://www.openphacts.org/units/Nanomolar"", ""record_id"": 250202, ""relation"": ""="", ""src_id"": 1, ""standard_flag"": 1, ""standard_relation"": ""="", ""standard_text_value"": null, ""standard_type"": ""Ki"", ""standard_units"": ""nM"", ""standard_upper_value"": null, ""standard_value"": ""3.162"", ""target_chembl_id"": ""CHEMBL273"", ""target_organism"": ""Rattus norvegicus"", ""target_pref_name"": ""5-hydroxytryptamine receptor 1A"", ""target_tax_id"": ""10116"", ""text_value"": null, ""toid"": null, ""type"": ""Log Ki"", ""units"": null, ""uo_units"": ""UO_0000065"", ""upper_value"": null, ""value"": ""-8.5""}","{""action_type"": null, ""activity_comment"": null, ""activity_id"": 33684, ""activity_properties"": [], ""assay_chembl_id"": ""CHEMBL616349"", ""assay_description"": ""Binding affinity at 5-hydroxytryptamine 1A receptor"", ""assay_type"": ""B"", ""assay_variant_accession"": null, ""assay_variant_mutation"": null, ""bao_endpoint"": ""BAO_0000192"", ""bao_format"": ""BAO_0000357"", ""bao_label"": ""single protein format"", ""canonical_smiles"": ""C1=C(CCN2CCN(c3cccc4c3OCCO4)CC2)c2ccccc2CCC1"", ""data_validity_comment"": null, ""data_validity_description"": null, ""document_chembl_id"": ""CHEMBL1128459"", ""document_journal"": ""J Med Chem"", ""document_year"": 1995, ""ligand_efficiency"": {""bei"": ""21.77"", ""le"": ""0.40"", ""lle"": ""4.11"", ""sei"": ""34.08""}, ""modality"": null, ""molecule_chembl_id"": ""CHEMBL128546"", ""molecule_pref_name"": null, ""parent_molecule_chembl_id"": ""CHEMBL128546"", ""pchembl_value"": ""8.50"", ""potential_duplicate"": 0, ""qudt_units"": ""http://www.openphacts.org/units/Nanomolar"", ""record_id"": 250202, ""relation"": ""="", ""src_id"": 1, ""standard_flag"": 1, ""standard_relation"": ""="", ""standard_text_value"": null, ""standard_type"": ""Ki"", ""standard_units"": ""nM"", ""standard_upper_value"": null, ""standard_value"": ""3.162"", ""target_chembl_id"": ""CHEMBL273"", ""target_organism"": ""Rattus norvegicus"", ""target_pref_name"": ""5-hydroxytryptamine receptor 1A"", ""target_tax_id"": ""10116"", ""text_value"": null, ""toid"": null, ""type"": ""Log Ki"", ""units"": null, ""uo_units"": ""UO_0000065"", ""upper_value"": null, ""value"": ""-8.5""}"
"c1d6d891-f698-4732-9ffc-24f94bd3dfcf","chembl_activity","chembl_activity","chembl","silver","448","33685","33685","1fffe0aa4bb0b86c81fc98e9fa76bdffb1854cb3bab9f5a69e0eb3fb7c19f7eb","1fffe0aa4bb0b86c81fc98e9fa76bdffb1854cb3bab9f5a69e0eb3fb7c19f7eb","1fffe0aa4bb0b86c81fc98e9fa76bdffb1854cb3bab9f5a69e0eb3fb7c19f7eb","quarantined","SCHEMA_REQUIRED_FIELD_MISSING","Required field 'units' is missing: {""action_taken"": ""quarantine_original_record"", ""actual_python_type"": ""NoneType"", ""actual_value_preview"": ""None"", ""coercion_policy"": ""default"", ""empty_as_missing"": null, ""expected_logical_type"": ""string"", ""expected_physical_type"": ""str"", ""field"": ""units"", ""nullable"": false, ""optional"": false, ""optional_sources"": [""silver_required_fields""], ""policy_stage"": ""structural"", ""reason_code"": ""required_field_missing"", ""shadow_comparison"": ""structural_reject_silver_filter_reject"", ""silver_filter_shadow_reason_code"": ""required_field_missing""}","","silver","type","","","quarantine","2026-06-02T11:19:01.828208+00:00","{""action_type"": null, ""activity_comment"": null, ""activity_id"": 33685, ""activity_properties"": [], ""assay_chembl_id"": ""CHEMBL616791"", ""assay_description"": ""Binding affinity at 5-hydroxytryptamine 1B receptor"", ""assay_type"": ""B"", ""assay_variant_accession"": null, ""assay_variant_mutation"": null, ""bao_endpoint"": ""BAO_0000192"", ""bao_format"": ""BAO_0000357"", ""bao_label"": ""single protein format"", ""canonical_smiles"": ""C1=C(CCN2CCN(c3cccc4c3OCCO4)CC2)c2ccccc2CCC1"", ""data_validity_comment"": null, ""data_validity_description"": null, ""document_chembl_id"": ""CHEMBL1128459"", ""document_journal"": ""J Med Chem"", ""document_year"": 1995, ""ligand_efficiency"": {""bei"": ""16.44"", ""le"": ""0.30"", ""lle"": ""2.03"", ""sei"": ""25.74""}, ""modality"": null, ""molecule_chembl_id"": ""CHEMBL128546"", ""molecule_pref_name"": null, ""parent_molecule_chembl_id"": ""CHEMBL128546"", ""pchembl_value"": ""6.42"", ""potential_duplicate"": 0, ""qudt_units"": ""http://www.openphacts.org/units/Nanomolar"", ""record_id"": 250202, ""relation"": ""="", ""src_id"": 1, ""standard_flag"": 1, ""standard_relation"": ""="", ""standard_text_value"": null, ""standard_type"": ""Ki"", ""standard_units"": ""nM"", ""standard_upper_value"": null, ""standard_value"": ""380.19"", ""target_chembl_id"": ""CHEMBL3459"", ""target_organism"": ""Rattus norvegicus"", ""target_pref_name"": ""5-hydroxytryptamine receptor 1B"", ""target_tax_id"": ""10116"", ""text_value"": null, ""toid"": null, ""type"": ""pKi"", ""units"": null, ""uo_units"": ""UO_0000065"", ""upper_value"": null, ""value"": ""6.42""}","{""action_type"": null, ""activity_comment"": null, ""activity_id"": 33685, ""activity_properties"": [], ""assay_chembl_id"": ""CHEMBL616791"", ""assay_description"": ""Binding affinity at 5-hydroxytryptamine 1B receptor"", ""assay_type"": ""B"", ""assay_variant_accession"": null, ""assay_variant_mutation"": null, ""bao_endpoint"": ""BAO_0000192"", ""bao_format"": ""BAO_0000357"", ""bao_label"": ""single protein format"", ""canonical_smiles"": ""C1=C(CCN2CCN(c3cccc4c3OCCO4)CC2)c2ccccc2CCC1"", ""data_validity_comment"": null, ""data_validity_description"": null, ""document_chembl_id"": ""CHEMBL1128459"", ""document_journal"": ""J Med Chem"", ""document_year"": 1995, ""ligand_efficiency"": {""bei"": ""16.44"", ""le"": ""0.30"", ""lle"": ""2.03"", ""sei"": ""25.74""}, ""modality"": null, ""molecule_chembl_id"": ""CHEMBL128546"", ""molecule_pref_name"": null, ""parent_molecule_chembl_id"": ""CHEMBL128546"", ""pchembl_value"": ""6.42"", ""potential_duplicate"": 0, ""qudt_units"": ""http://www.openphacts.org/units/Nanomolar"", ""record_id"": 250202, ""relation"": ""="", ""src_id"": 1, ""standard_flag"": 1, ""standard_relation"": ""="", ""standard_text_value"": null, ""standard_type"": ""Ki"", ""standard_units"": ""nM"", ""standard_upper_value"": null, ""standard_value"": ""380.19"", ""target_chembl_id"": ""CHEMBL3459"", ""target_organism"": ""Rattus norvegicus"", ""target_pref_name"": ""5-hydroxytryptamine receptor 1B"", ""target_tax_id"": ""10116"", ""text_value"": null, ""toid"": null, ""type"": ""pKi"", ""units"": null, ""uo_units"": ""UO_0000065"", ""upper_value"": null, ""value"": ""6.42""}"
"c1d6d891-f698-4732-9ffc-24f94bd3dfcf","chembl_activity","chembl_activity","chembl","silver","489","33795","33795","1d77443b9bd5383997134c0cb398f33e599e3f2fb17e1629eb9ba339db272abe","1d77443b9bd5383997134c0cb398f33e599e3f2fb17e1629eb9ba339db272abe","1d77443b9bd5383997134c0cb398f33e599e3f2fb17e1629eb9ba339db272abe","quarantined","SCHEMA_REQUIRED_FIELD_MISSING","Required field 'units' is missing: {""action_taken"": ""quarantine_original_record"", ""actual_python_type"": ""NoneType"", ""actual_value_preview"": ""None"", ""coercion_policy"": ""default"", ""empty_as_missing"": null, ""expected_logical_type"": ""string"", ""expected_physical_type"": ""str"", ""field"": ""units"", ""nullable"": false, ""optional"": false, ""optional_sources"": [""silver_required_fields""], ""policy_stage"": ""structural"", ""reason_code"": ""required_field_missing"", ""shadow_comparison"": ""structural_reject_silver_filter_reject"", ""silver_filter_shadow_reason_code"": ""required_field_missing""}","","silver","type","","","quarantine","2026-06-02T11:19:01.919254+00:00","{""action_type"": null, ""activity_comment"": null, ""activity_id"": 33795, ""activity_properties"": [], ""assay_chembl_id"": ""CHEMBL815654"", ""assay_description"": ""Binding affinity towards thrombin"", ""assay_type"": ""B"", ""assay_variant_accession"": null, ""assay_variant_mutation"": null, ""bao_endpoint"": ""BAO_0000192"", ""bao_format"": ""BAO_0000357"", ""bao_label"": ""single protein format"", ""canonical_smiles"": ""Cc1c(C)c(S(=O)(=O)N[C@@H](Cc2cccc(C(=N)N)c2)C(=O)N2CCC(C)CC2)c(C)c2c1OC(C)(C)CC2"", ""data_validity_comment"": null, ""data_validity_description"": null, ""document_chembl_id"": ""CHEMBL1132189"", ""document_journal"": ""J Med Chem"", ""document_year"": 1999, ""ligand_efficiency"": {""bei"": ""13.46"", ""le"": ""0.26"", ""lle"": ""3.32"", ""sei"": ""5.95""}, ""modality"": null, ""molecule_chembl_id"": ""CHEMBL142241"", ""molecule_pref_name"": null, ""parent_molecule_chembl_id"": ""CHEMBL142241"", ""pchembl_value"": ""7.47"", ""potential_duplicate"": 0, ""qudt_units"": ""http://www.openphacts.org/units/Nanomolar"", ""record_id"": 278743, ""relation"": ""="", ""src_id"": 1, ""standard_flag"": 1, ""standard_relation"": ""="", ""standard_text_value"": null, ""standard_type"": ""Ki"", ""standard_units"": ""nM"", ""standard_upper_value"": null, ""standard_value"": ""33.96"", ""target_chembl_id"": ""CHEMBL4471"", ""target_organism"": ""Bos taurus"", ""target_pref_name"": ""Prothrombin"", ""target_tax_id"": ""9913"", ""text_value"": null, ""toid"": null, ""type"": ""pKi"", ""units"": null, ""uo_units"": ""UO_0000065"", ""upper_value"": null, ""value"": ""7.469""}","{""action_type"": null, ""activity_comment"": null, ""activity_id"": 33795, ""activity_properties"": [], ""assay_chembl_id"": ""CHEMBL815654"", ""assay_description"": ""Binding affinity towards thrombin"", ""assay_type"": ""B"", ""assay_variant_accession"": null, ""assay_variant_mutation"": null, ""bao_endpoint"": ""BAO_0000192"", ""bao_format"": ""BAO_0000357"", ""bao_label"": ""single protein format"", ""canonical_smiles"": ""Cc1c(C)c(S(=O)(=O)N[C@@H](Cc2cccc(C(=N)N)c2)C(=O)N2CCC(C)CC2)c(C)c2c1OC(C)(C)CC2"", ""data_validity_comment"": null, ""data_validity_description"": null, ""document_chembl_id"": ""CHEMBL1132189"", ""document_journal"": ""J Med Chem"", ""document_year"": 1999, ""ligand_efficiency"": {""bei"": ""13.46"", ""le"": ""0.26"", ""lle"": ""3.32"", ""sei"": ""5.95""}, ""modality"": null, ""molecule_chembl_id"": ""CHEMBL142241"", ""molecule_pref_name"": null, ""parent_molecule_chembl_id"": ""CHEMBL142241"", ""pchembl_value"": ""7.47"", ""potential_duplicate"": 0, ""qudt_units"": ""http://www.openphacts.org/units/Nanomolar"", ""record_id"": 278743, ""relation"": ""="", ""src_id"": 1, ""standard_flag"": 1, ""standard_relation"": ""="", ""standard_text_value"": null, ""standard_type"": ""Ki"", ""standard_units"": ""nM"", ""standard_upper_value"": null, ""standard_value"": ""33.96"", ""target_chembl_id"": ""CHEMBL4471"", ""target_organism"": ""Bos taurus"", ""target_pref_name"": ""Prothrombin"", ""target_tax_id"": ""9913"", ""text_value"": null, ""toid"": null, ""type"": ""pKi"", ""units"": null, ""uo_units"": ""UO_0000065"", ""upper_value"": null, ""value"": ""7.469""}"
"c1d6d891-f698-4732-9ffc-24f94bd3dfcf","chembl_activity","chembl_activity","chembl","silver","490","33796","33796","536734b458da6b14ca99ff11ecaa36b74bd541528a4751fe0a58a9cb867ffe86","536734b458da6b14ca99ff11ecaa36b74bd541528a4751fe0a58a9cb867ffe86","536734b458da6b14ca99ff11ecaa36b74bd541528a4751fe0a58a9cb867ffe86","quarantined","SCHEMA_REQUIRED_FIELD_MISSING","Required field 'units' is missing: {""action_taken"": ""quarantine_original_record"", ""actual_python_type"": ""NoneType"", ""actual_value_preview"": ""None"", ""coercion_policy"": ""default"", ""empty_as_missing"": null, ""expected_logical_type"": ""string"", ""expected_physical_type"": ""str"", ""field"": ""units"", ""nullable"": false, ""optional"": false, ""optional_sources"": [""silver_required_fields""], ""policy_stage"": ""structural"", ""reason_code"": ""required_field_missing"", ""shadow_comparison"": ""structural_reject_silver_filter_reject"", ""silver_filter_shadow_reason_code"": ""required_field_missing""}","","silver","type","","","quarantine","2026-06-02T11:19:01.921437+00:00","{""action_type"": null, ""activity_comment"": null, ""activity_id"": 33796, ""activity_properties"": [], ""assay_chembl_id"": ""CHEMBL821446"", ""assay_description"": ""Binding affinity towards trypsin"", ""assay_type"": ""B"", ""assay_variant_accession"": null, ""assay_variant_mutation"": null, ""bao_endpoint"": ""BAO_0000192"", ""bao_format"": ""BAO_0000357"", ""bao_label"": ""single protein format"", ""canonical_smiles"": ""Cc1c(C)c(S(=O)(=O)N[C@@H](Cc2cccc(C(=N)N)c2)C(=O)N2CCC(C)CC2)c(C)c2c1OC(C)(C)CC2"", ""data_validity_comment"": null, ""data_validity_description"": null, ""document_chembl_id"": ""CHEMBL1132189"", ""document_journal"": ""J Med Chem"", ""document_year"": 1999, ""ligand_efficiency"": {""bei"": ""11.06"", ""le"": ""0.21"", ""lle"": ""1.99"", ""sei"": ""4.89""}, ""modality"": null, ""molecule_chembl_id"": ""CHEMBL142241"", ""molecule_pref_name"": null, ""parent_molecule_chembl_id"": ""CHEMBL142241"", ""pchembl_value"": ""6.14"", ""potential_duplicate"": 0, ""qudt_units"": ""http://www.openphacts.org/units/Nanomolar"", ""record_id"": 278743, ""relation"": ""="", ""src_id"": 1, ""standard_flag"": 1, ""standard_relation"": ""="", ""standard_text_value"": null, ""standard_type"": ""Ki"", ""standard_units"": ""nM"", ""standard_upper_value"": null, ""standard_value"": ""729.46"", ""target_chembl_id"": ""CHEMBL3769"", ""target_organism"": ""Bos taurus"", ""target_pref_name"": ""Serine protease 1"", ""target_tax_id"": ""9913"", ""text_value"": null, ""toid"": null, ""type"": ""pKi"", ""units"": null, ""uo_units"": ""UO_0000065"", ""upper_value"": null, ""value"": ""6.137""}","{""action_type"": null, ""activity_comment"": null, ""activity_id"": 33796, ""activity_properties"": [], ""assay_chembl_id"": ""CHEMBL821446"", ""assay_description"": ""Binding affinity towards trypsin"", ""assay_type"": ""B"", ""assay_variant_accession"": null, ""assay_variant_mutation"": null, ""bao_endpoint"": ""BAO_0000192"", ""bao_format"": ""BAO_0000357"", ""bao_label"": ""single protein format"", ""canonical_smiles"": ""Cc1c(C)c(S(=O)(=O)N[C@@H](Cc2cccc(C(=N)N)c2)C(=O)N2CCC(C)CC2)c(C)c2c1OC(C)(C)CC2"", ""data_validity_comment"": null, ""data_validity_description"": null, ""document_chembl_id"": ""CHEMBL1132189"", ""document_journal"": ""J Med Chem"", ""document_year"": 1999, ""ligand_efficiency"": {""bei"": ""11.06"", ""le"": ""0.21"", ""lle"": ""1.99"", ""sei"": ""4.89""}, ""modality"": null, ""molecule_chembl_id"": ""CHEMBL142241"", ""molecule_pref_name"": null, ""parent_molecule_chembl_id"": ""CHEMBL142241"", ""pchembl_value"": ""6.14"", ""potential_duplicate"": 0, ""qudt_units"": ""http://www.openphacts.org/units/Nanomolar"", ""record_id"": 278743, ""relation"": ""="", ""src_id"": 1, ""standard_flag"": 1, ""standard_relation"": ""="", ""standard_text_value"": null, ""standard_type"": ""Ki"", ""standard_units"": ""nM"", ""standard_upper_value"": null, ""standard_value"": ""729.46"", ""target_chembl_id"": ""CHEMBL3769"", ""target_organism"": ""Bos taurus"", ""target_pref_name"": ""Serine protease 1"", ""target_tax_id"": ""9913"", ""text_value"": null, ""toid"": null, ""type"": ""pKi"", ""units"": null, ""uo_units"": ""UO_0000065"", ""upper_value"": null, ""value"": ""6.137""}"
"c1d6d891-f698-4732-9ffc-24f94bd3dfcf","chembl_activity","chembl_activity","chembl","silver","491","33797","33797","cf34cdf308bf0e3403af329135ea602e73a08b39d0ae69a4bbd6d0bed74a45a0","cf34cdf308bf0e3403af329135ea602e73a08b39d0ae69a4bbd6d0bed74a45a0","cf34cdf308bf0e3403af329135ea602e73a08b39d0ae69a4bbd6d0bed74a45a0","quarantined","SCHEMA_REQUIRED_FIELD_MISSING","Required field 'units' is missing: {""action_taken"": ""quarantine_original_record"", ""actual_python_type"": ""NoneType"", ""actual_value_preview"": ""None"", ""coercion_policy"": ""default"", ""empty_as_missing"": null, ""expected_logical_type"": ""string"", ""expected_physical_type"": ""str"", ""field"": ""units"", ""nullable"": false, ""optional"": false, ""optional_sources"": [""silver_required_fields""], ""policy_stage"": ""structural"", ""reason_code"": ""required_field_missing"", ""shadow_comparison"": ""structural_reject_silver_filter_reject"", ""silver_filter_shadow_reason_code"": ""required_field_missing""}","","silver","type","","","quarantine","2026-06-02T11:19:01.924061+00:00","{""action_type"": null, ""activity_comment"": null, ""activity_id"": 33797, ""activity_properties"": [], ""assay_chembl_id"": ""CHEMBL857787"", ""assay_description"": ""Binding affinity towards Coagulation factor Xa"", ""assay_type"": ""B"", ""assay_variant_accession"": null, ""assay_variant_mutation"": null, ""bao_endpoint"": ""BAO_0000192"", ""bao_format"": ""BAO_0000357"", ""bao_label"": ""single protein format"", ""canonical_smiles"": ""Cc1c(C)c(S(=O)(=O)N[C@@H](Cc2cccc(C(=N)N)c2)C(=O)N2CCC(C)CC2)c(C)c2c1OC(C)(C)CC2"", ""data_validity_comment"": null, ""data_validity_description"": null, ""document_chembl_id"": ""CHEMBL1132189"", ""document_journal"": ""J Med Chem"", ""document_year"": 1999, ""ligand_efficiency"": {""bei"": ""7.39"", ""le"": ""0.14"", ""lle"": ""-0.05"", ""sei"": ""3.26""}, ""modality"": null, ""molecule_chembl_id"": ""CHEMBL142241"", ""molecule_pref_name"": null, ""parent_molecule_chembl_id"": ""CHEMBL142241"", ""pchembl_value"": ""4.10"", ""potential_duplicate"": 0, ""qudt_units"": ""http://www.openphacts.org/units/Nanomolar"", ""record_id"": 278743, ""relation"": ""="", ""src_id"": 1, ""standard_flag"": 1, ""standard_relation"": ""="", ""standard_text_value"": null, ""standard_type"": ""Ki"", ""standard_units"": ""nM"", ""standard_upper_value"": null, ""standard_value"": ""79983.43"", ""target_chembl_id"": ""CHEMBL244"", ""target_organism"": ""Homo sapiens"", ""target_pref_name"": ""Coagulation factor X"", ""target_tax_id"": ""9606"", ""text_value"": null, ""toid"": null, ""type"": ""pKi"", ""units"": null, ""uo_units"": ""UO_0000065"", ""upper_value"": null, ""value"": ""4.097""}","{""action_type"": null, ""activity_comment"": null, ""activity_id"": 33797, ""activity_properties"": [], ""assay_chembl_id"": ""CHEMBL857787"", ""assay_description"": ""Binding affinity towards Coagulation factor Xa"", ""assay_type"": ""B"", ""assay_variant_accession"": null, ""assay_variant_mutation"": null, ""bao_endpoint"": ""BAO_0000192"", ""bao_format"": ""BAO_0000357"", ""bao_label"": ""single protein format"", ""canonical_smiles"": ""Cc1c(C)c(S(=O)(=O)N[C@@H](Cc2cccc(C(=N)N)c2)C(=O)N2CCC(C)CC2)c(C)c2c1OC(C)(C)CC2"", ""data_validity_comment"": null, ""data_validity_description"": null, ""document_chembl_id"": ""CHEMBL1132189"", ""document_journal"": ""J Med Chem"", ""document_year"": 1999, ""ligand_efficiency"": {""bei"": ""7.39"", ""le"": ""0.14"", ""lle"": ""-0.05"", ""sei"": ""3.26""}, ""modality"": null, ""molecule_chembl_id"": ""CHEMBL142241"", ""molecule_pref_name"": null, ""parent_molecule_chembl_id"": ""CHEMBL142241"", ""pchembl_value"": ""4.10"", ""potential_duplicate"": 0, ""qudt_units"": ""http://www.openphacts.org/units/Nanomolar"", ""record_id"": 278743, ""relation"": ""="", ""src_id"": 1, ""standard_flag"": 1, ""standard_relation"": ""="", ""standard_text_value"": null, ""standard_type"": ""Ki"", ""standard_units"": ""nM"", ""standard_upper_value"": null, ""standard_value"": ""79983.43"", ""target_chembl_id"": ""CHEMBL244"", ""target_organism"": ""Homo sapiens"", ""target_pref_name"": ""Coagulation factor X"", ""target_tax_id"": ""9606"", ""text_value"": null, ""toid"": null, ""type"": ""pKi"", ""units"": null, ""uo_units"": ""UO_0000065"", ""upper_value"": null, ""value"": ""4.097""}"
"c1d6d891-f698-4732-9ffc-24f94bd3dfcf","chembl_activity","chembl_activity","chembl","silver","492","33798","33798","2505854b554c74101d8b6d681cabe1e691d519c94ffada719c53391ab3a0edd8","2505854b554c74101d8b6d681cabe1e691d519c94ffada719c53391ab3a0edd8","2505854b554c74101d8b6d681cabe1e691d519c94ffada719c53391ab3a0edd8","quarantined","SCHEMA_REQUIRED_FIELD_MISSING","Required field 'units' is missing: {""action_taken"": ""quarantine_original_record"", ""actual_python_type"": ""NoneType"", ""actual_value_preview"": ""None"", ""coercion_policy"": ""default"", ""empty_as_missing"": null, ""expected_logical_type"": ""string"", ""expected_physical_type"": ""str"", ""field"": ""units"", ""nullable"": false, ""optional"": false, ""optional_sources"": [""silver_required_fields""], ""policy_stage"": ""structural"", ""reason_code"": ""required_field_missing"", ""shadow_comparison"": ""structural_reject_silver_filter_reject"", ""silver_filter_shadow_reason_code"": ""required_field_missing""}","","silver","type","","","quarantine","2026-06-02T11:19:01.926188+00:00","{""action_type"": null, ""activity_comment"": null, ""activity_id"": 33798, ""activity_properties"": [], ""assay_chembl_id"": ""CHEMBL815654"", ""assay_description"": ""Binding affinity towards thrombin"", ""assay_type"": ""B"", ""assay_variant_accession"": null, ""assay_variant_mutation"": null, ""bao_endpoint"": ""BAO_0000192"", ""bao_format"": ""BAO_0000357"", ""bao_label"": ""single protein format"", ""canonical_smiles"": ""COC(=O)[C@H]1CCCN(C(=O)[C@H](Cc2cccc(C(=N)N)c2)NS(=O)(=O)c2ccc3ccccc3c2)C1"", ""data_validity_comment"": null, ""data_validity_description"": null, ""document_chembl_id"": ""CHEMBL1132189"", ""document_journal"": ""J Med Chem"", ""document_year"": 1999, ""ligand_efficiency"": {""bei"": ""13.05"", ""le"": ""0.25"", ""lle"": ""4.39"", ""sei"": ""4.78""}, ""modality"": null, ""molecule_chembl_id"": ""CHEMBL145517"", ""molecule_pref_name"": null, ""parent_molecule_chembl_id"": ""CHEMBL145517"", ""pchembl_value"": ""6.82"", ""potential_duplicate"": 0, ""qudt_units"": ""http://www.openphacts.org/units/Nanomolar"", ""record_id"": 278797, ""relation"": ""="", ""src_id"": 1, ""standard_flag"": 1, ""standard_relation"": ""="", ""standard_text_value"": null, ""standard_type"": ""Ki"", ""standard_units"": ""nM"", ""standard_upper_value"": null, ""standard_value"": ""151.36"", ""target_chembl_id"": ""CHEMBL4471"", ""target_organism"": ""Bos taurus"", ""target_pref_name"": ""Prothrombin"", ""target_tax_id"": ""9913"", ""text_value"": null, ""toid"": null, ""type"": ""pKi"", ""units"": null, ""uo_units"": ""UO_0000065"", ""upper_value"": null, ""value"": ""6.82""}","{""action_type"": null, ""activity_comment"": null, ""activity_id"": 33798, ""activity_properties"": [], ""assay_chembl_id"": ""CHEMBL815654"", ""assay_description"": ""Binding affinity towards thrombin"", ""assay_type"": ""B"", ""assay_variant_accession"": null, ""assay_variant_mutation"": null, ""bao_endpoint"": ""BAO_0000192"", ""bao_format"": ""BAO_0000357"", ""bao_label"": ""single protein format"", ""canonical_smiles"": ""COC(=O)[C@H]1CCCN(C(=O)[C@H](Cc2cccc(C(=N)N)c2)NS(=O)(=O)c2ccc3ccccc3c2)C1"", ""data_validity_comment"": null, ""data_validity_description"": null, ""document_chembl_id"": ""CHEMBL1132189"", ""document_journal"": ""J Med Chem"", ""document_year"": 1999, ""ligand_efficiency"": {""bei"": ""13.05"", ""le"": ""0.25"", ""lle"": ""4.39"", ""sei"": ""4.78""}, ""modality"": null, ""molecule_chembl_id"": ""CHEMBL145517"", ""molecule_pref_name"": null, ""parent_molecule_chembl_id"": ""CHEMBL145517"", ""pchembl_value"": ""6.82"", ""potential_duplicate"": 0, ""qudt_units"": ""http://www.openphacts.org/units/Nanomolar"", ""record_id"": 278797, ""relation"": ""="", ""src_id"": 1, ""standard_flag"": 1, ""standard_relation"": ""="", ""standard_text_value"": null, ""standard_type"": ""Ki"", ""standard_units"": ""nM"", ""standard_upper_value"": null, ""standard_value"": ""151.36"", ""target_chembl_id"": ""CHEMBL4471"", ""target_organism"": ""Bos taurus"", ""target_pref_name"": ""Prothrombin"", ""target_tax_id"": ""9913"", ""text_value"": null, ""toid"": null, ""type"": ""pKi"", ""units"": null, ""uo_units"": ""UO_0000065"", ""upper_value"": null, ""value"": ""6.82""}"
"c1d6d891-f698-4732-9ffc-24f94bd3dfcf","chembl_activity","chembl_activity","chembl","silver","493","33799","33799","923dd7130f08f55d4d6e26ee2ed5f4dbd18363fc7455ce07d8a6b3ea258ed3eb","923dd7130f08f55d4d6e26ee2ed5f4dbd18363fc7455ce07d8a6b3ea258ed3eb","923dd7130f08f55d4d6e26ee2ed5f4dbd18363fc7455ce07d8a6b3ea258ed3eb","quarantined","SCHEMA_REQUIRED_FIELD_MISSING","Required field 'units' is missing: {""action_taken"": ""quarantine_original_record"", ""actual_python_type"": ""NoneType"", ""actual_value_preview"": ""None"", ""coercion_policy"": ""default"", ""empty_as_missing"": null, ""expected_logical_type"": ""string"", ""expected_physical_type"": ""str"", ""field"": ""units"", ""nullable"": false, ""optional"": false, ""optional_sources"": [""silver_required_fields""], ""policy_stage"": ""structural"", ""reason_code"": ""required_field_missing"", ""shadow_comparison"": ""structural_reject_silver_filter_reject"", ""silver_filter_shadow_reason_code"": ""required_field_missing""}","","silver","type","","","quarantine","2026-06-02T11:19:01.928315+00:00","{""action_type"": null, ""activity_comment"": null, ""activity_id"": 33799, ""activity_properties"": [], ""assay_chembl_id"": ""CHEMBL821446"", ""assay_description"": ""Binding affinity towards trypsin"", ""assay_type"": ""B"", ""assay_variant_accession"": null, ""assay_variant_mutation"": null, ""bao_endpoint"": ""BAO_0000192"", ""bao_format"": ""BAO_0000357"", ""bao_label"": ""single protein format"", ""canonical_smiles"": ""COC(=O)[C@H]1CCCN(C(=O)[C@H](Cc2cccc(C(=N)N)c2)NS(=O)(=O)c2ccc3ccccc3c2)C1"", ""data_validity_comment"": null, ""data_validity_description"": null, ""document_chembl_id"": ""CHEMBL1132189"", ""document_journal"": ""J Med Chem"", ""document_year"": 1999, ""ligand_efficiency"": {""bei"": ""12.26"", ""le"": ""0.24"", ""lle"": ""3.98"", ""sei"": ""4.49""}, ""modality"": null, ""molecule_chembl_id"": ""CHEMBL145517"", ""molecule_pref_name"": null, ""parent_molecule_chembl_id"": ""CHEMBL145517"", ""pchembl_value"": ""6.41"", ""potential_duplicate"": 0, ""qudt_units"": ""http://www.openphacts.org/units/Nanomolar"", ""record_id"": 278797, ""relation"": ""="", ""src_id"": 1, ""standard_flag"": 1, ""standard_relation"": ""="", ""standard_text_value"": null, ""standard_type"": ""Ki"", ""standard_units"": ""nM"", ""standard_upper_value"": null, ""standard_value"": ""389.05"", ""target_chembl_id"": ""CHEMBL3769"", ""target_organism"": ""Bos taurus"", ""target_pref_name"": ""Serine protease 1"", ""target_tax_id"": ""9913"", ""text_value"": null, ""toid"": null, ""type"": ""pKi"", ""units"": null, ""uo_units"": ""UO_0000065"", ""upper_value"": null, ""value"": ""6.41""}","{""action_type"": null, ""activity_comment"": null, ""activity_id"": 33799, ""activity_properties"": [], ""assay_chembl_id"": ""CHEMBL821446"", ""assay_description"": ""Binding affinity towards trypsin"", ""assay_type"": ""B"", ""assay_variant_accession"": null, ""assay_variant_mutation"": null, ""bao_endpoint"": ""BAO_0000192"", ""bao_format"": ""BAO_0000357"", ""bao_label"": ""single protein format"", ""canonical_smiles"": ""COC(=O)[C@H]1CCCN(C(=O)[C@H](Cc2cccc(C(=N)N)c2)NS(=O)(=O)c2ccc3ccccc3c2)C1"", ""data_validity_comment"": null, ""data_validity_description"": null, ""document_chembl_id"": ""CHEMBL1132189"", ""document_journal"": ""J Med Chem"", ""document_year"": 1999, ""ligand_efficiency"": {""bei"": ""12.26"", ""le"": ""0.24"", ""lle"": ""3.98"", ""sei"": ""4.49""}, ""modality"": null, ""molecule_chembl_id"": ""CHEMBL145517"", ""molecule_pref_name"": null, ""parent_molecule_chembl_id"": ""CHEMBL145517"", ""pchembl_value"": ""6.41"", ""potential_duplicate"": 0, ""qudt_units"": ""http://www.openphacts.org/units/Nanomolar"", ""record_id"": 278797, ""relation"": ""="", ""src_id"": 1, ""standard_flag"": 1, ""standard_relation"": ""="", ""standard_text_value"": null, ""standard_type"": ""Ki"", ""standard_units"": ""nM"", ""standard_upper_value"": null, ""standard_value"": ""389.05"", ""target_chembl_id"": ""CHEMBL3769"", ""target_organism"": ""Bos taurus"", ""target_pref_name"": ""Serine protease 1"", ""target_tax_id"": ""9913"", ""text_value"": null, ""toid"": null, ""type"": ""pKi"", ""units"": null, ""uo_units"": ""UO_0000065"", ""upper_value"": null, ""value"": ""6.41""}"
"c1d6d891-f698-4732-9ffc-24f94bd3dfcf","chembl_activity","chembl_activity","chembl","silver","494","33800","33800","42774c75e71a16358a2fae1673b549804a1b4ad4b47050c50814efe5bd3c719e","42774c75e71a16358a2fae1673b549804a1b4ad4b47050c50814efe5bd3c719e","42774c75e71a16358a2fae1673b549804a1b4ad4b47050c50814efe5bd3c719e","quarantined","SCHEMA_REQUIRED_FIELD_MISSING","Required field 'units' is missing: {""action_taken"": ""quarantine_original_record"", ""actual_python_type"": ""NoneType"", ""actual_value_preview"": ""None"", ""coercion_policy"": ""default"", ""empty_as_missing"": null, ""expected_logical_type"": ""string"", ""expected_physical_type"": ""str"", ""field"": ""units"", ""nullable"": false, ""optional"": false, ""optional_sources"": [""silver_required_fields""], ""policy_stage"": ""structural"", ""reason_code"": ""required_field_missing"", ""shadow_comparison"": ""structural_reject_silver_filter_reject"", ""silver_filter_shadow_reason_code"": ""required_field_missing""}","","silver","type","","","quarantine","2026-06-02T11:19:01.930605+00:00","{""action_type"": null, ""activity_comment"": null, ""activity_id"": 33800, ""activity_properties"": [], ""assay_chembl_id"": ""CHEMBL857787"", ""assay_description"": ""Binding affinity towards Coagulation factor Xa"", ""assay_type"": ""B"", ""assay_variant_accession"": null, ""assay_variant_mutation"": null, ""bao_endpoint"": ""BAO_0000192"", ""bao_format"": ""BAO_0000357"", ""bao_label"": ""single protein format"", ""canonical_smiles"": ""COC(=O)[C@H]1CCCN(C(=O)[C@H](Cc2cccc(C(=N)N)c2)NS(=O)(=O)c2ccc3ccccc3c2)C1"", ""data_validity_comment"": null, ""data_validity_description"": null, ""document_chembl_id"": ""CHEMBL1132189"", ""document_journal"": ""J Med Chem"", ""document_year"": 1999, ""ligand_efficiency"": {""bei"": ""9.08"", ""le"": ""0.18"", ""lle"": ""2.31"", ""sei"": ""3.33""}, ""modality"": null, ""molecule_chembl_id"": ""CHEMBL145517"", ""molecule_pref_name"": null, ""parent_molecule_chembl_id"": ""CHEMBL145517"", ""pchembl_value"": ""4.75"", ""potential_duplicate"": 0, ""qudt_units"": ""http://www.openphacts.org/units/Nanomolar"", ""record_id"": 278797, ""relation"": ""="", ""src_id"": 1, ""standard_flag"": 1, ""standard_relation"": ""="", ""standard_text_value"": null, ""standard_type"": ""Ki"", ""standard_units"": ""nM"", ""standard_upper_value"": null, ""standard_value"": ""17988.71"", ""target_chembl_id"": ""CHEMBL244"", ""target_organism"": ""Homo sapiens"", ""target_pref_name"": ""Coagulation factor X"", ""target_tax_id"": ""9606"", ""text_value"": null, ""toid"": null, ""type"": ""pKi"", ""units"": null, ""uo_units"": ""UO_0000065"", ""upper_value"": null, ""value"": ""4.745""}","{""action_type"": null, ""activity_comment"": null, ""activity_id"": 33800, ""activity_properties"": [], ""assay_chembl_id"": ""CHEMBL857787"", ""assay_description"": ""Binding affinity towards Coagulation factor Xa"", ""assay_type"": ""B"", ""assay_variant_accession"": null, ""assay_variant_mutation"": null, ""bao_endpoint"": ""BAO_0000192"", ""bao_format"": ""BAO_0000357"", ""bao_label"": ""single protein format"", ""canonical_smiles"": ""COC(=O)[C@H]1CCCN(C(=O)[C@H](Cc2cccc(C(=N)N)c2)NS(=O)(=O)c2ccc3ccccc3c2)C1"", ""data_validity_comment"": null, ""data_validity_description"": null, ""document_chembl_id"": ""CHEMBL1132189"", ""document_journal"": ""J Med Chem"", ""document_year"": 1999, ""ligand_efficiency"": {""bei"": ""9.08"", ""le"": ""0.18"", ""lle"": ""2.31"", ""sei"": ""3.33""}, ""modality"": null, ""molecule_chembl_id"": ""CHEMBL145517"", ""molecule_pref_name"": null, ""parent_molecule_chembl_id"": ""CHEMBL145517"", ""pchembl_value"": ""4.75"", ""potential_duplicate"": 0, ""qudt_units"": ""http://www.openphacts.org/units/Nanomolar"", ""record_id"": 278797, ""relation"": ""="", ""src_id"": 1, ""standard_flag"": 1, ""standard_relation"": ""="", ""standard_text_value"": null, ""standard_type"": ""Ki"", ""standard_units"": ""nM"", ""standard_upper_value"": null, ""standard_value"": ""17988.71"", ""target_chembl_id"": ""CHEMBL244"", ""target_organism"": ""Homo sapiens"", ""target_pref_name"": ""Coagulation factor X"", ""target_tax_id"": ""9606"", ""text_value"": null, ""toid"": null, ""type"": ""pKi"", ""units"": null, ""uo_units"": ""UO_0000065"", ""upper_value"": null, ""value"": ""4.745""}"
"c1d6d891-f698-4732-9ffc-24f94bd3dfcf","chembl_activity","chembl_activity","chembl","silver","495","33801","33801","867c8484f015d98145852a0ec18e7560b3d038b250b687b0b18f99597ba9d914","867c8484f015d98145852a0ec18e7560b3d038b250b687b0b18f99597ba9d914","867c8484f015d98145852a0ec18e7560b3d038b250b687b0b18f99597ba9d914","quarantined","SCHEMA_REQUIRED_FIELD_MISSING","Required field 'units' is missing: {""action_taken"": ""quarantine_original_record"", ""actual_python_type"": ""NoneType"", ""actual_value_preview"": ""None"", ""coercion_policy"": ""default"", ""empty_as_missing"": null, ""expected_logical_type"": ""string"", ""expected_physical_type"": ""str"", ""field"": ""units"", ""nullable"": false, ""optional"": false, ""optional_sources"": [""silver_required_fields""], ""policy_stage"": ""structural"", ""reason_code"": ""required_field_missing"", ""shadow_comparison"": ""structural_reject_silver_filter_reject"", ""silver_filter_shadow_reason_code"": ""required_field_missing""}","","silver","type","","","quarantine","2026-06-02T11:19:01.932806+00:00","{""action_type"": null, ""activity_comment"": null, ""activity_id"": 33801, ""activity_properties"": [], ""assay_chembl_id"": ""CHEMBL815654"", ""assay_description"": ""Binding affinity towards thrombin"", ""assay_type"": ""B"", ""assay_variant_accession"": null, ""assay_variant_mutation"": null, ""bao_endpoint"": ""BAO_0000192"", ""bao_format"": ""BAO_0000357"", ""bao_label"": ""single protein format"", ""canonical_smiles"": ""N=C(N)c1cccc(C[C@H](NS(=O)(=O)c2ccc3ccccc3c2)C(=O)N2CCCC[C@@H]2C(=O)O)c1"", ""data_validity_comment"": null, ""data_validity_description"": null, ""document_chembl_id"": ""CHEMBL1132189"", ""document_journal"": ""J Med Chem"", ""document_year"": 1999, ""ligand_efficiency"": {""bei"": ""12.95"", ""le"": ""0.25"", ""lle"": ""4.10"", ""sei"": ""4.29""}, ""modality"": null, ""molecule_chembl_id"": ""CHEMBL1161253"", ""molecule_pref_name"": null, ""parent_molecule_chembl_id"": ""CHEMBL1161253"", ""pchembl_value"": ""6.58"", ""potential_duplicate"": 0, ""qudt_units"": ""http://www.openphacts.org/units/Nanomolar"", ""record_id"": 278764, ""relation"": ""="", ""src_id"": 1, ""standard_flag"": 1, ""standard_relation"": ""="", ""standard_text_value"": null, ""standard_type"": ""Ki"", ""standard_units"": ""nM"", ""standard_upper_value"": null, ""standard_value"": ""260.02"", ""target_chembl_id"": ""CHEMBL4471"", ""target_organism"": ""Bos taurus"", ""target_pref_name"": ""Prothrombin"", ""target_tax_id"": ""9913"", ""text_value"": null, ""toid"": null, ""type"": ""pKi"", ""units"": null, ""uo_units"": ""UO_0000065"", ""upper_value"": null, ""value"": ""6.585""}","{""action_type"": null, ""activity_comment"": null, ""activity_id"": 33801, ""activity_properties"": [], ""assay_chembl_id"": ""CHEMBL815654"", ""assay_description"": ""Binding affinity towards thrombin"", ""assay_type"": ""B"", ""assay_variant_accession"": null, ""assay_variant_mutation"": null, ""bao_endpoint"": ""BAO_0000192"", ""bao_format"": ""BAO_0000357"", ""bao_label"": ""single protein format"", ""canonical_smiles"": ""N=C(N)c1cccc(C[C@H](NS(=O)(=O)c2ccc3ccccc3c2)C(=O)N2CCCC[C@@H]2C(=O)O)c1"", ""data_validity_comment"": null, ""data_validity_description"": null, ""document_chembl_id"": ""CHEMBL1132189"", ""document_journal"": ""J Med Chem"", ""document_year"": 1999, ""ligand_efficiency"": {""bei"": ""12.95"", ""le"": ""0.25"", ""lle"": ""4.10"", ""sei"": ""4.29""}, ""modality"": null, ""molecule_chembl_id"": ""CHEMBL1161253"", ""molecule_pref_name"": null, ""parent_molecule_chembl_id"": ""CHEMBL1161253"", ""pchembl_value"": ""6.58"", ""potential_duplicate"": 0, ""qudt_units"": ""http://www.openphacts.org/units/Nanomolar"", ""record_id"": 278764, ""relation"": ""="", ""src_id"": 1, ""standard_flag"": 1, ""standard_relation"": ""="", ""standard_text_value"": null, ""standard_type"": ""Ki"", ""standard_units"": ""nM"", ""standard_upper_value"": null, ""standard_value"": ""260.02"", ""target_chembl_id"": ""CHEMBL4471"", ""target_organism"": ""Bos taurus"", ""target_pref_name"": ""Prothrombin"", ""target_tax_id"": ""9913"", ""text_value"": null, ""toid"": null, ""type"": ""pKi"", ""units"": null, ""uo_units"": ""UO_0000065"", ""upper_value"": null, ""value"": ""6.585""}"
"c1d6d891-f698-4732-9ffc-24f94bd3dfcf","chembl_activity","chembl_activity","chembl","silver","496","33802","33802","aa85a73f42da0a27f39c0be52f4681ae7420a52b71a7a2ec1f64c0a8274f0aba","aa85a73f42da0a27f39c0be52f4681ae7420a52b71a7a2ec1f64c0a8274f0aba","aa85a73f42da0a27f39c0be52f4681ae7420a52b71a7a2ec1f64c0a8274f0aba","quarantined","SCHEMA_REQUIRED_FIELD_MISSING","Required field 'units' is missing: {""action_taken"": ""quarantine_original_record"", ""actual_python_type"": ""NoneType"", ""actual_value_preview"": ""None"", ""coercion_policy"": ""default"", ""empty_as_missing"": null, ""expected_logical_type"": ""string"", ""expected_physical_type"": ""str"", ""field"": ""units"", ""nullable"": false, ""optional"": false, ""optional_sources"": [""silver_required_fields""], ""policy_stage"": ""structural"", ""reason_code"": ""required_field_missing"", ""shadow_comparison"": ""structural_reject_silver_filter_reject"", ""silver_filter_shadow_reason_code"": ""required_field_missing""}","","silver","type","","","quarantine","2026-06-02T11:19:01.936128+00:00","{""action_type"": null, ""activity_comment"": null, ""activity_id"": 33802, ""activity_properties"": [], ""assay_chembl_id"": ""CHEMBL821446"", ""assay_description"": ""Binding affinity towards trypsin"", ""assay_type"": ""B"", ""assay_variant_accession"": null, ""assay_variant_mutation"": null, ""bao_endpoint"": ""BAO_0000192"", ""bao_format"": ""BAO_0000357"", ""bao_label"": ""single protein format"", ""canonical_smiles"": ""N=C(N)c1cccc(C[C@H](NS(=O)(=O)c2ccc3ccccc3c2)C(=O)N2CCCC[C@@H]2C(=O)O)c1"", ""data_validity_comment"": null, ""data_validity_description"": null, ""document_chembl_id"": ""CHEMBL1132189"", ""document_journal"": ""J Med Chem"", ""document_year"": 1999, ""ligand_efficiency"": {""bei"": ""12.19"", ""le"": ""0.24"", ""lle"": ""3.72"", ""sei"": ""4.04""}, ""modality"": null, ""molecule_chembl_id"": ""CHEMBL1161253"", ""molecule_pref_name"": null, ""parent_molecule_chembl_id"": ""CHEMBL1161253"", ""pchembl_value"": ""6.20"", ""potential_duplicate"": 0, ""qudt_units"": ""http://www.openphacts.org/units/Nanomolar"", ""record_id"": 278764, ""relation"": ""="", ""src_id"": 1, ""standard_flag"": 1, ""standard_relation"": ""="", ""standard_text_value"": null, ""standard_type"": ""Ki"", ""standard_units"": ""nM"", ""standard_upper_value"": null, ""standard_value"": ""630.96"", ""target_chembl_id"": ""CHEMBL3769"", ""target_organism"": ""Bos taurus"", ""target_pref_name"": ""Serine protease 1"", ""target_tax_id"": ""9913"", ""text_value"": null, ""toid"": null, ""type"": ""pKi"", ""units"": null, ""uo_units"": ""UO_0000065"", ""upper_value"": null, ""value"": ""6.2""}","{""action_type"": null, ""activity_comment"": null, ""activity_id"": 33802, ""activity_properties"": [], ""assay_chembl_id"": ""CHEMBL821446"", ""assay_description"": ""Binding affinity towards trypsin"", ""assay_type"": ""B"", ""assay_variant_accession"": null, ""assay_variant_mutation"": null, ""bao_endpoint"": ""BAO_0000192"", ""bao_format"": ""BAO_0000357"", ""bao_label"": ""single protein format"", ""canonical_smiles"": ""N=C(N)c1cccc(C[C@H](NS(=O)(=O)c2ccc3ccccc3c2)C(=O)N2CCCC[C@@H]2C(=O)O)c1"", ""data_validity_comment"": null, ""data_validity_description"": null, ""document_chembl_id"": ""CHEMBL1132189"", ""document_journal"": ""J Med Chem"", ""document_year"": 1999, ""ligand_efficiency"": {""bei"": ""12.19"", ""le"": ""0.24"", ""lle"": ""3.72"", ""sei"": ""4.04""}, ""modality"": null, ""molecule_chembl_id"": ""CHEMBL1161253"", ""molecule_pref_name"": null, ""parent_molecule_chembl_id"": ""CHEMBL1161253"", ""pchembl_value"": ""6.20"", ""potential_duplicate"": 0, ""qudt_units"": ""http://www.openphacts.org/units/Nanomolar"", ""record_id"": 278764, ""relation"": ""="", ""src_id"": 1, ""standard_flag"": 1, ""standard_relation"": ""="", ""standard_text_value"": null, ""standard_type"": ""Ki"", ""standard_units"": ""nM"", ""standard_upper_value"": null, ""standard_value"": ""630.96"", ""target_chembl_id"": ""CHEMBL3769"", ""target_organism"": ""Bos taurus"", ""target_pref_name"": ""Serine protease 1"", ""target_tax_id"": ""9913"", ""text_value"": null, ""toid"": null, ""type"": ""pKi"", ""units"": null, ""uo_units"": ""UO_0000065"", ""upper_value"": null, ""value"": ""6.2""}"
"c1d6d891-f698-4732-9ffc-24f94bd3dfcf","chembl_activity","chembl_activity","chembl","silver","497","33803","33803","dffc70a1a147935650effe9d9f462c9dabca87a5800579a31ba911b2caa81a40","dffc70a1a147935650effe9d9f462c9dabca87a5800579a31ba911b2caa81a40","dffc70a1a147935650effe9d9f462c9dabca87a5800579a31ba911b2caa81a40","quarantined","SCHEMA_REQUIRED_FIELD_MISSING","Required field 'units' is missing: {""action_taken"": ""quarantine_original_record"", ""actual_python_type"": ""NoneType"", ""actual_value_preview"": ""None"", ""coercion_policy"": ""default"", ""empty_as_missing"": null, ""expected_logical_type"": ""string"", ""expected_physical_type"": ""str"", ""field"": ""units"", ""nullable"": false, ""optional"": false, ""optional_sources"": [""silver_required_fields""], ""policy_stage"": ""structural"", ""reason_code"": ""required_field_missing"", ""shadow_comparison"": ""structural_reject_silver_filter_reject"", ""silver_filter_shadow_reason_code"": ""required_field_missing""}","","silver","type","","","quarantine","2026-06-02T11:19:01.938167+00:00","{""action_type"": null, ""activity_comment"": null, ""activity_id"": 33803, ""activity_properties"": [], ""assay_chembl_id"": ""CHEMBL857787"", ""assay_description"": ""Binding affinity towards Coagulation factor Xa"", ""assay_type"": ""B"", ""assay_variant_accession"": null, ""assay_variant_mutation"": null, ""bao_endpoint"": ""BAO_0000192"", ""bao_format"": ""BAO_0000357"", ""bao_label"": ""single protein format"", ""canonical_smiles"": ""N=C(N)c1cccc(C[C@H](NS(=O)(=O)c2ccc3ccccc3c2)C(=O)N2CCCC[C@@H]2C(=O)O)c1"", ""data_validity_comment"": null, ""data_validity_description"": null, ""document_chembl_id"": ""CHEMBL1132189"", ""document_journal"": ""J Med Chem"", ""document_year"": 1999, ""ligand_efficiency"": {""bei"": ""8.69"", ""le"": ""0.17"", ""lle"": ""1.94"", ""sei"": ""2.88""}, ""modality"": null, ""molecule_chembl_id"": ""CHEMBL1161253"", ""molecule_pref_name"": null, ""parent_molecule_chembl_id"": ""CHEMBL1161253"", ""pchembl_value"": ""4.42"", ""potential_duplicate"": 0, ""qudt_units"": ""http://www.openphacts.org/units/Nanomolar"", ""record_id"": 278764, ""relation"": ""="", ""src_id"": 1, ""standard_flag"": 1, ""standard_relation"": ""="", ""standard_text_value"": null, ""standard_type"": ""Ki"", ""standard_units"": ""nM"", ""standard_upper_value"": null, ""standard_value"": ""38018.94"", ""target_chembl_id"": ""CHEMBL244"", ""target_organism"": ""Homo sapiens"", ""target_pref_name"": ""Coagulation factor X"", ""target_tax_id"": ""9606"", ""text_value"": null, ""toid"": null, ""type"": ""pKi"", ""units"": null, ""uo_units"": ""UO_0000065"", ""upper_value"": null, ""value"": ""4.42""}","{""action_type"": null, ""activity_comment"": null, ""activity_id"": 33803, ""activity_properties"": [], ""assay_chembl_id"": ""CHEMBL857787"", ""assay_description"": ""Binding affinity towards Coagulation factor Xa"", ""assay_type"": ""B"", ""assay_variant_accession"": null, ""assay_variant_mutation"": null, ""bao_endpoint"": ""BAO_0000192"", ""bao_format"": ""BAO_0000357"", ""bao_label"": ""single protein format"", ""canonical_smiles"": ""N=C(N)c1cccc(C[C@H](NS(=O)(=O)c2ccc3ccccc3c2)C(=O)N2CCCC[C@@H]2C(=O)O)c1"", ""data_validity_comment"": null, ""data_validity_description"": null, ""document_chembl_id"": ""CHEMBL1132189"", ""document_journal"": ""J Med Chem"", ""document_year"": 1999, ""ligand_efficiency"": {""bei"": ""8.69"", ""le"": ""0.17"", ""lle"": ""1.94"", ""sei"": ""2.88""}, ""modality"": null, ""molecule_chembl_id"": ""CHEMBL1161253"", ""molecule_pref_name"": null, ""parent_molecule_chembl_id"": ""CHEMBL1161253"", ""pchembl_value"": ""4.42"", ""potential_duplicate"": 0, ""qudt_units"": ""http://www.openphacts.org/units/Nanomolar"", ""record_id"": 278764, ""relation"": ""="", ""src_id"": 1, ""standard_flag"": 1, ""standard_relation"": ""="", ""standard_text_value"": null, ""standard_type"": ""Ki"", ""standard_units"": ""nM"", ""standard_upper_value"": null, ""standard_value"": ""38018.94"", ""target_chembl_id"": ""CHEMBL244"", ""target_organism"": ""Homo sapiens"", ""target_pref_name"": ""Coagulation factor X"", ""target_tax_id"": ""9606"", ""text_value"": null, ""toid"": null, ""type"": ""pKi"", ""units"": null, ""uo_units"": ""UO_0000065"", ""upper_value"": null, ""value"": ""4.42""}"
"c1d6d891-f698-4732-9ffc-24f94bd3dfcf","chembl_activity","chembl_activity","chembl","silver","624","34333","34333","c748a9f5c8eef3749fe75fb94ed5fed2ce4cfef8c80429dc4c0fe47645b8ab41","c748a9f5c8eef3749fe75fb94ed5fed2ce4cfef8c80429dc4c0fe47645b8ab41","c748a9f5c8eef3749fe75fb94ed5fed2ce4cfef8c80429dc4c0fe47645b8ab41","quarantined","SCHEMA_REQUIRED_FIELD_MISSING","Required field 'units' is missing: {""action_taken"": ""quarantine_original_record"", ""actual_python_type"": ""NoneType"", ""actual_value_preview"": ""None"", ""coercion_policy"": ""default"", ""empty_as_missing"": null, ""expected_logical_type"": ""string"", ""expected_physical_type"": ""str"", ""field"": ""units"", ""nullable"": false, ""optional"": false, ""optional_sources"": [""silver_required_fields""], ""policy_stage"": ""structural"", ""reason_code"": ""required_field_missing"", ""shadow_comparison"": ""structural_reject_silver_filter_reject"", ""silver_filter_shadow_reason_code"": ""required_field_missing""}","","silver","type","","","quarantine","2026-06-02T11:19:02.286121+00:00","{""action_type"": null, ""activity_comment"": null, ""activity_id"": 34333, ""activity_properties"": [], ""assay_chembl_id"": ""CHEMBL858266"", ""assay_description"": ""Inhibition constant against Bacillus subtilis azp-12 DNA topoisomerase III (mutant enzyme)."", ""assay_type"": ""B"", ""assay_variant_accession"": null, ""assay_variant_mutation"": null, ""bao_endpoint"": ""BAO_0000192"", ""bao_format"": ""BAO_0000357"", ""bao_label"": ""single protein format"", ""canonical_smiles"": ""O=c1cc(Nc2ccc(Cl)cc2)[nH]c(=O)[nH]1"", ""data_validity_comment"": null, ""data_validity_description"": null, ""document_chembl_id"": ""CHEMBL1122565"", ""document_journal"": ""J Med Chem"", ""document_year"": 1984, ""ligand_efficiency"": {""bei"": ""20.41"", ""le"": ""0.41"", ""lle"": ""3.39"", ""sei"": ""6.24""}, ""modality"": null, ""molecule_chembl_id"": ""CHEMBL51694"", ""molecule_pref_name"": null, ""parent_molecule_chembl_id"": ""CHEMBL51694"", ""pchembl_value"": ""4.85"", ""potential_duplicate"": 0, ""qudt_units"": ""http://www.openphacts.org/units/Nanomolar"", ""record_id"": 91171, ""relation"": ""="", ""src_id"": 1, ""standard_flag"": 1, ""standard_relation"": ""="", ""standard_text_value"": null, ""standard_type"": ""Ki"", ""standard_units"": ""nM"", ""standard_upper_value"": null, ""standard_value"": ""14092.89"", ""target_chembl_id"": ""CHEMBL4320"", ""target_organism"": ""Bacillus subtilis (strain 168)"", ""target_pref_name"": ""DNA topoisomerase 3"", ""target_tax_id"": ""224308"", ""text_value"": null, ""toid"": null, ""type"": ""Log 1/Ki"", ""units"": null, ""uo_units"": ""UO_0000065"", ""upper_value"": null, ""value"": ""4.851""}","{""action_type"": null, ""activity_comment"": null, ""activity_id"": 34333, ""activity_properties"": [], ""assay_chembl_id"": ""CHEMBL858266"", ""assay_description"": ""Inhibition constant against Bacillus subtilis azp-12 DNA topoisomerase III (mutant enzyme)."", ""assay_type"": ""B"", ""assay_variant_accession"": null, ""assay_variant_mutation"": null, ""bao_endpoint"": ""BAO_0000192"", ""bao_format"": ""BAO_0000357"", ""bao_label"": ""single protein format"", ""canonical_smiles"": ""O=c1cc(Nc2ccc(Cl)cc2)[nH]c(=O)[nH]1"", ""data_validity_comment"": null, ""data_validity_description"": null, ""document_chembl_id"": ""CHEMBL1122565"", ""document_journal"": ""J Med Chem"", ""document_year"": 1984, ""ligand_efficiency"": {""bei"": ""20.41"", ""le"": ""0.41"", ""lle"": ""3.39"", ""sei"": ""6.24""}, ""modality"": null, ""molecule_chembl_id"": ""CHEMBL51694"", ""molecule_pref_name"": null, ""parent_molecule_chembl_id"": ""CHEMBL51694"", ""pchembl_value"": ""4.85"", ""potential_duplicate"": 0, ""qudt_units"": ""http://www.openphacts.org/units/Nanomolar"", ""record_id"": 91171, ""relation"": ""="", ""src_id"": 1, ""standard_flag"": 1, ""standard_relation"": ""="", ""standard_text_value"": null, ""standard_type"": ""Ki"", ""standard_units"": ""nM"", ""standard_upper_value"": null, ""standard_value"": ""14092.89"", ""target_chembl_id"": ""CHEMBL4320"", ""target_organism"": ""Bacillus subtilis (strain 168)"", ""target_pref_name"": ""DNA topoisomerase 3"", ""target_tax_id"": ""224308"", ""text_value"": null, ""toid"": null, ""type"": ""Log 1/Ki"", ""units"": null, ""uo_units"": ""UO_0000065"", ""upper_value"": null, ""value"": ""4.851""}"
"c1d6d891-f698-4732-9ffc-24f94bd3dfcf","chembl_activity","chembl_activity","chembl","silver","673","34604","34604","26b8047bdf06663af406a05908416db5fcc5a6e8b300de21fd9904b252075880","26b8047bdf06663af406a05908416db5fcc5a6e8b300de21fd9904b252075880","26b8047bdf06663af406a05908416db5fcc5a6e8b300de21fd9904b252075880","quarantined","DQ_HARD_RULE_FAILED","Runtime DQ validation failed: disposition=quarantine; rules=[field.units.pattern]","field.units.pattern","silver","units","","","quarantine","2026-06-02T11:19:02.438163+00:00","{""action_type"": null, ""activity_comment"": null, ""activity_id"": 34604, ""activity_properties"": [], ""assay_chembl_id"": ""CHEMBL804962"", ""assay_description"": ""Binding affinity against the sigma receptor from guinea pig brain using the radioligand [3H]SKF-10047"", ""assay_type"": ""B"", ""assay_variant_accession"": null, ""assay_variant_mutation"": null, ""bao_endpoint"": ""BAO_0000192"", ""bao_format"": ""BAO_0000019"", ""bao_label"": ""assay format"", ""canonical_smiles"": ""COc1ccc(N2C[C@@H](CN3CCC(O)(c4ccc(Cl)cc4)CC3)OC2=O)cc1"", ""data_validity_comment"": null, ""data_validity_description"": null, ""document_chembl_id"": ""CHEMBL1126398"", ""document_journal"": ""Bioorg Med Chem Lett"", ""document_year"": 1992, ""ligand_efficiency"": {""bei"": ""15.76"", ""le"": ""0.31"", ""lle"": ""2.91"", ""sei"": ""10.55""}, ""modality"": null, ""molecule_chembl_id"": ""CHEMBL46169"", ""molecule_pref_name"": null, ""parent_molecule_chembl_id"": ""CHEMBL46169"", ""pchembl_value"": ""6.57"", ""potential_duplicate"": 0, ""qudt_units"": ""http://www.openphacts.org/units/Nanomolar"", ""record_id"": 76643, ""relation"": ""="", ""src_id"": 1, ""standard_flag"": 1, ""standard_relation"": ""="", ""standard_text_value"": null, ""standard_type"": ""Ki"", ""standard_units"": ""nM"", ""standard_upper_value"": null, ""standard_value"": ""270.0"", ""target_chembl_id"": ""CHEMBL287"", ""target_organism"": ""Homo sapiens"", ""target_pref_name"": ""Sigma non-opioid intracellular receptor 1"", ""target_tax_id"": ""9606"", ""text_value"": null, ""toid"": null, ""type"": ""Ki"", ""units"": ""nM l-1"", ""uo_units"": ""UO_0000065"", ""upper_value"": null, ""value"": ""270.0""}","{""action_type"": null, ""activity_comment"": null, ""activity_id"": 34604, ""activity_properties"": [], ""assay_chembl_id"": ""CHEMBL804962"", ""assay_description"": ""Binding affinity against the sigma receptor from guinea pig brain using the radioligand [3H]SKF-10047"", ""assay_type"": ""B"", ""assay_variant_accession"": null, ""assay_variant_mutation"": null, ""bao_endpoint"": ""BAO_0000192"", ""bao_format"": ""BAO_0000019"", ""bao_label"": ""assay format"", ""canonical_smiles"": ""COc1ccc(N2C[C@@H](CN3CCC(O)(c4ccc(Cl)cc4)CC3)OC2=O)cc1"", ""data_validity_comment"": null, ""data_validity_description"": null, ""document_chembl_id"": ""CHEMBL1126398"", ""document_journal"": ""Bioorg Med Chem Lett"", ""document_year"": 1992, ""ligand_efficiency"": {""bei"": ""15.76"", ""le"": ""0.31"", ""lle"": ""2.91"", ""sei"": ""10.55""}, ""modality"": null, ""molecule_chembl_id"": ""CHEMBL46169"", ""molecule_pref_name"": null, ""parent_molecule_chembl_id"": ""CHEMBL46169"", ""pchembl_value"": ""6.57"", ""potential_duplicate"": 0, ""qudt_units"": ""http://www.openphacts.org/units/Nanomolar"", ""record_id"": 76643, ""relation"": ""="", ""src_id"": 1, ""standard_flag"": 1, ""standard_relation"": ""="", ""standard_text_value"": null, ""standard_type"": ""Ki"", ""standard_units"": ""nM"", ""standard_upper_value"": null, ""standard_value"": ""270.0"", ""target_chembl_id"": ""CHEMBL287"", ""target_organism"": ""Homo sapiens"", ""target_pref_name"": ""Sigma non-opioid intracellular receptor 1"", ""target_tax_id"": ""9606"", ""text_value"": null, ""toid"": null, ""type"": ""Ki"", ""units"": ""nM l-1"", ""uo_units"": ""UO_0000065"", ""upper_value"": null, ""value"": ""270.0""}"
"c1d6d891-f698-4732-9ffc-24f94bd3dfcf","chembl_activity","chembl_activity","chembl","silver","700","34668","34668","a244575e8c02f842d06e96d1a1966fffe7dc6ab655316c1bfd6384fff8191fec","a244575e8c02f842d06e96d1a1966fffe7dc6ab655316c1bfd6384fff8191fec","a244575e8c02f842d06e96d1a1966fffe7dc6ab655316c1bfd6384fff8191fec","quarantined","SCHEMA_REQUIRED_FIELD_MISSING","Required field 'units' is missing: {""action_taken"": ""quarantine_original_record"", ""actual_python_type"": ""NoneType"", ""actual_value_preview"": ""None"", ""coercion_policy"": ""default"", ""empty_as_missing"": null, ""expected_logical_type"": ""string"", ""expected_physical_type"": ""str"", ""field"": ""units"", ""nullable"": false, ""optional"": false, ""optional_sources"": [""silver_required_fields""], ""policy_stage"": ""structural"", ""reason_code"": ""required_field_missing"", ""shadow_comparison"": ""structural_reject_silver_filter_reject"", ""silver_filter_shadow_reason_code"": ""required_field_missing""}","","silver","type","","","quarantine","2026-06-02T11:19:02.510991+00:00","{""action_type"": null, ""activity_comment"": null, ""activity_id"": 34668, ""activity_properties"": [], ""assay_chembl_id"": ""CHEMBL761409"", ""assay_description"": ""Ability to displace [3H]oxytocin from human OT receptor (hOT)"", ""assay_type"": ""B"", ""assay_variant_accession"": null, ""assay_variant_mutation"": null, ""bao_endpoint"": ""BAO_0000192"", ""bao_format"": ""BAO_0000357"", ""bao_label"": ""single protein format"", ""canonical_smiles"": ""CN(CCn1cnc2cc(C(=O)N3CCC(N4C(=O)OCc5ccccc54)CC3)ccc21)S(C)(=O)=O"", ""data_validity_comment"": null, ""data_validity_description"": null, ""document_chembl_id"": ""CHEMBL1135944"", ""document_journal"": ""Bioorg Med Chem Lett"", ""document_year"": 2002, ""ligand_efficiency"": {""bei"": ""12.51"", ""le"": ""0.24"", ""lle"": ""3.71"", ""sei"": ""6.09""}, ""modality"": null, ""molecule_chembl_id"": ""CHEMBL32567"", ""molecule_pref_name"": null, ""parent_molecule_chembl_id"": ""CHEMBL32567"", ""pchembl_value"": ""6.40"", ""potential_duplicate"": 0, ""qudt_units"": ""http://www.openphacts.org/units/Nanomolar"", ""record_id"": 45892, ""relation"": ""="", ""src_id"": 1, ""standard_flag"": 1, ""standard_relation"": ""="", ""standard_text_value"": null, ""standard_type"": ""Ki"", ""standard_units"": ""nM"", ""standard_upper_value"": null, ""standard_value"": ""398.11"", ""target_chembl_id"": ""CHEMBL2049"", ""target_organism"": ""Homo sapiens"", ""target_pref_name"": ""Oxytocin receptor"", ""target_tax_id"": ""9606"", ""text_value"": null, ""toid"": null, ""type"": ""Log Ki"", ""units"": null, ""uo_units"": ""UO_0000065"", ""upper_value"": null, ""value"": ""-6.4""}","{""action_type"": null, ""activity_comment"": null, ""activity_id"": 34668, ""activity_properties"": [], ""assay_chembl_id"": ""CHEMBL761409"", ""assay_description"": ""Ability to displace [3H]oxytocin from human OT receptor (hOT)"", ""assay_type"": ""B"", ""assay_variant_accession"": null, ""assay_variant_mutation"": null, ""bao_endpoint"": ""BAO_0000192"", ""bao_format"": ""BAO_0000357"", ""bao_label"": ""single protein format"", ""canonical_smiles"": ""CN(CCn1cnc2cc(C(=O)N3CCC(N4C(=O)OCc5ccccc54)CC3)ccc21)S(C)(=O)=O"", ""data_validity_comment"": null, ""data_validity_description"": null, ""document_chembl_id"": ""CHEMBL1135944"", ""document_journal"": ""Bioorg Med Chem Lett"", ""document_year"": 2002, ""ligand_efficiency"": {""bei"": ""12.51"", ""le"": ""0.24"", ""lle"": ""3.71"", ""sei"": ""6.09""}, ""modality"": null, ""molecule_chembl_id"": ""CHEMBL32567"", ""molecule_pref_name"": null, ""parent_molecule_chembl_id"": ""CHEMBL32567"", ""pchembl_value"": ""6.40"", ""potential_duplicate"": 0, ""qudt_units"": ""http://www.openphacts.org/units/Nanomolar"", ""record_id"": 45892, ""relation"": ""="", ""src_id"": 1, ""standard_flag"": 1, ""standard_relation"": ""="", ""standard_text_value"": null, ""standard_type"": ""Ki"", ""standard_units"": ""nM"", ""standard_upper_value"": null, ""standard_value"": ""398.11"", ""target_chembl_id"": ""CHEMBL2049"", ""target_organism"": ""Homo sapiens"", ""target_pref_name"": ""Oxytocin receptor"", ""target_tax_id"": ""9606"", ""text_value"": null, ""toid"": null, ""type"": ""Log Ki"", ""units"": null, ""uo_units"": ""UO_0000065"", ""upper_value"": null, ""value"": ""-6.4""}"
"c1d6d891-f698-4732-9ffc-24f94bd3dfcf","chembl_activity","chembl_activity","chembl","silver","754","34792","34792","61b2715387c445d0b44d796cd728407a8afb40b5e171e12014fd17dcd338f38d","61b2715387c445d0b44d796cd728407a8afb40b5e171e12014fd17dcd338f38d","61b2715387c445d0b44d796cd728407a8afb40b5e171e12014fd17dcd338f38d","quarantined","SCHEMA_REQUIRED_FIELD_MISSING","Required field 'units' is missing: {""action_taken"": ""quarantine_original_record"", ""actual_python_type"": ""NoneType"", ""actual_value_preview"": ""None"", ""coercion_policy"": ""default"", ""empty_as_missing"": null, ""expected_logical_type"": ""string"", ""expected_physical_type"": ""str"", ""field"": ""units"", ""nullable"": false, ""optional"": false, ""optional_sources"": [""silver_required_fields""], ""policy_stage"": ""structural"", ""reason_code"": ""required_field_missing"", ""shadow_comparison"": ""structural_reject_silver_filter_reject"", ""silver_filter_shadow_reason_code"": ""required_field_missing""}","","silver","type","","","quarantine","2026-06-02T11:19:02.672870+00:00","{""action_type"": null, ""activity_comment"": null, ""activity_id"": 34792, ""activity_properties"": [], ""assay_chembl_id"": ""CHEMBL663204"", ""assay_description"": ""Binding affinity against leukotriene receptor (LTD4) from guinea pig lung parenchymal membranes using [3H]LTD4 as radio ligand"", ""assay_type"": ""B"", ""assay_variant_accession"": null, ""assay_variant_mutation"": null, ""bao_endpoint"": ""BAO_0000192"", ""bao_format"": ""BAO_0000221"", ""bao_label"": ""tissue-based format"", ""canonical_smiles"": ""CCC(CC)CNC(=O)c1ccc2c(C)cn(Cc3ccc(C(=O)O)cc3OC)c2c1"", ""data_validity_comment"": null, ""data_validity_description"": null, ""document_chembl_id"": ""CHEMBL1126589"", ""document_journal"": ""J Med Chem"", ""document_year"": 1993, ""ligand_efficiency"": {""bei"": ""14.20"", ""le"": ""0.26"", ""lle"": ""1.13"", ""sei"": ""7.45""}, ""modality"": null, ""molecule_chembl_id"": ""CHEMBL339897"", ""molecule_pref_name"": null, ""parent_molecule_chembl_id"": ""CHEMBL339897"", ""pchembl_value"": ""6.00"", ""potential_duplicate"": 0, ""qudt_units"": ""http://www.openphacts.org/units/Nanomolar"", ""record_id"": 252026, ""relation"": ""="", ""src_id"": 1, ""standard_flag"": 1, ""standard_relation"": ""="", ""standard_text_value"": null, ""standard_type"": ""Ki"", ""standard_units"": ""nM"", ""standard_upper_value"": null, ""standard_value"": ""1000.0"", ""target_chembl_id"": ""CHEMBL5645"", ""target_organism"": ""Cavia porcellus"", ""target_pref_name"": ""Cysteinyl leukotriene receptor 1"", ""target_tax_id"": ""10141"", ""text_value"": null, ""toid"": null, ""type"": ""Log Ki"", ""units"": null, ""uo_units"": ""UO_0000065"", ""upper_value"": null, ""value"": ""-6.0""}","{""action_type"": null, ""activity_comment"": null, ""activity_id"": 34792, ""activity_properties"": [], ""assay_chembl_id"": ""CHEMBL663204"", ""assay_description"": ""Binding affinity against leukotriene receptor (LTD4) from guinea pig lung parenchymal membranes using [3H]LTD4 as radio ligand"", ""assay_type"": ""B"", ""assay_variant_accession"": null, ""assay_variant_mutation"": null, ""bao_endpoint"": ""BAO_0000192"", ""bao_format"": ""BAO_0000221"", ""bao_label"": ""tissue-based format"", ""canonical_smiles"": ""CCC(CC)CNC(=O)c1ccc2c(C)cn(Cc3ccc(C(=O)O)cc3OC)c2c1"", ""data_validity_comment"": null, ""data_validity_description"": null, ""document_chembl_id"": ""CHEMBL1126589"", ""document_journal"": ""J Med Chem"", ""document_year"": 1993, ""ligand_efficiency"": {""bei"": ""14.20"", ""le"": ""0.26"", ""lle"": ""1.13"", ""sei"": ""7.45""}, ""modality"": null, ""molecule_chembl_id"": ""CHEMBL339897"", ""molecule_pref_name"": null, ""parent_molecule_chembl_id"": ""CHEMBL339897"", ""pchembl_value"": ""6.00"", ""potential_duplicate"": 0, ""qudt_units"": ""http://www.openphacts.org/units/Nanomolar"", ""record_id"": 252026, ""relation"": ""="", ""src_id"": 1, ""standard_flag"": 1, ""standard_relation"": ""="", ""standard_text_value"": null, ""standard_type"": ""Ki"", ""standard_units"": ""nM"", ""standard_upper_value"": null, ""standard_value"": ""1000.0"", ""target_chembl_id"": ""CHEMBL5645"", ""target_organism"": ""Cavia porcellus"", ""target_pref_name"": ""Cysteinyl leukotriene receptor 1"", ""target_tax_id"": ""10141"", ""text_value"": null, ""toid"": null, ""type"": ""Log Ki"", ""units"": null, ""uo_units"": ""UO_0000065"", ""upper_value"": null, ""value"": ""-6.0""}"
"c1d6d891-f698-4732-9ffc-24f94bd3dfcf","chembl_activity","chembl_activity","chembl","silver","762","34848","34848","20320812f5ee428735817384206f01462757331ec179908c2f06e791a9c971b3","20320812f5ee428735817384206f01462757331ec179908c2f06e791a9c971b3","20320812f5ee428735817384206f01462757331ec179908c2f06e791a9c971b3","quarantined","SCHEMA_REQUIRED_FIELD_MISSING","Required field 'canonical_smiles' is missing: {""action_taken"": ""quarantine_original_record"", ""actual_python_type"": ""NoneType"", ""actual_value_preview"": ""None"", ""coercion_policy"": ""default"", ""empty_as_missing"": null, ""expected_logical_type"": ""string"", ""expected_physical_type"": ""str"", ""field"": ""canonical_smiles"", ""nullable"": false, ""optional"": false, ""optional_sources"": [""silver_required_fields""], ""policy_stage"": ""structural"", ""reason_code"": ""required_field_missing"", ""shadow_comparison"": ""structural_reject_silver_filter_reject"", ""silver_filter_shadow_reason_code"": ""required_field_missing""}","","silver","canonical_smiles","","","quarantine","2026-06-02T11:19:02.697770+00:00","{""action_type"": null, ""activity_comment"": null, ""activity_id"": 34848, ""activity_properties"": [], ""assay_chembl_id"": ""CHEMBL872503"", ""assay_description"": ""Binding affinity towards dopamine transporter using [3H]WIN-35428 as radioligand from rat caudate putamen tissue (high affinity)"", ""assay_type"": ""B"", ""assay_variant_accession"": null, ""assay_variant_mutation"": null, ""bao_endpoint"": ""BAO_0000192"", ""bao_format"": ""BAO_0000221"", ""bao_label"": ""tissue-based format"", ""canonical_smiles"": null, ""data_validity_comment"": null, ""data_validity_description"": null, ""document_chembl_id"": ""CHEMBL1129546"", ""document_journal"": ""J Med Chem"", ""document_year"": 1996, ""ligand_efficiency"": {""bei"": ""19.50"", ""le"": null, ""lle"": null, ""sei"": null}, ""modality"": null, ""molecule_chembl_id"": ""CHEMBL178011"", ""molecule_pref_name"": ""tri carbonyl methyl (3S,5R)-8-methyl-3-phenyl-8-azabicyclo[3.2.1]octane-2-carboxylate chromiumIII"", ""parent_molecule_chembl_id"": ""CHEMBL178011"", ""pchembl_value"": ""7.77"", ""potential_duplicate"": 0, ""qudt_units"": ""http://www.openphacts.org/units/Nanomolar"", ""record_id"": 63553, ""relation"": ""="", ""src_id"": 1, ""standard_flag"": 1, ""standard_relation"": ""="", ""standard_text_value"": null, ""standard_type"": ""Ki"", ""standard_units"": ""nM"", ""standard_upper_value"": null, ""standard_value"": ""17.0"", ""target_chembl_id"": ""CHEMBL238"", ""target_organism"": ""Homo sapiens"", ""target_pref_name"": ""Sodium-dependent dopamine transporter"", ""target_tax_id"": ""9606"", ""text_value"": null, ""toid"": null, ""type"": ""Ki"", ""units"": ""nM"", ""uo_units"": ""UO_0000065"", ""upper_value"": null, ""value"": ""17.0""}","{""action_type"": null, ""activity_comment"": null, ""activity_id"": 34848, ""activity_properties"": [], ""assay_chembl_id"": ""CHEMBL872503"", ""assay_description"": ""Binding affinity towards dopamine transporter using [3H]WIN-35428 as radioligand from rat caudate putamen tissue (high affinity)"", ""assay_type"": ""B"", ""assay_variant_accession"": null, ""assay_variant_mutation"": null, ""bao_endpoint"": ""BAO_0000192"", ""bao_format"": ""BAO_0000221"", ""bao_label"": ""tissue-based format"", ""canonical_smiles"": null, ""data_validity_comment"": null, ""data_validity_description"": null, ""document_chembl_id"": ""CHEMBL1129546"", ""document_journal"": ""J Med Chem"", ""document_year"": 1996, ""ligand_efficiency"": {""bei"": ""19.50"", ""le"": null, ""lle"": null, ""sei"": null}, ""modality"": null, ""molecule_chembl_id"": ""CHEMBL178011"", ""molecule_pref_name"": ""tri carbonyl methyl (3S,5R)-8-methyl-3-phenyl-8-azabicyclo[3.2.1]octane-2-carboxylate chromiumIII"", ""parent_molecule_chembl_id"": ""CHEMBL178011"", ""pchembl_value"": ""7.77"", ""potential_duplicate"": 0, ""qudt_units"": ""http://www.openphacts.org/units/Nanomolar"", ""record_id"": 63553, ""relation"": ""="", ""src_id"": 1, ""standard_flag"": 1, ""standard_relation"": ""="", ""standard_text_value"": null, ""standard_type"": ""Ki"", ""standard_units"": ""nM"", ""standard_upper_value"": null, ""standard_value"": ""17.0"", ""target_chembl_id"": ""CHEMBL238"", ""target_organism"": ""Homo sapiens"", ""target_pref_name"": ""Sodium-dependent dopamine transporter"", ""target_tax_id"": ""9606"", ""text_value"": null, ""toid"": null, ""type"": ""Ki"", ""units"": ""nM"", ""uo_units"": ""UO_0000065"", ""upper_value"": null, ""value"": ""17.0""}"
"c1d6d891-f698-4732-9ffc-24f94bd3dfcf","chembl_activity","chembl_activity","chembl","silver","763","34849","34849","452c421f73d304467b0373aa24c776d91fb5d35ffa122c107a5ba60af6985d59","452c421f73d304467b0373aa24c776d91fb5d35ffa122c107a5ba60af6985d59","452c421f73d304467b0373aa24c776d91fb5d35ffa122c107a5ba60af6985d59","quarantined","SCHEMA_REQUIRED_FIELD_MISSING","Required field 'canonical_smiles' is missing: {""action_taken"": ""quarantine_original_record"", ""actual_python_type"": ""NoneType"", ""actual_value_preview"": ""None"", ""coercion_policy"": ""default"", ""empty_as_missing"": null, ""expected_logical_type"": ""string"", ""expected_physical_type"": ""str"", ""field"": ""canonical_smiles"", ""nullable"": false, ""optional"": false, ""optional_sources"": [""silver_required_fields""], ""policy_stage"": ""structural"", ""reason_code"": ""required_field_missing"", ""shadow_comparison"": ""structural_reject_silver_filter_reject"", ""silver_filter_shadow_reason_code"": ""required_field_missing""}","","silver","canonical_smiles","","","quarantine","2026-06-02T11:19:02.701581+00:00","{""action_type"": null, ""activity_comment"": null, ""activity_id"": 34849, ""activity_properties"": [], ""assay_chembl_id"": ""CHEMBL671773"", ""assay_description"": ""Binding affinity towards dopamine transporter using [3H]WIN-35428 as radioligand from rat caudate putamen tissue (low affinity)"", ""assay_type"": ""B"", ""assay_variant_accession"": null, ""assay_variant_mutation"": null, ""bao_endpoint"": ""BAO_0000192"", ""bao_format"": ""BAO_0000357"", ""bao_label"": ""single protein format"", ""canonical_smiles"": null, ""data_validity_comment"": null, ""data_validity_description"": null, ""document_chembl_id"": ""CHEMBL1129546"", ""document_journal"": ""J Med Chem"", ""document_year"": 1996, ""ligand_efficiency"": {""bei"": ""16.69"", ""le"": null, ""lle"": null, ""sei"": null}, ""modality"": null, ""molecule_chembl_id"": ""CHEMBL178011"", ""molecule_pref_name"": ""tri carbonyl methyl (3S,5R)-8-methyl-3-phenyl-8-azabicyclo[3.2.1]octane-2-carboxylate chromiumIII"", ""parent_molecule_chembl_id"": ""CHEMBL178011"", ""pchembl_value"": ""6.65"", ""potential_duplicate"": 0, ""qudt_units"": ""http://www.openphacts.org/units/Nanomolar"", ""record_id"": 63553, ""relation"": ""="", ""src_id"": 1, ""standard_flag"": 1, ""standard_relation"": ""="", ""standard_text_value"": null, ""standard_type"": ""Ki"", ""standard_units"": ""nM"", ""standard_upper_value"": null, ""standard_value"": ""224.0"", ""target_chembl_id"": ""CHEMBL238"", ""target_organism"": ""Homo sapiens"", ""target_pref_name"": ""Sodium-dependent dopamine transporter"", ""target_tax_id"": ""9606"", ""text_value"": null, ""toid"": null, ""type"": ""Ki"", ""units"": ""nM"", ""uo_units"": ""UO_0000065"", ""upper_value"": null, ""value"": ""224.0""}","{""action_type"": null, ""activity_comment"": null, ""activity_id"": 34849, ""activity_properties"": [], ""assay_chembl_id"": ""CHEMBL671773"", ""assay_description"": ""Binding affinity towards dopamine transporter using [3H]WIN-35428 as radioligand from rat caudate putamen tissue (low affinity)"", ""assay_type"": ""B"", ""assay_variant_accession"": null, ""assay_variant_mutation"": null, ""bao_endpoint"": ""BAO_0000192"", ""bao_format"": ""BAO_0000357"", ""bao_label"": ""single protein format"", ""canonical_smiles"": null, ""data_validity_comment"": null, ""data_validity_description"": null, ""document_chembl_id"": ""CHEMBL1129546"", ""document_journal"": ""J Med Chem"", ""document_year"": 1996, ""ligand_efficiency"": {""bei"": ""16.69"", ""le"": null, ""lle"": null, ""sei"": null}, ""modality"": null, ""molecule_chembl_id"": ""CHEMBL178011"", ""molecule_pref_name"": ""tri carbonyl methyl (3S,5R)-8-methyl-3-phenyl-8-azabicyclo[3.2.1]octane-2-carboxylate chromiumIII"", ""parent_molecule_chembl_id"": ""CHEMBL178011"", ""pchembl_value"": ""6.65"", ""potential_duplicate"": 0, ""qudt_units"": ""http://www.openphacts.org/units/Nanomolar"", ""record_id"": 63553, ""relation"": ""="", ""src_id"": 1, ""standard_flag"": 1, ""standard_relation"": ""="", ""standard_text_value"": null, ""standard_type"": ""Ki"", ""standard_units"": ""nM"", ""standard_upper_value"": null, ""standard_value"": ""224.0"", ""target_chembl_id"": ""CHEMBL238"", ""target_organism"": ""Homo sapiens"", ""target_pref_name"": ""Sodium-dependent dopamine transporter"", ""target_tax_id"": ""9606"", ""text_value"": null, ""toid"": null, ""type"": ""Ki"", ""units"": ""nM"", ""uo_units"": ""UO_0000065"", ""upper_value"": null, ""value"": ""224.0""}"
"c1d6d891-f698-4732-9ffc-24f94bd3dfcf","chembl_activity","chembl_activity","chembl","silver","764","34850","34850","799904d5ede699ce4f467bb73b8f018b0f2e376e17f2c4a3424ce133397938d2","799904d5ede699ce4f467bb73b8f018b0f2e376e17f2c4a3424ce133397938d2","799904d5ede699ce4f467bb73b8f018b0f2e376e17f2c4a3424ce133397938d2","quarantined","SCHEMA_REQUIRED_FIELD_MISSING","Required field 'canonical_smiles' is missing: {""action_taken"": ""quarantine_original_record"", ""actual_python_type"": ""NoneType"", ""actual_value_preview"": ""None"", ""coercion_policy"": ""default"", ""empty_as_missing"": null, ""expected_logical_type"": ""string"", ""expected_physical_type"": ""str"", ""field"": ""canonical_smiles"", ""nullable"": false, ""optional"": false, ""optional_sources"": [""silver_required_fields""], ""policy_stage"": ""structural"", ""reason_code"": ""required_field_missing"", ""shadow_comparison"": ""structural_reject_silver_filter_reject"", ""silver_filter_shadow_reason_code"": ""required_field_missing""}","","silver","canonical_smiles","","","quarantine","2026-06-02T11:19:02.704632+00:00","{""action_type"": null, ""activity_comment"": null, ""activity_id"": 34850, ""activity_properties"": [], ""assay_chembl_id"": ""CHEMBL672582"", ""assay_description"": ""Binding affinity towards dopamine transporter using [3H]WIN-35428 as radioligand from rat caudate putamen tissue (low affinity for one set model)"", ""assay_type"": ""B"", ""assay_variant_accession"": null, ""assay_variant_mutation"": null, ""bao_endpoint"": ""BAO_0000192"", ""bao_format"": ""BAO_0000221"", ""bao_label"": ""tissue-based format"", ""canonical_smiles"": null, ""data_validity_comment"": null, ""data_validity_description"": null, ""document_chembl_id"": ""CHEMBL1129546"", ""document_journal"": ""J Med Chem"", ""document_year"": 1996, ""ligand_efficiency"": {""bei"": ""17.34"", ""le"": null, ""lle"": null, ""sei"": null}, ""modality"": null, ""molecule_chembl_id"": ""CHEMBL178011"", ""molecule_pref_name"": ""tri carbonyl methyl (3S,5R)-8-methyl-3-phenyl-8-azabicyclo[3.2.1]octane-2-carboxylate chromiumIII"", ""parent_molecule_chembl_id"": ""CHEMBL178011"", ""pchembl_value"": ""6.91"", ""potential_duplicate"": 0, ""qudt_units"": ""http://www.openphacts.org/units/Nanomolar"", ""record_id"": 63553, ""relation"": ""="", ""src_id"": 1, ""standard_flag"": 1, ""standard_relation"": ""="", ""standard_text_value"": null, ""standard_type"": ""Ki"", ""standard_units"": ""nM"", ""standard_upper_value"": null, ""standard_value"": ""124.0"", ""target_chembl_id"": ""CHEMBL338"", ""target_organism"": ""Rattus norvegicus"", ""target_pref_name"": ""Sodium-dependent dopamine transporter"", ""target_tax_id"": ""10116"", ""text_value"": null, ""toid"": null, ""type"": ""Ki"", ""units"": ""nM"", ""uo_units"": ""UO_0000065"", ""upper_value"": null, ""value"": ""124.0""}","{""action_type"": null, ""activity_comment"": null, ""activity_id"": 34850, ""activity_properties"": [], ""assay_chembl_id"": ""CHEMBL672582"", ""assay_description"": ""Binding affinity towards dopamine transporter using [3H]WIN-35428 as radioligand from rat caudate putamen tissue (low affinity for one set model)"", ""assay_type"": ""B"", ""assay_variant_accession"": null, ""assay_variant_mutation"": null, ""bao_endpoint"": ""BAO_0000192"", ""bao_format"": ""BAO_0000221"", ""bao_label"": ""tissue-based format"", ""canonical_smiles"": null, ""data_validity_comment"": null, ""data_validity_description"": null, ""document_chembl_id"": ""CHEMBL1129546"", ""document_journal"": ""J Med Chem"", ""document_year"": 1996, ""ligand_efficiency"": {""bei"": ""17.34"", ""le"": null, ""lle"": null, ""sei"": null}, ""modality"": null, ""molecule_chembl_id"": ""CHEMBL178011"", ""molecule_pref_name"": ""tri carbonyl methyl (3S,5R)-8-methyl-3-phenyl-8-azabicyclo[3.2.1]octane-2-carboxylate chromiumIII"", ""parent_molecule_chembl_id"": ""CHEMBL178011"", ""pchembl_value"": ""6.91"", ""potential_duplicate"": 0, ""qudt_units"": ""http://www.openphacts.org/units/Nanomolar"", ""record_id"": 63553, ""relation"": ""="", ""src_id"": 1, ""standard_flag"": 1, ""standard_relation"": ""="", ""standard_text_value"": null, ""standard_type"": ""Ki"", ""standard_units"": ""nM"", ""standard_upper_value"": null, ""standard_value"": ""124.0"", ""target_chembl_id"": ""CHEMBL338"", ""target_organism"": ""Rattus norvegicus"", ""target_pref_name"": ""Sodium-dependent dopamine transporter"", ""target_tax_id"": ""10116"", ""text_value"": null, ""toid"": null, ""type"": ""Ki"", ""units"": ""nM"", ""uo_units"": ""UO_0000065"", ""upper_value"": null, ""value"": ""124.0""}"
"c1d6d891-f698-4732-9ffc-24f94bd3dfcf","chembl_activity","chembl_activity","chembl","silver","765","34851","34851","2be513735f897bb5537c79b32b69e056cf9cbdefe9a3371330796998f9558cd2","2be513735f897bb5537c79b32b69e056cf9cbdefe9a3371330796998f9558cd2","2be513735f897bb5537c79b32b69e056cf9cbdefe9a3371330796998f9558cd2","quarantined","SCHEMA_REQUIRED_FIELD_MISSING","Required field 'canonical_smiles' is missing: {""action_taken"": ""quarantine_original_record"", ""actual_python_type"": ""NoneType"", ""actual_value_preview"": ""None"", ""coercion_policy"": ""default"", ""empty_as_missing"": null, ""expected_logical_type"": ""string"", ""expected_physical_type"": ""str"", ""field"": ""canonical_smiles"", ""nullable"": false, ""optional"": false, ""optional_sources"": [""silver_required_fields""], ""policy_stage"": ""structural"", ""reason_code"": ""required_field_missing"", ""shadow_comparison"": ""structural_reject_silver_filter_reject"", ""silver_filter_shadow_reason_code"": ""required_field_missing""}","","silver","canonical_smiles","","","quarantine","2026-06-02T11:19:02.707755+00:00","{""action_type"": null, ""activity_comment"": null, ""activity_id"": 34851, ""activity_properties"": [], ""assay_chembl_id"": ""CHEMBL671774"", ""assay_description"": ""Inhibitory activity against [3H]dopamine uptake from Dopamine transporter in rat caudate putamen tissue"", ""assay_type"": ""B"", ""assay_variant_accession"": null, ""assay_variant_mutation"": null, ""bao_endpoint"": ""BAO_0000190"", ""bao_format"": ""BAO_0000221"", ""bao_label"": ""tissue-based format"", ""canonical_smiles"": null, ""data_validity_comment"": null, ""data_validity_description"": null, ""document_chembl_id"": ""CHEMBL1129546"", ""document_journal"": ""J Med Chem"", ""document_year"": 1996, ""ligand_efficiency"": {""bei"": ""16.01"", ""le"": null, ""lle"": null, ""sei"": null}, ""modality"": null, ""molecule_chembl_id"": ""CHEMBL178011"", ""molecule_pref_name"": ""tri carbonyl methyl (3S,5R)-8-methyl-3-phenyl-8-azabicyclo[3.2.1]octane-2-carboxylate chromiumIII"", ""parent_molecule_chembl_id"": ""CHEMBL178011"", ""pchembl_value"": ""6.38"", ""potential_duplicate"": 0, ""qudt_units"": ""http://www.openphacts.org/units/Nanomolar"", ""record_id"": 63553, ""relation"": ""="", ""src_id"": 1, ""standard_flag"": 1, ""standard_relation"": ""="", ""standard_text_value"": null, ""standard_type"": ""IC50"", ""standard_units"": ""nM"", ""standard_upper_value"": null, ""standard_value"": ""418.0"", ""target_chembl_id"": ""CHEMBL338"", ""target_organism"": ""Rattus norvegicus"", ""target_pref_name"": ""Sodium-dependent dopamine transporter"", ""target_tax_id"": ""10116"", ""text_value"": null, ""toid"": null, ""type"": ""IC50"", ""units"": ""nM"", ""uo_units"": ""UO_0000065"", ""upper_value"": null, ""value"": ""418.0""}","{""action_type"": null, ""activity_comment"": null, ""activity_id"": 34851, ""activity_properties"": [], ""assay_chembl_id"": ""CHEMBL671774"", ""assay_description"": ""Inhibitory activity against [3H]dopamine uptake from Dopamine transporter in rat caudate putamen tissue"", ""assay_type"": ""B"", ""assay_variant_accession"": null, ""assay_variant_mutation"": null, ""bao_endpoint"": ""BAO_0000190"", ""bao_format"": ""BAO_0000221"", ""bao_label"": ""tissue-based format"", ""canonical_smiles"": null, ""data_validity_comment"": null, ""data_validity_description"": null, ""document_chembl_id"": ""CHEMBL1129546"", ""document_journal"": ""J Med Chem"", ""document_year"": 1996, ""ligand_efficiency"": {""bei"": ""16.01"", ""le"": null, ""lle"": null, ""sei"": null}, ""modality"": null, ""molecule_chembl_id"": ""CHEMBL178011"", ""molecule_pref_name"": ""tri carbonyl methyl (3S,5R)-8-methyl-3-phenyl-8-azabicyclo[3.2.1]octane-2-carboxylate chromiumIII"", ""parent_molecule_chembl_id"": ""CHEMBL178011"", ""pchembl_value"": ""6.38"", ""potential_duplicate"": 0, ""qudt_units"": ""http://www.openphacts.org/units/Nanomolar"", ""record_id"": 63553, ""relation"": ""="", ""src_id"": 1, ""standard_flag"": 1, ""standard_relation"": ""="", ""standard_text_value"": null, ""standard_type"": ""IC50"", ""standard_units"": ""nM"", ""standard_upper_value"": null, ""standard_value"": ""418.0"", ""target_chembl_id"": ""CHEMBL338"", ""target_organism"": ""Rattus norvegicus"", ""target_pref_name"": ""Sodium-dependent dopamine transporter"", ""target_tax_id"": ""10116"", ""text_value"": null, ""toid"": null, ""type"": ""IC50"", ""units"": ""nM"", ""uo_units"": ""UO_0000065"", ""upper_value"": null, ""value"": ""418.0""}"
"c1d6d891-f698-4732-9ffc-24f94bd3dfcf","chembl_activity","chembl_activity","chembl","silver","770","34875","34875","90879c5ef3d30378ed55c482644316cfb9a3044e63d56025435f66e77f209f58","90879c5ef3d30378ed55c482644316cfb9a3044e63d56025435f66e77f209f58","90879c5ef3d30378ed55c482644316cfb9a3044e63d56025435f66e77f209f58","quarantined","SCHEMA_REQUIRED_FIELD_MISSING","Required field 'units' is missing: {""action_taken"": ""quarantine_original_record"", ""actual_python_type"": ""NoneType"", ""actual_value_preview"": ""None"", ""coercion_policy"": ""default"", ""empty_as_missing"": null, ""expected_logical_type"": ""string"", ""expected_physical_type"": ""str"", ""field"": ""units"", ""nullable"": false, ""optional"": false, ""optional_sources"": [""silver_required_fields""], ""policy_stage"": ""structural"", ""reason_code"": ""required_field_missing"", ""shadow_comparison"": ""structural_reject_silver_filter_reject"", ""silver_filter_shadow_reason_code"": ""required_field_missing""}","","silver","type","","","quarantine","2026-06-02T11:19:02.723091+00:00","{""action_type"": null, ""activity_comment"": null, ""activity_id"": 34875, ""activity_properties"": [], ""assay_chembl_id"": ""CHEMBL669437"", ""assay_description"": ""Inhibition of dopamine beta hydroxylase"", ""assay_type"": ""B"", ""assay_variant_accession"": null, ""assay_variant_mutation"": null, ""bao_endpoint"": ""BAO_0000190"", ""bao_format"": ""BAO_0000357"", ""bao_label"": ""single protein format"", ""canonical_smiles"": ""S=c1[nH]ccn1Cc1ccc(Cl)cc1"", ""data_validity_comment"": null, ""data_validity_description"": null, ""document_chembl_id"": ""CHEMBL1128392"", ""document_journal"": ""J Med Chem"", ""document_year"": 1995, ""ligand_efficiency"": {""bei"": ""17.89"", ""le"": ""0.39"", ""lle"": ""0.77"", ""sei"": ""19.40""}, ""modality"": null, ""molecule_chembl_id"": ""CHEMBL306643"", ""molecule_pref_name"": null, ""parent_molecule_chembl_id"": ""CHEMBL306643"", ""pchembl_value"": ""4.02"", ""potential_duplicate"": 0, ""qudt_units"": ""http://www.openphacts.org/units/Nanomolar"", ""record_id"": 114300, ""relation"": ""="", ""src_id"": 1, ""standard_flag"": 1, ""standard_relation"": ""="", ""standard_text_value"": null, ""standard_type"": ""IC50"", ""standard_units"": ""nM"", ""standard_upper_value"": null, ""standard_value"": ""95499.26"", ""target_chembl_id"": ""CHEMBL3102"", ""target_organism"": ""Homo sapiens"", ""target_pref_name"": ""Dopamine beta-hydroxylase"", ""target_tax_id"": ""9606"", ""text_value"": null, ""toid"": null, ""type"": ""-Log IC50"", ""units"": null, ""uo_units"": ""UO_0000065"", ""upper_value"": null, ""value"": ""4.02""}","{""action_type"": null, ""activity_comment"": null, ""activity_id"": 34875, ""activity_properties"": [], ""assay_chembl_id"": ""CHEMBL669437"", ""assay_description"": ""Inhibition of dopamine beta hydroxylase"", ""assay_type"": ""B"", ""assay_variant_accession"": null, ""assay_variant_mutation"": null, ""bao_endpoint"": ""BAO_0000190"", ""bao_format"": ""BAO_0000357"", ""bao_label"": ""single protein format"", ""canonical_smiles"": ""S=c1[nH]ccn1Cc1ccc(Cl)cc1"", ""data_validity_comment"": null, ""data_validity_description"": null, ""document_chembl_id"": ""CHEMBL1128392"", ""document_journal"": ""J Med Chem"", ""document_year"": 1995, ""ligand_efficiency"": {""bei"": ""17.89"", ""le"": ""0.39"", ""lle"": ""0.77"", ""sei"": ""19.40""}, ""modality"": null, ""molecule_chembl_id"": ""CHEMBL306643"", ""molecule_pref_name"": null, ""parent_molecule_chembl_id"": ""CHEMBL306643"", ""pchembl_value"": ""4.02"", ""potential_duplicate"": 0, ""qudt_units"": ""http://www.openphacts.org/units/Nanomolar"", ""record_id"": 114300, ""relation"": ""="", ""src_id"": 1, ""standard_flag"": 1, ""standard_relation"": ""="", ""standard_text_value"": null, ""standard_type"": ""IC50"", ""standard_units"": ""nM"", ""standard_upper_value"": null, ""standard_value"": ""95499.26"", ""target_chembl_id"": ""CHEMBL3102"", ""target_organism"": ""Homo sapiens"", ""target_pref_name"": ""Dopamine beta-hydroxylase"", ""target_tax_id"": ""9606"", ""text_value"": null, ""toid"": null, ""type"": ""-Log IC50"", ""units"": null, ""uo_units"": ""UO_0000065"", ""upper_value"": null, ""value"": ""4.02""}"
"c1d6d891-f698-4732-9ffc-24f94bd3dfcf","chembl_activity","chembl_activity","chembl","silver","771","34876","34876","0f911fd89a4ff91cc22b5dc85298f966980651c70394b355d44f35d203d9b658","0f911fd89a4ff91cc22b5dc85298f966980651c70394b355d44f35d203d9b658","0f911fd89a4ff91cc22b5dc85298f966980651c70394b355d44f35d203d9b658","quarantined","SCHEMA_REQUIRED_FIELD_MISSING","Required field 'units' is missing: {""action_taken"": ""quarantine_original_record"", ""actual_python_type"": ""NoneType"", ""actual_value_preview"": ""None"", ""coercion_policy"": ""default"", ""empty_as_missing"": null, ""expected_logical_type"": ""string"", ""expected_physical_type"": ""str"", ""field"": ""units"", ""nullable"": false, ""optional"": false, ""optional_sources"": [""silver_required_fields""], ""policy_stage"": ""structural"", ""reason_code"": ""required_field_missing"", ""shadow_comparison"": ""structural_reject_silver_filter_reject"", ""silver_filter_shadow_reason_code"": ""required_field_missing""}","","silver","type","","","quarantine","2026-06-02T11:19:02.726484+00:00","{""action_type"": null, ""activity_comment"": null, ""activity_id"": 34876, ""activity_properties"": [], ""assay_chembl_id"": ""CHEMBL669437"", ""assay_description"": ""Inhibition of dopamine beta hydroxylase"", ""assay_type"": ""B"", ""assay_variant_accession"": null, ""assay_variant_mutation"": null, ""bao_endpoint"": ""BAO_0000190"", ""bao_format"": ""BAO_0000357"", ""bao_label"": ""single protein format"", ""canonical_smiles"": ""S=c1[nH]ccn1Cc1cc(Cl)cc(Cl)c1"", ""data_validity_comment"": null, ""data_validity_description"": null, ""document_chembl_id"": ""CHEMBL1128392"", ""document_journal"": ""J Med Chem"", ""document_year"": 1995, ""ligand_efficiency"": {""bei"": ""21.69"", ""le"": ""0.51"", ""lle"": ""1.72"", ""sei"": ""27.12""}, ""modality"": null, ""molecule_chembl_id"": ""CHEMBL293669"", ""molecule_pref_name"": null, ""parent_molecule_chembl_id"": ""CHEMBL293669"", ""pchembl_value"": ""5.62"", ""potential_duplicate"": 0, ""qudt_units"": ""http://www.openphacts.org/units/Nanomolar"", ""record_id"": 114309, ""relation"": ""="", ""src_id"": 1, ""standard_flag"": 1, ""standard_relation"": ""="", ""standard_text_value"": null, ""standard_type"": ""IC50"", ""standard_units"": ""nM"", ""standard_upper_value"": null, ""standard_value"": ""2398.83"", ""target_chembl_id"": ""CHEMBL3102"", ""target_organism"": ""Homo sapiens"", ""target_pref_name"": ""Dopamine beta-hydroxylase"", ""target_tax_id"": ""9606"", ""text_value"": null, ""toid"": null, ""type"": ""-Log IC50"", ""units"": null, ""uo_units"": ""UO_0000065"", ""upper_value"": null, ""value"": ""5.62""}","{""action_type"": null, ""activity_comment"": null, ""activity_id"": 34876, ""activity_properties"": [], ""assay_chembl_id"": ""CHEMBL669437"", ""assay_description"": ""Inhibition of dopamine beta hydroxylase"", ""assay_type"": ""B"", ""assay_variant_accession"": null, ""assay_variant_mutation"": null, ""bao_endpoint"": ""BAO_0000190"", ""bao_format"": ""BAO_0000357"", ""bao_label"": ""single protein format"", ""canonical_smiles"": ""S=c1[nH]ccn1Cc1cc(Cl)cc(Cl)c1"", ""data_validity_comment"": null, ""data_validity_description"": null, ""document_chembl_id"": ""CHEMBL1128392"", ""document_journal"": ""J Med Chem"", ""document_year"": 1995, ""ligand_efficiency"": {""bei"": ""21.69"", ""le"": ""0.51"", ""lle"": ""1.72"", ""sei"": ""27.12""}, ""modality"": null, ""molecule_chembl_id"": ""CHEMBL293669"", ""molecule_pref_name"": null, ""parent_molecule_chembl_id"": ""CHEMBL293669"", ""pchembl_value"": ""5.62"", ""potential_duplicate"": 0, ""qudt_units"": ""http://www.openphacts.org/units/Nanomolar"", ""record_id"": 114309, ""relation"": ""="", ""src_id"": 1, ""standard_flag"": 1, ""standard_relation"": ""="", ""standard_text_value"": null, ""standard_type"": ""IC50"", ""standard_units"": ""nM"", ""standard_upper_value"": null, ""standard_value"": ""2398.83"", ""target_chembl_id"": ""CHEMBL3102"", ""target_organism"": ""Homo sapiens"", ""target_pref_name"": ""Dopamine beta-hydroxylase"", ""target_tax_id"": ""9606"", ""text_value"": null, ""toid"": null, ""type"": ""-Log IC50"", ""units"": null, ""uo_units"": ""UO_0000065"", ""upper_value"": null, ""value"": ""5.62""}"
"c1d6d891-f698-4732-9ffc-24f94bd3dfcf","chembl_activity","chembl_activity","chembl","silver","785","34919","34919","a8729e6cd54ae34d5ce5c7c58f9502aba9b396308652becd663aa9dcaa9899c5","a8729e6cd54ae34d5ce5c7c58f9502aba9b396308652becd663aa9dcaa9899c5","a8729e6cd54ae34d5ce5c7c58f9502aba9b396308652becd663aa9dcaa9899c5","quarantined","SCHEMA_REQUIRED_FIELD_MISSING","Required field 'units' is missing: {""action_taken"": ""quarantine_original_record"", ""actual_python_type"": ""NoneType"", ""actual_value_preview"": ""None"", ""coercion_policy"": ""default"", ""empty_as_missing"": null, ""expected_logical_type"": ""string"", ""expected_physical_type"": ""str"", ""field"": ""units"", ""nullable"": false, ""optional"": false, ""optional_sources"": [""silver_required_fields""], ""policy_stage"": ""structural"", ""reason_code"": ""required_field_missing"", ""shadow_comparison"": ""structural_reject_silver_filter_reject"", ""silver_filter_shadow_reason_code"": ""required_field_missing""}","","silver","type","","","quarantine","2026-06-02T11:19:02.764148+00:00","{""action_type"": null, ""activity_comment"": null, ""activity_id"": 34919, ""activity_properties"": [], ""assay_chembl_id"": ""CHEMBL616349"", ""assay_description"": ""Binding affinity at 5-hydroxytryptamine 1A receptor"", ""assay_type"": ""B"", ""assay_variant_accession"": null, ""assay_variant_mutation"": null, ""bao_endpoint"": ""BAO_0000192"", ""bao_format"": ""BAO_0000357"", ""bao_label"": ""single protein format"", ""canonical_smiles"": ""c1ccc2c(c1)CC2CCN1CCN(c2cccc3ccoc23)CC1"", ""data_validity_comment"": null, ""data_validity_description"": null, ""document_chembl_id"": ""CHEMBL1128459"", ""document_journal"": ""J Med Chem"", ""document_year"": 1995, ""ligand_efficiency"": {""bei"": ""26.62"", ""le"": ""0.48"", ""lle"": ""4.57"", ""sei"": ""45.11""}, ""modality"": null, ""molecule_chembl_id"": ""CHEMBL132878"", ""molecule_pref_name"": null, ""parent_molecule_chembl_id"": ""CHEMBL132878"", ""pchembl_value"": ""8.85"", ""potential_duplicate"": 0, ""qudt_units"": ""http://www.openphacts.org/units/Nanomolar"", ""record_id"": 250183, ""relation"": ""="", ""src_id"": 1, ""standard_flag"": 1, ""standard_relation"": ""="", ""standard_text_value"": null, ""standard_type"": ""Ki"", ""standard_units"": ""nM"", ""standard_upper_value"": null, ""standard_value"": ""1.413"", ""target_chembl_id"": ""CHEMBL273"", ""target_organism"": ""Rattus norvegicus"", ""target_pref_name"": ""5-hydroxytryptamine receptor 1A"", ""target_tax_id"": ""10116"", ""text_value"": null, ""toid"": null, ""type"": ""Log Ki"", ""units"": null, ""uo_units"": ""UO_0000065"", ""upper_value"": null, ""value"": ""-8.85""}","{""action_type"": null, ""activity_comment"": null, ""activity_id"": 34919, ""activity_properties"": [], ""assay_chembl_id"": ""CHEMBL616349"", ""assay_description"": ""Binding affinity at 5-hydroxytryptamine 1A receptor"", ""assay_type"": ""B"", ""assay_variant_accession"": null, ""assay_variant_mutation"": null, ""bao_endpoint"": ""BAO_0000192"", ""bao_format"": ""BAO_0000357"", ""bao_label"": ""single protein format"", ""canonical_smiles"": ""c1ccc2c(c1)CC2CCN1CCN(c2cccc3ccoc23)CC1"", ""data_validity_comment"": null, ""data_validity_description"": null, ""document_chembl_id"": ""CHEMBL1128459"", ""document_journal"": ""J Med Chem"", ""document_year"": 1995, ""ligand_efficiency"": {""bei"": ""26.62"", ""le"": ""0.48"", ""lle"": ""4.57"", ""sei"": ""45.11""}, ""modality"": null, ""molecule_chembl_id"": ""CHEMBL132878"", ""molecule_pref_name"": null, ""parent_molecule_chembl_id"": ""CHEMBL132878"", ""pchembl_value"": ""8.85"", ""potential_duplicate"": 0, ""qudt_units"": ""http://www.openphacts.org/units/Nanomolar"", ""record_id"": 250183, ""relation"": ""="", ""src_id"": 1, ""standard_flag"": 1, ""standard_relation"": ""="", ""standard_text_value"": null, ""standard_type"": ""Ki"", ""standard_units"": ""nM"", ""standard_upper_value"": null, ""standard_value"": ""1.413"", ""target_chembl_id"": ""CHEMBL273"", ""target_organism"": ""Rattus norvegicus"", ""target_pref_name"": ""5-hydroxytryptamine receptor 1A"", ""target_tax_id"": ""10116"", ""text_value"": null, ""toid"": null, ""type"": ""Log Ki"", ""units"": null, ""uo_units"": ""UO_0000065"", ""upper_value"": null, ""value"": ""-8.85""}"
"c1d6d891-f698-4732-9ffc-24f94bd3dfcf","chembl_activity","chembl_activity","chembl","silver","786","34920","34920","771398fe22c2577f40ad8331c42a918754fa8c5dbdfeb395f74e1789cf973ded","771398fe22c2577f40ad8331c42a918754fa8c5dbdfeb395f74e1789cf973ded","771398fe22c2577f40ad8331c42a918754fa8c5dbdfeb395f74e1789cf973ded","quarantined","SCHEMA_REQUIRED_FIELD_MISSING","Required field 'units' is missing: {""action_taken"": ""quarantine_original_record"", ""actual_python_type"": ""NoneType"", ""actual_value_preview"": ""None"", ""coercion_policy"": ""default"", ""empty_as_missing"": null, ""expected_logical_type"": ""string"", ""expected_physical_type"": ""str"", ""field"": ""units"", ""nullable"": false, ""optional"": false, ""optional_sources"": [""silver_required_fields""], ""policy_stage"": ""structural"", ""reason_code"": ""required_field_missing"", ""shadow_comparison"": ""structural_reject_silver_filter_reject"", ""silver_filter_shadow_reason_code"": ""required_field_missing""}","","silver","type","","","quarantine","2026-06-02T11:19:02.767466+00:00","{""action_type"": null, ""activity_comment"": null, ""activity_id"": 34920, ""activity_properties"": [], ""assay_chembl_id"": ""CHEMBL616791"", ""assay_description"": ""Binding affinity at 5-hydroxytryptamine 1B receptor"", ""assay_type"": ""B"", ""assay_variant_accession"": null, ""assay_variant_mutation"": null, ""bao_endpoint"": ""BAO_0000192"", ""bao_format"": ""BAO_0000357"", ""bao_label"": ""single protein format"", ""canonical_smiles"": ""c1ccc2c(c1)CC2CCN1CCN(c2cccc3ccoc23)CC1"", ""data_validity_comment"": null, ""data_validity_description"": null, ""document_chembl_id"": ""CHEMBL1128459"", ""document_journal"": ""J Med Chem"", ""document_year"": 1995, ""ligand_efficiency"": {""bei"": ""17.51"", ""le"": ""0.32"", ""lle"": ""1.54"", ""sei"": ""29.66""}, ""modality"": null, ""molecule_chembl_id"": ""CHEMBL132878"", ""molecule_pref_name"": null, ""parent_molecule_chembl_id"": ""CHEMBL132878"", ""pchembl_value"": ""5.82"", ""potential_duplicate"": 0, ""qudt_units"": ""http://www.openphacts.org/units/Nanomolar"", ""record_id"": 250183, ""relation"": ""="", ""src_id"": 1, ""standard_flag"": 1, ""standard_relation"": ""="", ""standard_text_value"": null, ""standard_type"": ""Ki"", ""standard_units"": ""nM"", ""standard_upper_value"": null, ""standard_value"": ""1513.56"", ""target_chembl_id"": ""CHEMBL3459"", ""target_organism"": ""Rattus norvegicus"", ""target_pref_name"": ""5-hydroxytryptamine receptor 1B"", ""target_tax_id"": ""10116"", ""text_value"": null, ""toid"": null, ""type"": ""pKi"", ""units"": null, ""uo_units"": ""UO_0000065"", ""upper_value"": null, ""value"": ""5.82""}","{""action_type"": null, ""activity_comment"": null, ""activity_id"": 34920, ""activity_properties"": [], ""assay_chembl_id"": ""CHEMBL616791"", ""assay_description"": ""Binding affinity at 5-hydroxytryptamine 1B receptor"", ""assay_type"": ""B"", ""assay_variant_accession"": null, ""assay_variant_mutation"": null, ""bao_endpoint"": ""BAO_0000192"", ""bao_format"": ""BAO_0000357"", ""bao_label"": ""single protein format"", ""canonical_smiles"": ""c1ccc2c(c1)CC2CCN1CCN(c2cccc3ccoc23)CC1"", ""data_validity_comment"": null, ""data_validity_description"": null, ""document_chembl_id"": ""CHEMBL1128459"", ""document_journal"": ""J Med Chem"", ""document_year"": 1995, ""ligand_efficiency"": {""bei"": ""17.51"", ""le"": ""0.32"", ""lle"": ""1.54"", ""sei"": ""29.66""}, ""modality"": null, ""molecule_chembl_id"": ""CHEMBL132878"", ""molecule_pref_name"": null, ""parent_molecule_chembl_id"": ""CHEMBL132878"", ""pchembl_value"": ""5.82"", ""potential_duplicate"": 0, ""qudt_units"": ""http://www.openphacts.org/units/Nanomolar"", ""record_id"": 250183, ""relation"": ""="", ""src_id"": 1, ""standard_flag"": 1, ""standard_relation"": ""="", ""standard_text_value"": null, ""standard_type"": ""Ki"", ""standard_units"": ""nM"", ""standard_upper_value"": null, ""standard_value"": ""1513.56"", ""target_chembl_id"": ""CHEMBL3459"", ""target_organism"": ""Rattus norvegicus"", ""target_pref_name"": ""5-hydroxytryptamine receptor 1B"", ""target_tax_id"": ""10116"", ""text_value"": null, ""toid"": null, ""type"": ""pKi"", ""units"": null, ""uo_units"": ""UO_0000065"", ""upper_value"": null, ""value"": ""5.82""}"
"c1d6d891-f698-4732-9ffc-24f94bd3dfcf","chembl_activity","chembl_activity","chembl","silver","839","35019","35019","21a7667a0265b06189346d294db871a96df4a7723f77e7240f5bb71df65ef4f6","21a7667a0265b06189346d294db871a96df4a7723f77e7240f5bb71df65ef4f6","21a7667a0265b06189346d294db871a96df4a7723f77e7240f5bb71df65ef4f6","quarantined","SCHEMA_REQUIRED_FIELD_MISSING","Required field 'units' is missing: {""action_taken"": ""quarantine_original_record"", ""actual_python_type"": ""NoneType"", ""actual_value_preview"": ""None"", ""coercion_policy"": ""default"", ""empty_as_missing"": null, ""expected_logical_type"": ""string"", ""expected_physical_type"": ""str"", ""field"": ""units"", ""nullable"": false, ""optional"": false, ""optional_sources"": [""silver_required_fields""], ""policy_stage"": ""structural"", ""reason_code"": ""required_field_missing"", ""shadow_comparison"": ""structural_reject_silver_filter_reject"", ""silver_filter_shadow_reason_code"": ""required_field_missing""}","","silver","type","","","quarantine","2026-06-02T11:19:02.899817+00:00","{""action_type"": null, ""activity_comment"": null, ""activity_id"": 35019, ""activity_properties"": [], ""assay_chembl_id"": ""CHEMBL815654"", ""assay_description"": ""Binding affinity towards thrombin"", ""assay_type"": ""B"", ""assay_variant_accession"": null, ""assay_variant_mutation"": null, ""bao_endpoint"": ""BAO_0000192"", ""bao_format"": ""BAO_0000357"", ""bao_label"": ""single protein format"", ""canonical_smiles"": ""CC1CCN(C(=O)[C@@H](N)Cc2cccc(C(=N)N)c2)CC1"", ""data_validity_comment"": null, ""data_validity_description"": null, ""document_chembl_id"": ""CHEMBL1132189"", ""document_journal"": ""J Med Chem"", ""document_year"": 1999, ""ligand_efficiency"": {""bei"": ""15.84"", ""le"": ""0.30"", ""lle"": ""3.47"", ""sei"": ""4.75""}, ""modality"": null, ""molecule_chembl_id"": ""CHEMBL358508"", ""molecule_pref_name"": null, ""parent_molecule_chembl_id"": ""CHEMBL358508"", ""pchembl_value"": ""4.57"", ""potential_duplicate"": 0, ""qudt_units"": ""http://www.openphacts.org/units/Nanomolar"", ""record_id"": 278822, ""relation"": ""="", ""src_id"": 1, ""standard_flag"": 1, ""standard_relation"": ""="", ""standard_text_value"": null, ""standard_type"": ""Ki"", ""standard_units"": ""nM"", ""standard_upper_value"": null, ""standard_value"": ""26977.39"", ""target_chembl_id"": ""CHEMBL4471"", ""target_organism"": ""Bos taurus"", ""target_pref_name"": ""Prothrombin"", ""target_tax_id"": ""9913"", ""text_value"": null, ""toid"": null, ""type"": ""pKi"", ""units"": null, ""uo_units"": ""UO_0000065"", ""upper_value"": null, ""value"": ""4.569""}","{""action_type"": null, ""activity_comment"": null, ""activity_id"": 35019, ""activity_properties"": [], ""assay_chembl_id"": ""CHEMBL815654"", ""assay_description"": ""Binding affinity towards thrombin"", ""assay_type"": ""B"", ""assay_variant_accession"": null, ""assay_variant_mutation"": null, ""bao_endpoint"": ""BAO_0000192"", ""bao_format"": ""BAO_0000357"", ""bao_label"": ""single protein format"", ""canonical_smiles"": ""CC1CCN(C(=O)[C@@H](N)Cc2cccc(C(=N)N)c2)CC1"", ""data_validity_comment"": null, ""data_validity_description"": null, ""document_chembl_id"": ""CHEMBL1132189"", ""document_journal"": ""J Med Chem"", ""document_year"": 1999, ""ligand_efficiency"": {""bei"": ""15.84"", ""le"": ""0.30"", ""lle"": ""3.47"", ""sei"": ""4.75""}, ""modality"": null, ""molecule_chembl_id"": ""CHEMBL358508"", ""molecule_pref_name"": null, ""parent_molecule_chembl_id"": ""CHEMBL358508"", ""pchembl_value"": ""4.57"", ""potential_duplicate"": 0, ""qudt_units"": ""http://www.openphacts.org/units/Nanomolar"", ""record_id"": 278822, ""relation"": ""="", ""src_id"": 1, ""standard_flag"": 1, ""standard_relation"": ""="", ""standard_text_value"": null, ""standard_type"": ""Ki"", ""standard_units"": ""nM"", ""standard_upper_value"": null, ""standard_value"": ""26977.39"", ""target_chembl_id"": ""CHEMBL4471"", ""target_organism"": ""Bos taurus"", ""target_pref_name"": ""Prothrombin"", ""target_tax_id"": ""9913"", ""text_value"": null, ""toid"": null, ""type"": ""pKi"", ""units"": null, ""uo_units"": ""UO_0000065"", ""upper_value"": null, ""value"": ""4.569""}"
"c1d6d891-f698-4732-9ffc-24f94bd3dfcf","chembl_activity","chembl_activity","chembl","silver","840","35020","35020","9b1ce9e3d7b3706c25128547ecc3d8281220f6fdf58669eb6da33cccfc0107ca","9b1ce9e3d7b3706c25128547ecc3d8281220f6fdf58669eb6da33cccfc0107ca","9b1ce9e3d7b3706c25128547ecc3d8281220f6fdf58669eb6da33cccfc0107ca","quarantined","SCHEMA_REQUIRED_FIELD_MISSING","Required field 'units' is missing: {""action_taken"": ""quarantine_original_record"", ""actual_python_type"": ""NoneType"", ""actual_value_preview"": ""None"", ""coercion_policy"": ""default"", ""empty_as_missing"": null, ""expected_logical_type"": ""string"", ""expected_physical_type"": ""str"", ""field"": ""units"", ""nullable"": false, ""optional"": false, ""optional_sources"": [""silver_required_fields""], ""policy_stage"": ""structural"", ""reason_code"": ""required_field_missing"", ""shadow_comparison"": ""structural_reject_silver_filter_reject"", ""silver_filter_shadow_reason_code"": ""required_field_missing""}","","silver","type","","","quarantine","2026-06-02T11:19:02.902405+00:00","{""action_type"": null, ""activity_comment"": null, ""activity_id"": 35020, ""activity_properties"": [], ""assay_chembl_id"": ""CHEMBL821446"", ""assay_description"": ""Binding affinity towards trypsin"", ""assay_type"": ""B"", ""assay_variant_accession"": null, ""assay_variant_mutation"": null, ""bao_endpoint"": ""BAO_0000192"", ""bao_format"": ""BAO_0000357"", ""bao_label"": ""single protein format"", ""canonical_smiles"": ""CC1CCN(C(=O)[C@@H](N)Cc2cccc(C(=N)N)c2)CC1"", ""data_validity_comment"": null, ""data_validity_description"": null, ""document_chembl_id"": ""CHEMBL1132189"", ""document_journal"": ""J Med Chem"", ""document_year"": 1999, ""ligand_efficiency"": {""bei"": ""15.74"", ""le"": ""0.30"", ""lle"": ""3.44"", ""sei"": ""4.72""}, ""modality"": null, ""molecule_chembl_id"": ""CHEMBL358508"", ""molecule_pref_name"": null, ""parent_molecule_chembl_id"": ""CHEMBL358508"", ""pchembl_value"": ""4.54"", ""potential_duplicate"": 0, ""qudt_units"": ""http://www.openphacts.org/units/Nanomolar"", ""record_id"": 278822, ""relation"": ""="", ""src_id"": 1, ""standard_flag"": 1, ""standard_relation"": ""="", ""standard_text_value"": null, ""standard_type"": ""Ki"", ""standard_units"": ""nM"", ""standard_upper_value"": null, ""standard_value"": ""28973.44"", ""target_chembl_id"": ""CHEMBL3769"", ""target_organism"": ""Bos taurus"", ""target_pref_name"": ""Serine protease 1"", ""target_tax_id"": ""9913"", ""text_value"": null, ""toid"": null, ""type"": ""pKi"", ""units"": null, ""uo_units"": ""UO_0000065"", ""upper_value"": null, ""value"": ""4.538""}","{""action_type"": null, ""activity_comment"": null, ""activity_id"": 35020, ""activity_properties"": [], ""assay_chembl_id"": ""CHEMBL821446"", ""assay_description"": ""Binding affinity towards trypsin"", ""assay_type"": ""B"", ""assay_variant_accession"": null, ""assay_variant_mutation"": null, ""bao_endpoint"": ""BAO_0000192"", ""bao_format"": ""BAO_0000357"", ""bao_label"": ""single protein format"", ""canonical_smiles"": ""CC1CCN(C(=O)[C@@H](N)Cc2cccc(C(=N)N)c2)CC1"", ""data_validity_comment"": null, ""data_validity_description"": null, ""document_chembl_id"": ""CHEMBL1132189"", ""document_journal"": ""J Med Chem"", ""document_year"": 1999, ""ligand_efficiency"": {""bei"": ""15.74"", ""le"": ""0.30"", ""lle"": ""3.44"", ""sei"": ""4.72""}, ""modality"": null, ""molecule_chembl_id"": ""CHEMBL358508"", ""molecule_pref_name"": null, ""parent_molecule_chembl_id"": ""CHEMBL358508"", ""pchembl_value"": ""4.54"", ""potential_duplicate"": 0, ""qudt_units"": ""http://www.openphacts.org/units/Nanomolar"", ""record_id"": 278822, ""relation"": ""="", ""src_id"": 1, ""standard_flag"": 1, ""standard_relation"": ""="", ""standard_text_value"": null, ""standard_type"": ""Ki"", ""standard_units"": ""nM"", ""standard_upper_value"": null, ""standard_value"": ""28973.44"", ""target_chembl_id"": ""CHEMBL3769"", ""target_organism"": ""Bos taurus"", ""target_pref_name"": ""Serine protease 1"", ""target_tax_id"": ""9913"", ""text_value"": null, ""toid"": null, ""type"": ""pKi"", ""units"": null, ""uo_units"": ""UO_0000065"", ""upper_value"": null, ""value"": ""4.538""}"
"c1d6d891-f698-4732-9ffc-24f94bd3dfcf","chembl_activity","chembl_activity","chembl","silver","843","35053","35053","8c05dd6df8ef4d3fa16da38ba7498137addf1f89685e586f63c0b18be1f5d468","8c05dd6df8ef4d3fa16da38ba7498137addf1f89685e586f63c0b18be1f5d468","8c05dd6df8ef4d3fa16da38ba7498137addf1f89685e586f63c0b18be1f5d468","quarantined","SCHEMA_REQUIRED_FIELD_MISSING","Required field 'units' is missing: {""action_taken"": ""quarantine_original_record"", ""actual_python_type"": ""NoneType"", ""actual_value_preview"": ""None"", ""coercion_policy"": ""default"", ""empty_as_missing"": null, ""expected_logical_type"": ""string"", ""expected_physical_type"": ""str"", ""field"": ""units"", ""nullable"": false, ""optional"": false, ""optional_sources"": [""silver_required_fields""], ""policy_stage"": ""structural"", ""reason_code"": ""required_field_missing"", ""shadow_comparison"": ""structural_reject_silver_filter_reject"", ""silver_filter_shadow_reason_code"": ""required_field_missing""}","","silver","type","","","quarantine","2026-06-02T11:19:02.909941+00:00","{""action_type"": null, ""activity_comment"": null, ""activity_id"": 35053, ""activity_properties"": [], ""assay_chembl_id"": ""CHEMBL620785"", ""assay_description"": ""Binding affinity against human cloned 5-hydroxytryptamine 6 receptor in HeLa cells using [3H]LSD"", ""assay_type"": ""B"", ""assay_variant_accession"": null, ""assay_variant_mutation"": null, ""bao_endpoint"": ""BAO_0000192"", ""bao_format"": ""BAO_0000219"", ""bao_label"": ""cell-based format"", ""canonical_smiles"": ""COc1ccc(NS(=O)(=O)c2c(F)c(Br)cc(F)c2Br)cc1N1CCN(C)CC1"", ""data_validity_comment"": null, ""data_validity_description"": null, ""document_chembl_id"": ""CHEMBL1132410"", ""document_journal"": ""J Med Chem"", ""document_year"": 1999, ""ligand_efficiency"": {""bei"": ""15.31"", ""le"": ""0.40"", ""lle"": ""4.45"", ""sei"": ""13.74""}, ""modality"": null, ""molecule_chembl_id"": ""CHEMBL409160"", ""molecule_pref_name"": null, ""parent_molecule_chembl_id"": ""CHEMBL409160"", ""pchembl_value"": ""8.50"", ""potential_duplicate"": 0, ""qudt_units"": ""http://www.openphacts.org/units/Nanomolar"", ""record_id"": 109823, ""relation"": ""="", ""src_id"": 1, ""standard_flag"": 1, ""standard_relation"": ""="", ""standard_text_value"": null, ""standard_type"": ""Ki"", ""standard_units"": ""nM"", ""standard_upper_value"": null, ""standard_value"": ""3.162"", ""target_chembl_id"": ""CHEMBL3371"", ""target_organism"": ""Homo sapiens"", ""target_pref_name"": ""5-hydroxytryptamine receptor 6"", ""target_tax_id"": ""9606"", ""text_value"": null, ""toid"": null, ""type"": ""Log Ki"", ""units"": null, ""uo_units"": ""UO_0000065"", ""upper_value"": null, ""value"": ""-8.5""}","{""action_type"": null, ""activity_comment"": null, ""activity_id"": 35053, ""activity_properties"": [], ""assay_chembl_id"": ""CHEMBL620785"", ""assay_description"": ""Binding affinity against human cloned 5-hydroxytryptamine 6 receptor in HeLa cells using [3H]LSD"", ""assay_type"": ""B"", ""assay_variant_accession"": null, ""assay_variant_mutation"": null, ""bao_endpoint"": ""BAO_0000192"", ""bao_format"": ""BAO_0000219"", ""bao_label"": ""cell-based format"", ""canonical_smiles"": ""COc1ccc(NS(=O)(=O)c2c(F)c(Br)cc(F)c2Br)cc1N1CCN(C)CC1"", ""data_validity_comment"": null, ""data_validity_description"": null, ""document_chembl_id"": ""CHEMBL1132410"", ""document_journal"": ""J Med Chem"", ""document_year"": 1999, ""ligand_efficiency"": {""bei"": ""15.31"", ""le"": ""0.40"", ""lle"": ""4.45"", ""sei"": ""13.74""}, ""modality"": null, ""molecule_chembl_id"": ""CHEMBL409160"", ""molecule_pref_name"": null, ""parent_molecule_chembl_id"": ""CHEMBL409160"", ""pchembl_value"": ""8.50"", ""potential_duplicate"": 0, ""qudt_units"": ""http://www.openphacts.org/units/Nanomolar"", ""record_id"": 109823, ""relation"": ""="", ""src_id"": 1, ""standard_flag"": 1, ""standard_relation"": ""="", ""standard_text_value"": null, ""standard_type"": ""Ki"", ""standard_units"": ""nM"", ""standard_upper_value"": null, ""standard_value"": ""3.162"", ""target_chembl_id"": ""CHEMBL3371"", ""target_organism"": ""Homo sapiens"", ""target_pref_name"": ""5-hydroxytryptamine receptor 6"", ""target_tax_id"": ""9606"", ""text_value"": null, ""toid"": null, ""type"": ""Log Ki"", ""units"": null, ""uo_units"": ""UO_0000065"", ""upper_value"": null, ""value"": ""-8.5""}"
"c1d6d891-f698-4732-9ffc-24f94bd3dfcf","chembl_activity","chembl_activity","chembl","silver","974","35538","35538","13b9aea40c55002a95d8d1546e9ee27fe8378031050cb172d81a3060d3e4324d","13b9aea40c55002a95d8d1546e9ee27fe8378031050cb172d81a3060d3e4324d","13b9aea40c55002a95d8d1546e9ee27fe8378031050cb172d81a3060d3e4324d","quarantined","SCHEMA_REQUIRED_FIELD_MISSING","Required field 'units' is missing: {""action_taken"": ""quarantine_original_record"", ""actual_python_type"": ""NoneType"", ""actual_value_preview"": ""None"", ""coercion_policy"": ""default"", ""empty_as_missing"": null, ""expected_logical_type"": ""string"", ""expected_physical_type"": ""str"", ""field"": ""units"", ""nullable"": false, ""optional"": false, ""optional_sources"": [""silver_required_fields""], ""policy_stage"": ""structural"", ""reason_code"": ""required_field_missing"", ""shadow_comparison"": ""structural_reject_silver_filter_reject"", ""silver_filter_shadow_reason_code"": ""required_field_missing""}","","silver","type","","","quarantine","2026-06-02T11:19:03.231276+00:00","{""action_type"": null, ""activity_comment"": null, ""activity_id"": 35538, ""activity_properties"": [], ""assay_chembl_id"": ""CHEMBL858266"", ""assay_description"": ""Inhibition constant against Bacillus subtilis azp-12 DNA topoisomerase III (mutant enzyme)."", ""assay_type"": ""B"", ""assay_variant_accession"": null, ""assay_variant_mutation"": null, ""bao_endpoint"": ""BAO_0000192"", ""bao_format"": ""BAO_0000357"", ""bao_label"": ""single protein format"", ""canonical_smiles"": ""Oc1cc(Nc2ccc3c(c2)CCC3)nc(O)n1"", ""data_validity_comment"": null, ""data_validity_description"": null, ""document_chembl_id"": ""CHEMBL1122565"", ""document_journal"": ""J Med Chem"", ""document_year"": 1984, ""ligand_efficiency"": {""bei"": ""23.47"", ""le"": ""0.43"", ""lle"": ""3.59"", ""sei"": ""7.30""}, ""modality"": null, ""molecule_chembl_id"": ""CHEMBL54950"", ""molecule_pref_name"": null, ""parent_molecule_chembl_id"": ""CHEMBL54950"", ""pchembl_value"": ""5.71"", ""potential_duplicate"": 0, ""qudt_units"": ""http://www.openphacts.org/units/Nanomolar"", ""record_id"": 91159, ""relation"": ""="", ""src_id"": 1, ""standard_flag"": 1, ""standard_relation"": ""="", ""standard_text_value"": null, ""standard_type"": ""Ki"", ""standard_units"": ""nM"", ""standard_upper_value"": null, ""standard_value"": ""1949.84"", ""target_chembl_id"": ""CHEMBL4320"", ""target_organism"": ""Bacillus subtilis (strain 168)"", ""target_pref_name"": ""DNA topoisomerase 3"", ""target_tax_id"": ""224308"", ""text_value"": null, ""toid"": null, ""type"": ""Log 1/Ki"", ""units"": null, ""uo_units"": ""UO_0000065"", ""upper_value"": null, ""value"": ""5.71""}","{""action_type"": null, ""activity_comment"": null, ""activity_id"": 35538, ""activity_properties"": [], ""assay_chembl_id"": ""CHEMBL858266"", ""assay_description"": ""Inhibition constant against Bacillus subtilis azp-12 DNA topoisomerase III (mutant enzyme)."", ""assay_type"": ""B"", ""assay_variant_accession"": null, ""assay_variant_mutation"": null, ""bao_endpoint"": ""BAO_0000192"", ""bao_format"": ""BAO_0000357"", ""bao_label"": ""single protein format"", ""canonical_smiles"": ""Oc1cc(Nc2ccc3c(c2)CCC3)nc(O)n1"", ""data_validity_comment"": null, ""data_validity_description"": null, ""document_chembl_id"": ""CHEMBL1122565"", ""document_journal"": ""J Med Chem"", ""document_year"": 1984, ""ligand_efficiency"": {""bei"": ""23.47"", ""le"": ""0.43"", ""lle"": ""3.59"", ""sei"": ""7.30""}, ""modality"": null, ""molecule_chembl_id"": ""CHEMBL54950"", ""molecule_pref_name"": null, ""parent_molecule_chembl_id"": ""CHEMBL54950"", ""pchembl_value"": ""5.71"", ""potential_duplicate"": 0, ""qudt_units"": ""http://www.openphacts.org/units/Nanomolar"", ""record_id"": 91159, ""relation"": ""="", ""src_id"": 1, ""standard_flag"": 1, ""standard_relation"": ""="", ""standard_text_value"": null, ""standard_type"": ""Ki"", ""standard_units"": ""nM"", ""standard_upper_value"": null, ""standard_value"": ""1949.84"", ""target_chembl_id"": ""CHEMBL4320"", ""target_organism"": ""Bacillus subtilis (strain 168)"", ""target_pref_name"": ""DNA topoisomerase 3"", ""target_tax_id"": ""224308"", ""text_value"": null, ""toid"": null, ""type"": ""Log 1/Ki"", ""units"": null, ""uo_units"": ""UO_0000065"", ""upper_value"": null, ""value"": ""5.71""}"
"c1d6d891-f698-4732-9ffc-24f94bd3dfcf","chembl_activity","chembl_activity","chembl","silver","975","35650","35650","25b90e6c3ab5c59d2653e676b09986b76ed533d7ef3d9f1974b6e64d2306455b","25b90e6c3ab5c59d2653e676b09986b76ed533d7ef3d9f1974b6e64d2306455b","25b90e6c3ab5c59d2653e676b09986b76ed533d7ef3d9f1974b6e64d2306455b","quarantined","SCHEMA_REQUIRED_FIELD_MISSING","Required field 'units' is missing: {""action_taken"": ""quarantine_original_record"", ""actual_python_type"": ""NoneType"", ""actual_value_preview"": ""None"", ""coercion_policy"": ""default"", ""empty_as_missing"": null, ""expected_logical_type"": ""string"", ""expected_physical_type"": ""str"", ""field"": ""units"", ""nullable"": false, ""optional"": false, ""optional_sources"": [""silver_required_fields""], ""policy_stage"": ""structural"", ""reason_code"": ""required_field_missing"", ""shadow_comparison"": ""structural_reject_silver_filter_reject"", ""silver_filter_shadow_reason_code"": ""required_field_missing""}","","silver","type","","","quarantine","2026-06-02T11:19:03.233712+00:00","{""action_type"": null, ""activity_comment"": null, ""activity_id"": 35650, ""activity_properties"": [], ""assay_chembl_id"": ""CHEMBL733653"", ""assay_description"": ""Ability to inhibit mitochondrial malate dehydrogenase"", ""assay_type"": ""B"", ""assay_variant_accession"": null, ""assay_variant_mutation"": null, ""bao_endpoint"": ""BAO_0000190"", ""bao_format"": ""BAO_0000357"", ""bao_label"": ""single protein format"", ""canonical_smiles"": ""O=C(O)c1cnc2cc(OCc3ccc(Oc4ccccc4)cc3)ccc2c1O"", ""data_validity_comment"": null, ""data_validity_description"": null, ""document_chembl_id"": ""CHEMBL1122163"", ""document_journal"": ""J Med Chem"", ""document_year"": 1982, ""ligand_efficiency"": {""bei"": ""15.05"", ""le"": ""0.27"", ""lle"": ""0.82"", ""sei"": ""6.56""}, ""modality"": null, ""molecule_chembl_id"": ""CHEMBL434275"", ""molecule_pref_name"": null, ""parent_molecule_chembl_id"": ""CHEMBL434275"", ""pchembl_value"": ""5.83"", ""potential_duplicate"": 0, ""qudt_units"": ""http://www.openphacts.org/units/Nanomolar"", ""record_id"": 308458, ""relation"": ""="", ""src_id"": 1, ""standard_flag"": 1, ""standard_relation"": ""="", ""standard_text_value"": null, ""standard_type"": ""IC50"", ""standard_units"": ""nM"", ""standard_upper_value"": null, ""standard_value"": ""1479.11"", ""target_chembl_id"": ""CHEMBL3444"", ""target_organism"": ""Sus scrofa"", ""target_pref_name"": ""Malate dehydrogenase, mitochondrial"", ""target_tax_id"": ""9823"", ""text_value"": null, ""toid"": null, ""type"": ""pI50"", ""units"": null, ""uo_units"": ""UO_0000065"", ""upper_value"": null, ""value"": ""5.83""}","{""action_type"": null, ""activity_comment"": null, ""activity_id"": 35650, ""activity_properties"": [], ""assay_chembl_id"": ""CHEMBL733653"", ""assay_description"": ""Ability to inhibit mitochondrial malate dehydrogenase"", ""assay_type"": ""B"", ""assay_variant_accession"": null, ""assay_variant_mutation"": null, ""bao_endpoint"": ""BAO_0000190"", ""bao_format"": ""BAO_0000357"", ""bao_label"": ""single protein format"", ""canonical_smiles"": ""O=C(O)c1cnc2cc(OCc3ccc(Oc4ccccc4)cc3)ccc2c1O"", ""data_validity_comment"": null, ""data_validity_description"": null, ""document_chembl_id"": ""CHEMBL1122163"", ""document_journal"": ""J Med Chem"", ""document_year"": 1982, ""ligand_efficiency"": {""bei"": ""15.05"", ""le"": ""0.27"", ""lle"": ""0.82"", ""sei"": ""6.56""}, ""modality"": null, ""molecule_chembl_id"": ""CHEMBL434275"", ""molecule_pref_name"": null, ""parent_molecule_chembl_id"": ""CHEMBL434275"", ""pchembl_value"": ""5.83"", ""potential_duplicate"": 0, ""qudt_units"": ""http://www.openphacts.org/units/Nanomolar"", ""record_id"": 308458, ""relation"": ""="", ""src_id"": 1, ""standard_flag"": 1, ""standard_relation"": ""="", ""standard_text_value"": null, ""standard_type"": ""IC50"", ""standard_units"": ""nM"", ""standard_upper_value"": null, ""standard_value"": ""1479.11"", ""target_chembl_id"": ""CHEMBL3444"", ""target_organism"": ""Sus scrofa"", ""target_pref_name"": ""Malate dehydrogenase, mitochondrial"", ""target_tax_id"": ""9823"", ""text_value"": null, ""toid"": null, ""type"": ""pI50"", ""units"": null, ""uo_units"": ""UO_0000065"", ""upper_value"": null, ""value"": ""5.83""}"
"c1d6d891-f698-4732-9ffc-24f94bd3dfcf","chembl_activity","chembl_activity","chembl","silver","976","35651","35651","8081b5db16fae0e00695b82fbedfda4c2b956f22f48f71632567251e27a76b87","8081b5db16fae0e00695b82fbedfda4c2b956f22f48f71632567251e27a76b87","8081b5db16fae0e00695b82fbedfda4c2b956f22f48f71632567251e27a76b87","quarantined","SCHEMA_REQUIRED_FIELD_MISSING","Required field 'units' is missing: {""action_taken"": ""quarantine_original_record"", ""actual_python_type"": ""NoneType"", ""actual_value_preview"": ""None"", ""coercion_policy"": ""default"", ""empty_as_missing"": null, ""expected_logical_type"": ""string"", ""expected_physical_type"": ""str"", ""field"": ""units"", ""nullable"": false, ""optional"": false, ""optional_sources"": [""silver_required_fields""], ""policy_stage"": ""structural"", ""reason_code"": ""required_field_missing"", ""shadow_comparison"": ""structural_reject_silver_filter_reject"", ""silver_filter_shadow_reason_code"": ""required_field_missing""}","","silver","type","","","quarantine","2026-06-02T11:19:03.236438+00:00","{""action_type"": null, ""activity_comment"": null, ""activity_id"": 35651, ""activity_properties"": [], ""assay_chembl_id"": ""CHEMBL665215"", ""assay_description"": ""Ability to inhibit cytoplasmic malate dehydrogenase"", ""assay_type"": ""B"", ""assay_variant_accession"": null, ""assay_variant_mutation"": null, ""bao_endpoint"": ""BAO_0000190"", ""bao_format"": ""BAO_0000357"", ""bao_label"": ""single protein format"", ""canonical_smiles"": ""O=C(O)c1cnc2cc(OCc3ccc(Oc4ccccc4)cc3)ccc2c1O"", ""data_validity_comment"": null, ""data_validity_description"": null, ""document_chembl_id"": ""CHEMBL1122163"", ""document_journal"": ""J Med Chem"", ""document_year"": 1982, ""ligand_efficiency"": {""bei"": ""11.64"", ""le"": ""0.21"", ""lle"": ""-0.50"", ""sei"": ""5.07""}, ""modality"": null, ""molecule_chembl_id"": ""CHEMBL434275"", ""molecule_pref_name"": null, ""parent_molecule_chembl_id"": ""CHEMBL434275"", ""pchembl_value"": ""4.51"", ""potential_duplicate"": 0, ""qudt_units"": ""http://www.openphacts.org/units/Nanomolar"", ""record_id"": 308458, ""relation"": ""="", ""src_id"": 1, ""standard_flag"": 1, ""standard_relation"": ""="", ""standard_text_value"": null, ""standard_type"": ""IC50"", ""standard_units"": ""nM"", ""standard_upper_value"": null, ""standard_value"": ""30902.95"", ""target_chembl_id"": ""CHEMBL4048"", ""target_organism"": ""Sus scrofa"", ""target_pref_name"": ""Malate dehydrogenase, cytoplasmic"", ""target_tax_id"": ""9823"", ""text_value"": null, ""toid"": null, ""type"": ""pI50"", ""units"": null, ""uo_units"": ""UO_0000065"", ""upper_value"": null, ""value"": ""4.51""}","{""action_type"": null, ""activity_comment"": null, ""activity_id"": 35651, ""activity_properties"": [], ""assay_chembl_id"": ""CHEMBL665215"", ""assay_description"": ""Ability to inhibit cytoplasmic malate dehydrogenase"", ""assay_type"": ""B"", ""assay_variant_accession"": null, ""assay_variant_mutation"": null, ""bao_endpoint"": ""BAO_0000190"", ""bao_format"": ""BAO_0000357"", ""bao_label"": ""single protein format"", ""canonical_smiles"": ""O=C(O)c1cnc2cc(OCc3ccc(Oc4ccccc4)cc3)ccc2c1O"", ""data_validity_comment"": null, ""data_validity_description"": null, ""document_chembl_id"": ""CHEMBL1122163"", ""document_journal"": ""J Med Chem"", ""document_year"": 1982, ""ligand_efficiency"": {""bei"": ""11.64"", ""le"": ""0.21"", ""lle"": ""-0.50"", ""sei"": ""5.07""}, ""modality"": null, ""molecule_chembl_id"": ""CHEMBL434275"", ""molecule_pref_name"": null, ""parent_molecule_chembl_id"": ""CHEMBL434275"", ""pchembl_value"": ""4.51"", ""potential_duplicate"": 0, ""qudt_units"": ""http://www.openphacts.org/units/Nanomolar"", ""record_id"": 308458, ""relation"": ""="", ""src_id"": 1, ""standard_flag"": 1, ""standard_relation"": ""="", ""standard_text_value"": null, ""standard_type"": ""IC50"", ""standard_units"": ""nM"", ""standard_upper_value"": null, ""standard_value"": ""30902.95"", ""target_chembl_id"": ""CHEMBL4048"", ""target_organism"": ""Sus scrofa"", ""target_pref_name"": ""Malate dehydrogenase, cytoplasmic"", ""target_tax_id"": ""9823"", ""text_value"": null, ""toid"": null, ""type"": ""pI50"", ""units"": null, ""uo_units"": ""UO_0000065"", ""upper_value"": null, ""value"": ""4.51""}"
"c1d6d891-f698-4732-9ffc-24f94bd3dfcf","chembl_activity","chembl_activity","chembl","silver","977","35653","35653","3dad4871d6826f6c85ef8784fcf7984cff8667d9b46e30750ec0d5db349cc737","3dad4871d6826f6c85ef8784fcf7984cff8667d9b46e30750ec0d5db349cc737","3dad4871d6826f6c85ef8784fcf7984cff8667d9b46e30750ec0d5db349cc737","quarantined","SCHEMA_REQUIRED_FIELD_MISSING","Required field 'units' is missing: {""action_taken"": ""quarantine_original_record"", ""actual_python_type"": ""NoneType"", ""actual_value_preview"": ""None"", ""coercion_policy"": ""default"", ""empty_as_missing"": null, ""expected_logical_type"": ""string"", ""expected_physical_type"": ""str"", ""field"": ""units"", ""nullable"": false, ""optional"": false, ""optional_sources"": [""silver_required_fields""], ""policy_stage"": ""structural"", ""reason_code"": ""required_field_missing"", ""shadow_comparison"": ""structural_reject_silver_filter_reject"", ""silver_filter_shadow_reason_code"": ""required_field_missing""}","","silver","type","","","quarantine","2026-06-02T11:19:03.238786+00:00","{""action_type"": null, ""activity_comment"": null, ""activity_id"": 35653, ""activity_properties"": [], ""assay_chembl_id"": ""CHEMBL673295"", ""assay_description"": ""Inhibition of Ehrlich ascites cell respiration"", ""assay_type"": ""F"", ""assay_variant_accession"": null, ""assay_variant_mutation"": null, ""bao_endpoint"": ""BAO_0000190"", ""bao_format"": ""BAO_0000219"", ""bao_label"": ""cell-based format"", ""canonical_smiles"": ""O=C(O)c1cnc2cc(OCc3ccc(Oc4ccccc4)cc3)ccc2c1O"", ""data_validity_comment"": null, ""data_validity_description"": null, ""document_chembl_id"": ""CHEMBL1122163"", ""document_journal"": ""J Med Chem"", ""document_year"": 1982, ""ligand_efficiency"": null, ""modality"": null, ""molecule_chembl_id"": ""CHEMBL434275"", ""molecule_pref_name"": null, ""parent_molecule_chembl_id"": ""CHEMBL434275"", ""pchembl_value"": ""4.00"", ""potential_duplicate"": 0, ""qudt_units"": ""http://www.openphacts.org/units/Nanomolar"", ""record_id"": 308458, ""relation"": ""="", ""src_id"": 1, ""standard_flag"": 1, ""standard_relation"": ""="", ""standard_text_value"": null, ""standard_type"": ""IC50"", ""standard_units"": ""nM"", ""standard_upper_value"": null, ""standard_value"": ""100000.0"", ""target_chembl_id"": ""CHEMBL614641"", ""target_organism"": ""Mus musculus"", ""target_pref_name"": ""Ehrlich"", ""target_tax_id"": ""10090"", ""text_value"": null, ""toid"": null, ""type"": ""pI50"", ""units"": null, ""uo_units"": ""UO_0000065"", ""upper_value"": null, ""value"": ""4.0""}","{""action_type"": null, ""activity_comment"": null, ""activity_id"": 35653, ""activity_properties"": [], ""assay_chembl_id"": ""CHEMBL673295"", ""assay_description"": ""Inhibition of Ehrlich ascites cell respiration"", ""assay_type"": ""F"", ""assay_variant_accession"": null, ""assay_variant_mutation"": null, ""bao_endpoint"": ""BAO_0000190"", ""bao_format"": ""BAO_0000219"", ""bao_label"": ""cell-based format"", ""canonical_smiles"": ""O=C(O)c1cnc2cc(OCc3ccc(Oc4ccccc4)cc3)ccc2c1O"", ""data_validity_comment"": null, ""data_validity_description"": null, ""document_chembl_id"": ""CHEMBL1122163"", ""document_journal"": ""J Med Chem"", ""document_year"": 1982, ""ligand_efficiency"": null, ""modality"": null, ""molecule_chembl_id"": ""CHEMBL434275"", ""molecule_pref_name"": null, ""parent_molecule_chembl_id"": ""CHEMBL434275"", ""pchembl_value"": ""4.00"", ""potential_duplicate"": 0, ""qudt_units"": ""http://www.openphacts.org/units/Nanomolar"", ""record_id"": 308458, ""relation"": ""="", ""src_id"": 1, ""standard_flag"": 1, ""standard_relation"": ""="", ""standard_text_value"": null, ""standard_type"": ""IC50"", ""standard_units"": ""nM"", ""standard_upper_value"": null, ""standard_value"": ""100000.0"", ""target_chembl_id"": ""CHEMBL614641"", ""target_organism"": ""Mus musculus"", ""target_pref_name"": ""Ehrlich"", ""target_tax_id"": ""10090"", ""text_value"": null, ""toid"": null, ""type"": ""pI50"", ""units"": null, ""uo_units"": ""UO_0000065"", ""upper_value"": null, ""value"": ""4.0""}"
