Name                                                                                                                                                 Stmts   Miss Branch BrPart   Cover   Missing
-------------------------------------------------------------------------------------------------------------------------------------------------------------------------------------------------
src\bioetl\__init__.py                                                                                                                                  14      0      2      0 100.00%
src\bioetl\__main__.py                                                                                                                                  17      0      4      0 100.00%
src\bioetl\application\__init__.py                                                                                                                       1      0      0      0 100.00%
src\bioetl\application\composite\__init__.py                                                                                                            16      0      0      0 100.00%
src\bioetl\application\composite\_coalesce_policy_support.py                                                                                            79      0     34      3  97.35%   24->exit, 34->exit, 42->exit
src\bioetl\application\composite\_coalesce_timestamp_support.py                                                                                         81      0     34      0 100.00%
src\bioetl\application\composite\_lifecycle_observer_event_metrics.py                                                                                   39      0     10      1  97.96%   84->95
src\bioetl\application\composite\_lifecycle_observer_span_management.py                                                                                 68      0     22      2  97.78%   124->126, 170->172
src\bioetl\application\composite\_lifecycle_observer_tracing_helpers.py                                                                                  5      0      0      0 100.00%
src\bioetl\application\composite\_lifecycle_observer_tracing_types.py                                                                                   28      0     22     11  78.00%   16->exit, 18->exit, 25->exit, 27->exit, 42->exit, 45->exit, 47->exit, 54->exit, 56->exit, 64->exit, 74->exit
src\bioetl\application\composite\_preflight_field_priority.py                                                                                           43      0     14      1  98.25%   137->exit
src\bioetl\application\composite\_preflight_orchestration.py                                                                                            98      0     38      2  98.53%   73->81, 83->81
src\bioetl\application\composite\_preflight_reporting.py                                                                                                24      0      8      0 100.00%
src\bioetl\application\composite\_preflight_types.py                                                                                                    41      0      0      0 100.00%
src\bioetl\application\composite\aggregator.py                                                                                                          85      0     36      3  97.52%   137->143, 176->181, 183->188
src\bioetl\application\composite\checkpoint\__init__.py                                                                                                  6      0      0      0 100.00%
src\bioetl\application\composite\checkpoint\_anchor_context.py                                                                                          35      0      2      1  97.30%   225->229
src\bioetl\application\composite\checkpoint\_checkpoint_replay_projection.py                                                                            17      0      2      0 100.00%
src\bioetl\application\composite\checkpoint\_checkpoint_runtime.py                                                                                      70      0     28      0 100.00%
src\bioetl\application\composite\checkpoint\_checkpoint_warnings.py                                                                                     38      0     14      1  98.08%   99->101
src\bioetl\application\composite\checkpoint\_load_validation.py                                                                                         31      0     14      0 100.00%
src\bioetl\application\composite\checkpoint\_state_support.py                                                                                           27      0      0      0 100.00%
src\bioetl\application\composite\checkpoint\load_service.py                                                                                             93      0     16      0 100.00%
src\bioetl\application\composite\checkpoint\persistence_service.py                                                                                      59      1     18      2  96.10%   101, 134->131
src\bioetl\application\composite\checkpoint\service.py                                                                                                  91      0      0      0 100.00%
src\bioetl\application\composite\checkpoint\state.py                                                                                                    58      0      0      0 100.00%
src\bioetl\application\composite\checkpoint\state_parsing.py                                                                                            40      0     14      0 100.00%
src\bioetl\application\composite\checkpoint\state_serialization.py                                                                                      11      0      2      0 100.00%
src\bioetl\application\composite\checkpoint\transition_service.py                                                                                       14      0      2      0 100.00%
src\bioetl\application\composite\coalesce_policy.py                                                                                                     59      0     14      0 100.00%
src\bioetl\application\composite\column_orderer_group_flow.py                                                                                           52      0     22      0 100.00%
src\bioetl\application\composite\column_orderer_semantic.py                                                                                             26      0      6      0 100.00%
src\bioetl\application\composite\column_priority_orderer.py                                                                                             81      0     32      3  97.35%   94->103, 98->103, 115->103
src\bioetl\application\composite\column_renamer.py                                                                                                      50      0     16      0 100.00%
src\bioetl\application\composite\column_service.py                                                                                                      67      0      8      0 100.00%
src\bioetl\application\composite\column_service_priority.py                                                                                             36      0     10      0 100.00%
src\bioetl\application\composite\column_service_stage_delegates.py                                                                                      15      0      0      0 100.00%
src\bioetl\application\composite\column_service_support.py                                                                                              72      0     24      0 100.00%
src\bioetl\application\composite\conflict_resolver.py                                                                                                   80      2     34      2  96.49%   151, 159
src\bioetl\application\composite\coordinator.py                                                                                                         53      2      2      0  96.36%   208-209
src\bioetl\application\composite\coordinator_planning.py                                                                                                59      0     24      5  93.98%   38->exit, 44->exit, 46->exit, 83->86, 89->92
src\bioetl\application\composite\coordinator_result_mixin.py                                                                                            43      0      6      0 100.00%
src\bioetl\application\composite\cross_validator.py                                                                                                     57      0      8      0 100.00%
src\bioetl\application\composite\cross_validator_helpers.py                                                                                             97      0     30      0 100.00%
src\bioetl\application\composite\deduplication.py                                                                                                       86      0     28      0 100.00%
src\bioetl\application\composite\dependency_coordinator.py                                                                                              48      0     12      0 100.00%
src\bioetl\application\composite\dependency_join_context_assembly.py                                                                                    26      0      2      0 100.00%
src\bioetl\application\composite\dependency_join_execution.py                                                                                           32      0      2      0 100.00%
src\bioetl\application\composite\dependency_join_models.py                                                                                              38      0      0      0 100.00%
src\bioetl\application\composite\dependency_join_support.py                                                                                              5      0      0      0 100.00%
src\bioetl\application\composite\dependency_joiner.py                                                                                                   43      0     10      0 100.00%
src\bioetl\application\composite\dependency_key_resolvers.py                                                                                            32      0      0      0 100.00%
src\bioetl\application\composite\dependency_progress_tracker.py                                                                                         28      0      6      0 100.00%
src\bioetl\application\composite\dependency_result_mapper.py                                                                                            26      0      0      0 100.00%
src\bioetl\application\composite\enricher_join_execution.py                                                                                             24      0      2      0 100.00%
src\bioetl\application\composite\fsm_helper.py                                                                                                          51      0     10      0 100.00%
src\bioetl\application\composite\helpers\__init__.py                                                                                                     3      0      0      0 100.00%
src\bioetl\application\composite\helpers\column_service_layer_filter.py                                                                                 17      0      8      0 100.00%
src\bioetl\application\composite\helpers\coordinator_execution.py                                                                                       48      0      8      3  94.64%   48->exit, 59->exit, 68->exit
src\bioetl\application\composite\helpers\cross_validator_finalize.py                                                                                    33      0      6      0 100.00%
src\bioetl\application\composite\helpers\dependency_chained_key_resolver.py                                                                             74      0     18      0 100.00%
src\bioetl\application\composite\helpers\dependency_coordinator_execution.py                                                                            37      0      0      0 100.00%
src\bioetl\application\composite\helpers\dependency_join_apply_ops.py                                                                                   32      0      8      1  97.50%   215->218
src\bioetl\application\composite\helpers\dependency_join_service_ops.py                                                                                 18      0      0      0 100.00%
src\bioetl\application\composite\helpers\join_planner_identity.py                                                                                       50      0     18      0 100.00%
src\bioetl\application\composite\helpers\lifecycle_observer_terminal_emit.py                                                                            37      0     18      7  87.27%   22->exit, 24->exit, 34->exit, 42->exit, 50->exit, 59->exit, 80->82
src\bioetl\application\composite\helpers\merger_orchestration_types.py                                                                                  40      0     12      6  88.46%   71->exit, 74->exit, 76->exit, 82->exit, 88->exit, 94->exit
src\bioetl\application\composite\helpers\preflight_schema_field_extraction.py                                                                           49      0     18      0 100.00%
src\bioetl\application\composite\helpers\preflight_schema_registry.py                                                                                   30      0     12      1  97.62%   47->34
src\bioetl\application\composite\helpers\preflight_type_and_aggregation.py                                                                              28      0     10      0 100.00%
src\bioetl\application\composite\helpers\resolver_helper.py                                                                                             27      0      0      0 100.00%
src\bioetl\application\composite\join_execution.py                                                                                                      39      0     12      0 100.00%
src\bioetl\application\composite\join_key_normalization.py                                                                                              34      0     16      0 100.00%
src\bioetl\application\composite\join_key_resolution.py                                                                                                 20      0      0      0 100.00%
src\bioetl\application\composite\join_key_resolution_helpers.py                                                                                         47      0     12      0 100.00%
src\bioetl\application\composite\join_planner.py                                                                                                        40      0      4      0 100.00%
src\bioetl\application\composite\join_planner_delegation_mixin.py                                                                                       33      0      0      0 100.00%
src\bioetl\application\composite\join_planner_helpers.py                                                                                                60      0      2      0 100.00%
src\bioetl\application\composite\key_extractor.py                                                                                                       37      0      6      0 100.00%
src\bioetl\application\composite\lifecycle_observer_service.py                                                                                          56      0      8      0 100.00%
src\bioetl\application\composite\merge_service.py                                                                                                       54      0      4      0 100.00%
src\bioetl\application\composite\merger.py                                                                                                               4      0      0      0 100.00%
src\bioetl\application\composite\merger_collaborators.py                                                                                                17      0      0      0 100.00%
src\bioetl\application\composite\merger_input_mixin.py                                                                                                  77      0     26      0 100.00%
src\bioetl\application\composite\merger_io_mixin.py                                                                                                     56      0     14      0 100.00%
src\bioetl\application\composite\merger_metrics_mixin.py                                                                                                73      0     26      0 100.00%
src\bioetl\application\composite\merger_orchestration.py                                                                                                46      0      8      0 100.00%
src\bioetl\application\composite\merger_output_mixin.py                                                                                                 48      0     12      1  98.33%   107->115
src\bioetl\application\composite\merger_post_join.py                                                                                                    52      0     16      8  88.24%   43->exit, 51->exit, 61->exit, 63->exit, 65->exit, 72->exit, 80->exit, 125->131
src\bioetl\application\composite\preflight_validator.py                                                                                                 70      0     22      0 100.00%
src\bioetl\application\composite\protocols.py                                                                                                           20      0      0      0 100.00%
src\bioetl\application\composite\replay_context.py                                                                                                      29      0      4      0 100.00%
src\bioetl\application\composite\runner_pkg\__init__.py                                                                                                  4      0      0      0 100.00%
src\bioetl\application\composite\runner_pkg\runner.py                                                                                                   92      1      4      1  97.92%   160
src\bioetl\application\composite\runner_pkg\runner_checkpoint_contracts.py                                                                               3      0      0      0 100.00%
src\bioetl\application\composite\runner_pkg\runner_checkpoint_save_observability.py                                                                     48      0     18      1  98.48%   141->exit
src\bioetl\application\composite\runner_pkg\runner_completion_helpers.py                                                                                52      0      8      3  95.00%   52->exit, 57->exit, 62->exit
src\bioetl\application\composite\runner_pkg\runner_constants.py                                                                                          7      0      0      0 100.00%
src\bioetl\application\composite\runner_pkg\runner_control_plane_lifecycle.py                                                                           39      0      2      0 100.00%
src\bioetl\application\composite\runner_pkg\runner_control_plane_mixin.py                                                                               45      0      0      0 100.00%
src\bioetl\application\composite\runner_pkg\runner_control_plane_phase_completion.py                                                                    39      0      4      0 100.00%
src\bioetl\application\composite\runner_pkg\runner_control_plane_phase_followup.py                                                                      39      0      2      0 100.00%
src\bioetl\application\composite\runner_pkg\runner_control_plane_support.py                                                                              5      0      0      0 100.00%
src\bioetl\application\composite\runner_pkg\runner_cv_quarantine_helpers.py                                                                             37      0      6      0 100.00%
src\bioetl\application\composite\runner_pkg\runner_execution_orchestrator.py                                                                            54      0     14      7  89.71%   32->exit, 37->exit, 39->exit, 45->exit, 51->exit, 56->exit, 61->exit
src\bioetl\application\composite\runner_pkg\runner_helpers.py                                                                                            4      0      0      0 100.00%
src\bioetl\application\composite\runner_pkg\runner_key_flow.py                                                                                          19      0      0      0 100.00%
src\bioetl\application\composite\runner_pkg\runner_lifecycle_flow.py                                                                                    57      0     20     10  87.01%   54->exit, 56->exit, 58->exit, 60->exit, 62->exit, 64->exit, 68->exit, 70->exit, 74->exit, 78->exit
src\bioetl\application\composite\runner_pkg\runner_merge_request_flow.py                                                                                50      0     10      0 100.00%
src\bioetl\application\composite\runner_pkg\runner_merge_stage_dispatch_mixin.py                                                                        15      0      0      0 100.00%
src\bioetl\application\composite\runner_pkg\runner_merge_stage_execution_mixin.py                                                                       43      0      2      0 100.00%
src\bioetl\application\composite\runner_pkg\runner_merge_stage_mixin.py                                                                                 23      0      0      0 100.00%
src\bioetl\application\composite\runner_pkg\runner_merge_stage_runtime.py                                                                               59      0      6      0 100.00%
src\bioetl\application\composite\runner_pkg\runner_merge_stage_types.py                                                                                 45      0     40      0 100.00%
src\bioetl\application\composite\runner_pkg\runner_mergeability_helpers.py                                                                              50      0     26      0 100.00%
src\bioetl\application\composite\runner_pkg\runner_observability_helpers.py                                                                             59      0     10      1  98.55%   55->exit
src\bioetl\application\composite\runner_pkg\runner_observability_mixin.py                                                                               22      0      0      0 100.00%
src\bioetl\application\composite\runner_pkg\runner_result_types.py                                                                                      22      0      0      0 100.00%
src\bioetl\application\composite\runner_pkg\runner_runtime_helpers.py                                                                                  117      0     20      3  97.81%   43->exit, 47->exit, 54->exit
src\bioetl\application\composite\runner_pkg\runner_stage_completion_mixin.py                                                                            35      0      2      0 100.00%
src\bioetl\application\composite\runner_pkg\runner_stage_dependency_flow.py                                                                             31      0      6      0 100.00%
src\bioetl\application\composite\runner_pkg\runner_stage_dependency_state_flow.py                                                                       23      0      2      0 100.00%
src\bioetl\application\composite\runner_pkg\runner_stage_enrichment_completion_mixin.py                                                                 40      0      8      0 100.00%
src\bioetl\application\composite\runner_pkg\runner_stage_enrichment_execution_mixin.py                                                                  42      0      2      0 100.00%
src\bioetl\application\composite\runner_pkg\runner_stage_enrichment_mixin.py                                                                             5      0      0      0 100.00%
src\bioetl\application\composite\runner_pkg\runner_stage_enrichment_types.py                                                                            45      0     34      0 100.00%
src\bioetl\application\composite\runner_pkg\runner_stage_execution_mixin.py                                                                             41      0      2      0 100.00%
src\bioetl\application\composite\runner_pkg\runner_stage_mixin.py                                                                                        8      0      0      0 100.00%
src\bioetl\application\composite\runner_pkg\runner_stage_payloads.py                                                                                    34      0      2      0 100.00%
src\bioetl\application\composite\runner_pkg\runner_stage_seed_flow.py                                                                                   29      0      4      0 100.00%
src\bioetl\application\composite\runner_pkg\runner_stage_start_flow.py                                                                                  28      0      8      4  88.89%   25->exit, 35->exit, 58->60, 68->70
src\bioetl\application\composite\runner_pkg\runner_stage_state_flow.py                                                                                  55      0     10      0 100.00%
src\bioetl\application\composite\runner_pkg\runner_stage_support_dispatch_mixin.py                                                                      26      0      0      0 100.00%
src\bioetl\application\composite\runner_pkg\runner_stage_support_flow_mixin.py                                                                          27      0      0      0 100.00%
src\bioetl\application\composite\runner_pkg\runner_stage_support_mixin.py                                                                                5      0      0      0 100.00%
src\bioetl\application\composite\runner_pkg\runner_stage_support_types.py                                                                               37      0     20     10  82.46%   48->exit, 53->exit, 59->exit, 61->exit, 66->exit, 71->exit, 77->exit, 79->exit, 81->exit, 91->exit
src\bioetl\application\composite\runner_pkg\runner_stage_types.py                                                                                       59      0     54      0 100.00%
src\bioetl\application\composite\runner_pkg\runner_summary_helpers.py                                                                                   45      0     16      0 100.00%
src\bioetl\application\composite\runner_pkg\runner_support_flow.py                                                                                      47      0     14      1  98.36%   86->88
src\bioetl\application\composite\runner_pkg\runner_support_mixin.py                                                                                     36      0      0      0 100.00%
src\bioetl\application\composite\runner_pkg\runner_support_policy.py                                                                                    39      0     16      0 100.00%
src\bioetl\application\composite\runner_pkg\runner_support_result_mixin.py                                                                              21      0      0      0 100.00%
src\bioetl\application\composite\runner_pkg\runner_support_run_mixin.py                                                                                 36      0      2      0 100.00%
src\bioetl\application\composite\runner_pkg\runner_support_runtime.py                                                                                   51      0      2      0 100.00%
src\bioetl\application\composite\runner_pkg\runner_support_types.py                                                                                     44      0     18      9  85.48%   59->exit, 64->exit, 66->exit, 72->exit, 77->exit, 81->exit, 86->exit, 91->exit, 96->exit
src\bioetl\application\composite\runtime_models.py                                                                                                      62      0      4      0 100.00%
src\bioetl\application\composite\runtime_wiring_api.py                                                                                                  31      0      0      0 100.00%
src\bioetl\application\composite\target_protein_classification_summary.py                                                                                3      0      0      0 100.00%
src\bioetl\application\core\__init__.py                                                                                                                  2      0      0      0 100.00%
src\bioetl\application\core\_base_transformer_execution_support.py                                                                                      42      0      2      0 100.00%
src\bioetl\application\core\_base_transformer_structural_support.py                                                                                     65      0     30      1  98.95%   41->39
src\bioetl\application\core\_batch_processing_layer_write_support.py                                                                                    34      0     14      1  97.92%   37->exit
src\bioetl\application\core\_batch_processing_metrics_support.py                                                                                        22      0      0      0 100.00%
src\bioetl\application\core\_batch_tracing_support.py                                                                                                   36      0     10      0 100.00%
src\bioetl\application\core\_batch_transformer_support.py                                                                                               24      0     10      1  97.06%   70->exit
src\bioetl\application\core\_batch_write_events.py                                                                                                      23      0      8      1  96.77%   34->exit
src\bioetl\application\core\_batch_write_schema_quarantine.py                                                                                           13      0      0      0 100.00%
src\bioetl\application\core\_batch_write_support.py                                                                                                     32      0      6      1  97.37%   137->147
src\bioetl\application\core\_batch_writer_column_order.py                                                                                               12      0      2      0 100.00%
src\bioetl\application\core\_batch_writer_gold_support.py                                                                                               50      0     18      2  97.06%   23->exit, 25->exit
src\bioetl\application\core\_checkpoint_payload.py                                                                                                      10      0      4      0 100.00%
src\bioetl\application\core\_fetch_forwarding.py                                                                                                        19      0      6      0 100.00%
src\bioetl\application\core\_filtered_data_source_fetch_support.py                                                                                      54      0     26      0 100.00%
src\bioetl\application\core\_filtered_data_source_support.py                                                                                            90      0     32      1  99.18%   196->205
src\bioetl\application\core\_quarantine_entries.py                                                                                                      13      0      0      0 100.00%
src\bioetl\application\core\_quarantine_manager_support.py                                                                                              47      1      6      1  96.23%   67
src\bioetl\application\core\_quarantine_metrics_support.py                                                                                              61      2     30      3  94.51%   32->exit, 41->exit, 132, 144
src\bioetl\application\core\_quarantine_request_builders.py                                                                                             14      0      2      0 100.00%
src\bioetl\application\core\_quarantine_support.py                                                                                                      52      0     12      2  96.88%   110->exit, 172->174
src\bioetl\application\core\_quarantine_write_support.py                                                                                                34      0     12      0 100.00%
src\bioetl\application\core\_record_normalization_contract.py                                                                                           31      0     28     14  76.27%   44->exit, 47->exit, 50->exit, 53->exit, 56->exit, 58->exit, 60->exit, 67->exit, 69->exit, 71->exit, 73->exit, 80->exit, 82->exit, 88->exit
src\bioetl\application\core\_record_normalization_hash_support.py                                                                                       82      0     26      1  99.07%   33->exit
src\bioetl\application\core\_record_normalization_mapping.py                                                                                            87      0     40      0 100.00%
src\bioetl\application\core\_record_normalization_runtime_support.py                                                                                    37      0     10      0 100.00%
src\bioetl\application\core\_record_processor_span_support.py                                                                                           57      0      6      1  98.41%   82->86
src\bioetl\application\core\_runner_dependency_support.py                                                                                               18      0      0      0 100.00%
src\bioetl\application\core\_runner_finalize.py                                                                                                         58      0     30     10  88.64%   42->exit, 45->exit, 48->exit, 51->exit, 54->exit, 57->exit, 60->exit, 63->exit, 66->exit, 69->exit
src\bioetl\application\core\_runner_observability.py                                                                                                    14      0      6      1  95.00%   47->exit
src\bioetl\application\core\_runner_support.py                                                                                                          56      0      2      1  98.28%   61->exit
src\bioetl\application\core\_target_data_source_fetch_support.py                                                                                        20      0      6      0 100.00%
src\bioetl\application\core\base.py                                                                                                                     73      0      4      0 100.00%
src\bioetl\application\core\base_transformer\__init__.py                                                                                                 4      0      0      0 100.00%
src\bioetl\application\core\base_transformer\_structural_policy_coercion.py                                                                             82      0     48      0 100.00%
src\bioetl\application\core\base_transformer\_structural_policy_contracts.py                                                                            41      0     22      0 100.00%
src\bioetl\application\core\base_transformer\_structural_policy_evaluation.py                                                                           53      0     22      0 100.00%
src\bioetl\application\core\base_transformer\_structural_policy_events.py                                                                               31      0     14      0 100.00%
src\bioetl\application\core\base_transformer\_structural_policy_support.py                                                                              33      0      8      0 100.00%
src\bioetl\application\core\base_transformer\_structural_policy_types.py                                                                                30      0      0      0 100.00%
src\bioetl\application\core\base_transformer\base.py                                                                                                    58      0     14      0 100.00%
src\bioetl\application\core\base_transformer\contract_policy.py                                                                                         11      0      0      0 100.00%
src\bioetl\application\core\base_transformer\errors.py                                                                                                  11      0      0      0 100.00%
src\bioetl\application\core\base_transformer\field_policy.py                                                                                            42      0      8      0 100.00%
src\bioetl\application\core\base_transformer\optionality.py                                                                                             79      0     34      1  99.12%   166->162
src\bioetl\application\core\base_transformer\structural_policy.py                                                                                        5      0      0      0 100.00%
src\bioetl\application\core\base_transformer\types.py                                                                                                   23      0      0      0 100.00%
src\bioetl\application\core\base_transformer_dependency_helpers_mixin.py                                                                                74      0     20      0 100.00%
src\bioetl\application\core\base_transformer_execution_mixin.py                                                                                         38      0      0      0 100.00%
src\bioetl\application\core\base_transformer_helpers_mixin.py                                                                                           36      0      0      0 100.00%
src\bioetl\application\core\base_transformer_runtime.py                                                                                                 79      0     40      0 100.00%
src\bioetl\application\core\batch_checkpoint_recovery_service.py                                                                                        87      0     18      1  99.05%   198->200
src\bioetl\application\core\batch_execution\__init__.py                                                                                                  5      0      0      0 100.00%
src\bioetl\application\core\batch_execution\contracts.py                                                                                                21      0      6      3  88.89%   43->exit, 56->exit, 57->exit
src\bioetl\application\core\batch_execution\lifecycle.py                                                                                                68      0     20      8  90.91%   75->exit, 81->exit, 88->exit, 95->exit, 106->exit, 107->exit, 120->exit, 123->exit
src\bioetl\application\core\batch_execution\run_service.py                                                                                              37      0      2      1  97.44%   29->exit
src\bioetl\application\core\batch_execution\state_service.py                                                                                            13      0      0      0 100.00%
src\bioetl\application\core\batch_executor.py                                                                                                           89      0      8      0 100.00%
src\bioetl\application\core\batch_executor_dq_helpers.py                                                                                                84      0     30      0 100.00%
src\bioetl\application\core\batch_executor_dq_mixin.py                                                                                                  87      0     16      0 100.00%
src\bioetl\application\core\batch_executor_helpers.py                                                                                                   43      0      2      0 100.00%
src\bioetl\application\core\batch_executor_loop_flow.py                                                                                                 45      0      8      1  98.11%   35->exit
src\bioetl\application\core\batch_executor_loop_helpers.py                                                                                              53      0      2      1  98.18%   93->exit
src\bioetl\application\core\batch_executor_loop_progress.py                                                                                             30      0      8      3  92.11%   26->exit, 48->exit, 54->exit
src\bioetl\application\core\batch_executor_protocols.py                                                                                                 12      0      0      0 100.00%
src\bioetl\application\core\batch_executor_runtime_state.py                                                                                            128      0      0      0 100.00%
src\bioetl\application\core\batch_executor_state_flow.py                                                                                                57      0      8      2  96.92%   54->exit, 118->122
src\bioetl\application\core\batch_extraction_loop_service.py                                                                                            39      0      8      2  95.74%   47->exit, 132->138
src\bioetl\application\core\batch_memory_decision_policy.py                                                                                             48      0     26      0 100.00%
src\bioetl\application\core\batch_memory_manager.py                                                                                                     87      0     24      0 100.00%
src\bioetl\application\core\batch_memory_metrics.py                                                                                                     28      0     10      2  94.74%   62->68, 68->74
src\bioetl\application\core\batch_metrics.py                                                                                                            72      0     20      1  98.91%   42->44
src\bioetl\application\core\batch_metrics_accounting.py                                                                                                 67      2     28      2  95.79%   93, 111
src\bioetl\application\core\batch_operation_errors.py                                                                                                    9      0      0      0 100.00%
src\bioetl\application\core\batch_pipeline_execution_errors.py                                                                                           3      0      0      0 100.00%
src\bioetl\application\core\batch_processing_contracts.py                                                                                               13      0      0      0 100.00%
src\bioetl\application\core\batch_processing_runtime.py                                                                                                 69      0     20      1  98.88%   37->exit
src\bioetl\application\core\batch_processing_service.py                                                                                                 59      0      4      0 100.00%
src\bioetl\application\core\batch_processing_support.py                                                                                                 60      0      8      0 100.00%
src\bioetl\application\core\batch_progress_service.py                                                                                                   35      0     12      1  97.87%   17->exit
src\bioetl\application\core\batch_shared_operation_errors.py                                                                                             2      0      0      0 100.00%
src\bioetl\application\core\batch_source_metadata_errors.py                                                                                              3      0      0      0 100.00%
src\bioetl\application\core\batch_tracing.py                                                                                                            49      0      8      0 100.00%
src\bioetl\application\core\batch_transformer.py                                                                                                        39      0      0      0 100.00%
src\bioetl\application\core\batch_transformer_attempt_failures.py                                                                                       71      1     24      1  97.89%   186
src\bioetl\application\core\batch_transformer_attempt_success.py                                                                                        90      3     40      6  93.08%   86->90, 103, 115, 127, 164->166, 166->171
src\bioetl\application\core\batch_transformer_attempts.py                                                                                               20      0      0      0 100.00%
src\bioetl\application\core\batch_transformer_dq_thresholds.py                                                                                          43      0     18      0 100.00%
src\bioetl\application\core\batch_transformer_finalization.py                                                                                           49      0     16      5  92.31%   27->exit, 34->exit, 41->exit, 43->exit, 44->exit
src\bioetl\application\core\batch_transformer_quarantine.py                                                                                             34      0     10      0 100.00%
src\bioetl\application\core\batch_transformer_state.py                                                                                                  78      0     20      1  98.98%   141->145
src\bioetl\application\core\batch_transformer_streaming.py                                                                                              27      0     10      1  97.30%   17->exit
src\bioetl\application\core\batch_writer.py                                                                                                             51      0      0      0 100.00%
src\bioetl\application\core\batch_writer_columns_mixin.py                                                                                              130      0     54      0 100.00%
src\bioetl\application\core\batch_writer_io_mixin.py                                                                                                    87      0      0      0 100.00%
src\bioetl\application\core\batch_writer_tracing_mixin.py                                                                                               43      0      8      0 100.00%
src\bioetl\application\core\config.py                                                                                                                   24      0      4      0 100.00%
src\bioetl\application\core\data_source_mixins.py                                                                                                       48      0      6      0 100.00%
src\bioetl\application\core\data_sources\__init__.py                                                                                                     5      0      0      0 100.00%
src\bioetl\application\core\data_sources\assay_parameters.py                                                                                            74     12     30      3  79.81%   69, 114-132, 138, 147, 156-158, 181->exit, 194-195
src\bioetl\application\core\data_sources\filtered.py                                                                                                    30      0      2      0 100.00%
src\bioetl\application\core\data_sources\idmapping.py                                                                                                   31      0      0      0 100.00%
src\bioetl\application\core\data_sources\publication_term.py                                                                                            27      0      6      0 100.00%
src\bioetl\application\core\data_sources\subcellular_fraction.py                                                                                        69      0     20      1  98.88%   212->211
src\bioetl\application\core\derived_scan_budget.py                                                                                                      85      4     36      5  92.56%   16, 41, 82, 131->exit, 161
src\bioetl\application\core\dict_transformers.py                                                                                                        79      0     36      0 100.00%
src\bioetl\application\core\entity_id.py                                                                                                                29      0      2      0 100.00%
src\bioetl\application\core\factory_wiring_api.py                                                                                                        3      0      0      0 100.00%
src\bioetl\application\core\field_specs.py                                                                                                              77      0     22      0 100.00%
src\bioetl\application\core\field_transforms\__init__.py                                                                                                 5      0      0      0 100.00%
src\bioetl\application\core\filtered_data_source.py                                                                                                      2      0      0      0 100.00%
src\bioetl\application\core\filtered_data_source_mixins.py                                                                                              29      0      4      0 100.00%
src\bioetl\application\core\idmapping_data_source.py                                                                                                     2      0      0      0 100.00%
src\bioetl\application\core\idmapping_fetch_support.py                                                                                                  63      0     16      0 100.00%
src\bioetl\application\core\idmapping_lifecycle_support.py                                                                                              27      0      8      1  97.14%   36->38
src\bioetl\application\core\lifecycle\__init__.py                                                                                                        8      0      0      0 100.00%
src\bioetl\application\core\lifecycle\_checkpoint_types.py                                                                                               6      0      2      1  87.50%   16->exit
src\bioetl\application\core\lifecycle\_cleanup_support.py                                                                                               11      0      2      0 100.00%
src\bioetl\application\core\lifecycle\batch_fsm.py                                                                                                      52      0      2      0 100.00%
src\bioetl\application\core\lifecycle\checkpoint_disposition_policy.py                                                                                  21      0      8      0 100.00%
src\bioetl\application\core\lifecycle\checkpoint_identity_overrides.py                                                                                  55      0      6      0 100.00%
src\bioetl\application\core\lifecycle\checkpoint_load_validation.py                                                                                     67      0     16      2  97.59%   42->exit, 43->exit
src\bioetl\application\core\lifecycle\checkpoint_manager.py                                                                                             93      0     18      0 100.00%
src\bioetl\application\core\lifecycle\checkpoint_runtime.py                                                                                             43      0     12      1  98.18%   58->60
src\bioetl\application\core\lifecycle\checkpoint_runtime_types.py                                                                                        6      0      0      0 100.00%
src\bioetl\application\core\lifecycle\checkpoint_saved_at.py                                                                                            23      0      6      0 100.00%
src\bioetl\application\core\lifecycle\cleanup_service.py                                                                                                52      0      6      0 100.00%
src\bioetl\application\core\lifecycle\heartbeat.py                                                                                                      47      0      8      0 100.00%
src\bioetl\application\core\lifecycle\lock_lifecycle.py                                                                                                 60      0     14      1  98.65%   40->exit
src\bioetl\application\core\lifecycle\lock_runtime.py                                                                                                   18      0      4      0 100.00%
src\bioetl\application\core\lifecycle\lock_runtime_service.py                                                                                           61      0      2      0 100.00%
src\bioetl\application\core\lifecycle\shutdown.py                                                                                                       45      0      4      1  97.96%   77->exit
src\bioetl\application\core\normalization_fallbacks.py                                                                                                  59      0     22      0 100.00%
src\bioetl\application\core\normalization_rules.py                                                                                                      12      0      0      0 100.00%
src\bioetl\application\core\pipeline_aux_service_protocols.py                                                                                           22      0      0      0 100.00%
src\bioetl\application\core\pipeline_observability_service_protocols.py                                                                                 17      0      6      3  86.96%   18->exit, 26->exit, 28->exit
src\bioetl\application\core\pipeline_runtime_service_protocols.py                                                                                       23      0      6      3  89.66%   66->exit, 67->exit, 73->exit
src\bioetl\application\core\pipeline_service_protocols.py                                                                                                8      0      0      0 100.00%
src\bioetl\application\core\pipeline_services.py                                                                                                        48      0     10      0 100.00%
src\bioetl\application\core\pipeline_span_lifecycle.py                                                                                                  37      0     20      6  89.47%   29->exit, 40->exit, 46->exit, 47->exit, 48->exit, 49->exit
src\bioetl\application\core\postrun\__init__.py                                                                                                          9      0      0      0 100.00%
src\bioetl\application\core\postrun\_batch_metrics_projection.py                                                                                         5      0      0      0 100.00%
src\bioetl\application\core\postrun\_failure_policy.py                                                                                                  42      0      6      0 100.00%
src\bioetl\application\core\postrun\_metadata_writes.py                                                                                                 57      0     26      0 100.00%
src\bioetl\application\core\postrun\_phase_descriptions.py                                                                                              44      0     10      4  92.59%   19->exit, 21->exit, 23->exit, 25->exit
src\bioetl\application\core\postrun\_phase_runtime.py                                                                                                   51      0     12      0 100.00%
src\bioetl\application\core\postrun\_service_collaborators.py                                                                                           25      0      8      0 100.00%
src\bioetl\application\core\postrun\_service_support.py                                                                                                 60      0     14      7  90.54%   88->exit, 90->exit, 92->exit, 94->exit, 96->exit, 101->exit, 105->exit
src\bioetl\application\core\postrun\cleanup_orchestrator.py                                                                                             17      0      2      0 100.00%
src\bioetl\application\core\postrun\compact_orchestrator.py                                                                                             41      0      4      0 100.00%
src\bioetl\application\core\postrun\dq_report_orchestrator.py                                                                                           29      0      6      0 100.00%
src\bioetl\application\core\postrun\metadata_version_resolver.py                                                                                        17      0      0      0 100.00%
src\bioetl\application\core\postrun\metadata_write_service.py                                                                                           31      0      4      0 100.00%
src\bioetl\application\core\postrun\service.py                                                                                                          68      0      4      0 100.00%
src\bioetl\application\core\pre_silver_adapter_mixin.py                                                                                                 21      0      0      0 100.00%
src\bioetl\application\core\pre_silver_finalization_flow.py                                                                                             48      0      4      0 100.00%
src\bioetl\application\core\pre_silver_identity.py                                                                                                       5      0      2      1  85.71%   13->exit
src\bioetl\application\core\pre_silver_record.py                                                                                                        17      0      0      0 100.00%
src\bioetl\application\core\pre_silver_staging_flow.py                                                                                                  26      0      2      0 100.00%
src\bioetl\application\core\preflight\__init__.py                                                                                                        3      0      0      0 100.00%
src\bioetl\application\core\preflight\_observability.py                                                                                                 14      0      8      2  90.91%   17->exit, 19->exit
src\bioetl\application\core\preflight\health_aggregator.py                                                                                              79      0     18      0 100.00%
src\bioetl\application\core\preflight\health_aggregator_runtime.py                                                                                      23      0      6      0 100.00%
src\bioetl\application\core\preflight\medallion_validator.py                                                                                            44      0      6      0 100.00%
src\bioetl\application\core\preflight\medallion_validator_idempotency.py                                                                                30      0     16      0 100.00%
src\bioetl\application\core\preflight\medallion_validator_runtime.py                                                                                    65      0     28      1  98.92%   152->171
src\bioetl\application\core\preflight\service.py                                                                                                        75      0     16      4  95.60%   43->exit, 45->exit, 47->exit, 49->exit
src\bioetl\application\core\protocols.py                                                                                                                12      0      0      0 100.00%
src\bioetl\application\core\publication_term_data_source.py                                                                                              2      0      0      0 100.00%
src\bioetl\application\core\publication_term_enrichment.py                                                                                              59      7     30      3  84.27%   33, 52, 97-101
src\bioetl\application\core\publication_term_extraction_mixin.py                                                                                        72      1     30      3  96.08%   90->exit, 96->exit, 213
src\bioetl\application\core\publication_term_filtering_mixin.py                                                                                         27      0     10      1  97.30%   23->exit
src\bioetl\application\core\publication_term_runtime.py                                                                                                 82      9     42      6  86.29%   31-36, 46, 50->48, 52, 70
src\bioetl\application\core\quarantine_manager.py                                                                                                       20      0      2      1  95.45%   56->61
src\bioetl\application\core\record_normalization_finalization.py                                                                                        33      0     10      1  97.67%   23->exit
src\bioetl\application\core\record_normalization_processor.py                                                                                           52      0     10      0 100.00%
src\bioetl\application\core\record_processor.py                                                                                                         45      0      4      0 100.00%
src\bioetl\application\core\record_processor_config.py                                                                                                  70      0      6      0 100.00%
src\bioetl\application\core\runner.py                                                                                                                  124      0      8      0 100.00%
src\bioetl\application\core\runner_execution_flow.py                                                                                                    75      0      8      3  96.39%   70->exit, 72->exit, 74->exit
src\bioetl\application\core\runner_flow.py                                                                                                              80      0     14      2  97.87%   66->exit, 69->exit
src\bioetl\application\core\runner_flow_metrics.py                                                                                                      65      0      8      0 100.00%
src\bioetl\application\core\subcellular_fraction_data_source.py                                                                                          2      0      0      0 100.00%
src\bioetl\application\core\subcellular_fraction_support.py                                                                                             51      0     18      1  98.55%   104->110
src\bioetl\application\core\target_data_source_mixins.py                                                                                                49      0     20      7  89.86%   49->exit, 93->exit, 100->exit, 106->exit, 120->exit, 126->exit, 130->exit
src\bioetl\application\core\transformer_runtime\__init__.py                                                                                              8      0      0      0 100.00%
src\bioetl\application\core\transformer_runtime\attempts.py                                                                                              2      0      0      0 100.00%
src\bioetl\application\core\transformer_runtime\finalization.py                                                                                          4      0      0      0 100.00%
src\bioetl\application\core\transformer_runtime\orchestration.py                                                                                        27      0      4      0 100.00%
src\bioetl\application\core\transformer_runtime\quarantine.py                                                                                            2      0      0      0 100.00%
src\bioetl\application\core\transformer_runtime\state.py                                                                                                 3      0      0      0 100.00%
src\bioetl\application\core\transformer_runtime\streaming.py                                                                                             2      0      0      0 100.00%
src\bioetl\application\core\wiring\__init__.py                                                                                                          15      0      2      0 100.00%
src\bioetl\application\core\wiring\_lazy_export_facade.py                                                                                                6      0      0      0 100.00%
src\bioetl\application\core\wiring\_runtime_export_names.py                                                                                              2      0      0      0 100.00%
src\bioetl\application\core\wiring\factory.py                                                                                                            6      0      0      0 100.00%
src\bioetl\application\core\wiring\lazy_export_hooks.py                                                                                                 26      0      2      0 100.00%
src\bioetl\application\core\wiring\registry.py                                                                                                           5      0      0      0 100.00%
src\bioetl\application\core\wiring\runtime.py                                                                                                           24      0      0      0 100.00%
src\bioetl\application\core\wiring\transformer.py                                                                                                        6      0      0      0 100.00%
src\bioetl\application\observability\__init__.py                                                                                                         5      0      0      0 100.00%
src\bioetl\application\observability\control_plane_archive.py                                                                                           12      0      4      0 100.00%
src\bioetl\application\observability\control_plane_evidence\__init__.py                                                                                  7      0      0      0 100.00%
src\bioetl\application\observability\control_plane_evidence\checkpoint_validation.py                                                                    57      0     24      0 100.00%
src\bioetl\application\observability\control_plane_evidence\checks.py                                                                                   43      0     12      0 100.00%
src\bioetl\application\observability\control_plane_evidence\failure_reasons.py                                                                          45      0     12      0 100.00%
src\bioetl\application\observability\control_plane_evidence\lineage.py                                                                                  38      0     12      0 100.00%
src\bioetl\application\observability\control_plane_evidence\lineage_closure.py                                                                          12      0      0      0 100.00%
src\bioetl\application\observability\control_plane_evidence\lineage_graph_validation.py                                                                 66      0     34      0 100.00%
src\bioetl\application\observability\control_plane_evidence\lineage_identity.py                                                                         43      0     20      0 100.00%
src\bioetl\application\observability\control_plane_evidence\manifest_validation.py                                                                      52      0     22      0 100.00%
src\bioetl\application\observability\control_plane_evidence\models.py                                                                                   75      0     32      0 100.00%
src\bioetl\application\observability\control_plane_evidence\persistence_profile.py                                                                       9      0      0      0 100.00%
src\bioetl\application\observability\control_plane_evidence\retention.py                                                                                55      0     22      3  96.10%   29->exit, 36->exit, 46->exit
src\bioetl\application\observability\control_plane_evidence\retention_checks.py                                                                         59      0     28      0 100.00%
src\bioetl\application\observability\control_plane_evidence\service.py                                                                                  89      0     26      0 100.00%
src\bioetl\application\observability\control_plane_evidence\service_support.py                                                                          27      0      2      0 100.00%
src\bioetl\application\observability\control_plane_evidence\timing.py                                                                                   21      0      2      0 100.00%
src\bioetl\application\observability\control_plane_integrity_metrics.py                                                                                106      0     40      0 100.00%
src\bioetl\application\observability\current_metrics_reconciliation.py                                                                                  84      0     38      1  99.18%   244->241
src\bioetl\application\observability\current_metrics_rehydrate.py                                                                                      138      0     38      0 100.00%
src\bioetl\application\observability\current_metrics_rehydrate_payload.py                                                                              102      0     48      0 100.00%
src\bioetl\application\observability\domain_event_emitter.py                                                                                             5      0      0      0 100.00%
src\bioetl\application\observability\observer.py                                                                                                       103      0     12      1  99.13%   109->114
src\bioetl\application\observability\observer_context_mixin.py                                                                                         102      0     24      1  99.21%   268->270
src\bioetl\application\observability\observer_contract.py                                                                                               11      0      0      0 100.00%
src\bioetl\application\observability\observer_event_mixin.py                                                                                            45      0      6      0 100.00%
src\bioetl\application\observability\observer_health_mixin.py                                                                                           50      0     14      0 100.00%
src\bioetl\application\observability\observer_postrun_mixin.py                                                                                          17      0      2      0 100.00%
src\bioetl\application\observability\pipeline_metrics.py                                                                                                82      0     36      0 100.00%
src\bioetl\application\observability\reason_aliases.py                                                                                                   9      0      2      0 100.00%
src\bioetl\application\observability\rehydrate_models.py                                                                                                32      0      0      0 100.00%
src\bioetl\application\observability\replay_write_risk.py                                                                                               99      0     44      0 100.00%
src\bioetl\application\observability\span_attribute_values.py                                                                                           43      0     26      0 100.00%
src\bioetl\application\observability\tracing_operation_helpers.py                                                                                       26      0      4      1  96.67%   52->55
src\bioetl\application\pipelines\__init__.py                                                                                                             3      0      0      0 100.00%
src\bioetl\application\pipelines\chembl\__init__.py                                                                                                     34      0      0      0 100.00%
src\bioetl\application\pipelines\chembl\_activity_transformer_maps.py                                                                                   17      0      0      0 100.00%
src\bioetl\application\pipelines\chembl\activity_transformer.py                                                                                         76      0     14      0 100.00%
src\bioetl\application\pipelines\chembl\alias_policy.py                                                                                                  8      0      0      0 100.00%
src\bioetl\application\pipelines\chembl\assay_parameters_transformer.py                                                                                 35      0     10      0 100.00%
src\bioetl\application\pipelines\chembl\assay_transformer.py                                                                                            53      0      6      0 100.00%
src\bioetl\application\pipelines\chembl\base_chembl_transformer.py                                                                                      47      0      6      0 100.00%
src\bioetl\application\pipelines\chembl\cell_line_transformer.py                                                                                        22      0      2      0 100.00%
src\bioetl\application\pipelines\chembl\compound_record_transformer.py                                                                                  17      0      0      0 100.00%
src\bioetl\application\pipelines\chembl\molecule_transformer.py                                                                                         50      1      4      1  96.30%   178
src\bioetl\application\pipelines\chembl\pipeline_types.py                                                                                               18      0      0      0 100.00%
src\bioetl\application\pipelines\chembl\protein_class_transformer.py                                                                                    30      0      4      0 100.00%
src\bioetl\application\pipelines\chembl\provider_aliases.py                                                                                             11      0      2      0 100.00%
src\bioetl\application\pipelines\chembl\publication_similarity_transformer.py                                                                           37      0     10      0 100.00%
src\bioetl\application\pipelines\chembl\publication_term_transformer.py                                                                                 62      0      8      0 100.00%
src\bioetl\application\pipelines\chembl\publication_transformer.py                                                                                     100      0      8      0 100.00%
src\bioetl\application\pipelines\chembl\subcellular_fraction_transformer.py                                                                             55      0     10      0 100.00%
src\bioetl\application\pipelines\chembl\target_component_transformer.py                                                                                 19      0      0      0 100.00%
src\bioetl\application\pipelines\chembl\target_helpers.py                                                                                              137      0     60      0 100.00%
src\bioetl\application\pipelines\chembl\target_protein_classification_summary.py                                                                       152      0     50      0 100.00%
src\bioetl\application\pipelines\chembl\target_protein_classification_transformer.py                                                                    60      0     20      0 100.00%
src\bioetl\application\pipelines\chembl\target_transformer.py                                                                                           56      0      6      0 100.00%
src\bioetl\application\pipelines\chembl\tissue_transformer.py                                                                                           16      0      0      0 100.00%
src\bioetl\application\pipelines\common\__init__.py                                                                                                      4      0      0      0 100.00%
src\bioetl\application\pipelines\common\base_publication_transformer.py                                                                                 41      0      0      0 100.00%
src\bioetl\application\pipelines\common\blocks.py                                                                                                       10      0      2      0 100.00%
src\bioetl\application\pipelines\common\extractors.py                                                                                                   17      0     10      0 100.00%
src\bioetl\application\pipelines\common\publication_assembly.py                                                                                         52      0     30     13  84.15%   17->exit, 24->exit, 28->exit, 37->exit, 39->exit, 46->exit, 51->exit, 58->exit, 61->exit, 64->exit, 67->exit, 69->exit, 74->exit
src\bioetl\application\pipelines\common\publication_blocks.py                                                                                            7      0      0      0 100.00%
src\bioetl\application\pipelines\common\publication_issn.py                                                                                             16      0      6      0 100.00%
src\bioetl\application\pipelines\common\publication_transformer_context.py                                                                              39      0      6      0 100.00%
src\bioetl\application\pipelines\common\publication_transformer_hooks_mixin.py                                                                          52      0     12      0 100.00%
src\bioetl\application\pipelines\common\publication_transformer_records.py                                                                              29      0      0      0 100.00%
src\bioetl\application\pipelines\common\publication_vocab_observability.py                                                                              46      0     18      0 100.00%
src\bioetl\application\pipelines\common\transformer_initialization.py                                                                                   25      0      0      0 100.00%
src\bioetl\application\pipelines\crossref\__init__.py                                                                                                   10      0      2      0 100.00%
src\bioetl\application\pipelines\crossref\_business_data_builder.py                                                                                     96      0     30      0 100.00%
src\bioetl\application\pipelines\crossref\_publication_field_extractors.py                                                                              50      0     18      0 100.00%
src\bioetl\application\pipelines\crossref\author_extractors.py                                                                                          78      0     40      3  97.46%   71->69, 73->69, 89->91
src\bioetl\application\pipelines\crossref\blocks.py                                                                                                     53      0      2      0 100.00%
src\bioetl\application\pipelines\crossref\extractors.py                                                                                                 50      0     30      2  97.50%   149->152, 152->145
src\bioetl\application\pipelines\crossref\reference_extractors.py                                                                                       30      0     18      1  97.92%   39->43
src\bioetl\application\pipelines\crossref\transformer.py                                                                                                58      0      8      0 100.00%
src\bioetl\application\pipelines\generic.py                                                                                                              4      0      0      0 100.00%
src\bioetl\application\pipelines\openalex\__init__.py                                                                                                    4      0      0      0 100.00%
src\bioetl\application\pipelines\openalex\_extractors_authors.py                                                                                        90      0     56      0 100.00%
src\bioetl\application\pipelines\openalex\_extractors_common.py                                                                                         53      0     20      0 100.00%
src\bioetl\application\pipelines\openalex\_extractors_publication_fields.py                                                                             80      0     44      0 100.00%
src\bioetl\application\pipelines\openalex\_extractors_topics_grants.py                                                                                  32      0     18      0 100.00%
src\bioetl\application\pipelines\openalex\extractors.py                                                                                                 21      0      0      0 100.00%
src\bioetl\application\pipelines\openalex\transformer.py                                                                                                73      0      6      0 100.00%
src\bioetl\application\pipelines\pubchem\__init__.py                                                                                                     6      0      0      0 100.00%
src\bioetl\application\pipelines\pubchem\_compound_business_data.py                                                                                     32      0      4      0 100.00%
src\bioetl\application\pipelines\pubchem\transformer.py                                                                                                 35      0      2      0 100.00%
src\bioetl\application\pipelines\pubmed\__init__.py                                                                                                      6      0      0      0 100.00%
src\bioetl\application\pipelines\pubmed\_block_definitions_analytics.py                                                                                 42      0      6      0 100.00%
src\bioetl\application\pipelines\pubmed\_block_definitions_base.py                                                                                      14      0      2      0 100.00%
src\bioetl\application\pipelines\pubmed\_block_definitions_edition.py                                                                                   54      0      8      0 100.00%
src\bioetl\application\pipelines\pubmed\_block_definitions_identifiers.py                                                                               37      0      6      0 100.00%
src\bioetl\application\pipelines\pubmed\_block_helpers.py                                                                                               96      0     32      0 100.00%
src\bioetl\application\pipelines\pubmed\block_definitions.py                                                                                             6      0      0      0 100.00%
src\bioetl\application\pipelines\pubmed\blocks.py                                                                                                        7      0      2      0 100.00%
src\bioetl\application\pipelines\pubmed\extractors\__init__.py                                                                                           8      0      0      0 100.00%
src\bioetl\application\pipelines\pubmed\extractors\abstract.py                                                                                          34      0     14      0 100.00%
src\bioetl\application\pipelines\pubmed\extractors\author.py                                                                                           119      0     48      3  98.20%   125->119, 145->144, 282->280
src\bioetl\application\pipelines\pubmed\extractors\base.py                                                                                               8      0      0      0 100.00%
src\bioetl\application\pipelines\pubmed\extractors\classification.py                                                                                   107      0     40      0 100.00%
src\bioetl\application\pipelines\pubmed\extractors\date.py                                                                                             133      0     56      0 100.00%
src\bioetl\application\pipelines\pubmed\extractors\identifier.py                                                                                       111      0     48      1  99.37%   166->155
src\bioetl\application\pipelines\pubmed\extractors\identifier_types.py                                                                                  21      0      0      0 100.00%
src\bioetl\application\pipelines\pubmed\transformer.py                                                                                                  80      0      6      0 100.00%
src\bioetl\application\pipelines\pubmed\xml_parser.py                                                                                                   16      0      6      0 100.00%
src\bioetl\application\pipelines\semanticscholar\__init__.py                                                                                            10      0      0      0 100.00%
src\bioetl\application\pipelines\semanticscholar\_author_extractors.py                                                                                  64      0     42      0 100.00%
src\bioetl\application\pipelines\semanticscholar\_page_parsing.py                                                                                       16      0      8      0 100.00%
src\bioetl\application\pipelines\semanticscholar\extractors.py                                                                                          61      0     30      0 100.00%
src\bioetl\application\pipelines\semanticscholar\transformer.py                                                                                         81      0      8      1  98.88%   298->300
src\bioetl\application\pipelines\uniprot\__init__.py                                                                                                     7      0      0      0 100.00%
src\bioetl\application\pipelines\uniprot\extractors\__init__.py                                                                                          9      0      0      0 100.00%
src\bioetl\application\pipelines\uniprot\extractors\_comment_facets.py                                                                                  16      0      0      0 100.00%
src\bioetl\application\pipelines\uniprot\extractors\_comment_facets_all.py                                                                              42      0     14      0 100.00%
src\bioetl\application\pipelines\uniprot\extractors\_comment_facets_data.py                                                                             40      0     14      0 100.00%
src\bioetl\application\pipelines\uniprot\extractors\_comment_facets_extractors.py                                                                       71      0     22      0 100.00%
src\bioetl\application\pipelines\uniprot\extractors\_comment_helpers.py                                                                                144      0     76      4  98.18%   180->183, 206->208, 297->300, 303->306
src\bioetl\application\pipelines\uniprot\extractors\_comment_structured_facets.py                                                                       88      0     52      3  97.86%   34->30, 76->78, 95->91
src\bioetl\application\pipelines\uniprot\extractors\_crossref_common.py                                                                                 22      0     10      0 100.00%
src\bioetl\application\pipelines\uniprot\extractors\_crossref_go.py                                                                                     39      0     16      0 100.00%
src\bioetl\application\pipelines\uniprot\extractors\_crossref_structured.py                                                                             55      0     20      0 100.00%
src\bioetl\application\pipelines\uniprot\extractors\_feature_wrappers_mixin.py                                                                          58      0      0      0 100.00%
src\bioetl\application\pipelines\uniprot\extractors\comments.py                                                                                         60      0      0      0 100.00%
src\bioetl\application\pipelines\uniprot\extractors\crossrefs.py                                                                                        53      0      0      0 100.00%
src\bioetl\application\pipelines\uniprot\extractors\extractor_helpers.py                                                                                77      0     30      2  98.13%   148->144, 150->144
src\bioetl\application\pipelines\uniprot\extractors\features.py                                                                                         92      0     56      2  98.65%   49->41, 195->190
src\bioetl\application\pipelines\uniprot\extractors\genes.py                                                                                            51      0     24      0 100.00%
src\bioetl\application\pipelines\uniprot\extractors\taxonomy.py                                                                                         43      0     18      0 100.00%
src\bioetl\application\pipelines\uniprot\idmapping_transformer.py                                                                                       37      0      4      0 100.00%
src\bioetl\application\pipelines\uniprot\transformer.py                                                                                                 41      0      4      0 100.00%
src\bioetl\application\pipelines\uniprot\transformer_business_data_mixin.py                                                                            136      0      2      0 100.00%
src\bioetl\application\ports\__init__.py                                                                                                                12      0      0      0 100.00%
src\bioetl\application\ports\control_plane.py                                                                                                           26      0      0      0 100.00%
src\bioetl\application\ports\dq.py                                                                                                                      13      0      2      1  93.33%   41->exit
src\bioetl\application\ports\health.py                                                                                                                   5      0      0      0 100.00%
src\bioetl\application\ports\metrics.py                                                                                                                 46      0      4      2  96.00%   19->exit, 26->exit
src\bioetl\application\ports\observability.py                                                                                                            9      0      0      0 100.00%
src\bioetl\application\ports\operations.py                                                                                                              45      0      0      0 100.00%
src\bioetl\application\ports\pipeline.py                                                                                                                27      0      4      2  93.55%   47->exit, 76->exit
src\bioetl\application\ports\pipeline_registry.py                                                                                                        7      0      0      0 100.00%
src\bioetl\application\ports\providers.py                                                                                                               54      0     10      5  92.19%   85->exit, 98->exit, 113->exit, 127->exit, 141->exit
src\bioetl\application\ports\storage.py                                                                                                                 23      0      0      0 100.00%
src\bioetl\application\runtime_clock.py                                                                                                                 14      0      2      0 100.00%
src\bioetl\application\runtime_timestamps.py                                                                                                            15      0      2      0 100.00%
src\bioetl\application\services\__init__.py                                                                                                              2      0      0      0 100.00%
src\bioetl\application\services\checkpoint\__init__.py                                                                                                   1      0      0      0 100.00%
src\bioetl\application\services\checkpoint\_checkpoint_compatibility_execution_validation.py                                                            73      0     30      0 100.00%
src\bioetl\application\services\checkpoint\_checkpoint_compatibility_message_helpers.py                                                                 43      0     22      0 100.00%
src\bioetl\application\services\checkpoint\_checkpoint_compatibility_runtime_identity.py                                                                71      0     14      0 100.00%
src\bioetl\application\services\checkpoint\_checkpoint_compatibility_runtime_identity_details.py                                                        51      0      6      1  98.25%   86->88
src\bioetl\application\services\checkpoint\_checkpoint_execution_identity_payload.py                                                                    18      0      4      0 100.00%
src\bioetl\application\services\checkpoint\_checkpoint_service_runtime.py                                                                               97      0     26      4  96.75%   40->exit, 43->exit, 45->exit, 53->exit
src\bioetl\application\services\checkpoint\_checkpoint_service_support.py                                                                                4      0      0      0 100.00%
src\bioetl\application\services\checkpoint\checkpoint_compatibility_policy.py                                                                           97      0     46      0 100.00%
src\bioetl\application\services\checkpoint\checkpoint_compatibility_results.py                                                                          18      0      6      0 100.00%
src\bioetl\application\services\checkpoint\checkpoint_compatibility_service.py                                                                          36      0      0      0 100.00%
src\bioetl\application\services\checkpoint\checkpoint_compatibility_telemetry.py                                                                        17      0      6      0 100.00%
src\bioetl\application\services\checkpoint\checkpoint_models.py                                                                                          9      0      0      0 100.00%
src\bioetl\application\services\checkpoint\checkpoint_service.py                                                                                        88      0     16      0 100.00%
src\bioetl\application\services\contracts\__init__.py                                                                                                    1      0      0      0 100.00%
src\bioetl\application\services\contracts\contract_migration_models.py                                                                                  39      0      0      0 100.00%
src\bioetl\application\services\contracts\contract_migration_ports.py                                                                                   23      0      0      0 100.00%
src\bioetl\application\services\contracts\contract_migration_service.py                                                                                 74      0     24      0 100.00%
src\bioetl\application\services\control_plane\__init__.py                                                                                               14      0      0      0 100.00%
src\bioetl\application\services\control_plane\_lazy_export_facade.py                                                                                     6      0      0      0 100.00%
src\bioetl\application\services\control_plane\effective_config\__init__.py                                                                               3      0      0      0 100.00%
src\bioetl\application\services\control_plane\effective_config\context.py                                                                               67      0     10      1  98.70%   76->80
src\bioetl\application\services\control_plane\effective_config\provenance_support.py                                                                     5      0      0      0 100.00%
src\bioetl\application\services\control_plane\effective_config\runtime_overrides.py                                                                     61      0     22      0 100.00%
src\bioetl\application\services\control_plane\effective_config\serialization.py                                                                         58      0      8      0 100.00%
src\bioetl\application\services\control_plane\effective_config\service.py                                                                               30      0      4      1  97.06%   155->157
src\bioetl\application\services\control_plane\forensic\__init__.py                                                                                       3      0      0      0 100.00%
src\bioetl\application\services\control_plane\forensic\diagnostics_support.py                                                                          108      0     42      0 100.00%
src\bioetl\application\services\control_plane\forensic_diff_service.py                                                                                  48      0      2      0 100.00%
src\bioetl\application\services\control_plane\ledger\__init__.py                                                                                         3      0      0      0 100.00%
src\bioetl\application\services\control_plane\ledger\_input_snapshot_manifest.py                                                                        66      9     24      8  81.11%   30, 33, 41, 48, 70, 118, 138, 140-141
src\bioetl\application\services\control_plane\ledger\artifact_recording.py                                                                              24      0      6      0 100.00%
src\bioetl\application\services\control_plane\ledger\core_events.py                                                                                     79      0     26      4  96.19%   45->exit, 48->exit, 50->exit, 208->210
src\bioetl\application\services\control_plane\ledger\entry_diagnostic_details.py                                                                        83      0     12      1  98.95%   181->183
src\bioetl\application\services\control_plane\ledger\entry_support.py                                                                                   54      0     14      6  91.18%   57->exit, 60->exit, 63->exit, 66->exit, 69->exit, 72->exit
src\bioetl\application\services\control_plane\ledger\input_snapshot_recording.py                                                                        62      5     24      3  88.37%   131-133, 135, 188
src\bioetl\application\services\control_plane\ledger\rich_events.py                                                                                     42      0      8      1  98.00%   28->exit
src\bioetl\application\services\control_plane\ledger\service.py                                                                                         60      0      0      0 100.00%
src\bioetl\application\services\control_plane\manifest\__init__.py                                                                                      14      0      2      0 100.00%
src\bioetl\application\services\control_plane\manifest\_inspection_json.py                                                                              27      0     18      0 100.00%
src\bioetl\application\services\control_plane\manifest\_inspection_support.py                                                                           38      0     14      0 100.00%
src\bioetl\application\services\control_plane\manifest\_reference_hydration.py                                                                          40      0     12      0 100.00%
src\bioetl\application\services\control_plane\manifest\_service_hydration.py                                                                            25      0      0      0 100.00%
src\bioetl\application\services\control_plane\manifest\_service_support.py                                                                              19      0      0      0 100.00%
src\bioetl\application\services\control_plane\manifest\artifact_payloads.py                                                                             16      0      6      0 100.00%
src\bioetl\application\services\control_plane\manifest\contract_evidence.py                                                                             36      0     12      3  93.75%   21->exit, 24->exit, 27->exit
src\bioetl\application\services\control_plane\manifest\diagnostics\__init__.py                                                                          28      0      6      0 100.00%
src\bioetl\application\services\control_plane\manifest\diagnostics\artifact_support.py                                                                  40      0     18      0 100.00%
src\bioetl\application\services\control_plane\manifest\diagnostics\base.py                                                                              49      0     16      0 100.00%
src\bioetl\application\services\control_plane\manifest\diagnostics\base_payload_sections.py                                                             25      0      0      0 100.00%
src\bioetl\application\services\control_plane\manifest\diagnostics\base_provenance_payloads.py                                                          20      0      8      0 100.00%
src\bioetl\application\services\control_plane\manifest\diagnostics\base_replay_context.py                                                               48      0      0      0 100.00%
src\bioetl\application\services\control_plane\manifest\diagnostics\composite_projection.py                                                              24      0     10      4  88.24%   17->exit, 20->exit, 23->exit, 26->exit
src\bioetl\application\services\control_plane\manifest\diagnostics\diagnostic_context.py                                                                27      0     16      0 100.00%
src\bioetl\application\services\control_plane\manifest\diagnostics\dq_details.py                                                                        52      0      8      1  98.33%   31->35
src\bioetl\application\services\control_plane\manifest\diagnostics\finalization.py                                                                      59      0      2      0 100.00%
src\bioetl\application\services\control_plane\manifest\diagnostics\ledger_processing.py                                                                 93      0     22      3  97.39%   97->exit, 121->115, 124->126
src\bioetl\application\services\control_plane\manifest\diagnostics\main_helpers.py                                                                      18      0      0      0 100.00%
src\bioetl\application\services\control_plane\manifest\diagnostics\main_helpers_build_unified_reproducibility_diagnostics_policy_payload.py              3      0      0      0 100.00%
src\bioetl\application\services\control_plane\manifest\diagnostics\operator_replay_mode.py                                                              16      0     12      0 100.00%
src\bioetl\application\services\control_plane\manifest\diagnostics\persistence.py                                                                        2      0      0      0 100.00%
src\bioetl\application\services\control_plane\manifest\diagnostics\persistence_alerts.py                                                                 9      0      2      0 100.00%
src\bioetl\application\services\control_plane\manifest\diagnostics\persistence_alerts_build_alert_signals.py                                            10      0      0      0 100.00%
src\bioetl\application\services\control_plane\manifest\diagnostics\persistence_profile_support.py                                                       50      0     14      0 100.00%
src\bioetl\application\services\control_plane\manifest\diagnostics\persistence_profile_support_build_composite_resume_reconstructability.py              5      0      2      0 100.00%
src\bioetl\application\services\control_plane\manifest\diagnostics\persistence_profiles.py                                                              30      0      6      0 100.00%
src\bioetl\application\services\control_plane\manifest\diagnostics\replay_invariants\__init__.py                                                         2      0      0      0 100.00%
src\bioetl\application\services\control_plane\manifest\diagnostics\replay_invariants\checkpoint_policy.py                                               21      0     10      0 100.00%
src\bioetl\application\services\control_plane\manifest\diagnostics\replay_invariants\persistence_policy.py                                               2      0      0      0 100.00%
src\bioetl\application\services\control_plane\manifest\diagnostics\replay_invariants\replay_blockers.py                                                 41      0     10      0 100.00%
src\bioetl\application\services\control_plane\manifest\diagnostics\replay_invariants\replay_family.py                                                    2      0      0      0 100.00%
src\bioetl\application\services\control_plane\manifest\diagnostics\replay_invariants\replay_family_context.py                                           24      0      0      0 100.00%
src\bioetl\application\services\control_plane\manifest\diagnostics\replay_invariants\replay_family_context_build_replay_family_contract_payload.py       3      0      0      0 100.00%
src\bioetl\application\services\control_plane\manifest\diagnostics\replay_invariants\replay_parentage.py                                                14      0      2      0 100.00%
src\bioetl\application\services\control_plane\manifest\diagnostics\replay_invariants\required_persistence_profile.py                                    13      0      6      0 100.00%
src\bioetl\application\services\control_plane\manifest\diagnostics\replay_invariants\snapshot_envelope.py                                               29      0     10      0 100.00%
src\bioetl\application\services\control_plane\manifest\diagnostics\replay_projection.py                                                                 48      0     16      3  95.31%   96->98, 98->100, 100->104
src\bioetl\application\services\control_plane\manifest\diagnostics\replay_projection_build_operator_replay_projection.py                                13      0      0      0 100.00%
src\bioetl\application\services\control_plane\manifest\diagnostics\replay_projection_payload.py                                                         32      0      0      0 100.00%
src\bioetl\application\services\control_plane\manifest\diagnostics\replay_readiness.py                                                                  13      0      2      0 100.00%
src\bioetl\application\services\control_plane\manifest\diagnostics\replay_readiness_checks.py                                                           88      1     38      1  98.41%   125
src\bioetl\application\services\control_plane\manifest\diagnostics\replay_refresh_support.py                                                            49      0     16      2  96.92%   76->78, 98->100
src\bioetl\application\services\control_plane\manifest\diagnostics\replay_refresh_support_refresh_replay_summary_build_policy_assessment.py             18      0      2      1  95.00%   38->40
src\bioetl\application\services\control_plane\manifest\diagnostics\replay_refresh_types.py                                                              23      0      0      0 100.00%
src\bioetl\application\services\control_plane\manifest\diagnostics\replay_state.py                                                                     111      0     78      0 100.00%
src\bioetl\application\services\control_plane\manifest\diagnostics\reproducibility_assessment.py                                                        11      0      0      0 100.00%
src\bioetl\application\services\control_plane\manifest\diagnostics\resume_contract.py                                                                   19      0      0      0 100.00%
src\bioetl\application\services\control_plane\manifest\diagnostics\resume_contract_resolve_resume_guarantee.py                                          11      0      8      0 100.00%
src\bioetl\application\services\control_plane\manifest\diagnostics\selected_run_replay_readiness.py                                                     63      3     12      3  92.00%   72, 108, 175
src\bioetl\application\services\control_plane\manifest\diagnostics\snapshot_ledger.py                                                                   47      1     18      1  96.92%   19
src\bioetl\application\services\control_plane\manifest\diagnostics\snapshot_refs.py                                                                      4      0      0      0 100.00%
src\bioetl\application\services\control_plane\manifest\diagnostics\snapshot_summary.py                                                                  47      0     16      2  96.83%   91->95, 95->97
src\bioetl\application\services\control_plane\manifest\diagnostics\source_posture.py                                                                    10      0      4      0 100.00%
src\bioetl\application\services\control_plane\manifest\diagnostics\source_refs.py                                                                       63      0     16      0 100.00%
src\bioetl\application\services\control_plane\manifest\diagnostics\summary.py                                                                           56      0      0      0 100.00%
src\bioetl\application\services\control_plane\manifest\diagnostics\summary_support.py                                                                   37      0      4      0 100.00%
src\bioetl\application\services\control_plane\manifest\diagnostics\summary_support_build_exact_replay_anchors.py                                        10      0      2      0 100.00%
src\bioetl\application\services\control_plane\manifest\execution_identity_support.py                                                                     3      0      0      0 100.00%
src\bioetl\application\services\control_plane\manifest\identity_graph_assembly.py                                                                       45      0     10      2  96.36%   27->33, 184->194
src\bioetl\application\services\control_plane\manifest\input_snapshot_resolution.py                                                                     25      0      8      0 100.00%
src\bioetl\application\services\control_plane\manifest\inspection_artifact_refs.py                                                                      36      0      8      0 100.00%
src\bioetl\application\services\control_plane\manifest\inspection_cross_surface.py                                                                      64      0     26      3  96.67%   28->exit, 30->exit, 32->exit
src\bioetl\application\services\control_plane\manifest\inspection_dossier.py                                                                            22      0      0      0 100.00%
src\bioetl\application\services\control_plane\manifest\inspection_helpers.py                                                                            27      0      0      0 100.00%
src\bioetl\application\services\control_plane\manifest\inspection_models.py                                                                             70      0      8      0 100.00%
src\bioetl\application\services\control_plane\manifest\inspection_result_model.py                                                                       12      0      0      0 100.00%
src\bioetl\application\services\control_plane\manifest\inspection_service.py                                                                            90      0     24      1  99.12%   56->exit
src\bioetl\application\services\control_plane\manifest\inspection_verification.py                                                                       56      0      8      3  95.31%   58->exit, 60->exit, 64->exit
src\bioetl\application\services\control_plane\manifest\models.py                                                                                        41      0      0      0 100.00%
src\bioetl\application\services\control_plane\manifest\replay_taxonomy.py                                                                               79      0     44      0 100.00%
src\bioetl\application\services\control_plane\manifest\replay_taxonomy_fields.py                                                                         3      0      0      0 100.00%
src\bioetl\application\services\control_plane\manifest\service.py                                                                                       54      0     10      0 100.00%
src\bioetl\application\services\control_plane\manifest\service_scaffold.py                                                                              21      0      2      1  95.65%   18->exit
src\bioetl\application\services\control_plane\manifest\snapshot_payloads.py                                                                              3      0      0      0 100.00%
src\bioetl\application\services\control_plane\manifest\validation.py                                                                                    63      0     26      0 100.00%
src\bioetl\application\services\control_plane\manifest\validation_provenance.py                                                                         63      0     32      8  91.58%   34->exit, 37->exit, 40->exit, 43->exit, 46->exit, 49->exit, 52->exit, 55->exit
src\bioetl\application\services\control_plane\replay\__init__.py                                                                                        21      0      2      0 100.00%
src\bioetl\application\services\control_plane\replay\_bundle_descriptor_payloads.py                                                                     61      0     22      8  90.36%   19->exit, 22->exit, 25->exit, 28->exit, 31->exit, 38->exit, 41->exit, 44->exit
src\bioetl\application\services\control_plane\replay\_bundle_descriptor_payloads_build_code_provenance_dict.py                                           4      0      0      0 100.00%
src\bioetl\application\services\control_plane\replay\_historical_certification_support.py                                                               81      0     22      0 100.00%
src\bioetl\application\services\control_plane\replay\_historical_certification_upstream.py                                                              61      0     20      6  92.59%   32->exit, 35->exit, 38->exit, 41->exit, 44->exit, 47->exit
src\bioetl\application\services\control_plane\replay\_historical_claim_reason.py                                                                        10      0      6      0 100.00%
src\bioetl\application\services\control_plane\replay\bundle_descriptor_service.py                                                                       31      0      0      0 100.00%
src\bioetl\application\services\control_plane\replay\closure_claims.py                                                                                  47      0     14      0 100.00%
src\bioetl\application\services\control_plane\replay\historical_certification_service.py                                                                46      0      4      0 100.00%
src\bioetl\application\services\control_plane\replay\historical_closure_models.py                                                                       35      0      2      0 100.00%
src\bioetl\application\services\control_plane\replay\historical_closure_policy.py                                                                       59      0     26      0 100.00%
src\bioetl\application\services\control_plane\replay\historical_closure_service.py                                                                      25      0      0      0 100.00%
src\bioetl\application\services\control_plane\replay\historical_corpus_models.py                                                                        92      0      0      0 100.00%
src\bioetl\application\services\control_plane\replay\historical_corpus_policy.py                                                                        35      0     16      0 100.00%
src\bioetl\application\services\control_plane\replay\historical_corpus_service.py                                                                       73      0     16      0 100.00%
src\bioetl\application\services\control_plane\replay\historical_identity_models.py                                                                      71      0     20      9  90.11%   38->exit, 41->exit, 44->exit, 47->exit, 50->exit, 53->exit, 56->exit, 59->exit, 62->exit
src\bioetl\application\services\control_plane\replay\historical_universe_policy.py                                                                      25      0      0      0 100.00%
src\bioetl\application\services\control_plane\replay\historical_universe_service.py                                                                     70      0      6      1  98.68%   39->exit
src\bioetl\application\services\control_plane\replay\reproducibility_score_cards_aggregation.py                                                         52      0     10      0 100.00%
src\bioetl\application\services\control_plane\replay\reproducibility_score_cards_aggregation_evaluate_threshold_failures.py                             14      0      6      0 100.00%
src\bioetl\application\services\control_plane\replay\reproducibility_score_cards_category_scores.py                                                     59      0     16      0 100.00%
src\bioetl\application\services\control_plane\replay\reproducibility_score_cards_category_scores_core.py                                               107      0     30      0 100.00%
src\bioetl\application\services\control_plane\replay\reproducibility_score_cards_category_scores_score_lineage_completeness.py                          25      0      8      0 100.00%
src\bioetl\application\services\control_plane\run_manifest_exact_replay_blockers.py                                                                     31      0     16      0 100.00%
src\bioetl\application\services\control_plane\run_manifest_reproducibility_claims.py                                                                    31      0      6      0 100.00%
src\bioetl\application\services\control_plane\run_manifest_reproducibility_score_cards.py                                                               15      0      0      0 100.00%
src\bioetl\application\services\control_plane\run_manifest_reproducibility_scoring.py                                                                   18      0      2      0 100.00%
src\bioetl\application\services\control_plane\workflow\__init__.py                                                                                       7      0      0      0 100.00%
src\bioetl\application\services\control_plane\workflow\inspection_service.py                                                                            51      2      6      0  96.49%   62-63
src\bioetl\application\services\control_plane\workflow\ledger_service.py                                                                                50      0      0      0 100.00%
src\bioetl\application\services\control_plane\workflow\manifest_models.py                                                                               11      0      0      0 100.00%
src\bioetl\application\services\control_plane\workflow\manifest_service.py                                                                              41      0      0      0 100.00%
src\bioetl\application\services\dq\__init__.py                                                                                                           9      0      0      0 100.00%
src\bioetl\application\services\dq\_checks_basic.py                                                                                                     68      0     28      0 100.00%
src\bioetl\application\services\dq\_checks_business.py                                                                                                  74      0     26      0 100.00%
src\bioetl\application\services\dq\_checks_integrity.py                                                                                                 99      0     32      0 100.00%
src\bioetl\application\services\dq\_checks_statistical.py                                                                                               83      0     24      0 100.00%
src\bioetl\application\services\dq\bronze_analyzer.py                                                                                                  112      0     42      0 100.00%
src\bioetl\application\services\dq\disabled_gold_filter.py                                                                                               6      0      0      0 100.00%
src\bioetl\application\services\dq\dq_report_assembly.py                                                                                                43      0     22      0 100.00%
src\bioetl\application\services\dq\gold_analyzer.py                                                                                                     30      0      0      0 100.00%
src\bioetl\application\services\dq\gold_filter_diagnostics.py                                                                                           34      2     14      2  91.67%   62, 65
src\bioetl\application\services\dq\silver_analyzer.py                                                                                                   37      0      4      0 100.00%
src\bioetl\application\services\dq\silver_check_executor.py                                                                                             53      0     10      0 100.00%
src\bioetl\application\services\dq\silver_statistics.py                                                                                                 61      0     16      1  98.70%   174->164
src\bioetl\application\services\dq\silver_statistics_helpers.py                                                                                         88      0     16      0 100.00%
src\bioetl\application\services\dq\silver_statistics_uniqueness.py                                                                                      40      0     10      0 100.00%
src\bioetl\application\services\dq\silver_threshold.py                                                                                                  30      0     12      0 100.00%
src\bioetl\application\services\execution\__init__.py                                                                                                    9      0      0      0 100.00%
src\bioetl\application\services\execution\_pipeline_runner_support.py                                                                                  111      6     26      0  94.16%   395-400
src\bioetl\application\services\execution\cli_run_orchestration_contracts.py                                                                            12      0      6      3  83.33%   23->exit, 32->exit, 43->exit
src\bioetl\application\services\execution\cli_run_orchestration_models.py                                                                               56      0      0      0 100.00%
src\bioetl\application\services\execution\cli_run_orchestration_service.py                                                                              50      0     22      0 100.00%
src\bioetl\application\services\execution\pipeline_run_context_service.py                                                                               44      0     18      0 100.00%
src\bioetl\application\services\execution\pipeline_run_execution_service.py                                                                             49      1      8      1  96.49%   39
src\bioetl\application\services\execution\pipeline_run_lifecycle_service.py                                                                             32      0     14      7  84.78%   23->exit, 25->exit, 27->exit, 37->exit, 47->exit, 49->exit, 57->exit
src\bioetl\application\services\execution\pipeline_runner_models.py                                                                                     90      0      2      0 100.00%
src\bioetl\application\services\execution\pipeline_runner_service.py                                                                                   100      0      6      0 100.00%
src\bioetl\application\services\execution\workflow_runner_step_execution.py                                                                             79      3     22      3  94.06%   122, 137, 196
src\bioetl\application\services\export_lineage\__init__.py                                                                                               1      0      0      0 100.00%
src\bioetl\application\services\export_lineage\audit_inspection_service.py                                                                              43      0      4      0 100.00%
src\bioetl\application\services\export_lineage\debug_export_collector.py                                                                                22      0      0      0 100.00%
src\bioetl\application\services\export_lineage\debug_export_collector_gold_mixin.py                                                                     41      0      6      0 100.00%
src\bioetl\application\services\export_lineage\debug_export_collector_helpers.py                                                                        27      0      4      0 100.00%
src\bioetl\application\services\export_lineage\debug_export_collector_transform_mixin.py                                                                74      0     18      2  97.83%   136->exit, 290->301
src\bioetl\application\services\export_lineage\debug_export_helpers.py                                                                                 165      0     82      1  99.60%   192->201
src\bioetl\application\services\export_lineage\debug_export_pack_assembly.py                                                                            16      0      0      0 100.00%
src\bioetl\application\services\export_lineage\debug_export_service.py                                                                                  64      0      6      0 100.00%
src\bioetl\application\services\export_lineage\debug_export_service_recording_mixin.py                                                                  45      0     16      0 100.00%
src\bioetl\application\services\export_lineage\debug_reason_dictionary.py                                                                                2      0      0      0 100.00%
src\bioetl\application\services\export_lineage\export_execution.py                                                                                      85      0     28      5  95.58%   43->exit, 49->exit, 57->exit, 60->exit, 62->exit
src\bioetl\application\services\export_lineage\export_manifest_attribution.py                                                                           33      0      8      0 100.00%
src\bioetl\application\services\export_lineage\export_manifest_identity.py                                                                              16      0      6      1  95.45%   45->47
src\bioetl\application\services\export_lineage\export_manifests.py                                                                                      54      0      0      0 100.00%
src\bioetl\application\services\export_lineage\export_models.py                                                                                         60      0      0      0 100.00%
src\bioetl\application\services\export_lineage\export_service.py                                                                                        82      0     20      5  95.10%   58->exit, 61->exit, 64->exit, 71->exit, 77->exit
src\bioetl\application\services\export_lineage\pipeline_debug_service.py                                                                                33      0      4      0 100.00%
src\bioetl\application\services\lineage\__init__.py                                                                                                      5      0      0      0 100.00%
src\bioetl\application\services\lineage\_fragment_assembly.py                                                                                           17      0      2      0 100.00%
src\bioetl\application\services\lineage\_fragment_finalization.py                                                                                       12      0      2      0 100.00%
src\bioetl\application\services\lineage\_metadata_coordinator_helpers.py                                                                                41      0     14      0 100.00%
src\bioetl\application\services\lineage\lineage_inspection_helpers.py                                                                                   30      0     12      0 100.00%
src\bioetl\application\services\lineage\lineage_inspection_results.py                                                                                   42      0      0      0 100.00%
src\bioetl\application\services\lineage\lineage_inspection_service.py                                                                                   84      0     36      1  99.17%   152->154
src\bioetl\application\services\lineage\metadata_assembler_support.py                                                                                   83      0     28      2  98.20%   38->exit, 50->exit
src\bioetl\application\services\lineage\metadata_assemblers.py                                                                                          50      0      4      0 100.00%
src\bioetl\application\services\lineage\metadata_assemblers_helpers.py                                                                                  29      0      0      0 100.00%
src\bioetl\application\services\lineage\metadata_context.py                                                                                             36      0      2      0 100.00%
src\bioetl\application\services\lineage\metadata_coordinator.py                                                                                         71      0      0      0 100.00%
src\bioetl\application\services\lineage\metadata_coordinator_bronze.py                                                                                  19      0      0      0 100.00%
src\bioetl\application\services\lineage\metadata_lineage_anchor_nodes.py                                                                                34      0     10      0 100.00%
src\bioetl\application\services\lineage\metadata_lineage_composite.py                                                                                   59      0     18      2  97.40%   209->223, 225->238
src\bioetl\application\services\lineage\metadata_lineage_dataset_nodes.py                                                                               44      0     16      1  98.33%   41->46
src\bioetl\application\services\lineage\metadata_lineage_fragment_ids.py                                                                                23      0      6      0 100.00%
src\bioetl\application\services\lineage\metadata_lineage_fragments.py                                                                                    5      0      0      0 100.00%
src\bioetl\application\services\lineage\metadata_lineage_fragments_bronze.py                                                                            39      0      6      0 100.00%
src\bioetl\application\services\lineage\metadata_lineage_fragments_gold.py                                                                              57      0     14      1  98.59%   44->43
src\bioetl\application\services\lineage\metadata_lineage_fragments_silver.py                                                                            41      0     10      1  98.04%   43->42
src\bioetl\application\services\lineage\metadata_lineage_node_assembly.py                                                                                6      0      0      0 100.00%
src\bioetl\application\services\lineage\metadata_lineage_nodes.py                                                                                        3      0      0      0 100.00%
src\bioetl\application\services\lineage\metadata_lineage_transform_nodes.py                                                                             20      0      4      0 100.00%
src\bioetl\application\services\lineage\metadata_output_support.py                                                                                      31      0      4      0 100.00%
src\bioetl\application\services\medallion\__init__.py                                                                                                    1      0      0      0 100.00%
src\bioetl\application\services\medallion\medallion_lifecycle.py                                                                                        84      0     26      6  94.55%   69->exit, 74->exit, 76->exit, 84->exit, 89->exit, 91->exit
src\bioetl\application\services\medallion\medallion_maintenance_mixin.py                                                                                28      0      2      0 100.00%
src\bioetl\application\services\medallion\medallion_types.py                                                                                            21      0      0      0 100.00%
src\bioetl\application\services\ops\__init__.py                                                                                                          1      0      0      0 100.00%
src\bioetl\application\services\ops\_metrics_service_gateway_support.py                                                                                 85      0     24      0 100.00%
src\bioetl\application\services\ops\admin_runtime_api.py                                                                                                 5      0      0      0 100.00%
src\bioetl\application\services\ops\bronze_cleanup_service.py                                                                                           36      0      6      0 100.00%
src\bioetl\application\services\ops\config_service.py                                                                                                   92      0      6      0 100.00%
src\bioetl\application\services\ops\error_handler.py                                                                                                   101      0     34      3  97.78%   72->exit, 83->exit, 207->210
src\bioetl\application\services\ops\health_service.py                                                                                                  113      0     24      0 100.00%
src\bioetl\application\services\ops\lock_service.py                                                                                                     40      0      6      0 100.00%
src\bioetl\application\services\ops\metrics_service.py                                                                                                  66      0     14      2  97.50%   65->exit, 73->exit
src\bioetl\application\services\ops\observability_backend_startup.py                                                                                    67      0     16      0 100.00%
src\bioetl\application\services\ops\observability_backend_startup_types.py                                                                              62      0     32     16  82.98%   12->exit, 15->exit, 17->exit, 21->exit, 25->exit, 35->exit, 44->exit, 55->exit, 68->exit, 72->exit, 76->exit, 80->exit, 89->exit, 99->exit, 111->exit, 115->exit
src\bioetl\application\services\ops\shutdown_service.py                                                                                                 80      0     20      1  99.00%   172->exit
src\bioetl\application\services\ops\vacuum_service.py                                                                                                   54      0      2      0 100.00%
src\bioetl\application\services\protein\__init__.py                                                                                                      1      0      0      0 100.00%
src\bioetl\application\services\protein\_classification_resolution_support.py                                                                           11      0      4      0 100.00%
src\bioetl\application\services\protein\classification_resolution.py                                                                                   119      0     10      0 100.00%
src\bioetl\application\services\quality\__init__.py                                                                                                      1      0      0      0 100.00%
src\bioetl\application\services\quality\_dq_report_layer_flows.py                                                                                       93      0     22      2  98.26%   37->exit, 40->exit
src\bioetl\application\services\quality\_quarantine_models.py                                                                                           26      0      4      0 100.00%
src\bioetl\application\services\quality\_quarantine_service_async_mixin.py                                                                              55      0     14      5  92.75%   29->exit, 37->exit, 45->exit, 53->exit, 62->exit
src\bioetl\application\services\quality\_quarantine_service_filtered_helpers.py                                                                        167      0     66      0 100.00%
src\bioetl\application\services\quality\_quarantine_service_filtered_mixin.py                                                                           77      0      4      0 100.00%
src\bioetl\application\services\quality\_quarantine_service_replay_purge_sync.py                                                                        35      0      0      0 100.00%
src\bioetl\application\services\quality\_quarantine_service_status_sync.py                                                                              41      0      6      0 100.00%
src\bioetl\application\services\quality\_quarantine_service_support.py                                                                                   4      0      0      0 100.00%
src\bioetl\application\services\quality\_quarantine_service_sync_mixin.py                                                                               12      0      0      0 100.00%
src\bioetl\application\services\quality\_quarantine_service_sync_operations.py                                                                           4      0      0      0 100.00%
src\bioetl\application\services\quality\_quarantine_service_sync_support.py                                                                             28      0     20      9  81.25%   26->exit, 28->exit, 35->exit, 43->exit, 51->exit, 59->exit, 67->exit, 76->exit, 87->exit
src\bioetl\application\services\quality\config_dq_service.py                                                                                           143      0     30      3  98.27%   33->exit, 39->exit, 45->exit
src\bioetl\application\services\quality\data_quality_anomalies.py                                                                                       88      0     36      6  95.16%   29->exit, 31->exit, 35->exit, 37->exit, 66->exit, 237->249
src\bioetl\application\services\quality\data_quality_service.py                                                                                         39      0      6      1  97.78%   46->51
src\bioetl\application\services\quality\data_quality_thresholds.py                                                                                      38      0     10      0 100.00%
src\bioetl\application\services\quality\dq_report_generation_mixin.py                                                                                   50      0     12      0 100.00%
src\bioetl\application\services\quality\dq_report_models.py                                                                                             78      0     20      8  91.84%   159->exit, 163->exit, 167->exit, 171->exit, 179->exit, 183->exit, 187->exit, 191->exit
src\bioetl\application\services\quality\dq_report_service.py                                                                                            41      0      2      0 100.00%
src\bioetl\application\services\quality\quarantine_service.py                                                                                           36      0      6      0 100.00%
src\bioetl\application\services\run_reports\__init__.py                                                                                                  6      0      0      0 100.00%
src\bioetl\application\services\run_reports\_report_diff_support.py                                                                                     37      0      6      0 100.00%
src\bioetl\application\services\run_reports\artifact_digest.py                                                                                          29      1     12      2  92.68%   45, 50->49
src\bioetl\application\services\run_reports\composite.py                                                                                                86      3     10      1  95.83%   83-84, 109
src\bioetl\application\services\run_reports\composite_report_support.py                                                                                 60      0     18      1  98.72%   104->109
src\bioetl\application\services\run_reports\control_plane_snapshot.py                                                                                   38      0      6      0 100.00%
src\bioetl\application\services\run_reports\enrichment.py                                                                                              117      1     48      2  98.18%   61, 308->312
src\bioetl\application\services\run_reports\markdown.py                                                                                                149      0     58      0 100.00%
src\bioetl\application\services\run_reports\observations.py                                                                                             59      1     18      1  97.40%   113
src\bioetl\application\services\run_reports\paths.py                                                                                                   146      0     30      0 100.00%
src\bioetl\application\services\run_reports\query.py                                                                                                   137      0     42      0 100.00%
src\bioetl\application\services\run_reports\snapshots.py                                                                                                25      0      8      0 100.00%
src\bioetl\application\services\run_reports\source_identity.py                                                                                         221      3     78      2  98.33%   195, 204-205
src\bioetl\application\services\run_reports\workflow_observations.py                                                                                    52      0     22      0 100.00%
src\bioetl\application\services\run_reports\writer.py                                                                                                   99      0     10      0 100.00%
src\bioetl\application\services\workflow\__init__.py                                                                                                     1      0      0      0 100.00%
src\bioetl\application\services\workflow\_observability_trace_support.py                                                                                37      0     18      0 100.00%
src\bioetl\application\services\workflow\_observability_workflow_checkpoint_support.py                                                                 118      0     46      0 100.00%
src\bioetl\application\services\workflow\_observability_workflow_evidence_support.py                                                                    72      0     38      0 100.00%
src\bioetl\application\services\workflow\_observability_workflow_execution.py                                                                           37      0      8      0 100.00%
src\bioetl\application\services\workflow\_observability_workflow_lookup_support.py                                                                      49      0     26      5  93.33%   20->exit, 22->exit, 30->exit, 34->exit, 68->72
src\bioetl\application\services\workflow\_observability_workflow_models.py                                                                              40      0      0      0 100.00%
src\bioetl\application\services\workflow\_observability_workflow_next_steps_support.py                                                                  30      0     14      0 100.00%
src\bioetl\application\services\workflow\_observability_workflow_quarantine_support.py                                                                  37      0     14      3  94.12%   21->exit, 53->64, 59->64
src\bioetl\application\services\workflow\_observability_workflow_status_support.py                                                                      23      0      2      1  96.00%   80->86
src\bioetl\application\services\workflow\_observability_workflow_support.py                                                                              9      0      0      0 100.00%
src\bioetl\application\services\workflow\_observability_workflow_traceability_support.py                                                                17      0      2      0 100.00%
src\bioetl\application\services\workflow\control_plane\__init__.py                                                                                       1      0      0      0 100.00%
src\bioetl\application\services\workflow\control_plane\_execution_recording_finish.py                                                                   37      0     10      1  97.87%   37->36
src\bioetl\application\services\workflow\control_plane\_execution_resume_support.py                                                                     90      0     36      2  98.41%   17->exit, 22->exit
src\bioetl\application\services\workflow\control_plane\execution_incremental_metadata.py                                                                 9      0      4      0 100.00%
src\bioetl\application\services\workflow\control_plane\execution_preparation.py                                                                         45      0      4      0 100.00%
src\bioetl\application\services\workflow\control_plane\execution_preparation_incremental.py                                                             26      0      6      0 100.00%
src\bioetl\application\services\workflow\control_plane\execution_recording.py                                                                           44      0      8      0 100.00%
src\bioetl\application\services\workflow\control_plane\execution_recording_payloads.py                                                                  71      0     34      4  96.19%   71->73, 74->76, 125->146, 181->180
src\bioetl\application\services\workflow\control_plane\execution_recording_state.py                                                                     47      0     16      0 100.00%
src\bioetl\application\services\workflow\control_plane\execution_service.py                                                                             71      1      8      1  97.47%   227
src\bioetl\application\services\workflow\control_plane\selected_snapshot_resume.py                                                                      78      8     34      6  87.50%   60, 111-112, 161, 164, 181, 217, 225
src\bioetl\application\services\workflow\observability_workflow_service.py                                                                              62      0     10      0 100.00%
src\bioetl\application\services\workflow\workflow_runner_models.py                                                                                      33      0      0      0 100.00%
src\bioetl\application\services\workflow\workflow_runner_reports.py                                                                                     95      9     36      1  89.31%   39-52
src\bioetl\application\services\workflow\workflow_runner_service.py                                                                                     80      3     16      1  95.83%   266-268
src\bioetl\application\services\workflow\workflow_runner_support.py                                                                                     68      0     10      1  98.72%   118->120
src\bioetl\application\services\workflow\workflow_transform_artifacts.py                                                                                21      0      0      0 100.00%
src\bioetl\application\services\workflow\workflow_transform_service.py                                                                                  60      0      8      0 100.00%
src\bioetl\application\services\workflow\workflow_transition_policy.py                                                                                   3      0      0      0 100.00%
src\bioetl\application\workflow\__init__.py                                                                                                              2      0      0      0 100.00%
src\bioetl\application\workflow\transforms\__init__.py                                                                                                  43      0      2      0 100.00%
src\bioetl\application\workflow\transforms\builtins.py                                                                                                  22      0      6      0 100.00%
src\bioetl\application\workflow\transforms\reconcile_foreign_keys.py                                                                                    65      1     18      1  97.59%   214
src\bioetl\application\workflow\transforms\reconcile_foreign_keys_config.py                                                                            131      0     60      0 100.00%
src\bioetl\application\workflow\transforms\reconcile_rows.py                                                                                            74      0     28      1  99.02%   166->174
src\bioetl\application\workflow\transforms\selected_snapshot_inputs.py                                                                                 110      5     54      5  93.90%   41, 87, 142, 184, 196
src\bioetl\composition\__init__.py                                                                                                                       5      0      0      0 100.00%
src\bioetl\composition\_pipeline_execution.py                                                                                                           78      0      4      1  98.78%   287->293
src\bioetl\composition\_registration.py                                                                                                                 18      0      6      0 100.00%
src\bioetl\composition\_resource_management.py                                                                                                          51      0      0      0 100.00%
src\bioetl\composition\_service_registry.py                                                                                                             71      0      6      0 100.00%
src\bioetl\composition\_services.py                                                                                                                     98      0      2      1  99.00%   84->86
src\bioetl\composition\bootstrap\__init__.py                                                                                                            16      0      2      0 100.00%
src\bioetl\composition\bootstrap\assembly\__init__.py                                                                                                    5      0      0      0 100.00%
src\bioetl\composition\bootstrap\assembly\checkpoint.py                                                                                                 36      0      2      0 100.00%
src\bioetl\composition\bootstrap\assembly\health_server.py                                                                                              66      0      0      0 100.00%
src\bioetl\composition\bootstrap\assembly\health_service.py                                                                                             43      0      2      0 100.00%
src\bioetl\composition\bootstrap\assembly\storage.py                                                                                                    34      0      2      0 100.00%
src\bioetl\composition\bootstrap\assembly\workflow_transforms.py                                                                                        65      4     16      3  91.36%   150, 153, 155, 176
src\bioetl\composition\bootstrap\cli\__init__.py                                                                                                        29      0      2      0 100.00%
src\bioetl\composition\bootstrap\cli\checkpoint.py                                                                                                      30      0      0      0 100.00%
src\bioetl\composition\bootstrap\cli\config.py                                                                                                          23      0      0      0 100.00%
src\bioetl\composition\bootstrap\cli\health.py                                                                                                          23      0      0      0 100.00%
src\bioetl\composition\bootstrap\cli\lineage.py                                                                                                         12      0      0      0 100.00%
src\bioetl\composition\bootstrap\cli\lock.py                                                                                                             9      0      0      0 100.00%
src\bioetl\composition\bootstrap\cli\metrics.py                                                                                                         30      0      4      1  97.06%   84->exit
src\bioetl\composition\bootstrap\cli\noop.py                                                                                                            12      0      0      0 100.00%
src\bioetl\composition\bootstrap\cli\run_manifest.py                                                                                                    45      0      0      0 100.00%
src\bioetl\composition\bootstrap\cli\service_builders.py                                                                                                53      0      8      0 100.00%
src\bioetl\composition\bootstrap\cli\storage.py                                                                                                        100      0     12      2  98.21%   213->215, 215->211
src\bioetl\composition\bootstrap\composite_infrastructure_context.py                                                                                    24      0      0      0 100.00%
src\bioetl\composition\bootstrap\control_plane_store_builders.py                                                                                        16      0      0      0 100.00%
src\bioetl\composition\bootstrap\runtime\__init__.py                                                                                                    23      0      4      0 100.00%
src\bioetl\composition\bootstrap\runtime\_composite_control_plane_builder_support.py                                                                    70      0      6      0 100.00%
src\bioetl\composition\bootstrap\runtime\_composite_control_plane_payloads.py                                                                           54      0     16      0 100.00%
src\bioetl\composition\bootstrap\runtime\_composite_control_plane_support.py                                                                            41      0      8      0 100.00%
src\bioetl\composition\bootstrap\runtime\_composite_plan_runtime_support.py                                                                             57      0      6      0 100.00%
src\bioetl\composition\bootstrap\runtime\_composite_plan_support.py                                                                                     33      0      0      0 100.00%
src\bioetl\composition\bootstrap\runtime\_dependency_runner_support.py                                                                                  21      0      6      0 100.00%
src\bioetl\composition\bootstrap\runtime\_observability_bundle_support.py                                                                               55      0      6      0 100.00%
src\bioetl\composition\bootstrap\runtime\_observability_preflight_support.py                                                                            44      0     14      0 100.00%
src\bioetl\composition\bootstrap\runtime\_runner_assembly_support.py                                                                                    64      0      8      1  98.61%   180->189
src\bioetl\composition\bootstrap\runtime\assay_replay.py                                                                                                56      3      6      3  90.32%   75, 80, 82
src\bioetl\composition\bootstrap\runtime\assay_replay_capture.py                                                                                        70      1      6      1  97.37%   95
src\bioetl\composition\bootstrap\runtime\assembly.py                                                                                                    35      0      2      0 100.00%
src\bioetl\composition\bootstrap\runtime\composite.py                                                                                                   57      0      6      0 100.00%
src\bioetl\composition\bootstrap\runtime\composite_bootstrap_registry_manifest.py                                                                        6      0      0      0 100.00%
src\bioetl\composition\bootstrap\runtime\composite_child_runner.py                                                                                      51      3      6      1  92.98%   37, 60, 83
src\bioetl\composition\bootstrap\runtime\composite_control_plane_builder.py                                                                             44      0      4      0 100.00%
src\bioetl\composition\bootstrap\runtime\composite_control_plane_bundle.py                                                                              10      0      0      0 100.00%
src\bioetl\composition\bootstrap\runtime\composite_execution_support_builder.py                                                                          8      0      0      0 100.00%
src\bioetl\composition\bootstrap\runtime\composite_execution_support_bundle.py                                                                           9      0      0      0 100.00%
src\bioetl\composition\bootstrap\runtime\composite_filter_extraction_service.py                                                                         91      0     42      0 100.00%
src\bioetl\composition\bootstrap\runtime\composite_merge_dependencies_bundle.py                                                                         13      0      0      0 100.00%
src\bioetl\composition\bootstrap\runtime\composite_merge_dependency_builder.py                                                                          27      0      0      0 100.00%
src\bioetl\composition\bootstrap\runtime\composite_merge_service_builder.py                                                                             23      0      6      0 100.00%
src\bioetl\composition\bootstrap\runtime\composite_runtime_management_builder.py                                                                        46      0      8      0 100.00%
src\bioetl\composition\bootstrap\runtime\composite_runtime_management_bundle.py                                                                         10      0      0      0 100.00%
src\bioetl\composition\bootstrap\runtime\composite_support_helpers.py                                                                                   46      0      2      0 100.00%
src\bioetl\composition\bootstrap\runtime\composite_support_runtime_context.py                                                                           24      0      2      0 100.00%
src\bioetl\composition\bootstrap\runtime\dq_bootstrap.py                                                                                                23      0      2      0 100.00%
src\bioetl\composition\bootstrap\runtime\enum_loader_wiring.py                                                                                           8      0      0      0 100.00%
src\bioetl\composition\bootstrap\runtime\logger_bootstrap.py                                                                                            18      0      0      0 100.00%
src\bioetl\composition\bootstrap\runtime\metrics_bootstrap.py                                                                                           54      0     12      0 100.00%
src\bioetl\composition\bootstrap\runtime\normalization_policy_init.py                                                                                   12      0      0      0 100.00%
src\bioetl\composition\bootstrap\runtime\observability.py                                                                                               34      0      0      0 100.00%
src\bioetl\composition\bootstrap\runtime\observability_assembly.py                                                                                      40      0      2      1  97.62%   81->83
src\bioetl\composition\bootstrap\runtime\observability_bundle.py                                                                                        15      0      0      0 100.00%
src\bioetl\composition\bootstrap\runtime\observability_validate_observability_preflight.py                                                               5      0      0      0 100.00%
src\bioetl\composition\bootstrap\runtime\pipeline.py                                                                                                    25      0      0      0 100.00%
src\bioetl\composition\bootstrap\runtime\pipeline_bootstrap_phases.py                                                                                   54      0      2      0 100.00%
src\bioetl\composition\bootstrap\runtime\pipeline_context_builder.py                                                                                    46      0     18      0 100.00%
src\bioetl\composition\bootstrap\runtime\publication_vocab_init.py                                                                                      12      0      0      0 100.00%
src\bioetl\composition\bootstrap\runtime\run_status.py                                                                                                  34      0      4      0 100.00%
src\bioetl\composition\bootstrap\runtime\run_status_capture.py                                                                                          15      0      0      0 100.00%
src\bioetl\composition\bootstrap\runtime\runner.py                                                                                                      29      1      0      0  96.55%   93
src\bioetl\composition\bootstrap\runtime\runner_assembly.py                                                                                             20      0      0      0 100.00%
src\bioetl\composition\bootstrap\runtime\runner_bootstrap_wiring.py                                                                                     11      0      0      0 100.00%
src\bioetl\composition\bootstrap\runtime\runner_factory_builder_service.py                                                                              62      1      6      1  97.06%   101
src\bioetl\composition\bootstrap\runtime\runtime_basics.py                                                                                              41      1      0      0  97.56%   172
src\bioetl\composition\bootstrap\runtime\tracing_bootstrap.py                                                                                           17      0      2      0 100.00%
src\bioetl\composition\bootstrap\runtime_public_exports.py                                                                                              19      0      0      0 100.00%
src\bioetl\composition\bootstrap_contexts.py                                                                                                            26      0      0      0 100.00%
src\bioetl\composition\bootstrap_logger.py                                                                                                              29      0      4      0 100.00%
src\bioetl\composition\builders.py                                                                                                                      41      0     12      0 100.00%
src\bioetl\composition\composite_catalog.py                                                                                                             14      0      2      0 100.00%
src\bioetl\composition\contracts\__init__.py                                                                                                             5      0      0      0 100.00%
src\bioetl\composition\contracts\factories.py                                                                                                           37      0     10      5  89.36%   79->exit, 105->exit, 142->exit, 152->exit, 161->exit
src\bioetl\composition\contracts\health.py                                                                                                              19      0      2      1  95.24%   48->exit
src\bioetl\composition\contracts\providers.py                                                                                                           14      0      8      4  81.82%   24->exit, 26->exit, 28->exit, 30->exit
src\bioetl\composition\contracts\resources.py                                                                                                           15      0      0      0 100.00%
src\bioetl\composition\contracts\structural.py                                                                                                          21      0     12      6  81.82%   14->exit, 26->exit, 36->exit, 40->exit, 44->exit, 48->exit
src\bioetl\composition\control_plane_archive.py                                                                                                         60      2     10      0  97.14%   100-101
src\bioetl\composition\control_plane_paths.py                                                                                                            7      0      0      0 100.00%
src\bioetl\composition\control_plane_runtime.py                                                                                                         11      0      0      0 100.00%
src\bioetl\composition\control_plane_service_access.py                                                                                                  22      0      0      0 100.00%
src\bioetl\composition\entrypoints.py                                                                                                                   14      0      0      0 100.00%
src\bioetl\composition\execution_api.py                                                                                                                 11      0      0      0 100.00%
src\bioetl\composition\factories\__init__.py                                                                                                            26      0      6      0 100.00%
src\bioetl\composition\factories\_transformer_spec_rows.py                                                                                               4      0      0      0 100.00%
src\bioetl\composition\factories\datasource\__init__.py                                                                                                  3      0      0      0 100.00%
src\bioetl\composition\factories\datasource\_crossref_support.py                                                                                        87      0     18      5  95.24%   129->134, 141->143, 156->166, 182->192, 203->208
src\bioetl\composition\factories\datasource\adapter_helpers.py                                                                                          51      0      0      0 100.00%
src\bioetl\composition\factories\datasource\crossref.py                                                                                                 13      0      0      0 100.00%
src\bioetl\composition\factories\datasource\data_source_factory.py                                                                                      63      0     16      0 100.00%
src\bioetl\composition\factories\datasource\http_client.py                                                                                             108      0     16      0 100.00%
src\bioetl\composition\factories\datasource\pubchem.py                                                                                                  86      2      4      0  97.78%   80-81
src\bioetl\composition\factories\dq\__init__.py                                                                                                         15      0      2      0 100.00%
src\bioetl\composition\factories\dq\_context_resolver_support.py                                                                                        91      0     30      0 100.00%
src\bioetl\composition\factories\dq\composite_validation.py                                                                                              7      0      0      0 100.00%
src\bioetl\composition\factories\dq\context_resolver.py                                                                                                 29      0      0      0 100.00%
src\bioetl\composition\factories\dq\factory.py                                                                                                          27      0      0      0 100.00%
src\bioetl\composition\factories\observability_api.py                                                                                                   36      0      4      0 100.00%
src\bioetl\composition\factories\pipeline\__init__.py                                                                                                   11      0      4      0 100.00%
src\bioetl\composition\factories\pipeline\_assembler_factory.py                                                                                         50      0      4      0 100.00%
src\bioetl\composition\factories\pipeline\_creation_metadata.py                                                                                         22      0      2      0 100.00%
src\bioetl\composition\factories\pipeline\_creation_wiring.py                                                                                           62      0      0      0 100.00%
src\bioetl\composition\factories\pipeline\_factory_method_control_plane.py                                                                               9      0      4      0 100.00%
src\bioetl\composition\factories\pipeline\_factory_method_runtime_support.py                                                                            34      0      2      0 100.00%
src\bioetl\composition\factories\pipeline\_factory_method_types.py                                                                                      74      0      4      0 100.00%
src\bioetl\composition\factories\pipeline\_preflight_health_monitor.py                                                                                  25      0      4      0 100.00%
src\bioetl\composition\factories\pipeline\_registry_factory_catalog.py                                                                                  39      0      8      0 100.00%
src\bioetl\composition\factories\pipeline\_registry_manifest_chembl.py                                                                                  21      0      0      0 100.00%
src\bioetl\composition\factories\pipeline\_registry_manifest_non_chembl.py                                                                              13      0      0      0 100.00%
src\bioetl\composition\factories\pipeline\_runner_assembly_support.py                                                                                   55      0      0      0 100.00%
src\bioetl\composition\factories\pipeline\_runner_preflight_observer.py                                                                                 16      0      0      0 100.00%
src\bioetl\composition\factories\pipeline\assembler.py                                                                                                  37      0      0      0 100.00%
src\bioetl\composition\factories\pipeline\config_types.py                                                                                               13      0      0      0 100.00%
src\bioetl\composition\factories\pipeline\contract_validator.py                                                                                         14      0      0      0 100.00%
src\bioetl\composition\factories\pipeline\control_plane_artifacts.py                                                                                     5      0      0      0 100.00%
src\bioetl\composition\factories\pipeline\creation_support.py                                                                                            8      0      0      0 100.00%
src\bioetl\composition\factories\pipeline\factory_method_helpers.py                                                                                     44      0      2      0 100.00%
src\bioetl\composition\factories\pipeline\postrun_assembly.py                                                                                           23      0      0      0 100.00%
src\bioetl\composition\factories\pipeline\registry.py                                                                                                   64      0     16      1  98.75%   60->62
src\bioetl\composition\factories\pipeline\registry_core.py                                                                                              64      0     14      1  98.72%   133->137
src\bioetl\composition\factories\pipeline\registry_exports.py                                                                                            4      0      0      0 100.00%
src\bioetl\composition\factories\pipeline\registry_manifest.py                                                                                           5      0      0      0 100.00%
src\bioetl\composition\factories\pipeline\registry_validation.py                                                                                        24      0      6      0 100.00%
src\bioetl\composition\factories\pipeline\run_context_contract_identity.py                                                                              40      0     12      0 100.00%
src\bioetl\composition\factories\pipeline\run_context_factory.py                                                                                        38      0      0      0 100.00%
src\bioetl\composition\factories\pipeline\runner.py                                                                                                     55      0     10      0 100.00%
src\bioetl\composition\factories\pipeline\runner_assembly.py                                                                                            47      0      0      0 100.00%
src\bioetl\composition\factories\pipeline\runner_constructor.py                                                                                         27      0      0      0 100.00%
src\bioetl\composition\factories\pipeline\transformer_builder.py                                                                                        31      0      4      0 100.00%
src\bioetl\composition\factories\pipeline\transformer_dependencies.py                                                                                   32      0      8      0 100.00%
src\bioetl\composition\factories\pipeline_support\__init__.py                                                                                            2      0      0      0 100.00%
src\bioetl\composition\factories\pipeline_support\assembler_helpers.py                                                                                  15      0      0      0 100.00%
src\bioetl\composition\factories\pipeline_support\checkpoint_metadata_helpers.py                                                                        22      0      0      0 100.00%
src\bioetl\composition\factories\pipeline_support\checkpoint_metadata_resolution.py                                                                     65      0     10      0 100.00%
src\bioetl\composition\factories\pipeline_support\checkpoint_policy_helpers.py                                                                          60      1     24      1  97.62%   137
src\bioetl\composition\factories\pipeline_support\contract_validation_helpers.py                                                                        25      0      6      0 100.00%
src\bioetl\composition\factories\pipeline_support\registry_validation_helpers.py                                                                        88      0     36      1  99.19%   161->173
src\bioetl\composition\factories\services\__init__.py                                                                                                   19      0      8      0 100.00%
src\bioetl\composition\factories\services\_builder_record_processor_support.py                                                                          49      0      0      0 100.00%
src\bioetl\composition\factories\services\_bundle_support.py                                                                                            30      0      2      0 100.00%
src\bioetl\composition\factories\services\_record_processor_policy_support.py                                                                           65      0     24      0 100.00%
src\bioetl\composition\factories\services\builder.py                                                                                                    28      0      0      0 100.00%
src\bioetl\composition\factories\services\bundle.py                                                                                                     52      0      2      0 100.00%
src\bioetl\composition\factories\services\callbacks.py                                                                                                  13      0      2      0 100.00%
src\bioetl\composition\factories\services\common_service_wiring.py                                                                                      69      0      6      0 100.00%
src\bioetl\composition\factories\services\composite_support_services_factory.py                                                                         54      1      4      2  94.83%   133->145, 136
src\bioetl\composition\factories\services\factory.py                                                                                                    49      0      4      0 100.00%
src\bioetl\composition\factories\services\pipeline_batch_executor_builder.py                                                                            68      0      8      0 100.00%
src\bioetl\composition\factories\services\pipeline_builder.py                                                                                           28      0      0      0 100.00%
src\bioetl\composition\factories\services\pipeline_processing.py                                                                                        14      0      0      0 100.00%
src\bioetl\composition\factories\services\pipeline_processing_components_builder.py                                                                     24      0      2      0 100.00%
src\bioetl\composition\factories\services\pipeline_record_processor_builder.py                                                                          32      0      4      0 100.00%
src\bioetl\composition\factories\services\polars_join_adapter.py                                                                                        14      0      0      0 100.00%
src\bioetl\composition\factories\services\port_factories.py                                                                                             33      0      4      0 100.00%
src\bioetl\composition\factories\services\runtime_managers.py                                                                                           31      0      2      0 100.00%
src\bioetl\composition\factories\services\workflow_services.py                                                                                          78      0      6      1  98.81%   177->179
src\bioetl\composition\factories\storage\__init__.py                                                                                                     5      0      0      0 100.00%
src\bioetl\composition\factories\storage\_bronze.py                                                                                                     16      0      4      0 100.00%
src\bioetl\composition\factories\storage\_context_resolution.py                                                                                         81      1     22      1  98.06%   133
src\bioetl\composition\factories\storage\_gold.py                                                                                                       15      0      2      0 100.00%
src\bioetl\composition\factories\storage\_helpers.py                                                                                                    30      0      2      0 100.00%
src\bioetl\composition\factories\storage\_layer_writers.py                                                                                              20      0      0      0 100.00%
src\bioetl\composition\factories\storage\_silver.py                                                                                                     36      0      2      0 100.00%
src\bioetl\composition\factories\storage\audit.py                                                                                                       16      0      2      0 100.00%
src\bioetl\composition\factories\storage\bundle.py                                                                                                      19      0      0      0 100.00%
src\bioetl\composition\factories\storage\clear_mixin.py                                                                                                 35      0      8      0 100.00%
src\bioetl\composition\factories\storage\factory.py                                                                                                     29      0      0      0 100.00%
src\bioetl\composition\factories\storage\health_mixin.py                                                                                                90      0     30      2  98.33%   36->34, 38->34
src\bioetl\composition\factories\storage\maintenance_mixin.py                                                                                           75      0     18      0 100.00%
src\bioetl\composition\factories\storage\merged_mixin.py                                                                                                29      0      6      0 100.00%
src\bioetl\composition\factories\storage\resilience.py                                                                                                  27      0      8      0 100.00%
src\bioetl\composition\factories\storage\write_mixin.py                                                                                                 16      0      0      0 100.00%
src\bioetl\composition\factories\transformer_dependencies.py                                                                                            16      0      2      0 100.00%
src\bioetl\composition\factories\transformer_factory.py                                                                                                 42      0      6      0 100.00%
src\bioetl\composition\health_api.py                                                                                                                    14      0      0      0 100.00%
src\bioetl\composition\health_service_access.py                                                                                                         30      0      4      0 100.00%
src\bioetl\composition\lazy_exports.py                                                                                                                  38      0      6      0 100.00%
src\bioetl\composition\maintenance_api.py                                                                                                               14      0      0      0 100.00%
src\bioetl\composition\observability.py                                                                                                                 57      0     18      0 100.00%
src\bioetl\composition\observability_backend.py                                                                                                         13      0      0      0 100.00%
src\bioetl\composition\observability_metrics_profile.py                                                                                                 37      0      2      0 100.00%
src\bioetl\composition\observability_resolution.py                                                                                                      19      0      8      0 100.00%
src\bioetl\composition\observability_runtime.py                                                                                                        105      0     28      0 100.00%
src\bioetl\composition\occurrence_identity.py                                                                                                           24      0      2      0 100.00%
src\bioetl\composition\pipeline_runner_request.py                                                                                                      103      0     34      0 100.00%
src\bioetl\composition\providers\__init__.py                                                                                                            16      0      2      0 100.00%
src\bioetl\composition\providers\_chembl_target_protein_classification_data_source.py                                                                   16      0      0      0 100.00%
src\bioetl\composition\providers\_chembl_target_protein_classification_helpers.py                                                                        3      0      0      0 100.00%
src\bioetl\composition\providers\_chembl_target_protein_classification_manifest.py                                                                       3      0      0      0 100.00%
src\bioetl\composition\providers\_config_helpers.py                                                                                                     94      0     32      0 100.00%
src\bioetl\composition\providers\_creation.py                                                                                                           59      0     14      0 100.00%
src\bioetl\composition\providers\_default_registry.py                                                                                                   39      0      6      0 100.00%
src\bioetl\composition\providers\_loading.py                                                                                                            22      0      6      0 100.00%
src\bioetl\composition\providers\_models.py                                                                                                             15      0      0      0 100.00%
src\bioetl\composition\providers\_registration_biblio_adapters.py                                                                                       39      0     16      0 100.00%
src\bioetl\composition\providers\_registration_biblio_profiles.py                                                                                       37      0      0      0 100.00%
src\bioetl\composition\providers\_registration_contracts.py                                                                                             50      0      6      0 100.00%
src\bioetl\composition\providers\_registry_resolution.py                                                                                                 8      0      0      0 100.00%
src\bioetl\composition\providers\_store.py                                                                                                              29      0      4      0 100.00%
src\bioetl\composition\providers\decorators.py                                                                                                          20      0      2      0 100.00%
src\bioetl\composition\providers\loader.py                                                                                                              17      0      0      0 100.00%
src\bioetl\composition\providers\provider_registry.py                                                                                                   95      0      8      0 100.00%
src\bioetl\composition\providers\publication_term_pubmed_enricher.py                                                                                   129      4     56      4  95.68%   146, 150, 180-181, 190->192
src\bioetl\composition\providers\registration.py                                                                                                        26      0      6      0 100.00%
src\bioetl\composition\providers\registration_biblio.py                                                                                                 47      0      4      1  98.04%   141->143
src\bioetl\composition\providers\registration_bio.py                                                                                                    73      1     14      1  97.70%   150
src\bioetl\composition\providers\registration_bio_uniprot.py                                                                                            25      0      8      0 100.00%
src\bioetl\composition\registry_api.py                                                                                                                   7      0      0      0 100.00%
src\bioetl\composition\resources_runtime.py                                                                                                              8      0      0      0 100.00%
src\bioetl\composition\runtime_builders\__init__.py                                                                                                      6      0      0      0 100.00%
src\bioetl\composition\runtime_builders\_config_access_loaders.py                                                                                       24      0      0      0 100.00%
src\bioetl\composition\runtime_builders\_context_field_binding.py                                                                                       36      0     10      0 100.00%
src\bioetl\composition\runtime_builders\_effective_config_artifact_builder_support.py                                                                   33      0      0      0 100.00%
src\bioetl\composition\runtime_builders\_effective_config_graph_support.py                                                                               3      0      0      0 100.00%
src\bioetl\composition\runtime_builders\_effective_config_runtime_snapshot_support.py                                                                   40      0      4      0 100.00%
src\bioetl\composition\runtime_builders\_effective_config_secret_support.py                                                                             30      0     10      0 100.00%
src\bioetl\composition\runtime_builders\_effective_config_source_refs_support.py                                                                        28      0      8      0 100.00%
src\bioetl\composition\runtime_builders\_exact_replay_cached_bronze_context.py                                                                         118      1     52      1  98.82%   65
src\bioetl\composition\runtime_builders\_inputs_resolution_support.py                                                                                   51      0     12      0 100.00%
src\bioetl\composition\runtime_builders\_ledger_metadata_candidates.py                                                                                  42      0     22      0 100.00%
src\bioetl\composition\runtime_builders\_manifest_publication_context_support.py                                                                        48      0     10      2  96.55%   124->132, 132->143
src\bioetl\composition\runtime_builders\_run_context_values.py                                                                                           9      0      0      0 100.00%
src\bioetl\composition\runtime_builders\_run_manifest_attr_support.py                                                                                    6      0      2      0 100.00%
src\bioetl\composition\runtime_builders\_run_manifest_builder_policy.py                                                                                 48      0     12      0 100.00%
src\bioetl\composition\runtime_builders\_run_manifest_context_updates.py                                                                                30      0      6      0 100.00%
src\bioetl\composition\runtime_builders\_run_manifest_creation_support.py                                                                               64      0     16      0 100.00%
src\bioetl\composition\runtime_builders\_run_manifest_creation_support_helpers.py                                                                       62      0     10      2  97.22%   190->196, 194->196
src\bioetl\composition\runtime_builders\_run_manifest_identity_ref_values.py                                                                            11      0      0      0 100.00%
src\bioetl\composition\runtime_builders\_run_manifest_publication_support.py                                                                            21      0      4      2  92.00%   52->54, 54->57
src\bioetl\composition\runtime_builders\_run_manifest_refs.py                                                                                           45      0      4      0 100.00%
src\bioetl\composition\runtime_builders\_run_manifest_replay_support.py                                                                                 26      0      2      0 100.00%
src\bioetl\composition\runtime_builders\_run_manifest_sink_policy.py                                                                                     3      0      0      0 100.00%
src\bioetl\composition\runtime_builders\_run_manifest_snapshot_resolution.py                                                                             3      0      0      0 100.00%
src\bioetl\composition\runtime_builders\_run_manifest_snapshot_support.py                                                                               43      0      6      0 100.00%
src\bioetl\composition\runtime_builders\_runner_builder_orchestration.py                                                                                30      0      2      0 100.00%
src\bioetl\composition\runtime_builders\_runner_control_plane_artifact_policy.py                                                                         3      0      0      0 100.00%
src\bioetl\composition\runtime_builders\_runner_control_plane_data_root_policy.py                                                                       12      0      4      0 100.00%
src\bioetl\composition\runtime_builders\_runner_control_plane_policy.py                                                                                 48      0      8      0 100.00%
src\bioetl\composition\runtime_builders\_runner_control_plane_policy_support.py                                                                         17      0      0      0 100.00%
src\bioetl\composition\runtime_builders\_runner_input_preparation.py                                                                                    53      1      4      1  96.49%   231
src\bioetl\composition\runtime_builders\_runtime_launch_context_fields.py                                                                                8      0      2      0 100.00%
src\bioetl\composition\runtime_builders\cached_bronze_snapshot_support.py                                                                               34      0      8      0 100.00%
src\bioetl\composition\runtime_builders\config_access.py                                                                                                49      0      2      1  98.04%   99->101
src\bioetl\composition\runtime_builders\control_plane.py                                                                                                27      0      8      0 100.00%
src\bioetl\composition\runtime_builders\effective_config_artifact_builder.py                                                                            37      0      6      2  95.35%   98->106, 108->117
src\bioetl\composition\runtime_builders\input_snapshot_resolution.py                                                                                    29      0      4      0 100.00%
src\bioetl\composition\runtime_builders\inputs_extraction_preflight.py                                                                                  71      0     32      0 100.00%
src\bioetl\composition\runtime_builders\inputs_resolution_orchestration.py                                                                              21      0      0      0 100.00%
src\bioetl\composition\runtime_builders\inputs_resolver.py                                                                                              17      0      4      0 100.00%
src\bioetl\composition\runtime_builders\inputs_runtime_assembly.py                                                                                      29      0      0      0 100.00%
src\bioetl\composition\runtime_builders\inputs_runtime_helpers.py                                                                                       37      0      6      0 100.00%
src\bioetl\composition\runtime_builders\inputs_runtime_models.py                                                                                         7      0      0      0 100.00%
src\bioetl\composition\runtime_builders\ledger_collaborator.py                                                                                          62      0     18      0 100.00%
src\bioetl\composition\runtime_builders\observability_builder.py                                                                                        56      0     12      0 100.00%
src\bioetl\composition\runtime_builders\registry_manifest.py                                                                                            10      0      0      0 100.00%
src\bioetl\composition\runtime_builders\run_manifest_builder.py                                                                                         40      0      8      1  97.92%   109->111
src\bioetl\composition\runtime_builders\run_manifest_contract_identity.py                                                                                4      0      0      0 100.00%
src\bioetl\composition\runtime_builders\run_manifest_data_roots.py                                                                                      83      0     18      2  98.02%   143->exit, 148->exit
src\bioetl\composition\runtime_builders\run_manifest_support.py                                                                                         41      0      4      1  97.78%   179->181
src\bioetl\composition\runtime_builders\runner_builder.py                                                                                               24      0      0      0 100.00%
src\bioetl\composition\runtime_builders\runner_builder_wiring.py                                                                                        64      0      6      0 100.00%
src\bioetl\composition\runtime_builders\runner_control_plane_assembly.py                                                                                41      0      6      1  97.87%   126->153
src\bioetl\composition\runtime_builders\runner_input_assembly.py                                                                                        31      0      4      0 100.00%
src\bioetl\composition\runtime_builders\runner_inputs.py                                                                                                12      0      0      0 100.00%
src\bioetl\composition\services\__init__.py                                                                                                              3      0      0      0 100.00%
src\bioetl\composition\services\effective_config_serializer.py                                                                                           3      0      0      0 100.00%
src\bioetl\composition\services\versioning.py                                                                                                            3      0      0      0 100.00%
src\bioetl\composition\snapshot_serialization.py                                                                                                         3      0      0      0 100.00%
src\bioetl\composition\types.py                                                                                                                          6      0      0      0 100.00%
src\bioetl\domain\__init__.py                                                                                                                           10      0      0      0 100.00%
src\bioetl\domain\_observability_contract_core.py                                                                                                       90      0      8      0 100.00%
src\bioetl\domain\_observability_contract_primitives.py                                                                                                 69      0     30      0 100.00%
src\bioetl\domain\adapter_config.py                                                                                                                     88      0     22      0 100.00%
src\bioetl\domain\aggregates\__init__.py                                                                                                                 6      0      0      0 100.00%
src\bioetl\domain\aggregates\_batch_aggregate.py                                                                                                        70      0     14      0 100.00%
src\bioetl\domain\aggregates\_quarantine_value_objects.py                                                                                              140      0     18      0 100.00%
src\bioetl\domain\aggregates\batch.py                                                                                                                  132      0     14      0 100.00%
src\bioetl\domain\aggregates\events.py                                                                                                                  92      0      4      0 100.00%
src\bioetl\domain\aggregates\pipeline_run.py                                                                                                           112      0     14      0 100.00%
src\bioetl\domain\aggregates\pipeline_run_stage_result.py                                                                                              127      0     40      0 100.00%
src\bioetl\domain\aggregates\quarantine_entry.py                                                                                                        36      0      0      0 100.00%
src\bioetl\domain\behavior\__init__.py                                                                                                                   8      0      0      0 100.00%
src\bioetl\domain\behavior\_author_helpers.py                                                                                                          129      0     54      0 100.00%
src\bioetl\domain\behavior\_dq_condition_matchers.py                                                                                                    15      0      2      0 100.00%
src\bioetl\domain\behavior\_dq_rule_evaluators.py                                                                                                      100      0     26      0 100.00%
src\bioetl\domain\behavior\_dq_rule_evaluators_cross.py                                                                                                 42      0     10      0 100.00%
src\bioetl\domain\behavior\_dq_rule_evaluators_vocab.py                                                                                                103      0     44      0 100.00%
src\bioetl\domain\behavior\_dq_serializer_html\__init__.py                                                                                              36      0      0      0 100.00%
src\bioetl\domain\behavior\_dq_serializer_html\_renderers.py                                                                                            76      0     24      0 100.00%
src\bioetl\domain\behavior\_dq_serializer_html\_styles.py                                                                                                2      0      0      0 100.00%
src\bioetl\domain\behavior\_dq_serializer_yaml.py                                                                                                       20      0     10      0 100.00%
src\bioetl\domain\behavior\_dq_value_coercion.py                                                                                                        44      0     14      0 100.00%
src\bioetl\domain\behavior\_preflight_governance_helpers.py                                                                                             35      0     10      0 100.00%
src\bioetl\domain\behavior\_preflight_governance_types.py                                                                                               26      0      2      0 100.00%
src\bioetl\domain\behavior\_staged_enforcement_diagnostics.py                                                                                           24      0      4      0 100.00%
src\bioetl\domain\behavior\activity_aggregator\__init__.py                                                                                               4      0      0      0 100.00%
src\bioetl\domain\behavior\activity_aggregator\_aggregator.py                                                                                           55      0     16      0 100.00%
src\bioetl\domain\behavior\activity_aggregator\_aggregator_extensions.py                                                                                35      0     10      0 100.00%
src\bioetl\domain\behavior\activity_aggregator\_methods.py                                                                                              31      0     10      0 100.00%
src\bioetl\domain\behavior\aggregation_validation_helpers.py                                                                                            48      0     20      0 100.00%
src\bioetl\domain\behavior\aggregation_validator.py                                                                                                     84      0     12      0 100.00%
src\bioetl\domain\behavior\author_normalization_service.py                                                                                              59      0     20      0 100.00%
src\bioetl\domain\behavior\chemical_standardization.py                                                                                                  99      0     36      0 100.00%
src\bioetl\domain\behavior\composite_metadata_cv.py                                                                                                     88      0     20      0 100.00%
src\bioetl\domain\behavior\composite_metadata_helpers.py                                                                                               101      0     36      2  98.54%   99->101, 144->149
src\bioetl\domain\behavior\composite_validation_config.py                                                                                               11      0      0      0 100.00%
src\bioetl\domain\behavior\composite_validation_helpers.py                                                                                             118      0     54      0 100.00%
src\bioetl\domain\behavior\composite_validation_layer.py                                                                                                93      0     16      0 100.00%
src\bioetl\domain\behavior\composite_validation_shapes.py                                                                                               27      0     10      0 100.00%
src\bioetl\domain\behavior\cross_validation_coverage.py                                                                                                 29      0     10      0 100.00%
src\bioetl\domain\behavior\cross_validation_helpers.py                                                                                                  67      0     28      0 100.00%
src\bioetl\domain\behavior\cross_validation_source_helpers.py                                                                                           37      0     16      0 100.00%
src\bioetl\domain\behavior\cross_validation_validator.py                                                                                                56      0     12      0 100.00%
src\bioetl\domain\behavior\data_normalization_config.py                                                                                                 19      0      4      0 100.00%
src\bioetl\domain\behavior\data_normalization_service.py                                                                                                42      0      0      0 100.00%
src\bioetl\domain\behavior\dataset_content_identity.py                                                                                                  13      0      2      0 100.00%
src\bioetl\domain\behavior\dq_metrics_calculator.py                                                                                                     51      0     14      0 100.00%
src\bioetl\domain\behavior\dq_policy_resolver.py                                                                                                        76      0     30      0 100.00%
src\bioetl\domain\behavior\dq_rule_evaluator.py                                                                                                         67      0     26      0 100.00%
src\bioetl\domain\behavior\dq_serializer.py                                                                                                            110      0     46      0 100.00%
src\bioetl\domain\behavior\identity_service.py                                                                                                          26      0      2      0 100.00%
src\bioetl\domain\behavior\merged_metadata_explainability.py                                                                                            67      0     10      0 100.00%
src\bioetl\domain\behavior\merged_metadata_helpers.py                                                                                                   76      0     38      2  98.25%   40->43, 41->40
src\bioetl\domain\behavior\normalization_config.py                                                                                                      75      0     28      0 100.00%
src\bioetl\domain\behavior\normalization_service.py                                                                                                    104      0     20      1  99.19%   118->122
src\bioetl\domain\behavior\organism_classification_service.py                                                                                           48      0      8      0 100.00%
src\bioetl\domain\behavior\organism_classification_service_filtering.py                                                                                 28      0     10      0 100.00%
src\bioetl\domain\behavior\organism_classification_service_models.py                                                                                    38      0     10      0 100.00%
src\bioetl\domain\behavior\preflight_governance.py                                                                                                      57      0     12      0 100.00%
src\bioetl\domain\behavior\preflight_governance_reporting.py                                                                                             7      0      0      0 100.00%
src\bioetl\domain\behavior\schema_classifier.py                                                                                                         56      0     16      0 100.00%
src\bioetl\domain\behavior\schema_classifier_helpers.py                                                                                                 57      0     12      0 100.00%
src\bioetl\domain\behavior\schema_metadata_extractor.py                                                                                                 12      0      4      0 100.00%
src\bioetl\domain\behavior\staged_enforcement.py                                                                                                        96      0     28      0 100.00%
src\bioetl\domain\behavior\text_similarity.py                                                                                                           22      0      6      0 100.00%
src\bioetl\domain\behavior\unit_converter.py                                                                                                            28      0      2      1  96.67%   151->153
src\bioetl\domain\behavior\validation_helpers.py                                                                                                        45      0     18      0 100.00%
src\bioetl\domain\behavior\validation_result_envelopes.py                                                                                               10      0      2      0 100.00%
src\bioetl\domain\behavior\value_validator.py                                                                                                          114      0     54      1  99.40%   69->71
src\bioetl\domain\behavior\value_validator_rules.py                                                                                                     39      0     16      0 100.00%
src\bioetl\domain\chembl\__init__.py                                                                                                                     1      0      0      0 100.00%
src\bioetl\domain\chembl\target_protein_classification.py                                                                                              147      0     60      0 100.00%
src\bioetl\domain\composite\__init__.py                                                                                                                 11      0      0      0 100.00%
src\bioetl\domain\composite\aggregation.py                                                                                                              98      0     28      1  99.21%   146->152
src\bioetl\domain\composite\aggregation_filters.py                                                                                                      56      0     26      0 100.00%
src\bioetl\domain\composite\config.py                                                                                                                    6      0      0      0 100.00%
src\bioetl\domain\composite\config_composite_decoder.py                                                                                                 50      0     10      0 100.00%
src\bioetl\domain\composite\config_composite_encoder.py                                                                                                 41      0      4      0 100.00%
src\bioetl\domain\composite\config_composite_protocols.py                                                                                              188      0    144     72  78.31%   24->exit, 26->exit, 28->exit, 30->exit, 35->exit, 37->exit, 39->exit, 41->exit, 43->exit, 45->exit, 47->exit, 49->exit, 51->exit, 56->exit, 58->exit, 60->exit, 62->exit, 67->exit, 69->exit, 71->exit, 76->exit, 78->exit, 80->exit, 82->exit, 84->exit, 86->exit, 88->exit, 90->exit, 92->exit, 94->exit, 104->exit, 106->exit, 108->exit, 113->exit, 115->exit, 117->exit, 119->exit, 121->exit, 123->exit, 125->exit, 127->exit, 129->exit, 131->exit, 133->exit, 135->exit, 140->exit, 142->exit, 147->exit, 149->exit, 151->exit, 153->exit, 158->exit, 160->exit, 162->exit, 164->exit, 169->exit, 171->exit, 173->exit, 175->exit, 177->exit, 182->exit, 184->exit, 186->exit, 191->exit, 193->exit, 198->exit, 200->exit, 202->exit, 204->exit, 206->exit, 208->exit, 210->exit
src\bioetl\domain\composite\config_composite_section_decoders.py                                                                                        59      0     20      0 100.00%
src\bioetl\domain\composite\config_composite_serialization.py                                                                                            4      0      0      0 100.00%
src\bioetl\domain\composite\config_composite_validation.py                                                                                              76      0     56     11  91.67%   16->exit, 21->exit, 24->exit, 27->exit, 32->exit, 35->exit, 40->exit, 43->exit, 46->exit, 49->exit, 52->exit
src\bioetl\domain\composite\config_cross_validation.py                                                                                                  50      0     20      0 100.00%
src\bioetl\domain\composite\config_dq.py                                                                                                                73      0     24      0 100.00%
src\bioetl\domain\composite\config_merge.py                                                                                                            104      0     34      6  95.65%   142->exit, 149->exit, 187->193, 193->exit, 202->exit, 213->exit
src\bioetl\domain\composite\config_models.py                                                                                                           156      0     22      2  98.88%   150->156, 156->162
src\bioetl\domain\composite\config_parsing.py                                                                                                          109      0     62      0 100.00%
src\bioetl\domain\composite\config_runtime.py                                                                                                           29      0      8      0 100.00%
src\bioetl\domain\composite\config_schema.py                                                                                                            58      0     14      0 100.00%
src\bioetl\domain\composite\config_validators.py                                                                                                        35      0     14      0 100.00%
src\bioetl\domain\composite\cross_validation.py                                                                                                         92      0     24      1  99.14%   64->exit
src\bioetl\domain\composite\field_groups.py                                                                                                              4      0      0      0 100.00%
src\bioetl\domain\composite\field_groups_models.py                                                                                                      67      0     20      0 100.00%
src\bioetl\domain\composite\field_groups_registry.py                                                                                                   112      0     26      0 100.00%
src\bioetl\domain\composite\lineage.py                                                                                                                 118      0     38      0 100.00%
src\bioetl\domain\composite\result.py                                                                                                                    6      0      0      0 100.00%
src\bioetl\domain\composite\result_composite.py                                                                                                         84      0     18      0 100.00%
src\bioetl\domain\composite\result_enrichment.py                                                                                                        85      0     16      0 100.00%
src\bioetl\domain\composite\result_merge.py                                                                                                             51      0     14      0 100.00%
src\bioetl\domain\composite\result_seed_dependency.py                                                                                                   70      0      6      0 100.00%
src\bioetl\domain\composite\state.py                                                                                                                    57      0      2      0 100.00%
src\bioetl\domain\composite\strategy.py                                                                                                                 38      0      0      0 100.00%
src\bioetl\domain\config\__init__.py                                                                                                                    15      0      0      0 100.00%
src\bioetl\domain\config\_converters.py                                                                                                                 23      0     12      0 100.00%
src\bioetl\domain\config\base_provider.py                                                                                                               34      0      8      0 100.00%
src\bioetl\domain\config\dq.py                                                                                                                          65      0     12      0 100.00%
src\bioetl\domain\config\effective_config_payloads.py                                                                                                   25      0      6      0 100.00%
src\bioetl\domain\config\effective_config_serializer.py                                                                                                125      1     44      2  98.22%   96, 228->230
src\bioetl\domain\config\enum_loader.py                                                                                                                 46      0      6      0 100.00%
src\bioetl\domain\config\memory.py                                                                                                                      10      0      0      0 100.00%
src\bioetl\domain\config\pipeline.py                                                                                                                    71      0      6      0 100.00%
src\bioetl\domain\config\runtime.py                                                                                                                     81      0     16      0 100.00%
src\bioetl\domain\config\table.py                                                                                                                       48      0      8      0 100.00%
src\bioetl\domain\config\validation.py                                                                                                                   5      0      0      0 100.00%
src\bioetl\domain\config\validation_config.py                                                                                                           34      0     14      0 100.00%
src\bioetl\domain\config\validation_rules.py                                                                                                            79      0     20      0 100.00%
src\bioetl\domain\constants.py                                                                                                                          12      0      0      0 100.00%
src\bioetl\domain\context.py                                                                                                                            31      0      0      0 100.00%
src\bioetl\domain\context_cached_bronze.py                                                                                                              27      0      6      0 100.00%
src\bioetl\domain\context_correlation.py                                                                                                                 6      0      2      0 100.00%
src\bioetl\domain\context_filtering.py                                                                                                                  57      0     18      0 100.00%
src\bioetl\domain\context_run.py                                                                                                                       104      0      4      0 100.00%
src\bioetl\domain\context_time.py                                                                                                                       20      0      8      0 100.00%
src\bioetl\domain\context_validation.py                                                                                                                 19      0      8      0 100.00%
src\bioetl\domain\contracts\__init__.py                                                                                                                  3      0      0      0 100.00%
src\bioetl\domain\contracts\gold\__init__.py                                                                                                             8      0      0      0 100.00%
src\bioetl\domain\contracts\gold\_base.py                                                                                                                3      0      0      0 100.00%
src\bioetl\domain\contracts\gold\_chembl_activity_assay_schemas.py                                                                                     139      0      0      0 100.00%
src\bioetl\domain\contracts\gold\_chembl_molecule_protein_schemas.py                                                                                    73      0      0      0 100.00%
src\bioetl\domain\contracts\gold\_chembl_molecule_target_schemas.py                                                                                      4      0      0      0 100.00%
src\bioetl\domain\contracts\gold\_chembl_reference_publication_schemas.py                                                                               86      1      0      0  98.84%   147
src\bioetl\domain\contracts\gold\_chembl_target_lookup_schemas.py                                                                                      108      0      0      0 100.00%
src\bioetl\domain\contracts\gold\_composite_gold_common_schema.py                                                                                       16      0      0      0 100.00%
src\bioetl\domain\contracts\gold\_publication_common_schema.py                                                                                          50      0      2      0 100.00%
src\bioetl\domain\contracts\gold\_strict_gold_contract_schema.py                                                                                        11      0      0      0 100.00%
src\bioetl\domain\contracts\gold\chembl.py                                                                                                               5      0      0      0 100.00%
src\bioetl\domain\contracts\gold\composite.py                                                                                                            5      0      0      0 100.00%
src\bioetl\domain\contracts\gold\composite_bioassay.py                                                                                                  63      0      0      0 100.00%
src\bioetl\domain\contracts\gold\composite_molecule.py                                                                                                  11      0      0      0 100.00%
src\bioetl\domain\contracts\gold\composite_publication.py                                                                                               12      0      0      0 100.00%
src\bioetl\domain\contracts\gold\pubchem.py                                                                                                             42      0      0      0 100.00%
src\bioetl\domain\contracts\gold\publications.py                                                                                                         6      0      0      0 100.00%
src\bioetl\domain\contracts\gold\publications_crossref.py                                                                                               33      0      0      0 100.00%
src\bioetl\domain\contracts\gold\publications_openalex.py                                                                                               33      0      0      0 100.00%
src\bioetl\domain\contracts\gold\publications_pubmed.py                                                                                                 53      0      0      0 100.00%
src\bioetl\domain\contracts\gold\publications_semanticscholar.py                                                                                        33      0      0      0 100.00%
src\bioetl\domain\contracts\gold\uniprot.py                                                                                                            118      0      0      0 100.00%
src\bioetl\domain\control_plane\__init__.py                                                                                                             11      0      0      0 100.00%
src\bioetl\domain\control_plane\_reproducibility_policy_persistence.py                                                                                  68      4     30      2  91.84%   101-104, 133
src\bioetl\domain\control_plane\_reproducibility_policy_profiles.py                                                                                     31      0      8      0 100.00%
src\bioetl\domain\control_plane\_reproducibility_policy_support.py                                                                                      38      0     12      0 100.00%
src\bioetl\domain\control_plane\_reproducibility_policy_verdicts.py                                                                                     39      0     16      0 100.00%
src\bioetl\domain\control_plane\_reproducibility_profile_builders.py                                                                                    69      0     22      0 100.00%
src\bioetl\domain\control_plane\_reproducibility_profile_types.py                                                                                       30      0      0      0 100.00%
src\bioetl\domain\control_plane\_run_ledger_event_family.py                                                                                             34      0     14      0 100.00%
src\bioetl\domain\control_plane\_run_ledger_replay_policy.py                                                                                            12      0      0      0 100.00%
src\bioetl\domain\control_plane\_run_ledger_runtime.py                                                                                                  80      0     18      0 100.00%
src\bioetl\domain\control_plane\_run_ledger_serialization.py                                                                                            37      0     16      0 100.00%
src\bioetl\domain\control_plane\_run_manifest_deserialization.py                                                                                        63      0     26      0 100.00%
src\bioetl\domain\control_plane\_run_manifest_serialization.py                                                                                         101      0     32      0 100.00%
src\bioetl\domain\control_plane\artifact_lifecycle.py                                                                                                   75      0      2      0 100.00%
src\bioetl\domain\control_plane\artifact_lineage_layers.py                                                                                              39      0     18      0 100.00%
src\bioetl\domain\control_plane\artifact_publication_policy.py                                                                                          16      0      6      0 100.00%
src\bioetl\domain\control_plane\config_source_hashing.py                                                                                                73      0     20      0 100.00%
src\bioetl\domain\control_plane\contract_registry.py                                                                                                     4      0      0      0 100.00%
src\bioetl\domain\control_plane\contract_registry_helpers.py                                                                                            72      0     30      0 100.00%
src\bioetl\domain\control_plane\contract_registry_service.py                                                                                            88      0     24      1  99.11%   111->exit
src\bioetl\domain\control_plane\contract_registry_types.py                                                                                              74      0     12      0 100.00%
src\bioetl\domain\control_plane\effective_config_artifact.py                                                                                           130      0      8      0 100.00%
src\bioetl\domain\control_plane\effective_config_environment.py                                                                                          6      0      0      0 100.00%
src\bioetl\domain\control_plane\effective_config_runtime_identity.py                                                                                    61      0     28      2  97.75%   99->94, 101->103
src\bioetl\domain\control_plane\execution_context.py                                                                                                     5      0      0      0 100.00%
src\bioetl\domain\control_plane\execution_identity.py                                                                                                   47      0     12      1  98.31%   97->100
src\bioetl\domain\control_plane\gold_contract.py                                                                                                        86      0     24      1  99.09%   168->175
src\bioetl\domain\control_plane\ledger\__init__.py                                                                                                       3      0      0      0 100.00%
src\bioetl\domain\control_plane\ledger\core_events.py                                                                                                   17      0      2      0 100.00%
src\bioetl\domain\control_plane\reproducibility_policy.py                                                                                               55      0      4      0 100.00%
src\bioetl\domain\control_plane\reproducibility_profiles.py                                                                                             39      0      8      0 100.00%
src\bioetl\domain\control_plane\run_ledger.py                                                                                                            4      0      0      0 100.00%
src\bioetl\domain\control_plane\run_ledger_replay.py                                                                                                   133      0     34      0 100.00%
src\bioetl\domain\control_plane\run_manifest.py                                                                                                        114      0     14      0 100.00%
src\bioetl\domain\control_plane\run_manifest_sink_policy.py                                                                                             87      1     38      1  98.40%   229
src\bioetl\domain\control_plane\snapshot_field_resolution.py                                                                                            30      0     16      0 100.00%
src\bioetl\domain\control_plane\snapshot_materialization.py                                                                                             27      1     10      1  94.59%   38
src\bioetl\domain\control_plane\snapshot_payloads.py                                                                                                    36      0      6      0 100.00%
src\bioetl\domain\control_plane\workflow_execution_state.py                                                                                             89      0     10      0 100.00%
src\bioetl\domain\control_plane\workflow_ledger.py                                                                                                      55      0      6      0 100.00%
src\bioetl\domain\control_plane\workflow_manifest.py                                                                                                    57      0      4      0 100.00%
src\bioetl\domain\deterministic_identity.py                                                                                                             38      0      8      0 100.00%
src\bioetl\domain\entities\__init__.py                                                                                                                  17      0      2      1  94.74%   282->284
src\bioetl\domain\entities\_chembl_activity_assay_models.py                                                                                             95      0      0      0 100.00%
src\bioetl\domain\entities\_chembl_activity_target_models.py                                                                                             4      0      0      0 100.00%
src\bioetl\domain\entities\_chembl_additional_models.py                                                                                                 31      0      0      0 100.00%
src\bioetl\domain\entities\_chembl_molecule_target_models.py                                                                                            79      0      0      0 100.00%
src\bioetl\domain\entities\_chembl_reference_models.py                                                                                                  67      0      0      0 100.00%
src\bioetl\domain\entities\_validators.py                                                                                                                8      0      4      0 100.00%
src\bioetl\domain\entities\base.py                                                                                                                      33      0      6      0 100.00%
src\bioetl\domain\entities\bioactivity\__init__.py                                                                                                       2      0      0      0 100.00%
src\bioetl\domain\entities\bioactivity\_converters.py                                                                                                   81      0     40      0 100.00%
src\bioetl\domain\entities\bioactivity\_entity.py                                                                                                      118      0      8      0 100.00%
src\bioetl\domain\entities\bioactivity\_extractors.py                                                                                                   38      0      4      0 100.00%
src\bioetl\domain\entities\chembl.py                                                                                                                     5      0      0      0 100.00%
src\bioetl\domain\entities\chembl_activity.py                                                                                                           53      0      4      0 100.00%
src\bioetl\domain\entities\chembl_assay_parameters.py                                                                                                   41      0      6      0 100.00%
src\bioetl\domain\entities\chembl_compound_record.py                                                                                                    19      0      0      0 100.00%
src\bioetl\domain\entities\chembl_structures.py                                                                                                          4      0      0      0 100.00%
src\bioetl\domain\entities\chembl_structures_foundation.py                                                                                             176      0     26      0 100.00%
src\bioetl\domain\entities\chembl_structures_molecules.py                                                                                              123      0     16      0 100.00%
src\bioetl\domain\entities\chembl_subcellular_fraction.py                                                                                               21      0      6      0 100.00%
src\bioetl\domain\entities\chembl_tissue.py                                                                                                             31      0      6      0 100.00%
src\bioetl\domain\entities\crossref.py                                                                                                                  63      0      2      0 100.00%
src\bioetl\domain\entities\openalex.py                                                                                                                  37      0      2      0 100.00%
src\bioetl\domain\entities\pubchem.py                                                                                                                  111      0      4      0 100.00%
src\bioetl\domain\entities\publication_base.py                                                                                                          56      0      0      0 100.00%
src\bioetl\domain\entities\pubmed.py                                                                                                                    85      0      2      0 100.00%
src\bioetl\domain\entities\semanticscholar.py                                                                                                           49      0      8      0 100.00%
src\bioetl\domain\entities\uniprot.py                                                                                                                  145      0     20      0 100.00%
src\bioetl\domain\error_classifier.py                                                                                                                   38      0     12      0 100.00%
src\bioetl\domain\error_types.py                                                                                                                        11      0      0      0 100.00%
src\bioetl\domain\events.py                                                                                                                             33      0      0      0 100.00%
src\bioetl\domain\exceptions\__init__.py                                                                                                                16      0      0      0 100.00%
src\bioetl\domain\exceptions\_redaction.py                                                                                                             122      0     38      0 100.00%
src\bioetl\domain\exceptions\base.py                                                                                                                    68      0     18      0 100.00%
src\bioetl\domain\exceptions\base_exceptions.py                                                                                                        120      0     38      8  94.94%   150->152, 172->174, 195->197, 217->219, 219->221, 240->242, 242->244, 261->263
src\bioetl\domain\exceptions\bounded_context.py                                                                                                         25      0      6      0 100.00%
src\bioetl\domain\exceptions\data_quality.py                                                                                                            10      0      0      0 100.00%
src\bioetl\domain\exceptions\infrastructure\__init__.py                                                                                                  3      3      0      0   0.00%   10-32
src\bioetl\domain\exceptions\internal.py                                                                                                                 7      0      0      0 100.00%
src\bioetl\domain\exceptions\internal_auth.py                                                                                                           13      0      2      0 100.00%
src\bioetl\domain\exceptions\internal_data.py                                                                                                           15      0      0      0 100.00%
src\bioetl\domain\exceptions\internal_lock.py                                                                                                           22      0      4      0 100.00%
src\bioetl\domain\exceptions\internal_state.py                                                                                                          14      0      0      0 100.00%
src\bioetl\domain\exceptions\internal_system.py                                                                                                         22      0      2      0 100.00%
src\bioetl\domain\exceptions\network\__init__.py                                                                                                         5      0      0      0 100.00%
src\bioetl\domain\exceptions\network\connection.py                                                                                                      36      0      4      0 100.00%
src\bioetl\domain\exceptions\network\service.py                                                                                                         49      0      6      0 100.00%
src\bioetl\domain\exceptions\network\timeout.py                                                                                                         18      0      2      0 100.00%
src\bioetl\domain\exceptions\network_rate_limit_helpers.py                                                                                              10      0      4      0 100.00%
src\bioetl\domain\exceptions\pipeline_shutdown.py                                                                                                       19      0      0      0 100.00%
src\bioetl\domain\exceptions\storage\__init__.py                                                                                                         5      0      0      0 100.00%
src\bioetl\domain\exceptions\storage\_base.py                                                                                                            8      0      0      0 100.00%
src\bioetl\domain\exceptions\storage\_delta.py                                                                                                          53      0     10      0 100.00%
src\bioetl\domain\exceptions\storage\_storage.py                                                                                                        94      0     20      0 100.00%
src\bioetl\domain\exceptions\validation.py                                                                                                              20      0      2      0 100.00%
src\bioetl\domain\filtering\__init__.py                                                                                                                  8      0      0      0 100.00%
src\bioetl\domain\filtering\_base_filter_config.py                                                                                                      54      0      4      0 100.00%
src\bioetl\domain\filtering\_filter_decision.py                                                                                                         31      0      6      0 100.00%
src\bioetl\domain\filtering\_filter_evaluator.py                                                                                                        51      0     24      0 100.00%
src\bioetl\domain\filtering\_filter_primitives.py                                                                                                      117      0     38      0 100.00%
src\bioetl\domain\filtering\column_filter.py                                                                                                            27      0      6      0 100.00%
src\bioetl\domain\filtering\gold_config.py                                                                                                               6      0      0      0 100.00%
src\bioetl\domain\filtering\input_config.py                                                                                                             70      0     28      0 100.00%
src\bioetl\domain\filtering\list_filters.py                                                                                                             35      0     12      0 100.00%
src\bioetl\domain\filtering\load_result.py                                                                                                              41      0     14      0 100.00%
src\bioetl\domain\filtering\range_filter.py                                                                                                             21      0      6      0 100.00%
src\bioetl\domain\filtering\silver_config.py                                                                                                            40      0      8      0 100.00%
src\bioetl\domain\filtering\silver_filter_identity.py                                                                                                   19      0      6      0 100.00%
src\bioetl\domain\immutability.py                                                                                                                      125      0     38      0 100.00%
src\bioetl\domain\lineage\__init__.py                                                                                                                    6      0      0      0 100.00%
src\bioetl\domain\lineage\_shared.py                                                                                                                   102      0     38      0 100.00%
src\bioetl\domain\lineage\graph.py                                                                                                                      56      0      4      0 100.00%
src\bioetl\domain\lineage\metadata_bundle.py                                                                                                            98      0     34      1  99.24%   74->exit
src\bioetl\domain\lineage\models.py                                                                                                                      4      0      0      0 100.00%
src\bioetl\domain\lineage\refs.py                                                                                                                       97      0      4      0 100.00%
src\bioetl\domain\locking.py                                                                                                                            47      0      2      0 100.00%
src\bioetl\domain\mapping\__init__.py                                                                                                                   11      0      0      0 100.00%
src\bioetl\domain\mapping\_publication_type_classification_support.py                                                                                   76      0     36      4  96.43%   15->exit, 18->exit, 21->exit, 24->exit
src\bioetl\domain\mapping\activity_fields.py                                                                                                             2      0      0      0 100.00%
src\bioetl\domain\mapping\classification_data.py                                                                                                         9      0      0      0 100.00%
src\bioetl\domain\mapping\molecule_fields.py                                                                                                             3      0      0      0 100.00%
src\bioetl\domain\mapping\organism_classification.py                                                                                                    63      0     22      0 100.00%
src\bioetl\domain\mapping\organism_classification_constants.py                                                                                          13      0      0      0 100.00%
src\bioetl\domain\mapping\organism_classification_taxonomy.py                                                                                           15      0      6      0 100.00%
src\bioetl\domain\mapping\protein_class_target_type.py                                                                                                 110      0     24      2  98.51%   103->exit, 106->exit
src\bioetl\domain\mapping\protein_class_target_type_helpers.py                                                                                          68      0     28      5  94.79%   50->exit, 53->exit, 60->exit, 63->exit, 76->exit
src\bioetl\domain\mapping\publication_controlled_vocabulary.py                                                                                          17      0      2      0 100.00%
src\bioetl\domain\mapping\publication_fields.py                                                                                                         32      0      6      0 100.00%
src\bioetl\domain\mapping\publication_type_classification.py                                                                                            59      0     10      0 100.00%
src\bioetl\domain\mapping\publication_type_mapping.py                                                                                                   25      0      8      0 100.00%
src\bioetl\domain\mapping\pubmed_publication.py                                                                                                          8      0      0      0 100.00%
src\bioetl\domain\medallion.py                                                                                                                          80      0      4      0 100.00%
src\bioetl\domain\mixin_host.py                                                                                                                          5      0      0      0 100.00%
src\bioetl\domain\models\__init__.py                                                                                                                     5      0      0      0 100.00%
src\bioetl\domain\models\_metadata_bronze.py                                                                                                            76      0      0      0 100.00%
src\bioetl\domain\models\_metadata_common.py                                                                                                            97      0      4      0 100.00%
src\bioetl\domain\models\_metadata_gold.py                                                                                                              68      0      0      0 100.00%
src\bioetl\domain\models\_metadata_silver.py                                                                                                            64      0      0      0 100.00%
src\bioetl\domain\models\filter.py                                                                                                                      35      0      0      0 100.00%
src\bioetl\domain\models\metadata.py                                                                                                                     6      0      0      0 100.00%
src\bioetl\domain\normalization\__init__.py                                                                                                             12      0      0      0 100.00%
src\bioetl\domain\normalization\_chembl_organisms.py                                                                                                    37      0     14      0 100.00%
src\bioetl\domain\normalization\_chembl_units.py                                                                                                        42      0     14      1  98.21%   71->76
src\bioetl\domain\normalization\_control_plane_identity.py                                                                                             107      0     40      0 100.00%
src\bioetl\domain\normalization\_control_plane_payloads.py                                                                                              95      0     34      3  97.67%   49->51, 51->55, 164->170
src\bioetl\domain\normalization\_control_plane_primitives.py                                                                                            89      0     42      0 100.00%
src\bioetl\domain\normalization\_hash_identity_scalars.py                                                                                               35      0      6      0 100.00%
src\bioetl\domain\normalization\_publication_structured_field_policy_specs.py                                                                           10      0      0      0 100.00%
src\bioetl\domain\normalization\_reference_id_json_normalizers.py                                                                                       25      0      8      1  96.97%   48->50
src\bioetl\domain\normalization\_reference_id_ncbi_taxonomy.py                                                                                          33      0     12      0 100.00%
src\bioetl\domain\normalization\_reference_id_normalizers.py                                                                                            90      0      8      0 100.00%
src\bioetl\domain\normalization\_reference_id_openalex.py                                                                                               16      0      2      0 100.00%
src\bioetl\domain\normalization\_reference_id_registry.py                                                                                               14      0      0      0 100.00%
src\bioetl\domain\normalization\_reference_id_support.py                                                                                                99      0     24      1  99.19%   145->147
src\bioetl\domain\normalization\authors.py                                                                                                              44      0     12      0 100.00%
src\bioetl\domain\normalization\chembl.py                                                                                                              107      0     24      0 100.00%
src\bioetl\domain\normalization\chemical_standardization_contract.py                                                                                     7      0      0      0 100.00%
src\bioetl\domain\normalization\control_plane.py                                                                                                         5      0      0      0 100.00%
src\bioetl\domain\normalization\dates.py                                                                                                                89      0     32      0 100.00%
src\bioetl\domain\normalization\fingerprints.py                                                                                                         40      0     10      0 100.00%
src\bioetl\domain\normalization\hash_identity.py                                                                                                        69      0     22      0 100.00%
src\bioetl\domain\normalization\identifiers.py                                                                                                         143      0     82      0 100.00%
src\bioetl\domain\normalization\join_keys.py                                                                                                            67      0     18      0 100.00%
src\bioetl\domain\normalization\json.py                                                                                                                153      0     46      0 100.00%
src\bioetl\domain\normalization\open_access.py                                                                                                          10      0      2      0 100.00%
src\bioetl\domain\normalization\pages.py                                                                                                                49      0     12      0 100.00%
src\bioetl\domain\normalization\profiles\__init__.py                                                                                                     8      0      0      0 100.00%
src\bioetl\domain\normalization\profiles\_chembl_activity_fields.py                                                                                     16      0      0      0 100.00%
src\bioetl\domain\normalization\profiles\_chembl_bao_label_normalizers.py                                                                               10      0      2      0 100.00%
src\bioetl\domain\normalization\profiles\_chembl_policy_family_mapping.py                                                                                9      0      0      0 100.00%
src\bioetl\domain\normalization\profiles\_chembl_policy_registry_defaults.py                                                                             5      0      0      0 100.00%
src\bioetl\domain\normalization\profiles\_chembl_policy_registry_reference_identifier_rows.py                                                            3      0      0      0 100.00%
src\bioetl\domain\normalization\profiles\_chembl_profile_helpers.py                                                                                     38      0      0      0 100.00%
src\bioetl\domain\normalization\profiles\_chembl_reference_identifier_rules.py                                                                          17      0      4      0 100.00%
src\bioetl\domain\normalization\profiles\_chembl_vocab.py                                                                                               10      0      0      0 100.00%
src\bioetl\domain\normalization\profiles\_normalization_helpers.py                                                                                      59      0     18      0 100.00%
src\bioetl\domain\normalization\profiles\_profile_activity_ontology_normalizers.py                                                                      61      0     14      0 100.00%
src\bioetl\domain\normalization\profiles\_profile_governed_value_normalizers.py                                                                         51      0     20      0 100.00%
src\bioetl\domain\normalization\profiles\_profile_numeric_normalizers.py                                                                                20      0      8      0 100.00%
src\bioetl\domain\normalization\profiles\_profile_ontology_companion_normalizers.py                                                                     46      0      8      0 100.00%
src\bioetl\domain\normalization\profiles\_profile_publication_normalizers.py                                                                            51      0     22      1  98.63%   52->54
src\bioetl\domain\normalization\profiles\_profile_reference_normalizers.py                                                                              86      0     10      0 100.00%
src\bioetl\domain\normalization\profiles\_profile_target_normalizers.py                                                                                 21      0      8      0 100.00%
src\bioetl\domain\normalization\profiles\_profile_textual_normalizers.py                                                                                91      0     30      0 100.00%
src\bioetl\domain\normalization\profiles\_profile_validation.py                                                                                         31      0     14      0 100.00%
src\bioetl\domain\normalization\profiles\_profile_value_normalizers.py                                                                                 106      0     40      0 100.00%
src\bioetl\domain\normalization\profiles\_publication_classification_rules.py                                                                           14      0      0      0 100.00%
src\bioetl\domain\normalization\profiles\_registry_declarations.py                                                                                      32      0      0      0 100.00%
src\bioetl\domain\normalization\profiles\_standard_profile_builder.py                                                                                   34      0      4      0 100.00%
src\bioetl\domain\normalization\profiles\_standard_profile_rule_components.py                                                                           78      0     24      0 100.00%
src\bioetl\domain\normalization\profiles\_standard_profile_rule_context.py                                                                              55      0     10      0 100.00%
src\bioetl\domain\normalization\profiles\_standard_profile_rule_families.py                                                                              9      0      0      0 100.00%
src\bioetl\domain\normalization\profiles\_standard_profile_spec.py                                                                                      84      0     10      0 100.00%
src\bioetl\domain\normalization\profiles\base.py                                                                                                        92      0     12      1  99.04%   201->203
src\bioetl\domain\normalization\profiles\chembl_activity.py                                                                                             35      0      0      0 100.00%
src\bioetl\domain\normalization\profiles\chembl_assay.py                                                                                                49      0      0      0 100.00%
src\bioetl\domain\normalization\profiles\chembl_assay_parameters.py                                                                                     28      0      0      0 100.00%
src\bioetl\domain\normalization\profiles\chembl_cell_line.py                                                                                            22      0      0      0 100.00%
src\bioetl\domain\normalization\profiles\chembl_compound_record.py                                                                                      13      0      0      0 100.00%
src\bioetl\domain\normalization\profiles\chembl_json_ordering_policy.py                                                                                 35      0      0      0 100.00%
src\bioetl\domain\normalization\profiles\chembl_molecule.py                                                                                             39      0      4      0 100.00%
src\bioetl\domain\normalization\profiles\chembl_policy_registry.py                                                                                      96      0     22      0 100.00%
src\bioetl\domain\normalization\profiles\chembl_policy_registry_data.py                                                                                 36      0      0      0 100.00%
src\bioetl\domain\normalization\profiles\chembl_protein_class.py                                                                                        11      0      0      0 100.00%
src\bioetl\domain\normalization\profiles\chembl_pseudo_nulls.py                                                                                          6      0      0      0 100.00%
src\bioetl\domain\normalization\profiles\chembl_publication.py                                                                                          31      0      0      0 100.00%
src\bioetl\domain\normalization\profiles\chembl_publication_similarity.py                                                                               11      0      0      0 100.00%
src\bioetl\domain\normalization\profiles\chembl_publication_term.py                                                                                     12      0      0      0 100.00%
src\bioetl\domain\normalization\profiles\chembl_subcellular_fraction.py                                                                                 18      0      0      0 100.00%
src\bioetl\domain\normalization\profiles\chembl_target.py                                                                                               25      0      0      0 100.00%
src\bioetl\domain\normalization\profiles\chembl_target_component.py                                                                                     19      0      0      0 100.00%
src\bioetl\domain\normalization\profiles\chembl_target_protein_classification.py                                                                        12      0      0      0 100.00%
src\bioetl\domain\normalization\profiles\chembl_tissue.py                                                                                               26      0      2      0 100.00%
src\bioetl\domain\normalization\profiles\crossref_publication.py                                                                                        24      0      0      0 100.00%
src\bioetl\domain\normalization\profiles\openalex_publication.py                                                                                        25      0      0      0 100.00%
src\bioetl\domain\normalization\profiles\profile_normalizers.py                                                                                         29      0      0      0 100.00%
src\bioetl\domain\normalization\profiles\pubchem_compound.py                                                                                            13      0      0      0 100.00%
src\bioetl\domain\normalization\profiles\pubmed_publication.py                                                                                          30      0      0      0 100.00%
src\bioetl\domain\normalization\profiles\registry.py                                                                                                    32      0      4      0 100.00%
src\bioetl\domain\normalization\profiles\semanticscholar_publication.py                                                                                 24      0      0      0 100.00%
src\bioetl\domain\normalization\profiles\uniprot_idmapping.py                                                                                           17      0      0      0 100.00%
src\bioetl\domain\normalization\profiles\uniprot_protein.py                                                                                             20      0      0      0 100.00%
src\bioetl\domain\normalization\publication_structured_fields.py                                                                                        33      0      4      0 100.00%
src\bioetl\domain\normalization\reference_ids.py                                                                                                        48      0     16      0 100.00%
src\bioetl\domain\normalization\rules.py                                                                                                                97      0     48      0 100.00%
src\bioetl\domain\normalization\structured_payload_policies.py                                                                                          41      0      0      0 100.00%
src\bioetl\domain\normalization\text.py                                                                                                                 51      0     14      0 100.00%
src\bioetl\domain\observability_contract.py                                                                                                              3      0      0      0 100.00%
src\bioetl\domain\observability_event_mapping.py                                                                                                        55      0      2      0 100.00%
src\bioetl\domain\observability_metric_names.py                                                                                                         13      0      4      0 100.00%
src\bioetl\domain\ports\__init__.py                                                                                                                      8      0      0      0 100.00%
src\bioetl\domain\ports\_facade_support.py                                                                                                              15      0      6      0 100.00%
src\bioetl\domain\ports\adr.py                                                                                                                          40      0      0      0 100.00%
src\bioetl\domain\ports\audit.py                                                                                                                        42      0      0      0 100.00%
src\bioetl\domain\ports\config\__init__.py                                                                                                               5      0      0      0 100.00%
src\bioetl\domain\ports\config\config_loader_port.py                                                                                                    13      0      0      0 100.00%
src\bioetl\domain\ports\config\config_port.py                                                                                                           45      0      0      0 100.00%
src\bioetl\domain\ports\config\publication_vocabulary_port.py                                                                                            7      0      0      0 100.00%
src\bioetl\domain\ports\control_plane\__init__.py                                                                                                       11      0      0      0 100.00%
src\bioetl\domain\ports\control_plane\artifact_byte_comparison.py                                                                                        7      0      0      0 100.00%
src\bioetl\domain\ports\control_plane\contract_evidence.py                                                                                               7      0      0      0 100.00%
src\bioetl\domain\ports\control_plane\effective_config_artifact.py                                                                                      10      0      0      0 100.00%
src\bioetl\domain\ports\control_plane\lineage.py                                                                                                        13      0      0      0 100.00%
src\bioetl\domain\ports\control_plane\run_ledger.py                                                                                                     11      0      0      0 100.00%
src\bioetl\domain\ports\control_plane\run_manifest.py                                                                                                   29      0      0      0 100.00%
src\bioetl\domain\ports\control_plane\workflow_execution_state.py                                                                                       11      0      0      0 100.00%
src\bioetl\domain\ports\control_plane\workflow_ledger.py                                                                                                10      0      0      0 100.00%
src\bioetl\domain\ports\control_plane\workflow_manifest.py                                                                                              11      0      0      0 100.00%
src\bioetl\domain\ports\data_normalization.py                                                                                                           23      0      0      0 100.00%
src\bioetl\domain\ports\data_source.py                                                                                                                  27      0      0      0 100.00%
src\bioetl\domain\ports\delta_reader.py                                                                                                                 10      0      0      0 100.00%
src\bioetl\domain\ports\entity_type.py                                                                                                                   5      0      0      0 100.00%
src\bioetl\domain\ports\export.py                                                                                                                       53      0      6      0 100.00%
src\bioetl\domain\ports\filtering.py                                                                                                                     9      0      0      0 100.00%
src\bioetl\domain\ports\health_check.py                                                                                                                 57      0      4      0 100.00%
src\bioetl\domain\ports\idmapping.py                                                                                                                    18      0      0      0 100.00%
src\bioetl\domain\ports\logger_port.py                                                                                                                   3      0      0      0 100.00%
src\bioetl\domain\ports\metadata\__init__.py                                                                                                             4      0      0      0 100.00%
src\bioetl\domain\ports\metadata\coordinator.py                                                                                                         84      0      2      0 100.00%
src\bioetl\domain\ports\metadata\writer.py                                                                                                              12      0      0      0 100.00%
src\bioetl\domain\ports\noop\__init__.py                                                                                                                 7      0      0      0 100.00%
src\bioetl\domain\ports\noop\_async_boundary.py                                                                                                          8      0      0      0 100.00%
src\bioetl\domain\ports\noop\_audit_pii.py                                                                                                              24      0      0      0 100.00%
src\bioetl\domain\ports\noop\_debug.py                                                                                                                  12      0      0      0 100.00%
src\bioetl\domain\ports\noop\_memory_metadata.py                                                                                                        46      0      0      0 100.00%
src\bioetl\domain\ports\noop\_metrics.py                                                                                                                23      0      2      0 100.00%
src\bioetl\domain\ports\noop\_tracing.py                                                                                                                33      0      0      0 100.00%
src\bioetl\domain\ports\observability\__init__.py                                                                                                        6      0      0      0 100.00%
src\bioetl\domain\ports\observability\dq_monitor.py                                                                                                     11      0      0      0 100.00%
src\bioetl\domain\ports\observability\logging.py                                                                                                        10      0      0      0 100.00%
src\bioetl\domain\ports\observability\metrics.py                                                                                                        54      0      6      0 100.00%
src\bioetl\domain\ports\observability\tracing.py                                                                                                        18      0     12      6  80.00%   13->exit, 15->exit, 22->exit, 24->exit, 28->exit, 35->exit
src\bioetl\domain\ports\pii.py                                                                                                                           8      0      0      0 100.00%
src\bioetl\domain\ports\pipeline_callbacks.py                                                                                                           12      0      0      0 100.00%
src\bioetl\domain\ports\protein_classification.py                                                                                                        7      0      0      0 100.00%
src\bioetl\domain\ports\publication_strategy.py                                                                                                         15      0      0      0 100.00%
src\bioetl\domain\ports\quality\__init__.py                                                                                                             10      0      0      0 100.00%
src\bioetl\domain\ports\quality\contract_policy.py                                                                                                      16      0      0      0 100.00%
src\bioetl\domain\ports\quality\dq_config.py                                                                                                            27      0      0      0 100.00%
src\bioetl\domain\ports\quality\dq_report.py                                                                                                            24      0      0      0 100.00%
src\bioetl\domain\ports\quality\error_classifier.py                                                                                                      7      0      0      0 100.00%
src\bioetl\domain\ports\quality\error_handler.py                                                                                                        11      0      0      0 100.00%
src\bioetl\domain\ports\quality\fallback_policy.py                                                                                                       9      0      0      0 100.00%
src\bioetl\domain\ports\quality\quarantine.py                                                                                                           31      0      0      0 100.00%
src\bioetl\domain\ports\quality\silver_dq_request.py                                                                                                    83      0     28      1  99.10%   60->exit
src\bioetl\domain\ports\quality\validation.py                                                                                                           10      0      0      0 100.00%
src\bioetl\domain\ports\resilience.py                                                                                                                   19      0      0      0 100.00%
src\bioetl\domain\ports\runtime\__init__.py                                                                                                             12      0      0      0 100.00%
src\bioetl\domain\ports\runtime\batch_id.py                                                                                                              7      0      0      0 100.00%
src\bioetl\domain\ports\runtime\checkpoint.py                                                                                                           13      0      0      0 100.00%
src\bioetl\domain\ports\runtime\clock.py                                                                                                                 7      0      0      0 100.00%
src\bioetl\domain\ports\runtime\composite_checkpoint.py                                                                                                  9      0      0      0 100.00%
src\bioetl\domain\ports\runtime\locking.py                                                                                                              13      0      0      0 100.00%
src\bioetl\domain\ports\runtime\memory.py                                                                                                               39      0      0      0 100.00%
src\bioetl\domain\ports\runtime\pipeline_debug.py                                                                                                       40      0      0      0 100.00%
src\bioetl\domain\ports\runtime\registry_port.py                                                                                                         9      0      0      0 100.00%
src\bioetl\domain\ports\runtime\runner.py                                                                                                               93      0     10      0 100.00%
src\bioetl\domain\ports\runtime\shutdown.py                                                                                                              8      0      0      0 100.00%
src\bioetl\domain\ports\serialization.py                                                                                                                 9      0      0      0 100.00%
src\bioetl\domain\ports\source_config.py                                                                                                                 8      0      0      0 100.00%
src\bioetl\domain\ports\stage_accounting.py                                                                                                             14      0      0      0 100.00%
src\bioetl\domain\ports\storage\__init__.py                                                                                                              9      0      0      0 100.00%
src\bioetl\domain\ports\storage\bronze_port.py                                                                                                          11      0      0      0 100.00%
src\bioetl\domain\ports\storage\gold_port.py                                                                                                             9      0      0      0 100.00%
src\bioetl\domain\ports\storage\lifecycle_port.py                                                                                                        8      0      0      0 100.00%
src\bioetl\domain\ports\storage\merged_port.py                                                                                                           9      0      0      0 100.00%
src\bioetl\domain\ports\storage\run_report_store.py                                                                                                     15      0      0      0 100.00%
src\bioetl\domain\ports\storage\silver_port.py                                                                                                          69      0     16      0 100.00%
src\bioetl\domain\ports\storage_maintenance.py                                                                                                          16      0      0      0 100.00%
src\bioetl\domain\ports\workflow_foreign_key_reconciliation.py                                                                                           8      0      0      0 100.00%
src\bioetl\domain\ports\workflow_row_reconciliation.py                                                                                                 110      0     18      0 100.00%
src\bioetl\domain\pubchem_standardization_catalog.py                                                                                                     9      0      0      0 100.00%
src\bioetl\domain\registry\__init__.py                                                                                                                   5      0      0      0 100.00%
src\bioetl\domain\registry\field_aliases.py                                                                                                             32      0     12      0 100.00%
src\bioetl\domain\registry\publication.py                                                                                                                4      0      0      0 100.00%
src\bioetl\domain\registry\publication_data.py                                                                                                          33      0      8      0 100.00%
src\bioetl\domain\registry\publication_models.py                                                                                                        15      0      2      0 100.00%
src\bioetl\domain\registry\semantic_fields.py                                                                                                           63      0     14      0 100.00%
src\bioetl\domain\resilience.py                                                                                                                         44      0      2      0 100.00%
src\bioetl\domain\resilience_circuit_breaker.py                                                                                                          6      0      0      0 100.00%
src\bioetl\domain\run_reports\__init__.py                                                                                                                8      0      0      0 100.00%
src\bioetl\domain\run_reports\_stage_bucket.py                                                                                                           9      0      0      0 100.00%
src\bioetl\domain\run_reports\accounting.py                                                                                                            103      0     22      0 100.00%
src\bioetl\domain\run_reports\accounting_projections.py                                                                                                 28      1     14      1  95.24%   53
src\bioetl\domain\run_reports\accounting_snapshots.py                                                                                                   96      0     20      0 100.00%
src\bioetl\domain\run_reports\context.py                                                                                                                10      0      0      0 100.00%
src\bioetl\domain\run_reports\models.py                                                                                                                148      0     14      1  99.38%   98->100
src\bioetl\domain\run_reports\pipeline_report_assembly.py                                                                                               97      0     28      0 100.00%
src\bioetl\domain\run_reports\reason_catalog.py                                                                                                         71      1     18      1  97.75%   47
src\bioetl\domain\run_reports\reason_catalog_data.py                                                                                                    40      0      4      0 100.00%
src\bioetl\domain\run_reports\selected_status.py                                                                                                       129      7     34      6  92.02%   75, 98, 105, 114, 138, 142, 152
src\bioetl\domain\run_reports\stage_diagnostics.py                                                                                                     128     11     52     12  87.22%   30, 70->69, 120, 170, 178, 182, 192, 195, 246, 249, 257, 267
src\bioetl\domain\run_reports\workflow_reasons.py                                                                                                       47      0     18      0 100.00%
src\bioetl\domain\run_reports\workflow_report_assembly.py                                                                                               84      1     20      1  98.08%   200
src\bioetl\domain\run_reports\workflow_totals.py                                                                                                        97      3     30      4  94.49%   91, 116, 121, 177->171
src\bioetl\domain\runtime\__init__.py                                                                                                                    1      0      0      0 100.00%
src\bioetl\domain\runtime\composition_boundary_policy.py                                                                                                34      0     12      0 100.00%
src\bioetl\domain\runtime_observability_publication_contract.py                                                                                         26      0      0      0 100.00%
src\bioetl\domain\schemas\__init__.py                                                                                                                    5      0      0      0 100.00%
src\bioetl\domain\schemas\_chembl_enum_catalog.py                                                                                                       27      0      0      0 100.00%
src\bioetl\domain\schemas\_chembl_enum_catalog_target_publication.py                                                                                     9      0      0      0 100.00%
src\bioetl\domain\schemas\_schema_validation_patterns.py                                                                                                14      0      0      0 100.00%
src\bioetl\domain\schemas\_uniprot_enum_catalog.py                                                                                                       7      0      0      0 100.00%
src\bioetl\domain\schemas\base.py                                                                                                                       19      0      0      0 100.00%
src\bioetl\domain\schemas\chembl\activity.py                                                                                                            83      0      0      0 100.00%
src\bioetl\domain\schemas\chembl\assay.py                                                                                                               58      0      0      0 100.00%
src\bioetl\domain\schemas\chembl\assay_parameters.py                                                                                                    33      0      0      0 100.00%
src\bioetl\domain\schemas\chembl\cell_line.py                                                                                                           30      0      0      0 100.00%
src\bioetl\domain\schemas\chembl\compound_record.py                                                                                                     18      0      0      0 100.00%
src\bioetl\domain\schemas\chembl\molecule.py                                                                                                            65      0      0      0 100.00%
src\bioetl\domain\schemas\chembl\protein_classification.py                                                                                              21      0      0      0 100.00%
src\bioetl\domain\schemas\chembl\publication.py                                                                                                         42      0      2      0 100.00%
src\bioetl\domain\schemas\chembl\publication_similarity.py                                                                                              27      1      0      0  96.30%   31
src\bioetl\domain\schemas\chembl\publication_term.py                                                                                                    17      0      0      0 100.00%
src\bioetl\domain\schemas\chembl\similarity_pair.py                                                                                                     29      3     12      3  85.37%   36, 38, 44
src\bioetl\domain\schemas\chembl\subcellular_fraction.py                                                                                                15      0      0      0 100.00%
src\bioetl\domain\schemas\chembl\target.py                                                                                                              55      0      0      0 100.00%
src\bioetl\domain\schemas\chembl\target_component.py                                                                                                    23      0      0      0 100.00%
src\bioetl\domain\schemas\chembl\target_protein_classification.py                                                                                       52      0      0      0 100.00%
src\bioetl\domain\schemas\chembl\tissue.py                                                                                                              30      0      0      0 100.00%
src\bioetl\domain\schemas\column_order.py                                                                                                               21      0      2      0 100.00%
src\bioetl\domain\schemas\common\__init__.py                                                                                                             4      0      0      0 100.00%
src\bioetl\domain\schemas\common\molecule_base.py                                                                                                       25      0      0      0 100.00%
src\bioetl\domain\schemas\common\publication_base.py                                                                                                    41      0      0      0 100.00%
src\bioetl\domain\schemas\constants.py                                                                                                                  14      0      0      0 100.00%
src\bioetl\domain\schemas\crossref\__init__.py                                                                                                           4      0      0      0 100.00%
src\bioetl\domain\schemas\crossref\publication.py                                                                                                       42      0      0      0 100.00%
src\bioetl\domain\schemas\crossref\work.py                                                                                                              37      0      0      0 100.00%
src\bioetl\domain\schemas\generated\__init__.py                                                                                                          3      0      0      0 100.00%
src\bioetl\domain\schemas\generated\registry.py                                                                                                         11      0      0      0 100.00%
src\bioetl\domain\schemas\openalex\__init__.py                                                                                                           3      0      0      0 100.00%
src\bioetl\domain\schemas\openalex\publication.py                                                                                                       37      0      0      0 100.00%
src\bioetl\domain\schemas\pubchem\_identifiers.py                                                                                                       63      0      0      0 100.00%
src\bioetl\domain\schemas\pubchem\_physchem.py                                                                                                          48      0      0      0 100.00%
src\bioetl\domain\schemas\pubchem\_stereo.py                                                                                                            39      0      0      0 100.00%
src\bioetl\domain\schemas\pubchem\_three_d.py                                                                                                           53      0      0      0 100.00%
src\bioetl\domain\schemas\pubchem\compound.py                                                                                                           15      0      0      0 100.00%
src\bioetl\domain\schemas\pubmed\publication.py                                                                                                         94      0      0      0 100.00%
src\bioetl\domain\schemas\semanticscholar\__init__.py                                                                                                    4      0      0      0 100.00%
src\bioetl\domain\schemas\semanticscholar\publication.py                                                                                                39      0      0      0 100.00%
src\bioetl\domain\schemas\uniprot\__init__.py                                                                                                            3      0      0      0 100.00%
src\bioetl\domain\schemas\uniprot\_annotations.py                                                                                                       26      0      0      0 100.00%
src\bioetl\domain\schemas\uniprot\_core.py                                                                                                              74      0      0      0 100.00%
src\bioetl\domain\schemas\uniprot\_features.py                                                                                                          53      0      0      0 100.00%
src\bioetl\domain\schemas\uniprot\_xrefs.py                                                                                                             18      0      0      0 100.00%
src\bioetl\domain\schemas\uniprot\idmapping.py                                                                                                          38      0      0      0 100.00%
src\bioetl\domain\schemas\uniprot\protein.py                                                                                                            13      0      0      0 100.00%
src\bioetl\domain\schemas\validators.py                                                                                                                 68      0      8      0 100.00%
src\bioetl\domain\serialization\__init__.py                                                                                                             76      0     14      0 100.00%
src\bioetl\domain\serialization\snapshot_serialization.py                                                                                               70      0     36      2  98.11%   21->exit, 28->exit
src\bioetl\domain\serialization_arrow.py                                                                                                                16      0      0      0 100.00%
src\bioetl\domain\transformations\__init__.py                                                                                                            7      0      0      0 100.00%
src\bioetl\domain\transformations\coercion.py                                                                                                           38      0     14      0 100.00%
src\bioetl\domain\transformations\drift.py                                                                                                              14      0      4      0 100.00%
src\bioetl\domain\transformations\hashing.py                                                                                                            35      0     10      0 100.00%
src\bioetl\domain\transformations\quality.py                                                                                                            17      0      8      0 100.00%
src\bioetl\domain\types\__init__.py                                                                                                                      8      0      0      0 100.00%
src\bioetl\domain\types\_checkpoint_metadata_support.py                                                                                                 75      0     38      0 100.00%
src\bioetl\domain\types\_execution_phase_transition_builders.py                                                                                         18      0      0      0 100.00%
src\bioetl\domain\types\_execution_phase_transition_support.py                                                                                          66      0     50      0 100.00%
src\bioetl\domain\types\_gold_contracts_support.py                                                                                                      55      0     18      0 100.00%
src\bioetl\domain\types\checkpoint_compatibility_result.py                                                                                              19      0      0      0 100.00%
src\bioetl\domain\types\checkpoint_metadata.py                                                                                                          74      0     10      0 100.00%
src\bioetl\domain\types\contract_identity.py                                                                                                           100      0     12      0 100.00%
src\bioetl\domain\types\contract_rollout.py                                                                                                             64      0     20      0 100.00%
src\bioetl\domain\types\debug_export.py                                                                                                                 30      0      0      0 100.00%
src\bioetl\domain\types\dq_contracts.py                                                                                                                 63      0     16      0 100.00%
src\bioetl\domain\types\enums.py                                                                                                                       113      0      0      0 100.00%
src\bioetl\domain\types\execution_phase.py                                                                                                             104      0     14      0 100.00%
src\bioetl\domain\types\execution_phase_transitions.py                                                                                                   5      0      0      0 100.00%
src\bioetl\domain\types\gold_contracts.py                                                                                                                6      0      0      0 100.00%
src\bioetl\domain\types\gold_contracts_rejects.py                                                                                                      116      0     30      0 100.00%
src\bioetl\domain\types\gold_contracts_rules.py                                                                                                        100      0     36      0 100.00%
src\bioetl\domain\types\gold_contracts_scd.py                                                                                                           46      0     14      0 100.00%
src\bioetl\domain\types\gold_schema_policy.py                                                                                                           41      0      8      0 100.00%
src\bioetl\domain\types\health.py                                                                                                                       50      0      6      0 100.00%
src\bioetl\domain\types\identifiers.py                                                                                                                  38      0      0      0 100.00%
src\bioetl\domain\types\schema_policy.py                                                                                                               101      0      4      1  99.05%   235->237
src\bioetl\domain\types\validation_result.py                                                                                                            79      0     12      0 100.00%
src\bioetl\domain\types\validation_severity.py                                                                                                          44      0      0      0 100.00%
src\bioetl\domain\types_config_validation.py                                                                                                             9      0      0      0 100.00%
src\bioetl\domain\validation\__init__.py                                                                                                                 5      0      0      0 100.00%
src\bioetl\domain\validation\chemical.py                                                                                                                36      0     12      0 100.00%
src\bioetl\domain\validation\primitives.py                                                                                                              25      0     10      0 100.00%
src\bioetl\domain\validation\publication.py                                                                                                             25      0      6      0 100.00%
src\bioetl\domain\value_objects\__init__.py                                                                                                             21      0      0      0 100.00%
src\bioetl\domain\value_objects\_chemical_identifiers.py                                                                                                95      0     26      0 100.00%
src\bioetl\domain\value_objects\_molecular_weight.py                                                                                                    58      0     12      0 100.00%
src\bioetl\domain\value_objects\_publication_field_group_config.py                                                                                      57      0      8      0 100.00%
src\bioetl\domain\value_objects\_publication_field_groups_data.py                                                                                        4      0      0      0 100.00%
src\bioetl\domain\value_objects\_publication_year.py                                                                                                    79      0     18      0 100.00%
src\bioetl\domain\value_objects\_run_context_create_support.py                                                                                          58      0     22      0 100.00%
src\bioetl\domain\value_objects\_run_context_models.py                                                                                                  37      0      0      0 100.00%
src\bioetl\domain\value_objects\academic_ids.py                                                                                                        109      0     36      0 100.00%
src\bioetl\domain\value_objects\activity.py                                                                                                              5      0      0      0 100.00%
src\bioetl\domain\value_objects\activity_concentration.py                                                                                               76      0     18      0 100.00%
src\bioetl\domain\value_objects\activity_confidence.py                                                                                                  40      0     12      0 100.00%
src\bioetl\domain\value_objects\activity_measurement.py                                                                                                 39      0      8      0 100.00%
src\bioetl\domain\value_objects\activity_relation.py                                                                                                    28      0      6      0 100.00%
src\bioetl\domain\value_objects\activity_type.py                                                                                                        34      0      4      0 100.00%
src\bioetl\domain\value_objects\base.py                                                                                                                 38      0      4      0 100.00%
src\bioetl\domain\value_objects\bronze_result.py                                                                                                        88      0     40      0 100.00%
src\bioetl\domain\value_objects\chemical.py                                                                                                              5      0      0      0 100.00%
src\bioetl\domain\value_objects\column_order.py                                                                                                         46      0      6      0 100.00%
src\bioetl\domain\value_objects\column_qualifier.py                                                                                                     50      0     10      0 100.00%
src\bioetl\domain\value_objects\compound_ids.py                                                                                                        102      0     18      1  99.17%   134->137
src\bioetl\domain\value_objects\dq_anomaly.py                                                                                                           28      0      0      0 100.00%
src\bioetl\domain\value_objects\dq_metrics.py                                                                                                           75      0     14      0 100.00%
src\bioetl\domain\value_objects\dq_metrics_calculations.py                                                                                              58      0     18      0 100.00%
src\bioetl\domain\value_objects\dq_report.py                                                                                                             5      0      0      0 100.00%
src\bioetl\domain\value_objects\dq_report_builder.py                                                                                                    74      0     12      0 100.00%
src\bioetl\domain\value_objects\dq_report_enums.py                                                                                                      39      0      0      0 100.00%
src\bioetl\domain\value_objects\dq_report_results.py                                                                                                     4      0      0      0 100.00%
src\bioetl\domain\value_objects\dq_report_results_core.py                                                                                              136      0     16      0 100.00%
src\bioetl\domain\value_objects\dq_report_results_quality.py                                                                                           114      0      8      0 100.00%
src\bioetl\domain\value_objects\dq_result.py                                                                                                            57      0      6      0 100.00%
src\bioetl\domain\value_objects\export_identity.py                                                                                                      17      0      2      0 100.00%
src\bioetl\domain\value_objects\identifiers.py                                                                                                          98      0     36      0 100.00%
src\bioetl\domain\value_objects\inchi.py                                                                                                                35      0     12      0 100.00%
src\bioetl\domain\value_objects\molecular_descriptors.py                                                                                                92      0     20      0 100.00%
src\bioetl\domain\value_objects\orcid.py                                                                                                                58      0     16      0 100.00%
src\bioetl\domain\value_objects\pchembl_value.py                                                                                                        49      0     12      0 100.00%
src\bioetl\domain\value_objects\protein_class_hierarchy.py                                                                                             126      1     40      1  98.80%   150
src\bioetl\domain\value_objects\publication_field_group_types.py                                                                                        37      0      0      0 100.00%
src\bioetl\domain\value_objects\publications.py                                                                                                         77      0     30      0 100.00%
src\bioetl\domain\value_objects\run_context.py                                                                                                          57      0      8      0 100.00%
src\bioetl\domain\value_objects\silver_result.py                                                                                                        22      0      8      0 100.00%
src\bioetl\domain\value_objects\taxonomy_id.py                                                                                                          65      0     22      1  98.85%   143->147
src\bioetl\domain\workflow\__init__.py                                                                                                                   8      0      0      0 100.00%
src\bioetl\domain\workflow\_delete_orphans_scope.py                                                                                                    132      0     58      0 100.00%
src\bioetl\domain\workflow\_run_options_config.py                                                                                                       61      0     10      0 100.00%
src\bioetl\domain\workflow\_run_options_support.py                                                                                                      31      0     14      0 100.00%
src\bioetl\domain\workflow\config.py                                                                                                                    97      3     26      4  94.31%   85, 88, 90, 116->115
src\bioetl\domain\workflow\dag.py                                                                                                                       70      0     24      0 100.00%
src\bioetl\domain\workflow\foreign_key_reconciliation.py                                                                                                59      0     28      0 100.00%
src\bioetl\domain\workflow\foreign_key_reconciliation_models.py                                                                                        125      2     14      2  97.12%   122, 126
src\bioetl\domain\workflow\step_transition.py                                                                                                           52      0     14      0 100.00%
src\bioetl\domain\workflow\transform_spec.py                                                                                                            42      0      4      0 100.00%
src\bioetl\infrastructure\__init__.py                                                                                                                    1      0      0      0 100.00%
src\bioetl\infrastructure\adapters\__init__.py                                                                                                           5      0      0      0 100.00%
src\bioetl\infrastructure\adapters\_base_headers.py                                                                                                     14      0      4      0 100.00%
src\bioetl\infrastructure\adapters\_base_http_client.py                                                                                                  8      0      0      0 100.00%
src\bioetl\infrastructure\adapters\_base_runtime.py                                                                                                     44      0     18      2  96.77%   77->83, 83->exit
src\bioetl\infrastructure\adapters\_cached_bronze_support.py                                                                                            75      0     28      2  98.06%   139->131, 198->191
src\bioetl\infrastructure\adapters\_error_handler_ops.py                                                                                                25      0      0      0 100.00%
src\bioetl\infrastructure\adapters\_error_handling_support.py                                                                                           37      0      6      0 100.00%
src\bioetl\infrastructure\adapters\_health_check_observability.py                                                                                       32      0     14      0 100.00%
src\bioetl\infrastructure\adapters\_health_check_policy.py                                                                                              43      0     10      0 100.00%
src\bioetl\infrastructure\adapters\adapter_error_classifier.py                                                                                          48      0     14      0 100.00%
src\bioetl\infrastructure\adapters\base.py                                                                                                              53      0      6      0 100.00%
src\bioetl\infrastructure\adapters\base_metrics.py                                                                                                      54      0     12      0 100.00%
src\bioetl\infrastructure\adapters\cached_bronze_data_source.py                                                                                         44      0      2      0 100.00%
src\bioetl\infrastructure\adapters\chembl\__init__.py                                                                                                    8      0      2      0 100.00%
src\bioetl\infrastructure\adapters\chembl\_client_request_helpers.py                                                                                    72      1     24      1  97.92%   84
src\bioetl\infrastructure\adapters\chembl\_entity_mapping_lifecycle.py                                                                                   3      0      0      0 100.00%
src\bioetl\infrastructure\adapters\chembl\_entity_mapping_lookup.py                                                                                     36      0     10      0 100.00%
src\bioetl\infrastructure\adapters\chembl\_fetch_paging_filtered.py                                                                                     51      0     18      0 100.00%
src\bioetl\infrastructure\adapters\chembl\_fetch_resilience_error.py                                                                                    16      0      2      1  94.44%   28->exit
src\bioetl\infrastructure\adapters\chembl\_fetch_resilience_fallback.py                                                                                 43      0      8      1  98.04%   183->exit
src\bioetl\infrastructure\adapters\chembl\_health_probe.py                                                                                              37      0     10      0 100.00%
src\bioetl\infrastructure\adapters\chembl\_models_common_extra.py                                                                                       40      0      0      0 100.00%
src\bioetl\infrastructure\adapters\chembl\_models_common_page.py                                                                                        10      0      0      0 100.00%
src\bioetl\infrastructure\adapters\chembl\_protein_classification_coerce.py                                                                             64      0     30      0 100.00%
src\bioetl\infrastructure\adapters\chembl\_protein_classification_node.py                                                                               11      0      0      0 100.00%
src\bioetl\infrastructure\adapters\chembl\_protein_classification_rows.py                                                                               46      0     22      1  98.53%   81->80
src\bioetl\infrastructure\adapters\chembl\client.py                                                                                                     77      0      4      0 100.00%
src\bioetl\infrastructure\adapters\chembl\constants.py                                                                                                   8      0      0      0 100.00%
src\bioetl\infrastructure\adapters\chembl\deduplication.py                                                                                              12      0      0      0 100.00%
src\bioetl\infrastructure\adapters\chembl\entity_mapper.py                                                                                              36      0      2      0 100.00%
src\bioetl\infrastructure\adapters\chembl\fetch_adapter_mixin.py                                                                                        42      0     18      0 100.00%
src\bioetl\infrastructure\adapters\chembl\fetch_multi_filter_mixin.py                                                                                   76      0     30      0 100.00%
src\bioetl\infrastructure\adapters\chembl\fetch_paging_mixin.py                                                                                         59      0     12      0 100.00%
src\bioetl\infrastructure\adapters\chembl\fetch_resilience_mixin.py                                                                                     35      0      0      0 100.00%
src\bioetl\infrastructure\adapters\chembl\health.py                                                                                                     81      0     14      0 100.00%
src\bioetl\infrastructure\adapters\chembl\metadata.py                                                                                                   16      0      0      0 100.00%
src\bioetl\infrastructure\adapters\chembl\models.py                                                                                                     10      0      0      0 100.00%
src\bioetl\infrastructure\adapters\chembl\models_activity.py                                                                                            68      0      0      0 100.00%
src\bioetl\infrastructure\adapters\chembl\models_additional.py                                                                                          56      0      0      0 100.00%
src\bioetl\infrastructure\adapters\chembl\models_common.py                                                                                              84      0      4      0 100.00%
src\bioetl\infrastructure\adapters\chembl\models_compound.py                                                                                            81      0      0      0 100.00%
src\bioetl\infrastructure\adapters\chembl\protein_classification_graph.py                                                                               66      0     16      0 100.00%
src\bioetl\infrastructure\adapters\chembl\protein_classification_source_manifest.py                                                                     37      0     10      1  97.87%   72->67
src\bioetl\infrastructure\adapters\chembl\target_protein_classification_data_source.py                                                                  80      0     20      2  98.00%   228->227, 231->228
src\bioetl\infrastructure\adapters\chembl\target_protein_classification_loading_mixin.py                                                                79      1     26      8  91.43%   35->exit, 40->exit, 43->exit, 46->exit, 51->exit, 54->exit, 58->exit, 166
src\bioetl\infrastructure\adapters\circuit_breaker_contract.py                                                                                          53      0     14      0 100.00%
src\bioetl\infrastructure\adapters\common\__init__.py                                                                                                   13      0      0      0 100.00%
src\bioetl\infrastructure\adapters\common\_api_request_sanitize.py                                                                                      63      0     22      0 100.00%
src\bioetl\infrastructure\adapters\common\_fetch_resilience_batch_iter.py                                                                               23      0      8      0 100.00%
src\bioetl\infrastructure\adapters\common\_fetch_resilience_host.py                                                                                     16      0     14      7  76.67%   26->exit, 28->exit, 39->exit, 50->exit, 57->exit, 59->exit, 61->exit
src\bioetl\infrastructure\adapters\common\_title_fallback_flow.py                                                                                       78      0     26      0 100.00%
src\bioetl\infrastructure\adapters\common\adapter_defaults.py                                                                                           16      0      0      0 100.00%
src\bioetl\infrastructure\adapters\common\api_request_collector.py                                                                                      69      0      4      0 100.00%
src\bioetl\infrastructure\adapters\common\base_title_fallback.py                                                                                        42      0      6      0 100.00%
src\bioetl\infrastructure\adapters\common\composable_fallback.py                                                                                        66      0     18      0 100.00%
src\bioetl\infrastructure\adapters\common\deduplication.py                                                                                              64      0     28      0 100.00%
src\bioetl\infrastructure\adapters\common\dependency_context.py                                                                                         17      0      0      0 100.00%
src\bioetl\infrastructure\adapters\common\doi_helpers.py                                                                                                 6      0      0      0 100.00%
src\bioetl\infrastructure\adapters\common\error_bundles.py                                                                                              11      0      0      0 100.00%
src\bioetl\infrastructure\adapters\common\fallback_fetch_service.py                                                                                     96      0     30      4  96.83%   36->exit, 44->exit, 50->exit, 56->exit
src\bioetl\infrastructure\adapters\common\fallback_policy_mixin.py                                                                                      18      0      0      0 100.00%
src\bioetl\infrastructure\adapters\common\fetch_resilience_template.py                                                                                  37      0     14      0 100.00%
src\bioetl\infrastructure\adapters\common\fetch_retry_policy.py                                                                                         81      0     40      1  99.17%   158->exit
src\bioetl\infrastructure\adapters\common\response_shapes.py                                                                                            21      0      8      0 100.00%
src\bioetl\infrastructure\adapters\common\retry_reduction_policy.py                                                                                     20      0     12      1  96.88%   46->49
src\bioetl\infrastructure\adapters\common\source_metadata_capability.py                                                                                 19      0      0      0 100.00%
src\bioetl\infrastructure\adapters\common\title_matching.py                                                                                             25      0     10      0 100.00%
src\bioetl\infrastructure\adapters\crossref\__init__.py                                                                                                  4      0      0      0 100.00%
src\bioetl\infrastructure\adapters\crossref\_batch_support.py                                                                                           29      0      4      1  96.97%   49->exit
src\bioetl\infrastructure\adapters\crossref\_client_fallback_policy.py                                                                                  25      0      2      0 100.00%
src\bioetl\infrastructure\adapters\crossref\_client_ops.py                                                                                              24      0      6      0 100.00%
src\bioetl\infrastructure\adapters\crossref\_client_port_surface.py                                                                                     35      0      8      0 100.00%
src\bioetl\infrastructure\adapters\crossref\_defaults.py                                                                                                 6      0      0      0 100.00%
src\bioetl\infrastructure\adapters\crossref\_doi_batch_processor.py                                                                                     94      5     32      1  93.65%   92-96, 117->114
src\bioetl\infrastructure\adapters\crossref\_publication_record.py                                                                                      54      0      0      0 100.00%
src\bioetl\infrastructure\adapters\crossref\_response_models.py                                                                                         25      0      0      0 100.00%
src\bioetl\infrastructure\adapters\crossref\_search_paginator.py                                                                                        58      0     16      0 100.00%
src\bioetl\infrastructure\adapters\crossref\batch.py                                                                                                     5      0      0      0 100.00%
src\bioetl\infrastructure\adapters\crossref\client.py                                                                                                   92      0     18      0 100.00%
src\bioetl\infrastructure\adapters\crossref\client_builders.py                                                                                          23      0      0      0 100.00%
src\bioetl\infrastructure\adapters\crossref\client_observability_helpers.py                                                                             31      0      4      0 100.00%
src\bioetl\infrastructure\adapters\crossref\client_runtime_helpers.py                                                                                   28      0      4      0 100.00%
src\bioetl\infrastructure\adapters\crossref\exceptions.py                                                                                               10      0      0      0 100.00%
src\bioetl\infrastructure\adapters\crossref\fallback.py                                                                                                 26      0      4      0 100.00%
src\bioetl\infrastructure\adapters\crossref\fetch_flow.py                                                                                               54      0     26      0 100.00%
src\bioetl\infrastructure\adapters\crossref\models.py                                                                                                   20      0      0      0 100.00%
src\bioetl\infrastructure\adapters\crossref\models_shared.py                                                                                            61      0      0      0 100.00%
src\bioetl\infrastructure\adapters\crossref\query_builder.py                                                                                            21      0      2      0 100.00%
src\bioetl\infrastructure\adapters\crossref\response_mapper.py                                                                                          24      0      4      0 100.00%
src\bioetl\infrastructure\adapters\crossref\types.py                                                                                                     8      0      0      0 100.00%
src\bioetl\infrastructure\adapters\decorators\__init__.py                                                                                               12      0      4      0 100.00%
src\bioetl\infrastructure\adapters\decorators\_circuit_breaker_snapshot.py                                                                              28      0     12      0 100.00%
src\bioetl\infrastructure\adapters\decorators\_circuit_breaker_support.py                                                                               32      0     12      0 100.00%
src\bioetl\infrastructure\adapters\decorators\_data_source_delegation.py                                                                                27      0      2      0 100.00%
src\bioetl\infrastructure\adapters\decorators\_fetch_request_builder.py                                                                                  5      0      0      0 100.00%
src\bioetl\infrastructure\adapters\decorators\_retry_operations.py                                                                                      49      0     12      2  96.72%   50->88, 111->146
src\bioetl\infrastructure\adapters\decorators\_retry_support.py                                                                                         46      0     12      0 100.00%
src\bioetl\infrastructure\adapters\decorators\circuit_breaker.py                                                                                        73      1      6      0  98.73%   193
src\bioetl\infrastructure\adapters\decorators\retry.py                                                                                                  33      0      2      0 100.00%
src\bioetl\infrastructure\adapters\error_handling.py                                                                                                    44      0      2      0 100.00%
src\bioetl\infrastructure\adapters\filterable_mixin.py                                                                                                  33      0      4      0 100.00%
src\bioetl\infrastructure\adapters\health_check_contract.py                                                                                             13      0      0      0 100.00%
src\bioetl\infrastructure\adapters\health_check_mixin.py                                                                                                23      0      0      0 100.00%
src\bioetl\infrastructure\adapters\health_check_provider_mixin.py                                                                                       52      1      2      1  96.30%   39
src\bioetl\infrastructure\adapters\health_probe_policy.py                                                                                                5      0      0      0 100.00%
src\bioetl\infrastructure\adapters\health_status_policy.py                                                                                              11      0      4      0 100.00%
src\bioetl\infrastructure\adapters\http\__init__.py                                                                                                      6      0      0      0 100.00%
src\bioetl\infrastructure\adapters\http\_circuit_breaker_support.py                                                                                     46      0     14      0 100.00%
src\bioetl\infrastructure\adapters\http\_client_retry_flow.py                                                                                           50      0     24      6  91.89%   26->exit, 32->exit, 38->exit, 49->exit, 64->exit, 70->exit
src\bioetl\infrastructure\adapters\http\_client_retry_models.py                                                                                         42      0     26     13  80.88%   57->exit, 59->exit, 61->exit, 63->exit, 70->exit, 81->exit, 90->exit, 92->exit, 101->exit, 107->exit, 109->exit, 120->exit, 132->exit
src\bioetl\infrastructure\adapters\http\_client_retry_request_flow.py                                                                                   45      0      8      1  98.11%   64->73
src\bioetl\infrastructure\adapters\http\_health_monitor_models.py                                                                                       23      0     10      5  84.85%   41->exit, 47->exit, 49->exit, 51->exit, 53->exit
src\bioetl\infrastructure\adapters\http\_health_monitor_observability.py                                                                                21      0      4      0 100.00%
src\bioetl\infrastructure\adapters\http\_health_monitor_support.py                                                                                       5      0      0      0 100.00%
src\bioetl\infrastructure\adapters\http\_health_monitor_transitions.py                                                                                  53      1     18      2  95.77%   38, 70->73
src\bioetl\infrastructure\adapters\http\circuit_breaker.py                                                                                              78      0      4      0 100.00%
src\bioetl\infrastructure\adapters\http\client.py                                                                                                       36      0      0      0 100.00%
src\bioetl\infrastructure\adapters\http\client_context_mixin.py                                                                                         48      0     12      1  98.33%   88->exit
src\bioetl\infrastructure\adapters\http\client_request_methods_mixin.py                                                                                 26      0      4      1  96.67%   27->exit
src\bioetl\infrastructure\adapters\http\client_retry_mixin.py                                                                                           56      0     16      1  98.61%   89->95
src\bioetl\infrastructure\adapters\http\client_retry_observability.py                                                                                   61      0     12      3  95.89%   19->exit, 21->exit, 64->exit
src\bioetl\infrastructure\adapters\http\client_retry_policy.py                                                                                          56      1     24      1  97.50%   35
src\bioetl\infrastructure\adapters\http\health.py                                                                                                       65      0     14      1  98.73%   119->121
src\bioetl\infrastructure\adapters\http\health_monitor.py                                                                                               59      0      2      0 100.00%
src\bioetl\infrastructure\adapters\http\health_tracker.py                                                                                               33      0      0      0 100.00%
src\bioetl\infrastructure\adapters\http\pagination.py                                                                                                   41      0     18      1  98.31%   88->exit
src\bioetl\infrastructure\adapters\http\rate_limiter.py                                                                                                 61      0     12      0 100.00%
src\bioetl\infrastructure\adapters\http\request_timing.py                                                                                               61      0      8      1  98.55%   75->70
src\bioetl\infrastructure\adapters\input\__init__.py                                                                                                     4      0      0      0 100.00%
src\bioetl\infrastructure\adapters\input\csv_filter_processor.py                                                                                        49      0     14      1  98.41%   136->120
src\bioetl\infrastructure\adapters\input\csv_filter_reader.py                                                                                           59      0     12      1  98.59%   134->141
src\bioetl\infrastructure\adapters\input\idmapping_csv_reader_adapter.py                                                                                29      0      6      1  97.14%   70->77
src\bioetl\infrastructure\adapters\openalex\__init__.py                                                                                                  3      0      0      0 100.00%
src\bioetl\infrastructure\adapters\openalex\_client_runtime_factories.py                                                                                25      0      0      0 100.00%
src\bioetl\infrastructure\adapters\openalex\_client_runtime_request.py                                                                                  46      0      6      0 100.00%
src\bioetl\infrastructure\adapters\openalex\_client_support.py                                                                                          40      0     20      0 100.00%
src\bioetl\infrastructure\adapters\openalex\_constants.py                                                                                                3      0      0      0 100.00%
src\bioetl\infrastructure\adapters\openalex\_cursor_lookup.py                                                                                           40      0      8      0 100.00%
src\bioetl\infrastructure\adapters\openalex\_filter_fetch_flow.py                                                                                       45      0     30      6  92.00%   30->exit, 32->exit, 38->exit, 44->exit, 51->exit, 59->exit
src\bioetl\infrastructure\adapters\openalex\_filter_fetch_requests.py                                                                                   36      0      6      2  95.24%   13->exit, 15->exit
src\bioetl\infrastructure\adapters\openalex\client.py                                                                                                   58      0      0      0 100.00%
src\bioetl\infrastructure\adapters\openalex\client_helpers_adapter_mixin.py                                                                             51      0      8      0 100.00%
src\bioetl\infrastructure\adapters\openalex\client_runtime_helpers.py                                                                                   34      0      0      0 100.00%
src\bioetl\infrastructure\adapters\openalex\cursor_flow.py                                                                                              78      0     28      0 100.00%
src\bioetl\infrastructure\adapters\openalex\fallback.py                                                                                                 17      0      6      0 100.00%
src\bioetl\infrastructure\adapters\openalex\fallback_orchestrator.py                                                                                    35      0      2      0 100.00%
src\bioetl\infrastructure\adapters\openalex\filter_fetch_adapter_mixin.py                                                                               54      0     18      0 100.00%
src\bioetl\infrastructure\adapters\openalex\health_adapter_mixin.py                                                                                     21      0      2      1  95.65%   54->exit
src\bioetl\infrastructure\adapters\openalex\health_probe.py                                                                                             27      2      4      0  93.55%   58-59
src\bioetl\infrastructure\adapters\openalex\query_builder.py                                                                                            28      0      4      1  96.88%   24->26
src\bioetl\infrastructure\adapters\openalex\query_execution.py                                                                                          28      0      2      0 100.00%
src\bioetl\infrastructure\adapters\openalex\response_mapping.py                                                                                         24      0      6      0 100.00%
src\bioetl\infrastructure\adapters\openalex\response_parser.py                                                                                           6      0      0      0 100.00%
src\bioetl\infrastructure\adapters\pubchem\__init__.py                                                                                                   3      0      0      0 100.00%
src\bioetl\infrastructure\adapters\pubchem\_client_fetch_surface.py                                                                                     37      0     26      0 100.00%
src\bioetl\infrastructure\adapters\pubchem\_detail_models.py                                                                                            37      0      0      0 100.00%
src\bioetl\infrastructure\adapters\pubchem\_fetch_strategy_identifiers.py                                                                              104      0     48      0 100.00%
src\bioetl\infrastructure\adapters\pubchem\_fetch_strategy_search.py                                                                                    36      0     16      0 100.00%
src\bioetl\infrastructure\adapters\pubchem\_fetch_strategy_transport.py                                                                                 12      0      6      0 100.00%
src\bioetl\infrastructure\adapters\pubchem\client.py                                                                                                    51      0     10      0 100.00%
src\bioetl\infrastructure\adapters\pubchem\client_builders.py                                                                                           16      0      0      0 100.00%
src\bioetl\infrastructure\adapters\pubchem\client_model_mixin.py                                                                                        30      0      8      0 100.00%
src\bioetl\infrastructure\adapters\pubchem\constants.py                                                                                                  3      0      0      0 100.00%
src\bioetl\infrastructure\adapters\pubchem\entity_mapper.py                                                                                             33      0      6      0 100.00%
src\bioetl\infrastructure\adapters\pubchem\fetch_flow.py                                                                                                51      0     12      2  96.83%   30->exit, 58->62
src\bioetl\infrastructure\adapters\pubchem\fetch_strategies.py                                                                                          32      0      2      0 100.00%
src\bioetl\infrastructure\adapters\pubchem\models.py                                                                                                    36      0      0      0 100.00%
src\bioetl\infrastructure\adapters\pubchem\policy_helper.py                                                                                             20      0      4      0 100.00%
src\bioetl\infrastructure\adapters\pubchem\query_builder.py                                                                                             20      0      2      0 100.00%
src\bioetl\infrastructure\adapters\pubchem\response_mapper.py                                                                                           14      0      0      0 100.00%
src\bioetl\infrastructure\adapters\pubmed\__init__.py                                                                                                    6      0      0      0 100.00%
src\bioetl\infrastructure\adapters\pubmed\_adapter_support.py                                                                                           37      0     18      0 100.00%
src\bioetl\infrastructure\adapters\pubmed\_article_components.py                                                                                        51      0      0      0 100.00%
src\bioetl\infrastructure\adapters\pubmed\_client_fallback_policy.py                                                                                    17      0      0      0 100.00%
src\bioetl\infrastructure\adapters\pubmed\_errors.py                                                                                                     5      0      0      0 100.00%
src\bioetl\infrastructure\adapters\pubmed\_extended_record.py                                                                                           36      0      0      0 100.00%
src\bioetl\infrastructure\adapters\pubmed\_fetch.py                                                                                                     42      0     10      0 100.00%
src\bioetl\infrastructure\adapters\pubmed\_fetch_records_support.py                                                                                     20      0     10      0 100.00%
src\bioetl\infrastructure\adapters\pubmed\_filter_fetch_support.py                                                                                      62      0     36      8  91.84%   41->exit, 47->exit, 55->exit, 65->exit, 67->exit, 71->exit, 78->exit, 85->exit
src\bioetl\infrastructure\adapters\pubmed\_health.py                                                                                                    42      0      6      0 100.00%
src\bioetl\infrastructure\adapters\pubmed\_search.py                                                                                                    44      0      6      0 100.00%
src\bioetl\infrastructure\adapters\pubmed\_search_models.py                                                                                             14      0      0      0 100.00%
src\bioetl\infrastructure\adapters\pubmed\_state.py                                                                                                     15      0      0      0 100.00%
src\bioetl\infrastructure\adapters\pubmed\adapter.py                                                                                                    54      0      6      0 100.00%
src\bioetl\infrastructure\adapters\pubmed\adapter_filter_fetch_mixin.py                                                                                 28      0      8      0 100.00%
src\bioetl\infrastructure\adapters\pubmed\constants.py                                                                                                   3      0      0      0 100.00%
src\bioetl\infrastructure\adapters\pubmed\fallback.py                                                                                                   24      0      4      0 100.00%
src\bioetl\infrastructure\adapters\pubmed\models.py                                                                                                     12      0      0      0 100.00%
src\bioetl\infrastructure\adapters\pubmed\xml_processor.py                                                                                              28      0      2      0 100.00%
src\bioetl\infrastructure\adapters\semanticscholar\__init__.py                                                                                           4      0      0      0 100.00%
src\bioetl\infrastructure\adapters\semanticscholar\_client_fallback_policy.py                                                                           20      0      0      0 100.00%
src\bioetl\infrastructure\adapters\semanticscholar\_search_fetch_flow.py                                                                                53      1     10      0  98.41%   108
src\bioetl\infrastructure\adapters\semanticscholar\adapter.py                                                                                           42      0      0      0 100.00%
src\bioetl\infrastructure\adapters\semanticscholar\batch_request_mixin.py                                                                               36      0      8      0 100.00%
src\bioetl\infrastructure\adapters\semanticscholar\constants.py                                                                                          3      0      0      0 100.00%
src\bioetl\infrastructure\adapters\semanticscholar\fallback.py                                                                                          82      1     10      1  97.83%   182
src\bioetl\infrastructure\adapters\semanticscholar\fetch_adapter_mixin.py                                                                               64      0     30      0 100.00%
src\bioetl\infrastructure\adapters\semanticscholar\health_metadata_mixin.py                                                                             86      0     16      3  97.06%   59->exit, 92->exit, 150->153
src\bioetl\infrastructure\adapters\semanticscholar\request_headers.py                                                                                   10      0      4      0 100.00%
src\bioetl\infrastructure\adapters\sync_base.py                                                                                                         57      0      6      1  98.41%   186->188
src\bioetl\infrastructure\adapters\uniprot\__init__.py                                                                                                   4      0      0      0 100.00%
src\bioetl\infrastructure\adapters\uniprot\_client_support.py                                                                                           13      0      6      0 100.00%
src\bioetl\infrastructure\adapters\uniprot\_idmapping_errors.py                                                                                         12      0      0      0 100.00%
src\bioetl\infrastructure\adapters\uniprot\_idmapping_health.py                                                                                         24      0      2      0 100.00%
src\bioetl\infrastructure\adapters\uniprot\_idmapping_parser.py                                                                                         91      0     38      1  99.22%   38->34
src\bioetl\infrastructure\adapters\uniprot\_idmapping_retry.py                                                                                          75      0     28      1  99.03%   56->60
src\bioetl\infrastructure\adapters\uniprot\_idmapping_transport.py                                                                                      87      1     26      6  93.81%   35->exit, 37->exit, 42->exit, 48->exit, 50->exit, 144
src\bioetl\infrastructure\adapters\uniprot\_idmapping_url_policy.py                                                                                     38      0     18      0 100.00%
src\bioetl\infrastructure\adapters\uniprot\_uniprot_model_annotations.py                                                                                78      0      0      0 100.00%
src\bioetl\infrastructure\adapters\uniprot\_uniprot_model_records.py                                                                                    42      0      0      0 100.00%
src\bioetl\infrastructure\adapters\uniprot\_uniprot_model_structures.py                                                                                 31      0      0      0 100.00%
src\bioetl\infrastructure\adapters\uniprot\client.py                                                                                                    65      0     10      0 100.00%
src\bioetl\infrastructure\adapters\uniprot\constants.py                                                                                                  3      0      0      0 100.00%
src\bioetl\infrastructure\adapters\uniprot\fallback_policy.py                                                                                           26      0      8      0 100.00%
src\bioetl\infrastructure\adapters\uniprot\fallback_resolver.py                                                                                         50      0     28      0 100.00%
src\bioetl\infrastructure\adapters\uniprot\fasta_parser.py                                                                                              29      0     12      0 100.00%
src\bioetl\infrastructure\adapters\uniprot\feature_sequence_adapter_mixin.py                                                                            93      0     24      2  98.29%   61->65, 63->65
src\bioetl\infrastructure\adapters\uniprot\filtering_adapter_mixin.py                                                                                   84      0     50      0 100.00%
src\bioetl\infrastructure\adapters\uniprot\health_probe.py                                                                                              22      0      2      0 100.00%
src\bioetl\infrastructure\adapters\uniprot\idmapping_client.py                                                                                          33      0      4      0 100.00%
src\bioetl\infrastructure\adapters\uniprot\models.py                                                                                                     5      0      0      0 100.00%
src\bioetl\infrastructure\adapters\uniprot\protein_fetch_adapter_mixin.py                                                                               41      0      6      0 100.00%
src\bioetl\infrastructure\adapters\uniprot\query_planning.py                                                                                            10      0      2      0 100.00%
src\bioetl\infrastructure\adapters\uniprot\response_parser.py                                                                                           14      0      4      0 100.00%
src\bioetl\infrastructure\adapters\validation.py                                                                                                        56      0     18      0 100.00%
src\bioetl\infrastructure\adr\_adr_file_utils.py                                                                                                        22      0      6      0 100.00%
src\bioetl\infrastructure\adr\_adr_metadata_extractors.py                                                                                               84      0     50      0 100.00%
src\bioetl\infrastructure\adr\_adr_validators.py                                                                                                        32      0     10      0 100.00%
src\bioetl\infrastructure\adr\fs_adr_service.py                                                                                                         60      0     12      0 100.00%
src\bioetl\infrastructure\arrow_typed.py                                                                                                                34      0      6      0 100.00%
src\bioetl\infrastructure\audit\__init__.py                                                                                                              3      0      0      0 100.00%
src\bioetl\infrastructure\audit\_file_audit_io.py                                                                                                       45      0      6      0 100.00%
src\bioetl\infrastructure\audit\_file_audit_payloads.py                                                                                                 34      0     10      0 100.00%
src\bioetl\infrastructure\audit\_file_audit_readers.py                                                                                                  48      0     20      0 100.00%
src\bioetl\infrastructure\audit\file_audit.py                                                                                                          100      0      8      0 100.00%
src\bioetl\infrastructure\checkpoint\__init__.py                                                                                                         4      0      0      0 100.00%
src\bioetl\infrastructure\checkpoint\_local_checkpoint_integrity.py                                                                                     40      0      8      0 100.00%
src\bioetl\infrastructure\checkpoint\_local_checkpoint_io.py                                                                                            73      0     22      1  98.95%   115->117
src\bioetl\infrastructure\checkpoint\_local_checkpoint_sync.py                                                                                          74      0     24      0 100.00%
src\bioetl\infrastructure\checkpoint\local_checkpoint.py                                                                                                28      0      0      0 100.00%
src\bioetl\infrastructure\checkpoint\metrics_rehydrate.py                                                                                               50      4     18      3  89.71%   28->30, 32, 52, 78-79
src\bioetl\infrastructure\compat\__init__.py                                                                                                             2      0      0      0 100.00%
src\bioetl\infrastructure\config\__init__.py                                                                                                            10      0      0      0 100.00%
src\bioetl\infrastructure\config\_base.py                                                                                                               76      0      4      0 100.00%
src\bioetl\infrastructure\config\_composite_config_paths.py                                                                                             23      0      6      0 100.00%
src\bioetl\infrastructure\config\_composite_dq_externalization.py                                                                                       40      0     16      0 100.00%
src\bioetl\infrastructure\config\_composite_gold_schema_registry.py                                                                                     21      0      2      0 100.00%
src\bioetl\infrastructure\config\_composite_shared_policy_externalization.py                                                                            27      0     10      0 100.00%
src\bioetl\infrastructure\config\_dq_config_layers.py                                                                                                   28      0      8      0 100.00%
src\bioetl\infrastructure\config\_dq_config_normalization.py                                                                                            29      0     18      1  97.87%   43->45
src\bioetl\infrastructure\config\_dq_config_validation_merge.py                                                                                         27      0     10      0 100.00%
src\bioetl\infrastructure\config\_observability_settings.py                                                                                             39      0      0      0 100.00%
src\bioetl\infrastructure\config\_path_settings.py                                                                                                      22      0      0      0 100.00%
src\bioetl\infrastructure\config\_pipeline_settings.py                                                                                                  52      0      8      0 100.00%
src\bioetl\infrastructure\config\_retry_settings.py                                                                                                     33      0      0      0 100.00%
src\bioetl\infrastructure\config\_settings_validation.py                                                                                                11      0      6      0 100.00%
src\bioetl\infrastructure\config\_yaml_settings_source.py                                                                                               29      0      6      0 100.00%
src\bioetl\infrastructure\config\base_config_loader.py                                                                                                  38      0      8      0 100.00%
src\bioetl\infrastructure\config\chembl_policy_registry_loader.py                                                                                       97      0     36      1  99.25%   218->exit
src\bioetl\infrastructure\config\composite_config_api.py                                                                                                37      0      4      1  97.56%   45->exit
src\bioetl\infrastructure\config\config_ci_contract.py                                                                                                  19      0      0      0 100.00%
src\bioetl\infrastructure\config\config_helpers.py                                                                                                       8      0      2      0 100.00%
src\bioetl\infrastructure\config\config_root.py                                                                                                         40      0     18      0 100.00%
src\bioetl\infrastructure\config\contract_identity_resolution.py                                                                                        73      0     22      0 100.00%
src\bioetl\infrastructure\config\contract_policy_loader.py                                                                                              53      0     16      1  98.55%   60->65
src\bioetl\infrastructure\config\contract_policy_validation.py                                                                                          80      0     30      0 100.00%
src\bioetl\infrastructure\config\contract_registry_loader.py                                                                                           103      0     32      0 100.00%
src\bioetl\infrastructure\config\converters.py                                                                                                          72      0     16      1  98.86%   39->36
src\bioetl\infrastructure\config\domain_config_resolver.py                                                                                              33      0      4      1  97.30%   33->exit
src\bioetl\infrastructure\config\dq_config_loader.py                                                                                                    50      0      4      0 100.00%
src\bioetl\infrastructure\config\dq_config_resolution.py                                                                                                28      0      8      0 100.00%
src\bioetl\infrastructure\config\dq_contract_config_loader.py                                                                                          116      0     30      0 100.00%
src\bioetl\infrastructure\config\effective_config_graph.py                                                                                              92      0     56      3  97.97%   131->127, 145->144, 155->154
src\bioetl\infrastructure\config\entity_filter_metadata_registry.py                                                                                     44      0     14      1  98.28%   41->34
src\bioetl\infrastructure\config\enum_file_loader.py                                                                                                    37      0     16      0 100.00%
src\bioetl\infrastructure\config\enum_loader_adapter.py                                                                                                 15      0      2      0 100.00%
src\bioetl\infrastructure\config\field_group_loader.py                                                                                                  52      0     16      0 100.00%
src\bioetl\infrastructure\config\filter_config_loader.py                                                                                                88      0     36      1  99.19%   208->212
src\bioetl\infrastructure\config\pipeline_config_api.py                                                                                                110      0     18      1  99.22%   267->exit
src\bioetl\infrastructure\config\pipeline_config_loader.py                                                                                              27      0      0      0 100.00%
src\bioetl\infrastructure\config\pipeline_dq_resolution.py                                                                                              77      0     32      0 100.00%
src\bioetl\infrastructure\config\pipeline_normalizers.py                                                                                                98      0     54      0 100.00%
src\bioetl\infrastructure\config\pipeline_payload_normalization.py                                                                                      99      0     22      0 100.00%
src\bioetl\infrastructure\config\protein_class_target_type_loader.py                                                                                    26      0      8      0 100.00%
src\bioetl\infrastructure\config\publication_controlled_vocabulary_loader.py                                                                            62      0     22      0 100.00%
src\bioetl\infrastructure\config\publication_type_classification_loader.py                                                                              27      0      6      0 100.00%
src\bioetl\infrastructure\config\reason_catalog_loader.py                                                                                               30      0      8      0 100.00%
src\bioetl\infrastructure\config\semantic_field_registry_loader.py                                                                                      35      0     16      0 100.00%
src\bioetl\infrastructure\config\settings_api.py                                                                                                         3      0      0      0 100.00%
src\bioetl\infrastructure\config\silver_filter_migration.py                                                                                              4      0      0      0 100.00%
src\bioetl\infrastructure\config\source_config_loader.py                                                                                                49      0      6      1  98.18%   132->exit
src\bioetl\infrastructure\config\source_normalizers\__init__.py                                                                                          3      0      0      0 100.00%
src\bioetl\infrastructure\config\source_normalizers\source.py                                                                                           83      0     34      3  97.44%   47->51, 64->70, 188->191
src\bioetl\infrastructure\config\staged_enforcement_policy_loader.py                                                                                    23      0      8      0 100.00%
src\bioetl\infrastructure\config\workflow_config_api.py                                                                                                 30      0      4      0 100.00%
src\bioetl\infrastructure\config_loader_filtering.py                                                                                                    21      0     12      0 100.00%
src\bioetl\infrastructure\config_merge.py                                                                                                               49      0     22      0 100.00%
src\bioetl\infrastructure\control_plane\__init__.py                                                                                                      7      0      0      0 100.00%
src\bioetl\infrastructure\control_plane\_durability.py                                                                                                  14      0      4      0 100.00%
src\bioetl\infrastructure\control_plane\_file_artifact_lifecycle_bronze_refs.py                                                                         65      0     30      3  96.84%   105->109, 119->exit, 139->exit
src\bioetl\infrastructure\control_plane\_file_artifact_lifecycle_checkpoint_refs.py                                                                     32      0     12      1  97.73%   88->exit
src\bioetl\infrastructure\control_plane\_file_artifact_lifecycle_manifest_protections.py                                                                83      0     40      2  98.37%   77->81, 147->149
src\bioetl\infrastructure\control_plane\_file_artifact_lifecycle_protections.py                                                                         49      0     12      3  95.08%   105->107, 108->110, 117->115
src\bioetl\infrastructure\control_plane\_file_artifact_lifecycle_refs.py                                                                               108      0     32      1  99.29%   219->221
src\bioetl\infrastructure\control_plane\_file_artifact_lifecycle_runtime_protections.py                                                                 36      0     18      4  92.59%   44->46, 47->49, 50->exit, 67->73
src\bioetl\infrastructure\control_plane\_file_artifact_lifecycle_surfaces.py                                                                            18      0      6      0 100.00%
src\bioetl\infrastructure\control_plane\_file_lineage_index.py                                                                                          76      0     30      0 100.00%
src\bioetl\infrastructure\control_plane\_file_lineage_queries.py                                                                                        64      0     12      1  98.68%   75->94
src\bioetl\infrastructure\control_plane\_file_run_ledger_helpers.py                                                                                    112      0     58      5  97.06%   33->exit, 35->exit, 37->exit, 39->exit, 41->exit
src\bioetl\infrastructure\control_plane\_file_run_ledger_queries.py                                                                                     80      0     12      0 100.00%
src\bioetl\infrastructure\control_plane\_file_run_manifest_persistence.py                                                                               66      0     12      0 100.00%
src\bioetl\infrastructure\control_plane\_raw_run_manifest_inspection.py                                                                                136      0     60      0 100.00%
src\bioetl\infrastructure\control_plane\_raw_run_manifest_nested_validation.py                                                                          80      0     38      0 100.00%
src\bioetl\infrastructure\control_plane\_read_metrics.py                                                                                                 9      0      2      0 100.00%
src\bioetl\infrastructure\control_plane\_run_manifest_scope_index.py                                                                                    88      0     34      0 100.00%
src\bioetl\infrastructure\control_plane\_run_manifest_scope_rebuild.py                                                                                  53      0     20      4  94.52%   19->exit, 21->exit, 27->exit, 29->exit
src\bioetl\infrastructure\control_plane\archive_assessment.py                                                                                           61      6     18      7  83.54%   47, 51, 56, 79->82, 83, 85, 91
src\bioetl\infrastructure\control_plane\archive_run_reports.py                                                                                          72      0     36      0 100.00%
src\bioetl\infrastructure\control_plane\artifact_byte_comparison.py                                                                                    162      0     52      2  99.07%   243->exit, 291->exit
src\bioetl\infrastructure\control_plane\file_archive_store.py                                                                                          157      0     66      0 100.00%
src\bioetl\infrastructure\control_plane\file_artifact_lifecycle_payloads.py                                                                            124      0     60      0 100.00%
src\bioetl\infrastructure\control_plane\file_artifact_lifecycle_planning.py                                                                             14      0      0      0 100.00%
src\bioetl\infrastructure\control_plane\file_artifact_lifecycle_reasons.py                                                                             102      0     62      3  98.17%   135->139, 155->157, 159->161
src\bioetl\infrastructure\control_plane\file_artifact_lifecycle_store.py                                                                                53      0     16      2  97.10%   138->147, 147->exit
src\bioetl\infrastructure\control_plane\file_artifact_lifecycle_types.py                                                                                15      0      0      0 100.00%
src\bioetl\infrastructure\control_plane\file_contract_evidence_recorder.py                                                                              11      0      0      0 100.00%
src\bioetl\infrastructure\control_plane\file_contract_registry_store.py                                                                                 54      0      8      0 100.00%
src\bioetl\infrastructure\control_plane\file_effective_config_artifact_store.py                                                                        156      0     50      2  99.03%   177->exit, 283->286
src\bioetl\infrastructure\control_plane\file_historical_replay_closure_store.py                                                                         19      0      4      2  91.30%   17->exit, 19->exit
src\bioetl\infrastructure\control_plane\file_historical_replay_universe_store.py                                                                        29      0     10      3  92.31%   19->exit, 21->exit, 50->48
src\bioetl\infrastructure\control_plane\file_lineage_store.py                                                                                          105      0     22      3  97.64%   126->134, 165->exit, 232->230
src\bioetl\infrastructure\control_plane\file_provider_health_evidence.py                                                                                78      3     24      4  93.14%   53, 83->82, 111, 119
src\bioetl\infrastructure\control_plane\file_run_ledger_store.py                                                                                        64      0      8      0 100.00%
src\bioetl\infrastructure\control_plane\file_run_manifest_store.py                                                                                     174      1     38      1  99.06%   110
src\bioetl\infrastructure\control_plane\file_workflow_execution_state_store.py                                                                          80      0     14      0 100.00%
src\bioetl\infrastructure\control_plane\file_workflow_ledger_store.py                                                                                  101      0     24      1  99.20%   81->exit
src\bioetl\infrastructure\control_plane\file_workflow_manifest_store.py                                                                                117      0     16      1  99.25%   200->exit
src\bioetl\infrastructure\control_plane\file_workflow_transform_artifact_store.py                                                                      117      0     36      2  98.69%   150->154, 236->235
src\bioetl\infrastructure\control_plane\provider_health_evidence.py                                                                                     54      0     14      0 100.00%
src\bioetl\infrastructure\control_plane\replay_object_verifier.py                                                                                       92     10     38     10  84.62%   27, 62, 73, 76, 79, 82, 102, 106, 138, 141
src\bioetl\infrastructure\errors\__init__.py                                                                                                             4      0      0      0 100.00%
src\bioetl\infrastructure\errors\exception_mapper.py                                                                                                    92      0     18      0 100.00%
src\bioetl\infrastructure\errors\storage_error_helpers.py                                                                                                9      0      0      0 100.00%
src\bioetl\infrastructure\export\__init__.py                                                                                                            10      0      2      0 100.00%
src\bioetl\infrastructure\export\csv_exporter.py                                                                                                       112      0     28      0 100.00%
src\bioetl\infrastructure\export\csv_exporter_contract.py                                                                                                7      0      6      3  76.92%   15->exit, 24->exit, 31->exit
src\bioetl\infrastructure\export\csv_exporter_io_ops.py                                                                                                 74      0     14      3  96.59%   101->103, 139->141, 143->exit
src\bioetl\infrastructure\export\csv_exporter_table_ops.py                                                                                              55      0     18      1  98.63%   113->119
src\bioetl\infrastructure\export\debug_export_adapter.py                                                                                                87      0     18      0 100.00%
src\bioetl\infrastructure\export\debug_export_ops.py                                                                                                    93      0     28      0 100.00%
src\bioetl\infrastructure\export\dq_report_writer.py                                                                                                    73      0     18      0 100.00%
src\bioetl\infrastructure\export\export_catalog_adapter.py                                                                                              38      0     26      0 100.00%
src\bioetl\infrastructure\export\export_writer_adapter.py                                                                                               53      0      8      0 100.00%
src\bioetl\infrastructure\locking\__init__.py                                                                                                            3      0      0      0 100.00%
src\bioetl\infrastructure\locking\memory_lock.py                                                                                                       120      0     48      3  98.21%   59->exit, 64->exit, 231->230
src\bioetl\infrastructure\observability\__init__.py                                                                                                     16      0      0      0 100.00%
src\bioetl\infrastructure\observability\_metrics_defs_adapter.py                                                                                        22      0      0      0 100.00%
src\bioetl\infrastructure\observability\_metrics_defs_core.py                                                                                           49      0      0      0 100.00%
src\bioetl\infrastructure\observability\_metrics_defs_health.py                                                                                         14      0      0      0 100.00%
src\bioetl\infrastructure\observability\_metrics_defs_pipeline.py                                                                                       12      0      0      0 100.00%
src\bioetl\infrastructure\observability\_metrics_defs_pipeline_checkpoint.py                                                                            10      0      0      0 100.00%
src\bioetl\infrastructure\observability\_metrics_defs_pipeline_composite.py                                                                              4      0      0      0 100.00%
src\bioetl\infrastructure\observability\_metrics_defs_pipeline_control_plane.py                                                                         19      0      0      0 100.00%
src\bioetl\infrastructure\observability\_metrics_defs_pipeline_lifecycle.py                                                                             11      0      0      0 100.00%
src\bioetl\infrastructure\observability\_metrics_defs_pipeline_lineage.py                                                                                6      0      0      0 100.00%
src\bioetl\infrastructure\observability\_metrics_defs_pipeline_memory.py                                                                                 7      0      0      0 100.00%
src\bioetl\infrastructure\observability\_metrics_defs_pipeline_quality.py                                                                                9      0      0      0 100.00%
src\bioetl\infrastructure\observability\_metrics_defs_pipeline_replay.py                                                                                 7      0      0      0 100.00%
src\bioetl\infrastructure\observability\_metrics_defs_pipeline_transform.py                                                                              6      0      0      0 100.00%
src\bioetl\infrastructure\observability\_metrics_defs_pipeline_workflow.py                                                                              16      0      0      0 100.00%
src\bioetl\infrastructure\observability\_metrics_defs_storage.py                                                                                        33      0      0      0 100.00%
src\bioetl\infrastructure\observability\_metrics_gateway_publication.py                                                                                 75      0     24      4  95.96%   32->exit, 36->exit, 40->exit, 180->183
src\bioetl\infrastructure\observability\_metrics_gateway_snapshots.py                                                                                   37      0     12      1  97.96%   16->exit
src\bioetl\infrastructure\observability\_metrics_server_startup.py                                                                                      54      0     18      0 100.00%
src\bioetl\infrastructure\observability\_metrics_server_state.py                                                                                        32      0      0      0 100.00%
src\bioetl\infrastructure\observability\_prometheus_metric_label_dispatch_core.py                                                                       30      0     12      0 100.00%
src\bioetl\infrastructure\observability\_prometheus_metric_label_dispatch_policy.py                                                                     37      0     22      0 100.00%
src\bioetl\infrastructure\observability\_prometheus_metric_label_dispatch_publication.py                                                                38      0     24      0 100.00%
src\bioetl\infrastructure\observability\_prometheus_metric_label_normalizers.py                                                                        108      0     22      0 100.00%
src\bioetl\infrastructure\observability\_prometheus_metric_label_vocab.py                                                                                7      0      0      0 100.00%
src\bioetl\infrastructure\observability\_prometheus_metric_label_vocab_core.py                                                                          11      0      0      0 100.00%
src\bioetl\infrastructure\observability\_prometheus_metric_label_vocab_pipeline.py                                                                      11      0      0      0 100.00%
src\bioetl\infrastructure\observability\_prometheus_metric_label_vocab_publication.py                                                                   13      0      0      0 100.00%
src\bioetl\infrastructure\observability\_prometheus_metric_label_vocab_quality.py                                                                        6      0      0      0 100.00%
src\bioetl\infrastructure\observability\_prometheus_metric_label_vocab_silver.py                                                                         5      0      0      0 100.00%
src\bioetl\infrastructure\observability\anomaly\__init__.py                                                                                              6      0      0      0 100.00%
src\bioetl\infrastructure\observability\anomaly\detector.py                                                                                             87      0     38      0 100.00%
src\bioetl\infrastructure\observability\anomaly\detectors\__init__.py                                                                                    4      0      0      0 100.00%
src\bioetl\infrastructure\observability\anomaly\detectors\base.py                                                                                        6      0      0      0 100.00%
src\bioetl\infrastructure\observability\anomaly\detectors\zscore.py                                                                                     39      0     16      0 100.00%
src\bioetl\infrastructure\observability\anomaly\monitor.py                                                                                              38      0     14      0 100.00%
src\bioetl\infrastructure\observability\anomaly\types.py                                                                                                 5      0      0      0 100.00%
src\bioetl\infrastructure\observability\circuit_breaker_mapping.py                                                                                       5      0      0      0 100.00%
src\bioetl\infrastructure\observability\debug_adapters.py                                                                                               57      0     10      0 100.00%
src\bioetl\infrastructure\observability\health_metrics_exposition.py                                                                                    17      0      4      1  95.24%   31->33
src\bioetl\infrastructure\observability\logging.py                                                                                                      36      0      2      0 100.00%
src\bioetl\infrastructure\observability\logging_config.py                                                                                              117      0     46      0 100.00%
src\bioetl\infrastructure\observability\logging_helpers.py                                                                                               6      0      0      0 100.00%
src\bioetl\infrastructure\observability\metrics.py                                                                                                       8      0      0      0 100.00%
src\bioetl\infrastructure\observability\metrics_collector.py                                                                                            15      0      2      0 100.00%
src\bioetl\infrastructure\observability\metrics_definitions.py                                                                                          11      0      2      0 100.00%
src\bioetl\infrastructure\observability\metrics_export_names.py                                                                                          3      0      0      0 100.00%
src\bioetl\infrastructure\observability\metrics_publisher_adapter.py                                                                                    11      0      0      0 100.00%
src\bioetl\infrastructure\observability\metrics_server_adapter.py                                                                                       17      0      0      0 100.00%
src\bioetl\infrastructure\observability\noop_logger.py                                                                                                  11      0      0      0 100.00%
src\bioetl\infrastructure\observability\noop_resolution.py                                                                                               7      0      0      0 100.00%
src\bioetl\infrastructure\observability\observability_backend_probes.py                                                                                 59      0     28      4  95.40%   27->exit, 29->exit, 31->exit, 42->exit
src\bioetl\infrastructure\observability\observability_backend_process.py                                                                               174      0     50      4  98.21%   68->66, 215->242, 222->233, 233->239
src\bioetl\infrastructure\observability\prometheus_metric_label_dispatch.py                                                                             21      0      8      0 100.00%
src\bioetl\infrastructure\observability\prometheus_metric_label_policy_sets.py                                                                          33      0      0      0 100.00%
src\bioetl\infrastructure\observability\prometheus_metric_registries.py                                                                                 42      0      6      0 100.00%
src\bioetl\infrastructure\observability\prometheus_metrics.py                                                                                           82      0     28      5  95.45%   63->exit, 67->exit, 74->exit, 81->exit, 83->exit
src\bioetl\infrastructure\observability\required_publication_series.py                                                                                  49      0     16      0 100.00%
src\bioetl\infrastructure\observability\server.py                                                                                                       19      0      0      0 100.00%
src\bioetl\infrastructure\observability\tracing.py                                                                                                     142      0     54      0 100.00%
src\bioetl\infrastructure\observability\unified_logger.py                                                                                               62      0     10      0 100.00%
src\bioetl\infrastructure\provenance\__init__.py                                                                                                         1      0      0      0 100.00%
src\bioetl\infrastructure\provenance\code_revision.py                                                                                                  140      0     64      1  99.51%   93->105
src\bioetl\infrastructure\quality\__init__.py                                                                                                            7      0      0      0 100.00%
src\bioetl\infrastructure\quality\_baseline_validation.py                                                                                              128      0     64      0 100.00%
src\bioetl\infrastructure\quality\_decomposition_burndown_policy.py                                                                                     81      0     40      1  99.17%   68->51
src\bioetl\infrastructure\quality\_decomposition_owner_policy.py                                                                                        99      0     54      0 100.00%
src\bioetl\infrastructure\quality\_decomposition_program_policy.py                                                                                      19      0      8      0 100.00%
src\bioetl\infrastructure\quality\_decomposition_validation.py                                                                                           5      0      0      0 100.00%
src\bioetl\infrastructure\quality\_governance_validation.py                                                                                            156      0     80      0 100.00%
src\bioetl\infrastructure\quality\_grace_windows_validation.py                                                                                          78      0     42      0 100.00%
src\bioetl\infrastructure\quality\_primitives.py                                                                                                        55      0     20      0 100.00%
src\bioetl\infrastructure\quality\_quarterly_targets_validation.py                                                                                      54      0     24      0 100.00%
src\bioetl\infrastructure\quality\architecture_debt_artifact_tasks.py                                                                                  107      0     32      0 100.00%
src\bioetl\infrastructure\quality\architecture_debt_reduction.py                                                                                       158      0     72      1  99.57%   291->294
src\bioetl\infrastructure\quality\architecture_debt_task_generation.py                                                                                  65      0     16      0 100.00%
src\bioetl\infrastructure\quality\architecture_debt_task_policy.py                                                                                      38      0     14      0 100.00%
src\bioetl\infrastructure\quality\architecture_debt_task_support.py                                                                                    136      0     64      1  99.50%   197->202
src\bioetl\infrastructure\quality\architecture_quality_scorecard.py                                                                                     88      0     14      0 100.00%
src\bioetl\infrastructure\quality\architecture_quality_scoring.py                                                                                       99      0     36      0 100.00%
src\bioetl\infrastructure\quality\budget_evaluator.py                                                                                                  123      0     56      0 100.00%
src\bioetl\infrastructure\quality\debt_scorecard.py                                                                                                    117      0     34      2  98.68%   59->66, 61->66
src\bioetl\infrastructure\quality\debt_scorecard_validation.py                                                                                          34      0      6      0 100.00%
src\bioetl\infrastructure\quality\exemptions_registry.py                                                                                                42      0      0      0 100.00%
src\bioetl\infrastructure\quality\exemptions_registry_access.py                                                                                         47      0     22      0 100.00%
src\bioetl\infrastructure\quality\exemptions_registry_paths.py                                                                                          32      0     12      0 100.00%
src\bioetl\infrastructure\quality\exemptions_registry_policy.py                                                                                         71      0     32      0 100.00%
src\bioetl\infrastructure\quality\exemptions_registry_targets.py                                                                                        99      0     42      0 100.00%
src\bioetl\infrastructure\quality\exemptions_registry_validation.py                                                                                     98      0     46      0 100.00%
src\bioetl\infrastructure\quality\inventory.py                                                                                                          45      0     12      0 100.00%
src\bioetl\infrastructure\quality\registry_sync_service.py                                                                                              60      0     26      2  97.67%   17->23, 19->23
src\bioetl\infrastructure\quality\report_formatter.py                                                                                                   93      0     42      0 100.00%
src\bioetl\infrastructure\quality\scoring.py                                                                                                           122      0     66      0 100.00%
src\bioetl\infrastructure\quarantine\__init__.py                                                                                                         4      0      0      0 100.00%
src\bioetl\infrastructure\quarantine\_inspection.py                                                                                                     23      0      4      1  96.30%   57->60
src\bioetl\infrastructure\quarantine\_lifecycle.py                                                                                                      36      0      4      0 100.00%
src\bioetl\infrastructure\quarantine\_pyarrow_helpers.py                                                                                                19      0      6      2  92.00%   18->exit, 24->exit
src\bioetl\infrastructure\quarantine\_statistics.py                                                                                                     47      0     16      2  96.83%   60->56, 73->75
src\bioetl\infrastructure\quarantine\_statistics_helpers.py                                                                                             17      0      4      0 100.00%
src\bioetl\infrastructure\quarantine\_timeseries.py                                                                                                     29      0      8      0 100.00%
src\bioetl\infrastructure\quarantine\_unified_filtered_mixin.py                                                                                         19      0      0      0 100.00%
src\bioetl\infrastructure\quarantine\filtered_manifest_support.py                                                                                       54      0     22      0 100.00%
src\bioetl\infrastructure\quarantine\filtered_read_support.py                                                                                          164      0     84      1  99.60%   139->142
src\bioetl\infrastructure\quarantine\filtered_reads.py                                                                                                  79      0     18      0 100.00%
src\bioetl\infrastructure\quarantine\operations.py                                                                                                       7      0      0      0 100.00%
src\bioetl\infrastructure\quarantine\record_encoding.py                                                                                                 15      0      6      0 100.00%
src\bioetl\infrastructure\quarantine\statistics_support.py                                                                                              75      0     20      0 100.00%
src\bioetl\infrastructure\quarantine\status_events.py                                                                                                   78      0     26      0 100.00%
src\bioetl\infrastructure\quarantine\unified.py                                                                                                         85      0      8      0 100.00%
src\bioetl\infrastructure\schemas\__init__.py                                                                                                            7      0      0      0 100.00%
src\bioetl\infrastructure\schemas\_composite_config_merge_schema.py                                                                                     75      0     18      1  98.92%   108->112
src\bioetl\infrastructure\schemas\base_schemas.py                                                                                                        4      0      0      0 100.00%
src\bioetl\infrastructure\schemas\base_schemas_chembl.py                                                                                                58      0      0      0 100.00%
src\bioetl\infrastructure\schemas\base_schemas_pubchem.py                                                                                               72      0     12      0 100.00%
src\bioetl\infrastructure\schemas\composite_config.py                                                                                                   44      0      2      0 100.00%
src\bioetl\infrastructure\schemas\composite_config_base.py                                                                                              97      0     26      0 100.00%
src\bioetl\infrastructure\schemas\composite_validation.py                                                                                               86      0      6      0 100.00%
src\bioetl\infrastructure\schemas\dq_config.py                                                                                                          52      0      2      0 100.00%
src\bioetl\infrastructure\schemas\dq_report_config.py                                                                                                   68      0      6      0 100.00%
src\bioetl\infrastructure\schemas\filter_config.py                                                                                                      56      0     10      1  98.48%   86->92
src\bioetl\infrastructure\schemas\pipeline_config.py                                                                                                   133      0     32      0 100.00%
src\bioetl\infrastructure\schemas\pipeline_config_common.py                                                                                             88      0      0      0 100.00%
src\bioetl\infrastructure\schemas\pipeline_config_common_schemas.py                                                                                    154      0     22      1  99.43%   236->242
src\bioetl\infrastructure\schemas\pipeline_config_dq.py                                                                                                  3      0      0      0 100.00%
src\bioetl\infrastructure\schemas\pipeline_config_provider.py                                                                                           17      0      0      0 100.00%
src\bioetl\infrastructure\schemas\pipeline_contract_policy.py                                                                                           85      0     24      0 100.00%
src\bioetl\infrastructure\schemas\silver.py                                                                                                              5      0      0      0 100.00%
src\bioetl\infrastructure\schemas\silver_chembl.py                                                                                                       4      0      0      0 100.00%
src\bioetl\infrastructure\schemas\silver_chembl_core.py                                                                                                 14      0      0      0 100.00%
src\bioetl\infrastructure\schemas\silver_chembl_extended.py                                                                                             10      0      0      0 100.00%
src\bioetl\infrastructure\schemas\silver_common_field_blocks.py                                                                                         13      0      2      0 100.00%
src\bioetl\infrastructure\schemas\silver_compounds.py                                                                                                    7      0      0      0 100.00%
src\bioetl\infrastructure\schemas\silver_publication_field_blocks.py                                                                                    16      0      0      0 100.00%
src\bioetl\infrastructure\schemas\silver_publications.py                                                                                                10      0      0      0 100.00%
src\bioetl\infrastructure\schemas\source_config.py                                                                                                     119      0     10      0 100.00%
src\bioetl\infrastructure\schemas\source_profile_config.py                                                                                              50      0     16      0 100.00%
src\bioetl\infrastructure\schemas\workflow_config.py                                                                                                   192      0     20      2  99.06%   318->320, 320->322
src\bioetl\infrastructure\schemas\workflow_config_fk.py                                                                                                 48      0     22      0 100.00%
src\bioetl\infrastructure\security\__init__.py                                                                                                           3      0      0      0 100.00%
src\bioetl\infrastructure\security\pii_hasher.py                                                                                                        69      0     14      0 100.00%
src\bioetl\infrastructure\serialization\__init__.py                                                                                                      3      0      0      0 100.00%
src\bioetl\infrastructure\serialization\encoders.py                                                                                                     69      0     16      0 100.00%
src\bioetl\infrastructure\storage\__init__.py                                                                                                            5      0      0      0 100.00%
src\bioetl\infrastructure\storage\atomic.py                                                                                                              3      0      0      0 100.00%
src\bioetl\infrastructure\storage\audit_normalization.py                                                                                                17      0      6      0 100.00%
src\bioetl\infrastructure\storage\base_delta_writer.py                                                                                                  64      0      6      2  97.14%   155->161, 161->165
src\bioetl\infrastructure\storage\base_delta_writer_access.py                                                                                           36      0      4      0 100.00%
src\bioetl\infrastructure\storage\bronze\__init__.py                                                                                                     2      0      0      0 100.00%
src\bioetl\infrastructure\storage\bronze\facade_contracts.py                                                                                            15      0      0      0 100.00%
src\bioetl\infrastructure\storage\bronze\io_mixin.py                                                                                                   127      0     24      0 100.00%
src\bioetl\infrastructure\storage\bronze\metadata_assembly.py                                                                                           42      0      0      0 100.00%
src\bioetl\infrastructure\storage\bronze\metadata_mixin.py                                                                                              24      0      2      0 100.00%
src\bioetl\infrastructure\storage\bronze\metadata_operations.py                                                                                         58      0      8      0 100.00%
src\bioetl\infrastructure\storage\bronze\metadata_paths.py                                                                                              10      0      2      0 100.00%
src\bioetl\infrastructure\storage\bronze\metadata_snapshot_refs.py                                                                                      38      0     14      0 100.00%
src\bioetl\infrastructure\storage\bronze\metrics_mixin.py                                                                                               15      0      0      0 100.00%
src\bioetl\infrastructure\storage\bronze\pipeline_helpers.py                                                                                            66      0     12      4  94.87%   78->exit, 80->exit, 82->exit, 90->exit
src\bioetl\infrastructure\storage\bronze\read_cleanup_mixin.py                                                                                         102      0     42      0 100.00%
src\bioetl\infrastructure\storage\bronze\reporting_helpers.py                                                                                           34      0      0      0 100.00%
src\bioetl\infrastructure\storage\bronze\side_effects_mixin.py                                                                                          29      0      2      0 100.00%
src\bioetl\infrastructure\storage\bronze\validation_mixin.py                                                                                            36      0     16      0 100.00%
src\bioetl\infrastructure\storage\bronze\write_execution.py                                                                                             41      0     16      5  91.23%   32->exit, 38->exit, 47->exit, 62->exit, 77->exit
src\bioetl\infrastructure\storage\bronze_write_result_helpers.py                                                                                         6      0      0      0 100.00%
src\bioetl\infrastructure\storage\bronze_writer.py                                                                                                      97      0      6      0 100.00%
src\bioetl\infrastructure\storage\composite_replay_bundle.py                                                                                            73      1     28      1  98.02%   129
src\bioetl\infrastructure\storage\composite_replay_evidence.py                                                                                          64      4     24      4  90.91%   73, 122, 151, 155
src\bioetl\infrastructure\storage\composite_replay_inputs.py                                                                                           110      0     32      0 100.00%
src\bioetl\infrastructure\storage\delta\__init__.py                                                                                                      2      0      0      0 100.00%
src\bioetl\infrastructure\storage\delta\arrow_converter.py                                                                                             120      0     42      1  99.38%   100->106
src\bioetl\infrastructure\storage\delta\gold_table_vacuum.py                                                                                             7      0      0      0 100.00%
src\bioetl\infrastructure\storage\delta\path_layout.py                                                                                                  14      0      6      0 100.00%
src\bioetl\infrastructure\storage\delta\resilience.py                                                                                                   60      0     14      0 100.00%
src\bioetl\infrastructure\storage\delta\schema_ops.py                                                                                                   33      0     14      0 100.00%
src\bioetl\infrastructure\storage\delta\table_ops.py                                                                                                    83      0     36      0 100.00%
src\bioetl\infrastructure\storage\delta_reader.py                                                                                                       96      1     22      1  98.31%   108
src\bioetl\infrastructure\storage\delta_reader_helpers.py                                                                                               27      0      4      1  96.77%   24->32
src\bioetl\infrastructure\storage\file_metadata_index.py                                                                                                55      1     12      1  97.01%   81
src\bioetl\infrastructure\storage\gold\__init__.py                                                                                                       2      0      0      0 100.00%
src\bioetl\infrastructure\storage\gold\io_delta_mixins.py                                                                                               48      0      4      1  98.08%   114->exit
src\bioetl\infrastructure\storage\gold\io_delta_protocols.py                                                                                            24      0     12      4  88.89%   26->exit, 34->exit, 69->exit, 73->exit
src\bioetl\infrastructure\storage\gold\io_delta_runtime.py                                                                                              86      0     12      1  98.98%   204->exit
src\bioetl\infrastructure\storage\gold\io_execution.py                                                                                                  38      0      2      0 100.00%
src\bioetl\infrastructure\storage\gold\io_helpers.py                                                                                                    30      0      8      3  92.11%   43->exit, 47->exit, 57->exit
src\bioetl\infrastructure\storage\gold\io_metrics.py                                                                                                    27      0      8      0 100.00%
src\bioetl\infrastructure\storage\gold\io_mixin.py                                                                                                      41      0      6      0 100.00%
src\bioetl\infrastructure\storage\gold\io_preparation.py                                                                                                51      0      8      0 100.00%
src\bioetl\infrastructure\storage\gold\io_protocols.py                                                                                                  17      0      8      4  84.00%   26->exit, 40->exit, 50->exit, 74->exit
src\bioetl\infrastructure\storage\gold\metadata_audit.py                                                                                                23      0      0      0 100.00%
src\bioetl\infrastructure\storage\gold\metadata_mixin.py                                                                                                50      0      8      0 100.00%
src\bioetl\infrastructure\storage\gold\metadata_operation_helpers.py                                                                                    15      0      6      0 100.00%
src\bioetl\infrastructure\storage\gold\metadata_operations.py                                                                                           77      0     10      2  97.70%   105->exit, 183->190
src\bioetl\infrastructure\storage\gold\metadata_payloads.py                                                                                             43      0     10      0 100.00%
src\bioetl\infrastructure\storage\gold\pipeline_helpers.py                                                                                              71      0     18      8  91.01%   69->exit, 71->exit, 73->exit, 80->exit, 86->exit, 93->exit, 101->exit, 110->exit
src\bioetl\infrastructure\storage\gold\read_cleanup_mixin.py                                                                                            76      0     22      1  98.98%   165->168
src\bioetl\infrastructure\storage\gold\runtime_helpers.py                                                                                               18      0      0      0 100.00%
src\bioetl\infrastructure\storage\gold\validation_mixin.py                                                                                              45      0     14      0 100.00%
src\bioetl\infrastructure\storage\gold\writer_implementation.py                                                                                         48      0      6      1  98.15%   91->96
src\bioetl\infrastructure\storage\gold\writer_metrics.py                                                                                                34      0     10      0 100.00%
src\bioetl\infrastructure\storage\gold\writer_protocols.py                                                                                              35      0     18      8  84.91%   50->exit, 56->exit, 85->exit, 88->exit, 90->exit, 102->exit, 104->exit, 106->exit
src\bioetl\infrastructure\storage\gold\writer_request.py                                                                                                 9      0      0      0 100.00%
src\bioetl\infrastructure\storage\gold\writer_runtime.py                                                                                                 5      0      0      0 100.00%
src\bioetl\infrastructure\storage\gold\writer_schema_helpers.py                                                                                         27      0     10      0 100.00%
src\bioetl\infrastructure\storage\gold_writer.py                                                                                                        82      0      4      0 100.00%
src\bioetl\infrastructure\storage\lineage_persistence.py                                                                                               101      0     48      3  97.99%   113->120, 134->131, 222->224
src\bioetl\infrastructure\storage\metadata\__init__.py                                                                                                   2      0      0      0 100.00%
src\bioetl\infrastructure\storage\metadata\builder_base.py                                                                                             102      0     32      0 100.00%
src\bioetl\infrastructure\storage\metadata\metadata_helpers.py                                                                                          55      0     10      0 100.00%
src\bioetl\infrastructure\storage\metadata\writer_operations.py                                                                                         94      0     12      0 100.00%
src\bioetl\infrastructure\storage\metadata_artifact_dataset.py                                                                                          19      0      6      0 100.00%
src\bioetl\infrastructure\storage\metadata_artifact_details.py                                                                                          42      0     16      0 100.00%
src\bioetl\infrastructure\storage\metadata_artifact_metrics.py                                                                                          16      0      4      0 100.00%
src\bioetl\infrastructure\storage\metadata_artifact_publication.py                                                                                      24      0      2      0 100.00%
src\bioetl\infrastructure\storage\metadata_writer.py                                                                                                    22      0      0      0 100.00%
src\bioetl\infrastructure\storage\metadata_writer_finalizers.py                                                                                         15      0      0      0 100.00%
src\bioetl\infrastructure\storage\metadata_writer_helpers.py                                                                                            76      0     18      1  98.94%   108->111
src\bioetl\infrastructure\storage\metadata_writer_impl.py                                                                                                4      0      0      0 100.00%
src\bioetl\infrastructure\storage\metadata_writer_operations_impl.py                                                                                    31      0      2      0 100.00%
src\bioetl\infrastructure\storage\metadata_writer_public.py                                                                                             42      0      2      0 100.00%
src\bioetl\infrastructure\storage\run_report_store_adapter.py                                                                                           49      0     10      0 100.00%
src\bioetl\infrastructure\storage\silver\__init__.py                                                                                                     2      0      0      0 100.00%
src\bioetl\infrastructure\storage\silver\audit_operations.py                                                                                            27      0      2      1  96.55%   43->exit
src\bioetl\infrastructure\storage\silver\delta_helpers.py                                                                                                6      0      0      0 100.00%
src\bioetl\infrastructure\storage\silver\delta_merge_helpers.py                                                                                         74      0     20      2  97.87%   110->109, 193->199
src\bioetl\infrastructure\storage\silver\delta_mixin.py                                                                                                 10      0      0      0 100.00%
src\bioetl\infrastructure\storage\silver\delta_request_models.py                                                                                        47      0      8      0 100.00%
src\bioetl\infrastructure\storage\silver\delta_write_execution.py                                                                                      134      0     24      1  99.37%   92->exit
src\bioetl\infrastructure\storage\silver\finalization_models.py                                                                                         32      0      0      0 100.00%
src\bioetl\infrastructure\storage\silver\key_nullability_operations.py                                                                                  25      0     14      0 100.00%
src\bioetl\infrastructure\storage\silver\maintenance_mixin.py                                                                                           45      0      4      0 100.00%
src\bioetl\infrastructure\storage\silver\merge_resilience_helpers.py                                                                                    90      0     24      0 100.00%
src\bioetl\infrastructure\storage\silver\merged_mixin.py                                                                                                 4      0      0      0 100.00%
src\bioetl\infrastructure\storage\silver\merged_operations.py                                                                                           75      0     22      5  94.85%   87->exit, 107->exit, 116->exit, 121->exit, 128->exit
src\bioetl\infrastructure\storage\silver\merged_request_support.py                                                                                      17      0      0      0 100.00%
src\bioetl\infrastructure\storage\silver\metadata_mixin.py                                                                                              60      0     14      1  98.65%   65->68
src\bioetl\infrastructure\storage\silver\metadata_mixin_protocols.py                                                                                    34      0     14      7  85.42%   60->exit, 68->exit, 80->exit, 85->exit, 97->exit, 104->exit, 106->exit
src\bioetl\infrastructure\storage\silver\metadata_operation_protocols.py                                                                                26      0     20     10  78.26%   27->exit, 30->exit, 33->exit, 36->exit, 39->exit, 42->exit, 44->exit, 46->exit, 60->exit, 68->exit
src\bioetl\infrastructure\storage\silver\metadata_operations.py                                                                                          9      0      0      0 100.00%
src\bioetl\infrastructure\storage\silver\metadata_result_finalization.py                                                                                20      0      0      0 100.00%
src\bioetl\infrastructure\storage\silver\metadata_write_execution.py                                                                                    15      0      0      0 100.00%
src\bioetl\infrastructure\storage\silver\metadata_write_models.py                                                                                       23      0      0      0 100.00%
src\bioetl\infrastructure\storage\silver\metadata_write_preparation.py                                                                                  37      0      4      0 100.00%
src\bioetl\infrastructure\storage\silver\operations\arrow_operations.py                                                                                  9      0      0      0 100.00%
src\bioetl\infrastructure\storage\silver\operations\delta_operation_impls.py                                                                            31      0      0      0 100.00%
src\bioetl\infrastructure\storage\silver\operations\delta_operation_protocols.py                                                                        26      0     22     11  77.08%   33->exit, 36->exit, 39->exit, 41->exit, 43->exit, 48->exit, 53->exit, 58->exit, 69->exit, 79->exit, 83->exit
src\bioetl\infrastructure\storage\silver\operations\delta_operations.py                                                                                 46      0      2      0 100.00%
src\bioetl\infrastructure\storage\silver\operations\maintenance_operations.py                                                                           74      0     28      8  92.16%   122->132, 132->139, 159->161, 177->184, 184->192, 211->213, 224->227, 227->235
src\bioetl\infrastructure\storage\silver\operations\merged_operations.py                                                                                33      0      0      0 100.00%
src\bioetl\infrastructure\storage\silver\operations\metadata_audit_operations.py                                                                        19      0      4      1  95.65%   21->exit
src\bioetl\infrastructure\storage\silver\operations\metadata_context_facade.py                                                                          40      0      4      2  95.45%   39->exit, 48->exit
src\bioetl\infrastructure\storage\silver\operations\metadata_dq_operations.py                                                                           29      0      0      0 100.00%
src\bioetl\infrastructure\storage\silver\operations\metadata_finalization_operations.py                                                                 26      0      6      2  93.75%   34->exit, 41->exit
src\bioetl\infrastructure\storage\silver\operations\metadata_finalization_support.py                                                                    44      0     16      6  90.00%   35->exit, 37->exit, 46->exit, 48->exit, 56->exit, 58->exit
src\bioetl\infrastructure\storage\silver\operations\metadata_operations.py                                                                              17      0      0      0 100.00%
src\bioetl\infrastructure\storage\silver\operations\metadata_runtime_support.py                                                                        139      0     58     12  93.91%   35->exit, 38->exit, 41->exit, 44->exit, 47->exit, 50->exit, 52->exit, 60->exit, 77->exit, 83->exit, 98->exit, 113->exit
src\bioetl\infrastructure\storage\silver\operations\metadata_write_facade.py                                                                            35      0      0      0 100.00%
src\bioetl\infrastructure\storage\silver\operations\metadata_write_operations.py                                                                        31      0     10      3  92.68%   39->exit, 41->exit, 49->exit
src\bioetl\infrastructure\storage\silver\operations\metadata_write_support.py                                                                           97      0     24      5  95.87%   33->exit, 36->exit, 39->exit, 41->exit, 54->exit
src\bioetl\infrastructure\storage\silver\operations\postwrite_execution.py                                                                              42      0      0      0 100.00%
src\bioetl\infrastructure\storage\silver\operations\postwrite_operations.py                                                                             23      0      4      1  96.30%   94->exit
src\bioetl\infrastructure\storage\silver\operations\postwrite_protocols.py                                                                              57      0     44      0 100.00%
src\bioetl\infrastructure\storage\silver\operations\validation_operations.py                                                                            91      0     16      4  96.26%   45->exit, 47->exit, 56->exit, 58->exit
src\bioetl\infrastructure\storage\silver\pipeline_helpers.py                                                                                            96      0     22      5  95.76%   77->exit, 88->exit, 106->exit, 117->exit, 131->127
src\bioetl\infrastructure\storage\silver\postwrite_mixin.py                                                                                             23      0     12      6  82.86%   37->exit, 47->exit, 59->exit, 64->exit, 71->exit, 78->exit
src\bioetl\infrastructure\storage\silver\prepared_operation_models.py                                                                                   38      0      0      0 100.00%
src\bioetl\infrastructure\storage\silver\runtime_helpers.py                                                                                            111      0     10      0 100.00%
src\bioetl\infrastructure\storage\silver\schema_drift_operations.py                                                                                     52      0     18      1  98.57%   49->exit
src\bioetl\infrastructure\storage\silver\support.py                                                                                                     28      0      0      0 100.00%
src\bioetl\infrastructure\storage\silver\validation_mixin.py                                                                                            27      0      0      0 100.00%
src\bioetl\infrastructure\storage\silver\validation_operations.py                                                                                       89      0     18      8  92.52%   119->exit, 121->exit, 123->exit, 132->exit, 134->exit, 140->exit, 142->exit, 151->exit
src\bioetl\infrastructure\storage\silver\validation_record_support.py                                                                                   54      0     18      0 100.00%
src\bioetl\infrastructure\storage\silver\writer_metadata_facade.py                                                                                      96      0     26      0 100.00%
src\bioetl\infrastructure\storage\silver\writer_runtime_facade.py                                                                                       50      0      8      0 100.00%
src\bioetl\infrastructure\storage\silver\writer_runtime_invocation.py                                                                                   43      0     14      0 100.00%
src\bioetl\infrastructure\storage\silver\writer_runtime_support.py                                                                                      89      0     24      6  94.69%   48->exit, 55->exit, 125->130, 130->135, 135->137, 137->exit
src\bioetl\infrastructure\storage\silver\writer_runtime_validation_facade.py                                                                            38      0     12      0 100.00%
src\bioetl\infrastructure\storage\silver_writer.py                                                                                                      54      0      6      0 100.00%
src\bioetl\infrastructure\storage\support\__init__.py                                                                                                    2      0      0      0 100.00%
src\bioetl\infrastructure\storage\support\_atomic_replace.py                                                                                            54      0     12      0 100.00%
src\bioetl\infrastructure\storage\support\atomic_group.py                                                                                               58      0     16      1  98.65%   94->91
src\bioetl\infrastructure\storage\support\atomic_ops.py                                                                                                 35      0      4      1  97.44%   98->103
src\bioetl\infrastructure\storage\support\checkpoint_writer.py                                                                                         113      0     30      1  99.30%   152->156
src\bioetl\infrastructure\storage\support\path_io.py                                                                                                    20      0      2      0 100.00%
src\bioetl\infrastructure\storage\support\retention.py                                                                                                  61      0      4      0 100.00%
src\bioetl\infrastructure\storage\support\retention_dedup.py                                                                                            74      0     18      0 100.00%
src\bioetl\infrastructure\storage\support\retention_delta.py                                                                                            17      0      0      0 100.00%
src\bioetl\infrastructure\storage\support\retention_time_travel.py                                                                                      25      0      6      0 100.00%
src\bioetl\infrastructure\storage\versioned_table_resolver.py                                                                                           23      0      4      0 100.00%
src\bioetl\infrastructure\storage\workflow_foreign_key_reconciliation.py                                                                                84      0     16      0 100.00%
src\bioetl\infrastructure\storage\workflow_foreign_key_reconciliation_identity.py                                                                       34      0     12      0 100.00%
src\bioetl\infrastructure\storage\workflow_foreign_key_reconciliation_loaded.py                                                                         48      0     16      0 100.00%
src\bioetl\infrastructure\storage\workflow_foreign_key_reconciliation_normalization.py                                                                  40      0     24      0 100.00%
src\bioetl\infrastructure\storage\workflow_foreign_key_reconciliation_quarantine.py                                                                    125      2     26      3  96.69%   87->exit, 186, 311
src\bioetl\infrastructure\storage\workflow_foreign_key_reconciliation_quarantine_keys.py                                                                52      0     32      2  97.62%   53->56, 54->53
src\bioetl\infrastructure\storage\workflow_foreign_key_reconciliation_reads.py                                                                          88      0     42      0 100.00%
src\bioetl\infrastructure\storage\workflow_foreign_key_reconciliation_support.py                                                                        92     18     40      7  75.00%   31->exit, 49-52, 58, 60, 78-84, 90->exit, 96->exit, 305->exit, 364-401
src\bioetl\infrastructure\storage\workflow_producer_ownership.py                                                                                        51      8     26      8  79.22%   31, 33, 56, 64, 68, 71, 73, 99
src\bioetl\infrastructure\storage\workflow_row_reconciliation.py                                                                                        80      0     18      2  97.96%   121->123, 179->exit
src\bioetl\infrastructure\storage\workflow_row_reconciliation_support.py                                                                                71      0     32      0 100.00%
src\bioetl\infrastructure\storage\workflow_selected_snapshots.py                                                                                       106     10     38     12  84.72%   27->exit, 30->exit, 37, 55, 90, 101, 108, 110, 124, 167, 198, 214
src\bioetl\infrastructure\storage\writer_common.py                                                                                                      14      0      4      0 100.00%
src\bioetl\infrastructure\system\__init__.py                                                                                                             3      0      0      0 100.00%
src\bioetl\infrastructure\system\memory_monitor.py                                                                                                     144      0     38      0 100.00%
src\bioetl\infrastructure\time\__init__.py                                                                                                               3      0      0      0 100.00%
src\bioetl\infrastructure\time\system_clock.py                                                                                                           9      0      0      0 100.00%
src\bioetl\infrastructure\validation\__init__.py                                                                                                         4      0      0      0 100.00%
src\bioetl\infrastructure\validation\contract_validator.py                                                                                             138      0     48      0 100.00%
src\bioetl\infrastructure\validation\pandera_validator.py                                                                                              166     20     64      2  86.96%   229-250, 286->283, 292
src\bioetl\interfaces\__init__.py                                                                                                                        2      0      0      0 100.00%
src\bioetl\interfaces\cli\__init__.py                                                                                                                   11      0      0      0 100.00%
src\bioetl\interfaces\cli\__main__.py                                                                                                                    4      0      2      0 100.00%
src\bioetl\interfaces\cli\commands\__init__.py                                                                                                          18      0      4      0 100.00%
src\bioetl\interfaces\cli\commands\_run_manifest_historical_support.py                                                                                  95      0     48      0 100.00%
src\bioetl\interfaces\cli\commands\_run_manifest_output.py                                                                                             131      0     66      2  98.98%   86->88, 265->274
src\bioetl\interfaces\cli\commands\_run_manifest_output_diagnostics.py                                                                                  20      0      0      0 100.00%
src\bioetl\interfaces\cli\commands\_run_manifest_services.py                                                                                            17      0      0      0 100.00%
src\bioetl\interfaces\cli\commands\_typed_option_values.py                                                                                              36      0     20      0 100.00%
src\bioetl\interfaces\cli\commands\_workflow_command_options.py                                                                                         49      0      0      0 100.00%
src\bioetl\interfaces\cli\commands\_workflow_command_runtime.py                                                                                         32      0      0      0 100.00%
src\bioetl\interfaces\cli\commands\_workflow_composition_seams.py                                                                                       12      0      0      0 100.00%
src\bioetl\interfaces\cli\commands\_workflow_override_support.py                                                                                        47      0     10      0 100.00%
src\bioetl\interfaces\cli\commands\_workflow_run_support.py                                                                                            130      0     48      3  98.31%   54->exit, 63->exit, 273->271
src\bioetl\interfaces\cli\commands\_workflow_support.py                                                                                                120      0     56      8  95.45%   194->196, 196->198, 198->204, 213->212, 239->241, 257->259, 259->261, 261->263
src\bioetl\interfaces\cli\commands\adr.py                                                                                                               71      0     20      1  98.90%   96->98
src\bioetl\interfaces\cli\commands\archive.py                                                                                                           18      0      0      0 100.00%
src\bioetl\interfaces\cli\commands\checkpoint.py                                                                                                       123      0     34      3  98.09%   157->164, 257->264, 264->266
src\bioetl\interfaces\cli\commands\cleanup.py                                                                                                           40      0      4      0 100.00%
src\bioetl\interfaces\cli\commands\config.py                                                                                                            86      0     18      0 100.00%
src\bioetl\interfaces\cli\commands\config_dq.py                                                                                                        118      1     18      1  98.53%   210
src\bioetl\interfaces\cli\commands\debug.py                                                                                                             72      2      6      0  97.44%   197-198
src\bioetl\interfaces\cli\commands\diagnostics.py                                                                                                       87      0      4      0 100.00%
src\bioetl\interfaces\cli\commands\domains\__init__.py                                                                                                   1      0      0      0 100.00%
src\bioetl\interfaces\cli\commands\domains\composite\__init__.py                                                                                         8      0      2      0 100.00%
src\bioetl\interfaces\cli\commands\domains\composite\command_input.py                                                                                   18      0      0      0 100.00%
src\bioetl\interfaces\cli\commands\domains\composite\execution.py                                                                                       42      0      8      0 100.00%
src\bioetl\interfaces\cli\commands\domains\composite\runtime.py                                                                                         45      0     12      0 100.00%
src\bioetl\interfaces\cli\commands\domains\composite\support.py                                                                                         57      0     12      0 100.00%
src\bioetl\interfaces\cli\commands\domains\diagnostics\__init__.py                                                                                       8      0      2      0 100.00%
src\bioetl\interfaces\cli\commands\domains\diagnostics\command.py                                                                                        4      0      0      0 100.00%
src\bioetl\interfaces\cli\commands\domains\diagnostics\contract_checks.py                                                                              169      0     80      8  96.79%   142->146, 146->148, 148->152, 152->133, 222->221, 241->240, 258->254, 278->277
src\bioetl\interfaces\cli\commands\domains\diagnostics\operations.py                                                                                    60      0      6      0 100.00%
src\bioetl\interfaces\cli\commands\domains\diagnostics\rendering.py                                                                                     83      0     30      3  97.35%   147->149, 201->210, 210->218
src\bioetl\interfaces\cli\commands\domains\health\__init__.py                                                                                            8      0      2      0 100.00%
src\bioetl\interfaces\cli\commands\domains\health\_observability_backend_ensure_parts.py                                                                 7      0      2      0 100.00%
src\bioetl\interfaces\cli\commands\domains\health\command.py                                                                                             4      0      0      0 100.00%
src\bioetl\interfaces\cli\commands\domains\health\failure_handling.py                                                                                   15      0      4      0 100.00%
src\bioetl\interfaces\cli\commands\domains\health\metrics_publication_integration.py                                                                    12      0      0      0 100.00%
src\bioetl\interfaces\cli\commands\domains\health\metrics_server_integration.py                                                                         13      0      0      0 100.00%
src\bioetl\interfaces\cli\commands\domains\health\observability_backend_failure_details.py                                                              97      0     34      6  95.42%   19->exit, 21->exit, 23->exit, 34->exit, 40->exit, 46->exit
src\bioetl\interfaces\cli\commands\domains\health\observability_backend_runtime.py                                                                     107      1     18      2  97.60%   97->99, 332
src\bioetl\interfaces\cli\commands\domains\health\rendering.py                                                                                          29      0     10      0 100.00%
src\bioetl\interfaces\cli\commands\domains\health\server_integration.py                                                                                  7      0      0      0 100.00%
src\bioetl\interfaces\cli\commands\domains\health\server_integration_deps.py                                                                            48      0      8      0 100.00%
src\bioetl\interfaces\cli\commands\domains\health\server_integration_lifecycle.py                                                                       90      1     14      1  98.08%   57
src\bioetl\interfaces\cli\commands\domains\health\server_integration_observability.py                                                                   76      0     34     10  90.91%   15->exit, 18->exit, 21->exit, 24->exit, 27->exit, 32->exit, 35->exit, 38->exit, 86->92, 177->exit
src\bioetl\interfaces\cli\commands\domains\health\server_integration_options.py                                                                         12      0      2      0 100.00%
src\bioetl\interfaces\cli\commands\domains\maintenance\__init__.py                                                                                       8      0      2      0 100.00%
src\bioetl\interfaces\cli\commands\domains\maintenance\command_group.py                                                                                 51      0     12      1  98.41%   122->124
src\bioetl\interfaces\cli\commands\domains\maintenance\control_plane_lifecycle.py                                                                       40      0      6      1  97.83%   143->147
src\bioetl\interfaces\cli\commands\domains\maintenance\plan.py                                                                                          78      0     32      5  95.45%   41->43, 56->58, 58->60, 66->68, 86->88
src\bioetl\interfaces\cli\commands\domains\maintenance\service_access.py                                                                                23      0      0      0 100.00%
src\bioetl\interfaces\cli\commands\domains\quarantine\__init__.py                                                                                        8      0      2      0 100.00%
src\bioetl\interfaces\cli\commands\domains\quarantine\_run_scope_stats.py                                                                               44      0     18      1  98.39%   84->87
src\bioetl\interfaces\cli\commands\domains\quarantine\command.py                                                                                         4      0      0      0 100.00%
src\bioetl\interfaces\cli\commands\domains\quarantine\execution.py                                                                                      18      0      0      0 100.00%
src\bioetl\interfaces\cli\commands\domains\quarantine\rendering.py                                                                                      90      0     40      1  99.23%   197->200
src\bioetl\interfaces\cli\commands\domains\quarantine\runtime_access.py                                                                                 10      0      0      0 100.00%
src\bioetl\interfaces\cli\commands\domains\quarantine\server_backend.py                                                                                  9      0      2      0 100.00%
src\bioetl\interfaces\cli\commands\domains\quarantine\support.py                                                                                       115      0     52      7  95.81%   51->exit, 58->exit, 66->exit, 74->exit, 76->exit, 78->exit, 80->exit
src\bioetl\interfaces\cli\commands\domains\run\command_entrypoint.py                                                                                    93      0      2      1  98.95%   27->exit
src\bioetl\interfaces\cli\commands\domains\run\command_policy.py                                                                                        91      0     20      5  95.50%   54->exit, 60->exit, 66->exit, 72->exit, 78->exit
src\bioetl\interfaces\cli\commands\domains\run\result_flow.py                                                                                           10      0      0      0 100.00%
src\bioetl\interfaces\cli\commands\domains\run\result_presenter.py                                                                                      42      0     22      1  98.44%   40->exit
src\bioetl\interfaces\cli\commands\domains\run\runtime_helpers.py                                                                                       27      0      2      1  96.55%   38->exit
src\bioetl\interfaces\cli\commands\domains\run\service_access.py                                                                                        11      0      2      1  92.31%   27->29
src\bioetl\interfaces\cli\commands\domains\run\support.py                                                                                               78      0     24      1  99.02%   121->123
src\bioetl\interfaces\cli\commands\domains\run_all\__init__.py                                                                                           8      0      2      0 100.00%
src\bioetl\interfaces\cli\commands\domains\run_all\command_entrypoint.py                                                                                24      0      2      1  96.15%   29->exit
src\bioetl\interfaces\cli\commands\domains\run_all\command_policy.py                                                                                    68      0     24      8  91.30%   40->exit, 46->exit, 52->exit, 58->exit, 70->exit, 76->exit, 91->exit, 97->exit
src\bioetl\interfaces\cli\commands\domains\run_all\execution.py                                                                                         55      0      4      0 100.00%
src\bioetl\interfaces\cli\commands\domains\run_all\public_runtime.py                                                                                    48      0      4      0 100.00%
src\bioetl\interfaces\cli\commands\domains\run_all\public_runtime_deps.py                                                                               47      0      0      0 100.00%
src\bioetl\interfaces\cli\commands\domains\run_all\runtime_boundaries.py                                                                                 7      0      0      0 100.00%
src\bioetl\interfaces\cli\commands\domains\run_all\support.py                                                                                          136      0     36      1  99.42%   314->322
src\bioetl\interfaces\cli\commands\domains\shared\__init__.py                                                                                            1      0      0      0 100.00%
src\bioetl\interfaces\cli\commands\domains\shared\_execution_failure_support.py                                                                         41      0     16      0 100.00%
src\bioetl\interfaces\cli\commands\domains\shared\callback_dispatch.py                                                                                   6      0      0      0 100.00%
src\bioetl\interfaces\cli\commands\domains\shared\click_options.py                                                                                      59      0      0      0 100.00%
src\bioetl\interfaces\cli\commands\domains\shared\execution_policy.py                                                                                  109      0     24      0 100.00%
src\bioetl\interfaces\cli\commands\domains\shared\inspection_commands.py                                                                                37      0      2      0 100.00%
src\bioetl\interfaces\cli\commands\domains\shared\inspection_output.py                                                                                  15      0      4      0 100.00%
src\bioetl\interfaces\cli\commands\domains\shared\option_mapping.py                                                                                     67      0     36      0 100.00%
src\bioetl\interfaces\cli\commands\domains\shared\public_module_alias.py                                                                                 7      0      2      0 100.00%
src\bioetl\interfaces\cli\commands\export.py                                                                                                            41      0      6      0 100.00%
src\bioetl\interfaces\cli\commands\export_support.py                                                                                                    82      0     24      1  99.06%   235->exit
src\bioetl\interfaces\cli\commands\health.py                                                                                                            82      0     10      1  98.91%   135->137
src\bioetl\interfaces\cli\commands\lineage.py                                                                                                          159      0     40      0 100.00%
src\bioetl\interfaces\cli\commands\lock.py                                                                                                              48      0      4      0 100.00%
src\bioetl\interfaces\cli\commands\maintenance.py                                                                                                        3      0      0      0 100.00%
src\bioetl\interfaces\cli\commands\quarantine.py                                                                                                        72      0      4      0 100.00%
src\bioetl\interfaces\cli\commands\replay_assay.py                                                                                                      20      0      2      0 100.00%
src\bioetl\interfaces\cli\commands\report.py                                                                                                           114      0     30      1  99.31%   260->253
src\bioetl\interfaces\cli\commands\run.py                                                                                                               76      0      4      0 100.00%
src\bioetl\interfaces\cli\commands\run_all.py                                                                                                           41      0      0      0 100.00%
src\bioetl\interfaces\cli\commands\run_composite.py                                                                                                     72      0      4      0 100.00%
src\bioetl\interfaces\cli\commands\run_manifest.py                                                                                                     169      0      8      1  99.44%   319->329
src\bioetl\interfaces\cli\commands\run_manifest_output_support.py                                                                                       85      0     36      2  98.35%   106->123, 153->155
src\bioetl\interfaces\cli\commands\vacuum.py                                                                                                            50      0      8      0 100.00%
src\bioetl\interfaces\cli\commands\workflow.py                                                                                                          77      0      0      0 100.00%
src\bioetl\interfaces\cli\exit_codes.py                                                                                                                 41      0      6      0 100.00%
src\bioetl\interfaces\cli\formatters.py                                                                                                                132      0     62      2  98.97%   160->162, 277->284
src\bioetl\interfaces\cli\main.py                                                                                                                       73      0     20      1  98.92%   184->186
src\bioetl\interfaces\cli\registry_helpers.py                                                                                                           36      0     12      3  93.75%   30->exit, 32->exit, 68->exit
src\bioetl\interfaces\http\__init__.py                                                                                                                   2      0      0      0 100.00%
src\bioetl\interfaces\http\_control_plane_latest_complete.py                                                                                            30      0      8      0 100.00%
src\bioetl\interfaces\http\_control_plane_selector_filters.py                                                                                           18      0      4      0 100.00%
src\bioetl\interfaces\http\_control_plane_selector_payloads.py                                                                                          57      0     26      0 100.00%
src\bioetl\interfaces\http\_control_plane_selector_records.py                                                                                          145      0     54      1  99.50%   35->exit
src\bioetl\interfaces\http\_forensic_request_budget.py                                                                                                  85      0     10      2  97.89%   211->214, 220->223
src\bioetl\interfaces\http\_health_server_checkpoint_freshness.py                                                                                       69      0     28      7  92.78%   31->exit, 34->exit, 36->exit, 39->exit, 42->exit, 49->exit, 51->exit
src\bioetl\interfaces\http\_health_server_checkpoint_freshness_payloads.py                                                                              23      0      6      0 100.00%
src\bioetl\interfaces\http\_health_server_checkpoint_lookup.py                                                                                          44      0     20      3  95.31%   17->exit, 20->exit, 25->exit
src\bioetl\interfaces\http\_health_server_control_plane_evidence_routing.py                                                                            104      1     38      8  93.66%   46->exit, 49->exit, 52->exit, 57->exit, 60->exit, 62->exit, 69->exit, 204
src\bioetl\interfaces\http\_health_server_control_plane_evidence_scope.py                                                                               40      0      8      4  91.67%   34->exit, 36->exit, 39->exit, 42->exit
src\bioetl\interfaces\http\_health_server_control_plane_metrics_refresh.py                                                                              26      0      2      0 100.00%
src\bioetl\interfaces\http\_health_server_control_plane_scope.py                                                                                        55      0     20      2  97.33%   28->exit, 33->exit
src\bioetl\interfaces\http\_health_server_identity_evidence.py                                                                                           3      0      0      0 100.00%
src\bioetl\interfaces\http\_health_server_identity_routing_support.py                                                                                  127      0     26      0 100.00%
src\bioetl\interfaces\http\_health_server_identity_support.py                                                                                          175      0     84      1  99.61%   278->280
src\bioetl\interfaces\http\_health_server_observability_protocols.py                                                                                    75      0     54     27  79.07%   31->exit, 38->exit, 47->exit, 51->exit, 61->exit, 64->exit, 67->exit, 70->exit, 73->exit, 75->exit, 78->exit, 83->exit, 86->exit, 91->exit, 94->exit, 97->exit, 100->exit, 103->exit, 106->exit, 109->exit, 112->exit, 115->exit, 117->exit, 120->exit, 123->exit, 125->exit, 135->exit
src\bioetl\interfaces\http\_health_server_observability_routing.py                                                                                     125      0     32      2  98.73%   158->167, 160->167
src\bioetl\interfaces\http\_health_server_quarantine_routing.py                                                                                         76      0     24      7  93.00%   22->exit, 29->exit, 39->exit, 42->exit, 44->exit, 47->exit, 49->exit
src\bioetl\interfaces\http\_health_server_readiness.py                                                                                                  36      0     18      6  88.89%   21->exit, 26->exit, 29->exit, 32->exit, 34->exit, 35->exit
src\bioetl\interfaces\http\_health_server_records_table.py                                                                                              32      0      4      0 100.00%
src\bioetl\interfaces\http\_health_server_routing_support.py                                                                                           119      1     26      0  99.31%   170
src\bioetl\interfaces\http\_identity_display_rows.py                                                                                                    57      1     22      1  97.47%   38
src\bioetl\interfaces\http\_pipeline_run_report_display.py                                                                                              86      0     30      0 100.00%
src\bioetl\interfaces\http\_pipeline_run_report_sections.py                                                                                             10      0      0      0 100.00%
src\bioetl\interfaces\http\_pipeline_run_report_table.py                                                                                               132      0     52      0 100.00%
src\bioetl\interfaces\http\_processed_records_http.py                                                                                                   10      0      6      3  81.25%   13->exit, 15->exit, 22->exit
src\bioetl\interfaces\http\_processed_records_prometheus.py                                                                                            112      0     38      0 100.00%
src\bioetl\interfaces\http\_processed_records_table_support.py                                                                                         118      0     28      0 100.00%
src\bioetl\interfaces\http\_processed_records_value_support.py                                                                                         130      0     66      0 100.00%
src\bioetl\interfaces\http\_recent_run_presentation.py                                                                                                  40      0     14      0 100.00%
src\bioetl\interfaces\http\_reconciliation_display.py                                                                                                   72      3     26      3  93.88%   56, 78, 119
src\bioetl\interfaces\http\_report_selector_options.py                                                                                                  99      2     40      2  97.12%   42, 121
src\bioetl\interfaces\http\_run_explorer_snapshot.py                                                                                                    86      7     32      9  86.44%   32->exit, 35->exit, 38->exit, 55, 69, 100, 102, 163, 167-168
src\bioetl\interfaces\http\_run_summary_accounting.py                                                                                                    8      0      2      0 100.00%
src\bioetl\interfaces\http\_selected_run_artifact_probes.py                                                                                            166      5     78      4  96.31%   85, 96, 107, 162, 198
src\bioetl\interfaces\http\_selected_run_live.py                                                                                                        45      0     22      0 100.00%
src\bioetl\interfaces\http\_selected_run_presentation.py                                                                                                25      0      6      0 100.00%
src\bioetl\interfaces\http\_selected_run_report_assessment.py                                                                                          156      4     76      6  95.69%   149, 203, 205, 240, 249->247, 275->279
src\bioetl\interfaces\http\_selector_catalog.py                                                                                                         65      1     14      1  97.47%   72
src\bioetl\interfaces\http\_selector_options_cache.py                                                                                                  110      1     32      2  97.89%   89, 155->154
src\bioetl\interfaces\http\control_plane_identity\__init__.py                                                                                            4      0      0      0 100.00%
src\bioetl\interfaces\http\control_plane_identity\anchor_values.py                                                                                      34      0      6      0 100.00%
src\bioetl\interfaces\http\control_plane_identity\checkpoint.py                                                                                         51      0     20      0 100.00%
src\bioetl\interfaces\http\control_plane_identity\checkpoint_extractors.py                                                                              49      0     24      2  97.26%   42->50, 104->106
src\bioetl\interfaces\http\control_plane_identity\extractors.py                                                                                          7      0      0      0 100.00%
src\bioetl\interfaces\http\control_plane_identity\formatting.py                                                                                        110      0     50      0 100.00%
src\bioetl\interfaces\http\control_plane_identity\ledger_extractors.py                                                                                  54      0     20      0 100.00%
src\bioetl\interfaces\http\control_plane_identity\manifest_extractors.py                                                                                54      0     22      1  98.68%   137->139
src\bioetl\interfaces\http\control_plane_identity\p0_specs.py                                                                                            5      0      0      0 100.00%
src\bioetl\interfaces\http\control_plane_identity\p1_specs.py                                                                                            5      0      0      0 100.00%
src\bioetl\interfaces\http\control_plane_identity\p2_specs.py                                                                                            5      0      0      0 100.00%
src\bioetl\interfaces\http\control_plane_identity\payload.py                                                                                            98      0     28      0 100.00%
src\bioetl\interfaces\http\control_plane_identity\payload_selection.py                                                                                  52      0     22      0 100.00%
src\bioetl\interfaces\http\control_plane_identity\replay_extractors.py                                                                                  42      0     12      0 100.00%
src\bioetl\interfaces\http\control_plane_identity\severity.py                                                                                           58      0     34      0 100.00%
src\bioetl\interfaces\http\control_plane_identity\source_model.py                                                                                       19      0      0      0 100.00%
src\bioetl\interfaces\http\control_plane_identity\spec_constants.py                                                                                      7      0      0      0 100.00%
src\bioetl\interfaces\http\control_plane_identity\specs.py                                                                                              23      0      4      0 100.00%
src\bioetl\interfaces\http\control_plane_identity\types.py                                                                                              99      0     26      1  99.20%   25->exit
src\bioetl\interfaces\http\control_plane_selector_context.py                                                                                            76      0     26      0 100.00%
src\bioetl\interfaces\http\health_server.py                                                                                                            132      0     26      0 100.00%
src\bioetl\interfaces\http\health_server_http_mixin.py                                                                                                 102      0     20      2  98.36%   20->exit, 172->exit
src\bioetl\interfaces\http\health_server_routing_mixin.py                                                                                              136      0     36      0 100.00%
src\bioetl\interfaces\http\health_server_state_mixin.py                                                                                                 24      0     10      0 100.00%
src\bioetl\interfaces\http\processed_records_table.py                                                                                                   54      0     10      1  98.44%   139->164
src\bioetl\interfaces\http\recent_pipeline_runs.py                                                                                                     169      2     56      1  98.67%   291-292
src\bioetl\interfaces\http\report_root_config.py                                                                                                        56      0     10      1  98.48%   109->111
src\bioetl\interfaces\http\run_report_index.py                                                                                                          51      0     20      0 100.00%
src\bioetl\interfaces\http\run_report_ops.py                                                                                                           138      5     38      2  96.02%   119-125, 130, 345->347
src\bioetl\interfaces\http\selected_run_status.py                                                                                                      129      1     44      3  97.69%   328->332, 373->377, 393
src\bioetl\interfaces\http\types.py                                                                                                                     22      0      2      0 100.00%
-------------------------------------------------------------------------------------------------------------------------------------------------------------------------------------------------
TOTAL                                                                                                                                               112435    335  26948   1486  98.66%
