pipeline_name,fixture_key,field_name,layer_hint,observed_value,count,normalized_value,classification_hint,fixture_path
chembl_activity,chembl/activity,activity_id,bronze_fixture,ACT0001,1,ACT0001,normalized_field,tests/fixtures/bronze/chembl/activity/sample_ci_2026-03-25.jsonl
chembl_activity,chembl/activity,activity_id,bronze_fixture,ACT0002,1,ACT0002,normalized_field,tests/fixtures/bronze/chembl/activity/sample_ci_2026-03-25.jsonl
chembl_activity,chembl/activity,activity_id,bronze_fixture,ACT0003,1,ACT0003,normalized_field,tests/fixtures/bronze/chembl/activity/sample_ci_2026-03-25.jsonl
chembl_activity,chembl/activity,activity_id,bronze_fixture,ACT0004,1,ACT0004,normalized_field,tests/fixtures/bronze/chembl/activity/sample_ci_2026-03-25.jsonl
chembl_activity,chembl/activity,activity_id,bronze_fixture,ACT0005,1,ACT0005,normalized_field,tests/fixtures/bronze/chembl/activity/sample_ci_2026-03-25.jsonl
chembl_activity,chembl/activity,activity_id,bronze_fixture,ACT0006,1,ACT0006,normalized_field,tests/fixtures/bronze/chembl/activity/sample_ci_2026-03-25.jsonl
chembl_activity,chembl/activity,activity_id,bronze_fixture,ACT0007,1,ACT0007,normalized_field,tests/fixtures/bronze/chembl/activity/sample_ci_2026-03-25.jsonl
chembl_activity,chembl/activity,activity_id,bronze_fixture,ACT0008,1,ACT0008,normalized_field,tests/fixtures/bronze/chembl/activity/sample_ci_2026-03-25.jsonl
chembl_activity,chembl/activity,activity_id,bronze_fixture,ACT0009,1,ACT0009,normalized_field,tests/fixtures/bronze/chembl/activity/sample_ci_2026-03-25.jsonl
chembl_activity,chembl/activity,activity_id,bronze_fixture,ACT0010,1,ACT0010,normalized_field,tests/fixtures/bronze/chembl/activity/sample_ci_2026-03-25.jsonl
chembl_activity,chembl/activity,activity_id,bronze_fixture,ACT0011,1,ACT0011,normalized_field,tests/fixtures/bronze/chembl/activity/sample_ci_2026-03-25.jsonl
chembl_activity,chembl/activity,activity_id,bronze_fixture,ACT0012,1,ACT0012,normalized_field,tests/fixtures/bronze/chembl/activity/sample_ci_2026-03-25.jsonl
chembl_activity,chembl/activity,activity_id,bronze_fixture,ACT0013,1,ACT0013,normalized_field,tests/fixtures/bronze/chembl/activity/sample_ci_2026-03-25.jsonl
chembl_activity,chembl/activity,activity_id,bronze_fixture,ACT0014,1,ACT0014,normalized_field,tests/fixtures/bronze/chembl/activity/sample_ci_2026-03-25.jsonl
chembl_activity,chembl/activity,activity_id,bronze_fixture,ACT0015,1,ACT0015,normalized_field,tests/fixtures/bronze/chembl/activity/sample_ci_2026-03-25.jsonl
chembl_activity,chembl/activity,activity_id,bronze_fixture,ACT0016,1,ACT0016,normalized_field,tests/fixtures/bronze/chembl/activity/sample_ci_2026-03-25.jsonl
chembl_activity,chembl/activity,activity_id,bronze_fixture,ACT0017,1,ACT0017,normalized_field,tests/fixtures/bronze/chembl/activity/sample_ci_2026-03-25.jsonl
chembl_activity,chembl/activity,activity_id,bronze_fixture,ACT0018,1,ACT0018,normalized_field,tests/fixtures/bronze/chembl/activity/sample_ci_2026-03-25.jsonl
chembl_activity,chembl/activity,activity_id,bronze_fixture,ACT0019,1,ACT0019,normalized_field,tests/fixtures/bronze/chembl/activity/sample_ci_2026-03-25.jsonl
chembl_activity,chembl/activity,activity_id,bronze_fixture,ACT0020,1,ACT0020,normalized_field,tests/fixtures/bronze/chembl/activity/sample_ci_2026-03-25.jsonl
chembl_activity,chembl/activity,activity_id,edge_fixture,ACT_EDGE_001,1,ACT_EDGE_001,normalized_field,tests/fixtures/bronze/chembl/activity/sample_edge_ontology_units_2026-05-11.jsonl
chembl_activity,chembl/activity,activity_id,edge_fixture,ACT_EDGE_002,1,ACT_EDGE_002,normalized_field,tests/fixtures/bronze/chembl/activity/sample_edge_ontology_units_2026-05-11.jsonl
chembl_activity,chembl/activity,bao_endpoint,edge_fixture,BAO:0000190,1,BAO_0000190,ontology:bao,tests/fixtures/bronze/chembl/activity/sample_edge_ontology_units_2026-05-11.jsonl
chembl_activity,chembl/activity,bao_endpoint,edge_fixture,bao_0000218,1,BAO_0000218,ontology:bao,tests/fixtures/bronze/chembl/activity/sample_edge_ontology_units_2026-05-11.jsonl
chembl_activity,chembl/activity,bao_format,edge_fixture,bao:0000190,1,BAO_0000190,ontology:bao,tests/fixtures/bronze/chembl/activity/sample_edge_ontology_units_2026-05-11.jsonl
chembl_activity,chembl/activity,bao_format,edge_fixture,BAO_0000218,1,BAO_0000218,ontology:bao,tests/fixtures/bronze/chembl/activity/sample_edge_ontology_units_2026-05-11.jsonl
chembl_activity,chembl/activity,qudt_units,edge_fixture,mg.kg-1,1,mg.kg-1,ontology:qudt,tests/fixtures/bronze/chembl/activity/sample_edge_ontology_units_2026-05-11.jsonl
chembl_activity,chembl/activity,qudt_units,edge_fixture,nM,1,nM,ontology:qudt,tests/fixtures/bronze/chembl/activity/sample_edge_ontology_units_2026-05-11.jsonl
chembl_activity,chembl/activity,standard_type,bronze_fixture,EC50,5,EC50,enum,tests/fixtures/bronze/chembl/activity/sample_ci_2026-03-25.jsonl
chembl_activity,chembl/activity,standard_type,bronze_fixture,IC50,10,IC50,enum,tests/fixtures/bronze/chembl/activity/sample_ci_2026-03-25.jsonl
chembl_activity,chembl/activity,standard_type,bronze_fixture,Ki,5,Ki,enum,tests/fixtures/bronze/chembl/activity/sample_ci_2026-03-25.jsonl
chembl_activity,chembl/activity,standard_type,edge_fixture,EC50,1,EC50,enum,tests/fixtures/bronze/chembl/activity/sample_edge_ontology_units_2026-05-11.jsonl
chembl_activity,chembl/activity,standard_type,edge_fixture,IC50,1,IC50,enum,tests/fixtures/bronze/chembl/activity/sample_edge_ontology_units_2026-05-11.jsonl
chembl_activity,chembl/activity,standard_units,edge_fixture,nM,1,nM,enum,tests/fixtures/bronze/chembl/activity/sample_edge_ontology_units_2026-05-11.jsonl
chembl_activity,chembl/activity,standard_units,edge_fixture,ug.mL-1,1,ug.mL-1,enum,tests/fixtures/bronze/chembl/activity/sample_edge_ontology_units_2026-05-11.jsonl
chembl_activity,chembl/activity,standard_value,bronze_fixture,1.9,1,1.9,normalized_field,tests/fixtures/bronze/chembl/activity/sample_ci_2026-03-25.jsonl
chembl_activity,chembl/activity,standard_value,bronze_fixture,10.6,1,10.6,normalized_field,tests/fixtures/bronze/chembl/activity/sample_ci_2026-03-25.jsonl
chembl_activity,chembl/activity,standard_value,bronze_fixture,11.2,1,11.2,normalized_field,tests/fixtures/bronze/chembl/activity/sample_ci_2026-03-25.jsonl
chembl_activity,chembl/activity,standard_value,bronze_fixture,13.5,1,13.5,normalized_field,tests/fixtures/bronze/chembl/activity/sample_ci_2026-03-25.jsonl
chembl_activity,chembl/activity,standard_value,bronze_fixture,14.0,1,14.0,normalized_field,tests/fixtures/bronze/chembl/activity/sample_ci_2026-03-25.jsonl
chembl_activity,chembl/activity,standard_value,bronze_fixture,16.8,1,16.8,normalized_field,tests/fixtures/bronze/chembl/activity/sample_ci_2026-03-25.jsonl
chembl_activity,chembl/activity,standard_value,bronze_fixture,18.4,1,18.4,normalized_field,tests/fixtures/bronze/chembl/activity/sample_ci_2026-03-25.jsonl
chembl_activity,chembl/activity,standard_value,bronze_fixture,2.2,1,2.2,normalized_field,tests/fixtures/bronze/chembl/activity/sample_ci_2026-03-25.jsonl
chembl_activity,chembl/activity,standard_value,bronze_fixture,21.7,1,21.7,normalized_field,tests/fixtures/bronze/chembl/activity/sample_ci_2026-03-25.jsonl
chembl_activity,chembl/activity,standard_value,bronze_fixture,23.0,1,23.0,normalized_field,tests/fixtures/bronze/chembl/activity/sample_ci_2026-03-25.jsonl
chembl_activity,chembl/activity,standard_value,bronze_fixture,25.4,1,25.4,normalized_field,tests/fixtures/bronze/chembl/activity/sample_ci_2026-03-25.jsonl
chembl_activity,chembl/activity,standard_value,bronze_fixture,27.3,1,27.3,normalized_field,tests/fixtures/bronze/chembl/activity/sample_ci_2026-03-25.jsonl
chembl_activity,chembl/activity,standard_value,bronze_fixture,29.1,1,29.1,normalized_field,tests/fixtures/bronze/chembl/activity/sample_ci_2026-03-25.jsonl
chembl_activity,chembl/activity,standard_value,bronze_fixture,3.1,1,3.1,normalized_field,tests/fixtures/bronze/chembl/activity/sample_ci_2026-03-25.jsonl
chembl_activity,chembl/activity,standard_value,bronze_fixture,4.3,1,4.3,normalized_field,tests/fixtures/bronze/chembl/activity/sample_ci_2026-03-25.jsonl
chembl_activity,chembl/activity,standard_value,bronze_fixture,5.2,1,5.2,normalized_field,tests/fixtures/bronze/chembl/activity/sample_ci_2026-03-25.jsonl
chembl_activity,chembl/activity,standard_value,bronze_fixture,6.8,1,6.8,normalized_field,tests/fixtures/bronze/chembl/activity/sample_ci_2026-03-25.jsonl
chembl_activity,chembl/activity,standard_value,bronze_fixture,7.6,1,7.6,normalized_field,tests/fixtures/bronze/chembl/activity/sample_ci_2026-03-25.jsonl
chembl_activity,chembl/activity,standard_value,bronze_fixture,8.9,1,8.9,normalized_field,tests/fixtures/bronze/chembl/activity/sample_ci_2026-03-25.jsonl
chembl_activity,chembl/activity,standard_value,bronze_fixture,9.7,1,9.7,normalized_field,tests/fixtures/bronze/chembl/activity/sample_ci_2026-03-25.jsonl
chembl_activity,chembl/activity,standard_value,edge_fixture,1.2,1,1.2,normalized_field,tests/fixtures/bronze/chembl/activity/sample_edge_ontology_units_2026-05-11.jsonl
chembl_activity,chembl/activity,standard_value,edge_fixture,5.4,1,5.4,normalized_field,tests/fixtures/bronze/chembl/activity/sample_edge_ontology_units_2026-05-11.jsonl
chembl_activity,chembl/activity,units,edge_fixture,mg/kg,1,mg/kg,normalized_field,tests/fixtures/bronze/chembl/activity/sample_edge_ontology_units_2026-05-11.jsonl
chembl_activity,chembl/activity,units,edge_fixture,nanomolar,1,nM,normalized_field,tests/fixtures/bronze/chembl/activity/sample_edge_ontology_units_2026-05-11.jsonl
chembl_activity,chembl/activity,uo_units,edge_fixture,UO:0000065,1,UO:0000065,ontology:uo,tests/fixtures/bronze/chembl/activity/sample_edge_ontology_units_2026-05-11.jsonl
chembl_activity,chembl/activity,uo_units,edge_fixture,UO_0000064,1,UO_0000064,ontology:uo,tests/fixtures/bronze/chembl/activity/sample_edge_ontology_units_2026-05-11.jsonl
chembl_assay,chembl/assay,aidx,bronze_fixture,CLD0,20,CLD0,normalized_field,tests/fixtures/bronze/chembl/assay/sample_ci_2026-04-24.jsonl
chembl_assay,chembl/assay,assay_cell_type,bronze_fixture,CHO,20,CHO,normalized_field,tests/fixtures/bronze/chembl/assay/sample_ci_2026-04-24.jsonl
chembl_assay,chembl/assay,assay_classifications,bronze_fixture,[],20,[],normalized_field,tests/fixtures/bronze/chembl/assay/sample_ci_2026-04-24.jsonl
chembl_assay,chembl/assay,assay_classifications,edge_fixture,[],2,[],normalized_field,tests/fixtures/bronze/chembl/assay/sample_edge_ontology_namespaces_2026-05-11.jsonl
chembl_assay,chembl/assay,assay_group,edge_fixture,BINDING,2,BINDING,enum,tests/fixtures/bronze/chembl/assay/sample_edge_ontology_namespaces_2026-05-11.jsonl
chembl_assay,chembl/assay,assay_organism,bronze_fixture,Homo sapiens,19,Homo sapiens,normalized_field,tests/fixtures/bronze/chembl/assay/sample_ci_2026-04-24.jsonl
chembl_assay,chembl/assay,assay_organism,bronze_fixture,Rattus norvegicus,1,Rattus norvegicus,normalized_field,tests/fixtures/bronze/chembl/assay/sample_ci_2026-04-24.jsonl
chembl_assay,chembl/assay,assay_organism,edge_fixture,Homo sapiens,2,Homo sapiens,normalized_field,tests/fixtures/bronze/chembl/assay/sample_edge_ontology_namespaces_2026-05-11.jsonl
chembl_assay,chembl/assay,assay_parameters,bronze_fixture,[],20,[],normalized_field,tests/fixtures/bronze/chembl/assay/sample_ci_2026-04-24.jsonl
chembl_assay,chembl/assay,assay_parameters,edge_fixture,[],2,[],normalized_field,tests/fixtures/bronze/chembl/assay/sample_edge_ontology_namespaces_2026-05-11.jsonl
chembl_assay,chembl/assay,assay_type,bronze_fixture,B,2,B,enum,tests/fixtures/bronze/chembl/assay/sample_ci_2026-04-24.jsonl
chembl_assay,chembl/assay,assay_type,bronze_fixture,F,18,F,enum,tests/fixtures/bronze/chembl/assay/sample_ci_2026-04-24.jsonl
chembl_assay,chembl/assay,assay_type,edge_fixture,B,2,B,enum,tests/fixtures/bronze/chembl/assay/sample_edge_ontology_namespaces_2026-05-11.jsonl
chembl_assay,chembl/assay,assay_type_description,bronze_fixture,Binding,2,Binding,normalized_field,tests/fixtures/bronze/chembl/assay/sample_ci_2026-04-24.jsonl
chembl_assay,chembl/assay,assay_type_description,bronze_fixture,Functional,18,Functional,normalized_field,tests/fixtures/bronze/chembl/assay/sample_ci_2026-04-24.jsonl
chembl_assay,chembl/assay,bao_format,bronze_fixture,BAO_0000219,20,BAO_0000219,ontology:bao,tests/fixtures/bronze/chembl/assay/sample_ci_2026-04-24.jsonl
chembl_assay,chembl/assay,bao_format,edge_fixture,bao:0000190,1,BAO_0000190,ontology:bao,tests/fixtures/bronze/chembl/assay/sample_edge_ontology_namespaces_2026-05-11.jsonl
chembl_assay,chembl/assay,bao_format,edge_fixture,BAO_0000219,1,BAO_0000219,ontology:bao,tests/fixtures/bronze/chembl/assay/sample_edge_ontology_namespaces_2026-05-11.jsonl
chembl_assay,chembl/assay,bao_label,bronze_fixture,cell-based format,20,cell-based format,normalized_field,tests/fixtures/bronze/chembl/assay/sample_ci_2026-04-24.jsonl
chembl_assay,chembl/assay,bao_label,edge_fixture,assay format,1,assay format,normalized_field,tests/fixtures/bronze/chembl/assay/sample_edge_ontology_namespaces_2026-05-11.jsonl
chembl_assay,chembl/assay,bao_label,edge_fixture,cell-based format,1,cell-based format,normalized_field,tests/fixtures/bronze/chembl/assay/sample_edge_ontology_namespaces_2026-05-11.jsonl
chembl_assay,chembl/assay,confidence_description,bronze_fixture,Direct single protein target assigned,20,Direct single protein target assigned,enum,tests/fixtures/bronze/chembl/assay/sample_ci_2026-04-24.jsonl
chembl_assay,chembl/assay,confidence_description,edge_fixture,Direct single protein target assigned,2,Direct single protein target assigned,enum,tests/fixtures/bronze/chembl/assay/sample_edge_ontology_namespaces_2026-05-11.jsonl
chembl_assay,chembl/assay,confidence_score,bronze_fixture,9,20,9,normalized_field,tests/fixtures/bronze/chembl/assay/sample_ci_2026-04-24.jsonl
chembl_assay,chembl/assay,confidence_score,edge_fixture,9,2,9,normalized_field,tests/fixtures/bronze/chembl/assay/sample_edge_ontology_namespaces_2026-05-11.jsonl
chembl_assay,chembl/assay,description,bronze_fixture,Binding affinity for human adenosine A2B receptor using [3H]-PSB-298 in CHO cell membranes,1,Binding affinity for human adenosine A2B receptor using [3H]-PSB-298 in CHO cell membranes,normalized_field,tests/fixtures/bronze/chembl/assay/sample_ci_2026-04-24.jsonl
chembl_assay,chembl/assay,description,bronze_fixture,Binding affinity for rat Adenosine A1 receptor in CHO cells using [3H]N6-(R)-phenylisopropyladenosine ,1,Binding affinity for rat Adenosine A1 receptor in CHO cells using [3H]N6-(R)-phenylisopropyladenosine ,normalized_field,tests/fixtures/bronze/chembl/assay/sample_ci_2026-04-24.jsonl
chembl_assay,chembl/assay,description,bronze_fixture,Percent change in cAMP content of CHO (Chinese hamster ovary) cells expressing human Adenosine A1 receptor at 0.01 uM,1,Percent change in cAMP content of CHO (Chinese hamster ovary) cells expressing human Adenosine A1 receptor at 0.01 uM,normalized_field,tests/fixtures/bronze/chembl/assay/sample_ci_2026-04-24.jsonl
chembl_assay,chembl/assay,description,bronze_fixture,Percent change in cAMP content of CHO (Chinese hamster ovary) cells expressing human Adenosine A1 receptor at 0.1 uM,1,Percent change in cAMP content of CHO (Chinese hamster ovary) cells expressing human Adenosine A1 receptor at 0.1 uM,normalized_field,tests/fixtures/bronze/chembl/assay/sample_ci_2026-04-24.jsonl
chembl_assay,chembl/assay,description,bronze_fixture,Percent change in cAMP content of CHO (Chinese hamster ovary) cells expressing human Adenosine A1 receptor at 1 uM,1,Percent change in cAMP content of CHO (Chinese hamster ovary) cells expressing human Adenosine A1 receptor at 1 uM,normalized_field,tests/fixtures/bronze/chembl/assay/sample_ci_2026-04-24.jsonl
chembl_assay,chembl/assay,description,bronze_fixture,Percent change in cAMP content of CHO (Chinese hamster ovary) cells expressing human Adenosine A1 receptor at 10 uM,1,Percent change in cAMP content of CHO (Chinese hamster ovary) cells expressing human Adenosine A1 receptor at 10 uM,normalized_field,tests/fixtures/bronze/chembl/assay/sample_ci_2026-04-24.jsonl
chembl_assay,chembl/assay,description,bronze_fixture,Percent change in cAMP in CHO cells expressing human Adenosine A1 receptor at 1 uM,1,Percent change in cAMP in CHO cells expressing human Adenosine A1 receptor at 1 uM,normalized_field,tests/fixtures/bronze/chembl/assay/sample_ci_2026-04-24.jsonl
chembl_assay,chembl/assay,description,bronze_fixture,Percent inhibition of cAMP-accumulation in CHO cells by IB-MECA at 1 uM,1,Percent inhibition of cAMP-accumulation in CHO cells by IB-MECA at 1 uM,normalized_field,tests/fixtures/bronze/chembl/assay/sample_ci_2026-04-24.jsonl
chembl_assay,chembl/assay,description,bronze_fixture,Percent reversal of 100 nM IB-MECA-inhibited cAMP accumulation in CHO cells expressing human adenosine A3 receptor at 1 uM; range 26-54,1,Percent reversal of 100 nM IB-MECA-inhibited cAMP accumulation in CHO cells expressing human adenosine A3 receptor at 1 uM; range 26-54,normalized_field,tests/fixtures/bronze/chembl/assay/sample_ci_2026-04-24.jsonl
chembl_assay,chembl/assay,description,bronze_fixture,Percent reversal of 100 nM IB-MECA-inhibited cAMP accumulation in CHO cells expressing human adenosine A3 receptor at 1 uM; range 51-91,1,Percent reversal of 100 nM IB-MECA-inhibited cAMP accumulation in CHO cells expressing human adenosine A3 receptor at 1 uM; range 51-91,normalized_field,tests/fixtures/bronze/chembl/assay/sample_ci_2026-04-24.jsonl
chembl_assay,chembl/assay,description,bronze_fixture,Percent reversal of 100 nM IB-MECA-inhibited cAMP accumulation in CHO cells expressing human adenosine A3 receptor at 1 uM; range 62-68,1,Percent reversal of 100 nM IB-MECA-inhibited cAMP accumulation in CHO cells expressing human adenosine A3 receptor at 1 uM; range 62-68,normalized_field,tests/fixtures/bronze/chembl/assay/sample_ci_2026-04-24.jsonl
chembl_assay,chembl/assay,description,bronze_fixture,Percent reversal of 100 nM IB-MECA-inhibited cAMP accumulation in CHO cells expressing human adenosine A3 receptor at 1 uM; range 63-100,1,Percent reversal of 100 nM IB-MECA-inhibited cAMP accumulation in CHO cells expressing human adenosine A3 receptor at 1 uM; range 63-100,normalized_field,tests/fixtures/bronze/chembl/assay/sample_ci_2026-04-24.jsonl
chembl_assay,chembl/assay,description,bronze_fixture,Percent reversal of 100 nM IB-MECA-inhibited cAMP accumulation in CHO cells expressing human adenosine A3 receptor at 1 uM; range 63-110,1,Percent reversal of 100 nM IB-MECA-inhibited cAMP accumulation in CHO cells expressing human adenosine A3 receptor at 1 uM; range 63-110,normalized_field,tests/fixtures/bronze/chembl/assay/sample_ci_2026-04-24.jsonl
chembl_assay,chembl/assay,description,bronze_fixture,Percent reversal of 100 nM IB-MECA-inhibited cAMP accumulation in CHO cells expressing human adenosine A3 receptor at 1 uM; range 63-116,1,Percent reversal of 100 nM IB-MECA-inhibited cAMP accumulation in CHO cells expressing human adenosine A3 receptor at 1 uM; range 63-116,normalized_field,tests/fixtures/bronze/chembl/assay/sample_ci_2026-04-24.jsonl
chembl_assay,chembl/assay,description,bronze_fixture,Percent reversal of 100 nM IB-MECA-inhibited cAMP accumulation in CHO cells expressing human adenosine A3 receptor at 1 uM; range 70-103,1,Percent reversal of 100 nM IB-MECA-inhibited cAMP accumulation in CHO cells expressing human adenosine A3 receptor at 1 uM; range 70-103,normalized_field,tests/fixtures/bronze/chembl/assay/sample_ci_2026-04-24.jsonl
chembl_assay,chembl/assay,description,bronze_fixture,Percent reversal of 100 nM IB-MECA-inhibited cAMP accumulation in CHO cells expressing human adenosine A3 receptor at 1 uM; range 79-106,1,Percent reversal of 100 nM IB-MECA-inhibited cAMP accumulation in CHO cells expressing human adenosine A3 receptor at 1 uM; range 79-106,normalized_field,tests/fixtures/bronze/chembl/assay/sample_ci_2026-04-24.jsonl
chembl_assay,chembl/assay,description,bronze_fixture,Percent reversal of 100 nM IB-MECA-inhibited cAMP accumulation in CHO cells expressing human adenosine A3 receptor at 1 uM; range 79-112,1,Percent reversal of 100 nM IB-MECA-inhibited cAMP accumulation in CHO cells expressing human adenosine A3 receptor at 1 uM; range 79-112,normalized_field,tests/fixtures/bronze/chembl/assay/sample_ci_2026-04-24.jsonl
chembl_assay,chembl/assay,description,bronze_fixture,Percent reversal of 100 nM IB-MECA-inhibited cAMP accumulation in CHO cells expressing human adenosine A3 receptor at 1 uM; range 81-104,1,Percent reversal of 100 nM IB-MECA-inhibited cAMP accumulation in CHO cells expressing human adenosine A3 receptor at 1 uM; range 81-104,normalized_field,tests/fixtures/bronze/chembl/assay/sample_ci_2026-04-24.jsonl
chembl_assay,chembl/assay,description,bronze_fixture,Percent reversal of 100 nM IB-MECA-inhibited cAMP accumulation in CHO cells expressing human adenosine A3 receptor at 1 uM; range 85-101,1,Percent reversal of 100 nM IB-MECA-inhibited cAMP accumulation in CHO cells expressing human adenosine A3 receptor at 1 uM; range 85-101,normalized_field,tests/fixtures/bronze/chembl/assay/sample_ci_2026-04-24.jsonl
chembl_assay,chembl/assay,description,bronze_fixture,Receptor stimulated adenylyl cyclase activity in CHO cells expressing human recombinant Adenosine A2B receptor,1,Receptor stimulated adenylyl cyclase activity in CHO cells expressing human recombinant Adenosine A2B receptor,normalized_field,tests/fixtures/bronze/chembl/assay/sample_ci_2026-04-24.jsonl
chembl_assay,chembl/assay,description,edge_fixture,Canonical BAO underscore form for contrast.,1,Canonical BAO underscore form for contrast.,normalized_field,tests/fixtures/bronze/chembl/assay/sample_edge_ontology_namespaces_2026-05-11.jsonl
chembl_assay,chembl/assay,description,edge_fixture,Edge BAO namespace case using colon form.,1,Edge BAO namespace case using colon form.,normalized_field,tests/fixtures/bronze/chembl/assay/sample_edge_ontology_namespaces_2026-05-11.jsonl
chembl_assay,chembl/assay,relationship_description,bronze_fixture,Direct protein target assigned,20,Direct protein target assigned,normalized_field,tests/fixtures/bronze/chembl/assay/sample_ci_2026-04-24.jsonl
chembl_assay,chembl/assay,relationship_description,edge_fixture,Direct protein target assigned,2,Direct protein target assigned,normalized_field,tests/fixtures/bronze/chembl/assay/sample_edge_ontology_namespaces_2026-05-11.jsonl
chembl_assay,chembl/assay,relationship_type,bronze_fixture,D,20,D,enum,tests/fixtures/bronze/chembl/assay/sample_ci_2026-04-24.jsonl
chembl_assay,chembl/assay,relationship_type,edge_fixture,D,2,D,enum,tests/fixtures/bronze/chembl/assay/sample_edge_ontology_namespaces_2026-05-11.jsonl
chembl_assay,chembl/assay,src_id,bronze_fixture,1,20,1,normalized_field,tests/fixtures/bronze/chembl/assay/sample_ci_2026-04-24.jsonl
chembl_assay,chembl/assay,src_id,edge_fixture,1,2,1,normalized_field,tests/fixtures/bronze/chembl/assay/sample_edge_ontology_namespaces_2026-05-11.jsonl
chembl_cell_line,chembl/cell_line,cell_description,bronze_fixture,AIK-T8,1,AIK-T8,normalized_field,tests/fixtures/bronze/chembl/cell_line/sample_ci_2026-04-29.jsonl
chembl_cell_line,chembl/cell_line,cell_description,bronze_fixture,DC3F,1,DC3F,normalized_field,tests/fixtures/bronze/chembl/cell_line/sample_ci_2026-04-29.jsonl
chembl_cell_line,chembl/cell_line,cell_description,bronze_fixture,G-401,1,G-401,normalized_field,tests/fixtures/bronze/chembl/cell_line/sample_ci_2026-04-29.jsonl
chembl_cell_line,chembl/cell_line,cell_description,bronze_fixture,P3HR-1,1,P3HR-1,normalized_field,tests/fixtures/bronze/chembl/cell_line/sample_ci_2026-04-29.jsonl
chembl_cell_line,chembl/cell_line,cell_description,bronze_fixture,T6400,1,T6400,normalized_field,tests/fixtures/bronze/chembl/cell_line/sample_ci_2026-04-29.jsonl
chembl_cell_line,chembl/cell_line,cell_description,bronze_fixture,T78-1,1,T78-1,normalized_field,tests/fixtures/bronze/chembl/cell_line/sample_ci_2026-04-29.jsonl
chembl_cell_line,chembl/cell_line,cell_description,bronze_fixture,T78-1/T79-A3,1,T78-1/T79-A3,normalized_field,tests/fixtures/bronze/chembl/cell_line/sample_ci_2026-04-29.jsonl
chembl_cell_line,chembl/cell_line,cell_description,bronze_fixture,TA3,1,TA3,normalized_field,tests/fixtures/bronze/chembl/cell_line/sample_ci_2026-04-29.jsonl
chembl_cell_line,chembl/cell_line,cell_description,bronze_fixture,UCLA P-3,1,UCLA P-3,normalized_field,tests/fixtures/bronze/chembl/cell_line/sample_ci_2026-04-29.jsonl
chembl_cell_line,chembl/cell_line,cell_description,bronze_fixture,UMR106-06,1,UMR106-06,normalized_field,tests/fixtures/bronze/chembl/cell_line/sample_ci_2026-04-29.jsonl
chembl_cell_line,chembl/cell_line,cell_description,bronze_fixture,UMSCC22B,1,UMSCC22B,normalized_field,tests/fixtures/bronze/chembl/cell_line/sample_ci_2026-04-29.jsonl
chembl_cell_line,chembl/cell_line,cell_description,bronze_fixture,UMUC3,1,UMUC3,normalized_field,tests/fixtures/bronze/chembl/cell_line/sample_ci_2026-04-29.jsonl
chembl_cell_line,chembl/cell_line,cell_description,bronze_fixture,V79-4,1,V79-4,normalized_field,tests/fixtures/bronze/chembl/cell_line/sample_ci_2026-04-29.jsonl
chembl_cell_line,chembl/cell_line,cell_description,bronze_fixture,VCR100,1,VCR100,normalized_field,tests/fixtures/bronze/chembl/cell_line/sample_ci_2026-04-29.jsonl
chembl_cell_line,chembl/cell_line,cell_description,bronze_fixture,W256,1,W256,normalized_field,tests/fixtures/bronze/chembl/cell_line/sample_ci_2026-04-29.jsonl
chembl_cell_line,chembl/cell_line,cell_description,bronze_fixture,WEHI265.1,1,WEHI265.1,normalized_field,tests/fixtures/bronze/chembl/cell_line/sample_ci_2026-04-29.jsonl
chembl_cell_line,chembl/cell_line,cell_description,bronze_fixture,WiDr-NTR,1,WiDr-NTR,normalized_field,tests/fixtures/bronze/chembl/cell_line/sample_ci_2026-04-29.jsonl
chembl_cell_line,chembl/cell_line,cell_description,bronze_fixture,XC,1,XC,normalized_field,tests/fixtures/bronze/chembl/cell_line/sample_ci_2026-04-29.jsonl
chembl_cell_line,chembl/cell_line,cell_description,bronze_fixture,YAPC,1,YAPC,normalized_field,tests/fixtures/bronze/chembl/cell_line/sample_ci_2026-04-29.jsonl
chembl_cell_line,chembl/cell_line,cell_description,bronze_fixture,YT-NU,1,YT-NU,normalized_field,tests/fixtures/bronze/chembl/cell_line/sample_ci_2026-04-29.jsonl
chembl_cell_line,chembl/cell_line,cell_description,edge_fixture,Edge cell line one,1,Edge cell line one,normalized_field,tests/fixtures/bronze/chembl/cell_line/sample_edge_ontology_ids_2026-05-11.jsonl
chembl_cell_line,chembl/cell_line,cell_description,edge_fixture,Edge cell line two,1,Edge cell line two,normalized_field,tests/fixtures/bronze/chembl/cell_line/sample_edge_ontology_ids_2026-05-11.jsonl
chembl_cell_line,chembl/cell_line,cell_description,edge_fixture,Edge cell line lowercase namespace case,1,Edge cell line lowercase namespace case,normalized_field,tests/fixtures/bronze/chembl/cell_line/sample_edge_ontology_namespaces_2026-05-11.jsonl
chembl_cell_line,chembl/cell_line,cell_description,edge_fixture,Edge cell line underscore namespace case,1,Edge cell line underscore namespace case,normalized_field,tests/fixtures/bronze/chembl/cell_line/sample_edge_ontology_namespaces_2026-05-11.jsonl
chembl_cell_line,chembl/cell_line,cell_id,bronze_fixture,1,1,1,normalized_field,tests/fixtures/bronze/chembl/cell_line/sample_ci_2026-04-29.jsonl
chembl_cell_line,chembl/cell_line,cell_id,bronze_fixture,10,1,10,normalized_field,tests/fixtures/bronze/chembl/cell_line/sample_ci_2026-04-29.jsonl
chembl_cell_line,chembl/cell_line,cell_id,bronze_fixture,11,1,11,normalized_field,tests/fixtures/bronze/chembl/cell_line/sample_ci_2026-04-29.jsonl
chembl_cell_line,chembl/cell_line,cell_id,bronze_fixture,13,1,13,normalized_field,tests/fixtures/bronze/chembl/cell_line/sample_ci_2026-04-29.jsonl
chembl_cell_line,chembl/cell_line,cell_id,bronze_fixture,14,1,14,normalized_field,tests/fixtures/bronze/chembl/cell_line/sample_ci_2026-04-29.jsonl
chembl_cell_line,chembl/cell_line,cell_id,bronze_fixture,15,1,15,normalized_field,tests/fixtures/bronze/chembl/cell_line/sample_ci_2026-04-29.jsonl
chembl_cell_line,chembl/cell_line,cell_id,bronze_fixture,16,1,16,normalized_field,tests/fixtures/bronze/chembl/cell_line/sample_ci_2026-04-29.jsonl
chembl_cell_line,chembl/cell_line,cell_id,bronze_fixture,17,1,17,normalized_field,tests/fixtures/bronze/chembl/cell_line/sample_ci_2026-04-29.jsonl
chembl_cell_line,chembl/cell_line,cell_id,bronze_fixture,18,1,18,normalized_field,tests/fixtures/bronze/chembl/cell_line/sample_ci_2026-04-29.jsonl
chembl_cell_line,chembl/cell_line,cell_id,bronze_fixture,19,1,19,normalized_field,tests/fixtures/bronze/chembl/cell_line/sample_ci_2026-04-29.jsonl
chembl_cell_line,chembl/cell_line,cell_id,bronze_fixture,2,1,2,normalized_field,tests/fixtures/bronze/chembl/cell_line/sample_ci_2026-04-29.jsonl
chembl_cell_line,chembl/cell_line,cell_id,bronze_fixture,20,1,20,normalized_field,tests/fixtures/bronze/chembl/cell_line/sample_ci_2026-04-29.jsonl
chembl_cell_line,chembl/cell_line,cell_id,bronze_fixture,21,1,21,normalized_field,tests/fixtures/bronze/chembl/cell_line/sample_ci_2026-04-29.jsonl
chembl_cell_line,chembl/cell_line,cell_id,bronze_fixture,3,1,3,normalized_field,tests/fixtures/bronze/chembl/cell_line/sample_ci_2026-04-29.jsonl
chembl_cell_line,chembl/cell_line,cell_id,bronze_fixture,4,1,4,normalized_field,tests/fixtures/bronze/chembl/cell_line/sample_ci_2026-04-29.jsonl
chembl_cell_line,chembl/cell_line,cell_id,bronze_fixture,5,1,5,normalized_field,tests/fixtures/bronze/chembl/cell_line/sample_ci_2026-04-29.jsonl
chembl_cell_line,chembl/cell_line,cell_id,bronze_fixture,6,1,6,normalized_field,tests/fixtures/bronze/chembl/cell_line/sample_ci_2026-04-29.jsonl
chembl_cell_line,chembl/cell_line,cell_id,bronze_fixture,7,1,7,normalized_field,tests/fixtures/bronze/chembl/cell_line/sample_ci_2026-04-29.jsonl
chembl_cell_line,chembl/cell_line,cell_id,bronze_fixture,8,1,8,normalized_field,tests/fixtures/bronze/chembl/cell_line/sample_ci_2026-04-29.jsonl
chembl_cell_line,chembl/cell_line,cell_id,bronze_fixture,9,1,9,normalized_field,tests/fixtures/bronze/chembl/cell_line/sample_ci_2026-04-29.jsonl
chembl_cell_line,chembl/cell_line,cell_id,edge_fixture,900001,1,900001,normalized_field,tests/fixtures/bronze/chembl/cell_line/sample_edge_ontology_ids_2026-05-11.jsonl
chembl_cell_line,chembl/cell_line,cell_id,edge_fixture,900002,1,900002,normalized_field,tests/fixtures/bronze/chembl/cell_line/sample_edge_ontology_ids_2026-05-11.jsonl
chembl_cell_line,chembl/cell_line,cell_id,edge_fixture,9991,1,9991,normalized_field,tests/fixtures/bronze/chembl/cell_line/sample_edge_ontology_namespaces_2026-05-11.jsonl
chembl_cell_line,chembl/cell_line,cell_id,edge_fixture,9992,1,9992,normalized_field,tests/fixtures/bronze/chembl/cell_line/sample_edge_ontology_namespaces_2026-05-11.jsonl
chembl_cell_line,chembl/cell_line,cell_name,bronze_fixture,AIK-T8,1,AIK-T8,normalized_field,tests/fixtures/bronze/chembl/cell_line/sample_ci_2026-04-29.jsonl
chembl_cell_line,chembl/cell_line,cell_name,bronze_fixture,DC3F,1,DC3F,normalized_field,tests/fixtures/bronze/chembl/cell_line/sample_ci_2026-04-29.jsonl
chembl_cell_line,chembl/cell_line,cell_name,bronze_fixture,G-401,1,G-401,normalized_field,tests/fixtures/bronze/chembl/cell_line/sample_ci_2026-04-29.jsonl
chembl_cell_line,chembl/cell_line,cell_name,bronze_fixture,P3HR-1,1,P3HR-1,normalized_field,tests/fixtures/bronze/chembl/cell_line/sample_ci_2026-04-29.jsonl
chembl_cell_line,chembl/cell_line,cell_name,bronze_fixture,T6400,1,T6400,normalized_field,tests/fixtures/bronze/chembl/cell_line/sample_ci_2026-04-29.jsonl
chembl_cell_line,chembl/cell_line,cell_name,bronze_fixture,T78-1,1,T78-1,normalized_field,tests/fixtures/bronze/chembl/cell_line/sample_ci_2026-04-29.jsonl
chembl_cell_line,chembl/cell_line,cell_name,bronze_fixture,T78-1/T79-A3,1,T78-1/T79-A3,normalized_field,tests/fixtures/bronze/chembl/cell_line/sample_ci_2026-04-29.jsonl
chembl_cell_line,chembl/cell_line,cell_name,bronze_fixture,TA3,1,TA3,normalized_field,tests/fixtures/bronze/chembl/cell_line/sample_ci_2026-04-29.jsonl
chembl_cell_line,chembl/cell_line,cell_name,bronze_fixture,UCLA P-3,1,UCLA P-3,normalized_field,tests/fixtures/bronze/chembl/cell_line/sample_ci_2026-04-29.jsonl
chembl_cell_line,chembl/cell_line,cell_name,bronze_fixture,UMR106-06,1,UMR106-06,normalized_field,tests/fixtures/bronze/chembl/cell_line/sample_ci_2026-04-29.jsonl
chembl_cell_line,chembl/cell_line,cell_name,bronze_fixture,UMSCC22B,1,UMSCC22B,normalized_field,tests/fixtures/bronze/chembl/cell_line/sample_ci_2026-04-29.jsonl
chembl_cell_line,chembl/cell_line,cell_name,bronze_fixture,UMUC3,1,UMUC3,normalized_field,tests/fixtures/bronze/chembl/cell_line/sample_ci_2026-04-29.jsonl
chembl_cell_line,chembl/cell_line,cell_name,bronze_fixture,V79-4,1,V79-4,normalized_field,tests/fixtures/bronze/chembl/cell_line/sample_ci_2026-04-29.jsonl
chembl_cell_line,chembl/cell_line,cell_name,bronze_fixture,VCR100,1,VCR100,normalized_field,tests/fixtures/bronze/chembl/cell_line/sample_ci_2026-04-29.jsonl
chembl_cell_line,chembl/cell_line,cell_name,bronze_fixture,W256,1,W256,normalized_field,tests/fixtures/bronze/chembl/cell_line/sample_ci_2026-04-29.jsonl
chembl_cell_line,chembl/cell_line,cell_name,bronze_fixture,WEHI265.1,1,WEHI265.1,normalized_field,tests/fixtures/bronze/chembl/cell_line/sample_ci_2026-04-29.jsonl
chembl_cell_line,chembl/cell_line,cell_name,bronze_fixture,WiDr-NTR,1,WiDr-NTR,normalized_field,tests/fixtures/bronze/chembl/cell_line/sample_ci_2026-04-29.jsonl
chembl_cell_line,chembl/cell_line,cell_name,bronze_fixture,XC,1,XC,normalized_field,tests/fixtures/bronze/chembl/cell_line/sample_ci_2026-04-29.jsonl
chembl_cell_line,chembl/cell_line,cell_name,bronze_fixture,YAPC,1,YAPC,normalized_field,tests/fixtures/bronze/chembl/cell_line/sample_ci_2026-04-29.jsonl
chembl_cell_line,chembl/cell_line,cell_name,bronze_fixture,YT-NU,1,YT-NU,normalized_field,tests/fixtures/bronze/chembl/cell_line/sample_ci_2026-04-29.jsonl
chembl_cell_line,chembl/cell_line,cell_name,edge_fixture,EdgeCell-1,1,EdgeCell-1,normalized_field,tests/fixtures/bronze/chembl/cell_line/sample_edge_ontology_ids_2026-05-11.jsonl
chembl_cell_line,chembl/cell_line,cell_name,edge_fixture,EdgeCell-2,1,EdgeCell-2,normalized_field,tests/fixtures/bronze/chembl/cell_line/sample_edge_ontology_ids_2026-05-11.jsonl
chembl_cell_line,chembl/cell_line,cell_name,edge_fixture,EdgeCellA,1,EdgeCellA,normalized_field,tests/fixtures/bronze/chembl/cell_line/sample_edge_ontology_namespaces_2026-05-11.jsonl
chembl_cell_line,chembl/cell_line,cell_name,edge_fixture,EdgeCellB,1,EdgeCellB,normalized_field,tests/fixtures/bronze/chembl/cell_line/sample_edge_ontology_namespaces_2026-05-11.jsonl
chembl_cell_line,chembl/cell_line,cell_source_organism,bronze_fixture,Cricetulus griseus,4,Cricetulus griseus,normalized_field,tests/fixtures/bronze/chembl/cell_line/sample_ci_2026-04-29.jsonl
chembl_cell_line,chembl/cell_line,cell_source_organism,bronze_fixture,Homo sapiens,9,Homo sapiens,normalized_field,tests/fixtures/bronze/chembl/cell_line/sample_ci_2026-04-29.jsonl
chembl_cell_line,chembl/cell_line,cell_source_organism,bronze_fixture,Mus musculus,4,Mus musculus,normalized_field,tests/fixtures/bronze/chembl/cell_line/sample_ci_2026-04-29.jsonl
chembl_cell_line,chembl/cell_line,cell_source_organism,bronze_fixture,Rattus norvegicus,3,Rattus norvegicus,normalized_field,tests/fixtures/bronze/chembl/cell_line/sample_ci_2026-04-29.jsonl
chembl_cell_line,chembl/cell_line,cell_source_organism,edge_fixture,Homo sapiens,1,Homo sapiens,normalized_field,tests/fixtures/bronze/chembl/cell_line/sample_edge_ontology_ids_2026-05-11.jsonl
chembl_cell_line,chembl/cell_line,cell_source_organism,edge_fixture,Mus musculus,1,Mus musculus,normalized_field,tests/fixtures/bronze/chembl/cell_line/sample_edge_ontology_ids_2026-05-11.jsonl
chembl_cell_line,chembl/cell_line,cell_source_organism,edge_fixture,Homo sapiens,2,Homo sapiens,normalized_field,tests/fixtures/bronze/chembl/cell_line/sample_edge_ontology_namespaces_2026-05-11.jsonl
chembl_cell_line,chembl/cell_line,cell_source_tissue,bronze_fixture,Bladder Carcinoma,1,Bladder Carcinoma,normalized_field,tests/fixtures/bronze/chembl/cell_line/sample_ci_2026-04-29.jsonl
chembl_cell_line,chembl/cell_line,cell_source_tissue,bronze_fixture,Carcinoma,1,Carcinoma,normalized_field,tests/fixtures/bronze/chembl/cell_line/sample_ci_2026-04-29.jsonl
chembl_cell_line,chembl/cell_line,cell_source_tissue,bronze_fixture,Colon Adenocarcinoma,1,Colon Adenocarcinoma,normalized_field,tests/fixtures/bronze/chembl/cell_line/sample_ci_2026-04-29.jsonl
chembl_cell_line,chembl/cell_line,cell_source_tissue,bronze_fixture,Fibroblasts,1,Fibroblasts,normalized_field,tests/fixtures/bronze/chembl/cell_line/sample_ci_2026-04-29.jsonl
chembl_cell_line,chembl/cell_line,cell_source_tissue,bronze_fixture,Kidney Wilm's tumor,1,Kidney Wilm's tumor,normalized_field,tests/fixtures/bronze/chembl/cell_line/sample_ci_2026-04-29.jsonl
chembl_cell_line,chembl/cell_line,cell_source_tissue,bronze_fixture,Leukaemia,1,Leukaemia,normalized_field,tests/fixtures/bronze/chembl/cell_line/sample_ci_2026-04-29.jsonl
chembl_cell_line,chembl/cell_line,cell_source_tissue,bronze_fixture,Lung,4,Lung,normalized_field,tests/fixtures/bronze/chembl/cell_line/sample_ci_2026-04-29.jsonl
chembl_cell_line,chembl/cell_line,cell_source_tissue,bronze_fixture,Lung Adenocarcinoma,1,Lung Adenocarcinoma,normalized_field,tests/fixtures/bronze/chembl/cell_line/sample_ci_2026-04-29.jsonl
chembl_cell_line,chembl/cell_line,cell_source_tissue,bronze_fixture,Lymphocyte,1,Lymphocyte,normalized_field,tests/fixtures/bronze/chembl/cell_line/sample_ci_2026-04-29.jsonl
chembl_cell_line,chembl/cell_line,cell_source_tissue,bronze_fixture,Lyphoma,1,Lyphoma,normalized_field,tests/fixtures/bronze/chembl/cell_line/sample_ci_2026-04-29.jsonl
chembl_cell_line,chembl/cell_line,cell_source_tissue,bronze_fixture,Macrophage,1,Macrophage,normalized_field,tests/fixtures/bronze/chembl/cell_line/sample_ci_2026-04-29.jsonl
chembl_cell_line,chembl/cell_line,cell_source_tissue,bronze_fixture,Mammary Carcinoma,1,Mammary Carcinoma,normalized_field,tests/fixtures/bronze/chembl/cell_line/sample_ci_2026-04-29.jsonl
chembl_cell_line,chembl/cell_line,cell_source_tissue,bronze_fixture,Monocytic Carcinosarcoma,1,Monocytic Carcinosarcoma,normalized_field,tests/fixtures/bronze/chembl/cell_line/sample_ci_2026-04-29.jsonl
chembl_cell_line,chembl/cell_line,cell_source_tissue,bronze_fixture,Neuroblastoma,1,Neuroblastoma,normalized_field,tests/fixtures/bronze/chembl/cell_line/sample_ci_2026-04-29.jsonl
chembl_cell_line,chembl/cell_line,cell_source_tissue,bronze_fixture,Osteosarcoma,1,Osteosarcoma,normalized_field,tests/fixtures/bronze/chembl/cell_line/sample_ci_2026-04-29.jsonl
chembl_cell_line,chembl/cell_line,cell_source_tissue,bronze_fixture,Pancreas Carcinoma,1,Pancreas Carcinoma,normalized_field,tests/fixtures/bronze/chembl/cell_line/sample_ci_2026-04-29.jsonl
chembl_cell_line,chembl/cell_line,cell_source_tissue,bronze_fixture,Sarcoma,1,Sarcoma,normalized_field,tests/fixtures/bronze/chembl/cell_line/sample_ci_2026-04-29.jsonl
chembl_cell_line,chembl/cell_line,cell_source_tissue,edge_fixture,Brain,1,Brain,normalized_field,tests/fixtures/bronze/chembl/cell_line/sample_edge_ontology_ids_2026-05-11.jsonl
chembl_cell_line,chembl/cell_line,cell_source_tissue,edge_fixture,Liver,1,Liver,normalized_field,tests/fixtures/bronze/chembl/cell_line/sample_edge_ontology_ids_2026-05-11.jsonl
chembl_cell_line,chembl/cell_line,cell_source_tissue,edge_fixture,Lung,2,Lung,normalized_field,tests/fixtures/bronze/chembl/cell_line/sample_edge_ontology_namespaces_2026-05-11.jsonl
chembl_cell_line,chembl/cell_line,cellosaurus_id,bronze_fixture,CVCL_0270,1,CVCL_0270,ontology:cellosaurus,tests/fixtures/bronze/chembl/cell_line/sample_ci_2026-04-29.jsonl
chembl_cell_line,chembl/cell_line,cellosaurus_id,bronze_fixture,CVCL_1783,1,CVCL_1783,ontology:cellosaurus,tests/fixtures/bronze/chembl/cell_line/sample_ci_2026-04-29.jsonl
chembl_cell_line,chembl/cell_line,cellosaurus_id,bronze_fixture,CVCL_1794,1,CVCL_1794,ontology:cellosaurus,tests/fixtures/bronze/chembl/cell_line/sample_ci_2026-04-29.jsonl
chembl_cell_line,chembl/cell_line,cellosaurus_id,bronze_fixture,CVCL_1891,1,CVCL_1891,ontology:cellosaurus,tests/fixtures/bronze/chembl/cell_line/sample_ci_2026-04-29.jsonl
chembl_cell_line,chembl/cell_line,cellosaurus_id,bronze_fixture,CVCL_1B43,1,CVCL_1B43,ontology:cellosaurus,tests/fixtures/bronze/chembl/cell_line/sample_ci_2026-04-29.jsonl
chembl_cell_line,chembl/cell_line,cellosaurus_id,bronze_fixture,CVCL_2676,1,CVCL_2676,ontology:cellosaurus,tests/fixtures/bronze/chembl/cell_line/sample_ci_2026-04-29.jsonl
chembl_cell_line,chembl/cell_line,cellosaurus_id,bronze_fixture,CVCL_2796,1,CVCL_2796,ontology:cellosaurus,tests/fixtures/bronze/chembl/cell_line/sample_ci_2026-04-29.jsonl
chembl_cell_line,chembl/cell_line,cellosaurus_id,bronze_fixture,CVCL_3537,1,CVCL_3537,ontology:cellosaurus,tests/fixtures/bronze/chembl/cell_line/sample_ci_2026-04-29.jsonl
chembl_cell_line,chembl/cell_line,cellosaurus_id,bronze_fixture,CVCL_3620,1,CVCL_3620,ontology:cellosaurus,tests/fixtures/bronze/chembl/cell_line/sample_ci_2026-04-29.jsonl
chembl_cell_line,chembl/cell_line,cellosaurus_id,bronze_fixture,CVCL_4315,1,CVCL_4315,ontology:cellosaurus,tests/fixtures/bronze/chembl/cell_line/sample_ci_2026-04-29.jsonl
chembl_cell_line,chembl/cell_line,cellosaurus_id,bronze_fixture,CVCL_4704,1,CVCL_4704,ontology:cellosaurus,tests/fixtures/bronze/chembl/cell_line/sample_ci_2026-04-29.jsonl
chembl_cell_line,chembl/cell_line,cellosaurus_id,bronze_fixture,CVCL_7732,1,CVCL_7732,ontology:cellosaurus,tests/fixtures/bronze/chembl/cell_line/sample_ci_2026-04-29.jsonl
chembl_cell_line,chembl/cell_line,cellosaurus_id,bronze_fixture,CVCL_H524,1,CVCL_H524,ontology:cellosaurus,tests/fixtures/bronze/chembl/cell_line/sample_ci_2026-04-29.jsonl
chembl_cell_line,chembl/cell_line,cellosaurus_id,bronze_fixture,CVCL_N513,1,CVCL_N513,ontology:cellosaurus,tests/fixtures/bronze/chembl/cell_line/sample_ci_2026-04-29.jsonl
chembl_cell_line,chembl/cell_line,cellosaurus_id,bronze_fixture,CVCL_R998,1,CVCL_R998,ontology:cellosaurus,tests/fixtures/bronze/chembl/cell_line/sample_ci_2026-04-29.jsonl
chembl_cell_line,chembl/cell_line,cellosaurus_id,bronze_fixture,CVCL_S477,1,CVCL_S477,ontology:cellosaurus,tests/fixtures/bronze/chembl/cell_line/sample_ci_2026-04-29.jsonl
chembl_cell_line,chembl/cell_line,cellosaurus_id,bronze_fixture,CVCL_X527,1,CVCL_X527,ontology:cellosaurus,tests/fixtures/bronze/chembl/cell_line/sample_ci_2026-04-29.jsonl
chembl_cell_line,chembl/cell_line,cellosaurus_id,edge_fixture,cvcl:0030,1,CVCL_0030,ontology:cellosaurus,tests/fixtures/bronze/chembl/cell_line/sample_edge_ontology_ids_2026-05-11.jsonl
chembl_cell_line,chembl/cell_line,cellosaurus_id,edge_fixture,CVCL_0031,1,CVCL_0031,ontology:cellosaurus,tests/fixtures/bronze/chembl/cell_line/sample_edge_ontology_ids_2026-05-11.jsonl
chembl_cell_line,chembl/cell_line,cellosaurus_id,edge_fixture,CVCL_2676,1,CVCL_2676,ontology:cellosaurus,tests/fixtures/bronze/chembl/cell_line/sample_edge_ontology_namespaces_2026-05-11.jsonl
chembl_cell_line,chembl/cell_line,cellosaurus_id,edge_fixture,cvcl:4704,1,CVCL_4704,ontology:cellosaurus,tests/fixtures/bronze/chembl/cell_line/sample_edge_ontology_namespaces_2026-05-11.jsonl
chembl_cell_line,chembl/cell_line,cl_lincs_id,bronze_fixture,LCL-1511,1,LCL-1511,normalized_field,tests/fixtures/bronze/chembl/cell_line/sample_ci_2026-04-29.jsonl
chembl_cell_line,chembl/cell_line,cl_lincs_id,bronze_fixture,LCL-1721,1,LCL-1721,normalized_field,tests/fixtures/bronze/chembl/cell_line/sample_ci_2026-04-29.jsonl
chembl_cell_line,chembl/cell_line,cl_lincs_id,bronze_fixture,LCL-1792,1,LCL-1792,normalized_field,tests/fixtures/bronze/chembl/cell_line/sample_ci_2026-04-29.jsonl
chembl_cell_line,chembl/cell_line,cl_lincs_id,bronze_fixture,LCL-2024,1,LCL-2024,normalized_field,tests/fixtures/bronze/chembl/cell_line/sample_ci_2026-04-29.jsonl
chembl_cell_line,chembl/cell_line,cl_lincs_id,edge_fixture,LCL-EDGE-2,1,LCL-EDGE-2,normalized_field,tests/fixtures/bronze/chembl/cell_line/sample_edge_ontology_ids_2026-05-11.jsonl
chembl_cell_line,chembl/cell_line,cl_lincs_id,edge_fixture,LCL-2024,1,LCL-2024,normalized_field,tests/fixtures/bronze/chembl/cell_line/sample_edge_ontology_namespaces_2026-05-11.jsonl
chembl_cell_line,chembl/cell_line,clo_id,bronze_fixture,CLO_0003434,1,CLO_0003434,ontology:clo,tests/fixtures/bronze/chembl/cell_line/sample_ci_2026-04-29.jsonl
chembl_cell_line,chembl/cell_line,clo_id,bronze_fixture,CLO_0007335,1,CLO_0007335,ontology:clo,tests/fixtures/bronze/chembl/cell_line/sample_ci_2026-04-29.jsonl
chembl_cell_line,chembl/cell_line,clo_id,bronze_fixture,CLO_0008331,1,CLO_0008331,ontology:clo,tests/fixtures/bronze/chembl/cell_line/sample_ci_2026-04-29.jsonl
chembl_cell_line,chembl/cell_line,clo_id,bronze_fixture,CLO_0009487,1,CLO_0009487,ontology:clo,tests/fixtures/bronze/chembl/cell_line/sample_ci_2026-04-29.jsonl
chembl_cell_line,chembl/cell_line,clo_id,bronze_fixture,CLO_0009504,1,CLO_0009504,ontology:clo,tests/fixtures/bronze/chembl/cell_line/sample_ci_2026-04-29.jsonl
chembl_cell_line,chembl/cell_line,clo_id,bronze_fixture,CLO_0009576,1,CLO_0009576,ontology:clo,tests/fixtures/bronze/chembl/cell_line/sample_ci_2026-04-29.jsonl
chembl_cell_line,chembl/cell_line,clo_id,bronze_fixture,CLO_0009645,1,CLO_0009645,ontology:clo,tests/fixtures/bronze/chembl/cell_line/sample_ci_2026-04-29.jsonl
chembl_cell_line,chembl/cell_line,clo_id,bronze_fixture,CLO_0009711,1,CLO_0009711,ontology:clo,tests/fixtures/bronze/chembl/cell_line/sample_ci_2026-04-29.jsonl
chembl_cell_line,chembl/cell_line,clo_id,edge_fixture,clo:0003684,1,CLO_0003684,ontology:clo,tests/fixtures/bronze/chembl/cell_line/sample_edge_ontology_ids_2026-05-11.jsonl
chembl_cell_line,chembl/cell_line,clo_id,edge_fixture,CLO_0003685,1,CLO_0003685,ontology:clo,tests/fixtures/bronze/chembl/cell_line/sample_edge_ontology_ids_2026-05-11.jsonl
chembl_cell_line,chembl/cell_line,clo_id,edge_fixture,clo:0003684,1,CLO_0003684,ontology:clo,tests/fixtures/bronze/chembl/cell_line/sample_edge_ontology_namespaces_2026-05-11.jsonl
chembl_cell_line,chembl/cell_line,clo_id,edge_fixture,CLO_0008331,1,CLO_0008331,ontology:clo,tests/fixtures/bronze/chembl/cell_line/sample_edge_ontology_namespaces_2026-05-11.jsonl
chembl_cell_line,chembl/cell_line,efo_id,bronze_fixture,EFO_0002179,1,EFO_0002179,ontology:efo,tests/fixtures/bronze/chembl/cell_line/sample_ci_2026-04-29.jsonl
chembl_cell_line,chembl/cell_line,efo_id,bronze_fixture,EFO_0002312,1,EFO_0002312,ontology:efo,tests/fixtures/bronze/chembl/cell_line/sample_ci_2026-04-29.jsonl
chembl_cell_line,chembl/cell_line,efo_id,bronze_fixture,EFO_0002387,1,EFO_0002387,ontology:efo,tests/fixtures/bronze/chembl/cell_line/sample_ci_2026-04-29.jsonl
chembl_cell_line,chembl/cell_line,efo_id,bronze_fixture,EFO_0006778,1,EFO_0006778,ontology:efo,tests/fixtures/bronze/chembl/cell_line/sample_ci_2026-04-29.jsonl
chembl_cell_line,chembl/cell_line,efo_id,edge_fixture,efo:0001187,1,EFO_0001187,ontology:efo,tests/fixtures/bronze/chembl/cell_line/sample_edge_ontology_ids_2026-05-11.jsonl
chembl_cell_line,chembl/cell_line,efo_id,edge_fixture,EFO_0001188,1,EFO_0001188,ontology:efo,tests/fixtures/bronze/chembl/cell_line/sample_edge_ontology_ids_2026-05-11.jsonl
chembl_cell_line,chembl/cell_line,efo_id,edge_fixture,EFO_0002312,1,EFO_0002312,ontology:efo,tests/fixtures/bronze/chembl/cell_line/sample_edge_ontology_namespaces_2026-05-11.jsonl
chembl_cell_line,chembl/cell_line,efo_id,edge_fixture,efo:0002312,1,EFO_0002312,ontology:efo,tests/fixtures/bronze/chembl/cell_line/sample_edge_ontology_namespaces_2026-05-11.jsonl
chembl_compound_record,chembl/compound_record,compound_key,bronze_fixture,I,1,I,normalized_field,tests/fixtures/bronze/chembl/compound_record/sample_ci_2026-04-29.jsonl
chembl_compound_record,chembl/compound_record,compound_key,bronze_fixture,II,1,II,normalized_field,tests/fixtures/bronze/chembl/compound_record/sample_ci_2026-04-29.jsonl
chembl_compound_record,chembl/compound_record,compound_key,bronze_fixture,III,1,III,normalized_field,tests/fixtures/bronze/chembl/compound_record/sample_ci_2026-04-29.jsonl
chembl_compound_record,chembl/compound_record,compound_key,bronze_fixture,IV,1,IV,normalized_field,tests/fixtures/bronze/chembl/compound_record/sample_ci_2026-04-29.jsonl
chembl_compound_record,chembl/compound_record,compound_key,bronze_fixture,IX,1,IX,normalized_field,tests/fixtures/bronze/chembl/compound_record/sample_ci_2026-04-29.jsonl
chembl_compound_record,chembl/compound_record,compound_key,bronze_fixture,V,1,V,normalized_field,tests/fixtures/bronze/chembl/compound_record/sample_ci_2026-04-29.jsonl
chembl_compound_record,chembl/compound_record,compound_key,bronze_fixture,VI,1,VI,normalized_field,tests/fixtures/bronze/chembl/compound_record/sample_ci_2026-04-29.jsonl
chembl_compound_record,chembl/compound_record,compound_key,bronze_fixture,VII,1,VII,normalized_field,tests/fixtures/bronze/chembl/compound_record/sample_ci_2026-04-29.jsonl
chembl_compound_record,chembl/compound_record,compound_key,bronze_fixture,VIII,1,VIII,normalized_field,tests/fixtures/bronze/chembl/compound_record/sample_ci_2026-04-29.jsonl
chembl_compound_record,chembl/compound_record,compound_key,bronze_fixture,X,1,X,normalized_field,tests/fixtures/bronze/chembl/compound_record/sample_ci_2026-04-29.jsonl
chembl_compound_record,chembl/compound_record,compound_key,bronze_fixture,XI,1,XI,normalized_field,tests/fixtures/bronze/chembl/compound_record/sample_ci_2026-04-29.jsonl
chembl_compound_record,chembl/compound_record,compound_key,bronze_fixture,XII,1,XII,normalized_field,tests/fixtures/bronze/chembl/compound_record/sample_ci_2026-04-29.jsonl
chembl_compound_record,chembl/compound_record,compound_key,bronze_fixture,XIII,1,XIII,normalized_field,tests/fixtures/bronze/chembl/compound_record/sample_ci_2026-04-29.jsonl
chembl_compound_record,chembl/compound_record,compound_key,bronze_fixture,XIV,1,XIV,normalized_field,tests/fixtures/bronze/chembl/compound_record/sample_ci_2026-04-29.jsonl
chembl_compound_record,chembl/compound_record,compound_key,bronze_fixture,XIX,1,XIX,normalized_field,tests/fixtures/bronze/chembl/compound_record/sample_ci_2026-04-29.jsonl
chembl_compound_record,chembl/compound_record,compound_key,bronze_fixture,XV,1,XV,normalized_field,tests/fixtures/bronze/chembl/compound_record/sample_ci_2026-04-29.jsonl
chembl_compound_record,chembl/compound_record,compound_key,bronze_fixture,XVI,1,XVI,normalized_field,tests/fixtures/bronze/chembl/compound_record/sample_ci_2026-04-29.jsonl
chembl_compound_record,chembl/compound_record,compound_key,bronze_fixture,XVII,1,XVII,normalized_field,tests/fixtures/bronze/chembl/compound_record/sample_ci_2026-04-29.jsonl
chembl_compound_record,chembl/compound_record,compound_key,bronze_fixture,XVIII,1,XVIII,normalized_field,tests/fixtures/bronze/chembl/compound_record/sample_ci_2026-04-29.jsonl
chembl_compound_record,chembl/compound_record,compound_key,bronze_fixture,XX,1,XX,normalized_field,tests/fixtures/bronze/chembl/compound_record/sample_ci_2026-04-29.jsonl
chembl_compound_record,chembl/compound_record,compound_name,bronze_fixture,"11,14-Dibenzyl-2-isobutyl-5-(2-methylsulfanyl-ethyl)-1,4,7,10,13,16-hexaaza-bicyclo[15.2.1]icos-18-ene-3,6,9,12,15,20-hexaone",1,"11,14-Dibenzyl-2-isobutyl-5-(2-methylsulfanyl-ethyl)-1,4,7,10,13,16-hexaaza-bicyclo[15.2.1]icos-18-ene-3,6,9,12,15,20-hexaone",normalized_field,tests/fixtures/bronze/chembl/compound_record/sample_ci_2026-04-29.jsonl
chembl_compound_record,chembl/compound_record,compound_name,bronze_fixture,"11,14-Dibenzyl-2-isobutyl-8-methyl-5-(2-methylsulfanyl-ethyl)-1,4,7,10,13,16-hexaaza-bicyclo[15.2.1]icos-18-ene-3,6,9,12,15,20-hexaone",2,"11,14-Dibenzyl-2-isobutyl-8-methyl-5-(2-methylsulfanyl-ethyl)-1,4,7,10,13,16-hexaaza-bicyclo[15.2.1]icos-18-ene-3,6,9,12,15,20-hexaone",normalized_field,tests/fixtures/bronze/chembl/compound_record/sample_ci_2026-04-29.jsonl
chembl_compound_record,chembl/compound_record,compound_name,bronze_fixture,"14-Benzyl-2-isobutyl-11-methyl-5-(2-methylsulfanyl-ethyl)-11-naphthalen-1-yl-1,4,7,10,13,16-hexaaza-bicyclo[15.2.1]icos-18-ene-3,6,9,12,15,20-hexaone",1,"14-Benzyl-2-isobutyl-11-methyl-5-(2-methylsulfanyl-ethyl)-11-naphthalen-1-yl-1,4,7,10,13,16-hexaaza-bicyclo[15.2.1]icos-18-ene-3,6,9,12,15,20-hexaone",normalized_field,tests/fixtures/bronze/chembl/compound_record/sample_ci_2026-04-29.jsonl
chembl_compound_record,chembl/compound_record,compound_name,bronze_fixture,"19-Benzyl-16-(1H-indol-3-ylmethyl)-2-isobutyl-5-(2-methylsulfanyl-ethyl)-1,4,7,15,18,21-hexaaza-bicyclo[20.2.1]pentacos-23-ene-3,6,14,17,20,25-hexaone",1,"19-Benzyl-16-(1H-indol-3-ylmethyl)-2-isobutyl-5-(2-methylsulfanyl-ethyl)-1,4,7,15,18,21-hexaaza-bicyclo[20.2.1]pentacos-23-ene-3,6,14,17,20,25-hexaone",normalized_field,tests/fixtures/bronze/chembl/compound_record/sample_ci_2026-04-29.jsonl
chembl_compound_record,chembl/compound_record,compound_name,bronze_fixture,"3-[11,14-Dibenzyl-2-isobutyl-5-(2-methylsulfanyl-ethyl)-3,6,9,12,15,20-hexaoxo-1,4,7,10,13,16-hexaaza-bicyclo[15.2.1]icos-18-en-8-yl]-propionamide",1,"3-[11,14-Dibenzyl-2-isobutyl-5-(2-methylsulfanyl-ethyl)-3,6,9,12,15,20-hexaoxo-1,4,7,10,13,16-hexaaza-bicyclo[15.2.1]icos-18-en-8-yl]-propionamide",normalized_field,tests/fixtures/bronze/chembl/compound_record/sample_ci_2026-04-29.jsonl
chembl_compound_record,chembl/compound_record,compound_name,bronze_fixture,"3-[14,17-Dibenzyl-2-isobutyl-5-(2-methylsulfanyl-ethyl)-3,6,9,12,15,18,23-heptaoxo-1,4,7,10,13,16,19-heptaaza-bicyclo[18.2.1]tricos-21-en-11-yl]-propionamide",1,"3-[14,17-Dibenzyl-2-isobutyl-5-(2-methylsulfanyl-ethyl)-3,6,9,12,15,18,23-heptaoxo-1,4,7,10,13,16,19-heptaaza-bicyclo[18.2.1]tricos-21-en-11-yl]-propionamide",normalized_field,tests/fixtures/bronze/chembl/compound_record/sample_ci_2026-04-29.jsonl
chembl_compound_record,chembl/compound_record,compound_name,bronze_fixture,"3-[14-Benzyl-11-(1H-indol-3-ylmethyl)-2-isobutyl-13-methyl-5-(2-methylsulfanyl-ethyl)-3,6,9,12,15,20-hexaoxo-1,4,7,10,13,16-hexaaza-bicyclo[15.2.1]icos-18-en-8-yl]-propionamide",1,"3-[14-Benzyl-11-(1H-indol-3-ylmethyl)-2-isobutyl-13-methyl-5-(2-methylsulfanyl-ethyl)-3,6,9,12,15,20-hexaoxo-1,4,7,10,13,16-hexaaza-bicyclo[15.2.1]icos-18-en-8-yl]-propionamide",normalized_field,tests/fixtures/bronze/chembl/compound_record/sample_ci_2026-04-29.jsonl
chembl_compound_record,chembl/compound_record,compound_name,bronze_fixture,"3-[14-Benzyl-11-(1H-indol-3-ylmethyl)-2-isobutyl-5-(2-methylsulfanyl-ethyl)-3,6,9,12,15,20-hexaoxo-1,4,7,10,13,16-hexaaza-bicyclo[15.2.1]icos-18-en-8-yl]-propionamide",2,"3-[14-Benzyl-11-(1H-indol-3-ylmethyl)-2-isobutyl-5-(2-methylsulfanyl-ethyl)-3,6,9,12,15,20-hexaoxo-1,4,7,10,13,16-hexaaza-bicyclo[15.2.1]icos-18-en-8-yl]-propionamide",normalized_field,tests/fixtures/bronze/chembl/compound_record/sample_ci_2026-04-29.jsonl
chembl_compound_record,chembl/compound_record,compound_name,bronze_fixture,"3-[14-Benzyl-2-isobutyl-11-methyl-5-(2-methylsulfanyl-ethyl)-11-naphthalen-1-yl-3,6,9,12,15,20-hexaoxo-1,4,7,10,13,16-hexaaza-bicyclo[15.2.1]icos-18-en-8-yl]-propionamide",1,"3-[14-Benzyl-2-isobutyl-11-methyl-5-(2-methylsulfanyl-ethyl)-11-naphthalen-1-yl-3,6,9,12,15,20-hexaoxo-1,4,7,10,13,16-hexaaza-bicyclo[15.2.1]icos-18-en-8-yl]-propionamide",normalized_field,tests/fixtures/bronze/chembl/compound_record/sample_ci_2026-04-29.jsonl
chembl_compound_record,chembl/compound_record,compound_name,bronze_fixture,"3-[17,20-Dibenzyl-2-isobutyl-5-(2-methylsulfanyl-ethyl)-3,6,12,15,18,21,26-heptaoxo-1,4,7,13,16,19,22-heptaaza-tricyclo[21.2.1.0*7,11*]hexacos-24-en-14-yl]-propionamide",1,"3-[17,20-Dibenzyl-2-isobutyl-5-(2-methylsulfanyl-ethyl)-3,6,12,15,18,21,26-heptaoxo-1,4,7,13,16,19,22-heptaaza-tricyclo[21.2.1.0*7,11*]hexacos-24-en-14-yl]-propionamide",normalized_field,tests/fixtures/bronze/chembl/compound_record/sample_ci_2026-04-29.jsonl
chembl_compound_record,chembl/compound_record,compound_name,bronze_fixture,"3-[17-Benzyl-14-(1H-indol-3-ylmethyl)-2-isobutyl-5-(2-methylsulfanyl-ethyl)-3,6,9,12,15,18,23-heptaoxo-1,4,7,10,13,16,19-heptaaza-bicyclo[18.2.1]tricos-21-en-11-yl]-propionamide",2,"3-[17-Benzyl-14-(1H-indol-3-ylmethyl)-2-isobutyl-5-(2-methylsulfanyl-ethyl)-3,6,9,12,15,18,23-heptaoxo-1,4,7,10,13,16,19-heptaaza-bicyclo[18.2.1]tricos-21-en-11-yl]-propionamide",normalized_field,tests/fixtures/bronze/chembl/compound_record/sample_ci_2026-04-29.jsonl
chembl_compound_record,chembl/compound_record,compound_name,bronze_fixture,"3-[17-Benzyl-14-(4-hydroxy-benzyl)-2-isobutyl-5-(2-methylsulfanyl-ethyl)-3,6,9,12,15,18,23-heptaoxo-1,4,7,10,13,16,19-heptaaza-bicyclo[18.2.1]tricos-21-en-11-yl]-propionamide",1,"3-[17-Benzyl-14-(4-hydroxy-benzyl)-2-isobutyl-5-(2-methylsulfanyl-ethyl)-3,6,9,12,15,18,23-heptaoxo-1,4,7,10,13,16,19-heptaaza-bicyclo[18.2.1]tricos-21-en-11-yl]-propionamide",normalized_field,tests/fixtures/bronze/chembl/compound_record/sample_ci_2026-04-29.jsonl
chembl_compound_record,chembl/compound_record,compound_name,bronze_fixture,"3-[5-Benzyl-8-(1H-indol-3-ylmethyl)-17-isobutyl-14-(2-methylsulfanyl-ethyl)-4,7,10,13,16,19-hexaoxo-octadecahydro-3a,6,9,12,15,18-hexaaza-cyclopentacyclooctadecen-11-yl]-propionamide",2,"3-[5-Benzyl-8-(1H-indol-3-ylmethyl)-17-isobutyl-14-(2-methylsulfanyl-ethyl)-4,7,10,13,16,19-hexaoxo-octadecahydro-3a,6,9,12,15,18-hexaaza-cyclopentacyclooctadecen-11-yl]-propionamide",normalized_field,tests/fixtures/bronze/chembl/compound_record/sample_ci_2026-04-29.jsonl
chembl_compound_record,chembl/compound_record,compound_name,bronze_fixture,"3-[8-Benzyl-5-(1H-indol-3-ylmethyl)-11-isobutyl-14-(2-methylsulfanyl-ethyl)-3,6,9,12,15-pentaoxo-1,4,7,10,13pentaaza-cyclopentadec-2-yl]-propionamide",1,"3-[8-Benzyl-5-(1H-indol-3-ylmethyl)-11-isobutyl-14-(2-methylsulfanyl-ethyl)-3,6,9,12,15-pentaoxo-1,4,7,10,13pentaaza-cyclopentadec-2-yl]-propionamide",normalized_field,tests/fixtures/bronze/chembl/compound_record/sample_ci_2026-04-29.jsonl
chembl_compound_record,chembl/compound_record,compound_name,bronze_fixture,"3-[8-Benzyl-5-(1H-indol-3-ylmethyl)-14-isobutyl-17-(2-methylsulfanyl-ethyl)-3,6,9,12,15,18-hexaoxo-1,4,7,10,13,16hexaaza-cyclooctadec-2-yl]-propionamide",1,"3-[8-Benzyl-5-(1H-indol-3-ylmethyl)-14-isobutyl-17-(2-methylsulfanyl-ethyl)-3,6,9,12,15,18-hexaoxo-1,4,7,10,13,16hexaaza-cyclooctadec-2-yl]-propionamide",normalized_field,tests/fixtures/bronze/chembl/compound_record/sample_ci_2026-04-29.jsonl
chembl_compound_record,chembl/compound_record,compound_name,bronze_fixture,"Bis(3-[14-Benzyl-11-(1H-indol-3-ylmethyl)-2-isobutyl-13-methyl-5-(2-methylsulfanyl-ethyl)-3,6,9,12,15,20-hexaoxo-1,4,7,10,13,16-hexaaza-bicyclo[15.2.1]icos-18-en-8-yl]-propionamide)",1,"Bis(3-[14-Benzyl-11-(1H-indol-3-ylmethyl)-2-isobutyl-13-methyl-5-(2-methylsulfanyl-ethyl)-3,6,9,12,15,20-hexaoxo-1,4,7,10,13,16-hexaaza-bicyclo[15.2.1]icos-18-en-8-yl]-propionamide)",normalized_field,tests/fixtures/bronze/chembl/compound_record/sample_ci_2026-04-29.jsonl
chembl_compound_record,chembl/compound_record,record_id,bronze_fixture,1,1,1,normalized_field,tests/fixtures/bronze/chembl/compound_record/sample_ci_2026-04-29.jsonl
chembl_compound_record,chembl/compound_record,record_id,bronze_fixture,10,1,10,normalized_field,tests/fixtures/bronze/chembl/compound_record/sample_ci_2026-04-29.jsonl
chembl_compound_record,chembl/compound_record,record_id,bronze_fixture,11,1,11,normalized_field,tests/fixtures/bronze/chembl/compound_record/sample_ci_2026-04-29.jsonl
chembl_compound_record,chembl/compound_record,record_id,bronze_fixture,12,1,12,normalized_field,tests/fixtures/bronze/chembl/compound_record/sample_ci_2026-04-29.jsonl
chembl_compound_record,chembl/compound_record,record_id,bronze_fixture,13,1,13,normalized_field,tests/fixtures/bronze/chembl/compound_record/sample_ci_2026-04-29.jsonl
chembl_compound_record,chembl/compound_record,record_id,bronze_fixture,14,1,14,normalized_field,tests/fixtures/bronze/chembl/compound_record/sample_ci_2026-04-29.jsonl
chembl_compound_record,chembl/compound_record,record_id,bronze_fixture,15,1,15,normalized_field,tests/fixtures/bronze/chembl/compound_record/sample_ci_2026-04-29.jsonl
chembl_compound_record,chembl/compound_record,record_id,bronze_fixture,16,1,16,normalized_field,tests/fixtures/bronze/chembl/compound_record/sample_ci_2026-04-29.jsonl
chembl_compound_record,chembl/compound_record,record_id,bronze_fixture,17,1,17,normalized_field,tests/fixtures/bronze/chembl/compound_record/sample_ci_2026-04-29.jsonl
chembl_compound_record,chembl/compound_record,record_id,bronze_fixture,18,1,18,normalized_field,tests/fixtures/bronze/chembl/compound_record/sample_ci_2026-04-29.jsonl
chembl_compound_record,chembl/compound_record,record_id,bronze_fixture,19,1,19,normalized_field,tests/fixtures/bronze/chembl/compound_record/sample_ci_2026-04-29.jsonl
chembl_compound_record,chembl/compound_record,record_id,bronze_fixture,2,1,2,normalized_field,tests/fixtures/bronze/chembl/compound_record/sample_ci_2026-04-29.jsonl
chembl_compound_record,chembl/compound_record,record_id,bronze_fixture,20,1,20,normalized_field,tests/fixtures/bronze/chembl/compound_record/sample_ci_2026-04-29.jsonl
chembl_compound_record,chembl/compound_record,record_id,bronze_fixture,3,1,3,normalized_field,tests/fixtures/bronze/chembl/compound_record/sample_ci_2026-04-29.jsonl
chembl_compound_record,chembl/compound_record,record_id,bronze_fixture,4,1,4,normalized_field,tests/fixtures/bronze/chembl/compound_record/sample_ci_2026-04-29.jsonl
chembl_compound_record,chembl/compound_record,record_id,bronze_fixture,5,1,5,normalized_field,tests/fixtures/bronze/chembl/compound_record/sample_ci_2026-04-29.jsonl
chembl_compound_record,chembl/compound_record,record_id,bronze_fixture,6,1,6,normalized_field,tests/fixtures/bronze/chembl/compound_record/sample_ci_2026-04-29.jsonl
chembl_compound_record,chembl/compound_record,record_id,bronze_fixture,7,1,7,normalized_field,tests/fixtures/bronze/chembl/compound_record/sample_ci_2026-04-29.jsonl
chembl_compound_record,chembl/compound_record,record_id,bronze_fixture,8,1,8,normalized_field,tests/fixtures/bronze/chembl/compound_record/sample_ci_2026-04-29.jsonl
chembl_compound_record,chembl/compound_record,record_id,bronze_fixture,9,1,9,normalized_field,tests/fixtures/bronze/chembl/compound_record/sample_ci_2026-04-29.jsonl
chembl_compound_record,chembl/compound_record,src_id,bronze_fixture,1,20,1,normalized_field,tests/fixtures/bronze/chembl/compound_record/sample_ci_2026-04-29.jsonl
chembl_molecule,chembl/molecule,canonical_smiles,bronze_fixture,CC(C)Br,1,CC(C)Br,normalized_field,tests/fixtures/bronze/chembl/molecule/sample_ci_2026-03-25.jsonl
chembl_molecule,chembl/molecule,canonical_smiles,bronze_fixture,CC(C)C,1,CC(C)C,normalized_field,tests/fixtures/bronze/chembl/molecule/sample_ci_2026-03-25.jsonl
chembl_molecule,chembl/molecule,canonical_smiles,bronze_fixture,CC(C)Cl,1,CC(C)Cl,normalized_field,tests/fixtures/bronze/chembl/molecule/sample_ci_2026-03-25.jsonl
chembl_molecule,chembl/molecule,canonical_smiles,bronze_fixture,CC(C)N,1,CC(C)N,normalized_field,tests/fixtures/bronze/chembl/molecule/sample_ci_2026-03-25.jsonl
chembl_molecule,chembl/molecule,canonical_smiles,bronze_fixture,CC(C)O,1,CC(C)O,normalized_field,tests/fixtures/bronze/chembl/molecule/sample_ci_2026-03-25.jsonl
chembl_molecule,chembl/molecule,canonical_smiles,bronze_fixture,CCBr,1,CCBr,normalized_field,tests/fixtures/bronze/chembl/molecule/sample_ci_2026-03-25.jsonl
chembl_molecule,chembl/molecule,canonical_smiles,bronze_fixture,CCC,1,CCC,normalized_field,tests/fixtures/bronze/chembl/molecule/sample_ci_2026-03-25.jsonl
chembl_molecule,chembl/molecule,canonical_smiles,bronze_fixture,CCCC,1,CCCC,normalized_field,tests/fixtures/bronze/chembl/molecule/sample_ci_2026-03-25.jsonl
chembl_molecule,chembl/molecule,canonical_smiles,bronze_fixture,CCCF,1,CCCF,normalized_field,tests/fixtures/bronze/chembl/molecule/sample_ci_2026-03-25.jsonl
chembl_molecule,chembl/molecule,canonical_smiles,bronze_fixture,CCCN,1,CCCN,normalized_field,tests/fixtures/bronze/chembl/molecule/sample_ci_2026-03-25.jsonl
chembl_molecule,chembl/molecule,canonical_smiles,bronze_fixture,CCCO,1,CCCO,normalized_field,tests/fixtures/bronze/chembl/molecule/sample_ci_2026-03-25.jsonl
chembl_molecule,chembl/molecule,canonical_smiles,bronze_fixture,CCCl,1,CCCl,normalized_field,tests/fixtures/bronze/chembl/molecule/sample_ci_2026-03-25.jsonl
chembl_molecule,chembl/molecule,canonical_smiles,bronze_fixture,CCN,1,CCN,normalized_field,tests/fixtures/bronze/chembl/molecule/sample_ci_2026-03-25.jsonl
chembl_molecule,chembl/molecule,canonical_smiles,bronze_fixture,CCO,1,CCO,normalized_field,tests/fixtures/bronze/chembl/molecule/sample_ci_2026-03-25.jsonl
chembl_molecule,chembl/molecule,canonical_smiles,bronze_fixture,CNC,1,CNC,normalized_field,tests/fixtures/bronze/chembl/molecule/sample_ci_2026-03-25.jsonl
chembl_molecule,chembl/molecule,canonical_smiles,bronze_fixture,CNCC,1,CNCC,normalized_field,tests/fixtures/bronze/chembl/molecule/sample_ci_2026-03-25.jsonl
chembl_molecule,chembl/molecule,canonical_smiles,bronze_fixture,CNO,1,CNO,normalized_field,tests/fixtures/bronze/chembl/molecule/sample_ci_2026-03-25.jsonl
chembl_molecule,chembl/molecule,canonical_smiles,bronze_fixture,CNOC,1,CNOC,normalized_field,tests/fixtures/bronze/chembl/molecule/sample_ci_2026-03-25.jsonl
chembl_molecule,chembl/molecule,canonical_smiles,bronze_fixture,COC,1,COC,normalized_field,tests/fixtures/bronze/chembl/molecule/sample_ci_2026-03-25.jsonl
chembl_molecule,chembl/molecule,canonical_smiles,bronze_fixture,COCC,1,COCC,normalized_field,tests/fixtures/bronze/chembl/molecule/sample_ci_2026-03-25.jsonl
chembl_molecule,chembl/molecule,inchi_key,bronze_fixture,KEY0001,1,KEY0001,normalized_field,tests/fixtures/bronze/chembl/molecule/sample_ci_2026-03-25.jsonl
chembl_molecule,chembl/molecule,inchi_key,bronze_fixture,KEY0002,1,KEY0002,normalized_field,tests/fixtures/bronze/chembl/molecule/sample_ci_2026-03-25.jsonl
chembl_molecule,chembl/molecule,inchi_key,bronze_fixture,KEY0003,1,KEY0003,normalized_field,tests/fixtures/bronze/chembl/molecule/sample_ci_2026-03-25.jsonl
chembl_molecule,chembl/molecule,inchi_key,bronze_fixture,KEY0004,1,KEY0004,normalized_field,tests/fixtures/bronze/chembl/molecule/sample_ci_2026-03-25.jsonl
chembl_molecule,chembl/molecule,inchi_key,bronze_fixture,KEY0005,1,KEY0005,normalized_field,tests/fixtures/bronze/chembl/molecule/sample_ci_2026-03-25.jsonl
chembl_molecule,chembl/molecule,inchi_key,bronze_fixture,KEY0006,1,KEY0006,normalized_field,tests/fixtures/bronze/chembl/molecule/sample_ci_2026-03-25.jsonl
chembl_molecule,chembl/molecule,inchi_key,bronze_fixture,KEY0007,1,KEY0007,normalized_field,tests/fixtures/bronze/chembl/molecule/sample_ci_2026-03-25.jsonl
chembl_molecule,chembl/molecule,inchi_key,bronze_fixture,KEY0008,1,KEY0008,normalized_field,tests/fixtures/bronze/chembl/molecule/sample_ci_2026-03-25.jsonl
chembl_molecule,chembl/molecule,inchi_key,bronze_fixture,KEY0009,1,KEY0009,normalized_field,tests/fixtures/bronze/chembl/molecule/sample_ci_2026-03-25.jsonl
chembl_molecule,chembl/molecule,inchi_key,bronze_fixture,KEY0010,1,KEY0010,normalized_field,tests/fixtures/bronze/chembl/molecule/sample_ci_2026-03-25.jsonl
chembl_molecule,chembl/molecule,inchi_key,bronze_fixture,KEY0011,1,KEY0011,normalized_field,tests/fixtures/bronze/chembl/molecule/sample_ci_2026-03-25.jsonl
chembl_molecule,chembl/molecule,inchi_key,bronze_fixture,KEY0012,1,KEY0012,normalized_field,tests/fixtures/bronze/chembl/molecule/sample_ci_2026-03-25.jsonl
chembl_molecule,chembl/molecule,inchi_key,bronze_fixture,KEY0013,1,KEY0013,normalized_field,tests/fixtures/bronze/chembl/molecule/sample_ci_2026-03-25.jsonl
chembl_molecule,chembl/molecule,inchi_key,bronze_fixture,KEY0014,1,KEY0014,normalized_field,tests/fixtures/bronze/chembl/molecule/sample_ci_2026-03-25.jsonl
chembl_molecule,chembl/molecule,inchi_key,bronze_fixture,KEY0015,1,KEY0015,normalized_field,tests/fixtures/bronze/chembl/molecule/sample_ci_2026-03-25.jsonl
chembl_molecule,chembl/molecule,inchi_key,bronze_fixture,KEY0016,1,KEY0016,normalized_field,tests/fixtures/bronze/chembl/molecule/sample_ci_2026-03-25.jsonl
chembl_molecule,chembl/molecule,inchi_key,bronze_fixture,KEY0017,1,KEY0017,normalized_field,tests/fixtures/bronze/chembl/molecule/sample_ci_2026-03-25.jsonl
chembl_molecule,chembl/molecule,inchi_key,bronze_fixture,KEY0018,1,KEY0018,normalized_field,tests/fixtures/bronze/chembl/molecule/sample_ci_2026-03-25.jsonl
chembl_molecule,chembl/molecule,inchi_key,bronze_fixture,KEY0019,1,KEY0019,normalized_field,tests/fixtures/bronze/chembl/molecule/sample_ci_2026-03-25.jsonl
chembl_molecule,chembl/molecule,inchi_key,bronze_fixture,KEY0020,1,KEY0020,normalized_field,tests/fixtures/bronze/chembl/molecule/sample_ci_2026-03-25.jsonl
chembl_molecule,chembl/molecule,max_phase,bronze_fixture,0,3,0,normalized_field,tests/fixtures/bronze/chembl/molecule/sample_ci_2026-03-25.jsonl
chembl_molecule,chembl/molecule,max_phase,bronze_fixture,1,5,1,normalized_field,tests/fixtures/bronze/chembl/molecule/sample_ci_2026-03-25.jsonl
chembl_molecule,chembl/molecule,max_phase,bronze_fixture,2,6,2,normalized_field,tests/fixtures/bronze/chembl/molecule/sample_ci_2026-03-25.jsonl
chembl_molecule,chembl/molecule,max_phase,bronze_fixture,3,4,3,normalized_field,tests/fixtures/bronze/chembl/molecule/sample_ci_2026-03-25.jsonl
chembl_molecule,chembl/molecule,max_phase,bronze_fixture,4,2,4,normalized_field,tests/fixtures/bronze/chembl/molecule/sample_ci_2026-03-25.jsonl
chembl_molecule,chembl/molecule,pref_name,bronze_fixture,Molecule 1,1,Molecule 1,normalized_field,tests/fixtures/bronze/chembl/molecule/sample_ci_2026-03-25.jsonl
chembl_molecule,chembl/molecule,pref_name,bronze_fixture,Molecule 10,1,Molecule 10,normalized_field,tests/fixtures/bronze/chembl/molecule/sample_ci_2026-03-25.jsonl
chembl_molecule,chembl/molecule,pref_name,bronze_fixture,Molecule 11,1,Molecule 11,normalized_field,tests/fixtures/bronze/chembl/molecule/sample_ci_2026-03-25.jsonl
chembl_molecule,chembl/molecule,pref_name,bronze_fixture,Molecule 12,1,Molecule 12,normalized_field,tests/fixtures/bronze/chembl/molecule/sample_ci_2026-03-25.jsonl
chembl_molecule,chembl/molecule,pref_name,bronze_fixture,Molecule 13,1,Molecule 13,normalized_field,tests/fixtures/bronze/chembl/molecule/sample_ci_2026-03-25.jsonl
chembl_molecule,chembl/molecule,pref_name,bronze_fixture,Molecule 14,1,Molecule 14,normalized_field,tests/fixtures/bronze/chembl/molecule/sample_ci_2026-03-25.jsonl
chembl_molecule,chembl/molecule,pref_name,bronze_fixture,Molecule 15,1,Molecule 15,normalized_field,tests/fixtures/bronze/chembl/molecule/sample_ci_2026-03-25.jsonl
chembl_molecule,chembl/molecule,pref_name,bronze_fixture,Molecule 16,1,Molecule 16,normalized_field,tests/fixtures/bronze/chembl/molecule/sample_ci_2026-03-25.jsonl
chembl_molecule,chembl/molecule,pref_name,bronze_fixture,Molecule 17,1,Molecule 17,normalized_field,tests/fixtures/bronze/chembl/molecule/sample_ci_2026-03-25.jsonl
chembl_molecule,chembl/molecule,pref_name,bronze_fixture,Molecule 18,1,Molecule 18,normalized_field,tests/fixtures/bronze/chembl/molecule/sample_ci_2026-03-25.jsonl
chembl_molecule,chembl/molecule,pref_name,bronze_fixture,Molecule 19,1,Molecule 19,normalized_field,tests/fixtures/bronze/chembl/molecule/sample_ci_2026-03-25.jsonl
chembl_molecule,chembl/molecule,pref_name,bronze_fixture,Molecule 2,1,Molecule 2,normalized_field,tests/fixtures/bronze/chembl/molecule/sample_ci_2026-03-25.jsonl
chembl_molecule,chembl/molecule,pref_name,bronze_fixture,Molecule 20,1,Molecule 20,normalized_field,tests/fixtures/bronze/chembl/molecule/sample_ci_2026-03-25.jsonl
chembl_molecule,chembl/molecule,pref_name,bronze_fixture,Molecule 3,1,Molecule 3,normalized_field,tests/fixtures/bronze/chembl/molecule/sample_ci_2026-03-25.jsonl
chembl_molecule,chembl/molecule,pref_name,bronze_fixture,Molecule 4,1,Molecule 4,normalized_field,tests/fixtures/bronze/chembl/molecule/sample_ci_2026-03-25.jsonl
chembl_molecule,chembl/molecule,pref_name,bronze_fixture,Molecule 5,1,Molecule 5,normalized_field,tests/fixtures/bronze/chembl/molecule/sample_ci_2026-03-25.jsonl
chembl_molecule,chembl/molecule,pref_name,bronze_fixture,Molecule 6,1,Molecule 6,normalized_field,tests/fixtures/bronze/chembl/molecule/sample_ci_2026-03-25.jsonl
chembl_molecule,chembl/molecule,pref_name,bronze_fixture,Molecule 7,1,Molecule 7,normalized_field,tests/fixtures/bronze/chembl/molecule/sample_ci_2026-03-25.jsonl
chembl_molecule,chembl/molecule,pref_name,bronze_fixture,Molecule 8,1,Molecule 8,normalized_field,tests/fixtures/bronze/chembl/molecule/sample_ci_2026-03-25.jsonl
chembl_molecule,chembl/molecule,pref_name,bronze_fixture,Molecule 9,1,Molecule 9,normalized_field,tests/fixtures/bronze/chembl/molecule/sample_ci_2026-03-25.jsonl
chembl_protein_class,chembl/protein_class,class_level,bronze_fixture,0,1,0,normalized_field,tests/fixtures/bronze/chembl/protein_class/sample_ci_2026-04-29.jsonl
chembl_protein_class,chembl/protein_class,class_level,bronze_fixture,1,10,1,normalized_field,tests/fixtures/bronze/chembl/protein_class/sample_ci_2026-04-29.jsonl
chembl_protein_class,chembl/protein_class,class_level,bronze_fixture,2,2,2,normalized_field,tests/fixtures/bronze/chembl/protein_class/sample_ci_2026-04-29.jsonl
chembl_protein_class,chembl/protein_class,class_level,bronze_fixture,3,1,3,normalized_field,tests/fixtures/bronze/chembl/protein_class/sample_ci_2026-04-29.jsonl
chembl_protein_class,chembl/protein_class,class_level,bronze_fixture,5,6,5,normalized_field,tests/fixtures/bronze/chembl/protein_class/sample_ci_2026-04-29.jsonl
chembl_protein_class,chembl/protein_class,definition,bronze_fixture,A carboxypeptidase that catalyzes the release of a C-terminal amino acid with a broad specificity. It also plays a role in the LYSOSOMES by protecting BETA-GALACTOSIDASE and NEURAMINIDASE from degradation. It was formerly classified as EC 3.4.12.1 and EC 3.4.21.13. [MESH:D043402],1,A carboxypeptidase that catalyzes the release of a C-terminal amino acid with a broad specificity. It also plays a role in the LYSOSOMES by protecting BETA-GALACTOSIDASE and NEURAMINIDASE from degradation. It was formerly classified as EC 3.4.12.1 and EC 3.4.21.13. [MESH:D043402],normalized_field,tests/fixtures/bronze/chembl/protein_class/sample_ci_2026-04-29.jsonl
chembl_protein_class,chembl/protein_class,definition,bronze_fixture,"A rather large group of enzymes comprising not only those transferring phosphate but also diphosphate, nucleotidyl residues, and others. These have also been subdivided according to the acceptor group. (From Enzyme Nomenclature, 1992) EC 2.7. [MESH:D010770]",1,"A rather large group of enzymes comprising not only those transferring phosphate but also diphosphate, nucleotidyl residues, and others. These have also been subdivided according to the acceptor group. (From Enzyme Nomenclature, 1992) EC 2.7. [MESH:D010770]",normalized_field,tests/fixtures/bronze/chembl/protein_class/sample_ci_2026-04-29.jsonl
chembl_protein_class,chembl/protein_class,definition,bronze_fixture,"A serine endopeptidase isolated from Bacillus subtilis. It hydrolyzes proteins with broad specificity for peptide bonds, and a preference for a large uncharged residue in P1. It also hydrolyzes peptide amides. (From Enzyme Nomenclature, 1992) EC 3.4.21.62. [MESH:D020860]",1,"A serine endopeptidase isolated from Bacillus subtilis. It hydrolyzes proteins with broad specificity for peptide bonds, and a preference for a large uncharged residue in P1. It also hydrolyzes peptide amides. (From Enzyme Nomenclature, 1992) EC 3.4.21.62. [MESH:D020860]",normalized_field,tests/fixtures/bronze/chembl/protein_class/sample_ci_2026-04-29.jsonl
chembl_protein_class,chembl/protein_class,definition,bronze_fixture,"A soluble cytochrome P-450 enzyme that catalyzes camphor monooxygenation in the presence of putidaredoxin, putidaredoxin reductase, and molecular oxygen. This enzyme, encoded by the CAMC gene also known as CYP101, has been crystallized from bacteria and the structure is well defined. Under anaerobic conditions, this enzyme reduces the polyhalogenated compounds bound at the camphor-binding site. [MESH:D019475]",1,"A soluble cytochrome P-450 enzyme that catalyzes camphor monooxygenation in the presence of putidaredoxin, putidaredoxin reductase, and molecular oxygen. This enzyme, encoded by the CAMC gene also known as CYP101, has been crystallized from bacteria and the structure is well defined. Under anaerobic conditions, this enzyme reduces the polyhalogenated compounds bound at the camphor-binding site. [MESH:D019475]",normalized_field,tests/fixtures/bronze/chembl/protein_class/sample_ci_2026-04-29.jsonl
chembl_protein_class,chembl/protein_class,definition,bronze_fixture,"Antigens on surfaces of cells, including infectious or foreign cells or viruses. They are usually protein-containing groups on cell membranes or walls and may be isolated. [MESH:D000954]",1,"Antigens on surfaces of cells, including infectious or foreign cells or viruses. They are usually protein-containing groups on cell membranes or walls and may be isolated. [MESH:D000954]",normalized_field,tests/fixtures/bronze/chembl/protein_class/sample_ci_2026-04-29.jsonl
chembl_protein_class,chembl/protein_class,definition,bronze_fixture,"Biological molecules that possess catalytic activity. They may occur naturally or be synthetically created. Enzymes are usually proteins, however CATALYTIC RNA and CATALYTIC DNA molecules have also been identified. [MESH:D004798]",1,"Biological molecules that possess catalytic activity. They may occur naturally or be synthetically created. Enzymes are usually proteins, however CATALYTIC RNA and CATALYTIC DNA molecules have also been identified. [MESH:D004798]",normalized_field,tests/fixtures/bronze/chembl/protein_class/sample_ci_2026-04-29.jsonl
chembl_protein_class,chembl/protein_class,definition,bronze_fixture,"Cell surface proteins that bind signalling molecules external to the cell with high affinity and convert this extracellular event into one or more intracellular signals that alter the behavior of the target cell (From Alberts, Molecular Biology of the Cell, 2nd ed, pp693-5). Cell surface receptors, unlike enzymes, do not chemically alter their ligands. [MESH:D011956]",1,"Cell surface proteins that bind signalling molecules external to the cell with high affinity and convert this extracellular event into one or more intracellular signals that alter the behavior of the target cell (From Alberts, Molecular Biology of the Cell, 2nd ed, pp693-5). Cell surface receptors, unlike enzymes, do not chemically alter their ligands. [MESH:D011956]",normalized_field,tests/fixtures/bronze/chembl/protein_class/sample_ci_2026-04-29.jsonl
chembl_protein_class,chembl/protein_class,definition,bronze_fixture,"Endogenous substances, usually proteins, which are effective in the initiation, stimulation, or termination of the genetic transcription process. [MESH:D014157]",1,"Endogenous substances, usually proteins, which are effective in the initiation, stimulation, or termination of the genetic transcription process. [MESH:D014157]",normalized_field,tests/fixtures/bronze/chembl/protein_class/sample_ci_2026-04-29.jsonl
chembl_protein_class,chembl/protein_class,definition,bronze_fixture,Root of the ChEMBL protein family classification,1,Root of the ChEMBL protein family classification,normalized_field,tests/fixtures/bronze/chembl/protein_class/sample_ci_2026-04-29.jsonl
chembl_protein_class,chembl/protein_class,definition,bronze_fixture,"Surface ligands, usually glycoproteins, that mediate cell-to-cell adhesion. Their functions include the assembly and interconnection of various vertebrate systems, as well as maintenance of tissue integration, wound healing, morphogenic movements, cellular migrations, and metastasis. [MESH:D015815]",1,"Surface ligands, usually glycoproteins, that mediate cell-to-cell adhesion. Their functions include the assembly and interconnection of various vertebrate systems, as well as maintenance of tissue integration, wound healing, morphogenic movements, cellular migrations, and metastasis. [MESH:D015815]",normalized_field,tests/fixtures/bronze/chembl/protein_class/sample_ci_2026-04-29.jsonl
chembl_protein_class,chembl/protein_class,definition,bronze_fixture,"The class of all enzymes catalyzing oxidoreduction reactions. The substrate that is oxidized is regarded as a hydrogen donor. The systematic name is based on donor:acceptor oxidoreductase. The recommended name will be dehydrogenase, wherever this is possible; as an alternative, reductase can be used. Oxidase is only used in cases where O2 is the acceptor. (Enzyme Nomenclature, 1992, p9) [MESH:D010088]",1,"The class of all enzymes catalyzing oxidoreduction reactions. The substrate that is oxidized is regarded as a hydrogen donor. The systematic name is based on donor:acceptor oxidoreductase. The recommended name will be dehydrogenase, wherever this is possible; as an alternative, reductase can be used. Oxidase is only used in cases where O2 is the acceptor. (Enzyme Nomenclature, 1992, p9) [MESH:D010088]",normalized_field,tests/fixtures/bronze/chembl/protein_class/sample_ci_2026-04-29.jsonl
chembl_protein_class,chembl/protein_class,parent_id,bronze_fixture,0,10,0,normalized_field,tests/fixtures/bronze/chembl/protein_class/sample_ci_2026-04-29.jsonl
chembl_protein_class,chembl/protein_class,parent_id,bronze_fixture,1,2,1,normalized_field,tests/fixtures/bronze/chembl/protein_class/sample_ci_2026-04-29.jsonl
chembl_protein_class,chembl/protein_class,parent_id,bronze_fixture,1031,1,1031,normalized_field,tests/fixtures/bronze/chembl/protein_class/sample_ci_2026-04-29.jsonl
chembl_protein_class,chembl/protein_class,parent_id,bronze_fixture,1119,2,1119,normalized_field,tests/fixtures/bronze/chembl/protein_class/sample_ci_2026-04-29.jsonl
chembl_protein_class,chembl/protein_class,parent_id,bronze_fixture,1120,3,1120,normalized_field,tests/fixtures/bronze/chembl/protein_class/sample_ci_2026-04-29.jsonl
chembl_protein_class,chembl/protein_class,parent_id,bronze_fixture,1136,1,1136,normalized_field,tests/fixtures/bronze/chembl/protein_class/sample_ci_2026-04-29.jsonl
chembl_protein_class,chembl/protein_class,pref_name,bronze_fixture,Adhesion,1,Adhesion,normalized_field,tests/fixtures/bronze/chembl/protein_class/sample_ci_2026-04-29.jsonl
chembl_protein_class,chembl/protein_class,pref_name,bronze_fixture,Cytochrome P450 CAM family,1,Cytochrome P450 CAM family,normalized_field,tests/fixtures/bronze/chembl/protein_class/sample_ci_2026-04-29.jsonl
chembl_protein_class,chembl/protein_class,pref_name,bronze_fixture,Enzyme,1,Enzyme,normalized_field,tests/fixtures/bronze/chembl/protein_class/sample_ci_2026-04-29.jsonl
chembl_protein_class,chembl/protein_class,pref_name,bronze_fixture,Kinase,1,Kinase,normalized_field,tests/fixtures/bronze/chembl/protein_class/sample_ci_2026-04-29.jsonl
chembl_protein_class,chembl/protein_class,pref_name,bronze_fixture,Membrane receptor,1,Membrane receptor,normalized_field,tests/fixtures/bronze/chembl/protein_class/sample_ci_2026-04-29.jsonl
chembl_protein_class,chembl/protein_class,pref_name,bronze_fixture,Other cytosolic protein,1,Other cytosolic protein,normalized_field,tests/fixtures/bronze/chembl/protein_class/sample_ci_2026-04-29.jsonl
chembl_protein_class,chembl/protein_class,pref_name,bronze_fixture,Other membrane protein,1,Other membrane protein,normalized_field,tests/fixtures/bronze/chembl/protein_class/sample_ci_2026-04-29.jsonl
chembl_protein_class,chembl/protein_class,pref_name,bronze_fixture,Other nuclear protein,1,Other nuclear protein,normalized_field,tests/fixtures/bronze/chembl/protein_class/sample_ci_2026-04-29.jsonl
chembl_protein_class,chembl/protein_class,pref_name,bronze_fixture,Oxidoreductase,1,Oxidoreductase,normalized_field,tests/fixtures/bronze/chembl/protein_class/sample_ci_2026-04-29.jsonl
chembl_protein_class,chembl/protein_class,pref_name,bronze_fixture,Protein class,1,Protein class,normalized_field,tests/fixtures/bronze/chembl/protein_class/sample_ci_2026-04-29.jsonl
chembl_protein_class,chembl/protein_class,pref_name,bronze_fixture,Secreted protein,1,Secreted protein,normalized_field,tests/fixtures/bronze/chembl/protein_class/sample_ci_2026-04-29.jsonl
chembl_protein_class,chembl/protein_class,pref_name,bronze_fixture,Serine protease S10 family,1,Serine protease S10 family,normalized_field,tests/fixtures/bronze/chembl/protein_class/sample_ci_2026-04-29.jsonl
chembl_protein_class,chembl/protein_class,pref_name,bronze_fixture,Serine protease S28 family,1,Serine protease S28 family,normalized_field,tests/fixtures/bronze/chembl/protein_class/sample_ci_2026-04-29.jsonl
chembl_protein_class,chembl/protein_class,pref_name,bronze_fixture,Serine protease S33 family,1,Serine protease S33 family,normalized_field,tests/fixtures/bronze/chembl/protein_class/sample_ci_2026-04-29.jsonl
chembl_protein_class,chembl/protein_class,pref_name,bronze_fixture,Serine protease S6 family,1,Serine protease S6 family,normalized_field,tests/fixtures/bronze/chembl/protein_class/sample_ci_2026-04-29.jsonl
chembl_protein_class,chembl/protein_class,pref_name,bronze_fixture,Serine protease S8A subfamily,1,Serine protease S8A subfamily,normalized_field,tests/fixtures/bronze/chembl/protein_class/sample_ci_2026-04-29.jsonl
chembl_protein_class,chembl/protein_class,pref_name,bronze_fixture,Serine protease S8B subfamily,1,Serine protease S8B subfamily,normalized_field,tests/fixtures/bronze/chembl/protein_class/sample_ci_2026-04-29.jsonl
chembl_protein_class,chembl/protein_class,pref_name,bronze_fixture,Structural protein,1,Structural protein,normalized_field,tests/fixtures/bronze/chembl/protein_class/sample_ci_2026-04-29.jsonl
chembl_protein_class,chembl/protein_class,pref_name,bronze_fixture,Surface antigen,1,Surface antigen,normalized_field,tests/fixtures/bronze/chembl/protein_class/sample_ci_2026-04-29.jsonl
chembl_protein_class,chembl/protein_class,pref_name,bronze_fixture,Transcription factor,1,Transcription factor,normalized_field,tests/fixtures/bronze/chembl/protein_class/sample_ci_2026-04-29.jsonl
chembl_protein_class,chembl/protein_class,protein_class_desc,bronze_fixture,adhesion,1,adhesion,normalized_field,tests/fixtures/bronze/chembl/protein_class/sample_ci_2026-04-29.jsonl
chembl_protein_class,chembl/protein_class,protein_class_desc,bronze_fixture,cytosolic other,1,cytosolic other,normalized_field,tests/fixtures/bronze/chembl/protein_class/sample_ci_2026-04-29.jsonl
chembl_protein_class,chembl/protein_class,protein_class_desc,bronze_fixture,enzyme,1,enzyme,normalized_field,tests/fixtures/bronze/chembl/protein_class/sample_ci_2026-04-29.jsonl
chembl_protein_class,chembl/protein_class,protein_class_desc,bronze_fixture,enzyme  cytochrome p450  cyp_cam,1,enzyme  cytochrome p450  cyp_cam,normalized_field,tests/fixtures/bronze/chembl/protein_class/sample_ci_2026-04-29.jsonl
chembl_protein_class,chembl/protein_class,protein_class_desc,bronze_fixture,enzyme  kinase,1,enzyme  kinase,normalized_field,tests/fixtures/bronze/chembl/protein_class/sample_ci_2026-04-29.jsonl
chembl_protein_class,chembl/protein_class,protein_class_desc,bronze_fixture,enzyme  protease  serine  pas  s6,1,enzyme  protease  serine  pas  s6,normalized_field,tests/fixtures/bronze/chembl/protein_class/sample_ci_2026-04-29.jsonl
chembl_protein_class,chembl/protein_class,protein_class_desc,bronze_fixture,enzyme  protease  serine  sb  s8a,1,enzyme  protease  serine  sb  s8a,normalized_field,tests/fixtures/bronze/chembl/protein_class/sample_ci_2026-04-29.jsonl
chembl_protein_class,chembl/protein_class,protein_class_desc,bronze_fixture,enzyme  protease  serine  sb  s8b,1,enzyme  protease  serine  sb  s8b,normalized_field,tests/fixtures/bronze/chembl/protein_class/sample_ci_2026-04-29.jsonl
chembl_protein_class,chembl/protein_class,protein_class_desc,bronze_fixture,enzyme  protease  serine  sc  s10,1,enzyme  protease  serine  sc  s10,normalized_field,tests/fixtures/bronze/chembl/protein_class/sample_ci_2026-04-29.jsonl
chembl_protein_class,chembl/protein_class,protein_class_desc,bronze_fixture,enzyme  protease  serine  sc  s28,1,enzyme  protease  serine  sc  s28,normalized_field,tests/fixtures/bronze/chembl/protein_class/sample_ci_2026-04-29.jsonl
chembl_protein_class,chembl/protein_class,protein_class_desc,bronze_fixture,enzyme  protease  serine  sc  s33,1,enzyme  protease  serine  sc  s33,normalized_field,tests/fixtures/bronze/chembl/protein_class/sample_ci_2026-04-29.jsonl
chembl_protein_class,chembl/protein_class,protein_class_desc,bronze_fixture,enzyme  reductase,1,enzyme  reductase,normalized_field,tests/fixtures/bronze/chembl/protein_class/sample_ci_2026-04-29.jsonl
chembl_protein_class,chembl/protein_class,protein_class_desc,bronze_fixture,membrane other,1,membrane other,normalized_field,tests/fixtures/bronze/chembl/protein_class/sample_ci_2026-04-29.jsonl
chembl_protein_class,chembl/protein_class,protein_class_desc,bronze_fixture,membrane receptor,1,membrane receptor,normalized_field,tests/fixtures/bronze/chembl/protein_class/sample_ci_2026-04-29.jsonl
chembl_protein_class,chembl/protein_class,protein_class_desc,bronze_fixture,nuclear other,1,nuclear other,normalized_field,tests/fixtures/bronze/chembl/protein_class/sample_ci_2026-04-29.jsonl
chembl_protein_class,chembl/protein_class,protein_class_desc,bronze_fixture,protein class,1,protein class,normalized_field,tests/fixtures/bronze/chembl/protein_class/sample_ci_2026-04-29.jsonl
chembl_protein_class,chembl/protein_class,protein_class_desc,bronze_fixture,secreted,1,secreted,normalized_field,tests/fixtures/bronze/chembl/protein_class/sample_ci_2026-04-29.jsonl
chembl_protein_class,chembl/protein_class,protein_class_desc,bronze_fixture,structural,1,structural,normalized_field,tests/fixtures/bronze/chembl/protein_class/sample_ci_2026-04-29.jsonl
chembl_protein_class,chembl/protein_class,protein_class_desc,bronze_fixture,surface antigen,1,surface antigen,normalized_field,tests/fixtures/bronze/chembl/protein_class/sample_ci_2026-04-29.jsonl
chembl_protein_class,chembl/protein_class,protein_class_desc,bronze_fixture,transcription factor,1,transcription factor,normalized_field,tests/fixtures/bronze/chembl/protein_class/sample_ci_2026-04-29.jsonl
chembl_protein_class,chembl/protein_class,protein_class_id,bronze_fixture,0,1,0,normalized_field,tests/fixtures/bronze/chembl/protein_class/sample_ci_2026-04-29.jsonl
chembl_protein_class,chembl/protein_class,protein_class_id,bronze_fixture,1,1,1,normalized_field,tests/fixtures/bronze/chembl/protein_class/sample_ci_2026-04-29.jsonl
chembl_protein_class,chembl/protein_class,protein_class_id,bronze_fixture,10,1,10,normalized_field,tests/fixtures/bronze/chembl/protein_class/sample_ci_2026-04-29.jsonl
chembl_protein_class,chembl/protein_class,protein_class_id,bronze_fixture,11,1,11,normalized_field,tests/fixtures/bronze/chembl/protein_class/sample_ci_2026-04-29.jsonl
chembl_protein_class,chembl/protein_class,protein_class_id,bronze_fixture,12,1,12,normalized_field,tests/fixtures/bronze/chembl/protein_class/sample_ci_2026-04-29.jsonl
chembl_protein_class,chembl/protein_class,protein_class_id,bronze_fixture,13,1,13,normalized_field,tests/fixtures/bronze/chembl/protein_class/sample_ci_2026-04-29.jsonl
chembl_protein_class,chembl/protein_class,protein_class_id,bronze_fixture,14,1,14,normalized_field,tests/fixtures/bronze/chembl/protein_class/sample_ci_2026-04-29.jsonl
chembl_protein_class,chembl/protein_class,protein_class_id,bronze_fixture,15,1,15,normalized_field,tests/fixtures/bronze/chembl/protein_class/sample_ci_2026-04-29.jsonl
chembl_protein_class,chembl/protein_class,protein_class_id,bronze_fixture,16,1,16,normalized_field,tests/fixtures/bronze/chembl/protein_class/sample_ci_2026-04-29.jsonl
chembl_protein_class,chembl/protein_class,protein_class_id,bronze_fixture,18,1,18,normalized_field,tests/fixtures/bronze/chembl/protein_class/sample_ci_2026-04-29.jsonl
chembl_protein_class,chembl/protein_class,protein_class_id,bronze_fixture,19,1,19,normalized_field,tests/fixtures/bronze/chembl/protein_class/sample_ci_2026-04-29.jsonl
chembl_protein_class,chembl/protein_class,protein_class_id,bronze_fixture,2,1,2,normalized_field,tests/fixtures/bronze/chembl/protein_class/sample_ci_2026-04-29.jsonl
chembl_protein_class,chembl/protein_class,protein_class_id,bronze_fixture,20,1,20,normalized_field,tests/fixtures/bronze/chembl/protein_class/sample_ci_2026-04-29.jsonl
chembl_protein_class,chembl/protein_class,protein_class_id,bronze_fixture,3,1,3,normalized_field,tests/fixtures/bronze/chembl/protein_class/sample_ci_2026-04-29.jsonl
chembl_protein_class,chembl/protein_class,protein_class_id,bronze_fixture,4,1,4,normalized_field,tests/fixtures/bronze/chembl/protein_class/sample_ci_2026-04-29.jsonl
chembl_protein_class,chembl/protein_class,protein_class_id,bronze_fixture,5,1,5,normalized_field,tests/fixtures/bronze/chembl/protein_class/sample_ci_2026-04-29.jsonl
chembl_protein_class,chembl/protein_class,protein_class_id,bronze_fixture,6,1,6,normalized_field,tests/fixtures/bronze/chembl/protein_class/sample_ci_2026-04-29.jsonl
chembl_protein_class,chembl/protein_class,protein_class_id,bronze_fixture,7,1,7,normalized_field,tests/fixtures/bronze/chembl/protein_class/sample_ci_2026-04-29.jsonl
chembl_protein_class,chembl/protein_class,protein_class_id,bronze_fixture,8,1,8,normalized_field,tests/fixtures/bronze/chembl/protein_class/sample_ci_2026-04-29.jsonl
chembl_protein_class,chembl/protein_class,protein_class_id,bronze_fixture,9,1,9,normalized_field,tests/fixtures/bronze/chembl/protein_class/sample_ci_2026-04-29.jsonl
chembl_protein_class,chembl/protein_class,short_name,bronze_fixture,Adhesion,1,Adhesion,normalized_field,tests/fixtures/bronze/chembl/protein_class/sample_ci_2026-04-29.jsonl
chembl_protein_class,chembl/protein_class,short_name,bronze_fixture,CYP_CAM,1,CYP_CAM,normalized_field,tests/fixtures/bronze/chembl/protein_class/sample_ci_2026-04-29.jsonl
chembl_protein_class,chembl/protein_class,short_name,bronze_fixture,Cytosolic other,1,Cytosolic other,normalized_field,tests/fixtures/bronze/chembl/protein_class/sample_ci_2026-04-29.jsonl
chembl_protein_class,chembl/protein_class,short_name,bronze_fixture,Enzyme,1,Enzyme,normalized_field,tests/fixtures/bronze/chembl/protein_class/sample_ci_2026-04-29.jsonl
chembl_protein_class,chembl/protein_class,short_name,bronze_fixture,Kinase,1,Kinase,normalized_field,tests/fixtures/bronze/chembl/protein_class/sample_ci_2026-04-29.jsonl
chembl_protein_class,chembl/protein_class,short_name,bronze_fixture,Membrane other,1,Membrane other,normalized_field,tests/fixtures/bronze/chembl/protein_class/sample_ci_2026-04-29.jsonl
chembl_protein_class,chembl/protein_class,short_name,bronze_fixture,Membrane receptor,1,Membrane receptor,normalized_field,tests/fixtures/bronze/chembl/protein_class/sample_ci_2026-04-29.jsonl
chembl_protein_class,chembl/protein_class,short_name,bronze_fixture,Nuclear other,1,Nuclear other,normalized_field,tests/fixtures/bronze/chembl/protein_class/sample_ci_2026-04-29.jsonl
chembl_protein_class,chembl/protein_class,short_name,bronze_fixture,Protein class,1,Protein class,normalized_field,tests/fixtures/bronze/chembl/protein_class/sample_ci_2026-04-29.jsonl
chembl_protein_class,chembl/protein_class,short_name,bronze_fixture,Reductase,1,Reductase,normalized_field,tests/fixtures/bronze/chembl/protein_class/sample_ci_2026-04-29.jsonl
chembl_protein_class,chembl/protein_class,short_name,bronze_fixture,S10,1,S10,normalized_field,tests/fixtures/bronze/chembl/protein_class/sample_ci_2026-04-29.jsonl
chembl_protein_class,chembl/protein_class,short_name,bronze_fixture,S28,1,S28,normalized_field,tests/fixtures/bronze/chembl/protein_class/sample_ci_2026-04-29.jsonl
chembl_protein_class,chembl/protein_class,short_name,bronze_fixture,S33,1,S33,normalized_field,tests/fixtures/bronze/chembl/protein_class/sample_ci_2026-04-29.jsonl
chembl_protein_class,chembl/protein_class,short_name,bronze_fixture,S6,1,S6,normalized_field,tests/fixtures/bronze/chembl/protein_class/sample_ci_2026-04-29.jsonl
chembl_protein_class,chembl/protein_class,short_name,bronze_fixture,S8A,1,S8A,normalized_field,tests/fixtures/bronze/chembl/protein_class/sample_ci_2026-04-29.jsonl
chembl_protein_class,chembl/protein_class,short_name,bronze_fixture,S8B,1,S8B,normalized_field,tests/fixtures/bronze/chembl/protein_class/sample_ci_2026-04-29.jsonl
chembl_protein_class,chembl/protein_class,short_name,bronze_fixture,Secreted,1,Secreted,normalized_field,tests/fixtures/bronze/chembl/protein_class/sample_ci_2026-04-29.jsonl
chembl_protein_class,chembl/protein_class,short_name,bronze_fixture,Structural,1,Structural,normalized_field,tests/fixtures/bronze/chembl/protein_class/sample_ci_2026-04-29.jsonl
chembl_protein_class,chembl/protein_class,short_name,bronze_fixture,Surface antigen,1,Surface antigen,normalized_field,tests/fixtures/bronze/chembl/protein_class/sample_ci_2026-04-29.jsonl
chembl_protein_class,chembl/protein_class,short_name,bronze_fixture,Transcription Factor,1,Transcription Factor,normalized_field,tests/fixtures/bronze/chembl/protein_class/sample_ci_2026-04-29.jsonl
chembl_protein_class,chembl/protein_class,sort_order,bronze_fixture,1,1,1,normalized_field,tests/fixtures/bronze/chembl/protein_class/sample_ci_2026-04-29.jsonl
chembl_protein_class,chembl/protein_class,sort_order,bronze_fixture,10,1,10,normalized_field,tests/fixtures/bronze/chembl/protein_class/sample_ci_2026-04-29.jsonl
chembl_protein_class,chembl/protein_class,sort_order,bronze_fixture,11,1,11,normalized_field,tests/fixtures/bronze/chembl/protein_class/sample_ci_2026-04-29.jsonl
chembl_protein_class,chembl/protein_class,sort_order,bronze_fixture,12,1,12,normalized_field,tests/fixtures/bronze/chembl/protein_class/sample_ci_2026-04-29.jsonl
chembl_protein_class,chembl/protein_class,sort_order,bronze_fixture,13,1,13,normalized_field,tests/fixtures/bronze/chembl/protein_class/sample_ci_2026-04-29.jsonl
chembl_protein_class,chembl/protein_class,sort_order,bronze_fixture,14,1,14,normalized_field,tests/fixtures/bronze/chembl/protein_class/sample_ci_2026-04-29.jsonl
chembl_protein_class,chembl/protein_class,sort_order,bronze_fixture,2,1,2,normalized_field,tests/fixtures/bronze/chembl/protein_class/sample_ci_2026-04-29.jsonl
chembl_protein_class,chembl/protein_class,sort_order,bronze_fixture,5,1,5,normalized_field,tests/fixtures/bronze/chembl/protein_class/sample_ci_2026-04-29.jsonl
chembl_protein_class,chembl/protein_class,sort_order,bronze_fixture,6,1,6,normalized_field,tests/fixtures/bronze/chembl/protein_class/sample_ci_2026-04-29.jsonl
chembl_protein_class,chembl/protein_class,sort_order,bronze_fixture,9,1,9,normalized_field,tests/fixtures/bronze/chembl/protein_class/sample_ci_2026-04-29.jsonl
chembl_publication,chembl/publication,abstract,bronze_fixture,,5,,normalized_field,tests/fixtures/bronze/chembl/publication/sample_ci_2026-04-24.jsonl
chembl_publication,chembl/publication,abstract,bronze_fixture,"A close analogue of the antileukemic agent 5,8-dideaza-N10 propargylfolic acid (2) was synthesized by replacing the propargyl moiety of 2 with a cyanomethyl group. This compound, N10-(cyanomethyl)-5,8-dideazafolic acid (3), was evaluated for its antifolate and antitumor activities in several biological test systems. Alkylation of diethyl N-(4-aminobenzoyl)-L-glutamate with bromoacetonitrile gave diethyl N-[4-[(cyanomethyl)amino]benzoyl]-L-glutamate (7). Reaction of 7 with 2 amino-6-(bromomethyl)-4-hydroxyquinazoline (9) in dimethylacetamide gave the corresponding diethyl ester 11, which was hydrolyzed to the target compound 3. The known antileukemic agent 2 was also synthesized for comparative studies by employing a modified procedure, which resulted in a better yield of this product. Both compounds 2 and 3 were evaluated for their antifolate activities by using two folate-requiring microorganisms, Streptococcus faecium and Lactobacillus casei. They were further evaluated as inhibitors of thymidylate synthase and dihydrofolate reductase derived from the above organisms, as well as for their antitumor activity by using selected tumor cells in culture. Compound 2 was found to be as equally potent as methotrexate (MTX) against S. faecium, and it was an excellent inhibitor of L. casei thymidylate synthase. The cyanomethyl analogue 3 was less active than 2 in all the test systems, except the inhibition of dihydrofolate reductase.",1,"A close analogue of the antileukemic agent 5,8-dideaza-N10 propargylfolic acid (2) was synthesized by replacing the propargyl moiety of 2 with a cyanomethyl group. This compound, N10-(cyanomethyl)-5,8-dideazafolic acid (3), was evaluated for its antifolate and antitumor activities in several biological test systems. Alkylation of diethyl N-(4-aminobenzoyl)-L-glutamate with bromoacetonitrile gave diethyl N-[4-[(cyanomethyl)amino]benzoyl]-L-glutamate (7). Reaction of 7 with 2 amino-6-(bromomethyl)-4-hydroxyquinazoline (9) in dimethylacetamide gave the corresponding diethyl ester 11, which was hydrolyzed to the target compound 3. The known antileukemic agent 2 was also synthesized for comparative studies by employing a modified procedure, which resulted in a better yield of this product. Both compounds 2 and 3 were evaluated for their antifolate activities by using two folate-requiring microorganisms, Streptococcus faecium and Lactobacillus casei. They were further evaluated as inhibitors of thymidylate synthase and dihydrofolate reductase derived from the above organisms, as well as for their antitumor activity by using selected tumor cells in culture. Compound 2 was found to be as equally potent as methotrexate (MTX) against S. faecium, and it was an excellent inhibitor of L. casei thymidylate synthase. The cyanomethyl analogue 3 was less active than 2 in all the test systems, except the inhibition of dihydrofolate reductase.",normalized_field,tests/fixtures/bronze/chembl/publication/sample_ci_2026-04-24.jsonl
chembl_publication,chembl/publication,abstract,bronze_fixture,"A fluorinated derivative of the benzomorphan opiate agonist phenazocine, (+/-)-5,9 alpha-dimethyl-2-[2-(4-fluorophenyl)ethyl]-2'-hydroxy-6, 7-benzomorphan (fluorophen), was prepared by N-acylation of (+/-)-5,9 alpha-dimethyl-2'-hydroxybenzomorphan with (p-fluorophenyl)acetyl chloride, followed by diborane reduction of the resulting amide. Fluorination produces only a twofold opiate receptor affinity loss when measured either by bioassay or receptor binding (selectivity mu congruent to delta greater than kappa). Labeled with 18F, fluorophen should be sufficiently potent to be useful as an in vivo probe for visualizing opiate receptors by positron emission transaxial tomography (PETT).",1,"A fluorinated derivative of the benzomorphan opiate agonist phenazocine, (+/-)-5,9 alpha-dimethyl-2-[2-(4-fluorophenyl)ethyl]-2'-hydroxy-6, 7-benzomorphan (fluorophen), was prepared by N-acylation of (+/-)-5,9 alpha-dimethyl-2'-hydroxybenzomorphan with (p-fluorophenyl)acetyl chloride, followed by diborane reduction of the resulting amide. Fluorination produces only a twofold opiate receptor affinity loss when measured either by bioassay or receptor binding (selectivity mu congruent to delta greater than kappa). Labeled with 18F, fluorophen should be sufficiently potent to be useful as an in vivo probe for visualizing opiate receptors by positron emission transaxial tomography (PETT).",normalized_field,tests/fixtures/bronze/chembl/publication/sample_ci_2026-04-24.jsonl
chembl_publication,chembl/publication,abstract,bronze_fixture,"A new route to 5-(p-hydroxybenzyl)pyrimidines has been developed which utilizes phenolic Mannich bases plus pyrimidines containing at least two activating groups. The products can be alkylated on the phenolic oxygen or on the pyrimidine N-1 atom, depending on conditions. This method has been used to prepare trimethoprim, a broad-spectrum antibacterial agent, starting from 2,4-diaminopyrimidine and 2,6-dimethoxyphenol.",1,"A new route to 5-(p-hydroxybenzyl)pyrimidines has been developed which utilizes phenolic Mannich bases plus pyrimidines containing at least two activating groups. The products can be alkylated on the phenolic oxygen or on the pyrimidine N-1 atom, depending on conditions. This method has been used to prepare trimethoprim, a broad-spectrum antibacterial agent, starting from 2,4-diaminopyrimidine and 2,6-dimethoxyphenol.",normalized_field,tests/fixtures/bronze/chembl/publication/sample_ci_2026-04-24.jsonl
chembl_publication,chembl/publication,abstract,bronze_fixture,"Forty trimethoprim analogues in which the para substituent in the benzene ring was varied were prepared for antibacterial evaluation. All were very potent inhibitors of Escherichia coli dihydrofolate reductase. The similarity of their inhibitory activities strongly suggested that the side chains beyond the first two atoms were not in contact with the enzyme. However, among 38 ether derivatives which varied widely in their bulk and lipophilicity, very few approached trimethoprim in their broad-spectrum in vitro antibacterial activity. The 4'-methyl and 4'-ethyl analogues and the allyloxy and gamma-chloropropoxy ethers had activities fairly close to that of trimethoprim. The two ethers were chosen for further evaluation in vivo. Neither compound quite matched trimethoprim in efficacy in mice, and their half-lives, as well as that of the beta-methoxyethoxy analogue, were found to be shorter in dogs.",1,"Forty trimethoprim analogues in which the para substituent in the benzene ring was varied were prepared for antibacterial evaluation. All were very potent inhibitors of Escherichia coli dihydrofolate reductase. The similarity of their inhibitory activities strongly suggested that the side chains beyond the first two atoms were not in contact with the enzyme. However, among 38 ether derivatives which varied widely in their bulk and lipophilicity, very few approached trimethoprim in their broad-spectrum in vitro antibacterial activity. The 4'-methyl and 4'-ethyl analogues and the allyloxy and gamma-chloropropoxy ethers had activities fairly close to that of trimethoprim. The two ethers were chosen for further evaluation in vivo. Neither compound quite matched trimethoprim in efficacy in mice, and their half-lives, as well as that of the beta-methoxyethoxy analogue, were found to be shorter in dogs.",normalized_field,tests/fixtures/bronze/chembl/publication/sample_ci_2026-04-24.jsonl
chembl_publication,chembl/publication,abstract,bronze_fixture,"In an effort to test the hypothesis that the tyramine moiety present in opiates and in opioid peptides plays an identical functional role at opioid receptors, a hybrid enkephalinamide (3) that contains (-)-metazocine (4a) in place of Tyr was synthesized. It was found that 3 and its congeners are inactive or feebly active in the electrically stimulated guinea pig ileum and mouse vas deferens preparations. The results of these studies suggest that the tyramine moiety in opiates and related structures does not play the same functional role as that in the opioid peptides. It is suggested that the different functional roles of the tyramine moiety in opiates and opioid peptides is a consequence of different modes of interaction with common receptors.",1,"In an effort to test the hypothesis that the tyramine moiety present in opiates and in opioid peptides plays an identical functional role at opioid receptors, a hybrid enkephalinamide (3) that contains (-)-metazocine (4a) in place of Tyr was synthesized. It was found that 3 and its congeners are inactive or feebly active in the electrically stimulated guinea pig ileum and mouse vas deferens preparations. The results of these studies suggest that the tyramine moiety in opiates and related structures does not play the same functional role as that in the opioid peptides. It is suggested that the different functional roles of the tyramine moiety in opiates and opioid peptides is a consequence of different modes of interaction with common receptors.",normalized_field,tests/fixtures/bronze/chembl/publication/sample_ci_2026-04-24.jsonl
chembl_publication,chembl/publication,abstract,bronze_fixture,"In order to study the preferential involvement of mu or delta receptors in the analgesic effects of enkephalins, several peptides which selectively interact with these two kinds of receptors in peripheral organs were synthesized. The inhibitory potency on the electrically stimulated mouse vas deferens (delta receptors) of the short peptide Tyr-D-Ala-Gly-NH-CH(CH3)CH2CH(CH3)2 (6) is 2100 times lower (IC50 = 1220 nM) than that of the longer and more hydrophilic peptide Tyr-D-Ser-Gly-Phe-Leu-Thr (10) (IC50 = 0.58 nM). In contrast, the IC50 values of all the synthesized compounds on the guinea pig ileum assay (mu receptors) are in the same range (100-360 nM). Likewise, their analgesic activities in mice, measured on the hot-plate test after intracerebroventricular injection, are similar. Therefore, the dissociation between antinociceptive properties in mice and potencies on the mouse vas deferens unambiguously reflects a preferential implication of mu receptors in analgesia. The possible involvement of brain delta receptors in behavioral effects is discussed.",1,"In order to study the preferential involvement of mu or delta receptors in the analgesic effects of enkephalins, several peptides which selectively interact with these two kinds of receptors in peripheral organs were synthesized. The inhibitory potency on the electrically stimulated mouse vas deferens (delta receptors) of the short peptide Tyr-D-Ala-Gly-NH-CH(CH3)CH2CH(CH3)2 (6) is 2100 times lower (IC50 = 1220 nM) than that of the longer and more hydrophilic peptide Tyr-D-Ser-Gly-Phe-Leu-Thr (10) (IC50 = 0.58 nM). In contrast, the IC50 values of all the synthesized compounds on the guinea pig ileum assay (mu receptors) are in the same range (100-360 nM). Likewise, their analgesic activities in mice, measured on the hot-plate test after intracerebroventricular injection, are similar. Therefore, the dissociation between antinociceptive properties in mice and potencies on the mouse vas deferens unambiguously reflects a preferential implication of mu receptors in analgesia. The possible involvement of brain delta receptors in behavioral effects is discussed.",normalized_field,tests/fixtures/bronze/chembl/publication/sample_ci_2026-04-24.jsonl
chembl_publication,chembl/publication,abstract,bronze_fixture,"Reported antifolate activity against leukemia L1210 by N-[14-[[(2-amino-4-hydroxy-6-quinazolinyl)methyl]-propargylamino]benzoyl]]-L-glu tamic acid through potent inhibition of thymidylate synthase (EC 2.1.1.45) prompted us to include the propargyl group in a study of the effect on folate metabolism and membrane transport of replacing the 10-methyl group of methotrexate with other groups. Along with the propyl (8a) and octyl (8b) homologues of methotrexate, the propargyl compound 8c was prepared for evaluation. Syntheses of 8a,b were achieved by a standard multistep sequence involving preparation of the side-chain precursors via tosylated intermediates and then their alkylation with 6-(bromomethyl)-2,4-pteridinediamine hydrobromide. The side-chain precursor to 8c was prepared by direct alkylation of diethyl N-(4-aminobenzoyl)-L-glutamate with propargyl bromide and was separated from unchanged amine and dipropargyl coproduct by a combination of methods, including dry-column chromatography and recrystallization. Subsequent steps leading to 8c were like those used to prepare 8a,b. Biological evaluations of the three compounds consisted of studies of their effects on enzyme inhibition [(dihydrofolate reductase (EC 1.5.1.3) and thymidylate synthase)], L1210 cell growth inhibition, cellular membrane transport with various murine cell types (L210, S180, Ehrlich, and epithelial), in vivo (mice) activity vs. L1210 leukemia and S180 ascites, and plasma clearance in mice. The in vivo results vs. S180 ascites offered evidence that 8c might have a better therapeutic index against this tumor than methotrexate, but no other result from either of these compounds suggested significant superiority over methotrexate.",1,"Reported antifolate activity against leukemia L1210 by N-[14-[[(2-amino-4-hydroxy-6-quinazolinyl)methyl]-propargylamino]benzoyl]]-L-glu tamic acid through potent inhibition of thymidylate synthase (EC 2.1.1.45) prompted us to include the propargyl group in a study of the effect on folate metabolism and membrane transport of replacing the 10-methyl group of methotrexate with other groups. Along with the propyl (8a) and octyl (8b) homologues of methotrexate, the propargyl compound 8c was prepared for evaluation. Syntheses of 8a,b were achieved by a standard multistep sequence involving preparation of the side-chain precursors via tosylated intermediates and then their alkylation with 6-(bromomethyl)-2,4-pteridinediamine hydrobromide. The side-chain precursor to 8c was prepared by direct alkylation of diethyl N-(4-aminobenzoyl)-L-glutamate with propargyl bromide and was separated from unchanged amine and dipropargyl coproduct by a combination of methods, including dry-column chromatography and recrystallization. Subsequent steps leading to 8c were like those used to prepare 8a,b. Biological evaluations of the three compounds consisted of studies of their effects on enzyme inhibition [(dihydrofolate reductase (EC 1.5.1.3) and thymidylate synthase)], L1210 cell growth inhibition, cellular membrane transport with various murine cell types (L210, S180, Ehrlich, and epithelial), in vivo (mice) activity vs. L1210 leukemia and S180 ascites, and plasma clearance in mice. The in vivo results vs. S180 ascites offered evidence that 8c might have a better therapeutic index against this tumor than methotrexate, but no other result from either of these compounds suggested significant superiority over methotrexate.",normalized_field,tests/fixtures/bronze/chembl/publication/sample_ci_2026-04-24.jsonl
chembl_publication,chembl/publication,abstract,bronze_fixture,"The chemical synthesis of 11-oxahomoaminopterin (1) has been carried out using procedures which were also found to be applicable to the synthesis of 11-oxahomofolic acid (2). Reaction of 1-bromo-4-[p-(caarbomethoxy)phenoxy]-2-butanone (10) with sodium azide gave 1-azido-4-[p-(carbomethoxy)phenoxy]-2-butanone (11). Protection of the carbonyl group of 11 as the ethylene ketal and subsequent base hydrolysis of the product gave 1-azido-4-(p-carboxyphenoxy)-2-butanone ketal (13). The glutamate conjugate 14 was prepared from 13 by the isobutyl chloroformate method and was hydrogenated to diethyl N-[(alpha-amino-2-oxo-4-butanoyl)-p-anisoyl]-L-glutamate ketal (15). Reaction of 15 with 6-chloro-2,4-diamino-5-nitropyrimidine (16) and 2-amino-6-chloro-4-hydroxy-5-nitropyrimidine (17) and deprotection of the corresponding products gave the intermediates 18 and 19, which were elaborated to 1 and 2 using a series of steps involving deprotection, dithionite reduction, cyclization, oxidation, and hydrolysis. Although 11-oxahomoaminopterin showed antifolate activity against two folate-requiring microorganisms and inhibited Lactobacillus casei DHFR, it was inactive against L-1210 leukemia in mice at a maximum dose of 48 mg/kg. Compound Lactobacillus casei DHFR, it was inactive against L-1210 leukemia in mice at a maximum dose of 48 mg/kg. Compound 1 was also tested for its ability to be transported via the methotrexate transport system using the L-1210 and Ehrlich tumor cell lines, and these results are compared with those of related analogues. The growth inhibitory activity of 1 in the L-1210 cell lines in culture was found to be 15 times weaker than that of methotrexate.",1,"The chemical synthesis of 11-oxahomoaminopterin (1) has been carried out using procedures which were also found to be applicable to the synthesis of 11-oxahomofolic acid (2). Reaction of 1-bromo-4-[p-(caarbomethoxy)phenoxy]-2-butanone (10) with sodium azide gave 1-azido-4-[p-(carbomethoxy)phenoxy]-2-butanone (11). Protection of the carbonyl group of 11 as the ethylene ketal and subsequent base hydrolysis of the product gave 1-azido-4-(p-carboxyphenoxy)-2-butanone ketal (13). The glutamate conjugate 14 was prepared from 13 by the isobutyl chloroformate method and was hydrogenated to diethyl N-[(alpha-amino-2-oxo-4-butanoyl)-p-anisoyl]-L-glutamate ketal (15). Reaction of 15 with 6-chloro-2,4-diamino-5-nitropyrimidine (16) and 2-amino-6-chloro-4-hydroxy-5-nitropyrimidine (17) and deprotection of the corresponding products gave the intermediates 18 and 19, which were elaborated to 1 and 2 using a series of steps involving deprotection, dithionite reduction, cyclization, oxidation, and hydrolysis. Although 11-oxahomoaminopterin showed antifolate activity against two folate-requiring microorganisms and inhibited Lactobacillus casei DHFR, it was inactive against L-1210 leukemia in mice at a maximum dose of 48 mg/kg. Compound Lactobacillus casei DHFR, it was inactive against L-1210 leukemia in mice at a maximum dose of 48 mg/kg. Compound 1 was also tested for its ability to be transported via the methotrexate transport system using the L-1210 and Ehrlich tumor cell lines, and these results are compared with those of related analogues. The growth inhibitory activity of 1 in the L-1210 cell lines in culture was found to be 15 times weaker than that of methotrexate.",normalized_field,tests/fixtures/bronze/chembl/publication/sample_ci_2026-04-24.jsonl
chembl_publication,chembl/publication,abstract,bronze_fixture,"The interaction of 5-ethynyl-2'-deoxyuridylate (5-ethynyl-dUMP; 1) with thymidylate (dTMP) synthetase has been investigated. The compound was an inhibitor of the enzyme, competitive with 2'-deoxyuridylate (dUMP) when the reaction was initiated by addition of enzyme (Ki = 2.7 X 10(-6) M). However, upon preincubation of 1 with dTMP synthetase, the inhibition pattern became noncompetitive. The time course of the enzyme reaction in the presence of 1 was nonlinear, indicating an increase in binding with time. Irreversible inactivation of the enzyme did not occur. The compound did not appear to become altered structurally as a result of interaction with the enzyme. A ternary complex was formed among dTMP synthetase, compound 1, and 5,10-methylenetetrahydrofolate, which was stable enough to survive Sephadex G-25 filtration but dissociated upon denaturation of the enzyme.",1,"The interaction of 5-ethynyl-2'-deoxyuridylate (5-ethynyl-dUMP; 1) with thymidylate (dTMP) synthetase has been investigated. The compound was an inhibitor of the enzyme, competitive with 2'-deoxyuridylate (dUMP) when the reaction was initiated by addition of enzyme (Ki = 2.7 X 10(-6) M). However, upon preincubation of 1 with dTMP synthetase, the inhibition pattern became noncompetitive. The time course of the enzyme reaction in the presence of 1 was nonlinear, indicating an increase in binding with time. Irreversible inactivation of the enzyme did not occur. The compound did not appear to become altered structurally as a result of interaction with the enzyme. A ternary complex was formed among dTMP synthetase, compound 1, and 5,10-methylenetetrahydrofolate, which was stable enough to survive Sephadex G-25 filtration but dissociated upon denaturation of the enzyme.",normalized_field,tests/fixtures/bronze/chembl/publication/sample_ci_2026-04-24.jsonl
chembl_publication,chembl/publication,abstract,bronze_fixture,"The ornithine (6a) and lysine (6b) analogues of methotrexate (1) have been synthesized via condensation of 4-amino-4-deoxy-N10-methylpteroic acid (2) with N gamma-carbobenzoxy-L-ornithine tert-butyl ester (3a) and N epsilon-carbobenzoxy-L-lysine tert-butyl ester (3b), respectively. Removal of the protecting groups gave 5a and 6b. Compounds 6a and 6b and their precursor Cbz acids (5a and 5b) show significant inhibition of dihydrofolate reductase.",1,"The ornithine (6a) and lysine (6b) analogues of methotrexate (1) have been synthesized via condensation of 4-amino-4-deoxy-N10-methylpteroic acid (2) with N gamma-carbobenzoxy-L-ornithine tert-butyl ester (3a) and N epsilon-carbobenzoxy-L-lysine tert-butyl ester (3b), respectively. Removal of the protecting groups gave 5a and 6b. Compounds 6a and 6b and their precursor Cbz acids (5a and 5b) show significant inhibition of dihydrofolate reductase.",normalized_field,tests/fixtures/bronze/chembl/publication/sample_ci_2026-04-24.jsonl
chembl_publication,chembl/publication,abstract,bronze_fixture,"The synthesis of 11-thiohomoaminopterin (1), which is a close analogue of 11-thiohomofolic acid (2), has been carried out by modification of the Boon-Leigh procedure. Treatment of 1-chloro-4-[p-(carbomethoxy)thiopenoxy]-2-butanone (5) with sodium azide gave 1-azido-4-[p-(carbomethoxy)thiophenoxy]-2-butanone (6). After protection of the carbonyl group of 6, the product 7 was catalytically hydrogenated to 1-amino-4-[p-(carbomethoxy)thiophenoxy]-2-butanone ketal (3). Reaction of 32 with 6-chloro-2,4-diaminmo-5-nitropyrimidine gave the desired pyrimidine intermediate, which was elaborated to 4-amino-4-deoxy-11-thiohomopteroic acid (20) by standard procedures. Alternately, 1-azido-4-[p-(carbomethoxy)thiophenoxy]-2-butanone ketal (7) was hydrolyzed to the corresponding acid (8) and coupled with diethyl L-glutamate to obtain diethyl N-[p-(1-azido-2-oxo-4-thiobutanoyl)benzoyl]-L-glutamate ketal (10), which was used for the large-scale preparation of 11-thiohomoaminopterin (1). Although 11-thiohomoaminopterin showed antifolate activity against two folate-requiring microorganisms and inhibited Lactobacillus casei dihydrogolate reductase, it did not exhibit any antitumor activity against L-1210 lymphoid leukemia in mice at a maximum dose of 48 mg/kg.",1,"The synthesis of 11-thiohomoaminopterin (1), which is a close analogue of 11-thiohomofolic acid (2), has been carried out by modification of the Boon-Leigh procedure. Treatment of 1-chloro-4-[p-(carbomethoxy)thiopenoxy]-2-butanone (5) with sodium azide gave 1-azido-4-[p-(carbomethoxy)thiophenoxy]-2-butanone (6). After protection of the carbonyl group of 6, the product 7 was catalytically hydrogenated to 1-amino-4-[p-(carbomethoxy)thiophenoxy]-2-butanone ketal (3). Reaction of 32 with 6-chloro-2,4-diaminmo-5-nitropyrimidine gave the desired pyrimidine intermediate, which was elaborated to 4-amino-4-deoxy-11-thiohomopteroic acid (20) by standard procedures. Alternately, 1-azido-4-[p-(carbomethoxy)thiophenoxy]-2-butanone ketal (7) was hydrolyzed to the corresponding acid (8) and coupled with diethyl L-glutamate to obtain diethyl N-[p-(1-azido-2-oxo-4-thiobutanoyl)benzoyl]-L-glutamate ketal (10), which was used for the large-scale preparation of 11-thiohomoaminopterin (1). Although 11-thiohomoaminopterin showed antifolate activity against two folate-requiring microorganisms and inhibited Lactobacillus casei dihydrogolate reductase, it did not exhibit any antitumor activity against L-1210 lymphoid leukemia in mice at a maximum dose of 48 mg/kg.",normalized_field,tests/fixtures/bronze/chembl/publication/sample_ci_2026-04-24.jsonl
chembl_publication,chembl/publication,abstract,bronze_fixture,"The synthesis of N-(3-mercaptopropionyl)-N-arylglycines (14a-x),- N-arylalanines (15a,b),-N-cycloalkylglycines (16a-k), and -1,2,3,4-tetrahydroisoquinoline-3-carboxylic acids (17a-d), -1,2,3,4-tetrahydroquinoline-2-carboxylic acids (18a-f), and -indoline-2-carboxylic acids (19a-k) is described. In vitro inhibition of angiotensin converting enzyme (ACE) is reported for each compound, and the structure--activity relationship for each series is discussed. The in vivo inhibition of ACE and antihypertensive effects of representative compounds from each series are discussed. The most potent compound, 19d, had an in vitro ACE IC50 of 2.6 X 10(-9) M and lowered blood pressure in spontaneous hypertensive rats 85 mm at a dose of 10 mg/kg po.",1,"The synthesis of N-(3-mercaptopropionyl)-N-arylglycines (14a-x),- N-arylalanines (15a,b),-N-cycloalkylglycines (16a-k), and -1,2,3,4-tetrahydroisoquinoline-3-carboxylic acids (17a-d), -1,2,3,4-tetrahydroquinoline-2-carboxylic acids (18a-f), and -indoline-2-carboxylic acids (19a-k) is described. In vitro inhibition of angiotensin converting enzyme (ACE) is reported for each compound, and the structure--activity relationship for each series is discussed. The in vivo inhibition of ACE and antihypertensive effects of representative compounds from each series are discussed. The most potent compound, 19d, had an in vitro ACE IC50 of 2.6 X 10(-9) M and lowered blood pressure in spontaneous hypertensive rats 85 mm at a dose of 10 mg/kg po.",normalized_field,tests/fixtures/bronze/chembl/publication/sample_ci_2026-04-24.jsonl
chembl_publication,chembl/publication,abstract,bronze_fixture,"The synthesis of two thiophene-containing analogues of mianserin, i.e., 1,2,3,4,10,13b-hexahydro-2-methylpiperazino[1,2-a]thieno[2, 3-c][1]benzazepine (2), and the corresponding [3,2-c] isomer (12) is described. The key step in the synthesis is the nucleophilic aromatic substitution reaction of the N-lithio derivative of 1-methyl-3-(2-thienyl)piperazine (4) with the oxazoline derivative of o-anisic acid (7) to give the N-phenylpiperazine 8. This substance was converted via ethyl ester 10 to 1-[2-(hydroxymethyl)phenyl]-4-methyl-2-(2-thienyl)piperazine (3), which was cyclized with polyphosphate ester to a 5:1 mixture of 2 and 12. The antidepressant potential of 2 maleate (CGS 11049A) and 12 fumarate (CGS 15413A) were compared with that of mianserin hydrochloride in a variety of biochemical and pharmacological test systems. The three substances exhibited generally similar profiles. However, the results suggest that 2 and 12 bind more strongly to central presynaptic alpha-receptors than does mianserin.",1,"The synthesis of two thiophene-containing analogues of mianserin, i.e., 1,2,3,4,10,13b-hexahydro-2-methylpiperazino[1,2-a]thieno[2, 3-c][1]benzazepine (2), and the corresponding [3,2-c] isomer (12) is described. The key step in the synthesis is the nucleophilic aromatic substitution reaction of the N-lithio derivative of 1-methyl-3-(2-thienyl)piperazine (4) with the oxazoline derivative of o-anisic acid (7) to give the N-phenylpiperazine 8. This substance was converted via ethyl ester 10 to 1-[2-(hydroxymethyl)phenyl]-4-methyl-2-(2-thienyl)piperazine (3), which was cyclized with polyphosphate ester to a 5:1 mixture of 2 and 12. The antidepressant potential of 2 maleate (CGS 11049A) and 12 fumarate (CGS 15413A) were compared with that of mianserin hydrochloride in a variety of biochemical and pharmacological test systems. The three substances exhibited generally similar profiles. However, the results suggest that 2 and 12 bind more strongly to central presynaptic alpha-receptors than does mianserin.",normalized_field,tests/fixtures/bronze/chembl/publication/sample_ci_2026-04-24.jsonl
chembl_publication,chembl/publication,abstract,bronze_fixture,"Two series of compounds related to cimetidine and tiotidine were synthesized as part of a study to evaluate the importance of conformational parameters in binding at histamine H2 receptors. The flexible methylthioethyl connecting chain was replaced by a conformationally restricting phenylene unit. These compounds were evaluated for antagonism of the dimaprit-stimulated chronotropic response in the guinea pig atrium and inhibition of histamine stimulated secretion of gastric acid in the dog. In both series, biological activity is markedly dependent on the m-phenylene regioisomers. Histamine H2-receptor activity is retained in both series; however, in the tiotidine series, gastric antisecretory activity is significantly improved. Regardless of the end group, N-cyanoguanidine 1,1-diamino-2-nitroethene or 3,4-diamino-1,2,5-thiadiazole 1-oxide, each 3 3-(2-guanidino-4-thiazolyl)phenyl analogue was ca. 8 and 90 times more potent intravenously than tiotidine and cimetidine, respectively. The electronic influences of the phenylene unit on biological activity were also evaluated. It was concluded that the geometric constraints imposed by the m-phenylene connecting element were more important than electronic factors in binding events at the histamine H2 receptor.",1,"Two series of compounds related to cimetidine and tiotidine were synthesized as part of a study to evaluate the importance of conformational parameters in binding at histamine H2 receptors. The flexible methylthioethyl connecting chain was replaced by a conformationally restricting phenylene unit. These compounds were evaluated for antagonism of the dimaprit-stimulated chronotropic response in the guinea pig atrium and inhibition of histamine stimulated secretion of gastric acid in the dog. In both series, biological activity is markedly dependent on the m-phenylene regioisomers. Histamine H2-receptor activity is retained in both series; however, in the tiotidine series, gastric antisecretory activity is significantly improved. Regardless of the end group, N-cyanoguanidine 1,1-diamino-2-nitroethene or 3,4-diamino-1,2,5-thiadiazole 1-oxide, each 3 3-(2-guanidino-4-thiazolyl)phenyl analogue was ca. 8 and 90 times more potent intravenously than tiotidine and cimetidine, respectively. The electronic influences of the phenylene unit on biological activity were also evaluated. It was concluded that the geometric constraints imposed by the m-phenylene connecting element were more important than electronic factors in binding events at the histamine H2 receptor.",normalized_field,tests/fixtures/bronze/chembl/publication/sample_ci_2026-04-24.jsonl
chembl_publication,chembl/publication,abstract,bronze_fixture,"Using a combination of solid-phase and solution methods, we synthesized a series of cyclic [Leu5]enkephalin analogues by substitution of D-alpha, omega-diamino acids in position 2 of the enkephalin sequence and cyclization of the omega-amino group to the C-terminal carboxy group of leucine. Cyclic analogues containing D-alpha, beta-diaminopropionic acid (1), D-alpha, gamma-diaminobutyric acid (2), D-ornithine (3), or D-lysine (4) in position 2 and the [D-Leu5] and [des-Leu5] analogues of 4 (5 and 6) showed, in general, high potency in the guinea pig ileum (GPI) assay and low potency in the mouse vas deferens (MVD) assay. IC50 (MVD)/IC50 (GPI) ratios ranging from 3.1 to 29.4 were obtained, indicating the preference of the cyclic analogues for mu receptors over delta receptors. With two exceptions, preferential affinity for mu receptors is reflected in the Ki ratios determined in parallel binding assays using [3H]naloxone and [3H] [D-Ala2, D-Leu5]enkephalin as mu and delta receptor selective radioligands, respectively. Comparison of the pharmacological profiles of the cyclic analogues 1-4 with those of their corresponding open-chain analogues, [D-Ala2, Leu5]enkephalinamide (1a), [D-Abu2, Leu5]enkephalinamide (2a), [D-Nva2, Leu5]enkephalinamide (3a), and [D-Nle2, Leu5]enkephalinamide (4a), revealed that the pronounced mu character of compounds 1-4 is a direct consequence of the conformational constraints introduced by cyclization. This finding is in agreement with the concept of different conformational requirements of mu- and delta-opiate receptors and raises the possibility of manipulating opiate receptor selectivity by varying the type and degree of conformational restriction.",1,"Using a combination of solid-phase and solution methods, we synthesized a series of cyclic [Leu5]enkephalin analogues by substitution of D-alpha, omega-diamino acids in position 2 of the enkephalin sequence and cyclization of the omega-amino group to the C-terminal carboxy group of leucine. Cyclic analogues containing D-alpha, beta-diaminopropionic acid (1), D-alpha, gamma-diaminobutyric acid (2), D-ornithine (3), or D-lysine (4) in position 2 and the [D-Leu5] and [des-Leu5] analogues of 4 (5 and 6) showed, in general, high potency in the guinea pig ileum (GPI) assay and low potency in the mouse vas deferens (MVD) assay. IC50 (MVD)/IC50 (GPI) ratios ranging from 3.1 to 29.4 were obtained, indicating the preference of the cyclic analogues for mu receptors over delta receptors. With two exceptions, preferential affinity for mu receptors is reflected in the Ki ratios determined in parallel binding assays using [3H]naloxone and [3H] [D-Ala2, D-Leu5]enkephalin as mu and delta receptor selective radioligands, respectively. Comparison of the pharmacological profiles of the cyclic analogues 1-4 with those of their corresponding open-chain analogues, [D-Ala2, Leu5]enkephalinamide (1a), [D-Abu2, Leu5]enkephalinamide (2a), [D-Nva2, Leu5]enkephalinamide (3a), and [D-Nle2, Leu5]enkephalinamide (4a), revealed that the pronounced mu character of compounds 1-4 is a direct consequence of the conformational constraints introduced by cyclization. This finding is in agreement with the concept of different conformational requirements of mu- and delta-opiate receptors and raises the possibility of manipulating opiate receptor selectivity by varying the type and degree of conformational restriction.",normalized_field,tests/fixtures/bronze/chembl/publication/sample_ci_2026-04-24.jsonl
chembl_publication,chembl/publication,authors,bronze_fixture,"Barr PJ, Nolan PA, Santi DV, Robins MJ.",1,,normalized_field,tests/fixtures/bronze/chembl/publication/sample_ci_2026-04-24.jsonl
chembl_publication,chembl/publication,authors,bronze_fixture,Daly JW.,1,,normalized_field,tests/fixtures/bronze/chembl/publication/sample_ci_2026-04-24.jsonl
chembl_publication,chembl/publication,authors,bronze_fixture,"Danenberg PV, Bhatt RS, Kundu NG, Danenberg K, Heidelberger C.",1,,normalized_field,tests/fixtures/bronze/chembl/publication/sample_ci_2026-04-24.jsonl
chembl_publication,chembl/publication,authors,bronze_fixture,"DiMaio J, Nguyen TM, Lemieux C, Schiller PW.",1,,normalized_field,tests/fixtures/bronze/chembl/publication/sample_ci_2026-04-24.jsonl
chembl_publication,chembl/publication,authors,bronze_fixture,"Gacel G, Fournié-Zaluski MC, Fellion E, Roques BP.",1,,normalized_field,tests/fixtures/bronze/chembl/publication/sample_ci_2026-04-24.jsonl
chembl_publication,chembl/publication,authors,bronze_fixture,"Hoffman JM, Pietruszkiewicz AM, Habecker CN, Phillips BT, Bolhofer WA, Cragoe EJ, Torchiana ML, Lumma WC, Baldwin JJ.",1,,normalized_field,tests/fixtures/bronze/chembl/publication/sample_ci_2026-04-24.jsonl
chembl_publication,chembl/publication,authors,bronze_fixture,"Kempton RJ, Black AM, Anstead GM, Kumar AA, Blankenship DT, Freisheim JH.",1,,normalized_field,tests/fixtures/bronze/chembl/publication/sample_ci_2026-04-24.jsonl
chembl_publication,chembl/publication,authors,bronze_fixture,"Kuyper LF, Roth B, Baccanari DP, Ferone R, Beddell CR, Champness JN, Stammers DK, Dann JG, Norrington FE, Baker DJ, Goodford PJ.",1,,normalized_field,tests/fixtures/bronze/chembl/publication/sample_ci_2026-04-24.jsonl
chembl_publication,chembl/publication,authors,bronze_fixture,"Lumma WC, Anderson PS, Baldwin JJ, Bolhofer WA, Habecker CN, Hirshfield JM, Pietruszkiewicz AM, Randall WC, Torchiana ML, Britcher SF, Clineschmidt BV, Denny GH, Hirschmann R, Hoffman MJ, Phillips BT, Streeter KB.",1,,normalized_field,tests/fixtures/bronze/chembl/publication/sample_ci_2026-04-24.jsonl
chembl_publication,chembl/publication,authors,bronze_fixture,"Nair MG, Bridges TW, Henkel TJ, Kisliuk RL, Gaumont Y, Sirotnak FM.",1,,normalized_field,tests/fixtures/bronze/chembl/publication/sample_ci_2026-04-24.jsonl
chembl_publication,chembl/publication,authors,bronze_fixture,"Nair MG, Chen SY, Kisliuk RL, Gaumont Y, Strumpf D.",1,,normalized_field,tests/fixtures/bronze/chembl/publication/sample_ci_2026-04-24.jsonl
chembl_publication,chembl/publication,authors,bronze_fixture,"Nair MG, Salter DC, Kisliuk RL, Gaumont Y, North G, Sirotnak FM.",1,,normalized_field,tests/fixtures/bronze/chembl/publication/sample_ci_2026-04-24.jsonl
chembl_publication,chembl/publication,authors,bronze_fixture,"Ondetti MA, Cushman DW.",1,,normalized_field,tests/fixtures/bronze/chembl/publication/sample_ci_2026-04-24.jsonl
chembl_publication,chembl/publication,authors,bronze_fixture,"Piper JR, McCaleb GS, Montgomery JA, Kisliuk RL, Gaumont Y, Sirotnak FM.",1,,normalized_field,tests/fixtures/bronze/chembl/publication/sample_ci_2026-04-24.jsonl
chembl_publication,chembl/publication,authors,bronze_fixture,"Ramakrishnan K, Portoghese PS.",1,,normalized_field,tests/fixtures/bronze/chembl/publication/sample_ci_2026-04-24.jsonl
chembl_publication,chembl/publication,authors,bronze_fixture,"Rice KC, Konicki PE, Quirion R, Burke TR, Pert CB.",1,,normalized_field,tests/fixtures/bronze/chembl/publication/sample_ci_2026-04-24.jsonl
chembl_publication,chembl/publication,authors,bronze_fixture,"Roth B, Aig E, Rauckman BS, Strelitz JZ, Phillips AP, Ferone R, Bushby SR, Sigel CW.",1,,normalized_field,tests/fixtures/bronze/chembl/publication/sample_ci_2026-04-24.jsonl
chembl_publication,chembl/publication,authors,bronze_fixture,"Roth B, Strelitz JZ, Rauckman BS.",1,,normalized_field,tests/fixtures/bronze/chembl/publication/sample_ci_2026-04-24.jsonl
chembl_publication,chembl/publication,authors,bronze_fixture,"Stanton JL, Gruenfeld N, Babiarz JE, Ackerman MH, Friedmann RC, Yuan AM, Macchia W.",1,,normalized_field,tests/fixtures/bronze/chembl/publication/sample_ci_2026-04-24.jsonl
chembl_publication,chembl/publication,authors,bronze_fixture,"Watthey JW, Gavin T, Desai M, Finn BM, Rodebaugh RK, Patt SL.",1,,normalized_field,tests/fixtures/bronze/chembl/publication/sample_ci_2026-04-24.jsonl
chembl_publication,chembl/publication,chembl_release,bronze_fixture,"{""chembl_release"": ""CHEMBL_1"", ""creation_date"": ""2009-09-03""}",20,"{""chembl_release"": ""CHEMBL_1"", ""creation_date"": ""2009-09-03""}",normalized_field,tests/fixtures/bronze/chembl/publication/sample_ci_2026-04-24.jsonl
chembl_publication,chembl/publication,doi,bronze_fixture,10.1021/jm00136a001,1,10.1021/jm00136a001,normalized_field,tests/fixtures/bronze/chembl/publication/sample_ci_2026-04-24.jsonl
chembl_publication,chembl/publication,doi,bronze_fixture,10.1021/jm00140a005,1,10.1021/jm00140a005,normalized_field,tests/fixtures/bronze/chembl/publication/sample_ci_2026-04-24.jsonl
chembl_publication,chembl/publication,doi,bronze_fixture,10.1021/jm00141a010,1,10.1021/jm00141a010,normalized_field,tests/fixtures/bronze/chembl/publication/sample_ci_2026-04-24.jsonl
chembl_publication,chembl/publication,doi,bronze_fixture,10.1021/jm00142a002,1,10.1021/jm00142a002,normalized_field,tests/fixtures/bronze/chembl/publication/sample_ci_2026-04-24.jsonl
chembl_publication,chembl/publication,doi,bronze_fixture,10.1021/jm00144a003,1,10.1021/jm00144a003,normalized_field,tests/fixtures/bronze/chembl/publication/sample_ci_2026-04-24.jsonl
chembl_publication,chembl/publication,doi,bronze_fixture,10.1021/jm00144a036,1,10.1021/jm00144a036,normalized_field,tests/fixtures/bronze/chembl/publication/sample_ci_2026-04-24.jsonl
chembl_publication,chembl/publication,doi,bronze_fixture,10.1021/jm00178a007,1,10.1021/jm00178a007,normalized_field,tests/fixtures/bronze/chembl/publication/sample_ci_2026-04-24.jsonl
chembl_publication,chembl/publication,doi,bronze_fixture,10.1021/jm00182a017,1,10.1021/jm00182a017,normalized_field,tests/fixtures/bronze/chembl/publication/sample_ci_2026-04-24.jsonl
chembl_publication,chembl/publication,doi,bronze_fixture,10.1021/jm00345a001,1,10.1021/jm00345a001,normalized_field,tests/fixtures/bronze/chembl/publication/sample_ci_2026-04-24.jsonl
chembl_publication,chembl/publication,doi,bronze_fixture,10.1021/jm00345a002,1,10.1021/jm00345a002,normalized_field,tests/fixtures/bronze/chembl/publication/sample_ci_2026-04-24.jsonl
chembl_publication,chembl/publication,doi,bronze_fixture,10.1021/jm00346a026,1,10.1021/jm00346a026,normalized_field,tests/fixtures/bronze/chembl/publication/sample_ci_2026-04-24.jsonl
chembl_publication,chembl/publication,doi,bronze_fixture,10.1021/jm00349a024,1,10.1021/jm00349a024,normalized_field,tests/fixtures/bronze/chembl/publication/sample_ci_2026-04-24.jsonl
chembl_publication,chembl/publication,doi,bronze_fixture,10.1021/jm00352a002,1,10.1021/jm00352a002,normalized_field,tests/fixtures/bronze/chembl/publication/sample_ci_2026-04-24.jsonl
chembl_publication,chembl/publication,doi,bronze_fixture,10.1021/jm00354a006,1,10.1021/jm00354a006,normalized_field,tests/fixtures/bronze/chembl/publication/sample_ci_2026-04-24.jsonl
chembl_publication,chembl/publication,doi,bronze_fixture,10.1021/jm00354a008,1,10.1021/jm00354a008,normalized_field,tests/fixtures/bronze/chembl/publication/sample_ci_2026-04-24.jsonl
chembl_publication,chembl/publication,doi,bronze_fixture,10.1021/jm00356a005,1,10.1021/jm00356a005,normalized_field,tests/fixtures/bronze/chembl/publication/sample_ci_2026-04-24.jsonl
chembl_publication,chembl/publication,doi,bronze_fixture,10.1021/jm00358a030,1,10.1021/jm00358a030,normalized_field,tests/fixtures/bronze/chembl/publication/sample_ci_2026-04-24.jsonl
chembl_publication,chembl/publication,doi,bronze_fixture,10.1021/jm00362a006,1,10.1021/jm00362a006,normalized_field,tests/fixtures/bronze/chembl/publication/sample_ci_2026-04-24.jsonl
chembl_publication,chembl/publication,doi,bronze_fixture,10.1021/jm00363a011,1,10.1021/jm00363a011,normalized_field,tests/fixtures/bronze/chembl/publication/sample_ci_2026-04-24.jsonl
chembl_publication,chembl/publication,doi,bronze_fixture,10.1021/jm00365a017,1,10.1021/jm00365a017,normalized_field,tests/fixtures/bronze/chembl/publication/sample_ci_2026-04-24.jsonl
chembl_publication,chembl/publication,issue,bronze_fixture,10,2,10,normalized_field,tests/fixtures/bronze/chembl/publication/sample_ci_2026-04-24.jsonl
chembl_publication,chembl/publication,issue,bronze_fixture,11,1,11,normalized_field,tests/fixtures/bronze/chembl/publication/sample_ci_2026-04-24.jsonl
chembl_publication,chembl/publication,issue,bronze_fixture,12,4,12,normalized_field,tests/fixtures/bronze/chembl/publication/sample_ci_2026-04-24.jsonl
chembl_publication,chembl/publication,issue,bronze_fixture,2,1,2,normalized_field,tests/fixtures/bronze/chembl/publication/sample_ci_2026-04-24.jsonl
chembl_publication,chembl/publication,issue,bronze_fixture,3,2,3,normalized_field,tests/fixtures/bronze/chembl/publication/sample_ci_2026-04-24.jsonl
chembl_publication,chembl/publication,issue,bronze_fixture,4,4,4,normalized_field,tests/fixtures/bronze/chembl/publication/sample_ci_2026-04-24.jsonl
chembl_publication,chembl/publication,issue,bronze_fixture,7,1,7,normalized_field,tests/fixtures/bronze/chembl/publication/sample_ci_2026-04-24.jsonl
chembl_publication,chembl/publication,issue,bronze_fixture,8,3,8,normalized_field,tests/fixtures/bronze/chembl/publication/sample_ci_2026-04-24.jsonl
chembl_publication,chembl/publication,issue,bronze_fixture,9,2,9,normalized_field,tests/fixtures/bronze/chembl/publication/sample_ci_2026-04-24.jsonl
chembl_publication,chembl/publication,journal,bronze_fixture,J Med Chem,20,J Med Chem,normalized_field,tests/fixtures/bronze/chembl/publication/sample_ci_2026-04-24.jsonl
chembl_publication,chembl/publication,src_id,bronze_fixture,1,20,1,normalized_field,tests/fixtures/bronze/chembl/publication/sample_ci_2026-04-24.jsonl
chembl_publication,chembl/publication,title,bronze_fixture,10-Propargylaminopterin and alkyl homologues of methotrexate as inhibitors of folate metabolism.,1,10-Propargylaminopterin and alkyl homologues of methotrexate as inhibitors of folate metabolism.,normalized_field,tests/fixtures/bronze/chembl/publication/sample_ci_2026-04-24.jsonl
chembl_publication,chembl/publication,title,bronze_fixture,"2,4-Diamino-5-benzylpyrimidines and analogues as antibacterial agents. 2. C-Alkylation of pyrimidines with Mannich bases and application to the synthesis of trimethoprim and analogues.",1,"2,4-Diamino-5-benzylpyrimidines and analogues as antibacterial agents. 2. C-Alkylation of pyrimidines with Mannich bases and application to the synthesis of trimethoprim and analogues.",normalized_field,tests/fixtures/bronze/chembl/publication/sample_ci_2026-04-24.jsonl
chembl_publication,chembl/publication,title,bronze_fixture,"2,4-Diamino-5-benzylpyrimidines and analogues as antibacterial agents. 5. 3',5'-Dimethoxy-4'-substituted-benzyl analogues of trimethoprim.",1,"2,4-Diamino-5-benzylpyrimidines and analogues as antibacterial agents. 5. 3',5'-Dimethoxy-4'-substituted-benzyl analogues of trimethoprim.",normalized_field,tests/fixtures/bronze/chembl/publication/sample_ci_2026-04-24.jsonl
chembl_publication,chembl/publication,title,bronze_fixture,Adenosine receptors: targets for future drugs.,1,Adenosine receptors: targets for future drugs.,normalized_field,tests/fixtures/bronze/chembl/publication/sample_ci_2026-04-24.jsonl
chembl_publication,chembl/publication,title,bronze_fixture,Angiotensin converting enzyme inhibitors: N-substituted monocyclic and bicyclic amino acid derivatives.,1,Angiotensin converting enzyme inhibitors: N-substituted monocyclic and bicyclic amino acid derivatives.,normalized_field,tests/fixtures/bronze/chembl/publication/sample_ci_2026-04-24.jsonl
chembl_publication,chembl/publication,title,bronze_fixture,Conformational requirements for histamine H2-receptor inhibitors: a structure-activity study of phenylene analogues related to cimetidine and tiotidine.,1,Conformational requirements for histamine H2-receptor inhibitors: a structure-activity study of phenylene analogues related to cimetidine and tiotidine.,normalized_field,tests/fixtures/bronze/chembl/publication/sample_ci_2026-04-24.jsonl
chembl_publication,chembl/publication,title,bronze_fixture,Evidence of the preferential involvement of mu receptors in analgesia using enkephalins highly selective for peripheral mu or delta receptors.,1,Evidence of the preferential involvement of mu receptors in analgesia using enkephalins highly selective for peripheral mu or delta receptors.,normalized_field,tests/fixtures/bronze/chembl/publication/sample_ci_2026-04-24.jsonl
chembl_publication,chembl/publication,title,bronze_fixture,Folate analogues altered in the C9-N10 bridge region. 16. Synthesis and antifolate activity of 11-thiohomoaminopterin.,1,Folate analogues altered in the C9-N10 bridge region. 16. Synthesis and antifolate activity of 11-thiohomoaminopterin.,normalized_field,tests/fixtures/bronze/chembl/publication/sample_ci_2026-04-24.jsonl
chembl_publication,chembl/publication,title,bronze_fixture,Folate analogues altered in the C9-N10 bridge region. 18. Synthesis and antitumor evaluation of 11-oxahomoaminopterin and related compounds.,1,Folate analogues altered in the C9-N10 bridge region. 18. Synthesis and antitumor evaluation of 11-oxahomoaminopterin and related compounds.,normalized_field,tests/fixtures/bronze/chembl/publication/sample_ci_2026-04-24.jsonl
chembl_publication,chembl/publication,title,bronze_fixture,"Folate analogues. 21. Synthesis and antifolate and antitumor activities of N10-(cyanomethyl)-5,8-dideazafolic acid.",1,"Folate analogues. 21. Synthesis and antifolate and antitumor activities of N10-(cyanomethyl)-5,8-dideazafolic acid.",normalized_field,tests/fixtures/bronze/chembl/publication/sample_ci_2026-04-24.jsonl
chembl_publication,chembl/publication,title,bronze_fixture,Inhibition of the renin-angiotensin system. A new approach to the therapy of hypertension.,1,Inhibition of the renin-angiotensin system. A new approach to the therapy of hypertension.,normalized_field,tests/fixtures/bronze/chembl/publication/sample_ci_2026-04-24.jsonl
chembl_publication,chembl/publication,title,bronze_fixture,Inhibition of thymidylate synthetase by 5-alkynyl-2'-deoxyuridylates.,1,Inhibition of thymidylate synthetase by 5-alkynyl-2'-deoxyuridylates.,normalized_field,tests/fixtures/bronze/chembl/publication/sample_ci_2026-04-24.jsonl
chembl_publication,chembl/publication,title,bronze_fixture,"Inhibitors of gastric acid secretion: 3,4-diamino-1,2,5-thiadiazole 1-oxides and 1,1-dioxides as urea equivalents in a series of histamine H2-receptor antagonists.",1,"Inhibitors of gastric acid secretion: 3,4-diamino-1,2,5-thiadiazole 1-oxides and 1,1-dioxides as urea equivalents in a series of histamine H2-receptor antagonists.",normalized_field,tests/fixtures/bronze/chembl/publication/sample_ci_2026-04-24.jsonl
chembl_publication,chembl/publication,title,bronze_fixture,Interaction of 5-ethynyl-2'-deoxyuridylate with thymidylate synthetase.,1,Interaction of 5-ethynyl-2'-deoxyuridylate with thymidylate synthetase.,normalized_field,tests/fixtures/bronze/chembl/publication/sample_ci_2026-04-24.jsonl
chembl_publication,chembl/publication,title,bronze_fixture,Lysine and ornithine analogues of methotrexate as inhibitors of dihydrofolate reductase.,1,Lysine and ornithine analogues of methotrexate as inhibitors of dihydrofolate reductase.,normalized_field,tests/fixtures/bronze/chembl/publication/sample_ci_2026-04-24.jsonl
chembl_publication,chembl/publication,title,bronze_fixture,Receptor-based design of dihydrofolate reductase inhibitors: comparison of crystallographically determined enzyme binding with enzyme affinity in a series of carboxy-substituted trimethoprim analogues.,1,Receptor-based design of dihydrofolate reductase inhibitors: comparison of crystallographically determined enzyme binding with enzyme affinity in a series of carboxy-substituted trimethoprim analogues.,normalized_field,tests/fixtures/bronze/chembl/publication/sample_ci_2026-04-24.jsonl
chembl_publication,chembl/publication,title,bronze_fixture,Synthesis and biological evaluation of a metazocine-containing enkephalinamide. Evidence for nonidentical roles of the tyramine moiety in opiates and opioid peptides.,1,Synthesis and biological evaluation of a metazocine-containing enkephalinamide. Evidence for nonidentical roles of the tyramine moiety in opiates and opioid peptides.,normalized_field,tests/fixtures/bronze/chembl/publication/sample_ci_2026-04-24.jsonl
chembl_publication,chembl/publication,title,bronze_fixture,Synthesis and biological properties of thiophene ring analogues of mianserin.,1,Synthesis and biological properties of thiophene ring analogues of mianserin.,normalized_field,tests/fixtures/bronze/chembl/publication/sample_ci_2026-04-24.jsonl
chembl_publication,chembl/publication,title,bronze_fixture,Synthesis and pharmacological characterization in vitro of cyclic enkephalin analogues: effect of conformational constraints on opiate receptor selectivity.,1,Synthesis and pharmacological characterization in vitro of cyclic enkephalin analogues: effect of conformational constraints on opiate receptor selectivity.,normalized_field,tests/fixtures/bronze/chembl/publication/sample_ci_2026-04-24.jsonl
chembl_publication,chembl/publication,title,bronze_fixture,"Synthesis and pharmacological characterization of (+/-)-5,9 alpha-dimethyl-2-[2-(4-fluorophenyl)ethyl]-2'-hydroxy-6,7-benzomorphan (fluorophen), a ligand suitable for visualization of opiate receptors in vivo.",1,"Synthesis and pharmacological characterization of (+/-)-5,9 alpha-dimethyl-2-[2-(4-fluorophenyl)ethyl]-2'-hydroxy-6,7-benzomorphan (fluorophen), a ligand suitable for visualization of opiate receptors in vivo.",normalized_field,tests/fixtures/bronze/chembl/publication/sample_ci_2026-04-24.jsonl
chembl_publication,chembl/publication,volume,bronze_fixture,23,2,23,normalized_field,tests/fixtures/bronze/chembl/publication/sample_ci_2026-04-24.jsonl
chembl_publication,chembl/publication,volume,bronze_fixture,24,6,24,normalized_field,tests/fixtures/bronze/chembl/publication/sample_ci_2026-04-24.jsonl
chembl_publication,chembl/publication,volume,bronze_fixture,25,7,25,normalized_field,tests/fixtures/bronze/chembl/publication/sample_ci_2026-04-24.jsonl
chembl_publication,chembl/publication,volume,bronze_fixture,26,5,26,normalized_field,tests/fixtures/bronze/chembl/publication/sample_ci_2026-04-24.jsonl
chembl_publication_similarity,chembl/publication_similarity,mol_tani,bronze_fixture,0.0,17,0.0,normalized_field,tests/fixtures/bronze/chembl/publication_similarity/sample_ci_2026-04-30.jsonl
chembl_publication_similarity,chembl/publication_similarity,mol_tani,bronze_fixture,0.05,2,0.05,normalized_field,tests/fixtures/bronze/chembl/publication_similarity/sample_ci_2026-04-30.jsonl
chembl_publication_similarity,chembl/publication_similarity,mol_tani,bronze_fixture,0.07,1,0.07,normalized_field,tests/fixtures/bronze/chembl/publication_similarity/sample_ci_2026-04-30.jsonl
chembl_publication_similarity,chembl/publication_similarity,tid_tani,bronze_fixture,0.75,5,0.75,normalized_field,tests/fixtures/bronze/chembl/publication_similarity/sample_ci_2026-04-30.jsonl
chembl_publication_similarity,chembl/publication_similarity,tid_tani,bronze_fixture,0.8,2,0.8,normalized_field,tests/fixtures/bronze/chembl/publication_similarity/sample_ci_2026-04-30.jsonl
chembl_publication_similarity,chembl/publication_similarity,tid_tani,bronze_fixture,1.0,13,1.0,normalized_field,tests/fixtures/bronze/chembl/publication_similarity/sample_ci_2026-04-30.jsonl
chembl_target,chembl/target,cross_references,bronze_fixture,[],20,[],normalized_field,tests/fixtures/bronze/chembl/target/sample_ci_2026-04-24.jsonl
chembl_target,chembl/target,organism,bronze_fixture,Bacillus anthracis,1,Bacillus anthracis,normalized_field,tests/fixtures/bronze/chembl/target/sample_ci_2026-04-24.jsonl
chembl_target,chembl/target,organism,bronze_fixture,Bos taurus,1,Bos taurus,normalized_field,tests/fixtures/bronze/chembl/target/sample_ci_2026-04-24.jsonl
chembl_target,chembl/target,organism,bronze_fixture,Macaca fascicularis,1,Macaca fascicularis,normalized_field,tests/fixtures/bronze/chembl/target/sample_ci_2026-04-24.jsonl
chembl_target,chembl/target,organism,bronze_fixture,Mus musculus,11,Mus musculus,normalized_field,tests/fixtures/bronze/chembl/target/sample_ci_2026-04-24.jsonl
chembl_target,chembl/target,organism,bronze_fixture,Oryctolagus cuniculus,1,Oryctolagus cuniculus,normalized_field,tests/fixtures/bronze/chembl/target/sample_ci_2026-04-24.jsonl
chembl_target,chembl/target,organism,bronze_fixture,Rattus norvegicus,4,Rattus norvegicus,normalized_field,tests/fixtures/bronze/chembl/target/sample_ci_2026-04-24.jsonl
chembl_target,chembl/target,organism,bronze_fixture,Streptococcus pneumoniae,1,Streptococcus pneumoniae,normalized_field,tests/fixtures/bronze/chembl/target/sample_ci_2026-04-24.jsonl
chembl_target,chembl/target,pref_name,bronze_fixture,5'-nucleotidase,1,5'-nucleotidase,normalized_field,tests/fixtures/bronze/chembl/target/sample_ci_2026-04-24.jsonl
chembl_target,chembl/target,pref_name,bronze_fixture,5-hydroxytryptamine receptor 6,1,5-hydroxytryptamine receptor 6,normalized_field,tests/fixtures/bronze/chembl/target/sample_ci_2026-04-24.jsonl
chembl_target,chembl/target,pref_name,bronze_fixture,Adenosine receptor A3,1,Adenosine receptor A3,normalized_field,tests/fixtures/bronze/chembl/target/sample_ci_2026-04-24.jsonl
chembl_target,chembl/target,pref_name,bronze_fixture,Aurora kinase B,1,Aurora kinase B,normalized_field,tests/fixtures/bronze/chembl/target/sample_ci_2026-04-24.jsonl
chembl_target,chembl/target,pref_name,bronze_fixture,C-C chemokine receptor type 5,1,C-C chemokine receptor type 5,normalized_field,tests/fixtures/bronze/chembl/target/sample_ci_2026-04-24.jsonl
chembl_target,chembl/target,pref_name,bronze_fixture,Creatine kinase M-type,1,Creatine kinase M-type,normalized_field,tests/fixtures/bronze/chembl/target/sample_ci_2026-04-24.jsonl
chembl_target,chembl/target,pref_name,bronze_fixture,Diacylglycerol O-acyltransferase 1,1,Diacylglycerol O-acyltransferase 1,normalized_field,tests/fixtures/bronze/chembl/target/sample_ci_2026-04-24.jsonl
chembl_target,chembl/target,pref_name,bronze_fixture,Dihydrofolate reductase,1,Dihydrofolate reductase,normalized_field,tests/fixtures/bronze/chembl/target/sample_ci_2026-04-24.jsonl
chembl_target,chembl/target,pref_name,bronze_fixture,Dihydropteroate synthase,1,Dihydropteroate synthase,normalized_field,tests/fixtures/bronze/chembl/target/sample_ci_2026-04-24.jsonl
chembl_target,chembl/target,pref_name,bronze_fixture,Dual specificity protein kinase CLK1,1,Dual specificity protein kinase CLK1,normalized_field,tests/fixtures/bronze/chembl/target/sample_ci_2026-04-24.jsonl
chembl_target,chembl/target,pref_name,bronze_fixture,Dual specificity protein kinase CLK2,1,Dual specificity protein kinase CLK2,normalized_field,tests/fixtures/bronze/chembl/target/sample_ci_2026-04-24.jsonl
chembl_target,chembl/target,pref_name,bronze_fixture,Dual specificity protein kinase CLK3,1,Dual specificity protein kinase CLK3,normalized_field,tests/fixtures/bronze/chembl/target/sample_ci_2026-04-24.jsonl
chembl_target,chembl/target,pref_name,bronze_fixture,Dual specificity protein kinase CLK4,1,Dual specificity protein kinase CLK4,normalized_field,tests/fixtures/bronze/chembl/target/sample_ci_2026-04-24.jsonl
chembl_target,chembl/target,pref_name,bronze_fixture,Enoyl-(Acyl-carrier-protein) reductase,1,Enoyl-(Acyl-carrier-protein) reductase,normalized_field,tests/fixtures/bronze/chembl/target/sample_ci_2026-04-24.jsonl
chembl_target,chembl/target,pref_name,bronze_fixture,"Indoleamine 2,3-dioxygenase 1",1,"Indoleamine 2,3-dioxygenase 1",normalized_field,tests/fixtures/bronze/chembl/target/sample_ci_2026-04-24.jsonl
chembl_target,chembl/target,pref_name,bronze_fixture,Melanin-concentrating hormone receptor 1,1,Melanin-concentrating hormone receptor 1,normalized_field,tests/fixtures/bronze/chembl/target/sample_ci_2026-04-24.jsonl
chembl_target,chembl/target,pref_name,bronze_fixture,Potassium voltage-gated channel subfamily B member 1,1,Potassium voltage-gated channel subfamily B member 1,normalized_field,tests/fixtures/bronze/chembl/target/sample_ci_2026-04-24.jsonl
chembl_target,chembl/target,pref_name,bronze_fixture,Sodium/glucose cotransporter 2,1,Sodium/glucose cotransporter 2,normalized_field,tests/fixtures/bronze/chembl/target/sample_ci_2026-04-24.jsonl
chembl_target,chembl/target,pref_name,bronze_fixture,"Tryptophan 2,3-dioxygenase",1,"Tryptophan 2,3-dioxygenase",normalized_field,tests/fixtures/bronze/chembl/target/sample_ci_2026-04-24.jsonl
chembl_target,chembl/target,pref_name,bronze_fixture,Xanthine dehydrogenase/oxidase,1,Xanthine dehydrogenase/oxidase,normalized_field,tests/fixtures/bronze/chembl/target/sample_ci_2026-04-24.jsonl
chembl_target,chembl/target,species_group_flag,bronze_fixture,false,20,false,normalized_field,tests/fixtures/bronze/chembl/target/sample_ci_2026-04-24.jsonl
chembl_target,chembl/target,target_components,bronze_fixture,"[{""accession"": ""O35491"", ""component_description"": ""Dual specificity protein kinase CLK2"", ""component_id"": 4674, ""component_type"": ""PROTEIN"", ""relationship"": ""SINGLE PROTEIN"", ""target_component_synonyms"": [{""component_synonym"": ""Clk2"", ""syn_type"": ""GENE_SYMBOL""}, {""component_synonym"": ""Dual specificity protein kinase CLK2"", ""syn_type"": ""UNIPROT""}, {""component_synonym"": ""CDC-like kinase 2"", ""syn_type"": ""UNIPROT""}, {""component_synonym"": ""2.7.12.1"", ""syn_type"": ""EC_NUMBER""}], ""target_component_xrefs"": [{""xref_id"": ""GO:0005524"", ""xref_name"": ""ATP binding"", ""xref_src_db"": ""GoFunction""}, {""xref_id"": ""GO:0006468"", ""xref_name"": ""protein phosphorylation"", ""xref_src_db"": ""GoProcess""}, {""xref_id"": ""GO:0045721"", ""xref_name"": ""negative regulation of gluconeogenesis"", ""xref_src_db"": ""GoProcess""}, {""xref_id"": ""GO:0046777"", ""xref_name"": ""protein autophosphorylation"", ""xref_src_db"": ""GoProcess""}, {""xref_id"": ""GO:0005634"", ""xref_name"": ""nucleus"", ""xref_src_db"": ""GoComponent""}, {""xref_id"": ""GO:0016607"", ""xref_name"": ""nuclear speck"", ""xref_src_db"": ""GoComponent""}, {""xref_id"": ""E9Q721"", ""xref_name"": ""Dual specificity protein kinase CLK2"", ""xref_src_db"": ""UniProt""}, {""xref_id"": ""O35491"", ""xref_name"": ""Dual specificity protein kinase CLK2"", ""xref_src_db"": ""UniProt""}, {""xref_id"": ""O35491"", ""xref_name"": null, ""xref_src_db"": ""AlphaFoldDB""}, {""xref_id"": ""O35491"", ""xref_name"": null, ""xref_src_db"": ""ExpressionAtlas""}, {""xref_id"": ""IPR051175"", ""xref_name"": ""CLK_kinases"", ""xref_src_db"": ""InterPro""}, {""xref_id"": ""IPR011009"", ""xref_name"": ""Kinase-like_dom_sf"", ""xref_src_db"": ""InterPro""}, {""xref_id"": ""IPR000719"", ""xref_name"": ""Prot_kinase_dom"", ""xref_src_db"": ""InterPro""}, {""xref_id"": ""IPR017441"", ""xref_name"": ""Protein_kinase_ATP_BS"", ""xref_src_db"": ""InterPro""}, {""xref_id"": ""IPR008271"", ""xref_name"": ""Ser/Thr_kinase_AS"", ""xref_src_db"": ""InterPro""}, {""xref_id"": ""PTHR45646:SF6"", ""xref_name"": ""DUAL SPECIFICITY PROTEIN KINASE CLK2"", ""xref_src_db"": ""PANTHER""}, {""xref_id"": ""PTHR45646"", ""xref_name"": ""SERINE/THREONINE-PROTEIN KINASE DOA-RELATED"", ""xref_src_db"": ""PANTHER""}, {""xref_id"": ""PF00069"", ""xref_name"": ""Pkinase"", ""xref_src_db"": ""Pfam""}]}]",1,"[{""accession"": ""O35491"", ""component_description"": ""Dual specificity protein kinase CLK2"", ""component_id"": 4674, ""component_type"": ""PROTEIN"", ""relationship"": ""SINGLE PROTEIN"", ""target_component_synonyms"": [{""component_synonym"": ""Clk2"", ""syn_type"": ""GENE_SYMBOL""}, {""component_synonym"": ""Dual specificity protein kinase CLK2"", ""syn_type"": ""UNIPROT""}, {""component_synonym"": ""CDC-like kinase 2"", ""syn_type"": ""UNIPROT""}, {""component_synonym"": ""2.7.12.1"", ""syn_type"": ""EC_NUMBER""}], ""target_component_xrefs"": [{""xref_id"": ""GO:0005524"", ""xref_name"": ""ATP binding"", ""xref_src_db"": ""GoFunction""}, {""xref_id"": ""GO:0006468"", ""xref_name"": ""protein phosphorylation"", ""xref_src_db"": ""GoProcess""}, {""xref_id"": ""GO:0045721"", ""xref_name"": ""negative regulation of gluconeogenesis"", ""xref_src_db"": ""GoProcess""}, {""xref_id"": ""GO:0046777"", ""xref_name"": ""protein autophosphorylation"", ""xref_src_db"": ""GoProcess""}, {""xref_id"": ""GO:0005634"", ""xref_name"": ""nucleus"", ""xref_src_db"": ""GoComponent""}, {""xref_id"": ""GO:0016607"", ""xref_name"": ""nuclear speck"", ""xref_src_db"": ""GoComponent""}, {""xref_id"": ""E9Q721"", ""xref_name"": ""Dual specificity protein kinase CLK2"", ""xref_src_db"": ""UniProt""}, {""xref_id"": ""O35491"", ""xref_name"": ""Dual specificity protein kinase CLK2"", ""xref_src_db"": ""UniProt""}, {""xref_id"": ""O35491"", ""xref_name"": null, ""xref_src_db"": ""AlphaFoldDB""}, {""xref_id"": ""O35491"", ""xref_name"": null, ""xref_src_db"": ""ExpressionAtlas""}, {""xref_id"": ""IPR051175"", ""xref_name"": ""CLK_kinases"", ""xref_src_db"": ""InterPro""}, {""xref_id"": ""IPR011009"", ""xref_name"": ""Kinase-like_dom_sf"", ""xref_src_db"": ""InterPro""}, {""xref_id"": ""IPR000719"", ""xref_name"": ""Prot_kinase_dom"", ""xref_src_db"": ""InterPro""}, {""xref_id"": ""IPR017441"", ""xref_name"": ""Protein_kinase_ATP_BS"", ""xref_src_db"": ""InterPro""}, {""xref_id"": ""IPR008271"", ""xref_name"": ""Ser/Thr_kinase_AS"", ""xref_src_db"": ""InterPro""}, {""xref_id"": ""PTHR45646:SF6"", ""xref_name"": ""DUAL SPECIFICITY PROTEIN KINASE CLK2"", ""xref_src_db"": ""PANTHER""}, {""xref_id"": ""PTHR45646"", ""xref_name"": ""SERINE/THREONINE-PROTEIN KINASE DOA-RELATED"", ""xref_src_db"": ""PANTHER""}, {""xref_id"": ""PF00069"", ""xref_name"": ""Pkinase"", ""xref_src_db"": ""Pfam""}]}]",normalized_field,tests/fixtures/bronze/chembl/target/sample_ci_2026-04-24.jsonl
chembl_target,chembl/target,target_components,bronze_fixture,"[{""accession"": ""O35492"", ""component_description"": ""Dual specificity protein kinase CLK3"", ""component_id"": 4675, ""component_type"": ""PROTEIN"", ""relationship"": ""SINGLE PROTEIN"", ""target_component_synonyms"": [{""component_synonym"": ""Clk3"", ""syn_type"": ""GENE_SYMBOL""}, {""component_synonym"": ""Dual specificity protein kinase CLK3"", ""syn_type"": ""UNIPROT""}, {""component_synonym"": ""CDC-like kinase 3"", ""syn_type"": ""UNIPROT""}, {""component_synonym"": ""2.7.12.1"", ""syn_type"": ""EC_NUMBER""}], ""target_component_xrefs"": [{""xref_id"": ""GO:0005524"", ""xref_name"": ""ATP binding"", ""xref_src_db"": ""GoFunction""}, {""xref_id"": ""GO:0006468"", ""xref_name"": ""protein phosphorylation"", ""xref_src_db"": ""GoProcess""}, {""xref_id"": ""GO:0005634"", ""xref_name"": ""nucleus"", ""xref_src_db"": ""GoComponent""}, {""xref_id"": ""GO:0005737"", ""xref_name"": ""cytoplasm"", ""xref_src_db"": ""GoComponent""}, {""xref_id"": ""Q3TJU0"", ""xref_name"": ""Dual specificity protein kinase CLK3"", ""xref_src_db"": ""UniProt""}, {""xref_id"": ""Q3UIF5"", ""xref_name"": ""Dual specificity protein kinase CLK3"", ""xref_src_db"": ""UniProt""}, {""xref_id"": ""Q3V463"", ""xref_name"": ""Dual specificity protein kinase CLK3"", ""xref_src_db"": ""UniProt""}, {""xref_id"": ""Q5U4I1"", ""xref_name"": ""Dual specificity protein kinase CLK3"", ""xref_src_db"": ""UniProt""}, {""xref_id"": ""Q8C1V1"", ""xref_name"": ""Dual specificity protein kinase CLK3"", ""xref_src_db"": ""UniProt""}, {""xref_id"": ""O35492"", ""xref_name"": ""Dual specificity protein kinase CLK3"", ""xref_src_db"": ""UniProt""}, {""xref_id"": ""O35492"", ""xref_name"": null, ""xref_src_db"": ""AlphaFoldDB""}, {""xref_id"": ""O35492"", ""xref_name"": null, ""xref_src_db"": ""IntAct""}, {""xref_id"": ""O35492"", ""xref_name"": null, ""xref_src_db"": ""ExpressionAtlas""}, {""xref_id"": ""IPR051175"", ""xref_name"": ""CLK_kinases"", ""xref_src_db"": ""InterPro""}, {""xref_id"": ""IPR011009"", ""xref_name"": ""Kinase-like_dom_sf"", ""xref_src_db"": ""InterPro""}, {""xref_id"": ""IPR000719"", ""xref_name"": ""Prot_kinase_dom"", ""xref_src_db"": ""InterPro""}, {""xref_id"": ""IPR017441"", ""xref_name"": ""Protein_kinase_ATP_BS"", ""xref_src_db"": ""InterPro""}, {""xref_id"": ""IPR008271"", ""xref_name"": ""Ser/Thr_kinase_AS"", ""xref_src_db"": ""InterPro""}, {""xref_id"": ""PTHR45646:SF10"", ""xref_name"": ""DUAL SPECIFICITY PROTEIN KINASE CLK3"", ""xref_src_db"": ""PANTHER""}, {""xref_id"": ""PTHR45646"", ""xref_name"": ""SERINE/THREONINE-PROTEIN KINASE DOA-RELATED"", ""xref_src_db"": ""PANTHER""}, {""xref_id"": ""PF00069"", ""xref_name"": ""Pkinase"", ""xref_src_db"": ""Pfam""}]}]",1,"[{""accession"": ""O35492"", ""component_description"": ""Dual specificity protein kinase CLK3"", ""component_id"": 4675, ""component_type"": ""PROTEIN"", ""relationship"": ""SINGLE PROTEIN"", ""target_component_synonyms"": [{""component_synonym"": ""Clk3"", ""syn_type"": ""GENE_SYMBOL""}, {""component_synonym"": ""Dual specificity protein kinase CLK3"", ""syn_type"": ""UNIPROT""}, {""component_synonym"": ""CDC-like kinase 3"", ""syn_type"": ""UNIPROT""}, {""component_synonym"": ""2.7.12.1"", ""syn_type"": ""EC_NUMBER""}], ""target_component_xrefs"": [{""xref_id"": ""GO:0005524"", ""xref_name"": ""ATP binding"", ""xref_src_db"": ""GoFunction""}, {""xref_id"": ""GO:0006468"", ""xref_name"": ""protein phosphorylation"", ""xref_src_db"": ""GoProcess""}, {""xref_id"": ""GO:0005634"", ""xref_name"": ""nucleus"", ""xref_src_db"": ""GoComponent""}, {""xref_id"": ""GO:0005737"", ""xref_name"": ""cytoplasm"", ""xref_src_db"": ""GoComponent""}, {""xref_id"": ""Q3TJU0"", ""xref_name"": ""Dual specificity protein kinase CLK3"", ""xref_src_db"": ""UniProt""}, {""xref_id"": ""Q3UIF5"", ""xref_name"": ""Dual specificity protein kinase CLK3"", ""xref_src_db"": ""UniProt""}, {""xref_id"": ""Q3V463"", ""xref_name"": ""Dual specificity protein kinase CLK3"", ""xref_src_db"": ""UniProt""}, {""xref_id"": ""Q5U4I1"", ""xref_name"": ""Dual specificity protein kinase CLK3"", ""xref_src_db"": ""UniProt""}, {""xref_id"": ""Q8C1V1"", ""xref_name"": ""Dual specificity protein kinase CLK3"", ""xref_src_db"": ""UniProt""}, {""xref_id"": ""O35492"", ""xref_name"": ""Dual specificity protein kinase CLK3"", ""xref_src_db"": ""UniProt""}, {""xref_id"": ""O35492"", ""xref_name"": null, ""xref_src_db"": ""AlphaFoldDB""}, {""xref_id"": ""O35492"", ""xref_name"": null, ""xref_src_db"": ""IntAct""}, {""xref_id"": ""O35492"", ""xref_name"": null, ""xref_src_db"": ""ExpressionAtlas""}, {""xref_id"": ""IPR051175"", ""xref_name"": ""CLK_kinases"", ""xref_src_db"": ""InterPro""}, {""xref_id"": ""IPR011009"", ""xref_name"": ""Kinase-like_dom_sf"", ""xref_src_db"": ""InterPro""}, {""xref_id"": ""IPR000719"", ""xref_name"": ""Prot_kinase_dom"", ""xref_src_db"": ""InterPro""}, {""xref_id"": ""IPR017441"", ""xref_name"": ""Protein_kinase_ATP_BS"", ""xref_src_db"": ""InterPro""}, {""xref_id"": ""IPR008271"", ""xref_name"": ""Ser/Thr_kinase_AS"", ""xref_src_db"": ""InterPro""}, {""xref_id"": ""PTHR45646:SF10"", ""xref_name"": ""DUAL SPECIFICITY PROTEIN KINASE CLK3"", ""xref_src_db"": ""PANTHER""}, {""xref_id"": ""PTHR45646"", ""xref_name"": ""SERINE/THREONINE-PROTEIN KINASE DOA-RELATED"", ""xref_src_db"": ""PANTHER""}, {""xref_id"": ""PF00069"", ""xref_name"": ""Pkinase"", ""xref_src_db"": ""Pfam""}]}]",normalized_field,tests/fixtures/bronze/chembl/target/sample_ci_2026-04-24.jsonl
chembl_target,chembl/target,target_components,bronze_fixture,"[{""accession"": ""O35493"", ""component_description"": ""Dual specificity protein kinase CLK4"", ""component_id"": 4676, ""component_type"": ""PROTEIN"", ""relationship"": ""SINGLE PROTEIN"", ""target_component_synonyms"": [{""component_synonym"": ""Clk4"", ""syn_type"": ""GENE_SYMBOL""}, {""component_synonym"": ""Dual specificity protein kinase CLK4"", ""syn_type"": ""UNIPROT""}, {""component_synonym"": ""CDC-like kinase 4"", ""syn_type"": ""UNIPROT""}, {""component_synonym"": ""2.7.12.1"", ""syn_type"": ""EC_NUMBER""}], ""target_component_xrefs"": [{""xref_id"": ""GO:0005524"", ""xref_name"": ""ATP binding"", ""xref_src_db"": ""GoFunction""}, {""xref_id"": ""GO:0005634"", ""xref_name"": ""nucleus"", ""xref_src_db"": ""GoComponent""}, {""xref_id"": ""O35721"", ""xref_name"": ""Dual specificity protein kinase CLK4"", ""xref_src_db"": ""UniProt""}, {""xref_id"": ""Q8CEU9"", ""xref_name"": ""Dual specificity protein kinase CLK4"", ""xref_src_db"": ""UniProt""}, {""xref_id"": ""Q99LU6"", ""xref_name"": ""Dual specificity protein kinase CLK4"", ""xref_src_db"": ""UniProt""}, {""xref_id"": ""O35493"", ""xref_name"": ""Dual specificity protein kinase CLK4"", ""xref_src_db"": ""UniProt""}, {""xref_id"": ""O35493"", ""xref_name"": null, ""xref_src_db"": ""AlphaFoldDB""}, {""xref_id"": ""O35493"", ""xref_name"": null, ""xref_src_db"": ""IntAct""}, {""xref_id"": ""O35493"", ""xref_name"": null, ""xref_src_db"": ""ExpressionAtlas""}, {""xref_id"": ""IPR051175"", ""xref_name"": ""CLK_kinases"", ""xref_src_db"": ""InterPro""}, {""xref_id"": ""IPR011009"", ""xref_name"": ""Kinase-like_dom_sf"", ""xref_src_db"": ""InterPro""}, {""xref_id"": ""IPR000719"", ""xref_name"": ""Prot_kinase_dom"", ""xref_src_db"": ""InterPro""}, {""xref_id"": ""IPR017441"", ""xref_name"": ""Protein_kinase_ATP_BS"", ""xref_src_db"": ""InterPro""}, {""xref_id"": ""IPR008271"", ""xref_name"": ""Ser/Thr_kinase_AS"", ""xref_src_db"": ""InterPro""}, {""xref_id"": ""PTHR45646:SF1"", ""xref_name"": ""DUAL SPECIFICITY PROTEIN KINASE CLK4"", ""xref_src_db"": ""PANTHER""}, {""xref_id"": ""PTHR45646"", ""xref_name"": ""SERINE/THREONINE-PROTEIN KINASE DOA-RELATED"", ""xref_src_db"": ""PANTHER""}, {""xref_id"": ""PF00069"", ""xref_name"": ""Pkinase"", ""xref_src_db"": ""Pfam""}]}]",1,"[{""accession"": ""O35493"", ""component_description"": ""Dual specificity protein kinase CLK4"", ""component_id"": 4676, ""component_type"": ""PROTEIN"", ""relationship"": ""SINGLE PROTEIN"", ""target_component_synonyms"": [{""component_synonym"": ""Clk4"", ""syn_type"": ""GENE_SYMBOL""}, {""component_synonym"": ""Dual specificity protein kinase CLK4"", ""syn_type"": ""UNIPROT""}, {""component_synonym"": ""CDC-like kinase 4"", ""syn_type"": ""UNIPROT""}, {""component_synonym"": ""2.7.12.1"", ""syn_type"": ""EC_NUMBER""}], ""target_component_xrefs"": [{""xref_id"": ""GO:0005524"", ""xref_name"": ""ATP binding"", ""xref_src_db"": ""GoFunction""}, {""xref_id"": ""GO:0005634"", ""xref_name"": ""nucleus"", ""xref_src_db"": ""GoComponent""}, {""xref_id"": ""O35721"", ""xref_name"": ""Dual specificity protein kinase CLK4"", ""xref_src_db"": ""UniProt""}, {""xref_id"": ""Q8CEU9"", ""xref_name"": ""Dual specificity protein kinase CLK4"", ""xref_src_db"": ""UniProt""}, {""xref_id"": ""Q99LU6"", ""xref_name"": ""Dual specificity protein kinase CLK4"", ""xref_src_db"": ""UniProt""}, {""xref_id"": ""O35493"", ""xref_name"": ""Dual specificity protein kinase CLK4"", ""xref_src_db"": ""UniProt""}, {""xref_id"": ""O35493"", ""xref_name"": null, ""xref_src_db"": ""AlphaFoldDB""}, {""xref_id"": ""O35493"", ""xref_name"": null, ""xref_src_db"": ""IntAct""}, {""xref_id"": ""O35493"", ""xref_name"": null, ""xref_src_db"": ""ExpressionAtlas""}, {""xref_id"": ""IPR051175"", ""xref_name"": ""CLK_kinases"", ""xref_src_db"": ""InterPro""}, {""xref_id"": ""IPR011009"", ""xref_name"": ""Kinase-like_dom_sf"", ""xref_src_db"": ""InterPro""}, {""xref_id"": ""IPR000719"", ""xref_name"": ""Prot_kinase_dom"", ""xref_src_db"": ""InterPro""}, {""xref_id"": ""IPR017441"", ""xref_name"": ""Protein_kinase_ATP_BS"", ""xref_src_db"": ""InterPro""}, {""xref_id"": ""IPR008271"", ""xref_name"": ""Ser/Thr_kinase_AS"", ""xref_src_db"": ""InterPro""}, {""xref_id"": ""PTHR45646:SF1"", ""xref_name"": ""DUAL SPECIFICITY PROTEIN KINASE CLK4"", ""xref_src_db"": ""PANTHER""}, {""xref_id"": ""PTHR45646"", ""xref_name"": ""SERINE/THREONINE-PROTEIN KINASE DOA-RELATED"", ""xref_src_db"": ""PANTHER""}, {""xref_id"": ""PF00069"", ""xref_name"": ""Pkinase"", ""xref_src_db"": ""Pfam""}]}]",normalized_field,tests/fixtures/bronze/chembl/target/sample_ci_2026-04-24.jsonl
chembl_target,chembl/target,target_components,bronze_fixture,"[{""accession"": ""O70126"", ""component_description"": ""Aurora kinase B"", ""component_id"": 4625, ""component_type"": ""PROTEIN"", ""relationship"": ""SINGLE PROTEIN"", ""target_component_synonyms"": [{""component_synonym"": ""Aik2"", ""syn_type"": ""GENE_SYMBOL_OTHER""}, {""component_synonym"": ""Aim1"", ""syn_type"": ""GENE_SYMBOL_OTHER""}, {""component_synonym"": ""Airk2"", ""syn_type"": ""GENE_SYMBOL_OTHER""}, {""component_synonym"": ""Ark2"", ""syn_type"": ""GENE_SYMBOL_OTHER""}, {""component_synonym"": ""Stk1"", ""syn_type"": ""GENE_SYMBOL_OTHER""}, {""component_synonym"": ""Stk12"", ""syn_type"": ""GENE_SYMBOL_OTHER""}, {""component_synonym"": ""Stk5"", ""syn_type"": ""GENE_SYMBOL_OTHER""}, {""component_synonym"": ""Synonyms=Aik2"", ""syn_type"": ""GENE_SYMBOL_OTHER""}, {""component_synonym"": ""Stk1 GN  "", ""syn_type"": ""GENE_SYMBOL_OTHER""}, {""component_synonym"": ""Aurkb"", ""syn_type"": ""GENE_SYMBOL""}, {""component_synonym"": ""Aurora kinase B"", ""syn_type"": ""UNIPROT""}, {""component_synonym"": ""Aurora 1"", ""syn_type"": ""UNIPROT""}, {""component_synonym"": ""Aurora- and IPL1-like midbody-associated protein 1"", ""syn_type"": ""UNIPROT""}, {""component_synonym"": ""Aurora/IPL1-related kinase 2"", ""syn_type"": ""UNIPROT""}, {""component_synonym"": ""STK-1"", ""syn_type"": ""UNIPROT""}, {""component_synonym"": ""Serine/threonine-protein kinase 12"", ""syn_type"": ""UNIPROT""}, {""component_synonym"": ""Serine/threonine-protein kinase 5"", ""syn_type"": ""UNIPROT""}, {""component_synonym"": ""Serine/threonine-protein kinase aurora-B"", ""syn_type"": ""UNIPROT""}, {""component_synonym"": ""ARK-2"", ""syn_type"": ""UNIPROT""}, {""component_synonym"": ""Aurora-related kinase 2"", ""syn_type"": ""UNIPROT""}, {""component_synonym"": ""2.7.11.1"", ""syn_type"": ""EC_NUMBER""}], ""target_component_xrefs"": [{""xref_id"": ""GO:0005515"", ""xref_name"": ""protein binding"", ""xref_src_db"": ""GoFunction""}, {""xref_id"": ""GO:0005524"", ""xref_name"": ""ATP binding"", ""xref_src_db"": ""GoFunction""}, {""xref_id"": ""GO:0019900"", ""xref_name"": ""kinase binding"", ""xref_src_db"": ""GoFunction""}, {""xref_id"": ""GO:0000122"", ""xref_name"": ""negative regulation of transcription by RNA polymerase II"", ""xref_src_db"": ""GoProcess""}, {""xref_id"": ""GO:0000278"", ""xref_name"": ""mitotic cell cycle"", ""xref_src_db"": ""GoProcess""}, {""xref_id"": ""GO:0000281"", ""xref_name"": ""mitotic cytokinesis"", ""xref_src_db"": ""GoProcess""}, {""xref_id"": ""GO:0002903"", ""xref_name"": ""negative regulation of B cell apoptotic process"", ""xref_src_db"": ""GoProcess""}, {""xref_id"": ""GO:0007051"", ""xref_name"": ""spindle organization"", ""xref_src_db"": ""GoProcess""}, {""xref_id"": ""GO:0007052"", ""xref_name"": ""mitotic spindle organization"", ""xref_src_db"": ""GoProcess""}, {""xref_id"": ""GO:0031117"", ""xref_name"": ""positive regulation of microtubule depolymerization"", ""xref_src_db"": ""GoProcess""}, {""xref_id"": ""GO:0032206"", ""xref_name"": ""positive regulation of telomere maintenance"", ""xref_src_db"": ""GoProcess""}, {""xref_id"": ""GO:0032466"", ""xref_name"": ""negative regulation of cytokinesis"", ""xref_src_db"": ""GoProcess""}, {""xref_id"": ""GO:0032467"", ""xref_name"": ""positive regulation of cytokinesis"", ""xref_src_db"": ""GoProcess""}, {""xref_id"": ""GO:0034501"", ""xref_name"": ""protein localization to kinetochore"", ""xref_src_db"": ""GoProcess""}, {""xref_id"": ""GO:0034644"", ""xref_name"": ""cellular response to UV"", ""xref_src_db"": ""GoProcess""}, {""xref_id"": ""GO:0036089"", ""xref_name"": ""cleavage furrow formation"", ""xref_src_db"": ""GoProcess""}, {""xref_id"": ""GO:0044839"", ""xref_name"": ""cell cycle G2/M phase transition"", ""xref_src_db"": ""GoProcess""}, {""xref_id"": ""GO:0044878"", ""xref_name"": ""mitotic cytokinesis checkpoint signaling"", ""xref_src_db"": ""GoProcess""}, {""xref_id"": ""GO:0045824"", ""xref_name"": ""negative regulation of innate immune response"", ""xref_src_db"": ""GoProcess""}, {""xref_id"": ""GO:0051256"", ""xref_name"": ""mitotic spindle midzone assembly"", ""xref_src_db"": ""GoProcess""}, {""xref_id"": ""GO:0051301"", ""xref_name"": ""cell division"", ""xref_src_db"": ""GoProcess""}, {""xref_id"": ""GO:0061952"", ""xref_name"": ""midbody abscission"", ""xref_src_db"": ""GoProcess""}, {""xref_id"": ""GO:0062033"", ""xref_name"": ""positive regulation of mitotic sister chromatid segregation"", ""xref_src_db"": ""GoProcess""}, {""xref_id"": ""GO:0090267"", ""xref_name"": ""positive regulation of mitotic cell cycle spindle assembly checkpoint"", ""xref_src_db"": ""GoProcess""}, {""xref_id"": ""GO:0140273"", ""xref_name"": ""repair of mitotic kinetochore microtubule attachment defect"", ""xref_src_db"": ""GoProcess""}, {""xref_id"": ""GO:0160049"", ""xref_name"": ""negative regulation of cGAS/STING signaling pathway"", ""xref_src_db"": ""GoProcess""}, {""xref_id"": ""GO:1901970"", ""xref_name"": ""positive regulation of mitotic sister chromatid separation"", ""xref_src_db"": ""GoProcess""}, {""xref_id"": ""GO:1902425"", ""xref_name"": ""positive regulation of attachment of mitotic spindle microtubules to kinetochore"", ""xref_src_db"": ""GoProcess""}, {""xref_id"": ""GO:1903490"", ""xref_name"": ""positive regulation of mitotic cytokinesis"", ""xref_src_db"": ""GoProcess""}, {""xref_id"": ""GO:1905116"", ""xref_name"": ""positive regulation of lateral attachment of mitotic spindle microtubules to kinetochore"", ""xref_src_db"": ""GoProcess""}, {""xref_id"": ""GO:1990758"", ""xref_name"": ""mitotic sister chromatid biorientation"", ""xref_src_db"": ""GoProcess""}, {""xref_id"": ""GO:0000776"", ""xref_name"": ""kinetochore"", ""xref_src_db"": ""GoComponent""}, {""xref_id"": ""GO:0000775"", ""xref_name"": ""chromosome, centromeric region"", ""xref_src_db"": ""GoComponent""}, {""xref_id"": ""GO:0000779"", ""xref_name"": ""condensed chromosome, centromeric region"", ""xref_src_db"": ""GoComponent""}, {""xref_id"": ""GO:0005634"", ""xref_name"": ""nucleus"", ""xref_src_db"": ""GoComponent""}, {""xref_id"": ""GO:0005654"", ""xref_name"": ""nucleoplasm"", ""xref_src_db"": ""GoComponent""}, {""xref_id"": ""GO:0005694"", ""xref_name"": ""chromosome"", ""xref_src_db"": ""GoComponent""}, {""xref_id"": ""GO:0005737"", ""xref_name"": ""cytoplasm"", ""xref_src_db"": ""GoComponent""}, {""xref_id"": ""GO:0005856"", ""xref_name"": ""cytoskeleton"", ""xref_src_db"": ""GoComponent""}, {""xref_id"": ""GO:0015630"", ""xref_name"": ""microtubule cytoskeleton"", ""xref_src_db"": ""GoComponent""}, {""xref_id"": ""GO:0030496"", ""xref_name"": ""midbody"", ""xref_src_db"": ""GoComponent""}, {""xref_id"": ""GO:0097431"", ""xref_name"": ""mitotic spindle pole"", ""xref_src_db"": ""GoComponent""}, {""xref_id"": ""GO:1990023"", ""xref_name"": ""mitotic spindle midzone"", ""xref_src_db"": ""GoComponent""}, {""xref_id"": ""GO:0032133"", ""xref_name"": ""chromosome passenger complex"", ""xref_src_db"": ""GoComponent""}, {""xref_id"": ""Q61882"", ""xref_name"": ""Aurora kinase B"", ""xref_src_db"": ""UniProt""}, {""xref_id"": ""Q8C6C1"", ""xref_name"": ""Aurora kinase B"", ""xref_src_db"": ""UniProt""}, {""xref_id"": ""O70126"", ""xref_name"": ""Aurora kinase B"", ""xref_src_db"": ""UniProt""}, {""xref_id"": ""O70126"", ""xref_name"": null, ""xref_src_db"": ""AlphaFoldDB""}, {""xref_id"": ""O70126"", ""xref_name"": null, ""xref_src_db"": ""IntAct""}, {""xref_id"": ""R-MMU-141444"", ""xref_name"": ""Amplification of signal from unattached kinetochores via a MAD2 inhibitory signal"", ""xref_src_db"": ""Reactome""}, {""xref_id"": ""R-MMU-174178"", ""xref_name"": ""APC/C:Cdh1 mediated degradation of Cdc20 and other APC/C:Cdh1 targeted proteins in late mitosis/early G1"", ""xref_src_db"": ""Reactome""}, {""xref_id"": ""R-MMU-2467813"", ""xref_name"": ""Separation of Sister Chromatids"", ""xref_src_db"": ""Reactome""}, {""xref_id"": ""R-MMU-2500257"", ""xref_name"": ""Resolution of Sister Chromatid Cohesion"", ""xref_src_db"": ""Reactome""}, {""xref_id"": ""R-MMU-4615885"", ""xref_name"": ""SUMOylation of DNA replication proteins"", ""xref_src_db"": ""Reactome""}, {""xref_id"": ""R-MMU-5663220"", ""xref_name"": ""RHO GTPases Activate Formins"", ""xref_src_db"": ""Reactome""}, {""xref_id"": ""R-MMU-6804756"", ""xref_name"": ""Regulation of TP53 Activity through Phosphorylation"", ""xref_src_db"": ""Reactome""}, {""xref_id"": ""R-MMU-68877"", ""xref_name"": ""Mitotic Prometaphase"", ""xref_src_db"": ""Reactome""}, {""xref_id"": ""R-MMU-9648025"", ""xref_name"": ""EML4 and NUDC in mitotic spindle formation"", ""xref_src_db"": ""Reactome""}, {""xref_id"": ""IPR030616"", ""xref_name"": ""Aur-like"", ""xref_src_db"": ""InterPro""}, {""xref_id"": ""IPR011009"", ""xref_name"": ""Kinase-like_dom_sf"", ""xref_src_db"": ""InterPro""}, {""xref_id"": ""IPR000719"", ""xref_name"": ""Prot_kinase_dom"", ""xref_src_db"": ""InterPro""}, {""xref_id"": ""IPR017441"", ""xref_name"": ""Protein_kinase_ATP_BS"", ""xref_src_db"": ""InterPro""}, {""xref_id"": ""IPR008271"", ""xref_name"": ""Ser/Thr_kinase_AS"", ""xref_src_db"": ""InterPro""}, {""xref_id"": ""PTHR24350"", ""xref_name"": ""SERINE/THREONINE-PROTEIN KINASE IAL-RELATED"", ""xref_src_db"": ""PANTHER""}, {""xref_id"": ""PF00069"", ""xref_name"": ""Pkinase"", ""xref_src_db"": ""Pfam""}]}]",1,"[{""accession"": ""O70126"", ""component_description"": ""Aurora kinase B"", ""component_id"": 4625, ""component_type"": ""PROTEIN"", ""relationship"": ""SINGLE PROTEIN"", ""target_component_synonyms"": [{""component_synonym"": ""Aik2"", ""syn_type"": ""GENE_SYMBOL_OTHER""}, {""component_synonym"": ""Aim1"", ""syn_type"": ""GENE_SYMBOL_OTHER""}, {""component_synonym"": ""Airk2"", ""syn_type"": ""GENE_SYMBOL_OTHER""}, {""component_synonym"": ""Ark2"", ""syn_type"": ""GENE_SYMBOL_OTHER""}, {""component_synonym"": ""Stk1"", ""syn_type"": ""GENE_SYMBOL_OTHER""}, {""component_synonym"": ""Stk12"", ""syn_type"": ""GENE_SYMBOL_OTHER""}, {""component_synonym"": ""Stk5"", ""syn_type"": ""GENE_SYMBOL_OTHER""}, {""component_synonym"": ""Synonyms=Aik2"", ""syn_type"": ""GENE_SYMBOL_OTHER""}, {""component_synonym"": ""Stk1 GN  "", ""syn_type"": ""GENE_SYMBOL_OTHER""}, {""component_synonym"": ""Aurkb"", ""syn_type"": ""GENE_SYMBOL""}, {""component_synonym"": ""Aurora kinase B"", ""syn_type"": ""UNIPROT""}, {""component_synonym"": ""Aurora 1"", ""syn_type"": ""UNIPROT""}, {""component_synonym"": ""Aurora- and IPL1-like midbody-associated protein 1"", ""syn_type"": ""UNIPROT""}, {""component_synonym"": ""Aurora/IPL1-related kinase 2"", ""syn_type"": ""UNIPROT""}, {""component_synonym"": ""STK-1"", ""syn_type"": ""UNIPROT""}, {""component_synonym"": ""Serine/threonine-protein kinase 12"", ""syn_type"": ""UNIPROT""}, {""component_synonym"": ""Serine/threonine-protein kinase 5"", ""syn_type"": ""UNIPROT""}, {""component_synonym"": ""Serine/threonine-protein kinase aurora-B"", ""syn_type"": ""UNIPROT""}, {""component_synonym"": ""ARK-2"", ""syn_type"": ""UNIPROT""}, {""component_synonym"": ""Aurora-related kinase 2"", ""syn_type"": ""UNIPROT""}, {""component_synonym"": ""2.7.11.1"", ""syn_type"": ""EC_NUMBER""}], ""target_component_xrefs"": [{""xref_id"": ""GO:0005515"", ""xref_name"": ""protein binding"", ""xref_src_db"": ""GoFunction""}, {""xref_id"": ""GO:0005524"", ""xref_name"": ""ATP binding"", ""xref_src_db"": ""GoFunction""}, {""xref_id"": ""GO:0019900"", ""xref_name"": ""kinase binding"", ""xref_src_db"": ""GoFunction""}, {""xref_id"": ""GO:0000122"", ""xref_name"": ""negative regulation of transcription by RNA polymerase II"", ""xref_src_db"": ""GoProcess""}, {""xref_id"": ""GO:0000278"", ""xref_name"": ""mitotic cell cycle"", ""xref_src_db"": ""GoProcess""}, {""xref_id"": ""GO:0000281"", ""xref_name"": ""mitotic cytokinesis"", ""xref_src_db"": ""GoProcess""}, {""xref_id"": ""GO:0002903"", ""xref_name"": ""negative regulation of B cell apoptotic process"", ""xref_src_db"": ""GoProcess""}, {""xref_id"": ""GO:0007051"", ""xref_name"": ""spindle organization"", ""xref_src_db"": ""GoProcess""}, {""xref_id"": ""GO:0007052"", ""xref_name"": ""mitotic spindle organization"", ""xref_src_db"": ""GoProcess""}, {""xref_id"": ""GO:0031117"", ""xref_name"": ""positive regulation of microtubule depolymerization"", ""xref_src_db"": ""GoProcess""}, {""xref_id"": ""GO:0032206"", ""xref_name"": ""positive regulation of telomere maintenance"", ""xref_src_db"": ""GoProcess""}, {""xref_id"": ""GO:0032466"", ""xref_name"": ""negative regulation of cytokinesis"", ""xref_src_db"": ""GoProcess""}, {""xref_id"": ""GO:0032467"", ""xref_name"": ""positive regulation of cytokinesis"", ""xref_src_db"": ""GoProcess""}, {""xref_id"": ""GO:0034501"", ""xref_name"": ""protein localization to kinetochore"", ""xref_src_db"": ""GoProcess""}, {""xref_id"": ""GO:0034644"", ""xref_name"": ""cellular response to UV"", ""xref_src_db"": ""GoProcess""}, {""xref_id"": ""GO:0036089"", ""xref_name"": ""cleavage furrow formation"", ""xref_src_db"": ""GoProcess""}, {""xref_id"": ""GO:0044839"", ""xref_name"": ""cell cycle G2/M phase transition"", ""xref_src_db"": ""GoProcess""}, {""xref_id"": ""GO:0044878"", ""xref_name"": ""mitotic cytokinesis checkpoint signaling"", ""xref_src_db"": ""GoProcess""}, {""xref_id"": ""GO:0045824"", ""xref_name"": ""negative regulation of innate immune response"", ""xref_src_db"": ""GoProcess""}, {""xref_id"": ""GO:0051256"", ""xref_name"": ""mitotic spindle midzone assembly"", ""xref_src_db"": ""GoProcess""}, {""xref_id"": ""GO:0051301"", ""xref_name"": ""cell division"", ""xref_src_db"": ""GoProcess""}, {""xref_id"": ""GO:0061952"", ""xref_name"": ""midbody abscission"", ""xref_src_db"": ""GoProcess""}, {""xref_id"": ""GO:0062033"", ""xref_name"": ""positive regulation of mitotic sister chromatid segregation"", ""xref_src_db"": ""GoProcess""}, {""xref_id"": ""GO:0090267"", ""xref_name"": ""positive regulation of mitotic cell cycle spindle assembly checkpoint"", ""xref_src_db"": ""GoProcess""}, {""xref_id"": ""GO:0140273"", ""xref_name"": ""repair of mitotic kinetochore microtubule attachment defect"", ""xref_src_db"": ""GoProcess""}, {""xref_id"": ""GO:0160049"", ""xref_name"": ""negative regulation of cGAS/STING signaling pathway"", ""xref_src_db"": ""GoProcess""}, {""xref_id"": ""GO:1901970"", ""xref_name"": ""positive regulation of mitotic sister chromatid separation"", ""xref_src_db"": ""GoProcess""}, {""xref_id"": ""GO:1902425"", ""xref_name"": ""positive regulation of attachment of mitotic spindle microtubules to kinetochore"", ""xref_src_db"": ""GoProcess""}, {""xref_id"": ""GO:1903490"", ""xref_name"": ""positive regulation of mitotic cytokinesis"", ""xref_src_db"": ""GoProcess""}, {""xref_id"": ""GO:1905116"", ""xref_name"": ""positive regulation of lateral attachment of mitotic spindle microtubules to kinetochore"", ""xref_src_db"": ""GoProcess""}, {""xref_id"": ""GO:1990758"", ""xref_name"": ""mitotic sister chromatid biorientation"", ""xref_src_db"": ""GoProcess""}, {""xref_id"": ""GO:0000776"", ""xref_name"": ""kinetochore"", ""xref_src_db"": ""GoComponent""}, {""xref_id"": ""GO:0000775"", ""xref_name"": ""chromosome, centromeric region"", ""xref_src_db"": ""GoComponent""}, {""xref_id"": ""GO:0000779"", ""xref_name"": ""condensed chromosome, centromeric region"", ""xref_src_db"": ""GoComponent""}, {""xref_id"": ""GO:0005634"", ""xref_name"": ""nucleus"", ""xref_src_db"": ""GoComponent""}, {""xref_id"": ""GO:0005654"", ""xref_name"": ""nucleoplasm"", ""xref_src_db"": ""GoComponent""}, {""xref_id"": ""GO:0005694"", ""xref_name"": ""chromosome"", ""xref_src_db"": ""GoComponent""}, {""xref_id"": ""GO:0005737"", ""xref_name"": ""cytoplasm"", ""xref_src_db"": ""GoComponent""}, {""xref_id"": ""GO:0005856"", ""xref_name"": ""cytoskeleton"", ""xref_src_db"": ""GoComponent""}, {""xref_id"": ""GO:0015630"", ""xref_name"": ""microtubule cytoskeleton"", ""xref_src_db"": ""GoComponent""}, {""xref_id"": ""GO:0030496"", ""xref_name"": ""midbody"", ""xref_src_db"": ""GoComponent""}, {""xref_id"": ""GO:0097431"", ""xref_name"": ""mitotic spindle pole"", ""xref_src_db"": ""GoComponent""}, {""xref_id"": ""GO:1990023"", ""xref_name"": ""mitotic spindle midzone"", ""xref_src_db"": ""GoComponent""}, {""xref_id"": ""GO:0032133"", ""xref_name"": ""chromosome passenger complex"", ""xref_src_db"": ""GoComponent""}, {""xref_id"": ""Q61882"", ""xref_name"": ""Aurora kinase B"", ""xref_src_db"": ""UniProt""}, {""xref_id"": ""Q8C6C1"", ""xref_name"": ""Aurora kinase B"", ""xref_src_db"": ""UniProt""}, {""xref_id"": ""O70126"", ""xref_name"": ""Aurora kinase B"", ""xref_src_db"": ""UniProt""}, {""xref_id"": ""O70126"", ""xref_name"": null, ""xref_src_db"": ""AlphaFoldDB""}, {""xref_id"": ""O70126"", ""xref_name"": null, ""xref_src_db"": ""IntAct""}, {""xref_id"": ""R-MMU-141444"", ""xref_name"": ""Amplification of signal from unattached kinetochores via a MAD2 inhibitory signal"", ""xref_src_db"": ""Reactome""}, {""xref_id"": ""R-MMU-174178"", ""xref_name"": ""APC/C:Cdh1 mediated degradation of Cdc20 and other APC/C:Cdh1 targeted proteins in late mitosis/early G1"", ""xref_src_db"": ""Reactome""}, {""xref_id"": ""R-MMU-2467813"", ""xref_name"": ""Separation of Sister Chromatids"", ""xref_src_db"": ""Reactome""}, {""xref_id"": ""R-MMU-2500257"", ""xref_name"": ""Resolution of Sister Chromatid Cohesion"", ""xref_src_db"": ""Reactome""}, {""xref_id"": ""R-MMU-4615885"", ""xref_name"": ""SUMOylation of DNA replication proteins"", ""xref_src_db"": ""Reactome""}, {""xref_id"": ""R-MMU-5663220"", ""xref_name"": ""RHO GTPases Activate Formins"", ""xref_src_db"": ""Reactome""}, {""xref_id"": ""R-MMU-6804756"", ""xref_name"": ""Regulation of TP53 Activity through Phosphorylation"", ""xref_src_db"": ""Reactome""}, {""xref_id"": ""R-MMU-68877"", ""xref_name"": ""Mitotic Prometaphase"", ""xref_src_db"": ""Reactome""}, {""xref_id"": ""R-MMU-9648025"", ""xref_name"": ""EML4 and NUDC in mitotic spindle formation"", ""xref_src_db"": ""Reactome""}, {""xref_id"": ""IPR030616"", ""xref_name"": ""Aur-like"", ""xref_src_db"": ""InterPro""}, {""xref_id"": ""IPR011009"", ""xref_name"": ""Kinase-like_dom_sf"", ""xref_src_db"": ""InterPro""}, {""xref_id"": ""IPR000719"", ""xref_name"": ""Prot_kinase_dom"", ""xref_src_db"": ""InterPro""}, {""xref_id"": ""IPR017441"", ""xref_name"": ""Protein_kinase_ATP_BS"", ""xref_src_db"": ""InterPro""}, {""xref_id"": ""IPR008271"", ""xref_name"": ""Ser/Thr_kinase_AS"", ""xref_src_db"": ""InterPro""}, {""xref_id"": ""PTHR24350"", ""xref_name"": ""SERINE/THREONINE-PROTEIN KINASE IAL-RELATED"", ""xref_src_db"": ""PANTHER""}, {""xref_id"": ""PF00069"", ""xref_name"": ""Pkinase"", ""xref_src_db"": ""Pfam""}]}]",normalized_field,tests/fixtures/bronze/chembl/target/sample_ci_2026-04-24.jsonl
chembl_target,chembl/target,target_components,bronze_fixture,"[{""accession"": ""P00376"", ""component_description"": ""Dihydrofolate reductase"", ""component_id"": 4114, ""component_type"": ""PROTEIN"", ""relationship"": ""SINGLE PROTEIN"", ""target_component_synonyms"": [{""component_synonym"": ""DHFR"", ""syn_type"": ""GENE_SYMBOL""}, {""component_synonym"": ""Dihydrofolate reductase"", ""syn_type"": ""UNIPROT""}, {""component_synonym"": ""1.5.1.3"", ""syn_type"": ""EC_NUMBER""}], ""target_component_xrefs"": [{""xref_id"": ""GO:0003723"", ""xref_name"": ""RNA binding"", ""xref_src_db"": ""GoFunction""}, {""xref_id"": ""GO:0003729"", ""xref_name"": ""mRNA binding"", ""xref_src_db"": ""GoFunction""}, {""xref_id"": ""GO:0004146"", ""xref_name"": ""dihydrofolate reductase activity"", ""xref_src_db"": ""GoFunction""}, {""xref_id"": ""GO:0016491"", ""xref_name"": ""oxidoreductase activity"", ""xref_src_db"": ""GoFunction""}, {""xref_id"": ""GO:0050661"", ""xref_name"": ""NADP binding"", ""xref_src_db"": ""GoFunction""}, {""xref_id"": ""GO:0006730"", ""xref_name"": ""one-carbon metabolic process"", ""xref_src_db"": ""GoProcess""}, {""xref_id"": ""GO:0046452"", ""xref_name"": ""dihydrofolate metabolic process"", ""xref_src_db"": ""GoProcess""}, {""xref_id"": ""GO:0046653"", ""xref_name"": ""tetrahydrofolate metabolic process"", ""xref_src_db"": ""GoProcess""}, {""xref_id"": ""GO:0046654"", ""xref_name"": ""tetrahydrofolate biosynthetic process"", ""xref_src_db"": ""GoProcess""}, {""xref_id"": ""GO:0046655"", ""xref_name"": ""folic acid metabolic process"", ""xref_src_db"": ""GoProcess""}, {""xref_id"": ""GO:0005739"", ""xref_name"": ""mitochondrion"", ""xref_src_db"": ""GoComponent""}, {""xref_id"": ""GO:0005737"", ""xref_name"": ""cytoplasm"", ""xref_src_db"": ""GoComponent""}, {""xref_id"": ""Q29RI1"", ""xref_name"": ""Dihydrofolate reductase"", ""xref_src_db"": ""UniProt""}, {""xref_id"": ""P00376"", ""xref_name"": ""Dihydrofolate reductase"", ""xref_src_db"": ""UniProt""}, {""xref_id"": ""P00376"", ""xref_name"": null, ""xref_src_db"": ""AlphaFoldDB""}, {""xref_id"": ""IPR012259"", ""xref_name"": ""DHFR"", ""xref_src_db"": ""InterPro""}, {""xref_id"": ""IPR024072"", ""xref_name"": ""DHFR-like_dom_sf"", ""xref_src_db"": ""InterPro""}, {""xref_id"": ""IPR017925"", ""xref_name"": ""DHFR_CS"", ""xref_src_db"": ""InterPro""}, {""xref_id"": ""IPR001796"", ""xref_name"": ""DHFR_dom"", ""xref_src_db"": ""InterPro""}, {""xref_id"": ""PTHR48069"", ""xref_name"": ""DIHYDROFOLATE REDUCTASE"", ""xref_src_db"": ""PANTHER""}, {""xref_id"": ""PTHR48069:SF6"", ""xref_name"": ""DIHYDROFOLATE REDUCTASE"", ""xref_src_db"": ""PANTHER""}, {""xref_id"": ""PF00186"", ""xref_name"": ""DHFR_1"", ""xref_src_db"": ""Pfam""}, {""xref_id"": ""PA143"", ""xref_name"": ""dihydrofolate reductase"", ""xref_src_db"": ""PharmGKB""}]}]",1,"[{""accession"": ""P00376"", ""component_description"": ""Dihydrofolate reductase"", ""component_id"": 4114, ""component_type"": ""PROTEIN"", ""relationship"": ""SINGLE PROTEIN"", ""target_component_synonyms"": [{""component_synonym"": ""DHFR"", ""syn_type"": ""GENE_SYMBOL""}, {""component_synonym"": ""Dihydrofolate reductase"", ""syn_type"": ""UNIPROT""}, {""component_synonym"": ""1.5.1.3"", ""syn_type"": ""EC_NUMBER""}], ""target_component_xrefs"": [{""xref_id"": ""GO:0003723"", ""xref_name"": ""RNA binding"", ""xref_src_db"": ""GoFunction""}, {""xref_id"": ""GO:0003729"", ""xref_name"": ""mRNA binding"", ""xref_src_db"": ""GoFunction""}, {""xref_id"": ""GO:0004146"", ""xref_name"": ""dihydrofolate reductase activity"", ""xref_src_db"": ""GoFunction""}, {""xref_id"": ""GO:0016491"", ""xref_name"": ""oxidoreductase activity"", ""xref_src_db"": ""GoFunction""}, {""xref_id"": ""GO:0050661"", ""xref_name"": ""NADP binding"", ""xref_src_db"": ""GoFunction""}, {""xref_id"": ""GO:0006730"", ""xref_name"": ""one-carbon metabolic process"", ""xref_src_db"": ""GoProcess""}, {""xref_id"": ""GO:0046452"", ""xref_name"": ""dihydrofolate metabolic process"", ""xref_src_db"": ""GoProcess""}, {""xref_id"": ""GO:0046653"", ""xref_name"": ""tetrahydrofolate metabolic process"", ""xref_src_db"": ""GoProcess""}, {""xref_id"": ""GO:0046654"", ""xref_name"": ""tetrahydrofolate biosynthetic process"", ""xref_src_db"": ""GoProcess""}, {""xref_id"": ""GO:0046655"", ""xref_name"": ""folic acid metabolic process"", ""xref_src_db"": ""GoProcess""}, {""xref_id"": ""GO:0005739"", ""xref_name"": ""mitochondrion"", ""xref_src_db"": ""GoComponent""}, {""xref_id"": ""GO:0005737"", ""xref_name"": ""cytoplasm"", ""xref_src_db"": ""GoComponent""}, {""xref_id"": ""Q29RI1"", ""xref_name"": ""Dihydrofolate reductase"", ""xref_src_db"": ""UniProt""}, {""xref_id"": ""P00376"", ""xref_name"": ""Dihydrofolate reductase"", ""xref_src_db"": ""UniProt""}, {""xref_id"": ""P00376"", ""xref_name"": null, ""xref_src_db"": ""AlphaFoldDB""}, {""xref_id"": ""IPR012259"", ""xref_name"": ""DHFR"", ""xref_src_db"": ""InterPro""}, {""xref_id"": ""IPR024072"", ""xref_name"": ""DHFR-like_dom_sf"", ""xref_src_db"": ""InterPro""}, {""xref_id"": ""IPR017925"", ""xref_name"": ""DHFR_CS"", ""xref_src_db"": ""InterPro""}, {""xref_id"": ""IPR001796"", ""xref_name"": ""DHFR_dom"", ""xref_src_db"": ""InterPro""}, {""xref_id"": ""PTHR48069"", ""xref_name"": ""DIHYDROFOLATE REDUCTASE"", ""xref_src_db"": ""PANTHER""}, {""xref_id"": ""PTHR48069:SF6"", ""xref_name"": ""DIHYDROFOLATE REDUCTASE"", ""xref_src_db"": ""PANTHER""}, {""xref_id"": ""PF00186"", ""xref_name"": ""DHFR_1"", ""xref_src_db"": ""Pfam""}, {""xref_id"": ""PA143"", ""xref_name"": ""dihydrofolate reductase"", ""xref_src_db"": ""PharmGKB""}]}]",normalized_field,tests/fixtures/bronze/chembl/target/sample_ci_2026-04-24.jsonl
chembl_target,chembl/target,target_components,bronze_fixture,"[{""accession"": ""P00563"", ""component_description"": ""Creatine kinase M-type"", ""component_id"": 4399, ""component_type"": ""PROTEIN"", ""relationship"": ""SINGLE PROTEIN"", ""target_component_synonyms"": [{""component_synonym"": ""CKM"", ""syn_type"": ""GENE_SYMBOL""}, {""component_synonym"": ""Creatine kinase M-type"", ""syn_type"": ""UNIPROT""}, {""component_synonym"": ""Creatine kinase M chain"", ""syn_type"": ""UNIPROT""}, {""component_synonym"": ""Creatine phosphokinase M-type"", ""syn_type"": ""UNIPROT""}, {""component_synonym"": ""M-CK"", ""syn_type"": ""UNIPROT""}, {""component_synonym"": ""CPK-M"", ""syn_type"": ""UNIPROT""}, {""component_synonym"": ""2.7.3.2"", ""syn_type"": ""EC_NUMBER""}], ""target_component_xrefs"": [{""xref_id"": ""1U6R"", ""xref_name"": ""A"", ""xref_src_db"": ""PDBe""}, {""xref_id"": ""8CI4"", ""xref_name"": ""A"", ""xref_src_db"": ""PDBe""}, {""xref_id"": ""2CRK"", ""xref_name"": ""A"", ""xref_src_db"": ""PDBe""}, {""xref_id"": ""GO:0004111"", ""xref_name"": ""creatine kinase activity"", ""xref_src_db"": ""GoFunction""}, {""xref_id"": ""GO:0005515"", ""xref_name"": ""protein binding"", ""xref_src_db"": ""GoFunction""}, {""xref_id"": ""GO:0005524"", ""xref_name"": ""ATP binding"", ""xref_src_db"": ""GoFunction""}, {""xref_id"": ""GO:0016301"", ""xref_name"": ""kinase activity"", ""xref_src_db"": ""GoFunction""}, {""xref_id"": ""GO:0009408"", ""xref_name"": ""response to heat"", ""xref_src_db"": ""GoProcess""}, {""xref_id"": ""GO:0046314"", ""xref_name"": ""phosphocreatine biosynthetic process"", ""xref_src_db"": ""GoProcess""}, {""xref_id"": ""GO:0005615"", ""xref_name"": ""extracellular space"", ""xref_src_db"": ""GoComponent""}, {""xref_id"": ""P00563"", ""xref_name"": ""Creatine kinase M-type"", ""xref_src_db"": ""UniProt""}, {""xref_id"": ""1U6R"", ""xref_name"": null, ""xref_src_db"": ""PDB""}, {""xref_id"": ""2CRK"", ""xref_name"": null, ""xref_src_db"": ""PDB""}, {""xref_id"": ""8CI4"", ""xref_name"": null, ""xref_src_db"": ""PDB""}, {""xref_id"": ""P00563"", ""xref_name"": null, ""xref_src_db"": ""AlphaFoldDB""}, {""xref_id"": ""P00563"", ""xref_name"": null, ""xref_src_db"": ""IntAct""}, {""xref_id"": ""IPR000749"", ""xref_name"": ""ATP-guanido_PTrfase"", ""xref_src_db"": ""InterPro""}, {""xref_id"": ""IPR022415"", ""xref_name"": ""ATP-guanido_PTrfase_AS"", ""xref_src_db"": ""InterPro""}, {""xref_id"": ""IPR022414"", ""xref_name"": ""ATP-guanido_PTrfase_cat"", ""xref_src_db"": ""InterPro""}, {""xref_id"": ""IPR022413"", ""xref_name"": ""ATP-guanido_PTrfase_N"", ""xref_src_db"": ""InterPro""}, {""xref_id"": ""IPR036802"", ""xref_name"": ""ATP-guanido_PTrfase_N_sf"", ""xref_src_db"": ""InterPro""}, {""xref_id"": ""IPR014746"", ""xref_name"": ""Gln_synth/guanido_kin_cat_dom"", ""xref_src_db"": ""InterPro""}, {""xref_id"": ""PTHR11547"", ""xref_name"": ""ARGININE OR CREATINE KINASE"", ""xref_src_db"": ""PANTHER""}, {""xref_id"": ""PTHR11547:SF63"", ""xref_name"": ""CREATINE KINASE M-TYPE"", ""xref_src_db"": ""PANTHER""}, {""xref_id"": ""PF00217"", ""xref_name"": ""ATP-gua_Ptrans"", ""xref_src_db"": ""Pfam""}, {""xref_id"": ""PF02807"", ""xref_name"": ""ATP-gua_PtransN"", ""xref_src_db"": ""Pfam""}, {""xref_id"": ""PA26532"", ""xref_name"": ""creatine kinase, M-type"", ""xref_src_db"": ""PharmGKB""}]}]",1,"[{""accession"": ""P00563"", ""component_description"": ""Creatine kinase M-type"", ""component_id"": 4399, ""component_type"": ""PROTEIN"", ""relationship"": ""SINGLE PROTEIN"", ""target_component_synonyms"": [{""component_synonym"": ""CKM"", ""syn_type"": ""GENE_SYMBOL""}, {""component_synonym"": ""Creatine kinase M-type"", ""syn_type"": ""UNIPROT""}, {""component_synonym"": ""Creatine kinase M chain"", ""syn_type"": ""UNIPROT""}, {""component_synonym"": ""Creatine phosphokinase M-type"", ""syn_type"": ""UNIPROT""}, {""component_synonym"": ""M-CK"", ""syn_type"": ""UNIPROT""}, {""component_synonym"": ""CPK-M"", ""syn_type"": ""UNIPROT""}, {""component_synonym"": ""2.7.3.2"", ""syn_type"": ""EC_NUMBER""}], ""target_component_xrefs"": [{""xref_id"": ""1U6R"", ""xref_name"": ""A"", ""xref_src_db"": ""PDBe""}, {""xref_id"": ""8CI4"", ""xref_name"": ""A"", ""xref_src_db"": ""PDBe""}, {""xref_id"": ""2CRK"", ""xref_name"": ""A"", ""xref_src_db"": ""PDBe""}, {""xref_id"": ""GO:0004111"", ""xref_name"": ""creatine kinase activity"", ""xref_src_db"": ""GoFunction""}, {""xref_id"": ""GO:0005515"", ""xref_name"": ""protein binding"", ""xref_src_db"": ""GoFunction""}, {""xref_id"": ""GO:0005524"", ""xref_name"": ""ATP binding"", ""xref_src_db"": ""GoFunction""}, {""xref_id"": ""GO:0016301"", ""xref_name"": ""kinase activity"", ""xref_src_db"": ""GoFunction""}, {""xref_id"": ""GO:0009408"", ""xref_name"": ""response to heat"", ""xref_src_db"": ""GoProcess""}, {""xref_id"": ""GO:0046314"", ""xref_name"": ""phosphocreatine biosynthetic process"", ""xref_src_db"": ""GoProcess""}, {""xref_id"": ""GO:0005615"", ""xref_name"": ""extracellular space"", ""xref_src_db"": ""GoComponent""}, {""xref_id"": ""P00563"", ""xref_name"": ""Creatine kinase M-type"", ""xref_src_db"": ""UniProt""}, {""xref_id"": ""1U6R"", ""xref_name"": null, ""xref_src_db"": ""PDB""}, {""xref_id"": ""2CRK"", ""xref_name"": null, ""xref_src_db"": ""PDB""}, {""xref_id"": ""8CI4"", ""xref_name"": null, ""xref_src_db"": ""PDB""}, {""xref_id"": ""P00563"", ""xref_name"": null, ""xref_src_db"": ""AlphaFoldDB""}, {""xref_id"": ""P00563"", ""xref_name"": null, ""xref_src_db"": ""IntAct""}, {""xref_id"": ""IPR000749"", ""xref_name"": ""ATP-guanido_PTrfase"", ""xref_src_db"": ""InterPro""}, {""xref_id"": ""IPR022415"", ""xref_name"": ""ATP-guanido_PTrfase_AS"", ""xref_src_db"": ""InterPro""}, {""xref_id"": ""IPR022414"", ""xref_name"": ""ATP-guanido_PTrfase_cat"", ""xref_src_db"": ""InterPro""}, {""xref_id"": ""IPR022413"", ""xref_name"": ""ATP-guanido_PTrfase_N"", ""xref_src_db"": ""InterPro""}, {""xref_id"": ""IPR036802"", ""xref_name"": ""ATP-guanido_PTrfase_N_sf"", ""xref_src_db"": ""InterPro""}, {""xref_id"": ""IPR014746"", ""xref_name"": ""Gln_synth/guanido_kin_cat_dom"", ""xref_src_db"": ""InterPro""}, {""xref_id"": ""PTHR11547"", ""xref_name"": ""ARGININE OR CREATINE KINASE"", ""xref_src_db"": ""PANTHER""}, {""xref_id"": ""PTHR11547:SF63"", ""xref_name"": ""CREATINE KINASE M-TYPE"", ""xref_src_db"": ""PANTHER""}, {""xref_id"": ""PF00217"", ""xref_name"": ""ATP-gua_Ptrans"", ""xref_src_db"": ""Pfam""}, {""xref_id"": ""PF02807"", ""xref_name"": ""ATP-gua_PtransN"", ""xref_src_db"": ""Pfam""}, {""xref_id"": ""PA26532"", ""xref_name"": ""creatine kinase, M-type"", ""xref_src_db"": ""PharmGKB""}]}]",normalized_field,tests/fixtures/bronze/chembl/target/sample_ci_2026-04-24.jsonl
chembl_target,chembl/target,target_components,bronze_fixture,"[{""accession"": ""P15387"", ""component_description"": ""Potassium voltage-gated channel subfamily B member 1"", ""component_id"": 4463, ""component_type"": ""PROTEIN"", ""relationship"": ""SINGLE PROTEIN"", ""target_component_synonyms"": [{""component_synonym"": ""Kcnb1"", ""syn_type"": ""GENE_SYMBOL""}, {""component_synonym"": ""Potassium voltage-gated channel subfamily B member 1"", ""syn_type"": ""UNIPROT""}, {""component_synonym"": ""Delayed rectifier potassium channel 1"", ""syn_type"": ""UNIPROT""}, {""component_synonym"": ""Voltage-gated potassium channel subunit Kv2.1"", ""syn_type"": ""UNIPROT""}, {""component_synonym"": ""DRK1"", ""syn_type"": ""UNIPROT""}], ""target_component_xrefs"": [{""xref_id"": ""3LNM"", ""xref_name"": ""A"", ""xref_src_db"": ""PDBe""}, {""xref_id"": ""4JTA"", ""xref_name"": ""A"", ""xref_src_db"": ""PDBe""}, {""xref_id"": ""4JTC"", ""xref_name"": ""A"", ""xref_src_db"": ""PDBe""}, {""xref_id"": ""2R9R"", ""xref_name"": ""A"", ""xref_src_db"": ""PDBe""}, {""xref_id"": ""4JTD"", ""xref_name"": ""A"", ""xref_src_db"": ""PDBe""}, {""xref_id"": ""GO:0005251"", ""xref_name"": ""delayed rectifier potassium channel activity"", ""xref_src_db"": ""GoFunction""}, {""xref_id"": ""GO:0006813"", ""xref_name"": ""potassium ion transport"", ""xref_src_db"": ""GoProcess""}, {""xref_id"": ""GO:0000149"", ""xref_name"": ""SNARE binding"", ""xref_src_db"": ""GoFunction""}, {""xref_id"": ""GO:0005249"", ""xref_name"": ""voltage-gated potassium channel activity"", ""xref_src_db"": ""GoFunction""}, {""xref_id"": ""GO:0005267"", ""xref_name"": ""potassium channel activity"", ""xref_src_db"": ""GoFunction""}, {""xref_id"": ""GO:0005515"", ""xref_name"": ""protein binding"", ""xref_src_db"": ""GoFunction""}, {""xref_id"": ""GO:0015271"", ""xref_name"": ""outward rectifier potassium channel activity"", ""xref_src_db"": ""GoFunction""}, {""xref_id"": ""GO:0044325"", ""xref_name"": ""transmembrane transporter binding"", ""xref_src_db"": ""GoFunction""}, {""xref_id"": ""GO:0046982"", ""xref_name"": ""protein heterodimerization activity"", ""xref_src_db"": ""GoFunction""}, {""xref_id"": ""GO:0001508"", ""xref_name"": ""action potential"", ""xref_src_db"": ""GoProcess""}, {""xref_id"": ""GO:0006887"", ""xref_name"": ""exocytosis"", ""xref_src_db"": ""GoProcess""}, {""xref_id"": ""GO:0006904"", ""xref_name"": ""vesicle docking involved in exocytosis"", ""xref_src_db"": ""GoProcess""}, {""xref_id"": ""GO:0007215"", ""xref_name"": ""glutamate receptor signaling pathway"", ""xref_src_db"": ""GoProcess""}, {""xref_id"": ""GO:0010701"", ""xref_name"": ""positive regulation of norepinephrine secretion"", ""xref_src_db"": ""GoProcess""}, {""xref_id"": ""GO:0031669"", ""xref_name"": ""cellular response to nutrient levels"", ""xref_src_db"": ""GoProcess""}, {""xref_id"": ""GO:0033605"", ""xref_name"": ""positive regulation of catecholamine secretion"", ""xref_src_db"": ""GoProcess""}, {""xref_id"": ""GO:0042593"", ""xref_name"": ""glucose homeostasis"", ""xref_src_db"": ""GoProcess""}, {""xref_id"": ""GO:0045163"", ""xref_name"": ""clustering of voltage-gated potassium channels"", ""xref_src_db"": ""GoProcess""}, {""xref_id"": ""GO:0045956"", ""xref_name"": ""positive regulation of calcium ion-dependent exocytosis"", ""xref_src_db"": ""GoProcess""}, {""xref_id"": ""GO:0046676"", ""xref_name"": ""negative regulation of insulin secretion"", ""xref_src_db"": ""GoProcess""}, {""xref_id"": ""GO:0048678"", ""xref_name"": ""response to axon injury"", ""xref_src_db"": ""GoProcess""}, {""xref_id"": ""GO:0051260"", ""xref_name"": ""protein homooligomerization"", ""xref_src_db"": ""GoProcess""}, {""xref_id"": ""GO:0055085"", ""xref_name"": ""transmembrane transport"", ""xref_src_db"": ""GoProcess""}, {""xref_id"": ""GO:0071277"", ""xref_name"": ""cellular response to calcium ion"", ""xref_src_db"": ""GoProcess""}, {""xref_id"": ""GO:0071333"", ""xref_name"": ""cellular response to glucose stimulus"", ""xref_src_db"": ""GoProcess""}, {""xref_id"": ""GO:0071805"", ""xref_name"": ""potassium ion transmembrane transport"", ""xref_src_db"": ""GoProcess""}, {""xref_id"": ""GO:0090314"", ""xref_name"": ""positive regulation of protein targeting to membrane"", ""xref_src_db"": ""GoProcess""}, {""xref_id"": ""GO:0097623"", ""xref_name"": ""potassium ion export across plasma membrane"", ""xref_src_db"": ""GoProcess""}, {""xref_id"": ""GO:0098900"", ""xref_name"": ""regulation of action potential"", ""xref_src_db"": ""GoProcess""}, {""xref_id"": ""GO:1900454"", ""xref_name"": ""positive regulation of long-term synaptic depression"", ""xref_src_db"": ""GoProcess""}, {""xref_id"": ""GO:2000671"", ""xref_name"": ""regulation of motor neuron apoptotic process"", ""xref_src_db"": ""GoProcess""}, {""xref_id"": ""GO:0030424"", ""xref_name"": ""axon"", ""xref_src_db"": ""GoComponent""}, {""xref_id"": ""GO:0032590"", ""xref_name"": ""dendrite membrane"", ""xref_src_db"": ""GoComponent""}, {""xref_id"": ""GO:0032809"", ""xref_name"": ""neuronal cell body membrane"", ""xref_src_db"": ""GoComponent""}, {""xref_id"": ""GO:0045211"", ""xref_name"": ""postsynaptic membrane"", ""xref_src_db"": ""GoComponent""}, {""xref_id"": ""GO:0098981"", ""xref_name"": ""cholinergic synapse"", ""xref_src_db"": ""GoComponent""}, {""xref_id"": ""GO:0099634"", ""xref_name"": ""postsynaptic specialization membrane"", ""xref_src_db"": ""GoComponent""}, {""xref_id"": ""GO:0005886"", ""xref_name"": ""plasma membrane"", ""xref_src_db"": ""GoComponent""}, {""xref_id"": ""GO:0009986"", ""xref_name"": ""cell surface"", ""xref_src_db"": ""GoComponent""}, {""xref_id"": ""GO:0016020"", ""xref_name"": ""membrane"", ""xref_src_db"": ""GoComponent""}, {""xref_id"": ""GO:0016324"", ""xref_name"": ""apical plasma membrane"", ""xref_src_db"": ""GoComponent""}, {""xref_id"": ""GO:0016328"", ""xref_name"": ""lateral plasma membrane"", ""xref_src_db"": ""GoComponent""}, {""xref_id"": ""GO:0030425"", ""xref_name"": ""dendrite"", ""xref_src_db"": ""GoComponent""}, {""xref_id"": ""GO:0042383"", ""xref_name"": ""sarcolemma"", ""xref_src_db"": ""GoComponent""}, {""xref_id"": ""GO:0043005"", ""xref_name"": ""neuron projection"", ""xref_src_db"": ""GoComponent""}, {""xref_id"": ""GO:0043025"", ""xref_name"": ""neuronal cell body"", ""xref_src_db"": ""GoComponent""}, {""xref_id"": ""GO:0043204"", ""xref_name"": ""perikaryon"", ""xref_src_db"": ""GoComponent""}, {""xref_id"": ""GO:0045202"", ""xref_name"": ""synapse"", ""xref_src_db"": ""GoComponent""}, {""xref_id"": ""GO:0048471"", ""xref_name"": ""perinuclear region of cytoplasm"", ""xref_src_db"": ""GoComponent""}, {""xref_id"": ""GO:1990635"", ""xref_name"": ""proximal dendrite"", ""xref_src_db"": ""GoComponent""}, {""xref_id"": ""GO:0008076"", ""xref_name"": ""voltage-gated potassium channel complex"", ""xref_src_db"": ""GoComponent""}, {""xref_id"": ""GO:0034702"", ""xref_name"": ""monoatomic ion channel complex"", ""xref_src_db"": ""GoComponent""}, {""xref_id"": ""P15387"", ""xref_name"": ""Potassium voltage-gated channel subfamily B member 1"", ""xref_src_db"": ""UniProt""}, {""xref_id"": ""2R9R"", ""xref_name"": null, ""xref_src_db"": ""PDB""}, {""xref_id"": ""3LNM"", ""xref_name"": null, ""xref_src_db"": ""PDB""}, {""xref_id"": ""4JTA"", ""xref_name"": null, ""xref_src_db"": ""PDB""}, {""xref_id"": ""4JTC"", ""xref_name"": null, ""xref_src_db"": ""PDB""}, {""xref_id"": ""4JTD"", ""xref_name"": null, ""xref_src_db"": ""PDB""}, {""xref_id"": ""8SD3"", ""xref_name"": null, ""xref_src_db"": ""PDB""}, {""xref_id"": ""8SDA"", ""xref_name"": null, ""xref_src_db"": ""PDB""}, {""xref_id"": ""P15387"", ""xref_name"": null, ""xref_src_db"": ""AlphaFoldDB""}, {""xref_id"": ""P15387"", ""xref_name"": null, ""xref_src_db"": ""IntAct""}, {""xref_id"": ""R-RNO-1296072"", ""xref_name"": ""Voltage gated Potassium channels"", ""xref_src_db"": ""Reactome""}, {""xref_id"": ""R-RNO-381676"", ""xref_name"": ""Glucagon-like Peptide-1 (GLP1) regulates insulin secretion"", ""xref_src_db"": ""Reactome""}, {""xref_id"": ""IPR000210"", ""xref_name"": ""BTB/POZ_dom"", ""xref_src_db"": ""InterPro""}, {""xref_id"": ""IPR005821"", ""xref_name"": ""Ion_trans_dom"", ""xref_src_db"": ""InterPro""}, {""xref_id"": ""IPR003968"", ""xref_name"": ""K_chnl_volt-dep_Kv"", ""xref_src_db"": ""InterPro""}, {""xref_id"": ""IPR003973"", ""xref_name"": ""K_chnl_volt-dep_Kv2"", ""xref_src_db"": ""InterPro""}, {""xref_id"": ""IPR004350"", ""xref_name"": ""K_chnl_volt-dep_Kv2.1"", ""xref_src_db"": ""InterPro""}, {""xref_id"": ""IPR011333"", ""xref_name"": ""SKP1/BTB/POZ_sf"", ""xref_src_db"": ""InterPro""}, {""xref_id"": ""IPR003131"", ""xref_name"": ""T1-type_BTB"", ""xref_src_db"": ""InterPro""}, {""xref_id"": ""IPR028325"", ""xref_name"": ""VG_K_chnl"", ""xref_src_db"": ""InterPro""}, {""xref_id"": ""IPR027359"", ""xref_name"": ""Volt_channel_dom_sf"", ""xref_src_db"": ""InterPro""}, {""xref_id"": ""PTHR11537:SF63"", ""xref_name"": ""POTASSIUM VOLTAGE-GATED CHANNEL SUBFAMILY B MEMBER 1"", ""xref_src_db"": ""PANTHER""}, {""xref_id"": ""PTHR11537"", ""xref_name"": ""VOLTAGE-GATED POTASSIUM CHANNEL"", ""xref_src_db"": ""PANTHER""}, {""xref_id"": ""PF02214"", ""xref_name"": ""BTB_2"", ""xref_src_db"": ""Pfam""}, {""xref_id"": ""PF00520"", ""xref_name"": ""Ion_trans"", ""xref_src_db"": ""Pfam""}, {""xref_id"": ""PF03521"", ""xref_name"": ""Kv2channel"", ""xref_src_db"": ""Pfam""}]}]",1,"[{""accession"": ""P15387"", ""component_description"": ""Potassium voltage-gated channel subfamily B member 1"", ""component_id"": 4463, ""component_type"": ""PROTEIN"", ""relationship"": ""SINGLE PROTEIN"", ""target_component_synonyms"": [{""component_synonym"": ""Kcnb1"", ""syn_type"": ""GENE_SYMBOL""}, {""component_synonym"": ""Potassium voltage-gated channel subfamily B member 1"", ""syn_type"": ""UNIPROT""}, {""component_synonym"": ""Delayed rectifier potassium channel 1"", ""syn_type"": ""UNIPROT""}, {""component_synonym"": ""Voltage-gated potassium channel subunit Kv2.1"", ""syn_type"": ""UNIPROT""}, {""component_synonym"": ""DRK1"", ""syn_type"": ""UNIPROT""}], ""target_component_xrefs"": [{""xref_id"": ""3LNM"", ""xref_name"": ""A"", ""xref_src_db"": ""PDBe""}, {""xref_id"": ""4JTA"", ""xref_name"": ""A"", ""xref_src_db"": ""PDBe""}, {""xref_id"": ""4JTC"", ""xref_name"": ""A"", ""xref_src_db"": ""PDBe""}, {""xref_id"": ""2R9R"", ""xref_name"": ""A"", ""xref_src_db"": ""PDBe""}, {""xref_id"": ""4JTD"", ""xref_name"": ""A"", ""xref_src_db"": ""PDBe""}, {""xref_id"": ""GO:0005251"", ""xref_name"": ""delayed rectifier potassium channel activity"", ""xref_src_db"": ""GoFunction""}, {""xref_id"": ""GO:0006813"", ""xref_name"": ""potassium ion transport"", ""xref_src_db"": ""GoProcess""}, {""xref_id"": ""GO:0000149"", ""xref_name"": ""SNARE binding"", ""xref_src_db"": ""GoFunction""}, {""xref_id"": ""GO:0005249"", ""xref_name"": ""voltage-gated potassium channel activity"", ""xref_src_db"": ""GoFunction""}, {""xref_id"": ""GO:0005267"", ""xref_name"": ""potassium channel activity"", ""xref_src_db"": ""GoFunction""}, {""xref_id"": ""GO:0005515"", ""xref_name"": ""protein binding"", ""xref_src_db"": ""GoFunction""}, {""xref_id"": ""GO:0015271"", ""xref_name"": ""outward rectifier potassium channel activity"", ""xref_src_db"": ""GoFunction""}, {""xref_id"": ""GO:0044325"", ""xref_name"": ""transmembrane transporter binding"", ""xref_src_db"": ""GoFunction""}, {""xref_id"": ""GO:0046982"", ""xref_name"": ""protein heterodimerization activity"", ""xref_src_db"": ""GoFunction""}, {""xref_id"": ""GO:0001508"", ""xref_name"": ""action potential"", ""xref_src_db"": ""GoProcess""}, {""xref_id"": ""GO:0006887"", ""xref_name"": ""exocytosis"", ""xref_src_db"": ""GoProcess""}, {""xref_id"": ""GO:0006904"", ""xref_name"": ""vesicle docking involved in exocytosis"", ""xref_src_db"": ""GoProcess""}, {""xref_id"": ""GO:0007215"", ""xref_name"": ""glutamate receptor signaling pathway"", ""xref_src_db"": ""GoProcess""}, {""xref_id"": ""GO:0010701"", ""xref_name"": ""positive regulation of norepinephrine secretion"", ""xref_src_db"": ""GoProcess""}, {""xref_id"": ""GO:0031669"", ""xref_name"": ""cellular response to nutrient levels"", ""xref_src_db"": ""GoProcess""}, {""xref_id"": ""GO:0033605"", ""xref_name"": ""positive regulation of catecholamine secretion"", ""xref_src_db"": ""GoProcess""}, {""xref_id"": ""GO:0042593"", ""xref_name"": ""glucose homeostasis"", ""xref_src_db"": ""GoProcess""}, {""xref_id"": ""GO:0045163"", ""xref_name"": ""clustering of voltage-gated potassium channels"", ""xref_src_db"": ""GoProcess""}, {""xref_id"": ""GO:0045956"", ""xref_name"": ""positive regulation of calcium ion-dependent exocytosis"", ""xref_src_db"": ""GoProcess""}, {""xref_id"": ""GO:0046676"", ""xref_name"": ""negative regulation of insulin secretion"", ""xref_src_db"": ""GoProcess""}, {""xref_id"": ""GO:0048678"", ""xref_name"": ""response to axon injury"", ""xref_src_db"": ""GoProcess""}, {""xref_id"": ""GO:0051260"", ""xref_name"": ""protein homooligomerization"", ""xref_src_db"": ""GoProcess""}, {""xref_id"": ""GO:0055085"", ""xref_name"": ""transmembrane transport"", ""xref_src_db"": ""GoProcess""}, {""xref_id"": ""GO:0071277"", ""xref_name"": ""cellular response to calcium ion"", ""xref_src_db"": ""GoProcess""}, {""xref_id"": ""GO:0071333"", ""xref_name"": ""cellular response to glucose stimulus"", ""xref_src_db"": ""GoProcess""}, {""xref_id"": ""GO:0071805"", ""xref_name"": ""potassium ion transmembrane transport"", ""xref_src_db"": ""GoProcess""}, {""xref_id"": ""GO:0090314"", ""xref_name"": ""positive regulation of protein targeting to membrane"", ""xref_src_db"": ""GoProcess""}, {""xref_id"": ""GO:0097623"", ""xref_name"": ""potassium ion export across plasma membrane"", ""xref_src_db"": ""GoProcess""}, {""xref_id"": ""GO:0098900"", ""xref_name"": ""regulation of action potential"", ""xref_src_db"": ""GoProcess""}, {""xref_id"": ""GO:1900454"", ""xref_name"": ""positive regulation of long-term synaptic depression"", ""xref_src_db"": ""GoProcess""}, {""xref_id"": ""GO:2000671"", ""xref_name"": ""regulation of motor neuron apoptotic process"", ""xref_src_db"": ""GoProcess""}, {""xref_id"": ""GO:0030424"", ""xref_name"": ""axon"", ""xref_src_db"": ""GoComponent""}, {""xref_id"": ""GO:0032590"", ""xref_name"": ""dendrite membrane"", ""xref_src_db"": ""GoComponent""}, {""xref_id"": ""GO:0032809"", ""xref_name"": ""neuronal cell body membrane"", ""xref_src_db"": ""GoComponent""}, {""xref_id"": ""GO:0045211"", ""xref_name"": ""postsynaptic membrane"", ""xref_src_db"": ""GoComponent""}, {""xref_id"": ""GO:0098981"", ""xref_name"": ""cholinergic synapse"", ""xref_src_db"": ""GoComponent""}, {""xref_id"": ""GO:0099634"", ""xref_name"": ""postsynaptic specialization membrane"", ""xref_src_db"": ""GoComponent""}, {""xref_id"": ""GO:0005886"", ""xref_name"": ""plasma membrane"", ""xref_src_db"": ""GoComponent""}, {""xref_id"": ""GO:0009986"", ""xref_name"": ""cell surface"", ""xref_src_db"": ""GoComponent""}, {""xref_id"": ""GO:0016020"", ""xref_name"": ""membrane"", ""xref_src_db"": ""GoComponent""}, {""xref_id"": ""GO:0016324"", ""xref_name"": ""apical plasma membrane"", ""xref_src_db"": ""GoComponent""}, {""xref_id"": ""GO:0016328"", ""xref_name"": ""lateral plasma membrane"", ""xref_src_db"": ""GoComponent""}, {""xref_id"": ""GO:0030425"", ""xref_name"": ""dendrite"", ""xref_src_db"": ""GoComponent""}, {""xref_id"": ""GO:0042383"", ""xref_name"": ""sarcolemma"", ""xref_src_db"": ""GoComponent""}, {""xref_id"": ""GO:0043005"", ""xref_name"": ""neuron projection"", ""xref_src_db"": ""GoComponent""}, {""xref_id"": ""GO:0043025"", ""xref_name"": ""neuronal cell body"", ""xref_src_db"": ""GoComponent""}, {""xref_id"": ""GO:0043204"", ""xref_name"": ""perikaryon"", ""xref_src_db"": ""GoComponent""}, {""xref_id"": ""GO:0045202"", ""xref_name"": ""synapse"", ""xref_src_db"": ""GoComponent""}, {""xref_id"": ""GO:0048471"", ""xref_name"": ""perinuclear region of cytoplasm"", ""xref_src_db"": ""GoComponent""}, {""xref_id"": ""GO:1990635"", ""xref_name"": ""proximal dendrite"", ""xref_src_db"": ""GoComponent""}, {""xref_id"": ""GO:0008076"", ""xref_name"": ""voltage-gated potassium channel complex"", ""xref_src_db"": ""GoComponent""}, {""xref_id"": ""GO:0034702"", ""xref_name"": ""monoatomic ion channel complex"", ""xref_src_db"": ""GoComponent""}, {""xref_id"": ""P15387"", ""xref_name"": ""Potassium voltage-gated channel subfamily B member 1"", ""xref_src_db"": ""UniProt""}, {""xref_id"": ""2R9R"", ""xref_name"": null, ""xref_src_db"": ""PDB""}, {""xref_id"": ""3LNM"", ""xref_name"": null, ""xref_src_db"": ""PDB""}, {""xref_id"": ""4JTA"", ""xref_name"": null, ""xref_src_db"": ""PDB""}, {""xref_id"": ""4JTC"", ""xref_name"": null, ""xref_src_db"": ""PDB""}, {""xref_id"": ""4JTD"", ""xref_name"": null, ""xref_src_db"": ""PDB""}, {""xref_id"": ""8SD3"", ""xref_name"": null, ""xref_src_db"": ""PDB""}, {""xref_id"": ""8SDA"", ""xref_name"": null, ""xref_src_db"": ""PDB""}, {""xref_id"": ""P15387"", ""xref_name"": null, ""xref_src_db"": ""AlphaFoldDB""}, {""xref_id"": ""P15387"", ""xref_name"": null, ""xref_src_db"": ""IntAct""}, {""xref_id"": ""R-RNO-1296072"", ""xref_name"": ""Voltage gated Potassium channels"", ""xref_src_db"": ""Reactome""}, {""xref_id"": ""R-RNO-381676"", ""xref_name"": ""Glucagon-like Peptide-1 (GLP1) regulates insulin secretion"", ""xref_src_db"": ""Reactome""}, {""xref_id"": ""IPR000210"", ""xref_name"": ""BTB/POZ_dom"", ""xref_src_db"": ""InterPro""}, {""xref_id"": ""IPR005821"", ""xref_name"": ""Ion_trans_dom"", ""xref_src_db"": ""InterPro""}, {""xref_id"": ""IPR003968"", ""xref_name"": ""K_chnl_volt-dep_Kv"", ""xref_src_db"": ""InterPro""}, {""xref_id"": ""IPR003973"", ""xref_name"": ""K_chnl_volt-dep_Kv2"", ""xref_src_db"": ""InterPro""}, {""xref_id"": ""IPR004350"", ""xref_name"": ""K_chnl_volt-dep_Kv2.1"", ""xref_src_db"": ""InterPro""}, {""xref_id"": ""IPR011333"", ""xref_name"": ""SKP1/BTB/POZ_sf"", ""xref_src_db"": ""InterPro""}, {""xref_id"": ""IPR003131"", ""xref_name"": ""T1-type_BTB"", ""xref_src_db"": ""InterPro""}, {""xref_id"": ""IPR028325"", ""xref_name"": ""VG_K_chnl"", ""xref_src_db"": ""InterPro""}, {""xref_id"": ""IPR027359"", ""xref_name"": ""Volt_channel_dom_sf"", ""xref_src_db"": ""InterPro""}, {""xref_id"": ""PTHR11537:SF63"", ""xref_name"": ""POTASSIUM VOLTAGE-GATED CHANNEL SUBFAMILY B MEMBER 1"", ""xref_src_db"": ""PANTHER""}, {""xref_id"": ""PTHR11537"", ""xref_name"": ""VOLTAGE-GATED POTASSIUM CHANNEL"", ""xref_src_db"": ""PANTHER""}, {""xref_id"": ""PF02214"", ""xref_name"": ""BTB_2"", ""xref_src_db"": ""Pfam""}, {""xref_id"": ""PF00520"", ""xref_name"": ""Ion_trans"", ""xref_src_db"": ""Pfam""}, {""xref_id"": ""PF03521"", ""xref_name"": ""Kv2channel"", ""xref_src_db"": ""Pfam""}]}]",normalized_field,tests/fixtures/bronze/chembl/target/sample_ci_2026-04-24.jsonl
chembl_target,chembl/target,target_components,bronze_fixture,"[{""accession"": ""P21588"", ""component_description"": ""5'-nucleotidase"", ""component_id"": 4412, ""component_type"": ""PROTEIN"", ""relationship"": ""SINGLE PROTEIN"", ""target_component_synonyms"": [{""component_synonym"": ""Nt5"", ""syn_type"": ""GENE_SYMBOL_OTHER""}, {""component_synonym"": ""Nte"", ""syn_type"": ""GENE_SYMBOL_OTHER""}, {""component_synonym"": ""Nt5e"", ""syn_type"": ""GENE_SYMBOL""}, {""component_synonym"": ""5'-nucleotidase"", ""syn_type"": ""UNIPROT""}, {""component_synonym"": ""5'-deoxynucleotidase"", ""syn_type"": ""UNIPROT""}, {""component_synonym"": ""Ecto-5'-nucleotidase"", ""syn_type"": ""UNIPROT""}, {""component_synonym"": ""IMP-specific 5'-nucleotidase"", ""syn_type"": ""UNIPROT""}, {""component_synonym"": ""Thymidylate 5'-phosphatase"", ""syn_type"": ""UNIPROT""}, {""component_synonym"": ""CD_antigen=CD73"", ""syn_type"": ""UNIPROT""}, {""component_synonym"": ""5'-NT"", ""syn_type"": ""UNIPROT""}, {""component_synonym"": ""3.1.3.35"", ""syn_type"": ""EC_NUMBER""}, {""component_synonym"": ""3.1.3.5"", ""syn_type"": ""EC_NUMBER""}, {""component_synonym"": ""3.1.3.89"", ""syn_type"": ""EC_NUMBER""}, {""component_synonym"": ""3.1.3.91"", ""syn_type"": ""EC_NUMBER""}, {""component_synonym"": ""3.1.3.99"", ""syn_type"": ""EC_NUMBER""}], ""target_component_xrefs"": [{""xref_id"": ""GO:0006196"", ""xref_name"": ""AMP catabolic process"", ""xref_src_db"": ""GoProcess""}, {""xref_id"": ""GO:0046086"", ""xref_name"": ""adenosine biosynthetic process"", ""xref_src_db"": ""GoProcess""}, {""xref_id"": ""GO:0050728"", ""xref_name"": ""negative regulation of inflammatory response"", ""xref_src_db"": ""GoProcess""}, {""xref_id"": ""GO:0000166"", ""xref_name"": ""nucleotide binding"", ""xref_src_db"": ""GoFunction""}, {""xref_id"": ""GO:0002953"", ""xref_name"": ""5'-deoxynucleotidase activity"", ""xref_src_db"": ""GoFunction""}, {""xref_id"": ""GO:0008198"", ""xref_name"": ""ferrous iron binding"", ""xref_src_db"": ""GoFunction""}, {""xref_id"": ""GO:0008252"", ""xref_name"": ""nucleotidase activity"", ""xref_src_db"": ""GoFunction""}, {""xref_id"": ""GO:0008253"", ""xref_name"": ""5'-nucleotidase activity"", ""xref_src_db"": ""GoFunction""}, {""xref_id"": ""GO:0008270"", ""xref_name"": ""zinc ion binding"", ""xref_src_db"": ""GoFunction""}, {""xref_id"": ""GO:0016787"", ""xref_name"": ""hydrolase activity"", ""xref_src_db"": ""GoFunction""}, {""xref_id"": ""GO:0016788"", ""xref_name"": ""hydrolase activity, acting on ester bonds"", ""xref_src_db"": ""GoFunction""}, {""xref_id"": ""GO:0042802"", ""xref_name"": ""identical protein binding"", ""xref_src_db"": ""GoFunction""}, {""xref_id"": ""GO:0046872"", ""xref_name"": ""metal ion binding"", ""xref_src_db"": ""GoFunction""}, {""xref_id"": ""GO:0050340"", ""xref_name"": ""thymidylate 5'-phosphatase activity"", ""xref_src_db"": ""GoFunction""}, {""xref_id"": ""GO:0050483"", ""xref_name"": ""IMP 5'-nucleotidase activity"", ""xref_src_db"": ""GoFunction""}, {""xref_id"": ""GO:0050484"", ""xref_name"": ""GMP 5'-nucleotidase activity"", ""xref_src_db"": ""GoFunction""}, {""xref_id"": ""GO:0106411"", ""xref_name"": ""XMP 5'-nucleosidase activity"", ""xref_src_db"": ""GoFunction""}, {""xref_id"": ""GO:0007159"", ""xref_name"": ""leukocyte cell-cell adhesion"", ""xref_src_db"": ""GoProcess""}, {""xref_id"": ""GO:0009166"", ""xref_name"": ""nucleotide catabolic process"", ""xref_src_db"": ""GoProcess""}, {""xref_id"": ""GO:0046032"", ""xref_name"": ""ADP catabolic process"", ""xref_src_db"": ""GoProcess""}, {""xref_id"": ""GO:0046034"", ""xref_name"": ""ATP metabolic process"", ""xref_src_db"": ""GoProcess""}, {""xref_id"": ""GO:0046085"", ""xref_name"": ""adenosine metabolic process"", ""xref_src_db"": ""GoProcess""}, {""xref_id"": ""GO:0046889"", ""xref_name"": ""positive regulation of lipid biosynthetic process"", ""xref_src_db"": ""GoProcess""}, {""xref_id"": ""GO:0055074"", ""xref_name"": ""calcium ion homeostasis"", ""xref_src_db"": ""GoProcess""}, {""xref_id"": ""GO:0140928"", ""xref_name"": ""inhibition of non-skeletal tissue mineralization"", ""xref_src_db"": ""GoProcess""}, {""xref_id"": ""GO:0005886"", ""xref_name"": ""plasma membrane"", ""xref_src_db"": ""GoComponent""}, {""xref_id"": ""GO:0009897"", ""xref_name"": ""external side of plasma membrane"", ""xref_src_db"": ""GoComponent""}, {""xref_id"": ""GO:0009986"", ""xref_name"": ""cell surface"", ""xref_src_db"": ""GoComponent""}, {""xref_id"": ""GO:0016020"", ""xref_name"": ""membrane"", ""xref_src_db"": ""GoComponent""}, {""xref_id"": ""GO:0097060"", ""xref_name"": ""synaptic membrane"", ""xref_src_db"": ""GoComponent""}, {""xref_id"": ""GO:0098552"", ""xref_name"": ""side of membrane"", ""xref_src_db"": ""GoComponent""}, {""xref_id"": ""IPR004843"", ""xref_name"": ""Calcineurin-like_PHP_ApaH"", ""xref_src_db"": ""InterPro""}, {""xref_id"": ""P21588"", ""xref_name"": ""5'-nucleotidase"", ""xref_src_db"": ""UniProt""}, {""xref_id"": ""P21588"", ""xref_name"": null, ""xref_src_db"": ""AlphaFoldDB""}, {""xref_id"": ""R-RNO-196807"", ""xref_name"": ""Nicotinate metabolism"", ""xref_src_db"": ""Reactome""}, {""xref_id"": ""R-RNO-73621"", ""xref_name"": ""Pyrimidine catabolism"", ""xref_src_db"": ""Reactome""}, {""xref_id"": ""R-RNO-74259"", ""xref_name"": ""Purine catabolism"", ""xref_src_db"": ""Reactome""}, {""xref_id"": ""IPR008334"", ""xref_name"": ""5'-Nucleotdase_C"", ""xref_src_db"": ""InterPro""}, {""xref_id"": ""IPR036907"", ""xref_name"": ""5'-Nucleotdase_C_sf"", ""xref_src_db"": ""InterPro""}, {""xref_id"": ""IPR006146"", ""xref_name"": ""5'-Nucleotdase_CS"", ""xref_src_db"": ""InterPro""}, {""xref_id"": ""IPR006179"", ""xref_name"": ""5_nucleotidase/apyrase"", ""xref_src_db"": ""InterPro""}, {""xref_id"": ""IPR029052"", ""xref_name"": ""Metallo-depent_PP-like"", ""xref_src_db"": ""InterPro""}, {""xref_id"": ""PTHR11575:SF24"", ""xref_name"": ""5'-NUCLEOTIDASE"", ""xref_src_db"": ""PANTHER""}, {""xref_id"": ""PTHR11575"", ""xref_name"": ""5'-NUCLEOTIDASE-RELATED"", ""xref_src_db"": ""PANTHER""}, {""xref_id"": ""PF02872"", ""xref_name"": ""5_nucleotid_C"", ""xref_src_db"": ""Pfam""}, {""xref_id"": ""PF00149"", ""xref_name"": ""Metallophos"", ""xref_src_db"": ""Pfam""}]}]",1,"[{""accession"": ""P21588"", ""component_description"": ""5'-nucleotidase"", ""component_id"": 4412, ""component_type"": ""PROTEIN"", ""relationship"": ""SINGLE PROTEIN"", ""target_component_synonyms"": [{""component_synonym"": ""Nt5"", ""syn_type"": ""GENE_SYMBOL_OTHER""}, {""component_synonym"": ""Nte"", ""syn_type"": ""GENE_SYMBOL_OTHER""}, {""component_synonym"": ""Nt5e"", ""syn_type"": ""GENE_SYMBOL""}, {""component_synonym"": ""5'-nucleotidase"", ""syn_type"": ""UNIPROT""}, {""component_synonym"": ""5'-deoxynucleotidase"", ""syn_type"": ""UNIPROT""}, {""component_synonym"": ""Ecto-5'-nucleotidase"", ""syn_type"": ""UNIPROT""}, {""component_synonym"": ""IMP-specific 5'-nucleotidase"", ""syn_type"": ""UNIPROT""}, {""component_synonym"": ""Thymidylate 5'-phosphatase"", ""syn_type"": ""UNIPROT""}, {""component_synonym"": ""CD_antigen=CD73"", ""syn_type"": ""UNIPROT""}, {""component_synonym"": ""5'-NT"", ""syn_type"": ""UNIPROT""}, {""component_synonym"": ""3.1.3.35"", ""syn_type"": ""EC_NUMBER""}, {""component_synonym"": ""3.1.3.5"", ""syn_type"": ""EC_NUMBER""}, {""component_synonym"": ""3.1.3.89"", ""syn_type"": ""EC_NUMBER""}, {""component_synonym"": ""3.1.3.91"", ""syn_type"": ""EC_NUMBER""}, {""component_synonym"": ""3.1.3.99"", ""syn_type"": ""EC_NUMBER""}], ""target_component_xrefs"": [{""xref_id"": ""GO:0006196"", ""xref_name"": ""AMP catabolic process"", ""xref_src_db"": ""GoProcess""}, {""xref_id"": ""GO:0046086"", ""xref_name"": ""adenosine biosynthetic process"", ""xref_src_db"": ""GoProcess""}, {""xref_id"": ""GO:0050728"", ""xref_name"": ""negative regulation of inflammatory response"", ""xref_src_db"": ""GoProcess""}, {""xref_id"": ""GO:0000166"", ""xref_name"": ""nucleotide binding"", ""xref_src_db"": ""GoFunction""}, {""xref_id"": ""GO:0002953"", ""xref_name"": ""5'-deoxynucleotidase activity"", ""xref_src_db"": ""GoFunction""}, {""xref_id"": ""GO:0008198"", ""xref_name"": ""ferrous iron binding"", ""xref_src_db"": ""GoFunction""}, {""xref_id"": ""GO:0008252"", ""xref_name"": ""nucleotidase activity"", ""xref_src_db"": ""GoFunction""}, {""xref_id"": ""GO:0008253"", ""xref_name"": ""5'-nucleotidase activity"", ""xref_src_db"": ""GoFunction""}, {""xref_id"": ""GO:0008270"", ""xref_name"": ""zinc ion binding"", ""xref_src_db"": ""GoFunction""}, {""xref_id"": ""GO:0016787"", ""xref_name"": ""hydrolase activity"", ""xref_src_db"": ""GoFunction""}, {""xref_id"": ""GO:0016788"", ""xref_name"": ""hydrolase activity, acting on ester bonds"", ""xref_src_db"": ""GoFunction""}, {""xref_id"": ""GO:0042802"", ""xref_name"": ""identical protein binding"", ""xref_src_db"": ""GoFunction""}, {""xref_id"": ""GO:0046872"", ""xref_name"": ""metal ion binding"", ""xref_src_db"": ""GoFunction""}, {""xref_id"": ""GO:0050340"", ""xref_name"": ""thymidylate 5'-phosphatase activity"", ""xref_src_db"": ""GoFunction""}, {""xref_id"": ""GO:0050483"", ""xref_name"": ""IMP 5'-nucleotidase activity"", ""xref_src_db"": ""GoFunction""}, {""xref_id"": ""GO:0050484"", ""xref_name"": ""GMP 5'-nucleotidase activity"", ""xref_src_db"": ""GoFunction""}, {""xref_id"": ""GO:0106411"", ""xref_name"": ""XMP 5'-nucleosidase activity"", ""xref_src_db"": ""GoFunction""}, {""xref_id"": ""GO:0007159"", ""xref_name"": ""leukocyte cell-cell adhesion"", ""xref_src_db"": ""GoProcess""}, {""xref_id"": ""GO:0009166"", ""xref_name"": ""nucleotide catabolic process"", ""xref_src_db"": ""GoProcess""}, {""xref_id"": ""GO:0046032"", ""xref_name"": ""ADP catabolic process"", ""xref_src_db"": ""GoProcess""}, {""xref_id"": ""GO:0046034"", ""xref_name"": ""ATP metabolic process"", ""xref_src_db"": ""GoProcess""}, {""xref_id"": ""GO:0046085"", ""xref_name"": ""adenosine metabolic process"", ""xref_src_db"": ""GoProcess""}, {""xref_id"": ""GO:0046889"", ""xref_name"": ""positive regulation of lipid biosynthetic process"", ""xref_src_db"": ""GoProcess""}, {""xref_id"": ""GO:0055074"", ""xref_name"": ""calcium ion homeostasis"", ""xref_src_db"": ""GoProcess""}, {""xref_id"": ""GO:0140928"", ""xref_name"": ""inhibition of non-skeletal tissue mineralization"", ""xref_src_db"": ""GoProcess""}, {""xref_id"": ""GO:0005886"", ""xref_name"": ""plasma membrane"", ""xref_src_db"": ""GoComponent""}, {""xref_id"": ""GO:0009897"", ""xref_name"": ""external side of plasma membrane"", ""xref_src_db"": ""GoComponent""}, {""xref_id"": ""GO:0009986"", ""xref_name"": ""cell surface"", ""xref_src_db"": ""GoComponent""}, {""xref_id"": ""GO:0016020"", ""xref_name"": ""membrane"", ""xref_src_db"": ""GoComponent""}, {""xref_id"": ""GO:0097060"", ""xref_name"": ""synaptic membrane"", ""xref_src_db"": ""GoComponent""}, {""xref_id"": ""GO:0098552"", ""xref_name"": ""side of membrane"", ""xref_src_db"": ""GoComponent""}, {""xref_id"": ""IPR004843"", ""xref_name"": ""Calcineurin-like_PHP_ApaH"", ""xref_src_db"": ""InterPro""}, {""xref_id"": ""P21588"", ""xref_name"": ""5'-nucleotidase"", ""xref_src_db"": ""UniProt""}, {""xref_id"": ""P21588"", ""xref_name"": null, ""xref_src_db"": ""AlphaFoldDB""}, {""xref_id"": ""R-RNO-196807"", ""xref_name"": ""Nicotinate metabolism"", ""xref_src_db"": ""Reactome""}, {""xref_id"": ""R-RNO-73621"", ""xref_name"": ""Pyrimidine catabolism"", ""xref_src_db"": ""Reactome""}, {""xref_id"": ""R-RNO-74259"", ""xref_name"": ""Purine catabolism"", ""xref_src_db"": ""Reactome""}, {""xref_id"": ""IPR008334"", ""xref_name"": ""5'-Nucleotdase_C"", ""xref_src_db"": ""InterPro""}, {""xref_id"": ""IPR036907"", ""xref_name"": ""5'-Nucleotdase_C_sf"", ""xref_src_db"": ""InterPro""}, {""xref_id"": ""IPR006146"", ""xref_name"": ""5'-Nucleotdase_CS"", ""xref_src_db"": ""InterPro""}, {""xref_id"": ""IPR006179"", ""xref_name"": ""5_nucleotidase/apyrase"", ""xref_src_db"": ""InterPro""}, {""xref_id"": ""IPR029052"", ""xref_name"": ""Metallo-depent_PP-like"", ""xref_src_db"": ""InterPro""}, {""xref_id"": ""PTHR11575:SF24"", ""xref_name"": ""5'-NUCLEOTIDASE"", ""xref_src_db"": ""PANTHER""}, {""xref_id"": ""PTHR11575"", ""xref_name"": ""5'-NUCLEOTIDASE-RELATED"", ""xref_src_db"": ""PANTHER""}, {""xref_id"": ""PF02872"", ""xref_name"": ""5_nucleotid_C"", ""xref_src_db"": ""Pfam""}, {""xref_id"": ""PF00149"", ""xref_name"": ""Metallophos"", ""xref_src_db"": ""Pfam""}]}]",normalized_field,tests/fixtures/bronze/chembl/target/sample_ci_2026-04-24.jsonl
chembl_target,chembl/target,target_components,bronze_fixture,"[{""accession"": ""P22518"", ""component_description"": ""Dual specificity protein kinase CLK1"", ""component_id"": 4673, ""component_type"": ""PROTEIN"", ""relationship"": ""SINGLE PROTEIN"", ""target_component_synonyms"": [{""component_synonym"": ""Clk"", ""syn_type"": ""GENE_SYMBOL_OTHER""}, {""component_synonym"": ""Sty"", ""syn_type"": ""GENE_SYMBOL_OTHER""}, {""component_synonym"": ""Synonyms=Clk"", ""syn_type"": ""GENE_SYMBOL_OTHER""}, {""component_synonym"": ""Clk1"", ""syn_type"": ""GENE_SYMBOL""}, {""component_synonym"": ""Dual specificity protein kinase CLK1"", ""syn_type"": ""UNIPROT""}, {""component_synonym"": ""CDC-like kinase 1"", ""syn_type"": ""UNIPROT""}, {""component_synonym"": ""Protein kinase STY"", ""syn_type"": ""UNIPROT""}, {""component_synonym"": ""2.7.12.1"", ""syn_type"": ""EC_NUMBER""}], ""target_component_xrefs"": [{""xref_id"": ""GO:0005515"", ""xref_name"": ""protein binding"", ""xref_src_db"": ""GoFunction""}, {""xref_id"": ""GO:0005524"", ""xref_name"": ""ATP binding"", ""xref_src_db"": ""GoFunction""}, {""xref_id"": ""GO:0005634"", ""xref_name"": ""nucleus"", ""xref_src_db"": ""GoComponent""}, {""xref_id"": ""A6H6K2"", ""xref_name"": ""Dual specificity protein kinase CLK1"", ""xref_src_db"": ""UniProt""}, {""xref_id"": ""Q3UXB6"", ""xref_name"": ""Dual specificity protein kinase CLK1"", ""xref_src_db"": ""UniProt""}, {""xref_id"": ""P22518"", ""xref_name"": ""Dual specificity protein kinase CLK1"", ""xref_src_db"": ""UniProt""}, {""xref_id"": ""P22518"", ""xref_name"": null, ""xref_src_db"": ""AlphaFoldDB""}, {""xref_id"": ""P22518"", ""xref_name"": null, ""xref_src_db"": ""IntAct""}, {""xref_id"": ""IPR051175"", ""xref_name"": ""CLK_kinases"", ""xref_src_db"": ""InterPro""}, {""xref_id"": ""IPR011009"", ""xref_name"": ""Kinase-like_dom_sf"", ""xref_src_db"": ""InterPro""}, {""xref_id"": ""IPR000719"", ""xref_name"": ""Prot_kinase_dom"", ""xref_src_db"": ""InterPro""}, {""xref_id"": ""IPR017441"", ""xref_name"": ""Protein_kinase_ATP_BS"", ""xref_src_db"": ""InterPro""}, {""xref_id"": ""IPR008271"", ""xref_name"": ""Ser/Thr_kinase_AS"", ""xref_src_db"": ""InterPro""}, {""xref_id"": ""PTHR45646:SF4"", ""xref_name"": ""DUAL SPECIFICITY PROTEIN KINASE CLK1"", ""xref_src_db"": ""PANTHER""}, {""xref_id"": ""PTHR45646"", ""xref_name"": ""SERINE/THREONINE-PROTEIN KINASE DOA-RELATED"", ""xref_src_db"": ""PANTHER""}, {""xref_id"": ""PF00069"", ""xref_name"": ""Pkinase"", ""xref_src_db"": ""Pfam""}]}]",1,"[{""accession"": ""P22518"", ""component_description"": ""Dual specificity protein kinase CLK1"", ""component_id"": 4673, ""component_type"": ""PROTEIN"", ""relationship"": ""SINGLE PROTEIN"", ""target_component_synonyms"": [{""component_synonym"": ""Clk"", ""syn_type"": ""GENE_SYMBOL_OTHER""}, {""component_synonym"": ""Sty"", ""syn_type"": ""GENE_SYMBOL_OTHER""}, {""component_synonym"": ""Synonyms=Clk"", ""syn_type"": ""GENE_SYMBOL_OTHER""}, {""component_synonym"": ""Clk1"", ""syn_type"": ""GENE_SYMBOL""}, {""component_synonym"": ""Dual specificity protein kinase CLK1"", ""syn_type"": ""UNIPROT""}, {""component_synonym"": ""CDC-like kinase 1"", ""syn_type"": ""UNIPROT""}, {""component_synonym"": ""Protein kinase STY"", ""syn_type"": ""UNIPROT""}, {""component_synonym"": ""2.7.12.1"", ""syn_type"": ""EC_NUMBER""}], ""target_component_xrefs"": [{""xref_id"": ""GO:0005515"", ""xref_name"": ""protein binding"", ""xref_src_db"": ""GoFunction""}, {""xref_id"": ""GO:0005524"", ""xref_name"": ""ATP binding"", ""xref_src_db"": ""GoFunction""}, {""xref_id"": ""GO:0005634"", ""xref_name"": ""nucleus"", ""xref_src_db"": ""GoComponent""}, {""xref_id"": ""A6H6K2"", ""xref_name"": ""Dual specificity protein kinase CLK1"", ""xref_src_db"": ""UniProt""}, {""xref_id"": ""Q3UXB6"", ""xref_name"": ""Dual specificity protein kinase CLK1"", ""xref_src_db"": ""UniProt""}, {""xref_id"": ""P22518"", ""xref_name"": ""Dual specificity protein kinase CLK1"", ""xref_src_db"": ""UniProt""}, {""xref_id"": ""P22518"", ""xref_name"": null, ""xref_src_db"": ""AlphaFoldDB""}, {""xref_id"": ""P22518"", ""xref_name"": null, ""xref_src_db"": ""IntAct""}, {""xref_id"": ""IPR051175"", ""xref_name"": ""CLK_kinases"", ""xref_src_db"": ""InterPro""}, {""xref_id"": ""IPR011009"", ""xref_name"": ""Kinase-like_dom_sf"", ""xref_src_db"": ""InterPro""}, {""xref_id"": ""IPR000719"", ""xref_name"": ""Prot_kinase_dom"", ""xref_src_db"": ""InterPro""}, {""xref_id"": ""IPR017441"", ""xref_name"": ""Protein_kinase_ATP_BS"", ""xref_src_db"": ""InterPro""}, {""xref_id"": ""IPR008271"", ""xref_name"": ""Ser/Thr_kinase_AS"", ""xref_src_db"": ""InterPro""}, {""xref_id"": ""PTHR45646:SF4"", ""xref_name"": ""DUAL SPECIFICITY PROTEIN KINASE CLK1"", ""xref_src_db"": ""PANTHER""}, {""xref_id"": ""PTHR45646"", ""xref_name"": ""SERINE/THREONINE-PROTEIN KINASE DOA-RELATED"", ""xref_src_db"": ""PANTHER""}, {""xref_id"": ""PF00069"", ""xref_name"": ""Pkinase"", ""xref_src_db"": ""Pfam""}]}]",normalized_field,tests/fixtures/bronze/chembl/target/sample_ci_2026-04-24.jsonl
chembl_target,chembl/target,target_components,bronze_fixture,"[{""accession"": ""P22985"", ""component_description"": ""Xanthine dehydrogenase/oxidase"", ""component_id"": 4521, ""component_type"": ""PROTEIN"", ""relationship"": ""SINGLE PROTEIN"", ""target_component_synonyms"": [{""component_synonym"": ""Xdh"", ""syn_type"": ""GENE_SYMBOL""}, {""component_synonym"": ""Xanthine dehydrogenase/oxidase"", ""syn_type"": ""UNIPROT""}, {""component_synonym"": ""Xanthine dehydrogenase"", ""syn_type"": ""UNIPROT""}, {""component_synonym"": ""Xanthine oxidase"", ""syn_type"": ""UNIPROT""}, {""component_synonym"": ""Xanthine oxidoreductase"", ""syn_type"": ""UNIPROT""}, {""component_synonym"": ""XOR"", ""syn_type"": ""UNIPROT""}, {""component_synonym"": ""1.17.1.4"", ""syn_type"": ""EC_NUMBER""}, {""component_synonym"": ""1.17.3.2"", ""syn_type"": ""EC_NUMBER""}], ""target_component_xrefs"": [{""xref_id"": ""6AC1"", ""xref_name"": ""A"", ""xref_src_db"": ""PDBe""}, {""xref_id"": ""6AD4"", ""xref_name"": ""A"", ""xref_src_db"": ""PDBe""}, {""xref_id"": ""1WYG"", ""xref_name"": ""A"", ""xref_src_db"": ""PDBe""}, {""xref_id"": ""2E3T"", ""xref_name"": ""A"", ""xref_src_db"": ""PDBe""}, {""xref_id"": ""6AC4"", ""xref_name"": ""A"", ""xref_src_db"": ""PDBe""}, {""xref_id"": ""6ABU"", ""xref_name"": ""A"", ""xref_src_db"": ""PDBe""}, {""xref_id"": ""6ADJ"", ""xref_name"": ""A"", ""xref_src_db"": ""PDBe""}, {""xref_id"": ""3AN1"", ""xref_name"": ""A"", ""xref_src_db"": ""PDBe""}, {""xref_id"": ""6AJU"", ""xref_name"": ""A"", ""xref_src_db"": ""PDBe""}, {""xref_id"": ""4YSW"", ""xref_name"": ""A"", ""xref_src_db"": ""PDBe""}, {""xref_id"": ""4YRW"", ""xref_name"": ""A"", ""xref_src_db"": ""PDBe""}, {""xref_id"": ""4YTY"", ""xref_name"": ""A"", ""xref_src_db"": ""PDBe""}, {""xref_id"": ""4YTZ"", ""xref_name"": ""A"", ""xref_src_db"": ""PDBe""}, {""xref_id"": ""6A7X"", ""xref_name"": ""A"", ""xref_src_db"": ""PDBe""}, {""xref_id"": ""GO:0007595"", ""xref_name"": ""lactation"", ""xref_src_db"": ""GoProcess""}, {""xref_id"": ""GO:0016226"", ""xref_name"": ""iron-sulfur cluster assembly"", ""xref_src_db"": ""GoProcess""}, {""xref_id"": ""GO:0030856"", ""xref_name"": ""regulation of epithelial cell differentiation"", ""xref_src_db"": ""GoProcess""}, {""xref_id"": ""GO:0004854"", ""xref_name"": ""xanthine dehydrogenase activity"", ""xref_src_db"": ""GoFunction""}, {""xref_id"": ""GO:0004855"", ""xref_name"": ""xanthine oxidase activity"", ""xref_src_db"": ""GoFunction""}, {""xref_id"": ""GO:0005506"", ""xref_name"": ""iron ion binding"", ""xref_src_db"": ""GoFunction""}, {""xref_id"": ""GO:0016491"", ""xref_name"": ""oxidoreductase activity"", ""xref_src_db"": ""GoFunction""}, {""xref_id"": ""GO:0042802"", ""xref_name"": ""identical protein binding"", ""xref_src_db"": ""GoFunction""}, {""xref_id"": ""GO:0042803"", ""xref_name"": ""protein homodimerization activity"", ""xref_src_db"": ""GoFunction""}, {""xref_id"": ""GO:0046872"", ""xref_name"": ""metal ion binding"", ""xref_src_db"": ""GoFunction""}, {""xref_id"": ""GO:0050421"", ""xref_name"": ""nitrite reductase (NO-forming) activity"", ""xref_src_db"": ""GoFunction""}, {""xref_id"": ""GO:0050660"", ""xref_name"": ""flavin adenine dinucleotide binding"", ""xref_src_db"": ""GoFunction""}, {""xref_id"": ""GO:0070674"", ""xref_name"": ""hypoxanthine dehydrogenase activity"", ""xref_src_db"": ""GoFunction""}, {""xref_id"": ""GO:0070675"", ""xref_name"": ""hypoxanthine oxidase activity"", ""xref_src_db"": ""GoFunction""}, {""xref_id"": ""GO:0071949"", ""xref_name"": ""FAD binding"", ""xref_src_db"": ""GoFunction""}, {""xref_id"": ""GO:0000255"", ""xref_name"": ""allantoin metabolic process"", ""xref_src_db"": ""GoProcess""}, {""xref_id"": ""GO:0001937"", ""xref_name"": ""negative regulation of endothelial cell proliferation"", ""xref_src_db"": ""GoProcess""}, {""xref_id"": ""GO:0006147"", ""xref_name"": ""guanine catabolic process"", ""xref_src_db"": ""GoProcess""}, {""xref_id"": ""GO:0006148"", ""xref_name"": ""inosine catabolic process"", ""xref_src_db"": ""GoProcess""}, {""xref_id"": ""GO:0006149"", ""xref_name"": ""deoxyinosine catabolic process"", ""xref_src_db"": ""GoProcess""}, {""xref_id"": ""GO:0006154"", ""xref_name"": ""adenosine catabolic process"", ""xref_src_db"": ""GoProcess""}, {""xref_id"": ""GO:0006157"", ""xref_name"": ""deoxyadenosine catabolic process"", ""xref_src_db"": ""GoProcess""}, {""xref_id"": ""GO:0006161"", ""xref_name"": ""deoxyguanosine catabolic process"", ""xref_src_db"": ""GoProcess""}, {""xref_id"": ""GO:0006196"", ""xref_name"": ""AMP catabolic process"", ""xref_src_db"": ""GoProcess""}, {""xref_id"": ""GO:0006204"", ""xref_name"": ""IMP catabolic process"", ""xref_src_db"": ""GoProcess""}, {""xref_id"": ""GO:0009114"", ""xref_name"": ""hypoxanthine catabolic process"", ""xref_src_db"": ""GoProcess""}, {""xref_id"": ""GO:0009115"", ""xref_name"": ""xanthine catabolic process"", ""xref_src_db"": ""GoProcess""}, {""xref_id"": ""GO:0010629"", ""xref_name"": ""negative regulation of gene expression"", ""xref_src_db"": ""GoProcess""}, {""xref_id"": ""GO:0042542"", ""xref_name"": ""response to hydrogen peroxide"", ""xref_src_db"": ""GoProcess""}, {""xref_id"": ""GO:0043605"", ""xref_name"": ""amide catabolic process"", ""xref_src_db"": ""GoProcess""}, {""xref_id"": ""GO:0045602"", ""xref_name"": ""negative regulation of endothelial cell differentiation"", ""xref_src_db"": ""GoProcess""}, {""xref_id"": ""GO:0046038"", ""xref_name"": ""GMP catabolic process"", ""xref_src_db"": ""GoProcess""}, {""xref_id"": ""GO:0046055"", ""xref_name"": ""dGMP catabolic process"", ""xref_src_db"": ""GoProcess""}, {""xref_id"": ""GO:0046059"", ""xref_name"": ""dAMP catabolic process"", ""xref_src_db"": ""GoProcess""}, {""xref_id"": ""GO:0051898"", ""xref_name"": ""negative regulation of phosphatidylinositol 3-kinase/protein kinase B signal transduction"", ""xref_src_db"": ""GoProcess""}, {""xref_id"": ""GO:1900745"", ""xref_name"": ""positive regulation of p38MAPK cascade"", ""xref_src_db"": ""GoProcess""}, {""xref_id"": ""GO:1900747"", ""xref_name"": ""negative regulation of vascular endothelial growth factor signaling pathway"", ""xref_src_db"": ""GoProcess""}, {""xref_id"": ""GO:2000379"", ""xref_name"": ""positive regulation of reactive oxygen species metabolic process"", ""xref_src_db"": ""GoProcess""}, {""xref_id"": ""GO:2001213"", ""xref_name"": ""negative regulation of vasculogenesis"", ""xref_src_db"": ""GoProcess""}, {""xref_id"": ""GO:0005615"", ""xref_name"": ""extracellular space"", ""xref_src_db"": ""GoComponent""}, {""xref_id"": ""GO:0005777"", ""xref_name"": ""peroxisome"", ""xref_src_db"": ""GoComponent""}, {""xref_id"": ""GO:0005829"", ""xref_name"": ""cytosol"", ""xref_src_db"": ""GoComponent""}, {""xref_id"": ""GO:0005576"", ""xref_name"": ""extracellular region"", ""xref_src_db"": ""GoComponent""}, {""xref_id"": ""GO:0005737"", ""xref_name"": ""cytoplasm"", ""xref_src_db"": ""GoComponent""}, {""xref_id"": ""GO:0016529"", ""xref_name"": ""sarcoplasmic reticulum"", ""xref_src_db"": ""GoComponent""}, {""xref_id"": ""Q63157"", ""xref_name"": ""Xanthine dehydrogenase/oxidase"", ""xref_src_db"": ""UniProt""}, {""xref_id"": ""P22985"", ""xref_name"": ""Xanthine dehydrogenase/oxidase"", ""xref_src_db"": ""UniProt""}, {""xref_id"": ""1WYG"", ""xref_name"": null, ""xref_src_db"": ""PDB""}, {""xref_id"": ""2E3T"", ""xref_name"": null, ""xref_src_db"": ""PDB""}, {""xref_id"": ""3AN1"", ""xref_name"": null, ""xref_src_db"": ""PDB""}, {""xref_id"": ""4YRW"", ""xref_name"": null, ""xref_src_db"": ""PDB""}, {""xref_id"": ""4YSW"", ""xref_name"": null, ""xref_src_db"": ""PDB""}, {""xref_id"": ""4YTY"", ""xref_name"": null, ""xref_src_db"": ""PDB""}, {""xref_id"": ""4YTZ"", ""xref_name"": null, ""xref_src_db"": ""PDB""}, {""xref_id"": ""6A7X"", ""xref_name"": null, ""xref_src_db"": ""PDB""}, {""xref_id"": ""6ABU"", ""xref_name"": null, ""xref_src_db"": ""PDB""}, {""xref_id"": ""6AC1"", ""xref_name"": null, ""xref_src_db"": ""PDB""}, {""xref_id"": ""6AC4"", ""xref_name"": null, ""xref_src_db"": ""PDB""}, {""xref_id"": ""6AD4"", ""xref_name"": null, ""xref_src_db"": ""PDB""}, {""xref_id"": ""6ADJ"", ""xref_name"": null, ""xref_src_db"": ""PDB""}, {""xref_id"": ""6AJU"", ""xref_name"": null, ""xref_src_db"": ""PDB""}, {""xref_id"": ""P22985"", ""xref_name"": null, ""xref_src_db"": ""AlphaFoldDB""}, {""xref_id"": ""R-RNO-74259"", ""xref_name"": ""Purine catabolism"", ""xref_src_db"": ""Reactome""}, {""xref_id"": ""R-RNO-8851680"", ""xref_name"": ""Butyrophilin (BTN) family interactions"", ""xref_src_db"": ""Reactome""}, {""xref_id"": ""R-RNO-9748787"", ""xref_name"": ""Azathioprine ADME"", ""xref_src_db"": ""Reactome""}, {""xref_id"": ""IPR002888"", ""xref_name"": ""2Fe-2S-bd"", ""xref_src_db"": ""InterPro""}, {""xref_id"": ""IPR036884"", ""xref_name"": ""2Fe-2S-bd_dom_sf"", ""xref_src_db"": ""InterPro""}, {""xref_id"": ""IPR036010"", ""xref_name"": ""2Fe-2S_ferredoxin-like_sf"", ""xref_src_db"": ""InterPro""}, {""xref_id"": ""IPR001041"", ""xref_name"": ""2Fe-2S_ferredoxin-type"", ""xref_src_db"": ""InterPro""}, {""xref_id"": ""IPR006058"", ""xref_name"": ""2Fe2S_fd_BS"", ""xref_src_db"": ""InterPro""}, {""xref_id"": ""IPR000674"", ""xref_name"": ""Ald_Oxase/Xan_DH_a/b"", ""xref_src_db"": ""InterPro""}, {""xref_id"": ""IPR036856"", ""xref_name"": ""Ald_Oxase/Xan_DH_a/b_sf"", ""xref_src_db"": ""InterPro""}, {""xref_id"": ""IPR016208"", ""xref_name"": ""Ald_Oxase/xanthine_DH-like"", ""xref_src_db"": ""InterPro""}, {""xref_id"": ""IPR008274"", ""xref_name"": ""AldOxase/xan_DH_MoCoBD1"", ""xref_src_db"": ""InterPro""}, {""xref_id"": ""IPR046867"", ""xref_name"": ""AldOxase/xan_DH_MoCoBD2"", ""xref_src_db"": ""InterPro""}, {""xref_id"": ""IPR037165"", ""xref_name"": ""AldOxase/xan_DH_Mopterin-bd_sf"", ""xref_src_db"": ""InterPro""}, {""xref_id"": ""IPR012675"", ""xref_name"": ""Beta-grasp_dom_sf"", ""xref_src_db"": ""InterPro""}, {""xref_id"": ""IPR005107"", ""xref_name"": ""CO_DH_flav_C"", ""xref_src_db"": ""InterPro""}, {""xref_id"": ""IPR036683"", ""xref_name"": ""CO_DH_flav_C_dom_sf"", ""xref_src_db"": ""InterPro""}, {""xref_id"": ""IPR016166"", ""xref_name"": ""FAD-bd_PCMH"", ""xref_src_db"": ""InterPro""}, {""xref_id"": ""IPR036318"", ""xref_name"": ""FAD-bd_PCMH-like_sf"", ""xref_src_db"": ""InterPro""}, {""xref_id"": ""IPR016167"", ""xref_name"": ""FAD-bd_PCMH_sub1"", ""xref_src_db"": ""InterPro""}, {""xref_id"": ""IPR016169"", ""xref_name"": ""FAD-bd_PCMH_sub2"", ""xref_src_db"": ""InterPro""}, {""xref_id"": ""IPR002346"", ""xref_name"": ""Mopterin_DH_FAD-bd"", ""xref_src_db"": ""InterPro""}, {""xref_id"": ""IPR022407"", ""xref_name"": ""OxRdtase_Mopterin_BS"", ""xref_src_db"": ""InterPro""}, {""xref_id"": ""IPR014307"", ""xref_name"": ""Xanthine_DH_ssu"", ""xref_src_db"": ""InterPro""}, {""xref_id"": ""PTHR45444"", ""xref_name"": ""XANTHINE DEHYDROGENASE"", ""xref_src_db"": ""PANTHER""}, {""xref_id"": ""PTHR45444:SF3"", ""xref_name"": ""XANTHINE DEHYDROGENASE"", ""xref_src_db"": ""PANTHER""}, {""xref_id"": ""PF01315"", ""xref_name"": ""Ald_Xan_dh_C"", ""xref_src_db"": ""Pfam""}, {""xref_id"": ""PF03450"", ""xref_name"": ""CO_deh_flav_C"", ""xref_src_db"": ""Pfam""}, {""xref_id"": ""PF00941"", ""xref_name"": ""FAD_binding_5"", ""xref_src_db"": ""Pfam""}, {""xref_id"": ""PF00111"", ""xref_name"": ""Fer2"", ""xref_src_db"": ""Pfam""}, {""xref_id"": ""PF01799"", ""xref_name"": ""Fer2_2"", ""xref_src_db"": ""Pfam""}, {""xref_id"": ""PF02738"", ""xref_name"": ""MoCoBD_1"", ""xref_src_db"": ""Pfam""}, {""xref_id"": ""PF20256"", ""xref_name"": ""MoCoBD_2"", ""xref_src_db"": ""Pfam""}]}]",1,"[{""accession"": ""P22985"", ""component_description"": ""Xanthine dehydrogenase/oxidase"", ""component_id"": 4521, ""component_type"": ""PROTEIN"", ""relationship"": ""SINGLE PROTEIN"", ""target_component_synonyms"": [{""component_synonym"": ""Xdh"", ""syn_type"": ""GENE_SYMBOL""}, {""component_synonym"": ""Xanthine dehydrogenase/oxidase"", ""syn_type"": ""UNIPROT""}, {""component_synonym"": ""Xanthine dehydrogenase"", ""syn_type"": ""UNIPROT""}, {""component_synonym"": ""Xanthine oxidase"", ""syn_type"": ""UNIPROT""}, {""component_synonym"": ""Xanthine oxidoreductase"", ""syn_type"": ""UNIPROT""}, {""component_synonym"": ""XOR"", ""syn_type"": ""UNIPROT""}, {""component_synonym"": ""1.17.1.4"", ""syn_type"": ""EC_NUMBER""}, {""component_synonym"": ""1.17.3.2"", ""syn_type"": ""EC_NUMBER""}], ""target_component_xrefs"": [{""xref_id"": ""6AC1"", ""xref_name"": ""A"", ""xref_src_db"": ""PDBe""}, {""xref_id"": ""6AD4"", ""xref_name"": ""A"", ""xref_src_db"": ""PDBe""}, {""xref_id"": ""1WYG"", ""xref_name"": ""A"", ""xref_src_db"": ""PDBe""}, {""xref_id"": ""2E3T"", ""xref_name"": ""A"", ""xref_src_db"": ""PDBe""}, {""xref_id"": ""6AC4"", ""xref_name"": ""A"", ""xref_src_db"": ""PDBe""}, {""xref_id"": ""6ABU"", ""xref_name"": ""A"", ""xref_src_db"": ""PDBe""}, {""xref_id"": ""6ADJ"", ""xref_name"": ""A"", ""xref_src_db"": ""PDBe""}, {""xref_id"": ""3AN1"", ""xref_name"": ""A"", ""xref_src_db"": ""PDBe""}, {""xref_id"": ""6AJU"", ""xref_name"": ""A"", ""xref_src_db"": ""PDBe""}, {""xref_id"": ""4YSW"", ""xref_name"": ""A"", ""xref_src_db"": ""PDBe""}, {""xref_id"": ""4YRW"", ""xref_name"": ""A"", ""xref_src_db"": ""PDBe""}, {""xref_id"": ""4YTY"", ""xref_name"": ""A"", ""xref_src_db"": ""PDBe""}, {""xref_id"": ""4YTZ"", ""xref_name"": ""A"", ""xref_src_db"": ""PDBe""}, {""xref_id"": ""6A7X"", ""xref_name"": ""A"", ""xref_src_db"": ""PDBe""}, {""xref_id"": ""GO:0007595"", ""xref_name"": ""lactation"", ""xref_src_db"": ""GoProcess""}, {""xref_id"": ""GO:0016226"", ""xref_name"": ""iron-sulfur cluster assembly"", ""xref_src_db"": ""GoProcess""}, {""xref_id"": ""GO:0030856"", ""xref_name"": ""regulation of epithelial cell differentiation"", ""xref_src_db"": ""GoProcess""}, {""xref_id"": ""GO:0004854"", ""xref_name"": ""xanthine dehydrogenase activity"", ""xref_src_db"": ""GoFunction""}, {""xref_id"": ""GO:0004855"", ""xref_name"": ""xanthine oxidase activity"", ""xref_src_db"": ""GoFunction""}, {""xref_id"": ""GO:0005506"", ""xref_name"": ""iron ion binding"", ""xref_src_db"": ""GoFunction""}, {""xref_id"": ""GO:0016491"", ""xref_name"": ""oxidoreductase activity"", ""xref_src_db"": ""GoFunction""}, {""xref_id"": ""GO:0042802"", ""xref_name"": ""identical protein binding"", ""xref_src_db"": ""GoFunction""}, {""xref_id"": ""GO:0042803"", ""xref_name"": ""protein homodimerization activity"", ""xref_src_db"": ""GoFunction""}, {""xref_id"": ""GO:0046872"", ""xref_name"": ""metal ion binding"", ""xref_src_db"": ""GoFunction""}, {""xref_id"": ""GO:0050421"", ""xref_name"": ""nitrite reductase (NO-forming) activity"", ""xref_src_db"": ""GoFunction""}, {""xref_id"": ""GO:0050660"", ""xref_name"": ""flavin adenine dinucleotide binding"", ""xref_src_db"": ""GoFunction""}, {""xref_id"": ""GO:0070674"", ""xref_name"": ""hypoxanthine dehydrogenase activity"", ""xref_src_db"": ""GoFunction""}, {""xref_id"": ""GO:0070675"", ""xref_name"": ""hypoxanthine oxidase activity"", ""xref_src_db"": ""GoFunction""}, {""xref_id"": ""GO:0071949"", ""xref_name"": ""FAD binding"", ""xref_src_db"": ""GoFunction""}, {""xref_id"": ""GO:0000255"", ""xref_name"": ""allantoin metabolic process"", ""xref_src_db"": ""GoProcess""}, {""xref_id"": ""GO:0001937"", ""xref_name"": ""negative regulation of endothelial cell proliferation"", ""xref_src_db"": ""GoProcess""}, {""xref_id"": ""GO:0006147"", ""xref_name"": ""guanine catabolic process"", ""xref_src_db"": ""GoProcess""}, {""xref_id"": ""GO:0006148"", ""xref_name"": ""inosine catabolic process"", ""xref_src_db"": ""GoProcess""}, {""xref_id"": ""GO:0006149"", ""xref_name"": ""deoxyinosine catabolic process"", ""xref_src_db"": ""GoProcess""}, {""xref_id"": ""GO:0006154"", ""xref_name"": ""adenosine catabolic process"", ""xref_src_db"": ""GoProcess""}, {""xref_id"": ""GO:0006157"", ""xref_name"": ""deoxyadenosine catabolic process"", ""xref_src_db"": ""GoProcess""}, {""xref_id"": ""GO:0006161"", ""xref_name"": ""deoxyguanosine catabolic process"", ""xref_src_db"": ""GoProcess""}, {""xref_id"": ""GO:0006196"", ""xref_name"": ""AMP catabolic process"", ""xref_src_db"": ""GoProcess""}, {""xref_id"": ""GO:0006204"", ""xref_name"": ""IMP catabolic process"", ""xref_src_db"": ""GoProcess""}, {""xref_id"": ""GO:0009114"", ""xref_name"": ""hypoxanthine catabolic process"", ""xref_src_db"": ""GoProcess""}, {""xref_id"": ""GO:0009115"", ""xref_name"": ""xanthine catabolic process"", ""xref_src_db"": ""GoProcess""}, {""xref_id"": ""GO:0010629"", ""xref_name"": ""negative regulation of gene expression"", ""xref_src_db"": ""GoProcess""}, {""xref_id"": ""GO:0042542"", ""xref_name"": ""response to hydrogen peroxide"", ""xref_src_db"": ""GoProcess""}, {""xref_id"": ""GO:0043605"", ""xref_name"": ""amide catabolic process"", ""xref_src_db"": ""GoProcess""}, {""xref_id"": ""GO:0045602"", ""xref_name"": ""negative regulation of endothelial cell differentiation"", ""xref_src_db"": ""GoProcess""}, {""xref_id"": ""GO:0046038"", ""xref_name"": ""GMP catabolic process"", ""xref_src_db"": ""GoProcess""}, {""xref_id"": ""GO:0046055"", ""xref_name"": ""dGMP catabolic process"", ""xref_src_db"": ""GoProcess""}, {""xref_id"": ""GO:0046059"", ""xref_name"": ""dAMP catabolic process"", ""xref_src_db"": ""GoProcess""}, {""xref_id"": ""GO:0051898"", ""xref_name"": ""negative regulation of phosphatidylinositol 3-kinase/protein kinase B signal transduction"", ""xref_src_db"": ""GoProcess""}, {""xref_id"": ""GO:1900745"", ""xref_name"": ""positive regulation of p38MAPK cascade"", ""xref_src_db"": ""GoProcess""}, {""xref_id"": ""GO:1900747"", ""xref_name"": ""negative regulation of vascular endothelial growth factor signaling pathway"", ""xref_src_db"": ""GoProcess""}, {""xref_id"": ""GO:2000379"", ""xref_name"": ""positive regulation of reactive oxygen species metabolic process"", ""xref_src_db"": ""GoProcess""}, {""xref_id"": ""GO:2001213"", ""xref_name"": ""negative regulation of vasculogenesis"", ""xref_src_db"": ""GoProcess""}, {""xref_id"": ""GO:0005615"", ""xref_name"": ""extracellular space"", ""xref_src_db"": ""GoComponent""}, {""xref_id"": ""GO:0005777"", ""xref_name"": ""peroxisome"", ""xref_src_db"": ""GoComponent""}, {""xref_id"": ""GO:0005829"", ""xref_name"": ""cytosol"", ""xref_src_db"": ""GoComponent""}, {""xref_id"": ""GO:0005576"", ""xref_name"": ""extracellular region"", ""xref_src_db"": ""GoComponent""}, {""xref_id"": ""GO:0005737"", ""xref_name"": ""cytoplasm"", ""xref_src_db"": ""GoComponent""}, {""xref_id"": ""GO:0016529"", ""xref_name"": ""sarcoplasmic reticulum"", ""xref_src_db"": ""GoComponent""}, {""xref_id"": ""Q63157"", ""xref_name"": ""Xanthine dehydrogenase/oxidase"", ""xref_src_db"": ""UniProt""}, {""xref_id"": ""P22985"", ""xref_name"": ""Xanthine dehydrogenase/oxidase"", ""xref_src_db"": ""UniProt""}, {""xref_id"": ""1WYG"", ""xref_name"": null, ""xref_src_db"": ""PDB""}, {""xref_id"": ""2E3T"", ""xref_name"": null, ""xref_src_db"": ""PDB""}, {""xref_id"": ""3AN1"", ""xref_name"": null, ""xref_src_db"": ""PDB""}, {""xref_id"": ""4YRW"", ""xref_name"": null, ""xref_src_db"": ""PDB""}, {""xref_id"": ""4YSW"", ""xref_name"": null, ""xref_src_db"": ""PDB""}, {""xref_id"": ""4YTY"", ""xref_name"": null, ""xref_src_db"": ""PDB""}, {""xref_id"": ""4YTZ"", ""xref_name"": null, ""xref_src_db"": ""PDB""}, {""xref_id"": ""6A7X"", ""xref_name"": null, ""xref_src_db"": ""PDB""}, {""xref_id"": ""6ABU"", ""xref_name"": null, ""xref_src_db"": ""PDB""}, {""xref_id"": ""6AC1"", ""xref_name"": null, ""xref_src_db"": ""PDB""}, {""xref_id"": ""6AC4"", ""xref_name"": null, ""xref_src_db"": ""PDB""}, {""xref_id"": ""6AD4"", ""xref_name"": null, ""xref_src_db"": ""PDB""}, {""xref_id"": ""6ADJ"", ""xref_name"": null, ""xref_src_db"": ""PDB""}, {""xref_id"": ""6AJU"", ""xref_name"": null, ""xref_src_db"": ""PDB""}, {""xref_id"": ""P22985"", ""xref_name"": null, ""xref_src_db"": ""AlphaFoldDB""}, {""xref_id"": ""R-RNO-74259"", ""xref_name"": ""Purine catabolism"", ""xref_src_db"": ""Reactome""}, {""xref_id"": ""R-RNO-8851680"", ""xref_name"": ""Butyrophilin (BTN) family interactions"", ""xref_src_db"": ""Reactome""}, {""xref_id"": ""R-RNO-9748787"", ""xref_name"": ""Azathioprine ADME"", ""xref_src_db"": ""Reactome""}, {""xref_id"": ""IPR002888"", ""xref_name"": ""2Fe-2S-bd"", ""xref_src_db"": ""InterPro""}, {""xref_id"": ""IPR036884"", ""xref_name"": ""2Fe-2S-bd_dom_sf"", ""xref_src_db"": ""InterPro""}, {""xref_id"": ""IPR036010"", ""xref_name"": ""2Fe-2S_ferredoxin-like_sf"", ""xref_src_db"": ""InterPro""}, {""xref_id"": ""IPR001041"", ""xref_name"": ""2Fe-2S_ferredoxin-type"", ""xref_src_db"": ""InterPro""}, {""xref_id"": ""IPR006058"", ""xref_name"": ""2Fe2S_fd_BS"", ""xref_src_db"": ""InterPro""}, {""xref_id"": ""IPR000674"", ""xref_name"": ""Ald_Oxase/Xan_DH_a/b"", ""xref_src_db"": ""InterPro""}, {""xref_id"": ""IPR036856"", ""xref_name"": ""Ald_Oxase/Xan_DH_a/b_sf"", ""xref_src_db"": ""InterPro""}, {""xref_id"": ""IPR016208"", ""xref_name"": ""Ald_Oxase/xanthine_DH-like"", ""xref_src_db"": ""InterPro""}, {""xref_id"": ""IPR008274"", ""xref_name"": ""AldOxase/xan_DH_MoCoBD1"", ""xref_src_db"": ""InterPro""}, {""xref_id"": ""IPR046867"", ""xref_name"": ""AldOxase/xan_DH_MoCoBD2"", ""xref_src_db"": ""InterPro""}, {""xref_id"": ""IPR037165"", ""xref_name"": ""AldOxase/xan_DH_Mopterin-bd_sf"", ""xref_src_db"": ""InterPro""}, {""xref_id"": ""IPR012675"", ""xref_name"": ""Beta-grasp_dom_sf"", ""xref_src_db"": ""InterPro""}, {""xref_id"": ""IPR005107"", ""xref_name"": ""CO_DH_flav_C"", ""xref_src_db"": ""InterPro""}, {""xref_id"": ""IPR036683"", ""xref_name"": ""CO_DH_flav_C_dom_sf"", ""xref_src_db"": ""InterPro""}, {""xref_id"": ""IPR016166"", ""xref_name"": ""FAD-bd_PCMH"", ""xref_src_db"": ""InterPro""}, {""xref_id"": ""IPR036318"", ""xref_name"": ""FAD-bd_PCMH-like_sf"", ""xref_src_db"": ""InterPro""}, {""xref_id"": ""IPR016167"", ""xref_name"": ""FAD-bd_PCMH_sub1"", ""xref_src_db"": ""InterPro""}, {""xref_id"": ""IPR016169"", ""xref_name"": ""FAD-bd_PCMH_sub2"", ""xref_src_db"": ""InterPro""}, {""xref_id"": ""IPR002346"", ""xref_name"": ""Mopterin_DH_FAD-bd"", ""xref_src_db"": ""InterPro""}, {""xref_id"": ""IPR022407"", ""xref_name"": ""OxRdtase_Mopterin_BS"", ""xref_src_db"": ""InterPro""}, {""xref_id"": ""IPR014307"", ""xref_name"": ""Xanthine_DH_ssu"", ""xref_src_db"": ""InterPro""}, {""xref_id"": ""PTHR45444"", ""xref_name"": ""XANTHINE DEHYDROGENASE"", ""xref_src_db"": ""PANTHER""}, {""xref_id"": ""PTHR45444:SF3"", ""xref_name"": ""XANTHINE DEHYDROGENASE"", ""xref_src_db"": ""PANTHER""}, {""xref_id"": ""PF01315"", ""xref_name"": ""Ald_Xan_dh_C"", ""xref_src_db"": ""Pfam""}, {""xref_id"": ""PF03450"", ""xref_name"": ""CO_deh_flav_C"", ""xref_src_db"": ""Pfam""}, {""xref_id"": ""PF00941"", ""xref_name"": ""FAD_binding_5"", ""xref_src_db"": ""Pfam""}, {""xref_id"": ""PF00111"", ""xref_name"": ""Fer2"", ""xref_src_db"": ""Pfam""}, {""xref_id"": ""PF01799"", ""xref_name"": ""Fer2_2"", ""xref_src_db"": ""Pfam""}, {""xref_id"": ""PF02738"", ""xref_name"": ""MoCoBD_1"", ""xref_src_db"": ""Pfam""}, {""xref_id"": ""PF20256"", ""xref_name"": ""MoCoBD_2"", ""xref_src_db"": ""Pfam""}]}]",normalized_field,tests/fixtures/bronze/chembl/target/sample_ci_2026-04-24.jsonl
chembl_target,chembl/target,target_components,bronze_fixture,"[{""accession"": ""P28776"", ""component_description"": ""Indoleamine 2,3-dioxygenase 1"", ""component_id"": 4728, ""component_type"": ""PROTEIN"", ""relationship"": ""SINGLE PROTEIN"", ""target_component_synonyms"": [{""component_synonym"": ""Ido"", ""syn_type"": ""GENE_SYMBOL_OTHER""}, {""component_synonym"": ""Indo"", ""syn_type"": ""GENE_SYMBOL_OTHER""}, {""component_synonym"": ""Ido1"", ""syn_type"": ""GENE_SYMBOL""}, {""component_synonym"": ""Indoleamine 2,3-dioxygenase 1"", ""syn_type"": ""UNIPROT""}, {""component_synonym"": ""Indoleamine-pyrrole 2,3-dioxygenase"", ""syn_type"": ""UNIPROT""}, {""component_synonym"": ""IDO-1"", ""syn_type"": ""UNIPROT""}, {""component_synonym"": ""1.13.11.52"", ""syn_type"": ""EC_NUMBER""}], ""target_component_xrefs"": [{""xref_id"": ""GO:0042098"", ""xref_name"": ""T cell proliferation"", ""xref_src_db"": ""GoProcess""}, {""xref_id"": ""GO:0002666"", ""xref_name"": ""positive regulation of T cell tolerance induction"", ""xref_src_db"": ""GoProcess""}, {""xref_id"": ""GO:0002678"", ""xref_name"": ""positive regulation of chronic inflammatory response"", ""xref_src_db"": ""GoProcess""}, {""xref_id"": ""GO:0002830"", ""xref_name"": ""positive regulation of type 2 immune response"", ""xref_src_db"": ""GoProcess""}, {""xref_id"": ""GO:0019441"", ""xref_name"": ""tryptophan catabolic process to kynurenine"", ""xref_src_db"": ""GoProcess""}, {""xref_id"": ""GO:0032693"", ""xref_name"": ""negative regulation of interleukin-10 production"", ""xref_src_db"": ""GoProcess""}, {""xref_id"": ""GO:0032735"", ""xref_name"": ""positive regulation of interleukin-12 production"", ""xref_src_db"": ""GoProcess""}, {""xref_id"": ""GO:0033555"", ""xref_name"": ""multicellular organismal response to stress"", ""xref_src_db"": ""GoProcess""}, {""xref_id"": ""GO:0034276"", ""xref_name"": ""kynurenic acid biosynthetic process"", ""xref_src_db"": ""GoProcess""}, {""xref_id"": ""GO:0036269"", ""xref_name"": ""swimming behavior"", ""xref_src_db"": ""GoProcess""}, {""xref_id"": ""GO:0042130"", ""xref_name"": ""negative regulation of T cell proliferation"", ""xref_src_db"": ""GoProcess""}, {""xref_id"": ""GO:0043065"", ""xref_name"": ""positive regulation of apoptotic process"", ""xref_src_db"": ""GoProcess""}, {""xref_id"": ""GO:0046007"", ""xref_name"": ""negative regulation of activated T cell proliferation"", ""xref_src_db"": ""GoProcess""}, {""xref_id"": ""GO:0070233"", ""xref_name"": ""negative regulation of T cell apoptotic process"", ""xref_src_db"": ""GoProcess""}, {""xref_id"": ""GO:0004833"", ""xref_name"": ""tryptophan 2,3-dioxygenase activity"", ""xref_src_db"": ""GoFunction""}, {""xref_id"": ""GO:0005515"", ""xref_name"": ""protein binding"", ""xref_src_db"": ""GoFunction""}, {""xref_id"": ""GO:0016702"", ""xref_name"": ""oxidoreductase activity, acting on single donors with incorporation of molecular oxygen, incorporation of two atoms of oxygen"", ""xref_src_db"": ""GoFunction""}, {""xref_id"": ""GO:0033754"", ""xref_name"": ""indoleamine 2,3-dioxygenase activity"", ""xref_src_db"": ""GoFunction""}, {""xref_id"": ""GO:0046872"", ""xref_name"": ""metal ion binding"", ""xref_src_db"": ""GoFunction""}, {""xref_id"": ""GO:0051213"", ""xref_name"": ""dioxygenase activity"", ""xref_src_db"": ""GoFunction""}, {""xref_id"": ""GO:0002376"", ""xref_name"": ""immune system process"", ""xref_src_db"": ""GoProcess""}, {""xref_id"": ""GO:0006569"", ""xref_name"": ""tryptophan catabolic process"", ""xref_src_db"": ""GoProcess""}, {""xref_id"": ""GO:0019805"", ""xref_name"": ""quinolinate biosynthetic process"", ""xref_src_db"": ""GoProcess""}, {""xref_id"": ""GO:0070234"", ""xref_name"": ""positive regulation of T cell apoptotic process"", ""xref_src_db"": ""GoProcess""}, {""xref_id"": ""GO:0005737"", ""xref_name"": ""cytoplasm"", ""xref_src_db"": ""GoComponent""}, {""xref_id"": ""GO:0005829"", ""xref_name"": ""cytosol"", ""xref_src_db"": ""GoComponent""}, {""xref_id"": ""GO:0030485"", ""xref_name"": ""smooth muscle contractile fiber"", ""xref_src_db"": ""GoComponent""}, {""xref_id"": ""GO:0032421"", ""xref_name"": ""stereocilium bundle"", ""xref_src_db"": ""GoComponent""}, {""xref_id"": ""P28776"", ""xref_name"": ""Indoleamine 2,3-dioxygenase 1"", ""xref_src_db"": ""UniProt""}, {""xref_id"": ""P28776"", ""xref_name"": null, ""xref_src_db"": ""AlphaFoldDB""}, {""xref_id"": ""P28776"", ""xref_name"": null, ""xref_src_db"": ""IntAct""}, {""xref_id"": ""R-MMU-71240"", ""xref_name"": ""Tryptophan catabolism"", ""xref_src_db"": ""Reactome""}, {""xref_id"": ""P28776"", ""xref_name"": null, ""xref_src_db"": ""ExpressionAtlas""}, {""xref_id"": ""IPR000898"", ""xref_name"": ""Indolamine_dOase"", ""xref_src_db"": ""InterPro""}, {""xref_id"": ""IPR037217"", ""xref_name"": ""Trp/Indoleamine_2_3_dOase-like"", ""xref_src_db"": ""InterPro""}, {""xref_id"": ""PTHR28657"", ""xref_name"": ""INDOLEAMINE 2,3-DIOXYGENASE"", ""xref_src_db"": ""PANTHER""}, {""xref_id"": ""PTHR28657:SF2"", ""xref_name"": ""INDOLEAMINE 2,3-DIOXYGENASE 1"", ""xref_src_db"": ""PANTHER""}, {""xref_id"": ""PF01231"", ""xref_name"": ""IDO"", ""xref_src_db"": ""Pfam""}]}]",1,"[{""accession"": ""P28776"", ""component_description"": ""Indoleamine 2,3-dioxygenase 1"", ""component_id"": 4728, ""component_type"": ""PROTEIN"", ""relationship"": ""SINGLE PROTEIN"", ""target_component_synonyms"": [{""component_synonym"": ""Ido"", ""syn_type"": ""GENE_SYMBOL_OTHER""}, {""component_synonym"": ""Indo"", ""syn_type"": ""GENE_SYMBOL_OTHER""}, {""component_synonym"": ""Ido1"", ""syn_type"": ""GENE_SYMBOL""}, {""component_synonym"": ""Indoleamine 2,3-dioxygenase 1"", ""syn_type"": ""UNIPROT""}, {""component_synonym"": ""Indoleamine-pyrrole 2,3-dioxygenase"", ""syn_type"": ""UNIPROT""}, {""component_synonym"": ""IDO-1"", ""syn_type"": ""UNIPROT""}, {""component_synonym"": ""1.13.11.52"", ""syn_type"": ""EC_NUMBER""}], ""target_component_xrefs"": [{""xref_id"": ""GO:0042098"", ""xref_name"": ""T cell proliferation"", ""xref_src_db"": ""GoProcess""}, {""xref_id"": ""GO:0002666"", ""xref_name"": ""positive regulation of T cell tolerance induction"", ""xref_src_db"": ""GoProcess""}, {""xref_id"": ""GO:0002678"", ""xref_name"": ""positive regulation of chronic inflammatory response"", ""xref_src_db"": ""GoProcess""}, {""xref_id"": ""GO:0002830"", ""xref_name"": ""positive regulation of type 2 immune response"", ""xref_src_db"": ""GoProcess""}, {""xref_id"": ""GO:0019441"", ""xref_name"": ""tryptophan catabolic process to kynurenine"", ""xref_src_db"": ""GoProcess""}, {""xref_id"": ""GO:0032693"", ""xref_name"": ""negative regulation of interleukin-10 production"", ""xref_src_db"": ""GoProcess""}, {""xref_id"": ""GO:0032735"", ""xref_name"": ""positive regulation of interleukin-12 production"", ""xref_src_db"": ""GoProcess""}, {""xref_id"": ""GO:0033555"", ""xref_name"": ""multicellular organismal response to stress"", ""xref_src_db"": ""GoProcess""}, {""xref_id"": ""GO:0034276"", ""xref_name"": ""kynurenic acid biosynthetic process"", ""xref_src_db"": ""GoProcess""}, {""xref_id"": ""GO:0036269"", ""xref_name"": ""swimming behavior"", ""xref_src_db"": ""GoProcess""}, {""xref_id"": ""GO:0042130"", ""xref_name"": ""negative regulation of T cell proliferation"", ""xref_src_db"": ""GoProcess""}, {""xref_id"": ""GO:0043065"", ""xref_name"": ""positive regulation of apoptotic process"", ""xref_src_db"": ""GoProcess""}, {""xref_id"": ""GO:0046007"", ""xref_name"": ""negative regulation of activated T cell proliferation"", ""xref_src_db"": ""GoProcess""}, {""xref_id"": ""GO:0070233"", ""xref_name"": ""negative regulation of T cell apoptotic process"", ""xref_src_db"": ""GoProcess""}, {""xref_id"": ""GO:0004833"", ""xref_name"": ""tryptophan 2,3-dioxygenase activity"", ""xref_src_db"": ""GoFunction""}, {""xref_id"": ""GO:0005515"", ""xref_name"": ""protein binding"", ""xref_src_db"": ""GoFunction""}, {""xref_id"": ""GO:0016702"", ""xref_name"": ""oxidoreductase activity, acting on single donors with incorporation of molecular oxygen, incorporation of two atoms of oxygen"", ""xref_src_db"": ""GoFunction""}, {""xref_id"": ""GO:0033754"", ""xref_name"": ""indoleamine 2,3-dioxygenase activity"", ""xref_src_db"": ""GoFunction""}, {""xref_id"": ""GO:0046872"", ""xref_name"": ""metal ion binding"", ""xref_src_db"": ""GoFunction""}, {""xref_id"": ""GO:0051213"", ""xref_name"": ""dioxygenase activity"", ""xref_src_db"": ""GoFunction""}, {""xref_id"": ""GO:0002376"", ""xref_name"": ""immune system process"", ""xref_src_db"": ""GoProcess""}, {""xref_id"": ""GO:0006569"", ""xref_name"": ""tryptophan catabolic process"", ""xref_src_db"": ""GoProcess""}, {""xref_id"": ""GO:0019805"", ""xref_name"": ""quinolinate biosynthetic process"", ""xref_src_db"": ""GoProcess""}, {""xref_id"": ""GO:0070234"", ""xref_name"": ""positive regulation of T cell apoptotic process"", ""xref_src_db"": ""GoProcess""}, {""xref_id"": ""GO:0005737"", ""xref_name"": ""cytoplasm"", ""xref_src_db"": ""GoComponent""}, {""xref_id"": ""GO:0005829"", ""xref_name"": ""cytosol"", ""xref_src_db"": ""GoComponent""}, {""xref_id"": ""GO:0030485"", ""xref_name"": ""smooth muscle contractile fiber"", ""xref_src_db"": ""GoComponent""}, {""xref_id"": ""GO:0032421"", ""xref_name"": ""stereocilium bundle"", ""xref_src_db"": ""GoComponent""}, {""xref_id"": ""P28776"", ""xref_name"": ""Indoleamine 2,3-dioxygenase 1"", ""xref_src_db"": ""UniProt""}, {""xref_id"": ""P28776"", ""xref_name"": null, ""xref_src_db"": ""AlphaFoldDB""}, {""xref_id"": ""P28776"", ""xref_name"": null, ""xref_src_db"": ""IntAct""}, {""xref_id"": ""R-MMU-71240"", ""xref_name"": ""Tryptophan catabolism"", ""xref_src_db"": ""Reactome""}, {""xref_id"": ""P28776"", ""xref_name"": null, ""xref_src_db"": ""ExpressionAtlas""}, {""xref_id"": ""IPR000898"", ""xref_name"": ""Indolamine_dOase"", ""xref_src_db"": ""InterPro""}, {""xref_id"": ""IPR037217"", ""xref_name"": ""Trp/Indoleamine_2_3_dOase-like"", ""xref_src_db"": ""InterPro""}, {""xref_id"": ""PTHR28657"", ""xref_name"": ""INDOLEAMINE 2,3-DIOXYGENASE"", ""xref_src_db"": ""PANTHER""}, {""xref_id"": ""PTHR28657:SF2"", ""xref_name"": ""INDOLEAMINE 2,3-DIOXYGENASE 1"", ""xref_src_db"": ""PANTHER""}, {""xref_id"": ""PF01231"", ""xref_name"": ""IDO"", ""xref_src_db"": ""Pfam""}]}]",normalized_field,tests/fixtures/bronze/chembl/target/sample_ci_2026-04-24.jsonl
chembl_target,chembl/target,target_components,bronze_fixture,"[{""accession"": ""P48776"", ""component_description"": ""Tryptophan 2,3-dioxygenase"", ""component_id"": 3905, ""component_type"": ""PROTEIN"", ""relationship"": ""SINGLE PROTEIN"", ""target_component_synonyms"": [{""component_synonym"": ""Tdo"", ""syn_type"": ""GENE_SYMBOL_OTHER""}, {""component_synonym"": ""Tdo2"", ""syn_type"": ""GENE_SYMBOL""}, {""component_synonym"": ""Tryptophan 2,3-dioxygenase"", ""syn_type"": ""UNIPROT""}, {""component_synonym"": ""Tryptamin 2,3-dioxygenase"", ""syn_type"": ""UNIPROT""}, {""component_synonym"": ""Tryptophan oxygenase"", ""syn_type"": ""UNIPROT""}, {""component_synonym"": ""Tryptophan pyrrolase"", ""syn_type"": ""UNIPROT""}, {""component_synonym"": ""Tryptophanase"", ""syn_type"": ""UNIPROT""}, {""component_synonym"": ""TDO"", ""syn_type"": ""UNIPROT""}, {""component_synonym"": ""TRPO"", ""syn_type"": ""UNIPROT""}, {""component_synonym"": ""1.13.11.11"", ""syn_type"": ""EC_NUMBER""}], ""target_component_xrefs"": [{""xref_id"": ""GO:0004833"", ""xref_name"": ""tryptophan 2,3-dioxygenase activity"", ""xref_src_db"": ""GoFunction""}, {""xref_id"": ""GO:0042802"", ""xref_name"": ""identical protein binding"", ""xref_src_db"": ""GoFunction""}, {""xref_id"": ""GO:0046872"", ""xref_name"": ""metal ion binding"", ""xref_src_db"": ""GoFunction""}, {""xref_id"": ""GO:0051213"", ""xref_name"": ""dioxygenase activity"", ""xref_src_db"": ""GoFunction""}, {""xref_id"": ""GO:0006568"", ""xref_name"": ""tryptophan metabolic process"", ""xref_src_db"": ""GoProcess""}, {""xref_id"": ""GO:0006569"", ""xref_name"": ""tryptophan catabolic process"", ""xref_src_db"": ""GoProcess""}, {""xref_id"": ""GO:0019441"", ""xref_name"": ""tryptophan catabolic process to kynurenine"", ""xref_src_db"": ""GoProcess""}, {""xref_id"": ""GO:0019442"", ""xref_name"": ""tryptophan catabolic process to acetyl-CoA"", ""xref_src_db"": ""GoProcess""}, {""xref_id"": ""GO:0051289"", ""xref_name"": ""protein homotetramerization"", ""xref_src_db"": ""GoProcess""}, {""xref_id"": ""P48776"", ""xref_name"": ""Tryptophan 2,3-dioxygenase"", ""xref_src_db"": ""UniProt""}, {""xref_id"": ""P48776"", ""xref_name"": null, ""xref_src_db"": ""AlphaFoldDB""}, {""xref_id"": ""R-MMU-71240"", ""xref_name"": ""Tryptophan catabolism"", ""xref_src_db"": ""Reactome""}, {""xref_id"": ""P48776"", ""xref_name"": null, ""xref_src_db"": ""ExpressionAtlas""}, {""xref_id"": ""IPR037217"", ""xref_name"": ""Trp/Indoleamine_2_3_dOase-like"", ""xref_src_db"": ""InterPro""}, {""xref_id"": ""IPR004981"", ""xref_name"": ""Trp_2_3_dOase"", ""xref_src_db"": ""InterPro""}, {""xref_id"": ""PTHR10138"", ""xref_name"": ""TRYPTOPHAN 2,3-DIOXYGENASE"", ""xref_src_db"": ""PANTHER""}, {""xref_id"": ""PTHR10138:SF0"", ""xref_name"": ""TRYPTOPHAN 2,3-DIOXYGENASE"", ""xref_src_db"": ""PANTHER""}, {""xref_id"": ""PF03301"", ""xref_name"": ""Trp_dioxygenase"", ""xref_src_db"": ""Pfam""}]}]",1,"[{""accession"": ""P48776"", ""component_description"": ""Tryptophan 2,3-dioxygenase"", ""component_id"": 3905, ""component_type"": ""PROTEIN"", ""relationship"": ""SINGLE PROTEIN"", ""target_component_synonyms"": [{""component_synonym"": ""Tdo"", ""syn_type"": ""GENE_SYMBOL_OTHER""}, {""component_synonym"": ""Tdo2"", ""syn_type"": ""GENE_SYMBOL""}, {""component_synonym"": ""Tryptophan 2,3-dioxygenase"", ""syn_type"": ""UNIPROT""}, {""component_synonym"": ""Tryptamin 2,3-dioxygenase"", ""syn_type"": ""UNIPROT""}, {""component_synonym"": ""Tryptophan oxygenase"", ""syn_type"": ""UNIPROT""}, {""component_synonym"": ""Tryptophan pyrrolase"", ""syn_type"": ""UNIPROT""}, {""component_synonym"": ""Tryptophanase"", ""syn_type"": ""UNIPROT""}, {""component_synonym"": ""TDO"", ""syn_type"": ""UNIPROT""}, {""component_synonym"": ""TRPO"", ""syn_type"": ""UNIPROT""}, {""component_synonym"": ""1.13.11.11"", ""syn_type"": ""EC_NUMBER""}], ""target_component_xrefs"": [{""xref_id"": ""GO:0004833"", ""xref_name"": ""tryptophan 2,3-dioxygenase activity"", ""xref_src_db"": ""GoFunction""}, {""xref_id"": ""GO:0042802"", ""xref_name"": ""identical protein binding"", ""xref_src_db"": ""GoFunction""}, {""xref_id"": ""GO:0046872"", ""xref_name"": ""metal ion binding"", ""xref_src_db"": ""GoFunction""}, {""xref_id"": ""GO:0051213"", ""xref_name"": ""dioxygenase activity"", ""xref_src_db"": ""GoFunction""}, {""xref_id"": ""GO:0006568"", ""xref_name"": ""tryptophan metabolic process"", ""xref_src_db"": ""GoProcess""}, {""xref_id"": ""GO:0006569"", ""xref_name"": ""tryptophan catabolic process"", ""xref_src_db"": ""GoProcess""}, {""xref_id"": ""GO:0019441"", ""xref_name"": ""tryptophan catabolic process to kynurenine"", ""xref_src_db"": ""GoProcess""}, {""xref_id"": ""GO:0019442"", ""xref_name"": ""tryptophan catabolic process to acetyl-CoA"", ""xref_src_db"": ""GoProcess""}, {""xref_id"": ""GO:0051289"", ""xref_name"": ""protein homotetramerization"", ""xref_src_db"": ""GoProcess""}, {""xref_id"": ""P48776"", ""xref_name"": ""Tryptophan 2,3-dioxygenase"", ""xref_src_db"": ""UniProt""}, {""xref_id"": ""P48776"", ""xref_name"": null, ""xref_src_db"": ""AlphaFoldDB""}, {""xref_id"": ""R-MMU-71240"", ""xref_name"": ""Tryptophan catabolism"", ""xref_src_db"": ""Reactome""}, {""xref_id"": ""P48776"", ""xref_name"": null, ""xref_src_db"": ""ExpressionAtlas""}, {""xref_id"": ""IPR037217"", ""xref_name"": ""Trp/Indoleamine_2_3_dOase-like"", ""xref_src_db"": ""InterPro""}, {""xref_id"": ""IPR004981"", ""xref_name"": ""Trp_2_3_dOase"", ""xref_src_db"": ""InterPro""}, {""xref_id"": ""PTHR10138"", ""xref_name"": ""TRYPTOPHAN 2,3-DIOXYGENASE"", ""xref_src_db"": ""PANTHER""}, {""xref_id"": ""PTHR10138:SF0"", ""xref_name"": ""TRYPTOPHAN 2,3-DIOXYGENASE"", ""xref_src_db"": ""PANTHER""}, {""xref_id"": ""PF03301"", ""xref_name"": ""Trp_dioxygenase"", ""xref_src_db"": ""Pfam""}]}]",normalized_field,tests/fixtures/bronze/chembl/target/sample_ci_2026-04-24.jsonl
chembl_target,chembl/target,target_components,bronze_fixture,"[{""accession"": ""P61814"", ""component_description"": ""C-C chemokine receptor type 5"", ""component_id"": 4613, ""component_type"": ""PROTEIN"", ""relationship"": ""SINGLE PROTEIN"", ""target_component_synonyms"": [{""component_synonym"": ""CMKBR5"", ""syn_type"": ""GENE_SYMBOL_OTHER""}, {""component_synonym"": ""CCR5"", ""syn_type"": ""GENE_SYMBOL""}, {""component_synonym"": ""C-C chemokine receptor type 5"", ""syn_type"": ""UNIPROT""}, {""component_synonym"": ""CD_antigen=CD195"", ""syn_type"": ""UNIPROT""}, {""component_synonym"": ""C-C CKR-5"", ""syn_type"": ""UNIPROT""}, {""component_synonym"": ""CC-CKR-5"", ""syn_type"": ""UNIPROT""}, {""component_synonym"": ""CCR-5"", ""syn_type"": ""UNIPROT""}, {""component_synonym"": ""CCR5"", ""syn_type"": ""UNIPROT""}], ""target_component_xrefs"": [{""xref_id"": ""GO:0004930"", ""xref_name"": ""G protein-coupled receptor activity"", ""xref_src_db"": ""GoFunction""}, {""xref_id"": ""GO:0016493"", ""xref_name"": ""C-C chemokine receptor activity"", ""xref_src_db"": ""GoFunction""}, {""xref_id"": ""GO:0071791"", ""xref_name"": ""chemokine (C-C motif) ligand 5 binding"", ""xref_src_db"": ""GoFunction""}, {""xref_id"": ""GO:0006935"", ""xref_name"": ""chemotaxis"", ""xref_src_db"": ""GoProcess""}, {""xref_id"": ""GO:0006955"", ""xref_name"": ""immune response"", ""xref_src_db"": ""GoProcess""}, {""xref_id"": ""GO:0007186"", ""xref_name"": ""G protein-coupled receptor signaling pathway"", ""xref_src_db"": ""GoProcess""}, {""xref_id"": ""GO:0007204"", ""xref_name"": ""positive regulation of cytosolic calcium ion concentration"", ""xref_src_db"": ""GoProcess""}, {""xref_id"": ""GO:0019722"", ""xref_name"": ""calcium-mediated signaling"", ""xref_src_db"": ""GoProcess""}, {""xref_id"": ""GO:0060326"", ""xref_name"": ""cell chemotaxis"", ""xref_src_db"": ""GoProcess""}, {""xref_id"": ""GO:0070098"", ""xref_name"": ""chemokine-mediated signaling pathway"", ""xref_src_db"": ""GoProcess""}, {""xref_id"": ""GO:0005737"", ""xref_name"": ""cytoplasm"", ""xref_src_db"": ""GoComponent""}, {""xref_id"": ""GO:0005886"", ""xref_name"": ""plasma membrane"", ""xref_src_db"": ""GoComponent""}, {""xref_id"": ""GO:0009897"", ""xref_name"": ""external side of plasma membrane"", ""xref_src_db"": ""GoComponent""}, {""xref_id"": ""GO:0016020"", ""xref_name"": ""membrane"", ""xref_src_db"": ""GoComponent""}, {""xref_id"": ""O02746"", ""xref_name"": ""C-C chemokine receptor type 5"", ""xref_src_db"": ""UniProt""}, {""xref_id"": ""P79436"", ""xref_name"": ""C-C chemokine receptor type 5"", ""xref_src_db"": ""UniProt""}, {""xref_id"": ""Q548Q9"", ""xref_name"": ""C-C chemokine receptor type 5"", ""xref_src_db"": ""UniProt""}, {""xref_id"": ""P61814"", ""xref_name"": ""C-C chemokine receptor type 5"", ""xref_src_db"": ""UniProt""}, {""xref_id"": ""P61814"", ""xref_name"": null, ""xref_src_db"": ""AlphaFoldDB""}, {""xref_id"": ""IPR050119"", ""xref_name"": ""CCR1-9-like"", ""xref_src_db"": ""InterPro""}, {""xref_id"": ""IPR002240"", ""xref_name"": ""Chemokine_CCR5"", ""xref_src_db"": ""InterPro""}, {""xref_id"": ""IPR000355"", ""xref_name"": ""Chemokine_rcpt"", ""xref_src_db"": ""InterPro""}, {""xref_id"": ""IPR000276"", ""xref_name"": ""GPCR_Rhodpsn"", ""xref_src_db"": ""InterPro""}, {""xref_id"": ""IPR017452"", ""xref_name"": ""GPCR_Rhodpsn_7TM"", ""xref_src_db"": ""InterPro""}, {""xref_id"": ""PTHR10489:SF686"", ""xref_name"": ""C-C CHEMOKINE RECEPTOR TYPE 5"", ""xref_src_db"": ""PANTHER""}, {""xref_id"": ""PTHR10489"", ""xref_name"": ""CELL ADHESION MOLECULE"", ""xref_src_db"": ""PANTHER""}, {""xref_id"": ""PF00001"", ""xref_name"": ""7tm_1"", ""xref_src_db"": ""Pfam""}, {""xref_id"": ""PA26170"", ""xref_name"": ""C-C motif chemokine receptor 5"", ""xref_src_db"": ""PharmGKB""}]}]",1,"[{""accession"": ""P61814"", ""component_description"": ""C-C chemokine receptor type 5"", ""component_id"": 4613, ""component_type"": ""PROTEIN"", ""relationship"": ""SINGLE PROTEIN"", ""target_component_synonyms"": [{""component_synonym"": ""CMKBR5"", ""syn_type"": ""GENE_SYMBOL_OTHER""}, {""component_synonym"": ""CCR5"", ""syn_type"": ""GENE_SYMBOL""}, {""component_synonym"": ""C-C chemokine receptor type 5"", ""syn_type"": ""UNIPROT""}, {""component_synonym"": ""CD_antigen=CD195"", ""syn_type"": ""UNIPROT""}, {""component_synonym"": ""C-C CKR-5"", ""syn_type"": ""UNIPROT""}, {""component_synonym"": ""CC-CKR-5"", ""syn_type"": ""UNIPROT""}, {""component_synonym"": ""CCR-5"", ""syn_type"": ""UNIPROT""}, {""component_synonym"": ""CCR5"", ""syn_type"": ""UNIPROT""}], ""target_component_xrefs"": [{""xref_id"": ""GO:0004930"", ""xref_name"": ""G protein-coupled receptor activity"", ""xref_src_db"": ""GoFunction""}, {""xref_id"": ""GO:0016493"", ""xref_name"": ""C-C chemokine receptor activity"", ""xref_src_db"": ""GoFunction""}, {""xref_id"": ""GO:0071791"", ""xref_name"": ""chemokine (C-C motif) ligand 5 binding"", ""xref_src_db"": ""GoFunction""}, {""xref_id"": ""GO:0006935"", ""xref_name"": ""chemotaxis"", ""xref_src_db"": ""GoProcess""}, {""xref_id"": ""GO:0006955"", ""xref_name"": ""immune response"", ""xref_src_db"": ""GoProcess""}, {""xref_id"": ""GO:0007186"", ""xref_name"": ""G protein-coupled receptor signaling pathway"", ""xref_src_db"": ""GoProcess""}, {""xref_id"": ""GO:0007204"", ""xref_name"": ""positive regulation of cytosolic calcium ion concentration"", ""xref_src_db"": ""GoProcess""}, {""xref_id"": ""GO:0019722"", ""xref_name"": ""calcium-mediated signaling"", ""xref_src_db"": ""GoProcess""}, {""xref_id"": ""GO:0060326"", ""xref_name"": ""cell chemotaxis"", ""xref_src_db"": ""GoProcess""}, {""xref_id"": ""GO:0070098"", ""xref_name"": ""chemokine-mediated signaling pathway"", ""xref_src_db"": ""GoProcess""}, {""xref_id"": ""GO:0005737"", ""xref_name"": ""cytoplasm"", ""xref_src_db"": ""GoComponent""}, {""xref_id"": ""GO:0005886"", ""xref_name"": ""plasma membrane"", ""xref_src_db"": ""GoComponent""}, {""xref_id"": ""GO:0009897"", ""xref_name"": ""external side of plasma membrane"", ""xref_src_db"": ""GoComponent""}, {""xref_id"": ""GO:0016020"", ""xref_name"": ""membrane"", ""xref_src_db"": ""GoComponent""}, {""xref_id"": ""O02746"", ""xref_name"": ""C-C chemokine receptor type 5"", ""xref_src_db"": ""UniProt""}, {""xref_id"": ""P79436"", ""xref_name"": ""C-C chemokine receptor type 5"", ""xref_src_db"": ""UniProt""}, {""xref_id"": ""Q548Q9"", ""xref_name"": ""C-C chemokine receptor type 5"", ""xref_src_db"": ""UniProt""}, {""xref_id"": ""P61814"", ""xref_name"": ""C-C chemokine receptor type 5"", ""xref_src_db"": ""UniProt""}, {""xref_id"": ""P61814"", ""xref_name"": null, ""xref_src_db"": ""AlphaFoldDB""}, {""xref_id"": ""IPR050119"", ""xref_name"": ""CCR1-9-like"", ""xref_src_db"": ""InterPro""}, {""xref_id"": ""IPR002240"", ""xref_name"": ""Chemokine_CCR5"", ""xref_src_db"": ""InterPro""}, {""xref_id"": ""IPR000355"", ""xref_name"": ""Chemokine_rcpt"", ""xref_src_db"": ""InterPro""}, {""xref_id"": ""IPR000276"", ""xref_name"": ""GPCR_Rhodpsn"", ""xref_src_db"": ""InterPro""}, {""xref_id"": ""IPR017452"", ""xref_name"": ""GPCR_Rhodpsn_7TM"", ""xref_src_db"": ""InterPro""}, {""xref_id"": ""PTHR10489:SF686"", ""xref_name"": ""C-C CHEMOKINE RECEPTOR TYPE 5"", ""xref_src_db"": ""PANTHER""}, {""xref_id"": ""PTHR10489"", ""xref_name"": ""CELL ADHESION MOLECULE"", ""xref_src_db"": ""PANTHER""}, {""xref_id"": ""PF00001"", ""xref_name"": ""7tm_1"", ""xref_src_db"": ""Pfam""}, {""xref_id"": ""PA26170"", ""xref_name"": ""C-C motif chemokine receptor 5"", ""xref_src_db"": ""PharmGKB""}]}]",normalized_field,tests/fixtures/bronze/chembl/target/sample_ci_2026-04-24.jsonl
chembl_target,chembl/target,target_components,bronze_fixture,"[{""accession"": ""P97639"", ""component_description"": ""Melanin-concentrating hormone receptor 1"", ""component_id"": 4465, ""component_type"": ""PROTEIN"", ""relationship"": ""SINGLE PROTEIN"", ""target_component_synonyms"": [{""component_synonym"": ""Gpr24"", ""syn_type"": ""GENE_SYMBOL_OTHER""}, {""component_synonym"": ""Slc1"", ""syn_type"": ""GENE_SYMBOL_OTHER""}, {""component_synonym"": ""Mchr1"", ""syn_type"": ""GENE_SYMBOL""}, {""component_synonym"": ""Melanin-concentrating hormone receptor 1"", ""syn_type"": ""UNIPROT""}, {""component_synonym"": ""G-protein coupled receptor 24"", ""syn_type"": ""UNIPROT""}, {""component_synonym"": ""MCH-1R"", ""syn_type"": ""UNIPROT""}, {""component_synonym"": ""SLC-1"", ""syn_type"": ""UNIPROT""}, {""component_synonym"": ""Somatostatin receptor-like protein"", ""syn_type"": ""UNIPROT""}, {""component_synonym"": ""MCH receptor 1"", ""syn_type"": ""UNIPROT""}, {""component_synonym"": ""MCH-R1"", ""syn_type"": ""UNIPROT""}, {""component_synonym"": ""MCHR-1"", ""syn_type"": ""UNIPROT""}, {""component_synonym"": ""MCH1R"", ""syn_type"": ""UNIPROT""}, {""component_synonym"": ""MCHR"", ""syn_type"": ""UNIPROT""}], ""target_component_xrefs"": [{""xref_id"": ""GO:0004930"", ""xref_name"": ""G protein-coupled receptor activity"", ""xref_src_db"": ""GoFunction""}, {""xref_id"": ""GO:0005102"", ""xref_name"": ""signaling receptor binding"", ""xref_src_db"": ""GoFunction""}, {""xref_id"": ""GO:0005515"", ""xref_name"": ""protein binding"", ""xref_src_db"": ""GoFunction""}, {""xref_id"": ""GO:0030273"", ""xref_name"": ""melanin-concentrating hormone receptor activity"", ""xref_src_db"": ""GoFunction""}, {""xref_id"": ""GO:0042562"", ""xref_name"": ""hormone binding"", ""xref_src_db"": ""GoFunction""}, {""xref_id"": ""GO:0042923"", ""xref_name"": ""neuropeptide binding"", ""xref_src_db"": ""GoFunction""}, {""xref_id"": ""GO:0007166"", ""xref_name"": ""cell surface receptor signaling pathway"", ""xref_src_db"": ""GoProcess""}, {""xref_id"": ""GO:0007186"", ""xref_name"": ""G protein-coupled receptor signaling pathway"", ""xref_src_db"": ""GoProcess""}, {""xref_id"": ""GO:0007204"", ""xref_name"": ""positive regulation of cytosolic calcium ion concentration"", ""xref_src_db"": ""GoProcess""}, {""xref_id"": ""GO:0007218"", ""xref_name"": ""neuropeptide signaling pathway"", ""xref_src_db"": ""GoProcess""}, {""xref_id"": ""GO:0051928"", ""xref_name"": ""positive regulation of calcium ion transport"", ""xref_src_db"": ""GoProcess""}, {""xref_id"": ""GO:0005886"", ""xref_name"": ""plasma membrane"", ""xref_src_db"": ""GoComponent""}, {""xref_id"": ""GO:0043005"", ""xref_name"": ""neuron projection"", ""xref_src_db"": ""GoComponent""}, {""xref_id"": ""GO:0005929"", ""xref_name"": ""cilium"", ""xref_src_db"": ""GoComponent""}, {""xref_id"": ""GO:0016020"", ""xref_name"": ""membrane"", ""xref_src_db"": ""GoComponent""}, {""xref_id"": ""GO:0060170"", ""xref_name"": ""ciliary membrane"", ""xref_src_db"": ""GoComponent""}, {""xref_id"": ""GO:0097730"", ""xref_name"": ""non-motile cilium"", ""xref_src_db"": ""GoComponent""}, {""xref_id"": ""A0A140TAD3"", ""xref_name"": ""Melanin-concentrating hormone receptor 1"", ""xref_src_db"": ""UniProt""}, {""xref_id"": ""P97639"", ""xref_name"": ""Melanin-concentrating hormone receptor 1"", ""xref_src_db"": ""UniProt""}, {""xref_id"": ""P97639"", ""xref_name"": null, ""xref_src_db"": ""AlphaFoldDB""}, {""xref_id"": ""P97639"", ""xref_name"": null, ""xref_src_db"": ""IntAct""}, {""xref_id"": ""R-RNO-375276"", ""xref_name"": ""Peptide ligand-binding receptors"", ""xref_src_db"": ""Reactome""}, {""xref_id"": ""R-RNO-416476"", ""xref_name"": ""G alpha (q) signalling events"", ""xref_src_db"": ""Reactome""}, {""xref_id"": ""R-RNO-418594"", ""xref_name"": ""G alpha (i) signalling events"", ""xref_src_db"": ""Reactome""}, {""xref_id"": ""R-RNO-5620922"", ""xref_name"": ""BBSome-mediated cargo-targeting to cilium"", ""xref_src_db"": ""Reactome""}, {""xref_id"": ""IPR000276"", ""xref_name"": ""GPCR_Rhodpsn"", ""xref_src_db"": ""InterPro""}, {""xref_id"": ""IPR017452"", ""xref_name"": ""GPCR_Rhodpsn_7TM"", ""xref_src_db"": ""InterPro""}, {""xref_id"": ""IPR008361"", ""xref_name"": ""MCH_rcpt"", ""xref_src_db"": ""InterPro""}, {""xref_id"": ""IPR004047"", ""xref_name"": ""MCHR1"", ""xref_src_db"": ""InterPro""}, {""xref_id"": ""PTHR24229:SF91"", ""xref_name"": ""MELANIN-CONCENTRATING HORMONE RECEPTOR 1"", ""xref_src_db"": ""PANTHER""}, {""xref_id"": ""PTHR24229"", ""xref_name"": ""NEUROPEPTIDES RECEPTOR"", ""xref_src_db"": ""PANTHER""}, {""xref_id"": ""PF00001"", ""xref_name"": ""7tm_1"", ""xref_src_db"": ""Pfam""}]}]",1,"[{""accession"": ""P97639"", ""component_description"": ""Melanin-concentrating hormone receptor 1"", ""component_id"": 4465, ""component_type"": ""PROTEIN"", ""relationship"": ""SINGLE PROTEIN"", ""target_component_synonyms"": [{""component_synonym"": ""Gpr24"", ""syn_type"": ""GENE_SYMBOL_OTHER""}, {""component_synonym"": ""Slc1"", ""syn_type"": ""GENE_SYMBOL_OTHER""}, {""component_synonym"": ""Mchr1"", ""syn_type"": ""GENE_SYMBOL""}, {""component_synonym"": ""Melanin-concentrating hormone receptor 1"", ""syn_type"": ""UNIPROT""}, {""component_synonym"": ""G-protein coupled receptor 24"", ""syn_type"": ""UNIPROT""}, {""component_synonym"": ""MCH-1R"", ""syn_type"": ""UNIPROT""}, {""component_synonym"": ""SLC-1"", ""syn_type"": ""UNIPROT""}, {""component_synonym"": ""Somatostatin receptor-like protein"", ""syn_type"": ""UNIPROT""}, {""component_synonym"": ""MCH receptor 1"", ""syn_type"": ""UNIPROT""}, {""component_synonym"": ""MCH-R1"", ""syn_type"": ""UNIPROT""}, {""component_synonym"": ""MCHR-1"", ""syn_type"": ""UNIPROT""}, {""component_synonym"": ""MCH1R"", ""syn_type"": ""UNIPROT""}, {""component_synonym"": ""MCHR"", ""syn_type"": ""UNIPROT""}], ""target_component_xrefs"": [{""xref_id"": ""GO:0004930"", ""xref_name"": ""G protein-coupled receptor activity"", ""xref_src_db"": ""GoFunction""}, {""xref_id"": ""GO:0005102"", ""xref_name"": ""signaling receptor binding"", ""xref_src_db"": ""GoFunction""}, {""xref_id"": ""GO:0005515"", ""xref_name"": ""protein binding"", ""xref_src_db"": ""GoFunction""}, {""xref_id"": ""GO:0030273"", ""xref_name"": ""melanin-concentrating hormone receptor activity"", ""xref_src_db"": ""GoFunction""}, {""xref_id"": ""GO:0042562"", ""xref_name"": ""hormone binding"", ""xref_src_db"": ""GoFunction""}, {""xref_id"": ""GO:0042923"", ""xref_name"": ""neuropeptide binding"", ""xref_src_db"": ""GoFunction""}, {""xref_id"": ""GO:0007166"", ""xref_name"": ""cell surface receptor signaling pathway"", ""xref_src_db"": ""GoProcess""}, {""xref_id"": ""GO:0007186"", ""xref_name"": ""G protein-coupled receptor signaling pathway"", ""xref_src_db"": ""GoProcess""}, {""xref_id"": ""GO:0007204"", ""xref_name"": ""positive regulation of cytosolic calcium ion concentration"", ""xref_src_db"": ""GoProcess""}, {""xref_id"": ""GO:0007218"", ""xref_name"": ""neuropeptide signaling pathway"", ""xref_src_db"": ""GoProcess""}, {""xref_id"": ""GO:0051928"", ""xref_name"": ""positive regulation of calcium ion transport"", ""xref_src_db"": ""GoProcess""}, {""xref_id"": ""GO:0005886"", ""xref_name"": ""plasma membrane"", ""xref_src_db"": ""GoComponent""}, {""xref_id"": ""GO:0043005"", ""xref_name"": ""neuron projection"", ""xref_src_db"": ""GoComponent""}, {""xref_id"": ""GO:0005929"", ""xref_name"": ""cilium"", ""xref_src_db"": ""GoComponent""}, {""xref_id"": ""GO:0016020"", ""xref_name"": ""membrane"", ""xref_src_db"": ""GoComponent""}, {""xref_id"": ""GO:0060170"", ""xref_name"": ""ciliary membrane"", ""xref_src_db"": ""GoComponent""}, {""xref_id"": ""GO:0097730"", ""xref_name"": ""non-motile cilium"", ""xref_src_db"": ""GoComponent""}, {""xref_id"": ""A0A140TAD3"", ""xref_name"": ""Melanin-concentrating hormone receptor 1"", ""xref_src_db"": ""UniProt""}, {""xref_id"": ""P97639"", ""xref_name"": ""Melanin-concentrating hormone receptor 1"", ""xref_src_db"": ""UniProt""}, {""xref_id"": ""P97639"", ""xref_name"": null, ""xref_src_db"": ""AlphaFoldDB""}, {""xref_id"": ""P97639"", ""xref_name"": null, ""xref_src_db"": ""IntAct""}, {""xref_id"": ""R-RNO-375276"", ""xref_name"": ""Peptide ligand-binding receptors"", ""xref_src_db"": ""Reactome""}, {""xref_id"": ""R-RNO-416476"", ""xref_name"": ""G alpha (q) signalling events"", ""xref_src_db"": ""Reactome""}, {""xref_id"": ""R-RNO-418594"", ""xref_name"": ""G alpha (i) signalling events"", ""xref_src_db"": ""Reactome""}, {""xref_id"": ""R-RNO-5620922"", ""xref_name"": ""BBSome-mediated cargo-targeting to cilium"", ""xref_src_db"": ""Reactome""}, {""xref_id"": ""IPR000276"", ""xref_name"": ""GPCR_Rhodpsn"", ""xref_src_db"": ""InterPro""}, {""xref_id"": ""IPR017452"", ""xref_name"": ""GPCR_Rhodpsn_7TM"", ""xref_src_db"": ""InterPro""}, {""xref_id"": ""IPR008361"", ""xref_name"": ""MCH_rcpt"", ""xref_src_db"": ""InterPro""}, {""xref_id"": ""IPR004047"", ""xref_name"": ""MCHR1"", ""xref_src_db"": ""InterPro""}, {""xref_id"": ""PTHR24229:SF91"", ""xref_name"": ""MELANIN-CONCENTRATING HORMONE RECEPTOR 1"", ""xref_src_db"": ""PANTHER""}, {""xref_id"": ""PTHR24229"", ""xref_name"": ""NEUROPEPTIDES RECEPTOR"", ""xref_src_db"": ""PANTHER""}, {""xref_id"": ""PF00001"", ""xref_name"": ""7tm_1"", ""xref_src_db"": ""Pfam""}]}]",normalized_field,tests/fixtures/bronze/chembl/target/sample_ci_2026-04-24.jsonl
chembl_target,chembl/target,target_components,bronze_fixture,"[{""accession"": ""Q61618"", ""component_description"": ""Adenosine receptor A3"", ""component_id"": 4619, ""component_type"": ""PROTEIN"", ""relationship"": ""SINGLE PROTEIN"", ""target_component_synonyms"": [{""component_synonym"": ""Gpcr2"", ""syn_type"": ""GENE_SYMBOL_OTHER""}, {""component_synonym"": ""Adora3"", ""syn_type"": ""GENE_SYMBOL""}, {""component_synonym"": ""Adenosine receptor A3"", ""syn_type"": ""UNIPROT""}, {""component_synonym"": ""A3AR"", ""syn_type"": ""UNIPROT""}], ""target_component_xrefs"": [{""xref_id"": ""GO:0019722"", ""xref_name"": ""calcium-mediated signaling"", ""xref_src_db"": ""GoProcess""}, {""xref_id"": ""GO:0043303"", ""xref_name"": ""mast cell degranulation"", ""xref_src_db"": ""GoProcess""}, {""xref_id"": ""GO:0043491"", ""xref_name"": ""phosphatidylinositol 3-kinase/protein kinase B signal transduction"", ""xref_src_db"": ""GoProcess""}, {""xref_id"": ""GO:0070254"", ""xref_name"": ""mucus secretion"", ""xref_src_db"": ""GoProcess""}, {""xref_id"": ""GO:0001973"", ""xref_name"": ""G protein-coupled adenosine receptor signaling pathway"", ""xref_src_db"": ""GoProcess""}, {""xref_id"": ""GO:0002553"", ""xref_name"": ""histamine secretion by mast cell"", ""xref_src_db"": ""GoProcess""}, {""xref_id"": ""GO:0002687"", ""xref_name"": ""positive regulation of leukocyte migration"", ""xref_src_db"": ""GoProcess""}, {""xref_id"": ""GO:0043306"", ""xref_name"": ""positive regulation of mast cell degranulation"", ""xref_src_db"": ""GoProcess""}, {""xref_id"": ""GO:0050729"", ""xref_name"": ""positive regulation of inflammatory response"", ""xref_src_db"": ""GoProcess""}, {""xref_id"": ""GO:0050850"", ""xref_name"": ""positive regulation of calcium-mediated signaling"", ""xref_src_db"": ""GoProcess""}, {""xref_id"": ""GO:0051897"", ""xref_name"": ""positive regulation of phosphatidylinositol 3-kinase/protein kinase B signal transduction"", ""xref_src_db"": ""GoProcess""}, {""xref_id"": ""GO:0070257"", ""xref_name"": ""positive regulation of mucus secretion"", ""xref_src_db"": ""GoProcess""}, {""xref_id"": ""GO:0001609"", ""xref_name"": ""G protein-coupled adenosine receptor activity"", ""xref_src_db"": ""GoFunction""}, {""xref_id"": ""GO:0004930"", ""xref_name"": ""G protein-coupled receptor activity"", ""xref_src_db"": ""GoFunction""}, {""xref_id"": ""GO:0007186"", ""xref_name"": ""G protein-coupled receptor signaling pathway"", ""xref_src_db"": ""GoProcess""}, {""xref_id"": ""GO:0010646"", ""xref_name"": ""regulation of cell communication"", ""xref_src_db"": ""GoProcess""}, {""xref_id"": ""GO:0023051"", ""xref_name"": ""regulation of signaling"", ""xref_src_db"": ""GoProcess""}, {""xref_id"": ""GO:0031594"", ""xref_name"": ""neuromuscular junction"", ""xref_src_db"": ""GoComponent""}, {""xref_id"": ""GO:0045202"", ""xref_name"": ""synapse"", ""xref_src_db"": ""GoComponent""}, {""xref_id"": ""GO:0005886"", ""xref_name"": ""plasma membrane"", ""xref_src_db"": ""GoComponent""}, {""xref_id"": ""GO:0016020"", ""xref_name"": ""membrane"", ""xref_src_db"": ""GoComponent""}, {""xref_id"": ""Q9R202"", ""xref_name"": ""Adenosine receptor A3"", ""xref_src_db"": ""UniProt""}, {""xref_id"": ""Q61618"", ""xref_name"": ""Adenosine receptor A3"", ""xref_src_db"": ""UniProt""}, {""xref_id"": ""Q61618"", ""xref_name"": null, ""xref_src_db"": ""AlphaFoldDB""}, {""xref_id"": ""R-MMU-417973"", ""xref_name"": ""Adenosine P1 receptors"", ""xref_src_db"": ""Reactome""}, {""xref_id"": ""R-MMU-418594"", ""xref_name"": ""G alpha (i) signalling events"", ""xref_src_db"": ""Reactome""}, {""xref_id"": ""IPR000466"", ""xref_name"": ""Adeno_A3_rcpt"", ""xref_src_db"": ""InterPro""}, {""xref_id"": ""IPR001634"", ""xref_name"": ""Adenosn_rcpt"", ""xref_src_db"": ""InterPro""}, {""xref_id"": ""IPR000276"", ""xref_name"": ""GPCR_Rhodpsn"", ""xref_src_db"": ""InterPro""}, {""xref_id"": ""IPR017452"", ""xref_name"": ""GPCR_Rhodpsn_7TM"", ""xref_src_db"": ""InterPro""}, {""xref_id"": ""PTHR24246:SF2"", ""xref_name"": ""ADENOSINE RECEPTOR A3"", ""xref_src_db"": ""PANTHER""}, {""xref_id"": ""PTHR24246"", ""xref_name"": ""OLFACTORY RECEPTOR AND ADENOSINE RECEPTOR"", ""xref_src_db"": ""PANTHER""}, {""xref_id"": ""PF00001"", ""xref_name"": ""7tm_1"", ""xref_src_db"": ""Pfam""}]}]",1,"[{""accession"": ""Q61618"", ""component_description"": ""Adenosine receptor A3"", ""component_id"": 4619, ""component_type"": ""PROTEIN"", ""relationship"": ""SINGLE PROTEIN"", ""target_component_synonyms"": [{""component_synonym"": ""Gpcr2"", ""syn_type"": ""GENE_SYMBOL_OTHER""}, {""component_synonym"": ""Adora3"", ""syn_type"": ""GENE_SYMBOL""}, {""component_synonym"": ""Adenosine receptor A3"", ""syn_type"": ""UNIPROT""}, {""component_synonym"": ""A3AR"", ""syn_type"": ""UNIPROT""}], ""target_component_xrefs"": [{""xref_id"": ""GO:0019722"", ""xref_name"": ""calcium-mediated signaling"", ""xref_src_db"": ""GoProcess""}, {""xref_id"": ""GO:0043303"", ""xref_name"": ""mast cell degranulation"", ""xref_src_db"": ""GoProcess""}, {""xref_id"": ""GO:0043491"", ""xref_name"": ""phosphatidylinositol 3-kinase/protein kinase B signal transduction"", ""xref_src_db"": ""GoProcess""}, {""xref_id"": ""GO:0070254"", ""xref_name"": ""mucus secretion"", ""xref_src_db"": ""GoProcess""}, {""xref_id"": ""GO:0001973"", ""xref_name"": ""G protein-coupled adenosine receptor signaling pathway"", ""xref_src_db"": ""GoProcess""}, {""xref_id"": ""GO:0002553"", ""xref_name"": ""histamine secretion by mast cell"", ""xref_src_db"": ""GoProcess""}, {""xref_id"": ""GO:0002687"", ""xref_name"": ""positive regulation of leukocyte migration"", ""xref_src_db"": ""GoProcess""}, {""xref_id"": ""GO:0043306"", ""xref_name"": ""positive regulation of mast cell degranulation"", ""xref_src_db"": ""GoProcess""}, {""xref_id"": ""GO:0050729"", ""xref_name"": ""positive regulation of inflammatory response"", ""xref_src_db"": ""GoProcess""}, {""xref_id"": ""GO:0050850"", ""xref_name"": ""positive regulation of calcium-mediated signaling"", ""xref_src_db"": ""GoProcess""}, {""xref_id"": ""GO:0051897"", ""xref_name"": ""positive regulation of phosphatidylinositol 3-kinase/protein kinase B signal transduction"", ""xref_src_db"": ""GoProcess""}, {""xref_id"": ""GO:0070257"", ""xref_name"": ""positive regulation of mucus secretion"", ""xref_src_db"": ""GoProcess""}, {""xref_id"": ""GO:0001609"", ""xref_name"": ""G protein-coupled adenosine receptor activity"", ""xref_src_db"": ""GoFunction""}, {""xref_id"": ""GO:0004930"", ""xref_name"": ""G protein-coupled receptor activity"", ""xref_src_db"": ""GoFunction""}, {""xref_id"": ""GO:0007186"", ""xref_name"": ""G protein-coupled receptor signaling pathway"", ""xref_src_db"": ""GoProcess""}, {""xref_id"": ""GO:0010646"", ""xref_name"": ""regulation of cell communication"", ""xref_src_db"": ""GoProcess""}, {""xref_id"": ""GO:0023051"", ""xref_name"": ""regulation of signaling"", ""xref_src_db"": ""GoProcess""}, {""xref_id"": ""GO:0031594"", ""xref_name"": ""neuromuscular junction"", ""xref_src_db"": ""GoComponent""}, {""xref_id"": ""GO:0045202"", ""xref_name"": ""synapse"", ""xref_src_db"": ""GoComponent""}, {""xref_id"": ""GO:0005886"", ""xref_name"": ""plasma membrane"", ""xref_src_db"": ""GoComponent""}, {""xref_id"": ""GO:0016020"", ""xref_name"": ""membrane"", ""xref_src_db"": ""GoComponent""}, {""xref_id"": ""Q9R202"", ""xref_name"": ""Adenosine receptor A3"", ""xref_src_db"": ""UniProt""}, {""xref_id"": ""Q61618"", ""xref_name"": ""Adenosine receptor A3"", ""xref_src_db"": ""UniProt""}, {""xref_id"": ""Q61618"", ""xref_name"": null, ""xref_src_db"": ""AlphaFoldDB""}, {""xref_id"": ""R-MMU-417973"", ""xref_name"": ""Adenosine P1 receptors"", ""xref_src_db"": ""Reactome""}, {""xref_id"": ""R-MMU-418594"", ""xref_name"": ""G alpha (i) signalling events"", ""xref_src_db"": ""Reactome""}, {""xref_id"": ""IPR000466"", ""xref_name"": ""Adeno_A3_rcpt"", ""xref_src_db"": ""InterPro""}, {""xref_id"": ""IPR001634"", ""xref_name"": ""Adenosn_rcpt"", ""xref_src_db"": ""InterPro""}, {""xref_id"": ""IPR000276"", ""xref_name"": ""GPCR_Rhodpsn"", ""xref_src_db"": ""InterPro""}, {""xref_id"": ""IPR017452"", ""xref_name"": ""GPCR_Rhodpsn_7TM"", ""xref_src_db"": ""InterPro""}, {""xref_id"": ""PTHR24246:SF2"", ""xref_name"": ""ADENOSINE RECEPTOR A3"", ""xref_src_db"": ""PANTHER""}, {""xref_id"": ""PTHR24246"", ""xref_name"": ""OLFACTORY RECEPTOR AND ADENOSINE RECEPTOR"", ""xref_src_db"": ""PANTHER""}, {""xref_id"": ""PF00001"", ""xref_name"": ""7tm_1"", ""xref_src_db"": ""Pfam""}]}]",normalized_field,tests/fixtures/bronze/chembl/target/sample_ci_2026-04-24.jsonl
chembl_target,chembl/target,target_components,bronze_fixture,"[{""accession"": ""Q81VW8"", ""component_description"": ""Dihydropteroate synthase"", ""component_id"": 4108, ""component_type"": ""PROTEIN"", ""relationship"": ""SINGLE PROTEIN"", ""target_component_synonyms"": [{""component_synonym"": ""GBAA_0071"", ""syn_type"": ""GENE_SYMBOL_OTHER""}, {""component_synonym"": ""folP"", ""syn_type"": ""GENE_SYMBOL""}, {""component_synonym"": ""Dihydropteroate synthase"", ""syn_type"": ""UNIPROT""}, {""component_synonym"": ""Dihydropteroate pyrophosphorylase"", ""syn_type"": ""UNIPROT""}, {""component_synonym"": ""DHPS"", ""syn_type"": ""UNIPROT""}, {""component_synonym"": ""2.5.1.15"", ""syn_type"": ""EC_NUMBER""}], ""target_component_xrefs"": [{""xref_id"": ""4D8A"", ""xref_name"": ""A"", ""xref_src_db"": ""PDBe""}, {""xref_id"": ""1TWS"", ""xref_name"": ""A"", ""xref_src_db"": ""PDBe""}, {""xref_id"": ""3H2M"", ""xref_name"": ""A"", ""xref_src_db"": ""PDBe""}, {""xref_id"": ""3H2N"", ""xref_name"": ""A"", ""xref_src_db"": ""PDBe""}, {""xref_id"": ""1TX2"", ""xref_name"": ""A"", ""xref_src_db"": ""PDBe""}, {""xref_id"": ""3H2O"", ""xref_name"": ""A"", ""xref_src_db"": ""PDBe""}, {""xref_id"": ""1TX0"", ""xref_name"": ""A"", ""xref_src_db"": ""PDBe""}, {""xref_id"": ""3H2E"", ""xref_name"": ""A"", ""xref_src_db"": ""PDBe""}, {""xref_id"": ""3H2F"", ""xref_name"": ""A"", ""xref_src_db"": ""PDBe""}, {""xref_id"": ""3TYA"", ""xref_name"": ""A"", ""xref_src_db"": ""PDBe""}, {""xref_id"": ""3TYB"", ""xref_name"": ""A"", ""xref_src_db"": ""PDBe""}, {""xref_id"": ""3TYC"", ""xref_name"": ""A"", ""xref_src_db"": ""PDBe""}, {""xref_id"": ""3TYD"", ""xref_name"": ""A"", ""xref_src_db"": ""PDBe""}, {""xref_id"": ""3TYE"", ""xref_name"": ""A"", ""xref_src_db"": ""PDBe""}, {""xref_id"": ""4NIR"", ""xref_name"": ""A"", ""xref_src_db"": ""PDBe""}, {""xref_id"": ""3H2A"", ""xref_name"": ""A"", ""xref_src_db"": ""PDBe""}, {""xref_id"": ""4DB7"", ""xref_name"": ""A"", ""xref_src_db"": ""PDBe""}, {""xref_id"": ""3H2C"", ""xref_name"": ""A"", ""xref_src_db"": ""PDBe""}, {""xref_id"": ""4D9P"", ""xref_name"": ""A"", ""xref_src_db"": ""PDBe""}, {""xref_id"": ""4DAI"", ""xref_name"": ""A"", ""xref_src_db"": ""PDBe""}, {""xref_id"": ""3H26"", ""xref_name"": ""A"", ""xref_src_db"": ""PDBe""}, {""xref_id"": ""4NIL"", ""xref_name"": ""A"", ""xref_src_db"": ""PDBe""}, {""xref_id"": ""4NL1"", ""xref_name"": ""A"", ""xref_src_db"": ""PDBe""}, {""xref_id"": ""4D8Z"", ""xref_name"": ""A"", ""xref_src_db"": ""PDBe""}, {""xref_id"": ""3H21"", ""xref_name"": ""A"", ""xref_src_db"": ""PDBe""}, {""xref_id"": ""3H22"", ""xref_name"": ""A"", ""xref_src_db"": ""PDBe""}, {""xref_id"": ""4DAF"", ""xref_name"": ""A"", ""xref_src_db"": ""PDBe""}, {""xref_id"": ""3H23"", ""xref_name"": ""A"", ""xref_src_db"": ""PDBe""}, {""xref_id"": ""3H24"", ""xref_name"": ""A"", ""xref_src_db"": ""PDBe""}, {""xref_id"": ""4NHV"", ""xref_name"": ""A"", ""xref_src_db"": ""PDBe""}, {""xref_id"": ""1TWZ"", ""xref_name"": ""A"", ""xref_src_db"": ""PDBe""}, {""xref_id"": ""1TWW"", ""xref_name"": ""A"", ""xref_src_db"": ""PDBe""}, {""xref_id"": ""GO:0004156"", ""xref_name"": ""dihydropteroate synthase activity"", ""xref_src_db"": ""GoFunction""}, {""xref_id"": ""GO:0016740"", ""xref_name"": ""transferase activity"", ""xref_src_db"": ""GoFunction""}, {""xref_id"": ""GO:0046872"", ""xref_name"": ""metal ion binding"", ""xref_src_db"": ""GoFunction""}, {""xref_id"": ""GO:0009396"", ""xref_name"": ""folic acid-containing compound biosynthetic process"", ""xref_src_db"": ""GoProcess""}, {""xref_id"": ""GO:0046654"", ""xref_name"": ""tetrahydrofolate biosynthetic process"", ""xref_src_db"": ""GoProcess""}, {""xref_id"": ""GO:0046656"", ""xref_name"": ""folic acid biosynthetic process"", ""xref_src_db"": ""GoProcess""}, {""xref_id"": ""GO:0005829"", ""xref_name"": ""cytosol"", ""xref_src_db"": ""GoComponent""}, {""xref_id"": ""A0A2B6BWX3"", ""xref_name"": ""Dihydropteroate synthase"", ""xref_src_db"": ""UniProt""}, {""xref_id"": ""E9QTW3"", ""xref_name"": ""Dihydropteroate synthase"", ""xref_src_db"": ""UniProt""}, {""xref_id"": ""E9QTW4"", ""xref_name"": ""Dihydropteroate synthase"", ""xref_src_db"": ""UniProt""}, {""xref_id"": ""E9QTW5"", ""xref_name"": ""Dihydropteroate synthase"", ""xref_src_db"": ""UniProt""}, {""xref_id"": ""Q2QCA4"", ""xref_name"": ""Dihydropteroate synthase"", ""xref_src_db"": ""UniProt""}, {""xref_id"": ""Q6I4X2"", ""xref_name"": ""Dihydropteroate synthase"", ""xref_src_db"": ""UniProt""}, {""xref_id"": ""Q6KYL6"", ""xref_name"": ""Dihydropteroate synthase"", ""xref_src_db"": ""UniProt""}, {""xref_id"": ""Q81VW8"", ""xref_name"": ""Dihydropteroate synthase"", ""xref_src_db"": ""UniProt""}, {""xref_id"": ""1TWS"", ""xref_name"": null, ""xref_src_db"": ""PDB""}, {""xref_id"": ""1TWW"", ""xref_name"": null, ""xref_src_db"": ""PDB""}, {""xref_id"": ""1TWZ"", ""xref_name"": null, ""xref_src_db"": ""PDB""}, {""xref_id"": ""1TX0"", ""xref_name"": null, ""xref_src_db"": ""PDB""}, {""xref_id"": ""1TX2"", ""xref_name"": null, ""xref_src_db"": ""PDB""}, {""xref_id"": ""3H21"", ""xref_name"": null, ""xref_src_db"": ""PDB""}, {""xref_id"": ""3H22"", ""xref_name"": null, ""xref_src_db"": ""PDB""}, {""xref_id"": ""3H23"", ""xref_name"": null, ""xref_src_db"": ""PDB""}, {""xref_id"": ""3H24"", ""xref_name"": null, ""xref_src_db"": ""PDB""}, {""xref_id"": ""3H26"", ""xref_name"": null, ""xref_src_db"": ""PDB""}, {""xref_id"": ""3H2A"", ""xref_name"": null, ""xref_src_db"": ""PDB""}, {""xref_id"": ""3H2C"", ""xref_name"": null, ""xref_src_db"": ""PDB""}, {""xref_id"": ""3H2E"", ""xref_name"": null, ""xref_src_db"": ""PDB""}, {""xref_id"": ""3H2F"", ""xref_name"": null, ""xref_src_db"": ""PDB""}, {""xref_id"": ""3H2M"", ""xref_name"": null, ""xref_src_db"": ""PDB""}, {""xref_id"": ""3H2N"", ""xref_name"": null, ""xref_src_db"": ""PDB""}, {""xref_id"": ""3H2O"", ""xref_name"": null, ""xref_src_db"": ""PDB""}, {""xref_id"": ""3TYA"", ""xref_name"": null, ""xref_src_db"": ""PDB""}, {""xref_id"": ""3TYB"", ""xref_name"": null, ""xref_src_db"": ""PDB""}, {""xref_id"": ""3TYC"", ""xref_name"": null, ""xref_src_db"": ""PDB""}, {""xref_id"": ""3TYD"", ""xref_name"": null, ""xref_src_db"": ""PDB""}, {""xref_id"": ""3TYE"", ""xref_name"": null, ""xref_src_db"": ""PDB""}, {""xref_id"": ""4D8A"", ""xref_name"": null, ""xref_src_db"": ""PDB""}, {""xref_id"": ""4D8Z"", ""xref_name"": null, ""xref_src_db"": ""PDB""}, {""xref_id"": ""4D9P"", ""xref_name"": null, ""xref_src_db"": ""PDB""}, {""xref_id"": ""4DAF"", ""xref_name"": null, ""xref_src_db"": ""PDB""}, {""xref_id"": ""4DAI"", ""xref_name"": null, ""xref_src_db"": ""PDB""}, {""xref_id"": ""4DB7"", ""xref_name"": null, ""xref_src_db"": ""PDB""}, {""xref_id"": ""4NHV"", ""xref_name"": null, ""xref_src_db"": ""PDB""}, {""xref_id"": ""4NIL"", ""xref_name"": null, ""xref_src_db"": ""PDB""}, {""xref_id"": ""4NIR"", ""xref_name"": null, ""xref_src_db"": ""PDB""}, {""xref_id"": ""4NL1"", ""xref_name"": null, ""xref_src_db"": ""PDB""}, {""xref_id"": ""IPR045031"", ""xref_name"": ""DHP_synth-like"", ""xref_src_db"": ""InterPro""}, {""xref_id"": ""IPR006390"", ""xref_name"": ""DHP_synth_dom"", ""xref_src_db"": ""InterPro""}, {""xref_id"": ""IPR011005"", ""xref_name"": ""Dihydropteroate_synth-like_sf"", ""xref_src_db"": ""InterPro""}, {""xref_id"": ""IPR000489"", ""xref_name"": ""Pterin-binding_dom"", ""xref_src_db"": ""InterPro""}, {""xref_id"": ""PTHR20941"", ""xref_name"": ""FOLATE SYNTHESIS PROTEINS"", ""xref_src_db"": ""PANTHER""}, {""xref_id"": ""PTHR20941:SF1"", ""xref_name"": ""FOLIC ACID SYNTHESIS PROTEIN FOL1"", ""xref_src_db"": ""PANTHER""}, {""xref_id"": ""PF00809"", ""xref_name"": ""Pterin_bind"", ""xref_src_db"": ""Pfam""}]}]",1,"[{""accession"": ""Q81VW8"", ""component_description"": ""Dihydropteroate synthase"", ""component_id"": 4108, ""component_type"": ""PROTEIN"", ""relationship"": ""SINGLE PROTEIN"", ""target_component_synonyms"": [{""component_synonym"": ""GBAA_0071"", ""syn_type"": ""GENE_SYMBOL_OTHER""}, {""component_synonym"": ""folP"", ""syn_type"": ""GENE_SYMBOL""}, {""component_synonym"": ""Dihydropteroate synthase"", ""syn_type"": ""UNIPROT""}, {""component_synonym"": ""Dihydropteroate pyrophosphorylase"", ""syn_type"": ""UNIPROT""}, {""component_synonym"": ""DHPS"", ""syn_type"": ""UNIPROT""}, {""component_synonym"": ""2.5.1.15"", ""syn_type"": ""EC_NUMBER""}], ""target_component_xrefs"": [{""xref_id"": ""4D8A"", ""xref_name"": ""A"", ""xref_src_db"": ""PDBe""}, {""xref_id"": ""1TWS"", ""xref_name"": ""A"", ""xref_src_db"": ""PDBe""}, {""xref_id"": ""3H2M"", ""xref_name"": ""A"", ""xref_src_db"": ""PDBe""}, {""xref_id"": ""3H2N"", ""xref_name"": ""A"", ""xref_src_db"": ""PDBe""}, {""xref_id"": ""1TX2"", ""xref_name"": ""A"", ""xref_src_db"": ""PDBe""}, {""xref_id"": ""3H2O"", ""xref_name"": ""A"", ""xref_src_db"": ""PDBe""}, {""xref_id"": ""1TX0"", ""xref_name"": ""A"", ""xref_src_db"": ""PDBe""}, {""xref_id"": ""3H2E"", ""xref_name"": ""A"", ""xref_src_db"": ""PDBe""}, {""xref_id"": ""3H2F"", ""xref_name"": ""A"", ""xref_src_db"": ""PDBe""}, {""xref_id"": ""3TYA"", ""xref_name"": ""A"", ""xref_src_db"": ""PDBe""}, {""xref_id"": ""3TYB"", ""xref_name"": ""A"", ""xref_src_db"": ""PDBe""}, {""xref_id"": ""3TYC"", ""xref_name"": ""A"", ""xref_src_db"": ""PDBe""}, {""xref_id"": ""3TYD"", ""xref_name"": ""A"", ""xref_src_db"": ""PDBe""}, {""xref_id"": ""3TYE"", ""xref_name"": ""A"", ""xref_src_db"": ""PDBe""}, {""xref_id"": ""4NIR"", ""xref_name"": ""A"", ""xref_src_db"": ""PDBe""}, {""xref_id"": ""3H2A"", ""xref_name"": ""A"", ""xref_src_db"": ""PDBe""}, {""xref_id"": ""4DB7"", ""xref_name"": ""A"", ""xref_src_db"": ""PDBe""}, {""xref_id"": ""3H2C"", ""xref_name"": ""A"", ""xref_src_db"": ""PDBe""}, {""xref_id"": ""4D9P"", ""xref_name"": ""A"", ""xref_src_db"": ""PDBe""}, {""xref_id"": ""4DAI"", ""xref_name"": ""A"", ""xref_src_db"": ""PDBe""}, {""xref_id"": ""3H26"", ""xref_name"": ""A"", ""xref_src_db"": ""PDBe""}, {""xref_id"": ""4NIL"", ""xref_name"": ""A"", ""xref_src_db"": ""PDBe""}, {""xref_id"": ""4NL1"", ""xref_name"": ""A"", ""xref_src_db"": ""PDBe""}, {""xref_id"": ""4D8Z"", ""xref_name"": ""A"", ""xref_src_db"": ""PDBe""}, {""xref_id"": ""3H21"", ""xref_name"": ""A"", ""xref_src_db"": ""PDBe""}, {""xref_id"": ""3H22"", ""xref_name"": ""A"", ""xref_src_db"": ""PDBe""}, {""xref_id"": ""4DAF"", ""xref_name"": ""A"", ""xref_src_db"": ""PDBe""}, {""xref_id"": ""3H23"", ""xref_name"": ""A"", ""xref_src_db"": ""PDBe""}, {""xref_id"": ""3H24"", ""xref_name"": ""A"", ""xref_src_db"": ""PDBe""}, {""xref_id"": ""4NHV"", ""xref_name"": ""A"", ""xref_src_db"": ""PDBe""}, {""xref_id"": ""1TWZ"", ""xref_name"": ""A"", ""xref_src_db"": ""PDBe""}, {""xref_id"": ""1TWW"", ""xref_name"": ""A"", ""xref_src_db"": ""PDBe""}, {""xref_id"": ""GO:0004156"", ""xref_name"": ""dihydropteroate synthase activity"", ""xref_src_db"": ""GoFunction""}, {""xref_id"": ""GO:0016740"", ""xref_name"": ""transferase activity"", ""xref_src_db"": ""GoFunction""}, {""xref_id"": ""GO:0046872"", ""xref_name"": ""metal ion binding"", ""xref_src_db"": ""GoFunction""}, {""xref_id"": ""GO:0009396"", ""xref_name"": ""folic acid-containing compound biosynthetic process"", ""xref_src_db"": ""GoProcess""}, {""xref_id"": ""GO:0046654"", ""xref_name"": ""tetrahydrofolate biosynthetic process"", ""xref_src_db"": ""GoProcess""}, {""xref_id"": ""GO:0046656"", ""xref_name"": ""folic acid biosynthetic process"", ""xref_src_db"": ""GoProcess""}, {""xref_id"": ""GO:0005829"", ""xref_name"": ""cytosol"", ""xref_src_db"": ""GoComponent""}, {""xref_id"": ""A0A2B6BWX3"", ""xref_name"": ""Dihydropteroate synthase"", ""xref_src_db"": ""UniProt""}, {""xref_id"": ""E9QTW3"", ""xref_name"": ""Dihydropteroate synthase"", ""xref_src_db"": ""UniProt""}, {""xref_id"": ""E9QTW4"", ""xref_name"": ""Dihydropteroate synthase"", ""xref_src_db"": ""UniProt""}, {""xref_id"": ""E9QTW5"", ""xref_name"": ""Dihydropteroate synthase"", ""xref_src_db"": ""UniProt""}, {""xref_id"": ""Q2QCA4"", ""xref_name"": ""Dihydropteroate synthase"", ""xref_src_db"": ""UniProt""}, {""xref_id"": ""Q6I4X2"", ""xref_name"": ""Dihydropteroate synthase"", ""xref_src_db"": ""UniProt""}, {""xref_id"": ""Q6KYL6"", ""xref_name"": ""Dihydropteroate synthase"", ""xref_src_db"": ""UniProt""}, {""xref_id"": ""Q81VW8"", ""xref_name"": ""Dihydropteroate synthase"", ""xref_src_db"": ""UniProt""}, {""xref_id"": ""1TWS"", ""xref_name"": null, ""xref_src_db"": ""PDB""}, {""xref_id"": ""1TWW"", ""xref_name"": null, ""xref_src_db"": ""PDB""}, {""xref_id"": ""1TWZ"", ""xref_name"": null, ""xref_src_db"": ""PDB""}, {""xref_id"": ""1TX0"", ""xref_name"": null, ""xref_src_db"": ""PDB""}, {""xref_id"": ""1TX2"", ""xref_name"": null, ""xref_src_db"": ""PDB""}, {""xref_id"": ""3H21"", ""xref_name"": null, ""xref_src_db"": ""PDB""}, {""xref_id"": ""3H22"", ""xref_name"": null, ""xref_src_db"": ""PDB""}, {""xref_id"": ""3H23"", ""xref_name"": null, ""xref_src_db"": ""PDB""}, {""xref_id"": ""3H24"", ""xref_name"": null, ""xref_src_db"": ""PDB""}, {""xref_id"": ""3H26"", ""xref_name"": null, ""xref_src_db"": ""PDB""}, {""xref_id"": ""3H2A"", ""xref_name"": null, ""xref_src_db"": ""PDB""}, {""xref_id"": ""3H2C"", ""xref_name"": null, ""xref_src_db"": ""PDB""}, {""xref_id"": ""3H2E"", ""xref_name"": null, ""xref_src_db"": ""PDB""}, {""xref_id"": ""3H2F"", ""xref_name"": null, ""xref_src_db"": ""PDB""}, {""xref_id"": ""3H2M"", ""xref_name"": null, ""xref_src_db"": ""PDB""}, {""xref_id"": ""3H2N"", ""xref_name"": null, ""xref_src_db"": ""PDB""}, {""xref_id"": ""3H2O"", ""xref_name"": null, ""xref_src_db"": ""PDB""}, {""xref_id"": ""3TYA"", ""xref_name"": null, ""xref_src_db"": ""PDB""}, {""xref_id"": ""3TYB"", ""xref_name"": null, ""xref_src_db"": ""PDB""}, {""xref_id"": ""3TYC"", ""xref_name"": null, ""xref_src_db"": ""PDB""}, {""xref_id"": ""3TYD"", ""xref_name"": null, ""xref_src_db"": ""PDB""}, {""xref_id"": ""3TYE"", ""xref_name"": null, ""xref_src_db"": ""PDB""}, {""xref_id"": ""4D8A"", ""xref_name"": null, ""xref_src_db"": ""PDB""}, {""xref_id"": ""4D8Z"", ""xref_name"": null, ""xref_src_db"": ""PDB""}, {""xref_id"": ""4D9P"", ""xref_name"": null, ""xref_src_db"": ""PDB""}, {""xref_id"": ""4DAF"", ""xref_name"": null, ""xref_src_db"": ""PDB""}, {""xref_id"": ""4DAI"", ""xref_name"": null, ""xref_src_db"": ""PDB""}, {""xref_id"": ""4DB7"", ""xref_name"": null, ""xref_src_db"": ""PDB""}, {""xref_id"": ""4NHV"", ""xref_name"": null, ""xref_src_db"": ""PDB""}, {""xref_id"": ""4NIL"", ""xref_name"": null, ""xref_src_db"": ""PDB""}, {""xref_id"": ""4NIR"", ""xref_name"": null, ""xref_src_db"": ""PDB""}, {""xref_id"": ""4NL1"", ""xref_name"": null, ""xref_src_db"": ""PDB""}, {""xref_id"": ""IPR045031"", ""xref_name"": ""DHP_synth-like"", ""xref_src_db"": ""InterPro""}, {""xref_id"": ""IPR006390"", ""xref_name"": ""DHP_synth_dom"", ""xref_src_db"": ""InterPro""}, {""xref_id"": ""IPR011005"", ""xref_name"": ""Dihydropteroate_synth-like_sf"", ""xref_src_db"": ""InterPro""}, {""xref_id"": ""IPR000489"", ""xref_name"": ""Pterin-binding_dom"", ""xref_src_db"": ""InterPro""}, {""xref_id"": ""PTHR20941"", ""xref_name"": ""FOLATE SYNTHESIS PROTEINS"", ""xref_src_db"": ""PANTHER""}, {""xref_id"": ""PTHR20941:SF1"", ""xref_name"": ""FOLIC ACID SYNTHESIS PROTEIN FOL1"", ""xref_src_db"": ""PANTHER""}, {""xref_id"": ""PF00809"", ""xref_name"": ""Pterin_bind"", ""xref_src_db"": ""Pfam""}]}]",normalized_field,tests/fixtures/bronze/chembl/target/sample_ci_2026-04-24.jsonl
chembl_target,chembl/target,target_components,bronze_fixture,"[{""accession"": ""Q923I7"", ""component_description"": ""Sodium/glucose cotransporter 2"", ""component_id"": 4736, ""component_type"": ""PROTEIN"", ""relationship"": ""SINGLE PROTEIN"", ""target_component_synonyms"": [{""component_synonym"": ""Synonyms=Sglt2"", ""syn_type"": ""GENE_SYMBOL_OTHER""}, {""component_synonym"": ""Synonyms=Sglt2 {ECO:0000303|PubMed:11749115"", ""syn_type"": ""GENE_SYMBOL_OTHER""}, {""component_synonym"": ""Slc5a2"", ""syn_type"": ""GENE_SYMBOL""}, {""component_synonym"": ""Sodium/glucose cotransporter 2"", ""syn_type"": ""UNIPROT""}, {""component_synonym"": ""Low affinity sodium-glucose cotransporter"", ""syn_type"": ""UNIPROT""}, {""component_synonym"": ""Solute carrier family 5 member 2"", ""syn_type"": ""UNIPROT""}, {""component_synonym"": ""Na(+)/glucose cotransporter 2"", ""syn_type"": ""UNIPROT""}], ""target_component_xrefs"": [{""xref_id"": ""GO:0005412"", ""xref_name"": ""D-glucose:sodium symporter activity"", ""xref_src_db"": ""GoFunction""}, {""xref_id"": ""GO:0005515"", ""xref_name"": ""protein binding"", ""xref_src_db"": ""GoFunction""}, {""xref_id"": ""GO:0015151"", ""xref_name"": ""alpha-glucoside transmembrane transporter activity"", ""xref_src_db"": ""GoFunction""}, {""xref_id"": ""GO:0022857"", ""xref_name"": ""transmembrane transporter activity"", ""xref_src_db"": ""GoFunction""}, {""xref_id"": ""GO:0046872"", ""xref_name"": ""metal ion binding"", ""xref_src_db"": ""GoFunction""}, {""xref_id"": ""GO:0055056"", ""xref_name"": ""D-glucose transmembrane transporter activity"", ""xref_src_db"": ""GoFunction""}, {""xref_id"": ""GO:0000017"", ""xref_name"": ""alpha-glucoside transport"", ""xref_src_db"": ""GoProcess""}, {""xref_id"": ""GO:0006814"", ""xref_name"": ""sodium ion transport"", ""xref_src_db"": ""GoProcess""}, {""xref_id"": ""GO:0035623"", ""xref_name"": ""renal D-glucose absorption"", ""xref_src_db"": ""GoProcess""}, {""xref_id"": ""GO:0055085"", ""xref_name"": ""transmembrane transport"", ""xref_src_db"": ""GoProcess""}, {""xref_id"": ""GO:0098708"", ""xref_name"": ""D-glucose import across plasma membrane"", ""xref_src_db"": ""GoProcess""}, {""xref_id"": ""GO:0098719"", ""xref_name"": ""sodium ion import across plasma membrane"", ""xref_src_db"": ""GoProcess""}, {""xref_id"": ""GO:0005886"", ""xref_name"": ""plasma membrane"", ""xref_src_db"": ""GoComponent""}, {""xref_id"": ""GO:0016020"", ""xref_name"": ""membrane"", ""xref_src_db"": ""GoComponent""}, {""xref_id"": ""GO:0016324"", ""xref_name"": ""apical plasma membrane"", ""xref_src_db"": ""GoComponent""}, {""xref_id"": ""Q923I7"", ""xref_name"": ""Sodium/glucose cotransporter 2"", ""xref_src_db"": ""UniProt""}, {""xref_id"": ""Q923I7"", ""xref_name"": null, ""xref_src_db"": ""AlphaFoldDB""}, {""xref_id"": ""R-MMU-189200"", ""xref_name"": ""Cellular hexose transport"", ""xref_src_db"": ""Reactome""}, {""xref_id"": ""Q923I7"", ""xref_name"": null, ""xref_src_db"": ""ExpressionAtlas""}, {""xref_id"": ""IPR038377"", ""xref_name"": ""Na/Glc_symporter_sf"", ""xref_src_db"": ""InterPro""}, {""xref_id"": ""IPR001734"", ""xref_name"": ""Na/solute_symporter"", ""xref_src_db"": ""InterPro""}, {""xref_id"": ""IPR018212"", ""xref_name"": ""Na/solute_symporter_CS"", ""xref_src_db"": ""InterPro""}, {""xref_id"": ""PTHR11819:SF145"", ""xref_name"": ""SODIUM_GLUCOSE COTRANSPORTER 2"", ""xref_src_db"": ""PANTHER""}, {""xref_id"": ""PTHR11819"", ""xref_name"": ""SOLUTE CARRIER FAMILY 5"", ""xref_src_db"": ""PANTHER""}, {""xref_id"": ""PF00474"", ""xref_name"": ""SSF"", ""xref_src_db"": ""Pfam""}]}]",1,"[{""accession"": ""Q923I7"", ""component_description"": ""Sodium/glucose cotransporter 2"", ""component_id"": 4736, ""component_type"": ""PROTEIN"", ""relationship"": ""SINGLE PROTEIN"", ""target_component_synonyms"": [{""component_synonym"": ""Synonyms=Sglt2"", ""syn_type"": ""GENE_SYMBOL_OTHER""}, {""component_synonym"": ""Synonyms=Sglt2 {ECO:0000303|PubMed:11749115"", ""syn_type"": ""GENE_SYMBOL_OTHER""}, {""component_synonym"": ""Slc5a2"", ""syn_type"": ""GENE_SYMBOL""}, {""component_synonym"": ""Sodium/glucose cotransporter 2"", ""syn_type"": ""UNIPROT""}, {""component_synonym"": ""Low affinity sodium-glucose cotransporter"", ""syn_type"": ""UNIPROT""}, {""component_synonym"": ""Solute carrier family 5 member 2"", ""syn_type"": ""UNIPROT""}, {""component_synonym"": ""Na(+)/glucose cotransporter 2"", ""syn_type"": ""UNIPROT""}], ""target_component_xrefs"": [{""xref_id"": ""GO:0005412"", ""xref_name"": ""D-glucose:sodium symporter activity"", ""xref_src_db"": ""GoFunction""}, {""xref_id"": ""GO:0005515"", ""xref_name"": ""protein binding"", ""xref_src_db"": ""GoFunction""}, {""xref_id"": ""GO:0015151"", ""xref_name"": ""alpha-glucoside transmembrane transporter activity"", ""xref_src_db"": ""GoFunction""}, {""xref_id"": ""GO:0022857"", ""xref_name"": ""transmembrane transporter activity"", ""xref_src_db"": ""GoFunction""}, {""xref_id"": ""GO:0046872"", ""xref_name"": ""metal ion binding"", ""xref_src_db"": ""GoFunction""}, {""xref_id"": ""GO:0055056"", ""xref_name"": ""D-glucose transmembrane transporter activity"", ""xref_src_db"": ""GoFunction""}, {""xref_id"": ""GO:0000017"", ""xref_name"": ""alpha-glucoside transport"", ""xref_src_db"": ""GoProcess""}, {""xref_id"": ""GO:0006814"", ""xref_name"": ""sodium ion transport"", ""xref_src_db"": ""GoProcess""}, {""xref_id"": ""GO:0035623"", ""xref_name"": ""renal D-glucose absorption"", ""xref_src_db"": ""GoProcess""}, {""xref_id"": ""GO:0055085"", ""xref_name"": ""transmembrane transport"", ""xref_src_db"": ""GoProcess""}, {""xref_id"": ""GO:0098708"", ""xref_name"": ""D-glucose import across plasma membrane"", ""xref_src_db"": ""GoProcess""}, {""xref_id"": ""GO:0098719"", ""xref_name"": ""sodium ion import across plasma membrane"", ""xref_src_db"": ""GoProcess""}, {""xref_id"": ""GO:0005886"", ""xref_name"": ""plasma membrane"", ""xref_src_db"": ""GoComponent""}, {""xref_id"": ""GO:0016020"", ""xref_name"": ""membrane"", ""xref_src_db"": ""GoComponent""}, {""xref_id"": ""GO:0016324"", ""xref_name"": ""apical plasma membrane"", ""xref_src_db"": ""GoComponent""}, {""xref_id"": ""Q923I7"", ""xref_name"": ""Sodium/glucose cotransporter 2"", ""xref_src_db"": ""UniProt""}, {""xref_id"": ""Q923I7"", ""xref_name"": null, ""xref_src_db"": ""AlphaFoldDB""}, {""xref_id"": ""R-MMU-189200"", ""xref_name"": ""Cellular hexose transport"", ""xref_src_db"": ""Reactome""}, {""xref_id"": ""Q923I7"", ""xref_name"": null, ""xref_src_db"": ""ExpressionAtlas""}, {""xref_id"": ""IPR038377"", ""xref_name"": ""Na/Glc_symporter_sf"", ""xref_src_db"": ""InterPro""}, {""xref_id"": ""IPR001734"", ""xref_name"": ""Na/solute_symporter"", ""xref_src_db"": ""InterPro""}, {""xref_id"": ""IPR018212"", ""xref_name"": ""Na/solute_symporter_CS"", ""xref_src_db"": ""InterPro""}, {""xref_id"": ""PTHR11819:SF145"", ""xref_name"": ""SODIUM_GLUCOSE COTRANSPORTER 2"", ""xref_src_db"": ""PANTHER""}, {""xref_id"": ""PTHR11819"", ""xref_name"": ""SOLUTE CARRIER FAMILY 5"", ""xref_src_db"": ""PANTHER""}, {""xref_id"": ""PF00474"", ""xref_name"": ""SSF"", ""xref_src_db"": ""Pfam""}]}]",normalized_field,tests/fixtures/bronze/chembl/target/sample_ci_2026-04-24.jsonl
chembl_target,chembl/target,target_components,bronze_fixture,"[{""accession"": ""Q9FBC5"", ""component_description"": ""Probable nitronate monooxygenase"", ""component_id"": 4039, ""component_type"": ""PROTEIN"", ""relationship"": ""SINGLE PROTEIN"", ""target_component_synonyms"": [{""component_synonym"": ""CS877_03785"", ""syn_type"": ""GENE_SYMBOL_OTHER""}, {""component_synonym"": ""CSH34_06180"", ""syn_type"": ""GENE_SYMBOL_OTHER""}, {""component_synonym"": ""ERS019416_00326"", ""syn_type"": ""GENE_SYMBOL_OTHER""}, {""component_synonym"": ""ERS019687_00144"", ""syn_type"": ""GENE_SYMBOL_OTHER""}, {""component_synonym"": ""ERS020138_00781"", ""syn_type"": ""GENE_SYMBOL_OTHER""}, {""component_synonym"": ""ERS020158_00154"", ""syn_type"": ""GENE_SYMBOL_OTHER""}, {""component_synonym"": ""ERS020525_00230"", ""syn_type"": ""GENE_SYMBOL_OTHER""}, {""component_synonym"": ""ERS020528_00394"", ""syn_type"": ""GENE_SYMBOL_OTHER""}, {""component_synonym"": ""ERS020532_00901"", ""syn_type"": ""GENE_SYMBOL_OTHER""}, {""component_synonym"": ""ERS020726_00825"", ""syn_type"": ""GENE_SYMBOL_OTHER""}, {""component_synonym"": ""ERS020831_00410"", ""syn_type"": ""GENE_SYMBOL_OTHER""}, {""component_synonym"": ""ERS021733_02209"", ""syn_type"": ""GENE_SYMBOL_OTHER""}, {""component_synonym"": ""ERS022390_01437"", ""syn_type"": ""GENE_SYMBOL_OTHER""}, {""component_synonym"": ""ERS232497_00402"", ""syn_type"": ""GENE_SYMBOL_OTHER""}, {""component_synonym"": ""ERS232524_01992"", ""syn_type"": ""GENE_SYMBOL_OTHER""}, {""component_synonym"": ""ERS367337_02077"", ""syn_type"": ""GENE_SYMBOL_OTHER""}, {""component_synonym"": ""NCTC13735_00608"", ""syn_type"": ""GENE_SYMBOL_OTHER""}, {""component_synonym"": ""EZ408_009215"", ""syn_type"": ""GENE_SYMBOL_OTHER""}, {""component_synonym"": ""SAMEA104035134_00125"", ""syn_type"": ""GENE_SYMBOL_OTHER""}, {""component_synonym"": ""SAMEA104154639_00246"", ""syn_type"": ""GENE_SYMBOL_OTHER""}, {""component_synonym"": ""SAMEA104154682_00737"", ""syn_type"": ""GENE_SYMBOL_OTHER""}, {""component_synonym"": ""SAMEA2203858_00733"", ""syn_type"": ""GENE_SYMBOL_OTHER""}, {""component_synonym"": ""SAMEA2203917_01295"", ""syn_type"": ""GENE_SYMBOL_OTHER""}, {""component_synonym"": ""SAMEA2335953_00871"", ""syn_type"": ""GENE_SYMBOL_OTHER""}, {""component_synonym"": ""SAMEA2335963_01381"", ""syn_type"": ""GENE_SYMBOL_OTHER""}, {""component_synonym"": ""SAMEA2335973_00655"", ""syn_type"": ""GENE_SYMBOL_OTHER""}, {""component_synonym"": ""SAMEA2335988_01410"", ""syn_type"": ""GENE_SYMBOL_OTHER""}, {""component_synonym"": ""SAMEA2335990_00314"", ""syn_type"": ""GENE_SYMBOL_OTHER""}, {""component_synonym"": ""SAMEA2335995_01982"", ""syn_type"": ""GENE_SYMBOL_OTHER""}, {""component_synonym"": ""SAMEA2467564_00619"", ""syn_type"": ""GENE_SYMBOL_OTHER""}, {""component_synonym"": ""SAMEA2521502_01333"", ""syn_type"": ""GENE_SYMBOL_OTHER""}, {""component_synonym"": ""SAMEA2521548_00482"", ""syn_type"": ""GENE_SYMBOL_OTHER""}, {""component_synonym"": ""SAMEA2521663_00890"", ""syn_type"": ""GENE_SYMBOL_OTHER""}, {""component_synonym"": ""SAMEA2627268_00401"", ""syn_type"": ""GENE_SYMBOL_OTHER""}, {""component_synonym"": ""SAMEA2696318_01931"", ""syn_type"": ""GENE_SYMBOL_OTHER""}, {""component_synonym"": ""SAMEA2696453_01755"", ""syn_type"": ""GENE_SYMBOL_OTHER""}, {""component_synonym"": ""SAMEA2796435_01260"", ""syn_type"": ""GENE_SYMBOL_OTHER""}, {""component_synonym"": ""SAMEA2796719_00924"", ""syn_type"": ""GENE_SYMBOL_OTHER""}, {""component_synonym"": ""SAMEA3171064_01878"", ""syn_type"": ""GENE_SYMBOL_OTHER""}, {""component_synonym"": ""SAMEA3232645_00177"", ""syn_type"": ""GENE_SYMBOL_OTHER""}, {""component_synonym"": ""SAMEA3309691_01461"", ""syn_type"": ""GENE_SYMBOL_OTHER""}, {""component_synonym"": ""SAMEA3309728_02260"", ""syn_type"": ""GENE_SYMBOL_OTHER""}, {""component_synonym"": ""SAMEA3309780_01855"", ""syn_type"": ""GENE_SYMBOL_OTHER""}, {""component_synonym"": ""SAMEA3309798_02294"", ""syn_type"": ""GENE_SYMBOL_OTHER""}, {""component_synonym"": ""SAMEA3309811_01934"", ""syn_type"": ""GENE_SYMBOL_OTHER""}, {""component_synonym"": ""SAMEA3309816_01850"", ""syn_type"": ""GENE_SYMBOL_OTHER""}, {""component_synonym"": ""SAMEA3354337_00998"", ""syn_type"": ""GENE_SYMBOL_OTHER""}, {""component_synonym"": ""SAMEA3381403_02149"", ""syn_type"": ""GENE_SYMBOL_OTHER""}, {""component_synonym"": ""SAMEA3381572_00643"", ""syn_type"": ""GENE_SYMBOL_OTHER""}, {""component_synonym"": ""SAMEA3381590_00268"", ""syn_type"": ""GENE_SYMBOL_OTHER""}, {""component_synonym"": ""SAMEA3381642_01731"", ""syn_type"": ""GENE_SYMBOL_OTHER""}, {""component_synonym"": ""SAMEA3431486_01497"", ""syn_type"": ""GENE_SYMBOL_OTHER""}, {""component_synonym"": ""SAMEA3714202_00056"", ""syn_type"": ""GENE_SYMBOL_OTHER""}, {""component_synonym"": ""ERS020598_01011"", ""syn_type"": ""GENE_SYMBOL_OTHER""}, {""component_synonym"": ""ERS020873_01242"", ""syn_type"": ""GENE_SYMBOL_OTHER""}, {""component_synonym"": ""ERS020948_00329"", ""syn_type"": ""GENE_SYMBOL_OTHER""}, {""component_synonym"": ""ERS021280_00345"", ""syn_type"": ""GENE_SYMBOL_OTHER""}, {""component_synonym"": ""ERS409277_00291"", ""syn_type"": ""GENE_SYMBOL_OTHER""}, {""component_synonym"": ""FIU69_09620"", ""syn_type"": ""GENE_SYMBOL_OTHER""}, {""component_synonym"": ""GM533_03105"", ""syn_type"": ""GENE_SYMBOL_OTHER""}, {""component_synonym"": ""GM543_03245"", ""syn_type"": ""GENE_SYMBOL_OTHER""}, {""component_synonym"": ""SAMEA104035127_00124"", ""syn_type"": ""GENE_SYMBOL_OTHER""}, {""component_synonym"": ""SAMEA104035937_00537"", ""syn_type"": ""GENE_SYMBOL_OTHER""}, {""component_synonym"": ""SAMEA2050264_00272"", ""syn_type"": ""GENE_SYMBOL_OTHER""}, {""component_synonym"": ""SAMEA2050326_01783"", ""syn_type"": ""GENE_SYMBOL_OTHER""}, {""component_synonym"": ""SAMEA2066126_00383"", ""syn_type"": ""GENE_SYMBOL_OTHER""}, {""component_synonym"": ""SAMEA3309804_02010"", ""syn_type"": ""GENE_SYMBOL_OTHER""}, {""component_synonym"": ""SAMEA3353590_01691"", ""syn_type"": ""GENE_SYMBOL_OTHER""}, {""component_synonym"": ""SAMEA3389245_02219"", ""syn_type"": ""GENE_SYMBOL_OTHER""}, {""component_synonym"": ""SAMEA3431589_02299"", ""syn_type"": ""GENE_SYMBOL_OTHER""}, {""component_synonym"": ""SAMEA3447943_00249"", ""syn_type"": ""GENE_SYMBOL_OTHER""}, {""component_synonym"": ""SAMEA3713874_02298"", ""syn_type"": ""GENE_SYMBOL_OTHER""}, {""component_synonym"": ""SAMEA3714263_02284"", ""syn_type"": ""GENE_SYMBOL_OTHER""}, {""component_synonym"": ""SAMEA3389766_01405"", ""syn_type"": ""GENE_SYMBOL_OTHER""}, {""component_synonym"": ""SAMEA2627268_00401 GN  "", ""syn_type"": ""GENE_SYMBOL_OTHER""}, {""component_synonym"": ""SAMEA3171064_01878 GN  "", ""syn_type"": ""GENE_SYMBOL_OTHER""}, {""component_synonym"": ""SAMEA3389245_02219 GN  "", ""syn_type"": ""GENE_SYMBOL_OTHER""}, {""component_synonym"": ""SAMEA3389766_01405 GN  "", ""syn_type"": ""GENE_SYMBOL_OTHER""}, {""component_synonym"": ""GN  "", ""syn_type"": ""GENE_SYMBOL_OTHER""}, {""component_synonym"": ""SAMEA104154639_00246 GN  "", ""syn_type"": ""GENE_SYMBOL_OTHER""}, {""component_synonym"": ""ERS022613_00472 GN  "", ""syn_type"": ""GENE_SYMBOL_OTHER""}, {""component_synonym"": ""GM543_03245 GN  "", ""syn_type"": ""GENE_SYMBOL_OTHER""}, {""component_synonym"": ""ERS019261_01077"", ""syn_type"": ""GENE_SYMBOL_OTHER""}, {""component_synonym"": ""ERS019687_00144 GN  "", ""syn_type"": ""GENE_SYMBOL_OTHER""}, {""component_synonym"": ""SAMEA2696453_01755 GN  "", ""syn_type"": ""GENE_SYMBOL_OTHER""}, {""component_synonym"": ""fabK"", ""syn_type"": ""GENE_SYMBOL""}, {""component_synonym"": ""ERS021383_00553 GN  "", ""syn_type"": ""GENE_SYMBOL_OTHER""}, {""component_synonym"": ""SAMEA3381439_00397 GN  "", ""syn_type"": ""GENE_SYMBOL_OTHER""}, {""component_synonym"": ""Probable nitronate monooxygenase"", ""syn_type"": ""UNIPROT""}], ""target_component_xrefs"": [{""xref_id"": ""2Z6I"", ""xref_name"": ""A"", ""xref_src_db"": ""PDBe""}, {""xref_id"": ""2Z6J"", ""xref_name"": ""A"", ""xref_src_db"": ""PDBe""}, {""xref_id"": ""GO:0000166"", ""xref_name"": ""nucleotide binding"", ""xref_src_db"": ""GoFunction""}, {""xref_id"": ""GO:0004318"", ""xref_name"": ""enoyl-[acyl-carrier-protein] reductase (NADH) activity"", ""xref_src_db"": ""GoFunction""}, {""xref_id"": ""GO:0016491"", ""xref_name"": ""oxidoreductase activity"", ""xref_src_db"": ""GoFunction""}, {""xref_id"": ""GO:0018580"", ""xref_name"": ""nitronate monooxygenase activity"", ""xref_src_db"": ""GoFunction""}, {""xref_id"": ""GO:0046872"", ""xref_name"": ""metal ion binding"", ""xref_src_db"": ""GoFunction""}, {""xref_id"": ""G8JZV3"", ""xref_name"": ""Probable nitronate monooxygenase"", ""xref_src_db"": ""UniProt""}, {""xref_id"": ""Q7D4G1"", ""xref_name"": ""Probable nitronate monooxygenase"", ""xref_src_db"": ""UniProt""}, {""xref_id"": ""Q9FBC5"", ""xref_name"": ""Probable nitronate monooxygenase"", ""xref_src_db"": ""UniProt""}, {""xref_id"": ""2Z6I"", ""xref_name"": null, ""xref_src_db"": ""PDB""}, {""xref_id"": ""2Z6J"", ""xref_name"": null, ""xref_src_db"": ""PDB""}, {""xref_id"": ""IPR013785"", ""xref_name"": ""Aldolase_TIM"", ""xref_src_db"": ""InterPro""}, {""xref_id"": ""IPR017569"", ""xref_name"": ""Enoyl_ACP_red-II_put"", ""xref_src_db"": ""InterPro""}, {""xref_id"": ""IPR004136"", ""xref_name"": ""NMO"", ""xref_src_db"": ""InterPro""}, {""xref_id"": ""PTHR32332"", ""xref_name"": ""2-NITROPROPANE DIOXYGENASE"", ""xref_src_db"": ""PANTHER""}, {""xref_id"": ""PTHR32332:SF20"", ""xref_name"": ""2-NITROPROPANE DIOXYGENASE-LIKE PROTEIN"", ""xref_src_db"": ""PANTHER""}, {""xref_id"": ""PF03060"", ""xref_name"": ""NMO"", ""xref_src_db"": ""Pfam""}]}]",1,"[{""accession"": ""Q9FBC5"", ""component_description"": ""Probable nitronate monooxygenase"", ""component_id"": 4039, ""component_type"": ""PROTEIN"", ""relationship"": ""SINGLE PROTEIN"", ""target_component_synonyms"": [{""component_synonym"": ""CS877_03785"", ""syn_type"": ""GENE_SYMBOL_OTHER""}, {""component_synonym"": ""CSH34_06180"", ""syn_type"": ""GENE_SYMBOL_OTHER""}, {""component_synonym"": ""ERS019416_00326"", ""syn_type"": ""GENE_SYMBOL_OTHER""}, {""component_synonym"": ""ERS019687_00144"", ""syn_type"": ""GENE_SYMBOL_OTHER""}, {""component_synonym"": ""ERS020138_00781"", ""syn_type"": ""GENE_SYMBOL_OTHER""}, {""component_synonym"": ""ERS020158_00154"", ""syn_type"": ""GENE_SYMBOL_OTHER""}, {""component_synonym"": ""ERS020525_00230"", ""syn_type"": ""GENE_SYMBOL_OTHER""}, {""component_synonym"": ""ERS020528_00394"", ""syn_type"": ""GENE_SYMBOL_OTHER""}, {""component_synonym"": ""ERS020532_00901"", ""syn_type"": ""GENE_SYMBOL_OTHER""}, {""component_synonym"": ""ERS020726_00825"", ""syn_type"": ""GENE_SYMBOL_OTHER""}, {""component_synonym"": ""ERS020831_00410"", ""syn_type"": ""GENE_SYMBOL_OTHER""}, {""component_synonym"": ""ERS021733_02209"", ""syn_type"": ""GENE_SYMBOL_OTHER""}, {""component_synonym"": ""ERS022390_01437"", ""syn_type"": ""GENE_SYMBOL_OTHER""}, {""component_synonym"": ""ERS232497_00402"", ""syn_type"": ""GENE_SYMBOL_OTHER""}, {""component_synonym"": ""ERS232524_01992"", ""syn_type"": ""GENE_SYMBOL_OTHER""}, {""component_synonym"": ""ERS367337_02077"", ""syn_type"": ""GENE_SYMBOL_OTHER""}, {""component_synonym"": ""NCTC13735_00608"", ""syn_type"": ""GENE_SYMBOL_OTHER""}, {""component_synonym"": ""EZ408_009215"", ""syn_type"": ""GENE_SYMBOL_OTHER""}, {""component_synonym"": ""SAMEA104035134_00125"", ""syn_type"": ""GENE_SYMBOL_OTHER""}, {""component_synonym"": ""SAMEA104154639_00246"", ""syn_type"": ""GENE_SYMBOL_OTHER""}, {""component_synonym"": ""SAMEA104154682_00737"", ""syn_type"": ""GENE_SYMBOL_OTHER""}, {""component_synonym"": ""SAMEA2203858_00733"", ""syn_type"": ""GENE_SYMBOL_OTHER""}, {""component_synonym"": ""SAMEA2203917_01295"", ""syn_type"": ""GENE_SYMBOL_OTHER""}, {""component_synonym"": ""SAMEA2335953_00871"", ""syn_type"": ""GENE_SYMBOL_OTHER""}, {""component_synonym"": ""SAMEA2335963_01381"", ""syn_type"": ""GENE_SYMBOL_OTHER""}, {""component_synonym"": ""SAMEA2335973_00655"", ""syn_type"": ""GENE_SYMBOL_OTHER""}, {""component_synonym"": ""SAMEA2335988_01410"", ""syn_type"": ""GENE_SYMBOL_OTHER""}, {""component_synonym"": ""SAMEA2335990_00314"", ""syn_type"": ""GENE_SYMBOL_OTHER""}, {""component_synonym"": ""SAMEA2335995_01982"", ""syn_type"": ""GENE_SYMBOL_OTHER""}, {""component_synonym"": ""SAMEA2467564_00619"", ""syn_type"": ""GENE_SYMBOL_OTHER""}, {""component_synonym"": ""SAMEA2521502_01333"", ""syn_type"": ""GENE_SYMBOL_OTHER""}, {""component_synonym"": ""SAMEA2521548_00482"", ""syn_type"": ""GENE_SYMBOL_OTHER""}, {""component_synonym"": ""SAMEA2521663_00890"", ""syn_type"": ""GENE_SYMBOL_OTHER""}, {""component_synonym"": ""SAMEA2627268_00401"", ""syn_type"": ""GENE_SYMBOL_OTHER""}, {""component_synonym"": ""SAMEA2696318_01931"", ""syn_type"": ""GENE_SYMBOL_OTHER""}, {""component_synonym"": ""SAMEA2696453_01755"", ""syn_type"": ""GENE_SYMBOL_OTHER""}, {""component_synonym"": ""SAMEA2796435_01260"", ""syn_type"": ""GENE_SYMBOL_OTHER""}, {""component_synonym"": ""SAMEA2796719_00924"", ""syn_type"": ""GENE_SYMBOL_OTHER""}, {""component_synonym"": ""SAMEA3171064_01878"", ""syn_type"": ""GENE_SYMBOL_OTHER""}, {""component_synonym"": ""SAMEA3232645_00177"", ""syn_type"": ""GENE_SYMBOL_OTHER""}, {""component_synonym"": ""SAMEA3309691_01461"", ""syn_type"": ""GENE_SYMBOL_OTHER""}, {""component_synonym"": ""SAMEA3309728_02260"", ""syn_type"": ""GENE_SYMBOL_OTHER""}, {""component_synonym"": ""SAMEA3309780_01855"", ""syn_type"": ""GENE_SYMBOL_OTHER""}, {""component_synonym"": ""SAMEA3309798_02294"", ""syn_type"": ""GENE_SYMBOL_OTHER""}, {""component_synonym"": ""SAMEA3309811_01934"", ""syn_type"": ""GENE_SYMBOL_OTHER""}, {""component_synonym"": ""SAMEA3309816_01850"", ""syn_type"": ""GENE_SYMBOL_OTHER""}, {""component_synonym"": ""SAMEA3354337_00998"", ""syn_type"": ""GENE_SYMBOL_OTHER""}, {""component_synonym"": ""SAMEA3381403_02149"", ""syn_type"": ""GENE_SYMBOL_OTHER""}, {""component_synonym"": ""SAMEA3381572_00643"", ""syn_type"": ""GENE_SYMBOL_OTHER""}, {""component_synonym"": ""SAMEA3381590_00268"", ""syn_type"": ""GENE_SYMBOL_OTHER""}, {""component_synonym"": ""SAMEA3381642_01731"", ""syn_type"": ""GENE_SYMBOL_OTHER""}, {""component_synonym"": ""SAMEA3431486_01497"", ""syn_type"": ""GENE_SYMBOL_OTHER""}, {""component_synonym"": ""SAMEA3714202_00056"", ""syn_type"": ""GENE_SYMBOL_OTHER""}, {""component_synonym"": ""ERS020598_01011"", ""syn_type"": ""GENE_SYMBOL_OTHER""}, {""component_synonym"": ""ERS020873_01242"", ""syn_type"": ""GENE_SYMBOL_OTHER""}, {""component_synonym"": ""ERS020948_00329"", ""syn_type"": ""GENE_SYMBOL_OTHER""}, {""component_synonym"": ""ERS021280_00345"", ""syn_type"": ""GENE_SYMBOL_OTHER""}, {""component_synonym"": ""ERS409277_00291"", ""syn_type"": ""GENE_SYMBOL_OTHER""}, {""component_synonym"": ""FIU69_09620"", ""syn_type"": ""GENE_SYMBOL_OTHER""}, {""component_synonym"": ""GM533_03105"", ""syn_type"": ""GENE_SYMBOL_OTHER""}, {""component_synonym"": ""GM543_03245"", ""syn_type"": ""GENE_SYMBOL_OTHER""}, {""component_synonym"": ""SAMEA104035127_00124"", ""syn_type"": ""GENE_SYMBOL_OTHER""}, {""component_synonym"": ""SAMEA104035937_00537"", ""syn_type"": ""GENE_SYMBOL_OTHER""}, {""component_synonym"": ""SAMEA2050264_00272"", ""syn_type"": ""GENE_SYMBOL_OTHER""}, {""component_synonym"": ""SAMEA2050326_01783"", ""syn_type"": ""GENE_SYMBOL_OTHER""}, {""component_synonym"": ""SAMEA2066126_00383"", ""syn_type"": ""GENE_SYMBOL_OTHER""}, {""component_synonym"": ""SAMEA3309804_02010"", ""syn_type"": ""GENE_SYMBOL_OTHER""}, {""component_synonym"": ""SAMEA3353590_01691"", ""syn_type"": ""GENE_SYMBOL_OTHER""}, {""component_synonym"": ""SAMEA3389245_02219"", ""syn_type"": ""GENE_SYMBOL_OTHER""}, {""component_synonym"": ""SAMEA3431589_02299"", ""syn_type"": ""GENE_SYMBOL_OTHER""}, {""component_synonym"": ""SAMEA3447943_00249"", ""syn_type"": ""GENE_SYMBOL_OTHER""}, {""component_synonym"": ""SAMEA3713874_02298"", ""syn_type"": ""GENE_SYMBOL_OTHER""}, {""component_synonym"": ""SAMEA3714263_02284"", ""syn_type"": ""GENE_SYMBOL_OTHER""}, {""component_synonym"": ""SAMEA3389766_01405"", ""syn_type"": ""GENE_SYMBOL_OTHER""}, {""component_synonym"": ""SAMEA2627268_00401 GN  "", ""syn_type"": ""GENE_SYMBOL_OTHER""}, {""component_synonym"": ""SAMEA3171064_01878 GN  "", ""syn_type"": ""GENE_SYMBOL_OTHER""}, {""component_synonym"": ""SAMEA3389245_02219 GN  "", ""syn_type"": ""GENE_SYMBOL_OTHER""}, {""component_synonym"": ""SAMEA3389766_01405 GN  "", ""syn_type"": ""GENE_SYMBOL_OTHER""}, {""component_synonym"": ""GN  "", ""syn_type"": ""GENE_SYMBOL_OTHER""}, {""component_synonym"": ""SAMEA104154639_00246 GN  "", ""syn_type"": ""GENE_SYMBOL_OTHER""}, {""component_synonym"": ""ERS022613_00472 GN  "", ""syn_type"": ""GENE_SYMBOL_OTHER""}, {""component_synonym"": ""GM543_03245 GN  "", ""syn_type"": ""GENE_SYMBOL_OTHER""}, {""component_synonym"": ""ERS019261_01077"", ""syn_type"": ""GENE_SYMBOL_OTHER""}, {""component_synonym"": ""ERS019687_00144 GN  "", ""syn_type"": ""GENE_SYMBOL_OTHER""}, {""component_synonym"": ""SAMEA2696453_01755 GN  "", ""syn_type"": ""GENE_SYMBOL_OTHER""}, {""component_synonym"": ""fabK"", ""syn_type"": ""GENE_SYMBOL""}, {""component_synonym"": ""ERS021383_00553 GN  "", ""syn_type"": ""GENE_SYMBOL_OTHER""}, {""component_synonym"": ""SAMEA3381439_00397 GN  "", ""syn_type"": ""GENE_SYMBOL_OTHER""}, {""component_synonym"": ""Probable nitronate monooxygenase"", ""syn_type"": ""UNIPROT""}], ""target_component_xrefs"": [{""xref_id"": ""2Z6I"", ""xref_name"": ""A"", ""xref_src_db"": ""PDBe""}, {""xref_id"": ""2Z6J"", ""xref_name"": ""A"", ""xref_src_db"": ""PDBe""}, {""xref_id"": ""GO:0000166"", ""xref_name"": ""nucleotide binding"", ""xref_src_db"": ""GoFunction""}, {""xref_id"": ""GO:0004318"", ""xref_name"": ""enoyl-[acyl-carrier-protein] reductase (NADH) activity"", ""xref_src_db"": ""GoFunction""}, {""xref_id"": ""GO:0016491"", ""xref_name"": ""oxidoreductase activity"", ""xref_src_db"": ""GoFunction""}, {""xref_id"": ""GO:0018580"", ""xref_name"": ""nitronate monooxygenase activity"", ""xref_src_db"": ""GoFunction""}, {""xref_id"": ""GO:0046872"", ""xref_name"": ""metal ion binding"", ""xref_src_db"": ""GoFunction""}, {""xref_id"": ""G8JZV3"", ""xref_name"": ""Probable nitronate monooxygenase"", ""xref_src_db"": ""UniProt""}, {""xref_id"": ""Q7D4G1"", ""xref_name"": ""Probable nitronate monooxygenase"", ""xref_src_db"": ""UniProt""}, {""xref_id"": ""Q9FBC5"", ""xref_name"": ""Probable nitronate monooxygenase"", ""xref_src_db"": ""UniProt""}, {""xref_id"": ""2Z6I"", ""xref_name"": null, ""xref_src_db"": ""PDB""}, {""xref_id"": ""2Z6J"", ""xref_name"": null, ""xref_src_db"": ""PDB""}, {""xref_id"": ""IPR013785"", ""xref_name"": ""Aldolase_TIM"", ""xref_src_db"": ""InterPro""}, {""xref_id"": ""IPR017569"", ""xref_name"": ""Enoyl_ACP_red-II_put"", ""xref_src_db"": ""InterPro""}, {""xref_id"": ""IPR004136"", ""xref_name"": ""NMO"", ""xref_src_db"": ""InterPro""}, {""xref_id"": ""PTHR32332"", ""xref_name"": ""2-NITROPROPANE DIOXYGENASE"", ""xref_src_db"": ""PANTHER""}, {""xref_id"": ""PTHR32332:SF20"", ""xref_name"": ""2-NITROPROPANE DIOXYGENASE-LIKE PROTEIN"", ""xref_src_db"": ""PANTHER""}, {""xref_id"": ""PF03060"", ""xref_name"": ""NMO"", ""xref_src_db"": ""Pfam""}]}]",normalized_field,tests/fixtures/bronze/chembl/target/sample_ci_2026-04-24.jsonl
chembl_target,chembl/target,target_components,bronze_fixture,"[{""accession"": ""Q9R1C8"", ""component_description"": ""5-hydroxytryptamine receptor 6"", ""component_id"": 4618, ""component_type"": ""PROTEIN"", ""relationship"": ""SINGLE PROTEIN"", ""target_component_synonyms"": [{""component_synonym"": ""Htr6"", ""syn_type"": ""GENE_SYMBOL""}, {""component_synonym"": ""5-hydroxytryptamine receptor 6"", ""syn_type"": ""UNIPROT""}, {""component_synonym"": ""Serotonin receptor 6"", ""syn_type"": ""UNIPROT""}, {""component_synonym"": ""5-HT-6"", ""syn_type"": ""UNIPROT""}, {""component_synonym"": ""5-HT6"", ""syn_type"": ""UNIPROT""}], ""target_component_xrefs"": [{""xref_id"": ""GO:0004930"", ""xref_name"": ""G protein-coupled receptor activity"", ""xref_src_db"": ""GoFunction""}, {""xref_id"": ""GO:0004993"", ""xref_name"": ""G protein-coupled serotonin receptor activity"", ""xref_src_db"": ""GoFunction""}, {""xref_id"": ""GO:0005515"", ""xref_name"": ""protein binding"", ""xref_src_db"": ""GoFunction""}, {""xref_id"": ""GO:0099589"", ""xref_name"": ""serotonin receptor activity"", ""xref_src_db"": ""GoFunction""}, {""xref_id"": ""GO:0007186"", ""xref_name"": ""G protein-coupled receptor signaling pathway"", ""xref_src_db"": ""GoProcess""}, {""xref_id"": ""GO:0007192"", ""xref_name"": ""adenylate cyclase-activating serotonin receptor signaling pathway"", ""xref_src_db"": ""GoProcess""}, {""xref_id"": ""GO:0021795"", ""xref_name"": ""cerebral cortex cell migration"", ""xref_src_db"": ""GoProcess""}, {""xref_id"": ""GO:0032008"", ""xref_name"": ""positive regulation of TOR signaling"", ""xref_src_db"": ""GoProcess""}, {""xref_id"": ""GO:0098664"", ""xref_name"": ""G protein-coupled serotonin receptor signaling pathway"", ""xref_src_db"": ""GoProcess""}, {""xref_id"": ""GO:0005886"", ""xref_name"": ""plasma membrane"", ""xref_src_db"": ""GoComponent""}, {""xref_id"": ""GO:0005929"", ""xref_name"": ""cilium"", ""xref_src_db"": ""GoComponent""}, {""xref_id"": ""GO:0016020"", ""xref_name"": ""membrane"", ""xref_src_db"": ""GoComponent""}, {""xref_id"": ""Q9R1C8"", ""xref_name"": ""5-hydroxytryptamine receptor 6"", ""xref_src_db"": ""UniProt""}, {""xref_id"": ""Q9R1C8"", ""xref_name"": null, ""xref_src_db"": ""AlphaFoldDB""}, {""xref_id"": ""R-MMU-390666"", ""xref_name"": ""Serotonin receptors"", ""xref_src_db"": ""Reactome""}, {""xref_id"": ""R-MMU-418555"", ""xref_name"": ""G alpha (s) signalling events"", ""xref_src_db"": ""Reactome""}, {""xref_id"": ""Q9R1C8"", ""xref_name"": null, ""xref_src_db"": ""ExpressionAtlas""}, {""xref_id"": ""IPR002232"", ""xref_name"": ""5HT6_rcpt"", ""xref_src_db"": ""InterPro""}, {""xref_id"": ""IPR000276"", ""xref_name"": ""GPCR_Rhodpsn"", ""xref_src_db"": ""InterPro""}, {""xref_id"": ""IPR017452"", ""xref_name"": ""GPCR_Rhodpsn_7TM"", ""xref_src_db"": ""InterPro""}, {""xref_id"": ""PTHR24247"", ""xref_name"": ""5-HYDROXYTRYPTAMINE RECEPTOR"", ""xref_src_db"": ""PANTHER""}, {""xref_id"": ""PTHR24247:SF236"", ""xref_name"": ""5-HYDROXYTRYPTAMINE RECEPTOR 6"", ""xref_src_db"": ""PANTHER""}, {""xref_id"": ""PF00001"", ""xref_name"": ""7tm_1"", ""xref_src_db"": ""Pfam""}]}]",1,"[{""accession"": ""Q9R1C8"", ""component_description"": ""5-hydroxytryptamine receptor 6"", ""component_id"": 4618, ""component_type"": ""PROTEIN"", ""relationship"": ""SINGLE PROTEIN"", ""target_component_synonyms"": [{""component_synonym"": ""Htr6"", ""syn_type"": ""GENE_SYMBOL""}, {""component_synonym"": ""5-hydroxytryptamine receptor 6"", ""syn_type"": ""UNIPROT""}, {""component_synonym"": ""Serotonin receptor 6"", ""syn_type"": ""UNIPROT""}, {""component_synonym"": ""5-HT-6"", ""syn_type"": ""UNIPROT""}, {""component_synonym"": ""5-HT6"", ""syn_type"": ""UNIPROT""}], ""target_component_xrefs"": [{""xref_id"": ""GO:0004930"", ""xref_name"": ""G protein-coupled receptor activity"", ""xref_src_db"": ""GoFunction""}, {""xref_id"": ""GO:0004993"", ""xref_name"": ""G protein-coupled serotonin receptor activity"", ""xref_src_db"": ""GoFunction""}, {""xref_id"": ""GO:0005515"", ""xref_name"": ""protein binding"", ""xref_src_db"": ""GoFunction""}, {""xref_id"": ""GO:0099589"", ""xref_name"": ""serotonin receptor activity"", ""xref_src_db"": ""GoFunction""}, {""xref_id"": ""GO:0007186"", ""xref_name"": ""G protein-coupled receptor signaling pathway"", ""xref_src_db"": ""GoProcess""}, {""xref_id"": ""GO:0007192"", ""xref_name"": ""adenylate cyclase-activating serotonin receptor signaling pathway"", ""xref_src_db"": ""GoProcess""}, {""xref_id"": ""GO:0021795"", ""xref_name"": ""cerebral cortex cell migration"", ""xref_src_db"": ""GoProcess""}, {""xref_id"": ""GO:0032008"", ""xref_name"": ""positive regulation of TOR signaling"", ""xref_src_db"": ""GoProcess""}, {""xref_id"": ""GO:0098664"", ""xref_name"": ""G protein-coupled serotonin receptor signaling pathway"", ""xref_src_db"": ""GoProcess""}, {""xref_id"": ""GO:0005886"", ""xref_name"": ""plasma membrane"", ""xref_src_db"": ""GoComponent""}, {""xref_id"": ""GO:0005929"", ""xref_name"": ""cilium"", ""xref_src_db"": ""GoComponent""}, {""xref_id"": ""GO:0016020"", ""xref_name"": ""membrane"", ""xref_src_db"": ""GoComponent""}, {""xref_id"": ""Q9R1C8"", ""xref_name"": ""5-hydroxytryptamine receptor 6"", ""xref_src_db"": ""UniProt""}, {""xref_id"": ""Q9R1C8"", ""xref_name"": null, ""xref_src_db"": ""AlphaFoldDB""}, {""xref_id"": ""R-MMU-390666"", ""xref_name"": ""Serotonin receptors"", ""xref_src_db"": ""Reactome""}, {""xref_id"": ""R-MMU-418555"", ""xref_name"": ""G alpha (s) signalling events"", ""xref_src_db"": ""Reactome""}, {""xref_id"": ""Q9R1C8"", ""xref_name"": null, ""xref_src_db"": ""ExpressionAtlas""}, {""xref_id"": ""IPR002232"", ""xref_name"": ""5HT6_rcpt"", ""xref_src_db"": ""InterPro""}, {""xref_id"": ""IPR000276"", ""xref_name"": ""GPCR_Rhodpsn"", ""xref_src_db"": ""InterPro""}, {""xref_id"": ""IPR017452"", ""xref_name"": ""GPCR_Rhodpsn_7TM"", ""xref_src_db"": ""InterPro""}, {""xref_id"": ""PTHR24247"", ""xref_name"": ""5-HYDROXYTRYPTAMINE RECEPTOR"", ""xref_src_db"": ""PANTHER""}, {""xref_id"": ""PTHR24247:SF236"", ""xref_name"": ""5-HYDROXYTRYPTAMINE RECEPTOR 6"", ""xref_src_db"": ""PANTHER""}, {""xref_id"": ""PF00001"", ""xref_name"": ""7tm_1"", ""xref_src_db"": ""Pfam""}]}]",normalized_field,tests/fixtures/bronze/chembl/target/sample_ci_2026-04-24.jsonl
chembl_target,chembl/target,target_components,bronze_fixture,"[{""accession"": ""Q9Z2A7"", ""component_description"": ""Diacylglycerol O-acyltransferase 1"", ""component_id"": 4677, ""component_type"": ""PROTEIN"", ""relationship"": ""SINGLE PROTEIN"", ""target_component_synonyms"": [{""component_synonym"": ""Dgat"", ""syn_type"": ""GENE_SYMBOL_OTHER""}, {""component_synonym"": ""Synonyms=Dgat"", ""syn_type"": ""GENE_SYMBOL_OTHER""}, {""component_synonym"": ""Synonyms=Dgat {ECO:0000303|PubMed:10802663"", ""syn_type"": ""GENE_SYMBOL_OTHER""}, {""component_synonym"": ""Dgat1"", ""syn_type"": ""GENE_SYMBOL""}, {""component_synonym"": ""Diacylglycerol O-acyltransferase 1"", ""syn_type"": ""UNIPROT""}, {""component_synonym"": ""Acyl-CoA retinol O-fatty-acyltransferase"", ""syn_type"": ""UNIPROT""}, {""component_synonym"": ""Diglyceride acyltransferase"", ""syn_type"": ""UNIPROT""}, {""component_synonym"": ""ARAT"", ""syn_type"": ""UNIPROT""}, {""component_synonym"": ""Retinol O-fatty-acyltransferase"", ""syn_type"": ""UNIPROT""}, {""component_synonym"": ""2.3.1.20"", ""syn_type"": ""EC_NUMBER""}, {""component_synonym"": ""2.3.1.76"", ""syn_type"": ""EC_NUMBER""}], ""target_component_xrefs"": [{""xref_id"": ""GO:0019432"", ""xref_name"": ""triglyceride biosynthetic process"", ""xref_src_db"": ""GoProcess""}, {""xref_id"": ""GO:0003846"", ""xref_name"": ""2-acylglycerol O-acyltransferase activity"", ""xref_src_db"": ""GoFunction""}, {""xref_id"": ""GO:0004144"", ""xref_name"": ""diacylglycerol O-acyltransferase activity"", ""xref_src_db"": ""GoFunction""}, {""xref_id"": ""GO:0016746"", ""xref_name"": ""acyltransferase activity"", ""xref_src_db"": ""GoFunction""}, {""xref_id"": ""GO:0042802"", ""xref_name"": ""identical protein binding"", ""xref_src_db"": ""GoFunction""}, {""xref_id"": ""GO:0050252"", ""xref_name"": ""retinol O-fatty-acyltransferase activity"", ""xref_src_db"": ""GoFunction""}, {""xref_id"": ""GO:0006629"", ""xref_name"": ""lipid metabolic process"", ""xref_src_db"": ""GoProcess""}, {""xref_id"": ""GO:0006640"", ""xref_name"": ""monoacylglycerol biosynthetic process"", ""xref_src_db"": ""GoProcess""}, {""xref_id"": ""GO:0034379"", ""xref_name"": ""very-low-density lipoprotein particle assembly"", ""xref_src_db"": ""GoProcess""}, {""xref_id"": ""GO:0035336"", ""xref_name"": ""long-chain fatty-acyl-CoA metabolic process"", ""xref_src_db"": ""GoProcess""}, {""xref_id"": ""GO:0042572"", ""xref_name"": ""retinol metabolic process"", ""xref_src_db"": ""GoProcess""}, {""xref_id"": ""GO:0055089"", ""xref_name"": ""fatty acid homeostasis"", ""xref_src_db"": ""GoProcess""}, {""xref_id"": ""GO:0005789"", ""xref_name"": ""endoplasmic reticulum membrane"", ""xref_src_db"": ""GoComponent""}, {""xref_id"": ""GO:0005783"", ""xref_name"": ""endoplasmic reticulum"", ""xref_src_db"": ""GoComponent""}, {""xref_id"": ""GO:0016020"", ""xref_name"": ""membrane"", ""xref_src_db"": ""GoComponent""}, {""xref_id"": ""Q9D7Q5"", ""xref_name"": ""Diacylglycerol O-acyltransferase 1"", ""xref_src_db"": ""UniProt""}, {""xref_id"": ""Q9Z2A7"", ""xref_name"": ""Diacylglycerol O-acyltransferase 1"", ""xref_src_db"": ""UniProt""}, {""xref_id"": ""Q9Z2A7"", ""xref_name"": null, ""xref_src_db"": ""AlphaFoldDB""}, {""xref_id"": ""Q9Z2A7"", ""xref_name"": null, ""xref_src_db"": ""IntAct""}, {""xref_id"": ""R-MMU-1482883"", ""xref_name"": ""Acyl chain remodeling of DAG and TAG"", ""xref_src_db"": ""Reactome""}, {""xref_id"": ""R-MMU-6798695"", ""xref_name"": ""Neutrophil degranulation"", ""xref_src_db"": ""Reactome""}, {""xref_id"": ""R-MMU-75109"", ""xref_name"": ""Triglyceride biosynthesis"", ""xref_src_db"": ""Reactome""}, {""xref_id"": ""Q9Z2A7"", ""xref_name"": null, ""xref_src_db"": ""ExpressionAtlas""}, {""xref_id"": ""IPR027251"", ""xref_name"": ""Diacylglycerol_acylTrfase1"", ""xref_src_db"": ""InterPro""}, {""xref_id"": ""IPR004299"", ""xref_name"": ""MBOAT_fam"", ""xref_src_db"": ""InterPro""}, {""xref_id"": ""IPR014371"", ""xref_name"": ""Oat_ACAT_DAG_ARE"", ""xref_src_db"": ""InterPro""}, {""xref_id"": ""PTHR10408:SF7"", ""xref_name"": ""DIACYLGLYCEROL O-ACYLTRANSFERASE 1"", ""xref_src_db"": ""PANTHER""}, {""xref_id"": ""PTHR10408"", ""xref_name"": ""STEROL O-ACYLTRANSFERASE"", ""xref_src_db"": ""PANTHER""}, {""xref_id"": ""PF03062"", ""xref_name"": ""MBOAT"", ""xref_src_db"": ""Pfam""}]}]",1,"[{""accession"": ""Q9Z2A7"", ""component_description"": ""Diacylglycerol O-acyltransferase 1"", ""component_id"": 4677, ""component_type"": ""PROTEIN"", ""relationship"": ""SINGLE PROTEIN"", ""target_component_synonyms"": [{""component_synonym"": ""Dgat"", ""syn_type"": ""GENE_SYMBOL_OTHER""}, {""component_synonym"": ""Synonyms=Dgat"", ""syn_type"": ""GENE_SYMBOL_OTHER""}, {""component_synonym"": ""Synonyms=Dgat {ECO:0000303|PubMed:10802663"", ""syn_type"": ""GENE_SYMBOL_OTHER""}, {""component_synonym"": ""Dgat1"", ""syn_type"": ""GENE_SYMBOL""}, {""component_synonym"": ""Diacylglycerol O-acyltransferase 1"", ""syn_type"": ""UNIPROT""}, {""component_synonym"": ""Acyl-CoA retinol O-fatty-acyltransferase"", ""syn_type"": ""UNIPROT""}, {""component_synonym"": ""Diglyceride acyltransferase"", ""syn_type"": ""UNIPROT""}, {""component_synonym"": ""ARAT"", ""syn_type"": ""UNIPROT""}, {""component_synonym"": ""Retinol O-fatty-acyltransferase"", ""syn_type"": ""UNIPROT""}, {""component_synonym"": ""2.3.1.20"", ""syn_type"": ""EC_NUMBER""}, {""component_synonym"": ""2.3.1.76"", ""syn_type"": ""EC_NUMBER""}], ""target_component_xrefs"": [{""xref_id"": ""GO:0019432"", ""xref_name"": ""triglyceride biosynthetic process"", ""xref_src_db"": ""GoProcess""}, {""xref_id"": ""GO:0003846"", ""xref_name"": ""2-acylglycerol O-acyltransferase activity"", ""xref_src_db"": ""GoFunction""}, {""xref_id"": ""GO:0004144"", ""xref_name"": ""diacylglycerol O-acyltransferase activity"", ""xref_src_db"": ""GoFunction""}, {""xref_id"": ""GO:0016746"", ""xref_name"": ""acyltransferase activity"", ""xref_src_db"": ""GoFunction""}, {""xref_id"": ""GO:0042802"", ""xref_name"": ""identical protein binding"", ""xref_src_db"": ""GoFunction""}, {""xref_id"": ""GO:0050252"", ""xref_name"": ""retinol O-fatty-acyltransferase activity"", ""xref_src_db"": ""GoFunction""}, {""xref_id"": ""GO:0006629"", ""xref_name"": ""lipid metabolic process"", ""xref_src_db"": ""GoProcess""}, {""xref_id"": ""GO:0006640"", ""xref_name"": ""monoacylglycerol biosynthetic process"", ""xref_src_db"": ""GoProcess""}, {""xref_id"": ""GO:0034379"", ""xref_name"": ""very-low-density lipoprotein particle assembly"", ""xref_src_db"": ""GoProcess""}, {""xref_id"": ""GO:0035336"", ""xref_name"": ""long-chain fatty-acyl-CoA metabolic process"", ""xref_src_db"": ""GoProcess""}, {""xref_id"": ""GO:0042572"", ""xref_name"": ""retinol metabolic process"", ""xref_src_db"": ""GoProcess""}, {""xref_id"": ""GO:0055089"", ""xref_name"": ""fatty acid homeostasis"", ""xref_src_db"": ""GoProcess""}, {""xref_id"": ""GO:0005789"", ""xref_name"": ""endoplasmic reticulum membrane"", ""xref_src_db"": ""GoComponent""}, {""xref_id"": ""GO:0005783"", ""xref_name"": ""endoplasmic reticulum"", ""xref_src_db"": ""GoComponent""}, {""xref_id"": ""GO:0016020"", ""xref_name"": ""membrane"", ""xref_src_db"": ""GoComponent""}, {""xref_id"": ""Q9D7Q5"", ""xref_name"": ""Diacylglycerol O-acyltransferase 1"", ""xref_src_db"": ""UniProt""}, {""xref_id"": ""Q9Z2A7"", ""xref_name"": ""Diacylglycerol O-acyltransferase 1"", ""xref_src_db"": ""UniProt""}, {""xref_id"": ""Q9Z2A7"", ""xref_name"": null, ""xref_src_db"": ""AlphaFoldDB""}, {""xref_id"": ""Q9Z2A7"", ""xref_name"": null, ""xref_src_db"": ""IntAct""}, {""xref_id"": ""R-MMU-1482883"", ""xref_name"": ""Acyl chain remodeling of DAG and TAG"", ""xref_src_db"": ""Reactome""}, {""xref_id"": ""R-MMU-6798695"", ""xref_name"": ""Neutrophil degranulation"", ""xref_src_db"": ""Reactome""}, {""xref_id"": ""R-MMU-75109"", ""xref_name"": ""Triglyceride biosynthesis"", ""xref_src_db"": ""Reactome""}, {""xref_id"": ""Q9Z2A7"", ""xref_name"": null, ""xref_src_db"": ""ExpressionAtlas""}, {""xref_id"": ""IPR027251"", ""xref_name"": ""Diacylglycerol_acylTrfase1"", ""xref_src_db"": ""InterPro""}, {""xref_id"": ""IPR004299"", ""xref_name"": ""MBOAT_fam"", ""xref_src_db"": ""InterPro""}, {""xref_id"": ""IPR014371"", ""xref_name"": ""Oat_ACAT_DAG_ARE"", ""xref_src_db"": ""InterPro""}, {""xref_id"": ""PTHR10408:SF7"", ""xref_name"": ""DIACYLGLYCEROL O-ACYLTRANSFERASE 1"", ""xref_src_db"": ""PANTHER""}, {""xref_id"": ""PTHR10408"", ""xref_name"": ""STEROL O-ACYLTRANSFERASE"", ""xref_src_db"": ""PANTHER""}, {""xref_id"": ""PF03062"", ""xref_name"": ""MBOAT"", ""xref_src_db"": ""Pfam""}]}]",normalized_field,tests/fixtures/bronze/chembl/target/sample_ci_2026-04-24.jsonl
chembl_target,chembl/target,target_type,bronze_fixture,SINGLE PROTEIN,20,SINGLE PROTEIN,normalized_field,tests/fixtures/bronze/chembl/target/sample_ci_2026-04-24.jsonl
chembl_target_component,chembl/target_component,accession,bronze_fixture,O09028,1,O09028,normalized_field,tests/fixtures/bronze/chembl/target_component/sample_ci_2026-04-29.jsonl
chembl_target_component,chembl/target_component,accession,bronze_fixture,P02708,1,P02708,normalized_field,tests/fixtures/bronze/chembl/target_component/sample_ci_2026-04-29.jsonl
chembl_target_component,chembl/target_component,accession,bronze_fixture,P04637,1,P04637,normalized_field,tests/fixtures/bronze/chembl/target_component/sample_ci_2026-04-29.jsonl
chembl_target_component,chembl/target_component,accession,bronze_fixture,P04757,1,P04757,normalized_field,tests/fixtures/bronze/chembl/target_component/sample_ci_2026-04-29.jsonl
chembl_target_component,chembl/target_component,accession,bronze_fixture,P05106,1,P05106,normalized_field,tests/fixtures/bronze/chembl/target_component/sample_ci_2026-04-29.jsonl
chembl_target_component,chembl/target_component,accession,bronze_fixture,P05556,1,P05556,normalized_field,tests/fixtures/bronze/chembl/target_component/sample_ci_2026-04-29.jsonl
chembl_target_component,chembl/target_component,accession,bronze_fixture,P06493,1,P06493,normalized_field,tests/fixtures/bronze/chembl/target_component/sample_ci_2026-04-29.jsonl
chembl_target_component,chembl/target_component,accession,bronze_fixture,P06756,1,P06756,normalized_field,tests/fixtures/bronze/chembl/target_component/sample_ci_2026-04-29.jsonl
chembl_target_component,chembl/target_component,accession,bronze_fixture,P07510,1,P07510,normalized_field,tests/fixtures/bronze/chembl/target_component/sample_ci_2026-04-29.jsonl
chembl_target_component,chembl/target_component,accession,bronze_fixture,P08482,1,P08482,normalized_field,tests/fixtures/bronze/chembl/target_component/sample_ci_2026-04-29.jsonl
chembl_target_component,chembl/target_component,accession,bronze_fixture,P08483,1,P08483,normalized_field,tests/fixtures/bronze/chembl/target_component/sample_ci_2026-04-29.jsonl
chembl_target_component,chembl/target_component,accession,bronze_fixture,P08485,1,P08485,normalized_field,tests/fixtures/bronze/chembl/target_component/sample_ci_2026-04-29.jsonl
chembl_target_component,chembl/target_component,accession,bronze_fixture,P08911,1,P08911,normalized_field,tests/fixtures/bronze/chembl/target_component/sample_ci_2026-04-29.jsonl
chembl_target_component,chembl/target_component,accession,bronze_fixture,P09483,1,P09483,normalized_field,tests/fixtures/bronze/chembl/target_component/sample_ci_2026-04-29.jsonl
chembl_target_component,chembl/target_component,accession,bronze_fixture,P10980,1,P10980,normalized_field,tests/fixtures/bronze/chembl/target_component/sample_ci_2026-04-29.jsonl
chembl_target_component,chembl/target_component,accession,bronze_fixture,P11230,1,P11230,normalized_field,tests/fixtures/bronze/chembl/target_component/sample_ci_2026-04-29.jsonl
chembl_target_component,chembl/target_component,accession,bronze_fixture,P11802,1,P11802,normalized_field,tests/fixtures/bronze/chembl/target_component/sample_ci_2026-04-29.jsonl
chembl_target_component,chembl/target_component,accession,bronze_fixture,P12389,1,P12389,normalized_field,tests/fixtures/bronze/chembl/target_component/sample_ci_2026-04-29.jsonl
chembl_target_component,chembl/target_component,accession,bronze_fixture,P12390,1,P12390,normalized_field,tests/fixtures/bronze/chembl/target_component/sample_ci_2026-04-29.jsonl
chembl_target_component,chembl/target_component,accession,bronze_fixture,P12392,1,P12392,normalized_field,tests/fixtures/bronze/chembl/target_component/sample_ci_2026-04-29.jsonl
chembl_target_component,chembl/target_component,accession,edge_fixture,p12345,1,P12345,normalized_field,tests/fixtures/bronze/chembl/target_component/sample_edge_reference_ids_2026-05-11.jsonl
chembl_target_component,chembl/target_component,accession,edge_fixture,Q9Y243,1,Q9Y243,normalized_field,tests/fixtures/bronze/chembl/target_component/sample_edge_reference_ids_2026-05-11.jsonl
chembl_target_component,chembl/target_component,component_id,bronze_fixture,1,1,1,normalized_field,tests/fixtures/bronze/chembl/target_component/sample_ci_2026-04-29.jsonl
chembl_target_component,chembl/target_component,component_id,bronze_fixture,10,1,10,normalized_field,tests/fixtures/bronze/chembl/target_component/sample_ci_2026-04-29.jsonl
chembl_target_component,chembl/target_component,component_id,bronze_fixture,11,1,11,normalized_field,tests/fixtures/bronze/chembl/target_component/sample_ci_2026-04-29.jsonl
chembl_target_component,chembl/target_component,component_id,bronze_fixture,12,1,12,normalized_field,tests/fixtures/bronze/chembl/target_component/sample_ci_2026-04-29.jsonl
chembl_target_component,chembl/target_component,component_id,bronze_fixture,13,1,13,normalized_field,tests/fixtures/bronze/chembl/target_component/sample_ci_2026-04-29.jsonl
chembl_target_component,chembl/target_component,component_id,bronze_fixture,14,1,14,normalized_field,tests/fixtures/bronze/chembl/target_component/sample_ci_2026-04-29.jsonl
chembl_target_component,chembl/target_component,component_id,bronze_fixture,15,1,15,normalized_field,tests/fixtures/bronze/chembl/target_component/sample_ci_2026-04-29.jsonl
chembl_target_component,chembl/target_component,component_id,bronze_fixture,16,1,16,normalized_field,tests/fixtures/bronze/chembl/target_component/sample_ci_2026-04-29.jsonl
chembl_target_component,chembl/target_component,component_id,bronze_fixture,17,1,17,normalized_field,tests/fixtures/bronze/chembl/target_component/sample_ci_2026-04-29.jsonl
chembl_target_component,chembl/target_component,component_id,bronze_fixture,18,1,18,normalized_field,tests/fixtures/bronze/chembl/target_component/sample_ci_2026-04-29.jsonl
chembl_target_component,chembl/target_component,component_id,bronze_fixture,19,1,19,normalized_field,tests/fixtures/bronze/chembl/target_component/sample_ci_2026-04-29.jsonl
chembl_target_component,chembl/target_component,component_id,bronze_fixture,2,1,2,normalized_field,tests/fixtures/bronze/chembl/target_component/sample_ci_2026-04-29.jsonl
chembl_target_component,chembl/target_component,component_id,bronze_fixture,20,1,20,normalized_field,tests/fixtures/bronze/chembl/target_component/sample_ci_2026-04-29.jsonl
chembl_target_component,chembl/target_component,component_id,bronze_fixture,3,1,3,normalized_field,tests/fixtures/bronze/chembl/target_component/sample_ci_2026-04-29.jsonl
chembl_target_component,chembl/target_component,component_id,bronze_fixture,4,1,4,normalized_field,tests/fixtures/bronze/chembl/target_component/sample_ci_2026-04-29.jsonl
chembl_target_component,chembl/target_component,component_id,bronze_fixture,5,1,5,normalized_field,tests/fixtures/bronze/chembl/target_component/sample_ci_2026-04-29.jsonl
chembl_target_component,chembl/target_component,component_id,bronze_fixture,6,1,6,normalized_field,tests/fixtures/bronze/chembl/target_component/sample_ci_2026-04-29.jsonl
chembl_target_component,chembl/target_component,component_id,bronze_fixture,7,1,7,normalized_field,tests/fixtures/bronze/chembl/target_component/sample_ci_2026-04-29.jsonl
chembl_target_component,chembl/target_component,component_id,bronze_fixture,8,1,8,normalized_field,tests/fixtures/bronze/chembl/target_component/sample_ci_2026-04-29.jsonl
chembl_target_component,chembl/target_component,component_id,bronze_fixture,9,1,9,normalized_field,tests/fixtures/bronze/chembl/target_component/sample_ci_2026-04-29.jsonl
chembl_target_component,chembl/target_component,component_id,edge_fixture,990001,1,990001,normalized_field,tests/fixtures/bronze/chembl/target_component/sample_edge_reference_ids_2026-05-11.jsonl
chembl_target_component,chembl/target_component,component_id,edge_fixture,990002,1,990002,normalized_field,tests/fixtures/bronze/chembl/target_component/sample_edge_reference_ids_2026-05-11.jsonl
chembl_target_component,chembl/target_component,component_type,bronze_fixture,PROTEIN,20,PROTEIN,enum,tests/fixtures/bronze/chembl/target_component/sample_ci_2026-04-29.jsonl
chembl_target_component,chembl/target_component,component_type,edge_fixture,DNA,1,DNA,enum,tests/fixtures/bronze/chembl/target_component/sample_edge_reference_ids_2026-05-11.jsonl
chembl_target_component,chembl/target_component,component_type,edge_fixture,RNA,1,RNA,enum,tests/fixtures/bronze/chembl/target_component/sample_edge_reference_ids_2026-05-11.jsonl
chembl_target_component,chembl/target_component,description,bronze_fixture,Acetylcholine receptor subunit alpha,1,Acetylcholine receptor subunit alpha,normalized_field,tests/fixtures/bronze/chembl/target_component/sample_ci_2026-04-29.jsonl
chembl_target_component,chembl/target_component,description,bronze_fixture,Acetylcholine receptor subunit beta,1,Acetylcholine receptor subunit beta,normalized_field,tests/fixtures/bronze/chembl/target_component/sample_ci_2026-04-29.jsonl
chembl_target_component,chembl/target_component,description,bronze_fixture,Acetylcholine receptor subunit gamma,1,Acetylcholine receptor subunit gamma,normalized_field,tests/fixtures/bronze/chembl/target_component/sample_ci_2026-04-29.jsonl
chembl_target_component,chembl/target_component,description,bronze_fixture,Cellular tumor antigen p53,1,Cellular tumor antigen p53,normalized_field,tests/fixtures/bronze/chembl/target_component/sample_ci_2026-04-29.jsonl
chembl_target_component,chembl/target_component,description,bronze_fixture,Cyclin-dependent kinase 1,1,Cyclin-dependent kinase 1,normalized_field,tests/fixtures/bronze/chembl/target_component/sample_ci_2026-04-29.jsonl
chembl_target_component,chembl/target_component,description,bronze_fixture,Cyclin-dependent kinase 4,1,Cyclin-dependent kinase 4,normalized_field,tests/fixtures/bronze/chembl/target_component/sample_ci_2026-04-29.jsonl
chembl_target_component,chembl/target_component,description,bronze_fixture,Gamma-aminobutyric acid receptor subunit pi,1,Gamma-aminobutyric acid receptor subunit pi,normalized_field,tests/fixtures/bronze/chembl/target_component/sample_ci_2026-04-29.jsonl
chembl_target_component,chembl/target_component,description,bronze_fixture,Integrin alpha-V,1,Integrin alpha-V,normalized_field,tests/fixtures/bronze/chembl/target_component/sample_ci_2026-04-29.jsonl
chembl_target_component,chembl/target_component,description,bronze_fixture,Integrin beta-1,1,Integrin beta-1,normalized_field,tests/fixtures/bronze/chembl/target_component/sample_ci_2026-04-29.jsonl
chembl_target_component,chembl/target_component,description,bronze_fixture,Integrin beta-3,1,Integrin beta-3,normalized_field,tests/fixtures/bronze/chembl/target_component/sample_ci_2026-04-29.jsonl
chembl_target_component,chembl/target_component,description,bronze_fixture,Muscarinic acetylcholine receptor M1,1,Muscarinic acetylcholine receptor M1,normalized_field,tests/fixtures/bronze/chembl/target_component/sample_ci_2026-04-29.jsonl
chembl_target_component,chembl/target_component,description,bronze_fixture,Muscarinic acetylcholine receptor M2,1,Muscarinic acetylcholine receptor M2,normalized_field,tests/fixtures/bronze/chembl/target_component/sample_ci_2026-04-29.jsonl
chembl_target_component,chembl/target_component,description,bronze_fixture,Muscarinic acetylcholine receptor M3,1,Muscarinic acetylcholine receptor M3,normalized_field,tests/fixtures/bronze/chembl/target_component/sample_ci_2026-04-29.jsonl
chembl_target_component,chembl/target_component,description,bronze_fixture,Muscarinic acetylcholine receptor M4,1,Muscarinic acetylcholine receptor M4,normalized_field,tests/fixtures/bronze/chembl/target_component/sample_ci_2026-04-29.jsonl
chembl_target_component,chembl/target_component,description,bronze_fixture,Muscarinic acetylcholine receptor M5,1,Muscarinic acetylcholine receptor M5,normalized_field,tests/fixtures/bronze/chembl/target_component/sample_ci_2026-04-29.jsonl
chembl_target_component,chembl/target_component,description,bronze_fixture,Neuronal acetylcholine receptor subunit alpha-2,1,Neuronal acetylcholine receptor subunit alpha-2,normalized_field,tests/fixtures/bronze/chembl/target_component/sample_ci_2026-04-29.jsonl
chembl_target_component,chembl/target_component,description,bronze_fixture,Neuronal acetylcholine receptor subunit alpha-3,1,Neuronal acetylcholine receptor subunit alpha-3,normalized_field,tests/fixtures/bronze/chembl/target_component/sample_ci_2026-04-29.jsonl
chembl_target_component,chembl/target_component,description,bronze_fixture,Neuronal acetylcholine receptor subunit alpha-4,1,Neuronal acetylcholine receptor subunit alpha-4,normalized_field,tests/fixtures/bronze/chembl/target_component/sample_ci_2026-04-29.jsonl
chembl_target_component,chembl/target_component,description,bronze_fixture,Neuronal acetylcholine receptor subunit beta-2,1,Neuronal acetylcholine receptor subunit beta-2,normalized_field,tests/fixtures/bronze/chembl/target_component/sample_ci_2026-04-29.jsonl
chembl_target_component,chembl/target_component,description,bronze_fixture,Neuronal acetylcholine receptor subunit beta-4,1,Neuronal acetylcholine receptor subunit beta-4,normalized_field,tests/fixtures/bronze/chembl/target_component/sample_ci_2026-04-29.jsonl
chembl_target_component,chembl/target_component,description,edge_fixture,Edge DNA component,1,Edge DNA component,normalized_field,tests/fixtures/bronze/chembl/target_component/sample_edge_reference_ids_2026-05-11.jsonl
chembl_target_component,chembl/target_component,description,edge_fixture,Edge RNA component,1,Edge RNA component,normalized_field,tests/fixtures/bronze/chembl/target_component/sample_edge_reference_ids_2026-05-11.jsonl
chembl_target_component,chembl/target_component,organism,bronze_fixture,Homo sapiens,9,Homo sapiens,normalized_field,tests/fixtures/bronze/chembl/target_component/sample_ci_2026-04-29.jsonl
chembl_target_component,chembl/target_component,organism,bronze_fixture,Rattus norvegicus,11,Rattus norvegicus,normalized_field,tests/fixtures/bronze/chembl/target_component/sample_ci_2026-04-29.jsonl
chembl_target_component,chembl/target_component,organism,edge_fixture,Escherichia coli,1,Escherichia coli,normalized_field,tests/fixtures/bronze/chembl/target_component/sample_edge_reference_ids_2026-05-11.jsonl
chembl_target_component,chembl/target_component,organism,edge_fixture,Homo sapiens,1,Homo sapiens,normalized_field,tests/fixtures/bronze/chembl/target_component/sample_edge_reference_ids_2026-05-11.jsonl
chembl_target_component,chembl/target_component,protein_classifications,bronze_fixture,"[{""protein_classification_id"": 1173}]",1,"[{""protein_classification_id"": 1173}]",normalized_field,tests/fixtures/bronze/chembl/target_component/sample_ci_2026-04-29.jsonl
chembl_target_component,chembl/target_component,protein_classifications,bronze_fixture,"[{""protein_classification_id"": 11}]",3,"[{""protein_classification_id"": 11}]",normalized_field,tests/fixtures/bronze/chembl/target_component/sample_ci_2026-04-29.jsonl
chembl_target_component,chembl/target_component,protein_classifications,bronze_fixture,"[{""protein_classification_id"": 12}]",1,"[{""protein_classification_id"": 12}]",normalized_field,tests/fixtures/bronze/chembl/target_component/sample_ci_2026-04-29.jsonl
chembl_target_component,chembl/target_component,protein_classifications,bronze_fixture,"[{""protein_classification_id"": 148}]",1,"[{""protein_classification_id"": 148}]",normalized_field,tests/fixtures/bronze/chembl/target_component/sample_ci_2026-04-29.jsonl
chembl_target_component,chembl/target_component,protein_classifications,bronze_fixture,"[{""protein_classification_id"": 323}]",1,"[{""protein_classification_id"": 323}]",normalized_field,tests/fixtures/bronze/chembl/target_component/sample_ci_2026-04-29.jsonl
chembl_target_component,chembl/target_component,protein_classifications,bronze_fixture,"[{""protein_classification_id"": 406}]",3,"[{""protein_classification_id"": 406}]",normalized_field,tests/fixtures/bronze/chembl/target_component/sample_ci_2026-04-29.jsonl
chembl_target_component,chembl/target_component,protein_classifications,bronze_fixture,"[{""protein_classification_id"": 422}]",4,"[{""protein_classification_id"": 422}]",normalized_field,tests/fixtures/bronze/chembl/target_component/sample_ci_2026-04-29.jsonl
chembl_target_component,chembl/target_component,protein_classifications,bronze_fixture,"[{""protein_classification_id"": 424}]",1,"[{""protein_classification_id"": 424}]",normalized_field,tests/fixtures/bronze/chembl/target_component/sample_ci_2026-04-29.jsonl
chembl_target_component,chembl/target_component,protein_classifications,bronze_fixture,"[{""protein_classification_id"": 559}]",5,"[{""protein_classification_id"": 559}]",normalized_field,tests/fixtures/bronze/chembl/target_component/sample_ci_2026-04-29.jsonl
chembl_target_component,chembl/target_component,protein_classifications,edge_fixture,"[{""protein_classification_id"": 77}]",1,"[{""protein_classification_id"": 77}]",normalized_field,tests/fixtures/bronze/chembl/target_component/sample_edge_reference_ids_2026-05-11.jsonl
chembl_target_component,chembl/target_component,protein_classifications,edge_fixture,"[{""protein_classification_id"": 88}]",1,"[{""protein_classification_id"": 88}]",normalized_field,tests/fixtures/bronze/chembl/target_component/sample_edge_reference_ids_2026-05-11.jsonl
chembl_target_component,chembl/target_component,target_component_synonyms,bronze_fixture,"[{""component_synonym"": ""2.7.11.22"", ""syn_type"": ""EC_NUMBER""}, {""component_synonym"": ""2.7.11.23"", ""syn_type"": ""EC_NUMBER""}, {""component_synonym"": ""CDC2"", ""syn_type"": ""GENE_SYMBOL_OTHER""}, {""component_synonym"": ""CDC28A"", ""syn_type"": ""GENE_SYMBOL_OTHER""}, {""component_synonym"": ""CDK1"", ""syn_type"": ""GENE_SYMBOL""}, {""component_synonym"": ""CDK1"", ""syn_type"": ""UNIPROT""}, {""component_synonym"": ""CDKN1"", ""syn_type"": ""GENE_SYMBOL_OTHER""}, {""component_synonym"": ""Cell division control protein 2 homolog"", ""syn_type"": ""UNIPROT""}, {""component_synonym"": ""Cell division protein kinase 1"", ""syn_type"": ""UNIPROT""}, {""component_synonym"": ""Cyclin-dependent kinase 1"", ""syn_type"": ""UNIPROT""}, {""component_synonym"": ""P34CDC2"", ""syn_type"": ""GENE_SYMBOL_OTHER""}, {""component_synonym"": ""p34 protein kinase"", ""syn_type"": ""UNIPROT""}]",1,"[{""component_synonym"": ""2.7.11.22"", ""syn_type"": ""EC_NUMBER""}, {""component_synonym"": ""2.7.11.23"", ""syn_type"": ""EC_NUMBER""}, {""component_synonym"": ""CDC2"", ""syn_type"": ""GENE_SYMBOL_OTHER""}, {""component_synonym"": ""CDC28A"", ""syn_type"": ""GENE_SYMBOL_OTHER""}, {""component_synonym"": ""CDK1"", ""syn_type"": ""GENE_SYMBOL""}, {""component_synonym"": ""CDK1"", ""syn_type"": ""UNIPROT""}, {""component_synonym"": ""CDKN1"", ""syn_type"": ""GENE_SYMBOL_OTHER""}, {""component_synonym"": ""Cell division control protein 2 homolog"", ""syn_type"": ""UNIPROT""}, {""component_synonym"": ""Cell division protein kinase 1"", ""syn_type"": ""UNIPROT""}, {""component_synonym"": ""Cyclin-dependent kinase 1"", ""syn_type"": ""UNIPROT""}, {""component_synonym"": ""P34CDC2"", ""syn_type"": ""GENE_SYMBOL_OTHER""}, {""component_synonym"": ""p34 protein kinase"", ""syn_type"": ""UNIPROT""}]",normalized_field,tests/fixtures/bronze/chembl/target_component/sample_ci_2026-04-29.jsonl
chembl_target_component,chembl/target_component,target_component_synonyms,bronze_fixture,"[{""component_synonym"": ""2.7.11.22"", ""syn_type"": ""EC_NUMBER""}, {""component_synonym"": ""CDK4"", ""syn_type"": ""GENE_SYMBOL""}, {""component_synonym"": ""Cell division protein kinase 4"", ""syn_type"": ""UNIPROT""}, {""component_synonym"": ""Cyclin-dependent kinase 4"", ""syn_type"": ""UNIPROT""}, {""component_synonym"": ""PSK-J3"", ""syn_type"": ""UNIPROT""}]",1,"[{""component_synonym"": ""2.7.11.22"", ""syn_type"": ""EC_NUMBER""}, {""component_synonym"": ""CDK4"", ""syn_type"": ""GENE_SYMBOL""}, {""component_synonym"": ""Cell division protein kinase 4"", ""syn_type"": ""UNIPROT""}, {""component_synonym"": ""Cyclin-dependent kinase 4"", ""syn_type"": ""UNIPROT""}, {""component_synonym"": ""PSK-J3"", ""syn_type"": ""UNIPROT""}]",normalized_field,tests/fixtures/bronze/chembl/target_component/sample_ci_2026-04-29.jsonl
chembl_target_component,chembl/target_component,target_component_synonyms,bronze_fixture,"[{""component_synonym"": ""Acetylcholine receptor subunit alpha"", ""syn_type"": ""UNIPROT""}, {""component_synonym"": ""ACHRA"", ""syn_type"": ""GENE_SYMBOL_OTHER""}, {""component_synonym"": ""CHNRA"", ""syn_type"": ""GENE_SYMBOL_OTHER""}, {""component_synonym"": ""CHRNA1"", ""syn_type"": ""GENE_SYMBOL""}]",1,"[{""component_synonym"": ""Acetylcholine receptor subunit alpha"", ""syn_type"": ""UNIPROT""}, {""component_synonym"": ""ACHRA"", ""syn_type"": ""GENE_SYMBOL_OTHER""}, {""component_synonym"": ""CHNRA"", ""syn_type"": ""GENE_SYMBOL_OTHER""}, {""component_synonym"": ""CHRNA1"", ""syn_type"": ""GENE_SYMBOL""}]",normalized_field,tests/fixtures/bronze/chembl/target_component/sample_ci_2026-04-29.jsonl
chembl_target_component,chembl/target_component,target_component_synonyms,bronze_fixture,"[{""component_synonym"": ""Acetylcholine receptor subunit beta"", ""syn_type"": ""UNIPROT""}, {""component_synonym"": ""ACHRB"", ""syn_type"": ""GENE_SYMBOL_OTHER""}, {""component_synonym"": ""CHRNB"", ""syn_type"": ""GENE_SYMBOL_OTHER""}, {""component_synonym"": ""CHRNB1"", ""syn_type"": ""GENE_SYMBOL""}]",1,"[{""component_synonym"": ""Acetylcholine receptor subunit beta"", ""syn_type"": ""UNIPROT""}, {""component_synonym"": ""ACHRB"", ""syn_type"": ""GENE_SYMBOL_OTHER""}, {""component_synonym"": ""CHRNB"", ""syn_type"": ""GENE_SYMBOL_OTHER""}, {""component_synonym"": ""CHRNB1"", ""syn_type"": ""GENE_SYMBOL""}]",normalized_field,tests/fixtures/bronze/chembl/target_component/sample_ci_2026-04-29.jsonl
chembl_target_component,chembl/target_component,target_component_synonyms,bronze_fixture,"[{""component_synonym"": ""Acetylcholine receptor subunit gamma"", ""syn_type"": ""UNIPROT""}, {""component_synonym"": ""ACHRG"", ""syn_type"": ""GENE_SYMBOL_OTHER""}, {""component_synonym"": ""CHRNG"", ""syn_type"": ""GENE_SYMBOL""}]",1,"[{""component_synonym"": ""Acetylcholine receptor subunit gamma"", ""syn_type"": ""UNIPROT""}, {""component_synonym"": ""ACHRG"", ""syn_type"": ""GENE_SYMBOL_OTHER""}, {""component_synonym"": ""CHRNG"", ""syn_type"": ""GENE_SYMBOL""}]",normalized_field,tests/fixtures/bronze/chembl/target_component/sample_ci_2026-04-29.jsonl
chembl_target_component,chembl/target_component,target_component_synonyms,bronze_fixture,"[{""component_synonym"": ""Acra2"", ""syn_type"": ""GENE_SYMBOL_OTHER""}, {""component_synonym"": ""Chrna2"", ""syn_type"": ""GENE_SYMBOL""}, {""component_synonym"": ""Neuronal acetylcholine receptor subunit alpha-2"", ""syn_type"": ""UNIPROT""}]",1,"[{""component_synonym"": ""Acra2"", ""syn_type"": ""GENE_SYMBOL_OTHER""}, {""component_synonym"": ""Chrna2"", ""syn_type"": ""GENE_SYMBOL""}, {""component_synonym"": ""Neuronal acetylcholine receptor subunit alpha-2"", ""syn_type"": ""UNIPROT""}]",normalized_field,tests/fixtures/bronze/chembl/target_component/sample_ci_2026-04-29.jsonl
chembl_target_component,chembl/target_component,target_component_synonyms,bronze_fixture,"[{""component_synonym"": ""Acra3"", ""syn_type"": ""GENE_SYMBOL_OTHER""}, {""component_synonym"": ""Chrna3"", ""syn_type"": ""GENE_SYMBOL""}, {""component_synonym"": ""Neuronal acetylcholine receptor subunit alpha-3"", ""syn_type"": ""UNIPROT""}]",1,"[{""component_synonym"": ""Acra3"", ""syn_type"": ""GENE_SYMBOL_OTHER""}, {""component_synonym"": ""Chrna3"", ""syn_type"": ""GENE_SYMBOL""}, {""component_synonym"": ""Neuronal acetylcholine receptor subunit alpha-3"", ""syn_type"": ""UNIPROT""}]",normalized_field,tests/fixtures/bronze/chembl/target_component/sample_ci_2026-04-29.jsonl
chembl_target_component,chembl/target_component,target_component_synonyms,bronze_fixture,"[{""component_synonym"": ""Acra4"", ""syn_type"": ""GENE_SYMBOL_OTHER""}, {""component_synonym"": ""Chrna4"", ""syn_type"": ""GENE_SYMBOL""}, {""component_synonym"": ""Neuronal acetylcholine receptor subunit alpha-4"", ""syn_type"": ""UNIPROT""}]",1,"[{""component_synonym"": ""Acra4"", ""syn_type"": ""GENE_SYMBOL_OTHER""}, {""component_synonym"": ""Chrna4"", ""syn_type"": ""GENE_SYMBOL""}, {""component_synonym"": ""Neuronal acetylcholine receptor subunit alpha-4"", ""syn_type"": ""UNIPROT""}]",normalized_field,tests/fixtures/bronze/chembl/target_component/sample_ci_2026-04-29.jsonl
chembl_target_component,chembl/target_component,target_component_synonyms,bronze_fixture,"[{""component_synonym"": ""Acrb2"", ""syn_type"": ""GENE_SYMBOL_OTHER""}, {""component_synonym"": ""Chrnb2"", ""syn_type"": ""GENE_SYMBOL""}, {""component_synonym"": ""N-alpha 1"", ""syn_type"": ""UNIPROT""}, {""component_synonym"": ""Neuronal acetylcholine receptor non-alpha-1 chain"", ""syn_type"": ""UNIPROT""}, {""component_synonym"": ""Neuronal acetylcholine receptor subunit beta-2"", ""syn_type"": ""UNIPROT""}]",1,"[{""component_synonym"": ""Acrb2"", ""syn_type"": ""GENE_SYMBOL_OTHER""}, {""component_synonym"": ""Chrnb2"", ""syn_type"": ""GENE_SYMBOL""}, {""component_synonym"": ""N-alpha 1"", ""syn_type"": ""UNIPROT""}, {""component_synonym"": ""Neuronal acetylcholine receptor non-alpha-1 chain"", ""syn_type"": ""UNIPROT""}, {""component_synonym"": ""Neuronal acetylcholine receptor subunit beta-2"", ""syn_type"": ""UNIPROT""}]",normalized_field,tests/fixtures/bronze/chembl/target_component/sample_ci_2026-04-29.jsonl
chembl_target_component,chembl/target_component,target_component_synonyms,bronze_fixture,"[{""component_synonym"": ""Acrb4"", ""syn_type"": ""GENE_SYMBOL_OTHER""}, {""component_synonym"": ""Chrnb4"", ""syn_type"": ""GENE_SYMBOL""}, {""component_synonym"": ""N-alpha 2"", ""syn_type"": ""UNIPROT""}, {""component_synonym"": ""Neuronal acetylcholine receptor non-alpha-2 chain"", ""syn_type"": ""UNIPROT""}, {""component_synonym"": ""Neuronal acetylcholine receptor subunit beta-4"", ""syn_type"": ""UNIPROT""}]",1,"[{""component_synonym"": ""Acrb4"", ""syn_type"": ""GENE_SYMBOL_OTHER""}, {""component_synonym"": ""Chrnb4"", ""syn_type"": ""GENE_SYMBOL""}, {""component_synonym"": ""N-alpha 2"", ""syn_type"": ""UNIPROT""}, {""component_synonym"": ""Neuronal acetylcholine receptor non-alpha-2 chain"", ""syn_type"": ""UNIPROT""}, {""component_synonym"": ""Neuronal acetylcholine receptor subunit beta-4"", ""syn_type"": ""UNIPROT""}]",normalized_field,tests/fixtures/bronze/chembl/target_component/sample_ci_2026-04-29.jsonl
chembl_target_component,chembl/target_component,target_component_synonyms,bronze_fixture,"[{""component_synonym"": ""Antigen NY-CO-13"", ""syn_type"": ""UNIPROT""}, {""component_synonym"": ""Cellular tumor antigen p53"", ""syn_type"": ""UNIPROT""}, {""component_synonym"": ""P53"", ""syn_type"": ""GENE_SYMBOL_OTHER""}, {""component_synonym"": ""Phosphoprotein p53"", ""syn_type"": ""UNIPROT""}, {""component_synonym"": ""TP53"", ""syn_type"": ""GENE_SYMBOL""}, {""component_synonym"": ""Tumor suppressor p53"", ""syn_type"": ""UNIPROT""}]",1,"[{""component_synonym"": ""Antigen NY-CO-13"", ""syn_type"": ""UNIPROT""}, {""component_synonym"": ""Cellular tumor antigen p53"", ""syn_type"": ""UNIPROT""}, {""component_synonym"": ""P53"", ""syn_type"": ""GENE_SYMBOL_OTHER""}, {""component_synonym"": ""Phosphoprotein p53"", ""syn_type"": ""UNIPROT""}, {""component_synonym"": ""TP53"", ""syn_type"": ""GENE_SYMBOL""}, {""component_synonym"": ""Tumor suppressor p53"", ""syn_type"": ""UNIPROT""}]",normalized_field,tests/fixtures/bronze/chembl/target_component/sample_ci_2026-04-29.jsonl
chembl_target_component,chembl/target_component,target_component_synonyms,bronze_fixture,"[{""component_synonym"": ""CD_antigen=CD29"", ""syn_type"": ""UNIPROT""}, {""component_synonym"": ""Fibronectin receptor subunit beta"", ""syn_type"": ""UNIPROT""}, {""component_synonym"": ""FNRB"", ""syn_type"": ""GENE_SYMBOL_OTHER""}, {""component_synonym"": ""Glycoprotein IIa"", ""syn_type"": ""UNIPROT""}, {""component_synonym"": ""GPIIA"", ""syn_type"": ""UNIPROT""}, {""component_synonym"": ""Integrin beta-1"", ""syn_type"": ""UNIPROT""}, {""component_synonym"": ""ITGB1"", ""syn_type"": ""GENE_SYMBOL""}, {""component_synonym"": ""MDF2"", ""syn_type"": ""GENE_SYMBOL_OTHER""}, {""component_synonym"": ""MSK12"", ""syn_type"": ""GENE_SYMBOL_OTHER""}, {""component_synonym"": ""VLA-4 subunit beta"", ""syn_type"": ""UNIPROT""}]",1,"[{""component_synonym"": ""CD_antigen=CD29"", ""syn_type"": ""UNIPROT""}, {""component_synonym"": ""Fibronectin receptor subunit beta"", ""syn_type"": ""UNIPROT""}, {""component_synonym"": ""FNRB"", ""syn_type"": ""GENE_SYMBOL_OTHER""}, {""component_synonym"": ""Glycoprotein IIa"", ""syn_type"": ""UNIPROT""}, {""component_synonym"": ""GPIIA"", ""syn_type"": ""UNIPROT""}, {""component_synonym"": ""Integrin beta-1"", ""syn_type"": ""UNIPROT""}, {""component_synonym"": ""ITGB1"", ""syn_type"": ""GENE_SYMBOL""}, {""component_synonym"": ""MDF2"", ""syn_type"": ""GENE_SYMBOL_OTHER""}, {""component_synonym"": ""MSK12"", ""syn_type"": ""GENE_SYMBOL_OTHER""}, {""component_synonym"": ""VLA-4 subunit beta"", ""syn_type"": ""UNIPROT""}]",normalized_field,tests/fixtures/bronze/chembl/target_component/sample_ci_2026-04-29.jsonl
chembl_target_component,chembl/target_component,target_component_synonyms,bronze_fixture,"[{""component_synonym"": ""CD_antigen=CD51"", ""syn_type"": ""UNIPROT""}, {""component_synonym"": ""Integrin alpha-V"", ""syn_type"": ""UNIPROT""}, {""component_synonym"": ""Integrin alpha-V heavy chain"", ""syn_type"": ""UNIPROT""}, {""component_synonym"": ""Integrin alpha-V light chain"", ""syn_type"": ""UNIPROT""}, {""component_synonym"": ""ITGAV"", ""syn_type"": ""GENE_SYMBOL""}, {""component_synonym"": ""Synonyms=MSK8"", ""syn_type"": ""GENE_SYMBOL_OTHER""}, {""component_synonym"": ""Vitronectin receptor"", ""syn_type"": ""UNIPROT""}, {""component_synonym"": ""Vitronectin receptor subunit alpha"", ""syn_type"": ""UNIPROT""}, {""component_synonym"": ""VNRA"", ""syn_type"": ""GENE_SYMBOL_OTHER""}, {""component_synonym"": ""VNRA GN  "", ""syn_type"": ""GENE_SYMBOL_OTHER""}]",1,"[{""component_synonym"": ""CD_antigen=CD51"", ""syn_type"": ""UNIPROT""}, {""component_synonym"": ""Integrin alpha-V"", ""syn_type"": ""UNIPROT""}, {""component_synonym"": ""Integrin alpha-V heavy chain"", ""syn_type"": ""UNIPROT""}, {""component_synonym"": ""Integrin alpha-V light chain"", ""syn_type"": ""UNIPROT""}, {""component_synonym"": ""ITGAV"", ""syn_type"": ""GENE_SYMBOL""}, {""component_synonym"": ""Synonyms=MSK8"", ""syn_type"": ""GENE_SYMBOL_OTHER""}, {""component_synonym"": ""Vitronectin receptor"", ""syn_type"": ""UNIPROT""}, {""component_synonym"": ""Vitronectin receptor subunit alpha"", ""syn_type"": ""UNIPROT""}, {""component_synonym"": ""VNRA"", ""syn_type"": ""GENE_SYMBOL_OTHER""}, {""component_synonym"": ""VNRA GN  "", ""syn_type"": ""GENE_SYMBOL_OTHER""}]",normalized_field,tests/fixtures/bronze/chembl/target_component/sample_ci_2026-04-29.jsonl
chembl_target_component,chembl/target_component,target_component_synonyms,bronze_fixture,"[{""component_synonym"": ""CD_antigen=CD61"", ""syn_type"": ""UNIPROT""}, {""component_synonym"": ""GP3A"", ""syn_type"": ""GENE_SYMBOL_OTHER""}, {""component_synonym"": ""GPIIIa"", ""syn_type"": ""UNIPROT""}, {""component_synonym"": ""Integrin beta-3"", ""syn_type"": ""UNIPROT""}, {""component_synonym"": ""ITGB3"", ""syn_type"": ""GENE_SYMBOL""}, {""component_synonym"": ""Platelet membrane glycoprotein IIIa"", ""syn_type"": ""UNIPROT""}]",1,"[{""component_synonym"": ""CD_antigen=CD61"", ""syn_type"": ""UNIPROT""}, {""component_synonym"": ""GP3A"", ""syn_type"": ""GENE_SYMBOL_OTHER""}, {""component_synonym"": ""GPIIIa"", ""syn_type"": ""UNIPROT""}, {""component_synonym"": ""Integrin beta-3"", ""syn_type"": ""UNIPROT""}, {""component_synonym"": ""ITGB3"", ""syn_type"": ""GENE_SYMBOL""}, {""component_synonym"": ""Platelet membrane glycoprotein IIIa"", ""syn_type"": ""UNIPROT""}]",normalized_field,tests/fixtures/bronze/chembl/target_component/sample_ci_2026-04-29.jsonl
chembl_target_component,chembl/target_component,target_component_synonyms,bronze_fixture,"[{""component_synonym"": ""Chrm-1"", ""syn_type"": ""GENE_SYMBOL_OTHER""}, {""component_synonym"": ""Chrm1"", ""syn_type"": ""GENE_SYMBOL""}, {""component_synonym"": ""Muscarinic acetylcholine receptor M1"", ""syn_type"": ""UNIPROT""}]",1,"[{""component_synonym"": ""Chrm-1"", ""syn_type"": ""GENE_SYMBOL_OTHER""}, {""component_synonym"": ""Chrm1"", ""syn_type"": ""GENE_SYMBOL""}, {""component_synonym"": ""Muscarinic acetylcholine receptor M1"", ""syn_type"": ""UNIPROT""}]",normalized_field,tests/fixtures/bronze/chembl/target_component/sample_ci_2026-04-29.jsonl
chembl_target_component,chembl/target_component,target_component_synonyms,bronze_fixture,"[{""component_synonym"": ""Chrm-2"", ""syn_type"": ""GENE_SYMBOL_OTHER""}, {""component_synonym"": ""Chrm2"", ""syn_type"": ""GENE_SYMBOL""}, {""component_synonym"": ""Muscarinic acetylcholine receptor M2"", ""syn_type"": ""UNIPROT""}]",1,"[{""component_synonym"": ""Chrm-2"", ""syn_type"": ""GENE_SYMBOL_OTHER""}, {""component_synonym"": ""Chrm2"", ""syn_type"": ""GENE_SYMBOL""}, {""component_synonym"": ""Muscarinic acetylcholine receptor M2"", ""syn_type"": ""UNIPROT""}]",normalized_field,tests/fixtures/bronze/chembl/target_component/sample_ci_2026-04-29.jsonl
chembl_target_component,chembl/target_component,target_component_synonyms,bronze_fixture,"[{""component_synonym"": ""Chrm-3"", ""syn_type"": ""GENE_SYMBOL_OTHER""}, {""component_synonym"": ""Chrm3"", ""syn_type"": ""GENE_SYMBOL""}, {""component_synonym"": ""Muscarinic acetylcholine receptor M3"", ""syn_type"": ""UNIPROT""}]",1,"[{""component_synonym"": ""Chrm-3"", ""syn_type"": ""GENE_SYMBOL_OTHER""}, {""component_synonym"": ""Chrm3"", ""syn_type"": ""GENE_SYMBOL""}, {""component_synonym"": ""Muscarinic acetylcholine receptor M3"", ""syn_type"": ""UNIPROT""}]",normalized_field,tests/fixtures/bronze/chembl/target_component/sample_ci_2026-04-29.jsonl
chembl_target_component,chembl/target_component,target_component_synonyms,bronze_fixture,"[{""component_synonym"": ""Chrm-4"", ""syn_type"": ""GENE_SYMBOL_OTHER""}, {""component_synonym"": ""Chrm4"", ""syn_type"": ""GENE_SYMBOL""}, {""component_synonym"": ""Muscarinic acetylcholine receptor M4"", ""syn_type"": ""UNIPROT""}]",1,"[{""component_synonym"": ""Chrm-4"", ""syn_type"": ""GENE_SYMBOL_OTHER""}, {""component_synonym"": ""Chrm4"", ""syn_type"": ""GENE_SYMBOL""}, {""component_synonym"": ""Muscarinic acetylcholine receptor M4"", ""syn_type"": ""UNIPROT""}]",normalized_field,tests/fixtures/bronze/chembl/target_component/sample_ci_2026-04-29.jsonl
chembl_target_component,chembl/target_component,target_component_synonyms,bronze_fixture,"[{""component_synonym"": ""Chrm-5"", ""syn_type"": ""GENE_SYMBOL_OTHER""}, {""component_synonym"": ""Chrm5"", ""syn_type"": ""GENE_SYMBOL""}, {""component_synonym"": ""Muscarinic acetylcholine receptor M5"", ""syn_type"": ""UNIPROT""}]",1,"[{""component_synonym"": ""Chrm-5"", ""syn_type"": ""GENE_SYMBOL_OTHER""}, {""component_synonym"": ""Chrm5"", ""syn_type"": ""GENE_SYMBOL""}, {""component_synonym"": ""Muscarinic acetylcholine receptor M5"", ""syn_type"": ""UNIPROT""}]",normalized_field,tests/fixtures/bronze/chembl/target_component/sample_ci_2026-04-29.jsonl
chembl_target_component,chembl/target_component,target_component_synonyms,bronze_fixture,"[{""component_synonym"": ""GABA(A) receptor subunit pi"", ""syn_type"": ""UNIPROT""}, {""component_synonym"": ""GABAAR subunit pi"", ""syn_type"": ""UNIPROT""}, {""component_synonym"": ""Gabrp"", ""syn_type"": ""GENE_SYMBOL""}, {""component_synonym"": ""Gamma-aminobutyric acid receptor subunit pi"", ""syn_type"": ""UNIPROT""}]",1,"[{""component_synonym"": ""GABA(A) receptor subunit pi"", ""syn_type"": ""UNIPROT""}, {""component_synonym"": ""GABAAR subunit pi"", ""syn_type"": ""UNIPROT""}, {""component_synonym"": ""Gabrp"", ""syn_type"": ""GENE_SYMBOL""}, {""component_synonym"": ""Gamma-aminobutyric acid receptor subunit pi"", ""syn_type"": ""UNIPROT""}]",normalized_field,tests/fixtures/bronze/chembl/target_component/sample_ci_2026-04-29.jsonl
chembl_target_component,chembl/target_component,target_component_synonyms,edge_fixture,"[{""component_synonym"": ""EDGE1"", ""syn_type"": ""GENE_SYMBOL""}]",1,"[{""component_synonym"": ""EDGE1"", ""syn_type"": ""GENE_SYMBOL""}]",normalized_field,tests/fixtures/bronze/chembl/target_component/sample_edge_reference_ids_2026-05-11.jsonl
chembl_target_component,chembl/target_component,target_component_synonyms,edge_fixture,"[{""component_synonym"": ""edge-rna"", ""syn_type"": ""UNIPROT""}]",1,"[{""component_synonym"": ""edge-rna"", ""syn_type"": ""UNIPROT""}]",normalized_field,tests/fixtures/bronze/chembl/target_component/sample_edge_reference_ids_2026-05-11.jsonl
chembl_target_component,chembl/target_component,target_component_xrefs,bronze_fixture,"[{""xref_id"": ""GO:0005886"", ""xref_name"": ""plasma membrane"", ""xref_src_db"": ""GoComponent""}, {""xref_id"": ""GO:0016020"", ""xref_name"": ""membrane"", ""xref_src_db"": ""GoComponent""}, {""xref_id"": ""GO:0030425"", ""xref_name"": ""dendrite"", ""xref_src_db"": ""GoComponent""}, {""xref_id"": ""GO:0032279"", ""xref_name"": ""asymmetric synapse"", ""xref_src_db"": ""GoComponent""}, {""xref_id"": ""GO:0042383"", ""xref_name"": ""sarcolemma"", ""xref_src_db"": ""GoComponent""}, {""xref_id"": ""GO:0042734"", ""xref_name"": ""presynaptic membrane"", ""xref_src_db"": ""GoComponent""}, {""xref_id"": ""GO:0043025"", ""xref_name"": ""neuronal cell body"", ""xref_src_db"": ""GoComponent""}, {""xref_id"": ""GO:0043679"", ""xref_name"": ""axon terminus"", ""xref_src_db"": ""GoComponent""}, {""xref_id"": ""GO:0045202"", ""xref_name"": ""synapse"", ""xref_src_db"": ""GoComponent""}, {""xref_id"": ""GO:0045211"", ""xref_name"": ""postsynaptic membrane"", ""xref_src_db"": ""GoComponent""}, {""xref_id"": ""GO:0098839"", ""xref_name"": ""postsynaptic density membrane"", ""xref_src_db"": ""GoComponent""}, {""xref_id"": ""GO:0098978"", ""xref_name"": ""glutamatergic synapse"", ""xref_src_db"": ""GoComponent""}, {""xref_id"": ""GO:0004930"", ""xref_name"": ""G protein-coupled receptor activity"", ""xref_src_db"": ""GoFunction""}, {""xref_id"": ""GO:0005085"", ""xref_name"": ""guanyl-nucleotide exchange factor activity"", ""xref_src_db"": ""GoFunction""}, {""xref_id"": ""GO:0005515"", ""xref_name"": ""protein binding"", ""xref_src_db"": ""GoFunction""}, {""xref_id"": ""GO:0016907"", ""xref_name"": ""G protein-coupled acetylcholine receptor activity"", ""xref_src_db"": ""GoFunction""}, {""xref_id"": ""GO:0007186"", ""xref_name"": ""G protein-coupled receptor signaling pathway"", ""xref_src_db"": ""GoProcess""}, {""xref_id"": ""GO:0007187"", ""xref_name"": ""G protein-coupled receptor signaling pathway, coupled to cyclic nucleotide second messenger"", ""xref_src_db"": ""GoProcess""}, {""xref_id"": ""GO:0007197"", ""xref_name"": ""adenylate cyclase-inhibiting G protein-coupled acetylcholine receptor signaling pathway"", ""xref_src_db"": ""GoProcess""}, {""xref_id"": ""GO:0007268"", ""xref_name"": ""chemical synaptic transmission"", ""xref_src_db"": ""GoProcess""}, {""xref_id"": ""GO:0040012"", ""xref_name"": ""regulation of locomotion"", ""xref_src_db"": ""GoProcess""}, {""xref_id"": ""P08485"", ""xref_name"": null, ""xref_src_db"": ""IntAct""}, {""xref_id"": ""IPR000276"", ""xref_name"": ""GPCR_Rhodpsn"", ""xref_src_db"": ""InterPro""}, {""xref_id"": ""IPR000995"", ""xref_name"": ""Musac_Ach_rcpt"", ""xref_src_db"": ""InterPro""}, {""xref_id"": ""IPR001432"", ""xref_name"": ""Musac_Ach_M4_rcpt"", ""xref_src_db"": ""InterPro""}, {""xref_id"": ""IPR017452"", ""xref_name"": ""GPCR_Rhodpsn_7TM"", ""xref_src_db"": ""InterPro""}, {""xref_id"": ""PTHR24247"", ""xref_name"": ""5-HYDROXYTRYPTAMINE RECEPTOR"", ""xref_src_db"": ""PANTHER""}, {""xref_id"": ""PTHR24247:SF180"", ""xref_name"": ""MUSCARINIC ACETYLCHOLINE RECEPTOR M4"", ""xref_src_db"": ""PANTHER""}, {""xref_id"": ""PF00001"", ""xref_name"": ""7tm_1"", ""xref_src_db"": ""Pfam""}, {""xref_id"": ""R-RNO-390648"", ""xref_name"": ""Muscarinic acetylcholine receptors"", ""xref_src_db"": ""Reactome""}, {""xref_id"": ""R-RNO-418594"", ""xref_name"": ""G alpha (i) signalling events"", ""xref_src_db"": ""Reactome""}, {""xref_id"": ""P08485"", ""xref_name"": ""Muscarinic acetylcholine receptor M4"", ""xref_src_db"": ""UniProt""}]",1,"[{""xref_id"": ""GO:0005886"", ""xref_name"": ""plasma membrane"", ""xref_src_db"": ""GoComponent""}, {""xref_id"": ""GO:0016020"", ""xref_name"": ""membrane"", ""xref_src_db"": ""GoComponent""}, {""xref_id"": ""GO:0030425"", ""xref_name"": ""dendrite"", ""xref_src_db"": ""GoComponent""}, {""xref_id"": ""GO:0032279"", ""xref_name"": ""asymmetric synapse"", ""xref_src_db"": ""GoComponent""}, {""xref_id"": ""GO:0042383"", ""xref_name"": ""sarcolemma"", ""xref_src_db"": ""GoComponent""}, {""xref_id"": ""GO:0042734"", ""xref_name"": ""presynaptic membrane"", ""xref_src_db"": ""GoComponent""}, {""xref_id"": ""GO:0043025"", ""xref_name"": ""neuronal cell body"", ""xref_src_db"": ""GoComponent""}, {""xref_id"": ""GO:0043679"", ""xref_name"": ""axon terminus"", ""xref_src_db"": ""GoComponent""}, {""xref_id"": ""GO:0045202"", ""xref_name"": ""synapse"", ""xref_src_db"": ""GoComponent""}, {""xref_id"": ""GO:0045211"", ""xref_name"": ""postsynaptic membrane"", ""xref_src_db"": ""GoComponent""}, {""xref_id"": ""GO:0098839"", ""xref_name"": ""postsynaptic density membrane"", ""xref_src_db"": ""GoComponent""}, {""xref_id"": ""GO:0098978"", ""xref_name"": ""glutamatergic synapse"", ""xref_src_db"": ""GoComponent""}, {""xref_id"": ""GO:0004930"", ""xref_name"": ""G protein-coupled receptor activity"", ""xref_src_db"": ""GoFunction""}, {""xref_id"": ""GO:0005085"", ""xref_name"": ""guanyl-nucleotide exchange factor activity"", ""xref_src_db"": ""GoFunction""}, {""xref_id"": ""GO:0005515"", ""xref_name"": ""protein binding"", ""xref_src_db"": ""GoFunction""}, {""xref_id"": ""GO:0016907"", ""xref_name"": ""G protein-coupled acetylcholine receptor activity"", ""xref_src_db"": ""GoFunction""}, {""xref_id"": ""GO:0007186"", ""xref_name"": ""G protein-coupled receptor signaling pathway"", ""xref_src_db"": ""GoProcess""}, {""xref_id"": ""GO:0007187"", ""xref_name"": ""G protein-coupled receptor signaling pathway, coupled to cyclic nucleotide second messenger"", ""xref_src_db"": ""GoProcess""}, {""xref_id"": ""GO:0007197"", ""xref_name"": ""adenylate cyclase-inhibiting G protein-coupled acetylcholine receptor signaling pathway"", ""xref_src_db"": ""GoProcess""}, {""xref_id"": ""GO:0007268"", ""xref_name"": ""chemical synaptic transmission"", ""xref_src_db"": ""GoProcess""}, {""xref_id"": ""GO:0040012"", ""xref_name"": ""regulation of locomotion"", ""xref_src_db"": ""GoProcess""}, {""xref_id"": ""P08485"", ""xref_name"": null, ""xref_src_db"": ""IntAct""}, {""xref_id"": ""IPR000276"", ""xref_name"": ""GPCR_Rhodpsn"", ""xref_src_db"": ""InterPro""}, {""xref_id"": ""IPR000995"", ""xref_name"": ""Musac_Ach_rcpt"", ""xref_src_db"": ""InterPro""}, {""xref_id"": ""IPR001432"", ""xref_name"": ""Musac_Ach_M4_rcpt"", ""xref_src_db"": ""InterPro""}, {""xref_id"": ""IPR017452"", ""xref_name"": ""GPCR_Rhodpsn_7TM"", ""xref_src_db"": ""InterPro""}, {""xref_id"": ""PTHR24247"", ""xref_name"": ""5-HYDROXYTRYPTAMINE RECEPTOR"", ""xref_src_db"": ""PANTHER""}, {""xref_id"": ""PTHR24247:SF180"", ""xref_name"": ""MUSCARINIC ACETYLCHOLINE RECEPTOR M4"", ""xref_src_db"": ""PANTHER""}, {""xref_id"": ""PF00001"", ""xref_name"": ""7tm_1"", ""xref_src_db"": ""Pfam""}, {""xref_id"": ""R-RNO-390648"", ""xref_name"": ""Muscarinic acetylcholine receptors"", ""xref_src_db"": ""Reactome""}, {""xref_id"": ""R-RNO-418594"", ""xref_name"": ""G alpha (i) signalling events"", ""xref_src_db"": ""Reactome""}, {""xref_id"": ""P08485"", ""xref_name"": ""Muscarinic acetylcholine receptor M4"", ""xref_src_db"": ""UniProt""}]",normalized_field,tests/fixtures/bronze/chembl/target_component/sample_ci_2026-04-29.jsonl
chembl_target_component,chembl/target_component,target_component_xrefs,bronze_fixture,"[{""xref_id"": ""O09028"", ""xref_name"": null, ""xref_src_db"": ""AlphaFoldDB""}, {""xref_id"": ""GO:0005886"", ""xref_name"": ""plasma membrane"", ""xref_src_db"": ""GoComponent""}, {""xref_id"": ""GO:0016020"", ""xref_name"": ""membrane"", ""xref_src_db"": ""GoComponent""}, {""xref_id"": ""GO:0016324"", ""xref_name"": ""apical plasma membrane"", ""xref_src_db"": ""GoComponent""}, {""xref_id"": ""GO:0034707"", ""xref_name"": ""chloride channel complex"", ""xref_src_db"": ""GoComponent""}, {""xref_id"": ""GO:0043005"", ""xref_name"": ""neuron projection"", ""xref_src_db"": ""GoComponent""}, {""xref_id"": ""GO:0045202"", ""xref_name"": ""synapse"", ""xref_src_db"": ""GoComponent""}, {""xref_id"": ""GO:1902495"", ""xref_name"": ""transmembrane transporter complex"", ""xref_src_db"": ""GoComponent""}, {""xref_id"": ""GO:1902711"", ""xref_name"": ""GABA-A receptor complex"", ""xref_src_db"": ""GoComponent""}, {""xref_id"": ""GO:0004890"", ""xref_name"": ""GABA-A receptor activity"", ""xref_src_db"": ""GoFunction""}, {""xref_id"": ""GO:0005230"", ""xref_name"": ""extracellular ligand-gated monoatomic ion channel activity"", ""xref_src_db"": ""GoFunction""}, {""xref_id"": ""GO:0005254"", ""xref_name"": ""chloride channel activity"", ""xref_src_db"": ""GoFunction""}, {""xref_id"": ""GO:0022851"", ""xref_name"": ""GABA-gated chloride ion channel activity"", ""xref_src_db"": ""GoFunction""}, {""xref_id"": ""GO:0030594"", ""xref_name"": ""neurotransmitter receptor activity"", ""xref_src_db"": ""GoFunction""}, {""xref_id"": ""GO:0006821"", ""xref_name"": ""chloride transport"", ""xref_src_db"": ""GoProcess""}, {""xref_id"": ""GO:0034220"", ""xref_name"": ""monoatomic ion transmembrane transport"", ""xref_src_db"": ""GoProcess""}, {""xref_id"": ""GO:1902476"", ""xref_name"": ""chloride transmembrane transport"", ""xref_src_db"": ""GoProcess""}, {""xref_id"": ""IPR006028"", ""xref_name"": ""GABAA/Glycine_rcpt"", ""xref_src_db"": ""InterPro""}, {""xref_id"": ""IPR006029"", ""xref_name"": ""Neurotrans-gated_channel_TM"", ""xref_src_db"": ""InterPro""}, {""xref_id"": ""IPR006201"", ""xref_name"": ""Neur_channel"", ""xref_src_db"": ""InterPro""}, {""xref_id"": ""IPR006202"", ""xref_name"": ""Neur_chan_lig-bd"", ""xref_src_db"": ""InterPro""}, {""xref_id"": ""IPR008100"", ""xref_name"": ""GABAAp_rcpt"", ""xref_src_db"": ""InterPro""}, {""xref_id"": ""IPR018000"", ""xref_name"": ""Neurotransmitter_ion_chnl_CS"", ""xref_src_db"": ""InterPro""}, {""xref_id"": ""IPR036719"", ""xref_name"": ""Neuro-gated_channel_TM_sf"", ""xref_src_db"": ""InterPro""}, {""xref_id"": ""IPR036734"", ""xref_name"": ""Neur_chan_lig-bd_sf"", ""xref_src_db"": ""InterPro""}, {""xref_id"": ""IPR038050"", ""xref_name"": ""Neuro_actylchol_rec"", ""xref_src_db"": ""InterPro""}, {""xref_id"": ""IPR047032"", ""xref_name"": ""GABAAR_pi_TM"", ""xref_src_db"": ""InterPro""}, {""xref_id"": ""PTHR18945"", ""xref_name"": ""NEUROTRANSMITTER GATED ION CHANNEL"", ""xref_src_db"": ""PANTHER""}, {""xref_id"": ""PF02931"", ""xref_name"": ""Neur_chan_LBD"", ""xref_src_db"": ""Pfam""}, {""xref_id"": ""PF02932"", ""xref_name"": ""Neur_chan_memb"", ""xref_src_db"": ""Pfam""}, {""xref_id"": ""O09028"", ""xref_name"": ""Gamma-aminobutyric acid receptor subunit pi"", ""xref_src_db"": ""UniProt""}]",1,"[{""xref_id"": ""O09028"", ""xref_name"": null, ""xref_src_db"": ""AlphaFoldDB""}, {""xref_id"": ""GO:0005886"", ""xref_name"": ""plasma membrane"", ""xref_src_db"": ""GoComponent""}, {""xref_id"": ""GO:0016020"", ""xref_name"": ""membrane"", ""xref_src_db"": ""GoComponent""}, {""xref_id"": ""GO:0016324"", ""xref_name"": ""apical plasma membrane"", ""xref_src_db"": ""GoComponent""}, {""xref_id"": ""GO:0034707"", ""xref_name"": ""chloride channel complex"", ""xref_src_db"": ""GoComponent""}, {""xref_id"": ""GO:0043005"", ""xref_name"": ""neuron projection"", ""xref_src_db"": ""GoComponent""}, {""xref_id"": ""GO:0045202"", ""xref_name"": ""synapse"", ""xref_src_db"": ""GoComponent""}, {""xref_id"": ""GO:1902495"", ""xref_name"": ""transmembrane transporter complex"", ""xref_src_db"": ""GoComponent""}, {""xref_id"": ""GO:1902711"", ""xref_name"": ""GABA-A receptor complex"", ""xref_src_db"": ""GoComponent""}, {""xref_id"": ""GO:0004890"", ""xref_name"": ""GABA-A receptor activity"", ""xref_src_db"": ""GoFunction""}, {""xref_id"": ""GO:0005230"", ""xref_name"": ""extracellular ligand-gated monoatomic ion channel activity"", ""xref_src_db"": ""GoFunction""}, {""xref_id"": ""GO:0005254"", ""xref_name"": ""chloride channel activity"", ""xref_src_db"": ""GoFunction""}, {""xref_id"": ""GO:0022851"", ""xref_name"": ""GABA-gated chloride ion channel activity"", ""xref_src_db"": ""GoFunction""}, {""xref_id"": ""GO:0030594"", ""xref_name"": ""neurotransmitter receptor activity"", ""xref_src_db"": ""GoFunction""}, {""xref_id"": ""GO:0006821"", ""xref_name"": ""chloride transport"", ""xref_src_db"": ""GoProcess""}, {""xref_id"": ""GO:0034220"", ""xref_name"": ""monoatomic ion transmembrane transport"", ""xref_src_db"": ""GoProcess""}, {""xref_id"": ""GO:1902476"", ""xref_name"": ""chloride transmembrane transport"", ""xref_src_db"": ""GoProcess""}, {""xref_id"": ""IPR006028"", ""xref_name"": ""GABAA/Glycine_rcpt"", ""xref_src_db"": ""InterPro""}, {""xref_id"": ""IPR006029"", ""xref_name"": ""Neurotrans-gated_channel_TM"", ""xref_src_db"": ""InterPro""}, {""xref_id"": ""IPR006201"", ""xref_name"": ""Neur_channel"", ""xref_src_db"": ""InterPro""}, {""xref_id"": ""IPR006202"", ""xref_name"": ""Neur_chan_lig-bd"", ""xref_src_db"": ""InterPro""}, {""xref_id"": ""IPR008100"", ""xref_name"": ""GABAAp_rcpt"", ""xref_src_db"": ""InterPro""}, {""xref_id"": ""IPR018000"", ""xref_name"": ""Neurotransmitter_ion_chnl_CS"", ""xref_src_db"": ""InterPro""}, {""xref_id"": ""IPR036719"", ""xref_name"": ""Neuro-gated_channel_TM_sf"", ""xref_src_db"": ""InterPro""}, {""xref_id"": ""IPR036734"", ""xref_name"": ""Neur_chan_lig-bd_sf"", ""xref_src_db"": ""InterPro""}, {""xref_id"": ""IPR038050"", ""xref_name"": ""Neuro_actylchol_rec"", ""xref_src_db"": ""InterPro""}, {""xref_id"": ""IPR047032"", ""xref_name"": ""GABAAR_pi_TM"", ""xref_src_db"": ""InterPro""}, {""xref_id"": ""PTHR18945"", ""xref_name"": ""NEUROTRANSMITTER GATED ION CHANNEL"", ""xref_src_db"": ""PANTHER""}, {""xref_id"": ""PF02931"", ""xref_name"": ""Neur_chan_LBD"", ""xref_src_db"": ""Pfam""}, {""xref_id"": ""PF02932"", ""xref_name"": ""Neur_chan_memb"", ""xref_src_db"": ""Pfam""}, {""xref_id"": ""O09028"", ""xref_name"": ""Gamma-aminobutyric acid receptor subunit pi"", ""xref_src_db"": ""UniProt""}]",normalized_field,tests/fixtures/bronze/chembl/target_component/sample_ci_2026-04-29.jsonl
chembl_target_component,chembl/target_component,target_component_xrefs,bronze_fixture,"[{""xref_id"": ""P02708"", ""xref_name"": null, ""xref_src_db"": ""AlphaFoldDB""}, {""xref_id"": ""P02708"", ""xref_name"": null, ""xref_src_db"": ""ExpressionAtlas""}, {""xref_id"": ""GO:0005886"", ""xref_name"": ""plasma membrane"", ""xref_src_db"": ""GoComponent""}, {""xref_id"": ""GO:0005892"", ""xref_name"": ""acetylcholine-gated channel complex"", ""xref_src_db"": ""GoComponent""}, {""xref_id"": ""GO:0009986"", ""xref_name"": ""cell surface"", ""xref_src_db"": ""GoComponent""}, {""xref_id"": ""GO:0016020"", ""xref_name"": ""membrane"", ""xref_src_db"": ""GoComponent""}, {""xref_id"": ""GO:0031594"", ""xref_name"": ""neuromuscular junction"", ""xref_src_db"": ""GoComponent""}, {""xref_id"": ""GO:0043005"", ""xref_name"": ""neuron projection"", ""xref_src_db"": ""GoComponent""}, {""xref_id"": ""GO:0045202"", ""xref_name"": ""synapse"", ""xref_src_db"": ""GoComponent""}, {""xref_id"": ""GO:0045211"", ""xref_name"": ""postsynaptic membrane"", ""xref_src_db"": ""GoComponent""}, {""xref_id"": ""GO:0099634"", ""xref_name"": ""postsynaptic specialization membrane"", ""xref_src_db"": ""GoComponent""}, {""xref_id"": ""GO:0004888"", ""xref_name"": ""transmembrane signaling receptor activity"", ""xref_src_db"": ""GoFunction""}, {""xref_id"": ""GO:0015464"", ""xref_name"": ""acetylcholine receptor activity"", ""xref_src_db"": ""GoFunction""}, {""xref_id"": ""GO:0022848"", ""xref_name"": ""acetylcholine-gated monoatomic cation-selective channel activity"", ""xref_src_db"": ""GoFunction""}, {""xref_id"": ""GO:0042166"", ""xref_name"": ""acetylcholine binding"", ""xref_src_db"": ""GoFunction""}, {""xref_id"": ""GO:1904315"", ""xref_name"": ""transmitter-gated monoatomic ion channel activity involved in regulation of postsynaptic membrane potential"", ""xref_src_db"": ""GoFunction""}, {""xref_id"": ""GO:0006812"", ""xref_name"": ""monoatomic cation transport"", ""xref_src_db"": ""GoProcess""}, {""xref_id"": ""GO:0007271"", ""xref_name"": ""synaptic transmission, cholinergic"", ""xref_src_db"": ""GoProcess""}, {""xref_id"": ""GO:0007274"", ""xref_name"": ""neuromuscular synaptic transmission"", ""xref_src_db"": ""GoProcess""}, {""xref_id"": ""GO:0007528"", ""xref_name"": ""neuromuscular junction development"", ""xref_src_db"": ""GoProcess""}, {""xref_id"": ""GO:0019228"", ""xref_name"": ""neuronal action potential"", ""xref_src_db"": ""GoProcess""}, {""xref_id"": ""GO:0034220"", ""xref_name"": ""monoatomic ion transmembrane transport"", ""xref_src_db"": ""GoProcess""}, {""xref_id"": ""GO:0042391"", ""xref_name"": ""regulation of membrane potential"", ""xref_src_db"": ""GoProcess""}, {""xref_id"": ""GO:0048630"", ""xref_name"": ""skeletal muscle tissue growth"", ""xref_src_db"": ""GoProcess""}, {""xref_id"": ""GO:0050881"", ""xref_name"": ""musculoskeletal movement"", ""xref_src_db"": ""GoProcess""}, {""xref_id"": ""GO:0050905"", ""xref_name"": ""neuromuscular process"", ""xref_src_db"": ""GoProcess""}, {""xref_id"": ""GO:0051899"", ""xref_name"": ""membrane depolarization"", ""xref_src_db"": ""GoProcess""}, {""xref_id"": ""GO:0060078"", ""xref_name"": ""regulation of postsynaptic membrane potential"", ""xref_src_db"": ""GoProcess""}, {""xref_id"": ""GO:0060079"", ""xref_name"": ""excitatory postsynaptic potential"", ""xref_src_db"": ""GoProcess""}, {""xref_id"": ""GO:0095500"", ""xref_name"": ""acetylcholine receptor signaling pathway"", ""xref_src_db"": ""GoProcess""}, {""xref_id"": ""HGNC:1955"", ""xref_name"": ""CHRNA1"", ""xref_src_db"": ""HGNC""}, {""xref_id"": ""P02708"", ""xref_name"": null, ""xref_src_db"": ""IntAct""}, {""xref_id"": ""IPR002394"", ""xref_name"": ""Nicotinic_acetylcholine_rcpt"", ""xref_src_db"": ""InterPro""}, {""xref_id"": ""IPR006029"", ""xref_name"": ""Neurotrans-gated_channel_TM"", ""xref_src_db"": ""InterPro""}, {""xref_id"": ""IPR006201"", ""xref_name"": ""Neur_channel"", ""xref_src_db"": ""InterPro""}, {""xref_id"": ""IPR006202"", ""xref_name"": ""Neur_chan_lig-bd"", ""xref_src_db"": ""InterPro""}, {""xref_id"": ""IPR018000"", ""xref_name"": ""Neurotransmitter_ion_chnl_CS"", ""xref_src_db"": ""InterPro""}, {""xref_id"": ""IPR036719"", ""xref_name"": ""Neuro-gated_channel_TM_sf"", ""xref_src_db"": ""InterPro""}, {""xref_id"": ""IPR036734"", ""xref_name"": ""Neur_chan_lig-bd_sf"", ""xref_src_db"": ""InterPro""}, {""xref_id"": ""IPR038050"", ""xref_name"": ""Neuro_actylchol_rec"", ""xref_src_db"": ""InterPro""}, {""xref_id"": ""PTHR18945"", ""xref_name"": ""NEUROTRANSMITTER GATED ION CHANNEL"", ""xref_src_db"": ""PANTHER""}, {""xref_id"": ""4ZJS"", ""xref_name"": null, ""xref_src_db"": ""PDB""}, {""xref_id"": ""5HBT"", ""xref_name"": null, ""xref_src_db"": ""PDB""}, {""xref_id"": ""4ZJS"", ""xref_name"": ""A"", ""xref_src_db"": ""PDBe""}, {""xref_id"": ""5HBT"", ""xref_name"": ""A"", ""xref_src_db"": ""PDBe""}, {""xref_id"": ""PF02931"", ""xref_name"": ""Neur_chan_LBD"", ""xref_src_db"": ""Pfam""}, {""xref_id"": ""PF02932"", ""xref_name"": ""Neur_chan_memb"", ""xref_src_db"": ""Pfam""}, {""xref_id"": ""PA26487"", ""xref_name"": ""cholinergic receptor nicotinic alpha 1 subunit"", ""xref_src_db"": ""PharmGKB""}, {""xref_id"": ""P02708"", ""xref_name"": null, ""xref_src_db"": ""Pharos""}, {""xref_id"": ""R-HSA-629594"", ""xref_name"": ""Highly calcium permeable postsynaptic nicotinic acetylcholine receptors"", ""xref_src_db"": ""Reactome""}, {""xref_id"": ""R-HSA-629597"", ""xref_name"": ""Highly calcium permeable nicotinic acetylcholine receptors"", ""xref_src_db"": ""Reactome""}, {""xref_id"": ""B4DRV6"", ""xref_name"": ""Acetylcholine receptor subunit alpha"", ""xref_src_db"": ""UniProt""}, {""xref_id"": ""D3DPE8"", ""xref_name"": ""Acetylcholine receptor subunit alpha"", ""xref_src_db"": ""UniProt""}, {""xref_id"": ""P02708"", ""xref_name"": ""Acetylcholine receptor subunit alpha"", ""xref_src_db"": ""UniProt""}]",1,"[{""xref_id"": ""P02708"", ""xref_name"": null, ""xref_src_db"": ""AlphaFoldDB""}, {""xref_id"": ""P02708"", ""xref_name"": null, ""xref_src_db"": ""ExpressionAtlas""}, {""xref_id"": ""GO:0005886"", ""xref_name"": ""plasma membrane"", ""xref_src_db"": ""GoComponent""}, {""xref_id"": ""GO:0005892"", ""xref_name"": ""acetylcholine-gated channel complex"", ""xref_src_db"": ""GoComponent""}, {""xref_id"": ""GO:0009986"", ""xref_name"": ""cell surface"", ""xref_src_db"": ""GoComponent""}, {""xref_id"": ""GO:0016020"", ""xref_name"": ""membrane"", ""xref_src_db"": ""GoComponent""}, {""xref_id"": ""GO:0031594"", ""xref_name"": ""neuromuscular junction"", ""xref_src_db"": ""GoComponent""}, {""xref_id"": ""GO:0043005"", ""xref_name"": ""neuron projection"", ""xref_src_db"": ""GoComponent""}, {""xref_id"": ""GO:0045202"", ""xref_name"": ""synapse"", ""xref_src_db"": ""GoComponent""}, {""xref_id"": ""GO:0045211"", ""xref_name"": ""postsynaptic membrane"", ""xref_src_db"": ""GoComponent""}, {""xref_id"": ""GO:0099634"", ""xref_name"": ""postsynaptic specialization membrane"", ""xref_src_db"": ""GoComponent""}, {""xref_id"": ""GO:0004888"", ""xref_name"": ""transmembrane signaling receptor activity"", ""xref_src_db"": ""GoFunction""}, {""xref_id"": ""GO:0015464"", ""xref_name"": ""acetylcholine receptor activity"", ""xref_src_db"": ""GoFunction""}, {""xref_id"": ""GO:0022848"", ""xref_name"": ""acetylcholine-gated monoatomic cation-selective channel activity"", ""xref_src_db"": ""GoFunction""}, {""xref_id"": ""GO:0042166"", ""xref_name"": ""acetylcholine binding"", ""xref_src_db"": ""GoFunction""}, {""xref_id"": ""GO:1904315"", ""xref_name"": ""transmitter-gated monoatomic ion channel activity involved in regulation of postsynaptic membrane potential"", ""xref_src_db"": ""GoFunction""}, {""xref_id"": ""GO:0006812"", ""xref_name"": ""monoatomic cation transport"", ""xref_src_db"": ""GoProcess""}, {""xref_id"": ""GO:0007271"", ""xref_name"": ""synaptic transmission, cholinergic"", ""xref_src_db"": ""GoProcess""}, {""xref_id"": ""GO:0007274"", ""xref_name"": ""neuromuscular synaptic transmission"", ""xref_src_db"": ""GoProcess""}, {""xref_id"": ""GO:0007528"", ""xref_name"": ""neuromuscular junction development"", ""xref_src_db"": ""GoProcess""}, {""xref_id"": ""GO:0019228"", ""xref_name"": ""neuronal action potential"", ""xref_src_db"": ""GoProcess""}, {""xref_id"": ""GO:0034220"", ""xref_name"": ""monoatomic ion transmembrane transport"", ""xref_src_db"": ""GoProcess""}, {""xref_id"": ""GO:0042391"", ""xref_name"": ""regulation of membrane potential"", ""xref_src_db"": ""GoProcess""}, {""xref_id"": ""GO:0048630"", ""xref_name"": ""skeletal muscle tissue growth"", ""xref_src_db"": ""GoProcess""}, {""xref_id"": ""GO:0050881"", ""xref_name"": ""musculoskeletal movement"", ""xref_src_db"": ""GoProcess""}, {""xref_id"": ""GO:0050905"", ""xref_name"": ""neuromuscular process"", ""xref_src_db"": ""GoProcess""}, {""xref_id"": ""GO:0051899"", ""xref_name"": ""membrane depolarization"", ""xref_src_db"": ""GoProcess""}, {""xref_id"": ""GO:0060078"", ""xref_name"": ""regulation of postsynaptic membrane potential"", ""xref_src_db"": ""GoProcess""}, {""xref_id"": ""GO:0060079"", ""xref_name"": ""excitatory postsynaptic potential"", ""xref_src_db"": ""GoProcess""}, {""xref_id"": ""GO:0095500"", ""xref_name"": ""acetylcholine receptor signaling pathway"", ""xref_src_db"": ""GoProcess""}, {""xref_id"": ""HGNC:1955"", ""xref_name"": ""CHRNA1"", ""xref_src_db"": ""HGNC""}, {""xref_id"": ""P02708"", ""xref_name"": null, ""xref_src_db"": ""IntAct""}, {""xref_id"": ""IPR002394"", ""xref_name"": ""Nicotinic_acetylcholine_rcpt"", ""xref_src_db"": ""InterPro""}, {""xref_id"": ""IPR006029"", ""xref_name"": ""Neurotrans-gated_channel_TM"", ""xref_src_db"": ""InterPro""}, {""xref_id"": ""IPR006201"", ""xref_name"": ""Neur_channel"", ""xref_src_db"": ""InterPro""}, {""xref_id"": ""IPR006202"", ""xref_name"": ""Neur_chan_lig-bd"", ""xref_src_db"": ""InterPro""}, {""xref_id"": ""IPR018000"", ""xref_name"": ""Neurotransmitter_ion_chnl_CS"", ""xref_src_db"": ""InterPro""}, {""xref_id"": ""IPR036719"", ""xref_name"": ""Neuro-gated_channel_TM_sf"", ""xref_src_db"": ""InterPro""}, {""xref_id"": ""IPR036734"", ""xref_name"": ""Neur_chan_lig-bd_sf"", ""xref_src_db"": ""InterPro""}, {""xref_id"": ""IPR038050"", ""xref_name"": ""Neuro_actylchol_rec"", ""xref_src_db"": ""InterPro""}, {""xref_id"": ""PTHR18945"", ""xref_name"": ""NEUROTRANSMITTER GATED ION CHANNEL"", ""xref_src_db"": ""PANTHER""}, {""xref_id"": ""4ZJS"", ""xref_name"": null, ""xref_src_db"": ""PDB""}, {""xref_id"": ""5HBT"", ""xref_name"": null, ""xref_src_db"": ""PDB""}, {""xref_id"": ""4ZJS"", ""xref_name"": ""A"", ""xref_src_db"": ""PDBe""}, {""xref_id"": ""5HBT"", ""xref_name"": ""A"", ""xref_src_db"": ""PDBe""}, {""xref_id"": ""PF02931"", ""xref_name"": ""Neur_chan_LBD"", ""xref_src_db"": ""Pfam""}, {""xref_id"": ""PF02932"", ""xref_name"": ""Neur_chan_memb"", ""xref_src_db"": ""Pfam""}, {""xref_id"": ""PA26487"", ""xref_name"": ""cholinergic receptor nicotinic alpha 1 subunit"", ""xref_src_db"": ""PharmGKB""}, {""xref_id"": ""P02708"", ""xref_name"": null, ""xref_src_db"": ""Pharos""}, {""xref_id"": ""R-HSA-629594"", ""xref_name"": ""Highly calcium permeable postsynaptic nicotinic acetylcholine receptors"", ""xref_src_db"": ""Reactome""}, {""xref_id"": ""R-HSA-629597"", ""xref_name"": ""Highly calcium permeable nicotinic acetylcholine receptors"", ""xref_src_db"": ""Reactome""}, {""xref_id"": ""B4DRV6"", ""xref_name"": ""Acetylcholine receptor subunit alpha"", ""xref_src_db"": ""UniProt""}, {""xref_id"": ""D3DPE8"", ""xref_name"": ""Acetylcholine receptor subunit alpha"", ""xref_src_db"": ""UniProt""}, {""xref_id"": ""P02708"", ""xref_name"": ""Acetylcholine receptor subunit alpha"", ""xref_src_db"": ""UniProt""}]",normalized_field,tests/fixtures/bronze/chembl/target_component/sample_ci_2026-04-29.jsonl
chembl_target_component,chembl/target_component,target_component_xrefs,bronze_fixture,"[{""xref_id"": ""P04637"", ""xref_name"": null, ""xref_src_db"": ""AlphaFoldDB""}, {""xref_id"": ""P04637"", ""xref_name"": null, ""xref_src_db"": ""ExpressionAtlas""}, {""xref_id"": ""GO:0000785"", ""xref_name"": ""chromatin"", ""xref_src_db"": ""GoComponent""}, {""xref_id"": ""GO:0005634"", ""xref_name"": ""nucleus"", ""xref_src_db"": ""GoComponent""}, {""xref_id"": ""GO:0005654"", ""xref_name"": ""nucleoplasm"", ""xref_src_db"": ""GoComponent""}, {""xref_id"": ""GO:0005657"", ""xref_name"": ""replication fork"", ""xref_src_db"": ""GoComponent""}, {""xref_id"": ""GO:0005667"", ""xref_name"": ""transcription regulator complex"", ""xref_src_db"": ""GoComponent""}, {""xref_id"": ""GO:0005730"", ""xref_name"": ""nucleolus"", ""xref_src_db"": ""GoComponent""}, {""xref_id"": ""GO:0005737"", ""xref_name"": ""cytoplasm"", ""xref_src_db"": ""GoComponent""}, {""xref_id"": ""GO:0005739"", ""xref_name"": ""mitochondrion"", ""xref_src_db"": ""GoComponent""}, {""xref_id"": ""GO:0005783"", ""xref_name"": ""endoplasmic reticulum"", ""xref_src_db"": ""GoComponent""}, {""xref_id"": ""GO:0005813"", ""xref_name"": ""centrosome"", ""xref_src_db"": ""GoComponent""}, {""xref_id"": ""GO:0005829"", ""xref_name"": ""cytosol"", ""xref_src_db"": ""GoComponent""}, {""xref_id"": ""GO:0005856"", ""xref_name"": ""cytoskeleton"", ""xref_src_db"": ""GoComponent""}, {""xref_id"": ""GO:0016363"", ""xref_name"": ""nuclear matrix"", ""xref_src_db"": ""GoComponent""}, {""xref_id"": ""GO:0016604"", ""xref_name"": ""nuclear body"", ""xref_src_db"": ""GoComponent""}, {""xref_id"": ""GO:0016605"", ""xref_name"": ""PML body"", ""xref_src_db"": ""GoComponent""}, {""xref_id"": ""GO:0017053"", ""xref_name"": ""transcription repressor complex"", ""xref_src_db"": ""GoComponent""}, {""xref_id"": ""GO:0032991"", ""xref_name"": ""protein-containing complex"", ""xref_src_db"": ""GoComponent""}, {""xref_id"": ""GO:0035861"", ""xref_name"": ""site of double-strand break"", ""xref_src_db"": ""GoComponent""}, {""xref_id"": ""GO:0043073"", ""xref_name"": ""germ cell nucleus"", ""xref_src_db"": ""GoComponent""}, {""xref_id"": ""GO:0000976"", ""xref_name"": ""transcription cis-regulatory region binding"", ""xref_src_db"": ""GoFunction""}, {""xref_id"": ""GO:0000977"", ""xref_name"": ""RNA polymerase II transcription regulatory region sequence-specific DNA binding"", ""xref_src_db"": ""GoFunction""}, {""xref_id"": ""GO:0000978"", ""xref_name"": ""RNA polymerase II cis-regulatory region sequence-specific DNA binding"", ""xref_src_db"": ""GoFunction""}, {""xref_id"": ""GO:0000987"", ""xref_name"": ""cis-regulatory region sequence-specific DNA binding"", ""xref_src_db"": ""GoFunction""}, {""xref_id"": ""GO:0001046"", ""xref_name"": ""core promoter sequence-specific DNA binding"", ""xref_src_db"": ""GoFunction""}, {""xref_id"": ""GO:0001094"", ""xref_name"": ""TFIID-class transcription factor complex binding"", ""xref_src_db"": ""GoFunction""}, {""xref_id"": ""GO:0002020"", ""xref_name"": ""protease binding"", ""xref_src_db"": ""GoFunction""}, {""xref_id"": ""GO:0002039"", ""xref_name"": ""p53 binding"", ""xref_src_db"": ""GoFunction""}, {""xref_id"": ""GO:0003677"", ""xref_name"": ""DNA binding"", ""xref_src_db"": ""GoFunction""}, {""xref_id"": ""GO:0003682"", ""xref_name"": ""chromatin binding"", ""xref_src_db"": ""GoFunction""}, {""xref_id"": ""GO:0003730"", ""xref_name"": ""mRNA 3'-UTR binding"", ""xref_src_db"": ""GoFunction""}, {""xref_id"": ""GO:0005507"", ""xref_name"": ""copper ion binding"", ""xref_src_db"": ""GoFunction""}, {""xref_id"": ""GO:0005515"", ""xref_name"": ""protein binding"", ""xref_src_db"": ""GoFunction""}, {""xref_id"": ""GO:0008270"", ""xref_name"": ""zinc ion binding"", ""xref_src_db"": ""GoFunction""}, {""xref_id"": ""GO:0019899"", ""xref_name"": ""enzyme binding"", ""xref_src_db"": ""GoFunction""}, {""xref_id"": ""GO:0030971"", ""xref_name"": ""receptor tyrosine kinase binding"", ""xref_src_db"": ""GoFunction""}, {""xref_id"": ""GO:0031625"", ""xref_name"": ""ubiquitin protein ligase binding"", ""xref_src_db"": ""GoFunction""}, {""xref_id"": ""GO:0035033"", ""xref_name"": ""histone deacetylase regulator activity"", ""xref_src_db"": ""GoFunction""}, {""xref_id"": ""GO:0036310"", ""xref_name"": ""ATP-dependent DNA/DNA annealing activity"", ""xref_src_db"": ""GoFunction""}, {""xref_id"": ""GO:0042802"", ""xref_name"": ""identical protein binding"", ""xref_src_db"": ""GoFunction""}, {""xref_id"": ""GO:0042826"", ""xref_name"": ""histone deacetylase binding"", ""xref_src_db"": ""GoFunction""}, {""xref_id"": ""GO:0046872"", ""xref_name"": ""metal ion binding"", ""xref_src_db"": ""GoFunction""}, {""xref_id"": ""GO:0046982"", ""xref_name"": ""protein heterodimerization activity"", ""xref_src_db"": ""GoFunction""}, {""xref_id"": ""GO:0051087"", ""xref_name"": ""protein-folding chaperone binding"", ""xref_src_db"": ""GoFunction""}, {""xref_id"": ""GO:0051721"", ""xref_name"": ""protein phosphatase 2A binding"", ""xref_src_db"": ""GoFunction""}, {""xref_id"": ""GO:0061629"", ""xref_name"": ""RNA polymerase II-specific DNA-binding transcription factor binding"", ""xref_src_db"": ""GoFunction""}, {""xref_id"": ""GO:0071889"", ""xref_name"": ""14-3-3 protein binding"", ""xref_src_db"": ""GoFunction""}, {""xref_id"": ""GO:0097371"", ""xref_name"": ""MDM2/MDM4 family protein binding"", ""xref_src_db"": ""GoFunction""}, {""xref_id"": ""GO:0097718"", ""xref_name"": ""disordered domain specific binding"", ""xref_src_db"": ""GoFunction""}, {""xref_id"": ""GO:0140296"", ""xref_name"": ""general transcription initiation factor binding"", ""xref_src_db"": ""GoFunction""}, {""xref_id"": ""GO:0140693"", ""xref_name"": ""molecular condensate scaffold activity"", ""xref_src_db"": ""GoFunction""}, {""xref_id"": ""GO:1990841"", ""xref_name"": ""promoter-specific chromatin binding"", ""xref_src_db"": ""GoFunction""}, {""xref_id"": ""GO:0000122"", ""xref_name"": ""negative regulation of transcription by RNA polymerase II"", ""xref_src_db"": ""GoProcess""}, {""xref_id"": ""GO:0000423"", ""xref_name"": ""mitophagy"", ""xref_src_db"": ""GoProcess""}, {""xref_id"": ""GO:0001701"", ""xref_name"": ""in utero embryonic development"", ""xref_src_db"": ""GoProcess""}, {""xref_id"": ""GO:0001756"", ""xref_name"": ""somitogenesis"", ""xref_src_db"": ""GoProcess""}, {""xref_id"": ""GO:0001836"", ""xref_name"": ""release of cytochrome c from mitochondria"", ""xref_src_db"": ""GoProcess""}, {""xref_id"": ""GO:0002244"", ""xref_name"": ""hematopoietic progenitor cell differentiation"", ""xref_src_db"": ""GoProcess""}, {""xref_id"": ""GO:0002309"", ""xref_name"": ""T cell proliferation involved in immune response"", ""xref_src_db"": ""GoProcess""}, {""xref_id"": ""GO:0002326"", ""xref_name"": ""B cell lineage commitment"", ""xref_src_db"": ""GoProcess""}, {""xref_id"": ""GO:0002360"", ""xref_name"": ""T cell lineage commitment"", ""xref_src_db"": ""GoProcess""}, {""xref_id"": ""GO:0002931"", ""xref_name"": ""response to ischemia"", ""xref_src_db"": ""GoProcess""}, {""xref_id"": ""GO:0006289"", ""xref_name"": ""nucleotide-excision repair"", ""xref_src_db"": ""GoProcess""}, {""xref_id"": ""GO:0006302"", ""xref_name"": ""double-strand break repair"", ""xref_src_db"": ""GoProcess""}, {""xref_id"": ""GO:0006914"", ""xref_name"": ""autophagy"", ""xref_src_db"": ""GoProcess""}, {""xref_id"": ""GO:0006915"", ""xref_name"": ""apoptotic process"", ""xref_src_db"": ""GoProcess""}, {""xref_id"": ""GO:0006974"", ""xref_name"": ""DNA damage response"", ""xref_src_db"": ""GoProcess""}, {""xref_id"": ""GO:0006977"", ""xref_name"": ""DNA damage response, signal transduction by p53 class mediator resulting in cell cycle arrest"", ""xref_src_db"": ""GoProcess""}, {""xref_id"": ""GO:0006978"", ""xref_name"": ""DNA damage response, signal transduction by p53 class mediator resulting in transcription of p21 class mediator"", ""xref_src_db"": ""GoProcess""}, {""xref_id"": ""GO:0006979"", ""xref_name"": ""response to oxidative stress"", ""xref_src_db"": ""GoProcess""}, {""xref_id"": ""GO:0006983"", ""xref_name"": ""ER overload response"", ""xref_src_db"": ""GoProcess""}, {""xref_id"": ""GO:0007179"", ""xref_name"": ""transforming growth factor beta receptor signaling pathway"", ""xref_src_db"": ""GoProcess""}, {""xref_id"": ""GO:0007265"", ""xref_name"": ""Ras protein signal transduction"", ""xref_src_db"": ""GoProcess""}, {""xref_id"": ""GO:0007346"", ""xref_name"": ""regulation of mitotic cell cycle"", ""xref_src_db"": ""GoProcess""}, {""xref_id"": ""GO:0007369"", ""xref_name"": ""gastrulation"", ""xref_src_db"": ""GoProcess""}, {""xref_id"": ""GO:0007405"", ""xref_name"": ""neuroblast proliferation"", ""xref_src_db"": ""GoProcess""}, {""xref_id"": ""GO:0007406"", ""xref_name"": ""negative regulation of neuroblast proliferation"", ""xref_src_db"": ""GoProcess""}, {""xref_id"": ""GO:0007417"", ""xref_name"": ""central nervous system development"", ""xref_src_db"": ""GoProcess""}, {""xref_id"": ""GO:0007507"", ""xref_name"": ""heart development"", ""xref_src_db"": ""GoProcess""}, {""xref_id"": ""GO:0007623"", ""xref_name"": ""circadian rhythm"", ""xref_src_db"": ""GoProcess""}, {""xref_id"": ""GO:0008104"", ""xref_name"": ""protein localization"", ""xref_src_db"": ""GoProcess""}, {""xref_id"": ""GO:0008156"", ""xref_name"": ""negative regulation of DNA replication"", ""xref_src_db"": ""GoProcess""}, {""xref_id"": ""GO:0008283"", ""xref_name"": ""cell population proliferation"", ""xref_src_db"": ""GoProcess""}, {""xref_id"": ""GO:0008285"", ""xref_name"": ""negative regulation of cell population proliferation"", ""xref_src_db"": ""GoProcess""}, {""xref_id"": ""GO:0008340"", ""xref_name"": ""determination of adult lifespan"", ""xref_src_db"": ""GoProcess""}, {""xref_id"": ""GO:0009651"", ""xref_name"": ""response to salt stress"", ""xref_src_db"": ""GoProcess""}, {""xref_id"": ""GO:0009792"", ""xref_name"": ""embryo development ending in birth or egg hatching"", ""xref_src_db"": ""GoProcess""}, {""xref_id"": ""GO:0010628"", ""xref_name"": ""positive regulation of gene expression"", ""xref_src_db"": ""GoProcess""}, {""xref_id"": ""GO:0010629"", ""xref_name"": ""negative regulation of gene expression"", ""xref_src_db"": ""GoProcess""}, {""xref_id"": ""GO:0010659"", ""xref_name"": ""cardiac muscle cell apoptotic process"", ""xref_src_db"": ""GoProcess""}, {""xref_id"": ""GO:0010666"", ""xref_name"": ""positive regulation of cardiac muscle cell apoptotic process"", ""xref_src_db"": ""GoProcess""}, {""xref_id"": ""GO:0014009"", ""xref_name"": ""glial cell proliferation"", ""xref_src_db"": ""GoProcess""}, {""xref_id"": ""GO:0016032"", ""xref_name"": ""viral process"", ""xref_src_db"": ""GoProcess""}, {""xref_id"": ""GO:0019661"", ""xref_name"": ""glucose catabolic process to lactate via pyruvate"", ""xref_src_db"": ""GoProcess""}, {""xref_id"": ""GO:0021549"", ""xref_name"": ""cerebellum development"", ""xref_src_db"": ""GoProcess""}, {""xref_id"": ""GO:0030308"", ""xref_name"": ""negative regulation of cell growth"", ""xref_src_db"": ""GoProcess""}, {""xref_id"": ""GO:0030330"", ""xref_name"": ""DNA damage response, signal transduction by p53 class mediator"", ""xref_src_db"": ""GoProcess""}, {""xref_id"": ""GO:0030512"", ""xref_name"": ""negative regulation of transforming growth factor beta receptor signaling pathway"", ""xref_src_db"": ""GoProcess""}, {""xref_id"": ""GO:0031571"", ""xref_name"": ""mitotic G1 DNA damage checkpoint signaling"", ""xref_src_db"": ""GoProcess""}, {""xref_id"": ""GO:0032211"", ""xref_name"": ""negative regulation of telomere maintenance via telomerase"", ""xref_src_db"": ""GoProcess""}, {""xref_id"": ""GO:0033077"", ""xref_name"": ""T cell differentiation in thymus"", ""xref_src_db"": ""GoProcess""}, {""xref_id"": ""GO:0033209"", ""xref_name"": ""tumor necrosis factor-mediated signaling pathway"", ""xref_src_db"": ""GoProcess""}, {""xref_id"": ""GO:0033554"", ""xref_name"": ""cellular response to stress"", ""xref_src_db"": ""GoProcess""}, {""xref_id"": ""GO:0034103"", ""xref_name"": ""regulation of tissue remodeling"", ""xref_src_db"": ""GoProcess""}, {""xref_id"": ""GO:0034644"", ""xref_name"": ""cellular response to UV"", ""xref_src_db"": ""GoProcess""}, {""xref_id"": ""GO:0035264"", ""xref_name"": ""multicellular organism growth"", ""xref_src_db"": ""GoProcess""}, {""xref_id"": ""GO:0035794"", ""xref_name"": ""positive regulation of mitochondrial membrane permeability"", ""xref_src_db"": ""GoProcess""}, {""xref_id"": ""GO:0042127"", ""xref_name"": ""regulation of cell population proliferation"", ""xref_src_db"": ""GoProcess""}, {""xref_id"": ""GO:0042149"", ""xref_name"": ""cellular response to glucose starvation"", ""xref_src_db"": ""GoProcess""}, {""xref_id"": ""GO:0042771"", ""xref_name"": ""intrinsic apoptotic signaling pathway in response to DNA damage by p53 class mediator"", ""xref_src_db"": ""GoProcess""}, {""xref_id"": ""GO:0042981"", ""xref_name"": ""regulation of apoptotic process"", ""xref_src_db"": ""GoProcess""}, {""xref_id"": ""GO:0043065"", ""xref_name"": ""positive regulation of apoptotic process"", ""xref_src_db"": ""GoProcess""}, {""xref_id"": ""GO:0043066"", ""xref_name"": ""negative regulation of apoptotic process"", ""xref_src_db"": ""GoProcess""}, {""xref_id"": ""GO:0043153"", ""xref_name"": ""entrainment of circadian clock by photoperiod"", ""xref_src_db"": ""GoProcess""}, {""xref_id"": ""GO:0043504"", ""xref_name"": ""mitochondrial DNA repair"", ""xref_src_db"": ""GoProcess""}, {""xref_id"": ""GO:0043516"", ""xref_name"": ""regulation of DNA damage response, signal transduction by p53 class mediator"", ""xref_src_db"": ""GoProcess""}, {""xref_id"": ""GO:0043523"", ""xref_name"": ""regulation of neuron apoptotic process"", ""xref_src_db"": ""GoProcess""}, {""xref_id"": ""GO:0043525"", ""xref_name"": ""positive regulation of neuron apoptotic process"", ""xref_src_db"": ""GoProcess""}, {""xref_id"": ""GO:0045815"", ""xref_name"": ""transcription initiation-coupled chromatin remodeling"", ""xref_src_db"": ""GoProcess""}, {""xref_id"": ""GO:0045861"", ""xref_name"": ""negative regulation of proteolysis"", ""xref_src_db"": ""GoProcess""}, {""xref_id"": ""GO:0045892"", ""xref_name"": ""negative regulation of DNA-templated transcription"", ""xref_src_db"": ""GoProcess""}, {""xref_id"": ""GO:0045893"", ""xref_name"": ""positive regulation of DNA-templated transcription"", ""xref_src_db"": ""GoProcess""}, {""xref_id"": ""GO:0045899"", ""xref_name"": ""positive regulation of RNA polymerase II transcription preinitiation complex assembly"", ""xref_src_db"": ""GoProcess""}, {""xref_id"": ""GO:0045930"", ""xref_name"": ""negative regulation of mitotic cell cycle"", ""xref_src_db"": ""GoProcess""}, {""xref_id"": ""GO:0045944"", ""xref_name"": ""positive regulation of transcription by RNA polymerase II"", ""xref_src_db"": ""GoProcess""}, {""xref_id"": ""GO:0046677"", ""xref_name"": ""response to antibiotic"", ""xref_src_db"": ""GoProcess""}, {""xref_id"": ""GO:0048144"", ""xref_name"": ""fibroblast proliferation"", ""xref_src_db"": ""GoProcess""}, {""xref_id"": ""GO:0048147"", ""xref_name"": ""negative regulation of fibroblast proliferation"", ""xref_src_db"": ""GoProcess""}, {""xref_id"": ""GO:0048511"", ""xref_name"": ""rhythmic process"", ""xref_src_db"": ""GoProcess""}, {""xref_id"": ""GO:0048512"", ""xref_name"": ""circadian behavior"", ""xref_src_db"": ""GoProcess""}, {""xref_id"": ""GO:0048539"", ""xref_name"": ""bone marrow development"", ""xref_src_db"": ""GoProcess""}, {""xref_id"": ""GO:0048568"", ""xref_name"": ""embryonic organ development"", ""xref_src_db"": ""GoProcess""}, {""xref_id"": ""GO:0050731"", ""xref_name"": ""positive regulation of peptidyl-tyrosine phosphorylation"", ""xref_src_db"": ""GoProcess""}, {""xref_id"": ""GO:0050821"", ""xref_name"": ""protein stabilization"", ""xref_src_db"": ""GoProcess""}, {""xref_id"": ""GO:0051097"", ""xref_name"": ""negative regulation of helicase activity"", ""xref_src_db"": ""GoProcess""}, {""xref_id"": ""GO:0051262"", ""xref_name"": ""protein tetramerization"", ""xref_src_db"": ""GoProcess""}, {""xref_id"": ""GO:0051276"", ""xref_name"": ""chromosome organization"", ""xref_src_db"": ""GoProcess""}, {""xref_id"": ""GO:0051402"", ""xref_name"": ""neuron apoptotic process"", ""xref_src_db"": ""GoProcess""}, {""xref_id"": ""GO:0051726"", ""xref_name"": ""regulation of cell cycle"", ""xref_src_db"": ""GoProcess""}, {""xref_id"": ""GO:0060218"", ""xref_name"": ""hematopoietic stem cell differentiation"", ""xref_src_db"": ""GoProcess""}, {""xref_id"": ""GO:0060253"", ""xref_name"": ""negative regulation of glial cell proliferation"", ""xref_src_db"": ""GoProcess""}, {""xref_id"": ""GO:0060333"", ""xref_name"": ""type II interferon-mediated signaling pathway"", ""xref_src_db"": ""GoProcess""}, {""xref_id"": ""GO:0060411"", ""xref_name"": ""cardiac septum morphogenesis"", ""xref_src_db"": ""GoProcess""}, {""xref_id"": ""GO:0062100"", ""xref_name"": ""positive regulation of programmed necrotic cell death"", ""xref_src_db"": ""GoProcess""}, {""xref_id"": ""GO:0065003"", ""xref_name"": ""protein-containing complex assembly"", ""xref_src_db"": ""GoProcess""}, {""xref_id"": ""GO:0070059"", ""xref_name"": ""intrinsic apoptotic signaling pathway in response to endoplasmic reticulum stress"", ""xref_src_db"": ""GoProcess""}, {""xref_id"": ""GO:0070242"", ""xref_name"": ""thymocyte apoptotic process"", ""xref_src_db"": ""GoProcess""}, {""xref_id"": ""GO:0070243"", ""xref_name"": ""regulation of thymocyte apoptotic process"", ""xref_src_db"": ""GoProcess""}, {""xref_id"": ""GO:0070245"", ""xref_name"": ""positive regulation of thymocyte apoptotic process"", ""xref_src_db"": ""GoProcess""}, {""xref_id"": ""GO:0070266"", ""xref_name"": ""necroptotic process"", ""xref_src_db"": ""GoProcess""}, {""xref_id"": ""GO:0071456"", ""xref_name"": ""cellular response to hypoxia"", ""xref_src_db"": ""GoProcess""}, {""xref_id"": ""GO:0071466"", ""xref_name"": ""cellular response to xenobiotic stimulus"", ""xref_src_db"": ""GoProcess""}, {""xref_id"": ""GO:0071479"", ""xref_name"": ""cellular response to ionizing radiation"", ""xref_src_db"": ""GoProcess""}, {""xref_id"": ""GO:0071480"", ""xref_name"": ""cellular response to gamma radiation"", ""xref_src_db"": ""GoProcess""}, {""xref_id"": ""GO:0071494"", ""xref_name"": ""cellular response to UV-C"", ""xref_src_db"": ""GoProcess""}, {""xref_id"": ""GO:0072089"", ""xref_name"": ""stem cell proliferation"", ""xref_src_db"": ""GoProcess""}, {""xref_id"": ""GO:0072331"", ""xref_name"": ""signal transduction by p53 class mediator"", ""xref_src_db"": ""GoProcess""}, {""xref_id"": ""GO:0072332"", ""xref_name"": ""intrinsic apoptotic signaling pathway by p53 class mediator"", ""xref_src_db"": ""GoProcess""}, {""xref_id"": ""GO:0072593"", ""xref_name"": ""reactive oxygen species metabolic process"", ""xref_src_db"": ""GoProcess""}, {""xref_id"": ""GO:0072717"", ""xref_name"": ""cellular response to actinomycin D"", ""xref_src_db"": ""GoProcess""}, {""xref_id"": ""GO:0090200"", ""xref_name"": ""positive regulation of release of cytochrome c from mitochondria"", ""xref_src_db"": ""GoProcess""}, {""xref_id"": ""GO:0090398"", ""xref_name"": ""cellular senescence"", ""xref_src_db"": ""GoProcess""}, {""xref_id"": ""GO:0090399"", ""xref_name"": ""replicative senescence"", ""xref_src_db"": ""GoProcess""}, {""xref_id"": ""GO:0090403"", ""xref_name"": ""oxidative stress-induced premature senescence"", ""xref_src_db"": ""GoProcess""}, {""xref_id"": ""GO:0097193"", ""xref_name"": ""intrinsic apoptotic signaling pathway"", ""xref_src_db"": ""GoProcess""}, {""xref_id"": ""GO:0097252"", ""xref_name"": ""oligodendrocyte apoptotic process"", ""xref_src_db"": ""GoProcess""}, {""xref_id"": ""GO:1900119"", ""xref_name"": ""positive regulation of execution phase of apoptosis"", ""xref_src_db"": ""GoProcess""}, {""xref_id"": ""GO:1901525"", ""xref_name"": ""negative regulation of mitophagy"", ""xref_src_db"": ""GoProcess""}, {""xref_id"": ""GO:1902108"", ""xref_name"": ""regulation of mitochondrial membrane permeability involved in apoptotic process"", ""xref_src_db"": ""GoProcess""}, {""xref_id"": ""GO:1902253"", ""xref_name"": ""regulation of intrinsic apoptotic signaling pathway by p53 class mediator"", ""xref_src_db"": ""GoProcess""}, {""xref_id"": ""GO:1902749"", ""xref_name"": ""regulation of cell cycle G2/M phase transition"", ""xref_src_db"": ""GoProcess""}, {""xref_id"": ""GO:1902895"", ""xref_name"": ""positive regulation of miRNA transcription"", ""xref_src_db"": ""GoProcess""}, {""xref_id"": ""GO:1903451"", ""xref_name"": ""negative regulation of G1 to G0 transition"", ""xref_src_db"": ""GoProcess""}, {""xref_id"": ""GO:1903799"", ""xref_name"": ""negative regulation of miRNA processing"", ""xref_src_db"": ""GoProcess""}, {""xref_id"": ""GO:1904024"", ""xref_name"": ""negative regulation of glucose catabolic process to lactate via pyruvate"", ""xref_src_db"": ""GoProcess""}, {""xref_id"": ""GO:1905856"", ""xref_name"": ""negative regulation of pentose-phosphate shunt"", ""xref_src_db"": ""GoProcess""}, {""xref_id"": ""GO:1990144"", ""xref_name"": ""intrinsic apoptotic signaling pathway in response to hypoxia"", ""xref_src_db"": ""GoProcess""}, {""xref_id"": ""GO:2000269"", ""xref_name"": ""regulation of fibroblast apoptotic process"", ""xref_src_db"": ""GoProcess""}, {""xref_id"": ""GO:2000378"", ""xref_name"": ""negative regulation of reactive oxygen species metabolic process"", ""xref_src_db"": ""GoProcess""}, {""xref_id"": ""GO:2000379"", ""xref_name"": ""positive regulation of reactive oxygen species metabolic process"", ""xref_src_db"": ""GoProcess""}, {""xref_id"": ""GO:2000647"", ""xref_name"": ""negative regulation of stem cell proliferation"", ""xref_src_db"": ""GoProcess""}, {""xref_id"": ""GO:2000774"", ""xref_name"": ""positive regulation of cellular senescence"", ""xref_src_db"": ""GoProcess""}, {""xref_id"": ""GO:2001244"", ""xref_name"": ""positive regulation of intrinsic apoptotic signaling pathway"", ""xref_src_db"": ""GoProcess""}, {""xref_id"": ""HGNC:11998"", ""xref_name"": ""TP53"", ""xref_src_db"": ""HGNC""}, {""xref_id"": ""P04637"", ""xref_name"": null, ""xref_src_db"": ""IntAct""}, {""xref_id"": ""IPR002117"", ""xref_name"": ""p53_tumour_suppressor"", ""xref_src_db"": ""InterPro""}, {""xref_id"": ""IPR008967"", ""xref_name"": ""p53-like_TF_DNA-bd_sf"", ""xref_src_db"": ""InterPro""}, {""xref_id"": ""IPR010991"", ""xref_name"": ""p53_tetrameristn"", ""xref_src_db"": ""InterPro""}, {""xref_id"": ""IPR011615"", ""xref_name"": ""p53_DNA-bd"", ""xref_src_db"": ""InterPro""}, {""xref_id"": ""IPR012346"", ""xref_name"": ""p53/RUNT-type_TF_DNA-bd_sf"", ""xref_src_db"": ""InterPro""}, {""xref_id"": ""IPR013872"", ""xref_name"": ""p53_transactivation_domain"", ""xref_src_db"": ""InterPro""}, {""xref_id"": ""IPR036674"", ""xref_name"": ""p53_tetramer_sf"", ""xref_src_db"": ""InterPro""}, {""xref_id"": ""IPR040926"", ""xref_name"": ""p53_TAD2"", ""xref_src_db"": ""InterPro""}, {""xref_id"": ""PTHR11447"", ""xref_name"": ""CELLULAR TUMOR ANTIGEN P53"", ""xref_src_db"": ""PANTHER""}, {""xref_id"": ""PTHR11447:SF6"", ""xref_name"": ""CELLULAR TUMOR ANTIGEN P53"", ""xref_src_db"": ""PANTHER""}, {""xref_id"": ""1A1U"", ""xref_name"": null, ""xref_src_db"": ""PDB""}, {""xref_id"": ""1AIE"", ""xref_name"": null, ""xref_src_db"": ""PDB""}, {""xref_id"": ""1C26"", ""xref_name"": null, ""xref_src_db"": ""PDB""}, {""xref_id"": ""1DT7"", ""xref_name"": null, ""xref_src_db"": ""PDB""}, {""xref_id"": ""1GZH"", ""xref_name"": null, ""xref_src_db"": ""PDB""}, {""xref_id"": ""1H26"", ""xref_name"": null, ""xref_src_db"": ""PDB""}, {""xref_id"": ""1HS5"", ""xref_name"": null, ""xref_src_db"": ""PDB""}, {""xref_id"": ""1JSP"", ""xref_name"": null, ""xref_src_db"": ""PDB""}, {""xref_id"": ""1KZY"", ""xref_name"": null, ""xref_src_db"": ""PDB""}, {""xref_id"": ""1MA3"", ""xref_name"": null, ""xref_src_db"": ""PDB""}, {""xref_id"": ""1OLG"", ""xref_name"": null, ""xref_src_db"": ""PDB""}, {""xref_id"": ""1OLH"", ""xref_name"": null, ""xref_src_db"": ""PDB""}, {""xref_id"": ""1PES"", ""xref_name"": null, ""xref_src_db"": ""PDB""}, {""xref_id"": ""1PET"", ""xref_name"": null, ""xref_src_db"": ""PDB""}, {""xref_id"": ""1SAE"", ""xref_name"": null, ""xref_src_db"": ""PDB""}, {""xref_id"": ""1SAF"", ""xref_name"": null, ""xref_src_db"": ""PDB""}, {""xref_id"": ""1SAK"", ""xref_name"": null, ""xref_src_db"": ""PDB""}, {""xref_id"": ""1SAL"", ""xref_name"": null, ""xref_src_db"": ""PDB""}, {""xref_id"": ""1TSR"", ""xref_name"": null, ""xref_src_db"": ""PDB""}, {""xref_id"": ""1TUP"", ""xref_name"": null, ""xref_src_db"": ""PDB""}, {""xref_id"": ""1UOL"", ""xref_name"": null, ""xref_src_db"": ""PDB""}, {""xref_id"": ""1XQH"", ""xref_name"": null, ""xref_src_db"": ""PDB""}, {""xref_id"": ""1YC5"", ""xref_name"": null, ""xref_src_db"": ""PDB""}, {""xref_id"": ""1YCQ"", ""xref_name"": null, ""xref_src_db"": ""PDB""}, {""xref_id"": ""1YCR"", ""xref_name"": null, ""xref_src_db"": ""PDB""}, {""xref_id"": ""1YCS"", ""xref_name"": null, ""xref_src_db"": ""PDB""}, {""xref_id"": ""2AC0"", ""xref_name"": null, ""xref_src_db"": ""PDB""}, {""xref_id"": ""2ADY"", ""xref_name"": null, ""xref_src_db"": ""PDB""}, {""xref_id"": ""2AHI"", ""xref_name"": null, ""xref_src_db"": ""PDB""}, {""xref_id"": ""2ATA"", ""xref_name"": null, ""xref_src_db"": ""PDB""}, {""xref_id"": ""2B3G"", ""xref_name"": null, ""xref_src_db"": ""PDB""}, {""xref_id"": ""2BIM"", ""xref_name"": null, ""xref_src_db"": ""PDB""}, {""xref_id"": ""2BIN"", ""xref_name"": null, ""xref_src_db"": ""PDB""}, {""xref_id"": ""2BIO"", ""xref_name"": null, ""xref_src_db"": ""PDB""}, {""xref_id"": ""2BIP"", ""xref_name"": null, ""xref_src_db"": ""PDB""}, {""xref_id"": ""2BIQ"", ""xref_name"": null, ""xref_src_db"": ""PDB""}, {""xref_id"": ""2F1X"", ""xref_name"": null, ""xref_src_db"": ""PDB""}, {""xref_id"": ""2FEJ"", ""xref_name"": null, ""xref_src_db"": ""PDB""}, {""xref_id"": ""2FOJ"", ""xref_name"": null, ""xref_src_db"": ""PDB""}, {""xref_id"": ""2FOO"", ""xref_name"": null, ""xref_src_db"": ""PDB""}, {""xref_id"": ""2GS0"", ""xref_name"": null, ""xref_src_db"": ""PDB""}, {""xref_id"": ""2H1L"", ""xref_name"": null, ""xref_src_db"": ""PDB""}, {""xref_id"": ""2H2D"", ""xref_name"": null, ""xref_src_db"": ""PDB""}, {""xref_id"": ""2H2F"", ""xref_name"": null, ""xref_src_db"": ""PDB""}, {""xref_id"": ""2H4F"", ""xref_name"": null, ""xref_src_db"": ""PDB""}, {""xref_id"": ""2H4H"", ""xref_name"": null, ""xref_src_db"": ""PDB""}, {""xref_id"": ""2H4J"", ""xref_name"": null, ""xref_src_db"": ""PDB""}, {""xref_id"": ""2H59"", ""xref_name"": null, ""xref_src_db"": ""PDB""}, {""xref_id"": ""2J0Z"", ""xref_name"": null, ""xref_src_db"": ""PDB""}, {""xref_id"": ""2J10"", ""xref_name"": null, ""xref_src_db"": ""PDB""}, {""xref_id"": ""2J11"", ""xref_name"": null, ""xref_src_db"": ""PDB""}, {""xref_id"": ""2J1W"", ""xref_name"": null, ""xref_src_db"": ""PDB""}, {""xref_id"": ""2J1X"", ""xref_name"": null, ""xref_src_db"": ""PDB""}, {""xref_id"": ""2J1Y"", ""xref_name"": null, ""xref_src_db"": ""PDB""}, {""xref_id"": ""2J1Z"", ""xref_name"": null, ""xref_src_db"": ""PDB""}, {""xref_id"": ""2J20"", ""xref_name"": null, ""xref_src_db"": ""PDB""}, {""xref_id"": ""2J21"", ""xref_name"": null, ""xref_src_db"": ""PDB""}, {""xref_id"": ""2K8F"", ""xref_name"": null, ""xref_src_db"": ""PDB""}, {""xref_id"": ""2L14"", ""xref_name"": null, ""xref_src_db"": ""PDB""}, {""xref_id"": ""2LY4"", ""xref_name"": null, ""xref_src_db"": ""PDB""}, {""xref_id"": ""2MEJ"", ""xref_name"": null, ""xref_src_db"": ""PDB""}, {""xref_id"": ""2MWO"", ""xref_name"": null, ""xref_src_db"": ""PDB""}, {""xref_id"": ""2MWP"", ""xref_name"": null, ""xref_src_db"": ""PDB""}, {""xref_id"": ""2MWY"", ""xref_name"": null, ""xref_src_db"": ""PDB""}, {""xref_id"": ""2MZD"", ""xref_name"": null, ""xref_src_db"": ""PDB""}, {""xref_id"": ""2OCJ"", ""xref_name"": null, ""xref_src_db"": ""PDB""}, {""xref_id"": ""2PCX"", ""xref_name"": null, ""xref_src_db"": ""PDB""}, {""xref_id"": ""2RUK"", ""xref_name"": null, ""xref_src_db"": ""PDB""}, {""xref_id"": ""2VUK"", ""xref_name"": null, ""xref_src_db"": ""PDB""}, {""xref_id"": ""2WGX"", ""xref_name"": null, ""xref_src_db"": ""PDB""}, {""xref_id"": ""2X0U"", ""xref_name"": null, ""xref_src_db"": ""PDB""}, {""xref_id"": ""2X0V"", ""xref_name"": null, ""xref_src_db"": ""PDB""}, {""xref_id"": ""2X0W"", ""xref_name"": null, ""xref_src_db"": ""PDB""}, {""xref_id"": ""2XWR"", ""xref_name"": null, ""xref_src_db"": ""PDB""}, {""xref_id"": ""2YBG"", ""xref_name"": null, ""xref_src_db"": ""PDB""}, {""xref_id"": ""2YDR"", ""xref_name"": null, ""xref_src_db"": ""PDB""}, {""xref_id"": ""2Z5S"", ""xref_name"": null, ""xref_src_db"": ""PDB""}, {""xref_id"": ""2Z5T"", ""xref_name"": null, ""xref_src_db"": ""PDB""}, {""xref_id"": ""3D05"", ""xref_name"": null, ""xref_src_db"": ""PDB""}, {""xref_id"": ""3D06"", ""xref_name"": null, ""xref_src_db"": ""PDB""}, {""xref_id"": ""3D07"", ""xref_name"": null, ""xref_src_db"": ""PDB""}, {""xref_id"": ""3D08"", ""xref_name"": null, ""xref_src_db"": ""PDB""}, {""xref_id"": ""3D09"", ""xref_name"": null, ""xref_src_db"": ""PDB""}, {""xref_id"": ""3D0A"", ""xref_name"": null, ""xref_src_db"": ""PDB""}, {""xref_id"": ""3DAB"", ""xref_name"": null, ""xref_src_db"": ""PDB""}, {""xref_id"": ""3DAC"", ""xref_name"": null, ""xref_src_db"": ""PDB""}, {""xref_id"": ""3IGK"", ""xref_name"": null, ""xref_src_db"": ""PDB""}, {""xref_id"": ""3IGL"", ""xref_name"": null, ""xref_src_db"": ""PDB""}, {""xref_id"": ""3KMD"", ""xref_name"": null, ""xref_src_db"": ""PDB""}, {""xref_id"": ""3KZ8"", ""xref_name"": null, ""xref_src_db"": ""PDB""}, {""xref_id"": ""3LW1"", ""xref_name"": null, ""xref_src_db"": ""PDB""}, {""xref_id"": ""3OQ5"", ""xref_name"": null, ""xref_src_db"": ""PDB""}, {""xref_id"": ""3PDH"", ""xref_name"": null, ""xref_src_db"": ""PDB""}, {""xref_id"": ""3Q01"", ""xref_name"": null, ""xref_src_db"": ""PDB""}, {""xref_id"": ""3Q05"", ""xref_name"": null, ""xref_src_db"": ""PDB""}, {""xref_id"": ""3Q06"", ""xref_name"": null, ""xref_src_db"": ""PDB""}, {""xref_id"": ""3SAK"", ""xref_name"": null, ""xref_src_db"": ""PDB""}, {""xref_id"": ""3TG5"", ""xref_name"": null, ""xref_src_db"": ""PDB""}, {""xref_id"": ""3TS8"", ""xref_name"": null, ""xref_src_db"": ""PDB""}, {""xref_id"": ""3ZME"", ""xref_name"": null, ""xref_src_db"": ""PDB""}, {""xref_id"": ""4AGL"", ""xref_name"": null, ""xref_src_db"": ""PDB""}, {""xref_id"": ""4AGM"", ""xref_name"": null, ""xref_src_db"": ""PDB""}, {""xref_id"": ""4AGN"", ""xref_name"": null, ""xref_src_db"": ""PDB""}, {""xref_id"": ""4AGO"", ""xref_name"": null, ""xref_src_db"": ""PDB""}, {""xref_id"": ""4AGP"", ""xref_name"": null, ""xref_src_db"": ""PDB""}, {""xref_id"": ""4AGQ"", ""xref_name"": null, ""xref_src_db"": ""PDB""}, {""xref_id"": ""4BUZ"", ""xref_name"": null, ""xref_src_db"": ""PDB""}, {""xref_id"": ""4BV2"", ""xref_name"": null, ""xref_src_db"": ""PDB""}, {""xref_id"": ""4HFZ"", ""xref_name"": null, ""xref_src_db"": ""PDB""}, {""xref_id"": ""4HJE"", ""xref_name"": null, ""xref_src_db"": ""PDB""}, {""xref_id"": ""4IBQ"", ""xref_name"": null, ""xref_src_db"": ""PDB""}, {""xref_id"": ""4IBS"", ""xref_name"": null, ""xref_src_db"": ""PDB""}, {""xref_id"": ""4IBT"", ""xref_name"": null, ""xref_src_db"": ""PDB""}, {""xref_id"": ""4IBU"", ""xref_name"": null, ""xref_src_db"": ""PDB""}, {""xref_id"": ""4IBV"", ""xref_name"": null, ""xref_src_db"": ""PDB""}, {""xref_id"": ""4IBW"", ""xref_name"": null, ""xref_src_db"": ""PDB""}, {""xref_id"": ""4IBY"", ""xref_name"": null, ""xref_src_db"": ""PDB""}, {""xref_id"": ""4IBZ"", ""xref_name"": null, ""xref_src_db"": ""PDB""}, {""xref_id"": ""4IJT"", ""xref_name"": null, ""xref_src_db"": ""PDB""}, {""xref_id"": ""4KVP"", ""xref_name"": null, ""xref_src_db"": ""PDB""}, {""xref_id"": ""4LO9"", ""xref_name"": null, ""xref_src_db"": ""PDB""}, {""xref_id"": ""4LOE"", ""xref_name"": null, ""xref_src_db"": ""PDB""}, {""xref_id"": ""4LOF"", ""xref_name"": null, ""xref_src_db"": ""PDB""}, {""xref_id"": ""4MZI"", ""xref_name"": null, ""xref_src_db"": ""PDB""}, {""xref_id"": ""4MZR"", ""xref_name"": null, ""xref_src_db"": ""PDB""}, {""xref_id"": ""4QO1"", ""xref_name"": null, ""xref_src_db"": ""PDB""}, {""xref_id"": ""4RP6"", ""xref_name"": null, ""xref_src_db"": ""PDB""}, {""xref_id"": ""4RP7"", ""xref_name"": null, ""xref_src_db"": ""PDB""}, {""xref_id"": ""4X34"", ""xref_name"": null, ""xref_src_db"": ""PDB""}, {""xref_id"": ""4XR8"", ""xref_name"": null, ""xref_src_db"": ""PDB""}, {""xref_id"": ""4ZZJ"", ""xref_name"": null, ""xref_src_db"": ""PDB""}, {""xref_id"": ""5A7B"", ""xref_name"": null, ""xref_src_db"": ""PDB""}, {""xref_id"": ""5AB9"", ""xref_name"": null, ""xref_src_db"": ""PDB""}, {""xref_id"": ""5ABA"", ""xref_name"": null, ""xref_src_db"": ""PDB""}, {""xref_id"": ""5AOI"", ""xref_name"": null, ""xref_src_db"": ""PDB""}, {""xref_id"": ""5AOJ"", ""xref_name"": null, ""xref_src_db"": ""PDB""}, {""xref_id"": ""5AOK"", ""xref_name"": null, ""xref_src_db"": ""PDB""}, {""xref_id"": ""5AOL"", ""xref_name"": null, ""xref_src_db"": ""PDB""}, {""xref_id"": ""5AOM"", ""xref_name"": null, ""xref_src_db"": ""PDB""}, {""xref_id"": ""5BUA"", ""xref_name"": null, ""xref_src_db"": ""PDB""}, {""xref_id"": ""5ECG"", ""xref_name"": null, ""xref_src_db"": ""PDB""}, {""xref_id"": ""5G4M"", ""xref_name"": null, ""xref_src_db"": ""PDB""}, {""xref_id"": ""5G4N"", ""xref_name"": null, ""xref_src_db"": ""PDB""}, {""xref_id"": ""5G4O"", ""xref_name"": null, ""xref_src_db"": ""PDB""}, {""xref_id"": ""5HOU"", ""xref_name"": null, ""xref_src_db"": ""PDB""}, {""xref_id"": ""5HP0"", ""xref_name"": null, ""xref_src_db"": ""PDB""}, {""xref_id"": ""5HPD"", ""xref_name"": null, ""xref_src_db"": ""PDB""}, {""xref_id"": ""5LAP"", ""xref_name"": null, ""xref_src_db"": ""PDB""}, {""xref_id"": ""5LGY"", ""xref_name"": null, ""xref_src_db"": ""PDB""}, {""xref_id"": ""5MCT"", ""xref_name"": null, ""xref_src_db"": ""PDB""}, {""xref_id"": ""5MCU"", ""xref_name"": null, ""xref_src_db"": ""PDB""}, {""xref_id"": ""5MCV"", ""xref_name"": null, ""xref_src_db"": ""PDB""}, {""xref_id"": ""5MCW"", ""xref_name"": null, ""xref_src_db"": ""PDB""}, {""xref_id"": ""5MF7"", ""xref_name"": null, ""xref_src_db"": ""PDB""}, {""xref_id"": ""5MG7"", ""xref_name"": null, ""xref_src_db"": ""PDB""}, {""xref_id"": ""5MHC"", ""xref_name"": null, ""xref_src_db"": ""PDB""}, {""xref_id"": ""5MOC"", ""xref_name"": null, ""xref_src_db"": ""PDB""}, {""xref_id"": ""5O1A"", ""xref_name"": null, ""xref_src_db"": ""PDB""}, {""xref_id"": ""5O1B"", ""xref_name"": null, ""xref_src_db"": ""PDB""}, {""xref_id"": ""5O1C"", ""xref_name"": null, ""xref_src_db"": ""PDB""}, {""xref_id"": ""5O1D"", ""xref_name"": null, ""xref_src_db"": ""PDB""}, {""xref_id"": ""5O1E"", ""xref_name"": null, ""xref_src_db"": ""PDB""}, {""xref_id"": ""5O1F"", ""xref_name"": null, ""xref_src_db"": ""PDB""}, {""xref_id"": ""5O1G"", ""xref_name"": null, ""xref_src_db"": ""PDB""}, {""xref_id"": ""5O1H"", ""xref_name"": null, ""xref_src_db"": ""PDB""}, {""xref_id"": ""5O1I"", ""xref_name"": null, ""xref_src_db"": ""PDB""}, {""xref_id"": ""5OL0"", ""xref_name"": null, ""xref_src_db"": ""PDB""}, {""xref_id"": ""5UN8"", ""xref_name"": null, ""xref_src_db"": ""PDB""}, {""xref_id"": ""5XZC"", ""xref_name"": null, ""xref_src_db"": ""PDB""}, {""xref_id"": ""6FF9"", ""xref_name"": null, ""xref_src_db"": ""PDB""}, {""xref_id"": ""6FJ5"", ""xref_name"": null, ""xref_src_db"": ""PDB""}, {""xref_id"": ""6GGA"", ""xref_name"": null, ""xref_src_db"": ""PDB""}, {""xref_id"": ""6GGB"", ""xref_name"": null, ""xref_src_db"": ""PDB""}, {""xref_id"": ""6GGC"", ""xref_name"": null, ""xref_src_db"": ""PDB""}, {""xref_id"": ""6GGD"", ""xref_name"": null, ""xref_src_db"": ""PDB""}, {""xref_id"": ""6GGE"", ""xref_name"": null, ""xref_src_db"": ""PDB""}, {""xref_id"": ""6GGF"", ""xref_name"": null, ""xref_src_db"": ""PDB""}, {""xref_id"": ""6LHD"", ""xref_name"": null, ""xref_src_db"": ""PDB""}, {""xref_id"": ""6R5L"", ""xref_name"": null, ""xref_src_db"": ""PDB""}, {""xref_id"": ""6RJZ"", ""xref_name"": null, ""xref_src_db"": ""PDB""}, {""xref_id"": ""6RK8"", ""xref_name"": null, ""xref_src_db"": ""PDB""}, {""xref_id"": ""6RKI"", ""xref_name"": null, ""xref_src_db"": ""PDB""}, {""xref_id"": ""6RKK"", ""xref_name"": null, ""xref_src_db"": ""PDB""}, {""xref_id"": ""6RKM"", ""xref_name"": null, ""xref_src_db"": ""PDB""}, {""xref_id"": ""6RL3"", ""xref_name"": null, ""xref_src_db"": ""PDB""}, {""xref_id"": ""6RL4"", ""xref_name"": null, ""xref_src_db"": ""PDB""}, {""xref_id"": ""6RL6"", ""xref_name"": null, ""xref_src_db"": ""PDB""}, {""xref_id"": ""6RM5"", ""xref_name"": null, ""xref_src_db"": ""PDB""}, {""xref_id"": ""6RM7"", ""xref_name"": null, ""xref_src_db"": ""PDB""}, {""xref_id"": ""6RWH"", ""xref_name"": null, ""xref_src_db"": ""PDB""}, {""xref_id"": ""6RWI"", ""xref_name"": null, ""xref_src_db"": ""PDB""}, {""xref_id"": ""6RWS"", ""xref_name"": null, ""xref_src_db"": ""PDB""}, {""xref_id"": ""6RWU"", ""xref_name"": null, ""xref_src_db"": ""PDB""}, {""xref_id"": ""6RX2"", ""xref_name"": null, ""xref_src_db"": ""PDB""}, {""xref_id"": ""6RZ3"", ""xref_name"": null, ""xref_src_db"": ""PDB""}, {""xref_id"": ""6S39"", ""xref_name"": null, ""xref_src_db"": ""PDB""}, {""xref_id"": ""6S3C"", ""xref_name"": null, ""xref_src_db"": ""PDB""}, {""xref_id"": ""6S40"", ""xref_name"": null, ""xref_src_db"": ""PDB""}, {""xref_id"": ""6S9Q"", ""xref_name"": null, ""xref_src_db"": ""PDB""}, {""xref_id"": ""6SHZ"", ""xref_name"": null, ""xref_src_db"": ""PDB""}, {""xref_id"": ""6SI0"", ""xref_name"": null, ""xref_src_db"": ""PDB""}, {""xref_id"": ""6SI1"", ""xref_name"": null, ""xref_src_db"": ""PDB""}, {""xref_id"": ""6SI2"", ""xref_name"": null, ""xref_src_db"": ""PDB""}, {""xref_id"": ""6SI3"", ""xref_name"": null, ""xref_src_db"": ""PDB""}, {""xref_id"": ""6SI4"", ""xref_name"": null, ""xref_src_db"": ""PDB""}, {""xref_id"": ""6SIN"", ""xref_name"": null, ""xref_src_db"": ""PDB""}, {""xref_id"": ""6SIO"", ""xref_name"": null, ""xref_src_db"": ""PDB""}, {""xref_id"": ""6SIP"", ""xref_name"": null, ""xref_src_db"": ""PDB""}, {""xref_id"": ""6SIQ"", ""xref_name"": null, ""xref_src_db"": ""PDB""}, {""xref_id"": ""6SL6"", ""xref_name"": null, ""xref_src_db"": ""PDB""}, {""xref_id"": ""6SLV"", ""xref_name"": null, ""xref_src_db"": ""PDB""}, {""xref_id"": ""6T58"", ""xref_name"": null, ""xref_src_db"": ""PDB""}, {""xref_id"": ""6V4F"", ""xref_name"": null, ""xref_src_db"": ""PDB""}, {""xref_id"": ""6V4H"", ""xref_name"": null, ""xref_src_db"": ""PDB""}, {""xref_id"": ""6VQO"", ""xref_name"": null, ""xref_src_db"": ""PDB""}, {""xref_id"": ""6VR1"", ""xref_name"": null, ""xref_src_db"": ""PDB""}, {""xref_id"": ""6VR5"", ""xref_name"": null, ""xref_src_db"": ""PDB""}, {""xref_id"": ""6VRM"", ""xref_name"": null, ""xref_src_db"": ""PDB""}, {""xref_id"": ""6VRN"", ""xref_name"": null, ""xref_src_db"": ""PDB""}, {""xref_id"": ""6W51"", ""xref_name"": null, ""xref_src_db"": ""PDB""}, {""xref_id"": ""6XRE"", ""xref_name"": null, ""xref_src_db"": ""PDB""}, {""xref_id"": ""6ZNC"", ""xref_name"": null, ""xref_src_db"": ""PDB""}, {""xref_id"": ""7B46"", ""xref_name"": null, ""xref_src_db"": ""PDB""}, {""xref_id"": ""7B47"", ""xref_name"": null, ""xref_src_db"": ""PDB""}, {""xref_id"": ""7B48"", ""xref_name"": null, ""xref_src_db"": ""PDB""}, {""xref_id"": ""7B49"", ""xref_name"": null, ""xref_src_db"": ""PDB""}, {""xref_id"": ""7B4A"", ""xref_name"": null, ""xref_src_db"": ""PDB""}, {""xref_id"": ""7B4B"", ""xref_name"": null, ""xref_src_db"": ""PDB""}, {""xref_id"": ""7B4C"", ""xref_name"": null, ""xref_src_db"": ""PDB""}, {""xref_id"": ""7B4D"", ""xref_name"": null, ""xref_src_db"": ""PDB""}, {""xref_id"": ""7B4E"", ""xref_name"": null, ""xref_src_db"": ""PDB""}, {""xref_id"": ""7B4F"", ""xref_name"": null, ""xref_src_db"": ""PDB""}, {""xref_id"": ""7B4G"", ""xref_name"": null, ""xref_src_db"": ""PDB""}, {""xref_id"": ""7B4H"", ""xref_name"": null, ""xref_src_db"": ""PDB""}, {""xref_id"": ""7B4N"", ""xref_name"": null, ""xref_src_db"": ""PDB""}, {""xref_id"": ""7BWN"", ""xref_name"": null, ""xref_src_db"": ""PDB""}, {""xref_id"": ""7DHY"", ""xref_name"": null, ""xref_src_db"": ""PDB""}, {""xref_id"": ""7DHZ"", ""xref_name"": null, ""xref_src_db"": ""PDB""}, {""xref_id"": ""7DVD"", ""xref_name"": null, ""xref_src_db"": ""PDB""}, {""xref_id"": ""7EAX"", ""xref_name"": null, ""xref_src_db"": ""PDB""}, {""xref_id"": ""7EDS"", ""xref_name"": null, ""xref_src_db"": ""PDB""}, {""xref_id"": ""7EEU"", ""xref_name"": null, ""xref_src_db"": ""PDB""}, {""xref_id"": ""7EL4"", ""xref_name"": null, ""xref_src_db"": ""PDB""}, {""xref_id"": ""7NMI"", ""xref_name"": null, ""xref_src_db"": ""PDB""}, {""xref_id"": ""7RM4"", ""xref_name"": null, ""xref_src_db"": ""PDB""}, {""xref_id"": ""7V97"", ""xref_name"": null, ""xref_src_db"": ""PDB""}, {""xref_id"": ""7XZX"", ""xref_name"": null, ""xref_src_db"": ""PDB""}, {""xref_id"": ""7XZZ"", ""xref_name"": null, ""xref_src_db"": ""PDB""}, {""xref_id"": ""7YGI"", ""xref_name"": null, ""xref_src_db"": ""PDB""}, {""xref_id"": ""8A31"", ""xref_name"": null, ""xref_src_db"": ""PDB""}, {""xref_id"": ""8A32"", ""xref_name"": null, ""xref_src_db"": ""PDB""}, {""xref_id"": ""8A92"", ""xref_name"": null, ""xref_src_db"": ""PDB""}, {""xref_id"": ""8CG7"", ""xref_name"": null, ""xref_src_db"": ""PDB""}, {""xref_id"": ""8DC4"", ""xref_name"": null, ""xref_src_db"": ""PDB""}, {""xref_id"": ""8DC6"", ""xref_name"": null, ""xref_src_db"": ""PDB""}, {""xref_id"": ""8DC7"", ""xref_name"": null, ""xref_src_db"": ""PDB""}, {""xref_id"": ""8DC8"", ""xref_name"": null, ""xref_src_db"": ""PDB""}, {""xref_id"": ""8E7A"", ""xref_name"": null, ""xref_src_db"": ""PDB""}, {""xref_id"": ""8E7B"", ""xref_name"": null, ""xref_src_db"": ""PDB""}, {""xref_id"": ""8GCR"", ""xref_name"": null, ""xref_src_db"": ""PDB""}, {""xref_id"": ""8HLL"", ""xref_name"": null, ""xref_src_db"": ""PDB""}, {""xref_id"": ""8HLM"", ""xref_name"": null, ""xref_src_db"": ""PDB""}, {""xref_id"": ""8HLN"", ""xref_name"": null, ""xref_src_db"": ""PDB""}, {""xref_id"": ""8J8N"", ""xref_name"": null, ""xref_src_db"": ""PDB""}, {""xref_id"": ""8OXM"", ""xref_name"": null, ""xref_src_db"": ""PDB""}, {""xref_id"": ""8OXO"", ""xref_name"": null, ""xref_src_db"": ""PDB""}, {""xref_id"": ""8QWK"", ""xref_name"": null, ""xref_src_db"": ""PDB""}, {""xref_id"": ""8QWL"", ""xref_name"": null, ""xref_src_db"": ""PDB""}, {""xref_id"": ""8QWM"", ""xref_name"": null, ""xref_src_db"": ""PDB""}, {""xref_id"": ""8QWN"", ""xref_name"": null, ""xref_src_db"": ""PDB""}, {""xref_id"": ""8QWO"", ""xref_name"": null, ""xref_src_db"": ""PDB""}, {""xref_id"": ""8QWP"", ""xref_name"": null, ""xref_src_db"": ""PDB""}, {""xref_id"": ""8R1F"", ""xref_name"": null, ""xref_src_db"": ""PDB""}, {""xref_id"": ""8R1G"", ""xref_name"": null, ""xref_src_db"": ""PDB""}, {""xref_id"": ""8RBA"", ""xref_name"": null, ""xref_src_db"": ""PDB""}, {""xref_id"": ""8RBB"", ""xref_name"": null, ""xref_src_db"": ""PDB""}, {""xref_id"": ""8RBC"", ""xref_name"": null, ""xref_src_db"": ""PDB""}, {""xref_id"": ""8RCI"", ""xref_name"": null, ""xref_src_db"": ""PDB""}, {""xref_id"": ""8UQR"", ""xref_name"": null, ""xref_src_db"": ""PDB""}, {""xref_id"": ""8WD2"", ""xref_name"": null, ""xref_src_db"": ""PDB""}, {""xref_id"": ""8XP5"", ""xref_name"": null, ""xref_src_db"": ""PDB""}, {""xref_id"": ""9BR4"", ""xref_name"": null, ""xref_src_db"": ""PDB""}, {""xref_id"": ""9C5S"", ""xref_name"": null, ""xref_src_db"": ""PDB""}, {""xref_id"": ""9CHT"", ""xref_name"": null, ""xref_src_db"": ""PDB""}, {""xref_id"": ""1AIE"", ""xref_name"": ""A"", ""xref_src_db"": ""PDBe""}, {""xref_id"": ""1C26"", ""xref_name"": ""A"", ""xref_src_db"": ""PDBe""}, {""xref_id"": ""1GZH"", ""xref_name"": ""A"", ""xref_src_db"": ""PDBe""}, {""xref_id"": ""1H26"", ""xref_name"": ""A"", ""xref_src_db"": ""PDBe""}, {""xref_id"": ""1KZY"", ""xref_name"": ""A"", ""xref_src_db"": ""PDBe""}, {""xref_id"": ""1MA3"", ""xref_name"": ""A"", ""xref_src_db"": ""PDBe""}, {""xref_id"": ""1TSR"", ""xref_name"": ""A"", ""xref_src_db"": ""PDBe""}, {""xref_id"": ""1TUP"", ""xref_name"": ""A"", ""xref_src_db"": ""PDBe""}, {""xref_id"": ""1UOL"", ""xref_name"": ""A"", ""xref_src_db"": ""PDBe""}, {""xref_id"": ""1XQH"", ""xref_name"": ""A"", ""xref_src_db"": ""PDBe""}, {""xref_id"": ""1YC5"", ""xref_name"": ""A"", ""xref_src_db"": ""PDBe""}, {""xref_id"": ""1YCQ"", ""xref_name"": ""A"", ""xref_src_db"": ""PDBe""}, {""xref_id"": ""1YCR"", ""xref_name"": ""A"", ""xref_src_db"": ""PDBe""}, {""xref_id"": ""1YCS"", ""xref_name"": ""A"", ""xref_src_db"": ""PDBe""}, {""xref_id"": ""2AC0"", ""xref_name"": ""A"", ""xref_src_db"": ""PDBe""}, {""xref_id"": ""2ADY"", ""xref_name"": ""A"", ""xref_src_db"": ""PDBe""}, {""xref_id"": ""2AHI"", ""xref_name"": ""A"", ""xref_src_db"": ""PDBe""}, {""xref_id"": ""2ATA"", ""xref_name"": ""A"", ""xref_src_db"": ""PDBe""}, {""xref_id"": ""2B3G"", ""xref_name"": ""A"", ""xref_src_db"": ""PDBe""}, {""xref_id"": ""2BIM"", ""xref_name"": ""A"", ""xref_src_db"": ""PDBe""}, {""xref_id"": ""2BIN"", ""xref_name"": ""A"", ""xref_src_db"": ""PDBe""}, {""xref_id"": ""2BIO"", ""xref_name"": ""A"", ""xref_src_db"": ""PDBe""}, {""xref_id"": ""2BIP"", ""xref_name"": ""A"", ""xref_src_db"": ""PDBe""}, {""xref_id"": ""2BIQ"", ""xref_name"": ""A"", ""xref_src_db"": ""PDBe""}, {""xref_id"": ""2F1X"", ""xref_name"": ""A"", ""xref_src_db"": ""PDBe""}, {""xref_id"": ""2FOJ"", ""xref_name"": ""A"", ""xref_src_db"": ""PDBe""}, {""xref_id"": ""2FOO"", ""xref_name"": ""A"", ""xref_src_db"": ""PDBe""}, {""xref_id"": ""2H1L"", ""xref_name"": ""A"", ""xref_src_db"": ""PDBe""}, {""xref_id"": ""2H2D"", ""xref_name"": ""A"", ""xref_src_db"": ""PDBe""}, {""xref_id"": ""2H2F"", ""xref_name"": ""A"", ""xref_src_db"": ""PDBe""}, {""xref_id"": ""2H4F"", ""xref_name"": ""A"", ""xref_src_db"": ""PDBe""}, {""xref_id"": ""2H4H"", ""xref_name"": ""A"", ""xref_src_db"": ""PDBe""}, {""xref_id"": ""2H4J"", ""xref_name"": ""A"", ""xref_src_db"": ""PDBe""}, {""xref_id"": ""2H59"", ""xref_name"": ""A"", ""xref_src_db"": ""PDBe""}, {""xref_id"": ""2J1W"", ""xref_name"": ""A"", ""xref_src_db"": ""PDBe""}, {""xref_id"": ""2J1X"", ""xref_name"": ""A"", ""xref_src_db"": ""PDBe""}, {""xref_id"": ""2J1Y"", ""xref_name"": ""A"", ""xref_src_db"": ""PDBe""}, {""xref_id"": ""2J1Z"", ""xref_name"": ""A"", ""xref_src_db"": ""PDBe""}, {""xref_id"": ""2J20"", ""xref_name"": ""A"", ""xref_src_db"": ""PDBe""}, {""xref_id"": ""2J21"", ""xref_name"": ""A"", ""xref_src_db"": ""PDBe""}, {""xref_id"": ""2OCJ"", ""xref_name"": ""A"", ""xref_src_db"": ""PDBe""}, {""xref_id"": ""2PCX"", ""xref_name"": ""A"", ""xref_src_db"": ""PDBe""}, {""xref_id"": ""2VUK"", ""xref_name"": ""A"", ""xref_src_db"": ""PDBe""}, {""xref_id"": ""2WGX"", ""xref_name"": ""A"", ""xref_src_db"": ""PDBe""}, {""xref_id"": ""2X0U"", ""xref_name"": ""A"", ""xref_src_db"": ""PDBe""}, {""xref_id"": ""2X0V"", ""xref_name"": ""A"", ""xref_src_db"": ""PDBe""}, {""xref_id"": ""2X0W"", ""xref_name"": ""A"", ""xref_src_db"": ""PDBe""}, {""xref_id"": ""2XWR"", ""xref_name"": ""A"", ""xref_src_db"": ""PDBe""}, {""xref_id"": ""2YBG"", ""xref_name"": ""A"", ""xref_src_db"": ""PDBe""}, {""xref_id"": ""2YDR"", ""xref_name"": ""A"", ""xref_src_db"": ""PDBe""}, {""xref_id"": ""2Z5S"", ""xref_name"": ""A"", ""xref_src_db"": ""PDBe""}, {""xref_id"": ""2Z5T"", ""xref_name"": ""A"", ""xref_src_db"": ""PDBe""}, {""xref_id"": ""3D05"", ""xref_name"": ""A"", ""xref_src_db"": ""PDBe""}, {""xref_id"": ""3D06"", ""xref_name"": ""A"", ""xref_src_db"": ""PDBe""}, {""xref_id"": ""3D07"", ""xref_name"": ""A"", ""xref_src_db"": ""PDBe""}, {""xref_id"": ""3D08"", ""xref_name"": ""A"", ""xref_src_db"": ""PDBe""}, {""xref_id"": ""3D09"", ""xref_name"": ""A"", ""xref_src_db"": ""PDBe""}, {""xref_id"": ""3D0A"", ""xref_name"": ""A"", ""xref_src_db"": ""PDBe""}, {""xref_id"": ""3DAB"", ""xref_name"": ""A"", ""xref_src_db"": ""PDBe""}, {""xref_id"": ""3DAC"", ""xref_name"": ""A"", ""xref_src_db"": ""PDBe""}, {""xref_id"": ""3IGK"", ""xref_name"": ""A"", ""xref_src_db"": ""PDBe""}, {""xref_id"": ""3IGL"", ""xref_name"": ""A"", ""xref_src_db"": ""PDBe""}, {""xref_id"": ""3KMD"", ""xref_name"": ""A"", ""xref_src_db"": ""PDBe""}, {""xref_id"": ""3KZ8"", ""xref_name"": ""A"", ""xref_src_db"": ""PDBe""}, {""xref_id"": ""3LW1"", ""xref_name"": ""A"", ""xref_src_db"": ""PDBe""}, {""xref_id"": ""3OQ5"", ""xref_name"": ""A"", ""xref_src_db"": ""PDBe""}, {""xref_id"": ""3PDH"", ""xref_name"": ""A"", ""xref_src_db"": ""PDBe""}, {""xref_id"": ""3Q01"", ""xref_name"": ""A"", ""xref_src_db"": ""PDBe""}, {""xref_id"": ""3Q05"", ""xref_name"": ""A"", ""xref_src_db"": ""PDBe""}, {""xref_id"": ""3Q06"", ""xref_name"": ""A"", ""xref_src_db"": ""PDBe""}, {""xref_id"": ""3TG5"", ""xref_name"": ""A"", ""xref_src_db"": ""PDBe""}, {""xref_id"": ""3TS8"", ""xref_name"": ""A"", ""xref_src_db"": ""PDBe""}, {""xref_id"": ""3ZME"", ""xref_name"": ""A"", ""xref_src_db"": ""PDBe""}, {""xref_id"": ""4AGL"", ""xref_name"": ""A"", ""xref_src_db"": ""PDBe""}, {""xref_id"": ""4AGM"", ""xref_name"": ""A"", ""xref_src_db"": ""PDBe""}, {""xref_id"": ""4AGN"", ""xref_name"": ""A"", ""xref_src_db"": ""PDBe""}, {""xref_id"": ""4AGO"", ""xref_name"": ""A"", ""xref_src_db"": ""PDBe""}, {""xref_id"": ""4AGP"", ""xref_name"": ""A"", ""xref_src_db"": ""PDBe""}, {""xref_id"": ""4AGQ"", ""xref_name"": ""A"", ""xref_src_db"": ""PDBe""}, {""xref_id"": ""4BUZ"", ""xref_name"": ""A"", ""xref_src_db"": ""PDBe""}, {""xref_id"": ""4BV2"", ""xref_name"": ""A"", ""xref_src_db"": ""PDBe""}, {""xref_id"": ""4HFZ"", ""xref_name"": ""A"", ""xref_src_db"": ""PDBe""}, {""xref_id"": ""4HJE"", ""xref_name"": ""A"", ""xref_src_db"": ""PDBe""}, {""xref_id"": ""4IBQ"", ""xref_name"": ""A"", ""xref_src_db"": ""PDBe""}, {""xref_id"": ""4IBS"", ""xref_name"": ""A"", ""xref_src_db"": ""PDBe""}, {""xref_id"": ""4IBT"", ""xref_name"": ""A"", ""xref_src_db"": ""PDBe""}, {""xref_id"": ""4IBU"", ""xref_name"": ""A"", ""xref_src_db"": ""PDBe""}, {""xref_id"": ""4IBV"", ""xref_name"": ""A"", ""xref_src_db"": ""PDBe""}, {""xref_id"": ""4IBW"", ""xref_name"": ""A"", ""xref_src_db"": ""PDBe""}, {""xref_id"": ""4IBY"", ""xref_name"": ""A"", ""xref_src_db"": ""PDBe""}, {""xref_id"": ""4IBZ"", ""xref_name"": ""A"", ""xref_src_db"": ""PDBe""}, {""xref_id"": ""4IJT"", ""xref_name"": ""A"", ""xref_src_db"": ""PDBe""}, {""xref_id"": ""4KVP"", ""xref_name"": ""A"", ""xref_src_db"": ""PDBe""}, {""xref_id"": ""4LO9"", ""xref_name"": ""A"", ""xref_src_db"": ""PDBe""}, {""xref_id"": ""4LOE"", ""xref_name"": ""A"", ""xref_src_db"": ""PDBe""}, {""xref_id"": ""4LOF"", ""xref_name"": ""A"", ""xref_src_db"": ""PDBe""}, {""xref_id"": ""4MZI"", ""xref_name"": ""A"", ""xref_src_db"": ""PDBe""}, {""xref_id"": ""4MZR"", ""xref_name"": ""A"", ""xref_src_db"": ""PDBe""}, {""xref_id"": ""4QO1"", ""xref_name"": ""A"", ""xref_src_db"": ""PDBe""}, {""xref_id"": ""4RP6"", ""xref_name"": ""A"", ""xref_src_db"": ""PDBe""}, {""xref_id"": ""4RP7"", ""xref_name"": ""A"", ""xref_src_db"": ""PDBe""}, {""xref_id"": ""4X34"", ""xref_name"": ""A"", ""xref_src_db"": ""PDBe""}, {""xref_id"": ""4XR8"", ""xref_name"": ""A"", ""xref_src_db"": ""PDBe""}, {""xref_id"": ""4ZZJ"", ""xref_name"": ""A"", ""xref_src_db"": ""PDBe""}, {""xref_id"": ""5A7B"", ""xref_name"": ""A"", ""xref_src_db"": ""PDBe""}, {""xref_id"": ""5AB9"", ""xref_name"": ""A"", ""xref_src_db"": ""PDBe""}, {""xref_id"": ""5ABA"", ""xref_name"": ""A"", ""xref_src_db"": ""PDBe""}, {""xref_id"": ""5AOI"", ""xref_name"": ""A"", ""xref_src_db"": ""PDBe""}, {""xref_id"": ""5AOJ"", ""xref_name"": ""A"", ""xref_src_db"": ""PDBe""}, {""xref_id"": ""5AOK"", ""xref_name"": ""A"", ""xref_src_db"": ""PDBe""}, {""xref_id"": ""5AOL"", ""xref_name"": ""A"", ""xref_src_db"": ""PDBe""}, {""xref_id"": ""5AOM"", ""xref_name"": ""A"", ""xref_src_db"": ""PDBe""}, {""xref_id"": ""5BUA"", ""xref_name"": ""A"", ""xref_src_db"": ""PDBe""}, {""xref_id"": ""5ECG"", ""xref_name"": ""A"", ""xref_src_db"": ""PDBe""}, {""xref_id"": ""5G4M"", ""xref_name"": ""A"", ""xref_src_db"": ""PDBe""}, {""xref_id"": ""5G4N"", ""xref_name"": ""A"", ""xref_src_db"": ""PDBe""}, {""xref_id"": ""5G4O"", ""xref_name"": ""A"", ""xref_src_db"": ""PDBe""}, {""xref_id"": ""5LAP"", ""xref_name"": ""A"", ""xref_src_db"": ""PDBe""}, {""xref_id"": ""5LGY"", ""xref_name"": ""A"", ""xref_src_db"": ""PDBe""}, {""xref_id"": ""5MCT"", ""xref_name"": ""A"", ""xref_src_db"": ""PDBe""}, {""xref_id"": ""5MCU"", ""xref_name"": ""A"", ""xref_src_db"": ""PDBe""}, {""xref_id"": ""5MCV"", ""xref_name"": ""A"", ""xref_src_db"": ""PDBe""}, {""xref_id"": ""5MCW"", ""xref_name"": ""A"", ""xref_src_db"": ""PDBe""}, {""xref_id"": ""5MF7"", ""xref_name"": ""A"", ""xref_src_db"": ""PDBe""}, {""xref_id"": ""5MG7"", ""xref_name"": ""A"", ""xref_src_db"": ""PDBe""}, {""xref_id"": ""5MHC"", ""xref_name"": ""A"", ""xref_src_db"": ""PDBe""}, {""xref_id"": ""5MOC"", ""xref_name"": ""A"", ""xref_src_db"": ""PDBe""}, {""xref_id"": ""5O1A"", ""xref_name"": ""A"", ""xref_src_db"": ""PDBe""}, {""xref_id"": ""5O1B"", ""xref_name"": ""A"", ""xref_src_db"": ""PDBe""}, {""xref_id"": ""5O1C"", ""xref_name"": ""A"", ""xref_src_db"": ""PDBe""}, {""xref_id"": ""5O1D"", ""xref_name"": ""A"", ""xref_src_db"": ""PDBe""}, {""xref_id"": ""5O1E"", ""xref_name"": ""A"", ""xref_src_db"": ""PDBe""}, {""xref_id"": ""5O1F"", ""xref_name"": ""A"", ""xref_src_db"": ""PDBe""}, {""xref_id"": ""5O1G"", ""xref_name"": ""A"", ""xref_src_db"": ""PDBe""}, {""xref_id"": ""5O1H"", ""xref_name"": ""A"", ""xref_src_db"": ""PDBe""}, {""xref_id"": ""5O1I"", ""xref_name"": ""A"", ""xref_src_db"": ""PDBe""}, {""xref_id"": ""5OL0"", ""xref_name"": ""A"", ""xref_src_db"": ""PDBe""}, {""xref_id"": ""5UN8"", ""xref_name"": ""A"", ""xref_src_db"": ""PDBe""}, {""xref_id"": ""6FF9"", ""xref_name"": ""A"", ""xref_src_db"": ""PDBe""}, {""xref_id"": ""6FJ5"", ""xref_name"": ""A"", ""xref_src_db"": ""PDBe""}, {""xref_id"": ""6GGA"", ""xref_name"": ""A"", ""xref_src_db"": ""PDBe""}, {""xref_id"": ""6GGB"", ""xref_name"": ""A"", ""xref_src_db"": ""PDBe""}, {""xref_id"": ""6GGC"", ""xref_name"": ""A"", ""xref_src_db"": ""PDBe""}, {""xref_id"": ""6GGD"", ""xref_name"": ""A"", ""xref_src_db"": ""PDBe""}, {""xref_id"": ""6GGE"", ""xref_name"": ""A"", ""xref_src_db"": ""PDBe""}, {""xref_id"": ""6GGF"", ""xref_name"": ""A"", ""xref_src_db"": ""PDBe""}, {""xref_id"": ""6LHD"", ""xref_name"": ""A"", ""xref_src_db"": ""PDBe""}, {""xref_id"": ""6R5L"", ""xref_name"": ""A"", ""xref_src_db"": ""PDBe""}, {""xref_id"": ""6RJZ"", ""xref_name"": ""A"", ""xref_src_db"": ""PDBe""}, {""xref_id"": ""6RK8"", ""xref_name"": ""A"", ""xref_src_db"": ""PDBe""}, {""xref_id"": ""6RKI"", ""xref_name"": ""A"", ""xref_src_db"": ""PDBe""}, {""xref_id"": ""6RKK"", ""xref_name"": ""A"", ""xref_src_db"": ""PDBe""}, {""xref_id"": ""6RKM"", ""xref_name"": ""A"", ""xref_src_db"": ""PDBe""}, {""xref_id"": ""6RL3"", ""xref_name"": ""A"", ""xref_src_db"": ""PDBe""}, {""xref_id"": ""6RL4"", ""xref_name"": ""A"", ""xref_src_db"": ""PDBe""}, {""xref_id"": ""6RL6"", ""xref_name"": ""A"", ""xref_src_db"": ""PDBe""}, {""xref_id"": ""6RM5"", ""xref_name"": ""A"", ""xref_src_db"": ""PDBe""}, {""xref_id"": ""6RM7"", ""xref_name"": ""A"", ""xref_src_db"": ""PDBe""}, {""xref_id"": ""6RWH"", ""xref_name"": ""A"", ""xref_src_db"": ""PDBe""}, {""xref_id"": ""6RWI"", ""xref_name"": ""A"", ""xref_src_db"": ""PDBe""}, {""xref_id"": ""6RWS"", ""xref_name"": ""A"", ""xref_src_db"": ""PDBe""}, {""xref_id"": ""6RWU"", ""xref_name"": ""A"", ""xref_src_db"": ""PDBe""}, {""xref_id"": ""6RX2"", ""xref_name"": ""A"", ""xref_src_db"": ""PDBe""}, {""xref_id"": ""6RZ3"", ""xref_name"": ""A"", ""xref_src_db"": ""PDBe""}, {""xref_id"": ""6S39"", ""xref_name"": ""A"", ""xref_src_db"": ""PDBe""}, {""xref_id"": ""6S3C"", ""xref_name"": ""A"", ""xref_src_db"": ""PDBe""}, {""xref_id"": ""6S40"", ""xref_name"": ""A"", ""xref_src_db"": ""PDBe""}, {""xref_id"": ""6S9Q"", ""xref_name"": ""A"", ""xref_src_db"": ""PDBe""}, {""xref_id"": ""6SHZ"", ""xref_name"": ""A"", ""xref_src_db"": ""PDBe""}, {""xref_id"": ""6SI0"", ""xref_name"": ""A"", ""xref_src_db"": ""PDBe""}, {""xref_id"": ""6SI1"", ""xref_name"": ""A"", ""xref_src_db"": ""PDBe""}, {""xref_id"": ""6SI2"", ""xref_name"": ""A"", ""xref_src_db"": ""PDBe""}, {""xref_id"": ""6SI3"", ""xref_name"": ""A"", ""xref_src_db"": ""PDBe""}, {""xref_id"": ""6SI4"", ""xref_name"": ""A"", ""xref_src_db"": ""PDBe""}, {""xref_id"": ""6SIN"", ""xref_name"": ""A"", ""xref_src_db"": ""PDBe""}, {""xref_id"": ""6SIO"", ""xref_name"": ""A"", ""xref_src_db"": ""PDBe""}, {""xref_id"": ""6SIP"", ""xref_name"": ""A"", ""xref_src_db"": ""PDBe""}, {""xref_id"": ""6SIQ"", ""xref_name"": ""A"", ""xref_src_db"": ""PDBe""}, {""xref_id"": ""6SL6"", ""xref_name"": ""A"", ""xref_src_db"": ""PDBe""}, {""xref_id"": ""6SLV"", ""xref_name"": ""A"", ""xref_src_db"": ""PDBe""}, {""xref_id"": ""6T58"", ""xref_name"": ""A"", ""xref_src_db"": ""PDBe""}, {""xref_id"": ""6V4F"", ""xref_name"": ""A"", ""xref_src_db"": ""PDBe""}, {""xref_id"": ""6V4H"", ""xref_name"": ""A"", ""xref_src_db"": ""PDBe""}, {""xref_id"": ""6VQO"", ""xref_name"": ""A"", ""xref_src_db"": ""PDBe""}, {""xref_id"": ""6VR1"", ""xref_name"": ""A"", ""xref_src_db"": ""PDBe""}, {""xref_id"": ""6VR5"", ""xref_name"": ""A"", ""xref_src_db"": ""PDBe""}, {""xref_id"": ""6VRM"", ""xref_name"": ""A"", ""xref_src_db"": ""PDBe""}, {""xref_id"": ""6VRN"", ""xref_name"": ""A"", ""xref_src_db"": ""PDBe""}, {""xref_id"": ""6W51"", ""xref_name"": ""A"", ""xref_src_db"": ""PDBe""}, {""xref_id"": ""6ZNC"", ""xref_name"": ""A"", ""xref_src_db"": ""PDBe""}, {""xref_id"": ""7B46"", ""xref_name"": ""A"", ""xref_src_db"": ""PDBe""}, {""xref_id"": ""7B47"", ""xref_name"": ""A"", ""xref_src_db"": ""PDBe""}, {""xref_id"": ""7B48"", ""xref_name"": ""A"", ""xref_src_db"": ""PDBe""}, {""xref_id"": ""7B49"", ""xref_name"": ""A"", ""xref_src_db"": ""PDBe""}, {""xref_id"": ""7B4A"", ""xref_name"": ""A"", ""xref_src_db"": ""PDBe""}, {""xref_id"": ""7B4B"", ""xref_name"": ""A"", ""xref_src_db"": ""PDBe""}, {""xref_id"": ""7B4C"", ""xref_name"": ""A"", ""xref_src_db"": ""PDBe""}, {""xref_id"": ""7B4D"", ""xref_name"": ""A"", ""xref_src_db"": ""PDBe""}, {""xref_id"": ""7B4E"", ""xref_name"": ""A"", ""xref_src_db"": ""PDBe""}, {""xref_id"": ""7B4F"", ""xref_name"": ""A"", ""xref_src_db"": ""PDBe""}, {""xref_id"": ""7B4G"", ""xref_name"": ""A"", ""xref_src_db"": ""PDBe""}, {""xref_id"": ""7B4H"", ""xref_name"": ""A"", ""xref_src_db"": ""PDBe""}, {""xref_id"": ""7B4N"", ""xref_name"": ""A"", ""xref_src_db"": ""PDBe""}, {""xref_id"": ""7BWN"", ""xref_name"": ""A"", ""xref_src_db"": ""PDBe""}, {""xref_id"": ""7DHY"", ""xref_name"": ""A"", ""xref_src_db"": ""PDBe""}, {""xref_id"": ""7DHZ"", ""xref_name"": ""A"", ""xref_src_db"": ""PDBe""}, {""xref_id"": ""7DVD"", ""xref_name"": ""A"", ""xref_src_db"": ""PDBe""}, {""xref_id"": ""7EAX"", ""xref_name"": ""A"", ""xref_src_db"": ""PDBe""}, {""xref_id"": ""7EDS"", ""xref_name"": ""A"", ""xref_src_db"": ""PDBe""}, {""xref_id"": ""7EEU"", ""xref_name"": ""A"", ""xref_src_db"": ""PDBe""}, {""xref_id"": ""7EL4"", ""xref_name"": ""A"", ""xref_src_db"": ""PDBe""}, {""xref_id"": ""7NMI"", ""xref_name"": ""A"", ""xref_src_db"": ""PDBe""}, {""xref_id"": ""7RM4"", ""xref_name"": ""A"", ""xref_src_db"": ""PDBe""}, {""xref_id"": ""7V97"", ""xref_name"": ""A"", ""xref_src_db"": ""PDBe""}, {""xref_id"": ""7YGI"", ""xref_name"": ""A"", ""xref_src_db"": ""PDBe""}, {""xref_id"": ""8A31"", ""xref_name"": ""A"", ""xref_src_db"": ""PDBe""}, {""xref_id"": ""8A32"", ""xref_name"": ""A"", ""xref_src_db"": ""PDBe""}, {""xref_id"": ""8A92"", ""xref_name"": ""A"", ""xref_src_db"": ""PDBe""}, {""xref_id"": ""8CG7"", ""xref_name"": ""A"", ""xref_src_db"": ""PDBe""}, {""xref_id"": ""8DC4"", ""xref_name"": ""A"", ""xref_src_db"": ""PDBe""}, {""xref_id"": ""8DC6"", ""xref_name"": ""A"", ""xref_src_db"": ""PDBe""}, {""xref_id"": ""8DC7"", ""xref_name"": ""A"", ""xref_src_db"": ""PDBe""}, {""xref_id"": ""8DC8"", ""xref_name"": ""A"", ""xref_src_db"": ""PDBe""}, {""xref_id"": ""8E7A"", ""xref_name"": ""A"", ""xref_src_db"": ""PDBe""}, {""xref_id"": ""8E7B"", ""xref_name"": ""A"", ""xref_src_db"": ""PDBe""}, {""xref_id"": ""8HLL"", ""xref_name"": ""A"", ""xref_src_db"": ""PDBe""}, {""xref_id"": ""8HLM"", ""xref_name"": ""A"", ""xref_src_db"": ""PDBe""}, {""xref_id"": ""8HLN"", ""xref_name"": ""A"", ""xref_src_db"": ""PDBe""}, {""xref_id"": ""8QWK"", ""xref_name"": ""A"", ""xref_src_db"": ""PDBe""}, {""xref_id"": ""8QWL"", ""xref_name"": ""A"", ""xref_src_db"": ""PDBe""}, {""xref_id"": ""8QWM"", ""xref_name"": ""A"", ""xref_src_db"": ""PDBe""}, {""xref_id"": ""8QWN"", ""xref_name"": ""A"", ""xref_src_db"": ""PDBe""}, {""xref_id"": ""8QWO"", ""xref_name"": ""A"", ""xref_src_db"": ""PDBe""}, {""xref_id"": ""8QWP"", ""xref_name"": ""A"", ""xref_src_db"": ""PDBe""}, {""xref_id"": ""8RBA"", ""xref_name"": ""A"", ""xref_src_db"": ""PDBe""}, {""xref_id"": ""8RBB"", ""xref_name"": ""A"", ""xref_src_db"": ""PDBe""}, {""xref_id"": ""8RBC"", ""xref_name"": ""A"", ""xref_src_db"": ""PDBe""}, {""xref_id"": ""8RCI"", ""xref_name"": ""A"", ""xref_src_db"": ""PDBe""}, {""xref_id"": ""8UQR"", ""xref_name"": ""A"", ""xref_src_db"": ""PDBe""}, {""xref_id"": ""8WD2"", ""xref_name"": ""A"", ""xref_src_db"": ""PDBe""}, {""xref_id"": ""8XP5"", ""xref_name"": ""A"", ""xref_src_db"": ""PDBe""}, {""xref_id"": ""9BR4"", ""xref_name"": ""A"", ""xref_src_db"": ""PDBe""}, {""xref_id"": ""9C5S"", ""xref_name"": ""A"", ""xref_src_db"": ""PDBe""}, {""xref_id"": ""PF00870"", ""xref_name"": ""P53"", ""xref_src_db"": ""Pfam""}, {""xref_id"": ""PF07710"", ""xref_name"": ""P53_tetramer"", ""xref_src_db"": ""Pfam""}, {""xref_id"": ""PF08563"", ""xref_name"": ""P53_TAD"", ""xref_src_db"": ""Pfam""}, {""xref_id"": ""PF18521"", ""xref_name"": ""TAD2"", ""xref_src_db"": ""Pfam""}, {""xref_id"": ""PA36679"", ""xref_name"": ""tumor protein p53"", ""xref_src_db"": ""PharmGKB""}, {""xref_id"": ""P04637"", ""xref_name"": null, ""xref_src_db"": ""Pharos""}, {""xref_id"": ""R-HSA-111448"", ""xref_name"": ""Activation of NOXA and translocation to mitochondria"", ""xref_src_db"": ""Reactome""}, {""xref_id"": ""R-HSA-139915"", ""xref_name"": ""Activation of PUMA and translocation to mitochondria"", ""xref_src_db"": ""Reactome""}, {""xref_id"": ""R-HSA-1912408"", ""xref_name"": ""Pre-NOTCH Transcription and Translation"", ""xref_src_db"": ""Reactome""}, {""xref_id"": ""R-HSA-2559580"", ""xref_name"": ""Oxidative Stress Induced Senescence"", ""xref_src_db"": ""Reactome""}, {""xref_id"": ""R-HSA-2559584"", ""xref_name"": ""Formation of Senescence-Associated Heterochromatin Foci (SAHF)"", ""xref_src_db"": ""Reactome""}, {""xref_id"": ""R-HSA-2559585"", ""xref_name"": ""Oncogene Induced Senescence"", ""xref_src_db"": ""Reactome""}, {""xref_id"": ""R-HSA-2559586"", ""xref_name"": ""DNA Damage/Telomere Stress Induced Senescence"", ""xref_src_db"": ""Reactome""}, {""xref_id"": ""R-HSA-3232118"", ""xref_name"": ""SUMOylation of transcription factors"", ""xref_src_db"": ""Reactome""}, {""xref_id"": ""R-HSA-349425"", ""xref_name"": ""Autodegradation of the E3 ubiquitin ligase COP1"", ""xref_src_db"": ""Reactome""}, {""xref_id"": ""R-HSA-390471"", ""xref_name"": ""Association of TriC/CCT with target proteins during biosynthesis"", ""xref_src_db"": ""Reactome""}, {""xref_id"": ""R-HSA-5620971"", ""xref_name"": ""Pyroptosis"", ""xref_src_db"": ""Reactome""}, {""xref_id"": ""R-HSA-5628897"", ""xref_name"": ""TP53 Regulates Metabolic Genes"", ""xref_src_db"": ""Reactome""}, {""xref_id"": ""R-HSA-5689880"", ""xref_name"": ""Ub-specific processing proteases"", ""xref_src_db"": ""Reactome""}, {""xref_id"": ""R-HSA-5689896"", ""xref_name"": ""Ovarian tumor domain proteases"", ""xref_src_db"": ""Reactome""}, {""xref_id"": ""R-HSA-5693565"", ""xref_name"": ""Recruitment and ATM-mediated phosphorylation of repair and signaling proteins at DNA double strand breaks"", ""xref_src_db"": ""Reactome""}, {""xref_id"": ""R-HSA-6785807"", ""xref_name"": ""Interleukin-4 and Interleukin-13 signaling"", ""xref_src_db"": ""Reactome""}, {""xref_id"": ""R-HSA-6796648"", ""xref_name"": ""TP53 Regulates Transcription of DNA Repair Genes"", ""xref_src_db"": ""Reactome""}, {""xref_id"": ""R-HSA-6803204"", ""xref_name"": ""TP53 Regulates Transcription of Genes Involved in Cytochrome C Release"", ""xref_src_db"": ""Reactome""}, {""xref_id"": ""R-HSA-6803205"", ""xref_name"": ""TP53 regulates transcription of several additional cell death genes whose specific roles in p53-dependent apoptosis remain uncertain"", ""xref_src_db"": ""Reactome""}, {""xref_id"": ""R-HSA-6803207"", ""xref_name"": ""TP53 Regulates Transcription of Caspase Activators and Caspases"", ""xref_src_db"": ""Reactome""}, {""xref_id"": ""R-HSA-6803211"", ""xref_name"": ""TP53 Regulates Transcription of Death Receptors and Ligands"", ""xref_src_db"": ""Reactome""}, {""xref_id"": ""R-HSA-6804114"", ""xref_name"": ""TP53 Regulates Transcription of Genes Involved in G2 Cell Cycle Arrest"", ""xref_src_db"": ""Reactome""}, {""xref_id"": ""R-HSA-6804115"", ""xref_name"": ""TP53 regulates transcription of additional cell cycle genes whose exact role in the p53 pathway remain uncertain"", ""xref_src_db"": ""Reactome""}, {""xref_id"": ""R-HSA-6804116"", ""xref_name"": ""TP53 Regulates Transcription of Genes Involved in G1 Cell Cycle Arrest"", ""xref_src_db"": ""Reactome""}, {""xref_id"": ""R-HSA-6804754"", ""xref_name"": ""Regulation of TP53 Expression"", ""xref_src_db"": ""Reactome""}, {""xref_id"": ""R-HSA-6804756"", ""xref_name"": ""Regulation of TP53 Activity through Phosphorylation"", ""xref_src_db"": ""Reactome""}, {""xref_id"": ""R-HSA-6804757"", ""xref_name"": ""Regulation of TP53 Degradation"", ""xref_src_db"": ""Reactome""}, {""xref_id"": ""R-HSA-6804758"", ""xref_name"": ""Regulation of TP53 Activity through Acetylation"", ""xref_src_db"": ""Reactome""}, {""xref_id"": ""R-HSA-6804759"", ""xref_name"": ""Regulation of TP53 Activity through Association with Co-factors"", ""xref_src_db"": ""Reactome""}, {""xref_id"": ""R-HSA-6804760"", ""xref_name"": ""Regulation of TP53 Activity through Methylation"", ""xref_src_db"": ""Reactome""}, {""xref_id"": ""R-HSA-6811555"", ""xref_name"": ""PI5P Regulates TP53 Acetylation"", ""xref_src_db"": ""Reactome""}, {""xref_id"": ""R-HSA-69473"", ""xref_name"": ""G2/M DNA damage checkpoint"", ""xref_src_db"": ""Reactome""}, {""xref_id"": ""R-HSA-69481"", ""xref_name"": ""G2/M Checkpoints"", ""xref_src_db"": ""Reactome""}, {""xref_id"": ""R-HSA-69541"", ""xref_name"": ""Stabilization of p53"", ""xref_src_db"": ""Reactome""}, {""xref_id"": ""R-HSA-69895"", ""xref_name"": ""Transcriptional activation of cell cycle inhibitor p21"", ""xref_src_db"": ""Reactome""}, {""xref_id"": ""R-HSA-8852276"", ""xref_name"": ""The role of GTSE1 in G2/M progression after G2 checkpoint"", ""xref_src_db"": ""Reactome""}, {""xref_id"": ""R-HSA-8853884"", ""xref_name"": ""Transcriptional Regulation by VENTX"", ""xref_src_db"": ""Reactome""}, {""xref_id"": ""R-HSA-8941855"", ""xref_name"": ""RUNX3 regulates CDKN1A transcription"", ""xref_src_db"": ""Reactome""}, {""xref_id"": ""R-HSA-8943724"", ""xref_name"": ""Regulation of PTEN gene transcription"", ""xref_src_db"": ""Reactome""}, {""xref_id"": ""R-HSA-9723905"", ""xref_name"": ""Loss of function of TP53 in cancer due to loss of tetramerization ability"", ""xref_src_db"": ""Reactome""}, {""xref_id"": ""R-HSA-9725370"", ""xref_name"": ""Signaling by ALK fusions and activated point mutants"", ""xref_src_db"": ""Reactome""}, {""xref_id"": ""R-HSA-9758274"", ""xref_name"": ""Regulation of NF-kappa B signaling"", ""xref_src_db"": ""Reactome""}, {""xref_id"": ""R-HSA-9819196"", ""xref_name"": ""Zygotic genome activation (ZGA)"", ""xref_src_db"": ""Reactome""}, {""xref_id"": ""R-HSA-983231"", ""xref_name"": ""Factors involved in megakaryocyte development and platelet production"", ""xref_src_db"": ""Reactome""}, {""xref_id"": ""R-HSA-9833482"", ""xref_name"": ""PKR-mediated signaling"", ""xref_src_db"": ""Reactome""}, {""xref_id"": ""P04637"", ""xref_name"": ""Cellular tumor antigen p53"", ""xref_src_db"": ""UniProt""}, {""xref_id"": ""Q15086"", ""xref_name"": ""Cellular tumor antigen p53"", ""xref_src_db"": ""UniProt""}, {""xref_id"": ""Q15087"", ""xref_name"": ""Cellular tumor antigen p53"", ""xref_src_db"": ""UniProt""}, {""xref_id"": ""Q15088"", ""xref_name"": ""Cellular tumor antigen p53"", ""xref_src_db"": ""UniProt""}, {""xref_id"": ""Q16535"", ""xref_name"": ""Cellular tumor antigen p53"", ""xref_src_db"": ""UniProt""}, {""xref_id"": ""Q16807"", ""xref_name"": ""Cellular tumor antigen p53"", ""xref_src_db"": ""UniProt""}, {""xref_id"": ""Q16808"", ""xref_name"": ""Cellular tumor antigen p53"", ""xref_src_db"": ""UniProt""}, {""xref_id"": ""Q16809"", ""xref_name"": ""Cellular tumor antigen p53"", ""xref_src_db"": ""UniProt""}, {""xref_id"": ""Q16810"", ""xref_name"": ""Cellular tumor antigen p53"", ""xref_src_db"": ""UniProt""}, {""xref_id"": ""Q16811"", ""xref_name"": ""Cellular tumor antigen p53"", ""xref_src_db"": ""UniProt""}, {""xref_id"": ""Q16848"", ""xref_name"": ""Cellular tumor antigen p53"", ""xref_src_db"": ""UniProt""}, {""xref_id"": ""Q2XN98"", ""xref_name"": ""Cellular tumor antigen p53"", ""xref_src_db"": ""UniProt""}, {""xref_id"": ""Q3LRW1"", ""xref_name"": ""Cellular tumor antigen p53"", ""xref_src_db"": ""UniProt""}, {""xref_id"": ""Q3LRW2"", ""xref_name"": ""Cellular tumor antigen p53"", ""xref_src_db"": ""UniProt""}, {""xref_id"": ""Q3LRW3"", ""xref_name"": ""Cellular tumor antigen p53"", ""xref_src_db"": ""UniProt""}, {""xref_id"": ""Q3LRW4"", ""xref_name"": ""Cellular tumor antigen p53"", ""xref_src_db"": ""UniProt""}, {""xref_id"": ""Q3LRW5"", ""xref_name"": ""Cellular tumor antigen p53"", ""xref_src_db"": ""UniProt""}, {""xref_id"": ""Q86UG1"", ""xref_name"": ""Cellular tumor antigen p53"", ""xref_src_db"": ""UniProt""}, {""xref_id"": ""Q8J016"", ""xref_name"": ""Cellular tumor antigen p53"", ""xref_src_db"": ""UniProt""}, {""xref_id"": ""Q99659"", ""xref_name"": ""Cellular tumor antigen p53"", ""xref_src_db"": ""UniProt""}, {""xref_id"": ""Q9BTM4"", ""xref_name"": ""Cellular tumor antigen p53"", ""xref_src_db"": ""UniProt""}, {""xref_id"": ""Q9HAQ8"", ""xref_name"": ""Cellular tumor antigen p53"", ""xref_src_db"": ""UniProt""}, {""xref_id"": ""Q9NP68"", ""xref_name"": ""Cellular tumor antigen p53"", ""xref_src_db"": ""UniProt""}, {""xref_id"": ""Q9NPJ2"", ""xref_name"": ""Cellular tumor antigen p53"", ""xref_src_db"": ""UniProt""}, {""xref_id"": ""Q9NZD0"", ""xref_name"": ""Cellular tumor antigen p53"", ""xref_src_db"": ""UniProt""}, {""xref_id"": ""Q9UBI2"", ""xref_name"": ""Cellular tumor antigen p53"", ""xref_src_db"": ""UniProt""}, {""xref_id"": ""Q9UQ61"", ""xref_name"": ""Cellular tumor antigen p53"", ""xref_src_db"": ""UniProt""}]",1,"[{""xref_id"": ""P04637"", ""xref_name"": null, ""xref_src_db"": ""AlphaFoldDB""}, {""xref_id"": ""P04637"", ""xref_name"": null, ""xref_src_db"": ""ExpressionAtlas""}, {""xref_id"": ""GO:0000785"", ""xref_name"": ""chromatin"", ""xref_src_db"": ""GoComponent""}, {""xref_id"": ""GO:0005634"", ""xref_name"": ""nucleus"", ""xref_src_db"": ""GoComponent""}, {""xref_id"": ""GO:0005654"", ""xref_name"": ""nucleoplasm"", ""xref_src_db"": ""GoComponent""}, {""xref_id"": ""GO:0005657"", ""xref_name"": ""replication fork"", ""xref_src_db"": ""GoComponent""}, {""xref_id"": ""GO:0005667"", ""xref_name"": ""transcription regulator complex"", ""xref_src_db"": ""GoComponent""}, {""xref_id"": ""GO:0005730"", ""xref_name"": ""nucleolus"", ""xref_src_db"": ""GoComponent""}, {""xref_id"": ""GO:0005737"", ""xref_name"": ""cytoplasm"", ""xref_src_db"": ""GoComponent""}, {""xref_id"": ""GO:0005739"", ""xref_name"": ""mitochondrion"", ""xref_src_db"": ""GoComponent""}, {""xref_id"": ""GO:0005783"", ""xref_name"": ""endoplasmic reticulum"", ""xref_src_db"": ""GoComponent""}, {""xref_id"": ""GO:0005813"", ""xref_name"": ""centrosome"", ""xref_src_db"": ""GoComponent""}, {""xref_id"": ""GO:0005829"", ""xref_name"": ""cytosol"", ""xref_src_db"": ""GoComponent""}, {""xref_id"": ""GO:0005856"", ""xref_name"": ""cytoskeleton"", ""xref_src_db"": ""GoComponent""}, {""xref_id"": ""GO:0016363"", ""xref_name"": ""nuclear matrix"", ""xref_src_db"": ""GoComponent""}, {""xref_id"": ""GO:0016604"", ""xref_name"": ""nuclear body"", ""xref_src_db"": ""GoComponent""}, {""xref_id"": ""GO:0016605"", ""xref_name"": ""PML body"", ""xref_src_db"": ""GoComponent""}, {""xref_id"": ""GO:0017053"", ""xref_name"": ""transcription repressor complex"", ""xref_src_db"": ""GoComponent""}, {""xref_id"": ""GO:0032991"", ""xref_name"": ""protein-containing complex"", ""xref_src_db"": ""GoComponent""}, {""xref_id"": ""GO:0035861"", ""xref_name"": ""site of double-strand break"", ""xref_src_db"": ""GoComponent""}, {""xref_id"": ""GO:0043073"", ""xref_name"": ""germ cell nucleus"", ""xref_src_db"": ""GoComponent""}, {""xref_id"": ""GO:0000976"", ""xref_name"": ""transcription cis-regulatory region binding"", ""xref_src_db"": ""GoFunction""}, {""xref_id"": ""GO:0000977"", ""xref_name"": ""RNA polymerase II transcription regulatory region sequence-specific DNA binding"", ""xref_src_db"": ""GoFunction""}, {""xref_id"": ""GO:0000978"", ""xref_name"": ""RNA polymerase II cis-regulatory region sequence-specific DNA binding"", ""xref_src_db"": ""GoFunction""}, {""xref_id"": ""GO:0000987"", ""xref_name"": ""cis-regulatory region sequence-specific DNA binding"", ""xref_src_db"": ""GoFunction""}, {""xref_id"": ""GO:0001046"", ""xref_name"": ""core promoter sequence-specific DNA binding"", ""xref_src_db"": ""GoFunction""}, {""xref_id"": ""GO:0001094"", ""xref_name"": ""TFIID-class transcription factor complex binding"", ""xref_src_db"": ""GoFunction""}, {""xref_id"": ""GO:0002020"", ""xref_name"": ""protease binding"", ""xref_src_db"": ""GoFunction""}, {""xref_id"": ""GO:0002039"", ""xref_name"": ""p53 binding"", ""xref_src_db"": ""GoFunction""}, {""xref_id"": ""GO:0003677"", ""xref_name"": ""DNA binding"", ""xref_src_db"": ""GoFunction""}, {""xref_id"": ""GO:0003682"", ""xref_name"": ""chromatin binding"", ""xref_src_db"": ""GoFunction""}, {""xref_id"": ""GO:0003730"", ""xref_name"": ""mRNA 3'-UTR binding"", ""xref_src_db"": ""GoFunction""}, {""xref_id"": ""GO:0005507"", ""xref_name"": ""copper ion binding"", ""xref_src_db"": ""GoFunction""}, {""xref_id"": ""GO:0005515"", ""xref_name"": ""protein binding"", ""xref_src_db"": ""GoFunction""}, {""xref_id"": ""GO:0008270"", ""xref_name"": ""zinc ion binding"", ""xref_src_db"": ""GoFunction""}, {""xref_id"": ""GO:0019899"", ""xref_name"": ""enzyme binding"", ""xref_src_db"": ""GoFunction""}, {""xref_id"": ""GO:0030971"", ""xref_name"": ""receptor tyrosine kinase binding"", ""xref_src_db"": ""GoFunction""}, {""xref_id"": ""GO:0031625"", ""xref_name"": ""ubiquitin protein ligase binding"", ""xref_src_db"": ""GoFunction""}, {""xref_id"": ""GO:0035033"", ""xref_name"": ""histone deacetylase regulator activity"", ""xref_src_db"": ""GoFunction""}, {""xref_id"": ""GO:0036310"", ""xref_name"": ""ATP-dependent DNA/DNA annealing activity"", ""xref_src_db"": ""GoFunction""}, {""xref_id"": ""GO:0042802"", ""xref_name"": ""identical protein binding"", ""xref_src_db"": ""GoFunction""}, {""xref_id"": ""GO:0042826"", ""xref_name"": ""histone deacetylase binding"", ""xref_src_db"": ""GoFunction""}, {""xref_id"": ""GO:0046872"", ""xref_name"": ""metal ion binding"", ""xref_src_db"": ""GoFunction""}, {""xref_id"": ""GO:0046982"", ""xref_name"": ""protein heterodimerization activity"", ""xref_src_db"": ""GoFunction""}, {""xref_id"": ""GO:0051087"", ""xref_name"": ""protein-folding chaperone binding"", ""xref_src_db"": ""GoFunction""}, {""xref_id"": ""GO:0051721"", ""xref_name"": ""protein phosphatase 2A binding"", ""xref_src_db"": ""GoFunction""}, {""xref_id"": ""GO:0061629"", ""xref_name"": ""RNA polymerase II-specific DNA-binding transcription factor binding"", ""xref_src_db"": ""GoFunction""}, {""xref_id"": ""GO:0071889"", ""xref_name"": ""14-3-3 protein binding"", ""xref_src_db"": ""GoFunction""}, {""xref_id"": ""GO:0097371"", ""xref_name"": ""MDM2/MDM4 family protein binding"", ""xref_src_db"": ""GoFunction""}, {""xref_id"": ""GO:0097718"", ""xref_name"": ""disordered domain specific binding"", ""xref_src_db"": ""GoFunction""}, {""xref_id"": ""GO:0140296"", ""xref_name"": ""general transcription initiation factor binding"", ""xref_src_db"": ""GoFunction""}, {""xref_id"": ""GO:0140693"", ""xref_name"": ""molecular condensate scaffold activity"", ""xref_src_db"": ""GoFunction""}, {""xref_id"": ""GO:1990841"", ""xref_name"": ""promoter-specific chromatin binding"", ""xref_src_db"": ""GoFunction""}, {""xref_id"": ""GO:0000122"", ""xref_name"": ""negative regulation of transcription by RNA polymerase II"", ""xref_src_db"": ""GoProcess""}, {""xref_id"": ""GO:0000423"", ""xref_name"": ""mitophagy"", ""xref_src_db"": ""GoProcess""}, {""xref_id"": ""GO:0001701"", ""xref_name"": ""in utero embryonic development"", ""xref_src_db"": ""GoProcess""}, {""xref_id"": ""GO:0001756"", ""xref_name"": ""somitogenesis"", ""xref_src_db"": ""GoProcess""}, {""xref_id"": ""GO:0001836"", ""xref_name"": ""release of cytochrome c from mitochondria"", ""xref_src_db"": ""GoProcess""}, {""xref_id"": ""GO:0002244"", ""xref_name"": ""hematopoietic progenitor cell differentiation"", ""xref_src_db"": ""GoProcess""}, {""xref_id"": ""GO:0002309"", ""xref_name"": ""T cell proliferation involved in immune response"", ""xref_src_db"": ""GoProcess""}, {""xref_id"": ""GO:0002326"", ""xref_name"": ""B cell lineage commitment"", ""xref_src_db"": ""GoProcess""}, {""xref_id"": ""GO:0002360"", ""xref_name"": ""T cell lineage commitment"", ""xref_src_db"": ""GoProcess""}, {""xref_id"": ""GO:0002931"", ""xref_name"": ""response to ischemia"", ""xref_src_db"": ""GoProcess""}, {""xref_id"": ""GO:0006289"", ""xref_name"": ""nucleotide-excision repair"", ""xref_src_db"": ""GoProcess""}, {""xref_id"": ""GO:0006302"", ""xref_name"": ""double-strand break repair"", ""xref_src_db"": ""GoProcess""}, {""xref_id"": ""GO:0006914"", ""xref_name"": ""autophagy"", ""xref_src_db"": ""GoProcess""}, {""xref_id"": ""GO:0006915"", ""xref_name"": ""apoptotic process"", ""xref_src_db"": ""GoProcess""}, {""xref_id"": ""GO:0006974"", ""xref_name"": ""DNA damage response"", ""xref_src_db"": ""GoProcess""}, {""xref_id"": ""GO:0006977"", ""xref_name"": ""DNA damage response, signal transduction by p53 class mediator resulting in cell cycle arrest"", ""xref_src_db"": ""GoProcess""}, {""xref_id"": ""GO:0006978"", ""xref_name"": ""DNA damage response, signal transduction by p53 class mediator resulting in transcription of p21 class mediator"", ""xref_src_db"": ""GoProcess""}, {""xref_id"": ""GO:0006979"", ""xref_name"": ""response to oxidative stress"", ""xref_src_db"": ""GoProcess""}, {""xref_id"": ""GO:0006983"", ""xref_name"": ""ER overload response"", ""xref_src_db"": ""GoProcess""}, {""xref_id"": ""GO:0007179"", ""xref_name"": ""transforming growth factor beta receptor signaling pathway"", ""xref_src_db"": ""GoProcess""}, {""xref_id"": ""GO:0007265"", ""xref_name"": ""Ras protein signal transduction"", ""xref_src_db"": ""GoProcess""}, {""xref_id"": ""GO:0007346"", ""xref_name"": ""regulation of mitotic cell cycle"", ""xref_src_db"": ""GoProcess""}, {""xref_id"": ""GO:0007369"", ""xref_name"": ""gastrulation"", ""xref_src_db"": ""GoProcess""}, {""xref_id"": ""GO:0007405"", ""xref_name"": ""neuroblast proliferation"", ""xref_src_db"": ""GoProcess""}, {""xref_id"": ""GO:0007406"", ""xref_name"": ""negative regulation of neuroblast proliferation"", ""xref_src_db"": ""GoProcess""}, {""xref_id"": ""GO:0007417"", ""xref_name"": ""central nervous system development"", ""xref_src_db"": ""GoProcess""}, {""xref_id"": ""GO:0007507"", ""xref_name"": ""heart development"", ""xref_src_db"": ""GoProcess""}, {""xref_id"": ""GO:0007623"", ""xref_name"": ""circadian rhythm"", ""xref_src_db"": ""GoProcess""}, {""xref_id"": ""GO:0008104"", ""xref_name"": ""protein localization"", ""xref_src_db"": ""GoProcess""}, {""xref_id"": ""GO:0008156"", ""xref_name"": ""negative regulation of DNA replication"", ""xref_src_db"": ""GoProcess""}, {""xref_id"": ""GO:0008283"", ""xref_name"": ""cell population proliferation"", ""xref_src_db"": ""GoProcess""}, {""xref_id"": ""GO:0008285"", ""xref_name"": ""negative regulation of cell population proliferation"", ""xref_src_db"": ""GoProcess""}, {""xref_id"": ""GO:0008340"", ""xref_name"": ""determination of adult lifespan"", ""xref_src_db"": ""GoProcess""}, {""xref_id"": ""GO:0009651"", ""xref_name"": ""response to salt stress"", ""xref_src_db"": ""GoProcess""}, {""xref_id"": ""GO:0009792"", ""xref_name"": ""embryo development ending in birth or egg hatching"", ""xref_src_db"": ""GoProcess""}, {""xref_id"": ""GO:0010628"", ""xref_name"": ""positive regulation of gene expression"", ""xref_src_db"": ""GoProcess""}, {""xref_id"": ""GO:0010629"", ""xref_name"": ""negative regulation of gene expression"", ""xref_src_db"": ""GoProcess""}, {""xref_id"": ""GO:0010659"", ""xref_name"": ""cardiac muscle cell apoptotic process"", ""xref_src_db"": ""GoProcess""}, {""xref_id"": ""GO:0010666"", ""xref_name"": ""positive regulation of cardiac muscle cell apoptotic process"", ""xref_src_db"": ""GoProcess""}, {""xref_id"": ""GO:0014009"", ""xref_name"": ""glial cell proliferation"", ""xref_src_db"": ""GoProcess""}, {""xref_id"": ""GO:0016032"", ""xref_name"": ""viral process"", ""xref_src_db"": ""GoProcess""}, {""xref_id"": ""GO:0019661"", ""xref_name"": ""glucose catabolic process to lactate via pyruvate"", ""xref_src_db"": ""GoProcess""}, {""xref_id"": ""GO:0021549"", ""xref_name"": ""cerebellum development"", ""xref_src_db"": ""GoProcess""}, {""xref_id"": ""GO:0030308"", ""xref_name"": ""negative regulation of cell growth"", ""xref_src_db"": ""GoProcess""}, {""xref_id"": ""GO:0030330"", ""xref_name"": ""DNA damage response, signal transduction by p53 class mediator"", ""xref_src_db"": ""GoProcess""}, {""xref_id"": ""GO:0030512"", ""xref_name"": ""negative regulation of transforming growth factor beta receptor signaling pathway"", ""xref_src_db"": ""GoProcess""}, {""xref_id"": ""GO:0031571"", ""xref_name"": ""mitotic G1 DNA damage checkpoint signaling"", ""xref_src_db"": ""GoProcess""}, {""xref_id"": ""GO:0032211"", ""xref_name"": ""negative regulation of telomere maintenance via telomerase"", ""xref_src_db"": ""GoProcess""}, {""xref_id"": ""GO:0033077"", ""xref_name"": ""T cell differentiation in thymus"", ""xref_src_db"": ""GoProcess""}, {""xref_id"": ""GO:0033209"", ""xref_name"": ""tumor necrosis factor-mediated signaling pathway"", ""xref_src_db"": ""GoProcess""}, {""xref_id"": ""GO:0033554"", ""xref_name"": ""cellular response to stress"", ""xref_src_db"": ""GoProcess""}, {""xref_id"": ""GO:0034103"", ""xref_name"": ""regulation of tissue remodeling"", ""xref_src_db"": ""GoProcess""}, {""xref_id"": ""GO:0034644"", ""xref_name"": ""cellular response to UV"", ""xref_src_db"": ""GoProcess""}, {""xref_id"": ""GO:0035264"", ""xref_name"": ""multicellular organism growth"", ""xref_src_db"": ""GoProcess""}, {""xref_id"": ""GO:0035794"", ""xref_name"": ""positive regulation of mitochondrial membrane permeability"", ""xref_src_db"": ""GoProcess""}, {""xref_id"": ""GO:0042127"", ""xref_name"": ""regulation of cell population proliferation"", ""xref_src_db"": ""GoProcess""}, {""xref_id"": ""GO:0042149"", ""xref_name"": ""cellular response to glucose starvation"", ""xref_src_db"": ""GoProcess""}, {""xref_id"": ""GO:0042771"", ""xref_name"": ""intrinsic apoptotic signaling pathway in response to DNA damage by p53 class mediator"", ""xref_src_db"": ""GoProcess""}, {""xref_id"": ""GO:0042981"", ""xref_name"": ""regulation of apoptotic process"", ""xref_src_db"": ""GoProcess""}, {""xref_id"": ""GO:0043065"", ""xref_name"": ""positive regulation of apoptotic process"", ""xref_src_db"": ""GoProcess""}, {""xref_id"": ""GO:0043066"", ""xref_name"": ""negative regulation of apoptotic process"", ""xref_src_db"": ""GoProcess""}, {""xref_id"": ""GO:0043153"", ""xref_name"": ""entrainment of circadian clock by photoperiod"", ""xref_src_db"": ""GoProcess""}, {""xref_id"": ""GO:0043504"", ""xref_name"": ""mitochondrial DNA repair"", ""xref_src_db"": ""GoProcess""}, {""xref_id"": ""GO:0043516"", ""xref_name"": ""regulation of DNA damage response, signal transduction by p53 class mediator"", ""xref_src_db"": ""GoProcess""}, {""xref_id"": ""GO:0043523"", ""xref_name"": ""regulation of neuron apoptotic process"", ""xref_src_db"": ""GoProcess""}, {""xref_id"": ""GO:0043525"", ""xref_name"": ""positive regulation of neuron apoptotic process"", ""xref_src_db"": ""GoProcess""}, {""xref_id"": ""GO:0045815"", ""xref_name"": ""transcription initiation-coupled chromatin remodeling"", ""xref_src_db"": ""GoProcess""}, {""xref_id"": ""GO:0045861"", ""xref_name"": ""negative regulation of proteolysis"", ""xref_src_db"": ""GoProcess""}, {""xref_id"": ""GO:0045892"", ""xref_name"": ""negative regulation of DNA-templated transcription"", ""xref_src_db"": ""GoProcess""}, {""xref_id"": ""GO:0045893"", ""xref_name"": ""positive regulation of DNA-templated transcription"", ""xref_src_db"": ""GoProcess""}, {""xref_id"": ""GO:0045899"", ""xref_name"": ""positive regulation of RNA polymerase II transcription preinitiation complex assembly"", ""xref_src_db"": ""GoProcess""}, {""xref_id"": ""GO:0045930"", ""xref_name"": ""negative regulation of mitotic cell cycle"", ""xref_src_db"": ""GoProcess""}, {""xref_id"": ""GO:0045944"", ""xref_name"": ""positive regulation of transcription by RNA polymerase II"", ""xref_src_db"": ""GoProcess""}, {""xref_id"": ""GO:0046677"", ""xref_name"": ""response to antibiotic"", ""xref_src_db"": ""GoProcess""}, {""xref_id"": ""GO:0048144"", ""xref_name"": ""fibroblast proliferation"", ""xref_src_db"": ""GoProcess""}, {""xref_id"": ""GO:0048147"", ""xref_name"": ""negative regulation of fibroblast proliferation"", ""xref_src_db"": ""GoProcess""}, {""xref_id"": ""GO:0048511"", ""xref_name"": ""rhythmic process"", ""xref_src_db"": ""GoProcess""}, {""xref_id"": ""GO:0048512"", ""xref_name"": ""circadian behavior"", ""xref_src_db"": ""GoProcess""}, {""xref_id"": ""GO:0048539"", ""xref_name"": ""bone marrow development"", ""xref_src_db"": ""GoProcess""}, {""xref_id"": ""GO:0048568"", ""xref_name"": ""embryonic organ development"", ""xref_src_db"": ""GoProcess""}, {""xref_id"": ""GO:0050731"", ""xref_name"": ""positive regulation of peptidyl-tyrosine phosphorylation"", ""xref_src_db"": ""GoProcess""}, {""xref_id"": ""GO:0050821"", ""xref_name"": ""protein stabilization"", ""xref_src_db"": ""GoProcess""}, {""xref_id"": ""GO:0051097"", ""xref_name"": ""negative regulation of helicase activity"", ""xref_src_db"": ""GoProcess""}, {""xref_id"": ""GO:0051262"", ""xref_name"": ""protein tetramerization"", ""xref_src_db"": ""GoProcess""}, {""xref_id"": ""GO:0051276"", ""xref_name"": ""chromosome organization"", ""xref_src_db"": ""GoProcess""}, {""xref_id"": ""GO:0051402"", ""xref_name"": ""neuron apoptotic process"", ""xref_src_db"": ""GoProcess""}, {""xref_id"": ""GO:0051726"", ""xref_name"": ""regulation of cell cycle"", ""xref_src_db"": ""GoProcess""}, {""xref_id"": ""GO:0060218"", ""xref_name"": ""hematopoietic stem cell differentiation"", ""xref_src_db"": ""GoProcess""}, {""xref_id"": ""GO:0060253"", ""xref_name"": ""negative regulation of glial cell proliferation"", ""xref_src_db"": ""GoProcess""}, {""xref_id"": ""GO:0060333"", ""xref_name"": ""type II interferon-mediated signaling pathway"", ""xref_src_db"": ""GoProcess""}, {""xref_id"": ""GO:0060411"", ""xref_name"": ""cardiac septum morphogenesis"", ""xref_src_db"": ""GoProcess""}, {""xref_id"": ""GO:0062100"", ""xref_name"": ""positive regulation of programmed necrotic cell death"", ""xref_src_db"": ""GoProcess""}, {""xref_id"": ""GO:0065003"", ""xref_name"": ""protein-containing complex assembly"", ""xref_src_db"": ""GoProcess""}, {""xref_id"": ""GO:0070059"", ""xref_name"": ""intrinsic apoptotic signaling pathway in response to endoplasmic reticulum stress"", ""xref_src_db"": ""GoProcess""}, {""xref_id"": ""GO:0070242"", ""xref_name"": ""thymocyte apoptotic process"", ""xref_src_db"": ""GoProcess""}, {""xref_id"": ""GO:0070243"", ""xref_name"": ""regulation of thymocyte apoptotic process"", ""xref_src_db"": ""GoProcess""}, {""xref_id"": ""GO:0070245"", ""xref_name"": ""positive regulation of thymocyte apoptotic process"", ""xref_src_db"": ""GoProcess""}, {""xref_id"": ""GO:0070266"", ""xref_name"": ""necroptotic process"", ""xref_src_db"": ""GoProcess""}, {""xref_id"": ""GO:0071456"", ""xref_name"": ""cellular response to hypoxia"", ""xref_src_db"": ""GoProcess""}, {""xref_id"": ""GO:0071466"", ""xref_name"": ""cellular response to xenobiotic stimulus"", ""xref_src_db"": ""GoProcess""}, {""xref_id"": ""GO:0071479"", ""xref_name"": ""cellular response to ionizing radiation"", ""xref_src_db"": ""GoProcess""}, {""xref_id"": ""GO:0071480"", ""xref_name"": ""cellular response to gamma radiation"", ""xref_src_db"": ""GoProcess""}, {""xref_id"": ""GO:0071494"", ""xref_name"": ""cellular response to UV-C"", ""xref_src_db"": ""GoProcess""}, {""xref_id"": ""GO:0072089"", ""xref_name"": ""stem cell proliferation"", ""xref_src_db"": ""GoProcess""}, {""xref_id"": ""GO:0072331"", ""xref_name"": ""signal transduction by p53 class mediator"", ""xref_src_db"": ""GoProcess""}, {""xref_id"": ""GO:0072332"", ""xref_name"": ""intrinsic apoptotic signaling pathway by p53 class mediator"", ""xref_src_db"": ""GoProcess""}, {""xref_id"": ""GO:0072593"", ""xref_name"": ""reactive oxygen species metabolic process"", ""xref_src_db"": ""GoProcess""}, {""xref_id"": ""GO:0072717"", ""xref_name"": ""cellular response to actinomycin D"", ""xref_src_db"": ""GoProcess""}, {""xref_id"": ""GO:0090200"", ""xref_name"": ""positive regulation of release of cytochrome c from mitochondria"", ""xref_src_db"": ""GoProcess""}, {""xref_id"": ""GO:0090398"", ""xref_name"": ""cellular senescence"", ""xref_src_db"": ""GoProcess""}, {""xref_id"": ""GO:0090399"", ""xref_name"": ""replicative senescence"", ""xref_src_db"": ""GoProcess""}, {""xref_id"": ""GO:0090403"", ""xref_name"": ""oxidative stress-induced premature senescence"", ""xref_src_db"": ""GoProcess""}, {""xref_id"": ""GO:0097193"", ""xref_name"": ""intrinsic apoptotic signaling pathway"", ""xref_src_db"": ""GoProcess""}, {""xref_id"": ""GO:0097252"", ""xref_name"": ""oligodendrocyte apoptotic process"", ""xref_src_db"": ""GoProcess""}, {""xref_id"": ""GO:1900119"", ""xref_name"": ""positive regulation of execution phase of apoptosis"", ""xref_src_db"": ""GoProcess""}, {""xref_id"": ""GO:1901525"", ""xref_name"": ""negative regulation of mitophagy"", ""xref_src_db"": ""GoProcess""}, {""xref_id"": ""GO:1902108"", ""xref_name"": ""regulation of mitochondrial membrane permeability involved in apoptotic process"", ""xref_src_db"": ""GoProcess""}, {""xref_id"": ""GO:1902253"", ""xref_name"": ""regulation of intrinsic apoptotic signaling pathway by p53 class mediator"", ""xref_src_db"": ""GoProcess""}, {""xref_id"": ""GO:1902749"", ""xref_name"": ""regulation of cell cycle G2/M phase transition"", ""xref_src_db"": ""GoProcess""}, {""xref_id"": ""GO:1902895"", ""xref_name"": ""positive regulation of miRNA transcription"", ""xref_src_db"": ""GoProcess""}, {""xref_id"": ""GO:1903451"", ""xref_name"": ""negative regulation of G1 to G0 transition"", ""xref_src_db"": ""GoProcess""}, {""xref_id"": ""GO:1903799"", ""xref_name"": ""negative regulation of miRNA processing"", ""xref_src_db"": ""GoProcess""}, {""xref_id"": ""GO:1904024"", ""xref_name"": ""negative regulation of glucose catabolic process to lactate via pyruvate"", ""xref_src_db"": ""GoProcess""}, {""xref_id"": ""GO:1905856"", ""xref_name"": ""negative regulation of pentose-phosphate shunt"", ""xref_src_db"": ""GoProcess""}, {""xref_id"": ""GO:1990144"", ""xref_name"": ""intrinsic apoptotic signaling pathway in response to hypoxia"", ""xref_src_db"": ""GoProcess""}, {""xref_id"": ""GO:2000269"", ""xref_name"": ""regulation of fibroblast apoptotic process"", ""xref_src_db"": ""GoProcess""}, {""xref_id"": ""GO:2000378"", ""xref_name"": ""negative regulation of reactive oxygen species metabolic process"", ""xref_src_db"": ""GoProcess""}, {""xref_id"": ""GO:2000379"", ""xref_name"": ""positive regulation of reactive oxygen species metabolic process"", ""xref_src_db"": ""GoProcess""}, {""xref_id"": ""GO:2000647"", ""xref_name"": ""negative regulation of stem cell proliferation"", ""xref_src_db"": ""GoProcess""}, {""xref_id"": ""GO:2000774"", ""xref_name"": ""positive regulation of cellular senescence"", ""xref_src_db"": ""GoProcess""}, {""xref_id"": ""GO:2001244"", ""xref_name"": ""positive regulation of intrinsic apoptotic signaling pathway"", ""xref_src_db"": ""GoProcess""}, {""xref_id"": ""HGNC:11998"", ""xref_name"": ""TP53"", ""xref_src_db"": ""HGNC""}, {""xref_id"": ""P04637"", ""xref_name"": null, ""xref_src_db"": ""IntAct""}, {""xref_id"": ""IPR002117"", ""xref_name"": ""p53_tumour_suppressor"", ""xref_src_db"": ""InterPro""}, {""xref_id"": ""IPR008967"", ""xref_name"": ""p53-like_TF_DNA-bd_sf"", ""xref_src_db"": ""InterPro""}, {""xref_id"": ""IPR010991"", ""xref_name"": ""p53_tetrameristn"", ""xref_src_db"": ""InterPro""}, {""xref_id"": ""IPR011615"", ""xref_name"": ""p53_DNA-bd"", ""xref_src_db"": ""InterPro""}, {""xref_id"": ""IPR012346"", ""xref_name"": ""p53/RUNT-type_TF_DNA-bd_sf"", ""xref_src_db"": ""InterPro""}, {""xref_id"": ""IPR013872"", ""xref_name"": ""p53_transactivation_domain"", ""xref_src_db"": ""InterPro""}, {""xref_id"": ""IPR036674"", ""xref_name"": ""p53_tetramer_sf"", ""xref_src_db"": ""InterPro""}, {""xref_id"": ""IPR040926"", ""xref_name"": ""p53_TAD2"", ""xref_src_db"": ""InterPro""}, {""xref_id"": ""PTHR11447"", ""xref_name"": ""CELLULAR TUMOR ANTIGEN P53"", ""xref_src_db"": ""PANTHER""}, {""xref_id"": ""PTHR11447:SF6"", ""xref_name"": ""CELLULAR TUMOR ANTIGEN P53"", ""xref_src_db"": ""PANTHER""}, {""xref_id"": ""1A1U"", ""xref_name"": null, ""xref_src_db"": ""PDB""}, {""xref_id"": ""1AIE"", ""xref_name"": null, ""xref_src_db"": ""PDB""}, {""xref_id"": ""1C26"", ""xref_name"": null, ""xref_src_db"": ""PDB""}, {""xref_id"": ""1DT7"", ""xref_name"": null, ""xref_src_db"": ""PDB""}, {""xref_id"": ""1GZH"", ""xref_name"": null, ""xref_src_db"": ""PDB""}, {""xref_id"": ""1H26"", ""xref_name"": null, ""xref_src_db"": ""PDB""}, {""xref_id"": ""1HS5"", ""xref_name"": null, ""xref_src_db"": ""PDB""}, {""xref_id"": ""1JSP"", ""xref_name"": null, ""xref_src_db"": ""PDB""}, {""xref_id"": ""1KZY"", ""xref_name"": null, ""xref_src_db"": ""PDB""}, {""xref_id"": ""1MA3"", ""xref_name"": null, ""xref_src_db"": ""PDB""}, {""xref_id"": ""1OLG"", ""xref_name"": null, ""xref_src_db"": ""PDB""}, {""xref_id"": ""1OLH"", ""xref_name"": null, ""xref_src_db"": ""PDB""}, {""xref_id"": ""1PES"", ""xref_name"": null, ""xref_src_db"": ""PDB""}, {""xref_id"": ""1PET"", ""xref_name"": null, ""xref_src_db"": ""PDB""}, {""xref_id"": ""1SAE"", ""xref_name"": null, ""xref_src_db"": ""PDB""}, {""xref_id"": ""1SAF"", ""xref_name"": null, ""xref_src_db"": ""PDB""}, {""xref_id"": ""1SAK"", ""xref_name"": null, ""xref_src_db"": ""PDB""}, {""xref_id"": ""1SAL"", ""xref_name"": null, ""xref_src_db"": ""PDB""}, {""xref_id"": ""1TSR"", ""xref_name"": null, ""xref_src_db"": ""PDB""}, {""xref_id"": ""1TUP"", ""xref_name"": null, ""xref_src_db"": ""PDB""}, {""xref_id"": ""1UOL"", ""xref_name"": null, ""xref_src_db"": ""PDB""}, {""xref_id"": ""1XQH"", ""xref_name"": null, ""xref_src_db"": ""PDB""}, {""xref_id"": ""1YC5"", ""xref_name"": null, ""xref_src_db"": ""PDB""}, {""xref_id"": ""1YCQ"", ""xref_name"": null, ""xref_src_db"": ""PDB""}, {""xref_id"": ""1YCR"", ""xref_name"": null, ""xref_src_db"": ""PDB""}, {""xref_id"": ""1YCS"", ""xref_name"": null, ""xref_src_db"": ""PDB""}, {""xref_id"": ""2AC0"", ""xref_name"": null, ""xref_src_db"": ""PDB""}, {""xref_id"": ""2ADY"", ""xref_name"": null, ""xref_src_db"": ""PDB""}, {""xref_id"": ""2AHI"", ""xref_name"": null, ""xref_src_db"": ""PDB""}, {""xref_id"": ""2ATA"", ""xref_name"": null, ""xref_src_db"": ""PDB""}, {""xref_id"": ""2B3G"", ""xref_name"": null, ""xref_src_db"": ""PDB""}, {""xref_id"": ""2BIM"", ""xref_name"": null, ""xref_src_db"": ""PDB""}, {""xref_id"": ""2BIN"", ""xref_name"": null, ""xref_src_db"": ""PDB""}, {""xref_id"": ""2BIO"", ""xref_name"": null, ""xref_src_db"": ""PDB""}, {""xref_id"": ""2BIP"", ""xref_name"": null, ""xref_src_db"": ""PDB""}, {""xref_id"": ""2BIQ"", ""xref_name"": null, ""xref_src_db"": ""PDB""}, {""xref_id"": ""2F1X"", ""xref_name"": null, ""xref_src_db"": ""PDB""}, {""xref_id"": ""2FEJ"", ""xref_name"": null, ""xref_src_db"": ""PDB""}, {""xref_id"": ""2FOJ"", ""xref_name"": null, ""xref_src_db"": ""PDB""}, {""xref_id"": ""2FOO"", ""xref_name"": null, ""xref_src_db"": ""PDB""}, {""xref_id"": ""2GS0"", ""xref_name"": null, ""xref_src_db"": ""PDB""}, {""xref_id"": ""2H1L"", ""xref_name"": null, ""xref_src_db"": ""PDB""}, {""xref_id"": ""2H2D"", ""xref_name"": null, ""xref_src_db"": ""PDB""}, {""xref_id"": ""2H2F"", ""xref_name"": null, ""xref_src_db"": ""PDB""}, {""xref_id"": ""2H4F"", ""xref_name"": null, ""xref_src_db"": ""PDB""}, {""xref_id"": ""2H4H"", ""xref_name"": null, ""xref_src_db"": ""PDB""}, {""xref_id"": ""2H4J"", ""xref_name"": null, ""xref_src_db"": ""PDB""}, {""xref_id"": ""2H59"", ""xref_name"": null, ""xref_src_db"": ""PDB""}, {""xref_id"": ""2J0Z"", ""xref_name"": null, ""xref_src_db"": ""PDB""}, {""xref_id"": ""2J10"", ""xref_name"": null, ""xref_src_db"": ""PDB""}, {""xref_id"": ""2J11"", ""xref_name"": null, ""xref_src_db"": ""PDB""}, {""xref_id"": ""2J1W"", ""xref_name"": null, ""xref_src_db"": ""PDB""}, {""xref_id"": ""2J1X"", ""xref_name"": null, ""xref_src_db"": ""PDB""}, {""xref_id"": ""2J1Y"", ""xref_name"": null, ""xref_src_db"": ""PDB""}, {""xref_id"": ""2J1Z"", ""xref_name"": null, ""xref_src_db"": ""PDB""}, {""xref_id"": ""2J20"", ""xref_name"": null, ""xref_src_db"": ""PDB""}, {""xref_id"": ""2J21"", ""xref_name"": null, ""xref_src_db"": ""PDB""}, {""xref_id"": ""2K8F"", ""xref_name"": null, ""xref_src_db"": ""PDB""}, {""xref_id"": ""2L14"", ""xref_name"": null, ""xref_src_db"": ""PDB""}, {""xref_id"": ""2LY4"", ""xref_name"": null, ""xref_src_db"": ""PDB""}, {""xref_id"": ""2MEJ"", ""xref_name"": null, ""xref_src_db"": ""PDB""}, {""xref_id"": ""2MWO"", ""xref_name"": null, ""xref_src_db"": ""PDB""}, {""xref_id"": ""2MWP"", ""xref_name"": null, ""xref_src_db"": ""PDB""}, {""xref_id"": ""2MWY"", ""xref_name"": null, ""xref_src_db"": ""PDB""}, {""xref_id"": ""2MZD"", ""xref_name"": null, ""xref_src_db"": ""PDB""}, {""xref_id"": ""2OCJ"", ""xref_name"": null, ""xref_src_db"": ""PDB""}, {""xref_id"": ""2PCX"", ""xref_name"": null, ""xref_src_db"": ""PDB""}, {""xref_id"": ""2RUK"", ""xref_name"": null, ""xref_src_db"": ""PDB""}, {""xref_id"": ""2VUK"", ""xref_name"": null, ""xref_src_db"": ""PDB""}, {""xref_id"": ""2WGX"", ""xref_name"": null, ""xref_src_db"": ""PDB""}, {""xref_id"": ""2X0U"", ""xref_name"": null, ""xref_src_db"": ""PDB""}, {""xref_id"": ""2X0V"", ""xref_name"": null, ""xref_src_db"": ""PDB""}, {""xref_id"": ""2X0W"", ""xref_name"": null, ""xref_src_db"": ""PDB""}, {""xref_id"": ""2XWR"", ""xref_name"": null, ""xref_src_db"": ""PDB""}, {""xref_id"": ""2YBG"", ""xref_name"": null, ""xref_src_db"": ""PDB""}, {""xref_id"": ""2YDR"", ""xref_name"": null, ""xref_src_db"": ""PDB""}, {""xref_id"": ""2Z5S"", ""xref_name"": null, ""xref_src_db"": ""PDB""}, {""xref_id"": ""2Z5T"", ""xref_name"": null, ""xref_src_db"": ""PDB""}, {""xref_id"": ""3D05"", ""xref_name"": null, ""xref_src_db"": ""PDB""}, {""xref_id"": ""3D06"", ""xref_name"": null, ""xref_src_db"": ""PDB""}, {""xref_id"": ""3D07"", ""xref_name"": null, ""xref_src_db"": ""PDB""}, {""xref_id"": ""3D08"", ""xref_name"": null, ""xref_src_db"": ""PDB""}, {""xref_id"": ""3D09"", ""xref_name"": null, ""xref_src_db"": ""PDB""}, {""xref_id"": ""3D0A"", ""xref_name"": null, ""xref_src_db"": ""PDB""}, {""xref_id"": ""3DAB"", ""xref_name"": null, ""xref_src_db"": ""PDB""}, {""xref_id"": ""3DAC"", ""xref_name"": null, ""xref_src_db"": ""PDB""}, {""xref_id"": ""3IGK"", ""xref_name"": null, ""xref_src_db"": ""PDB""}, {""xref_id"": ""3IGL"", ""xref_name"": null, ""xref_src_db"": ""PDB""}, {""xref_id"": ""3KMD"", ""xref_name"": null, ""xref_src_db"": ""PDB""}, {""xref_id"": ""3KZ8"", ""xref_name"": null, ""xref_src_db"": ""PDB""}, {""xref_id"": ""3LW1"", ""xref_name"": null, ""xref_src_db"": ""PDB""}, {""xref_id"": ""3OQ5"", ""xref_name"": null, ""xref_src_db"": ""PDB""}, {""xref_id"": ""3PDH"", ""xref_name"": null, ""xref_src_db"": ""PDB""}, {""xref_id"": ""3Q01"", ""xref_name"": null, ""xref_src_db"": ""PDB""}, {""xref_id"": ""3Q05"", ""xref_name"": null, ""xref_src_db"": ""PDB""}, {""xref_id"": ""3Q06"", ""xref_name"": null, ""xref_src_db"": ""PDB""}, {""xref_id"": ""3SAK"", ""xref_name"": null, ""xref_src_db"": ""PDB""}, {""xref_id"": ""3TG5"", ""xref_name"": null, ""xref_src_db"": ""PDB""}, {""xref_id"": ""3TS8"", ""xref_name"": null, ""xref_src_db"": ""PDB""}, {""xref_id"": ""3ZME"", ""xref_name"": null, ""xref_src_db"": ""PDB""}, {""xref_id"": ""4AGL"", ""xref_name"": null, ""xref_src_db"": ""PDB""}, {""xref_id"": ""4AGM"", ""xref_name"": null, ""xref_src_db"": ""PDB""}, {""xref_id"": ""4AGN"", ""xref_name"": null, ""xref_src_db"": ""PDB""}, {""xref_id"": ""4AGO"", ""xref_name"": null, ""xref_src_db"": ""PDB""}, {""xref_id"": ""4AGP"", ""xref_name"": null, ""xref_src_db"": ""PDB""}, {""xref_id"": ""4AGQ"", ""xref_name"": null, ""xref_src_db"": ""PDB""}, {""xref_id"": ""4BUZ"", ""xref_name"": null, ""xref_src_db"": ""PDB""}, {""xref_id"": ""4BV2"", ""xref_name"": null, ""xref_src_db"": ""PDB""}, {""xref_id"": ""4HFZ"", ""xref_name"": null, ""xref_src_db"": ""PDB""}, {""xref_id"": ""4HJE"", ""xref_name"": null, ""xref_src_db"": ""PDB""}, {""xref_id"": ""4IBQ"", ""xref_name"": null, ""xref_src_db"": ""PDB""}, {""xref_id"": ""4IBS"", ""xref_name"": null, ""xref_src_db"": ""PDB""}, {""xref_id"": ""4IBT"", ""xref_name"": null, ""xref_src_db"": ""PDB""}, {""xref_id"": ""4IBU"", ""xref_name"": null, ""xref_src_db"": ""PDB""}, {""xref_id"": ""4IBV"", ""xref_name"": null, ""xref_src_db"": ""PDB""}, {""xref_id"": ""4IBW"", ""xref_name"": null, ""xref_src_db"": ""PDB""}, {""xref_id"": ""4IBY"", ""xref_name"": null, ""xref_src_db"": ""PDB""}, {""xref_id"": ""4IBZ"", ""xref_name"": null, ""xref_src_db"": ""PDB""}, {""xref_id"": ""4IJT"", ""xref_name"": null, ""xref_src_db"": ""PDB""}, {""xref_id"": ""4KVP"", ""xref_name"": null, ""xref_src_db"": ""PDB""}, {""xref_id"": ""4LO9"", ""xref_name"": null, ""xref_src_db"": ""PDB""}, {""xref_id"": ""4LOE"", ""xref_name"": null, ""xref_src_db"": ""PDB""}, {""xref_id"": ""4LOF"", ""xref_name"": null, ""xref_src_db"": ""PDB""}, {""xref_id"": ""4MZI"", ""xref_name"": null, ""xref_src_db"": ""PDB""}, {""xref_id"": ""4MZR"", ""xref_name"": null, ""xref_src_db"": ""PDB""}, {""xref_id"": ""4QO1"", ""xref_name"": null, ""xref_src_db"": ""PDB""}, {""xref_id"": ""4RP6"", ""xref_name"": null, ""xref_src_db"": ""PDB""}, {""xref_id"": ""4RP7"", ""xref_name"": null, ""xref_src_db"": ""PDB""}, {""xref_id"": ""4X34"", ""xref_name"": null, ""xref_src_db"": ""PDB""}, {""xref_id"": ""4XR8"", ""xref_name"": null, ""xref_src_db"": ""PDB""}, {""xref_id"": ""4ZZJ"", ""xref_name"": null, ""xref_src_db"": ""PDB""}, {""xref_id"": ""5A7B"", ""xref_name"": null, ""xref_src_db"": ""PDB""}, {""xref_id"": ""5AB9"", ""xref_name"": null, ""xref_src_db"": ""PDB""}, {""xref_id"": ""5ABA"", ""xref_name"": null, ""xref_src_db"": ""PDB""}, {""xref_id"": ""5AOI"", ""xref_name"": null, ""xref_src_db"": ""PDB""}, {""xref_id"": ""5AOJ"", ""xref_name"": null, ""xref_src_db"": ""PDB""}, {""xref_id"": ""5AOK"", ""xref_name"": null, ""xref_src_db"": ""PDB""}, {""xref_id"": ""5AOL"", ""xref_name"": null, ""xref_src_db"": ""PDB""}, {""xref_id"": ""5AOM"", ""xref_name"": null, ""xref_src_db"": ""PDB""}, {""xref_id"": ""5BUA"", ""xref_name"": null, ""xref_src_db"": ""PDB""}, {""xref_id"": ""5ECG"", ""xref_name"": null, ""xref_src_db"": ""PDB""}, {""xref_id"": ""5G4M"", ""xref_name"": null, ""xref_src_db"": ""PDB""}, {""xref_id"": ""5G4N"", ""xref_name"": null, ""xref_src_db"": ""PDB""}, {""xref_id"": ""5G4O"", ""xref_name"": null, ""xref_src_db"": ""PDB""}, {""xref_id"": ""5HOU"", ""xref_name"": null, ""xref_src_db"": ""PDB""}, {""xref_id"": ""5HP0"", ""xref_name"": null, ""xref_src_db"": ""PDB""}, {""xref_id"": ""5HPD"", ""xref_name"": null, ""xref_src_db"": ""PDB""}, {""xref_id"": ""5LAP"", ""xref_name"": null, ""xref_src_db"": ""PDB""}, {""xref_id"": ""5LGY"", ""xref_name"": null, ""xref_src_db"": ""PDB""}, {""xref_id"": ""5MCT"", ""xref_name"": null, ""xref_src_db"": ""PDB""}, {""xref_id"": ""5MCU"", ""xref_name"": null, ""xref_src_db"": ""PDB""}, {""xref_id"": ""5MCV"", ""xref_name"": null, ""xref_src_db"": ""PDB""}, {""xref_id"": ""5MCW"", ""xref_name"": null, ""xref_src_db"": ""PDB""}, {""xref_id"": ""5MF7"", ""xref_name"": null, ""xref_src_db"": ""PDB""}, {""xref_id"": ""5MG7"", ""xref_name"": null, ""xref_src_db"": ""PDB""}, {""xref_id"": ""5MHC"", ""xref_name"": null, ""xref_src_db"": ""PDB""}, {""xref_id"": ""5MOC"", ""xref_name"": null, ""xref_src_db"": ""PDB""}, {""xref_id"": ""5O1A"", ""xref_name"": null, ""xref_src_db"": ""PDB""}, {""xref_id"": ""5O1B"", ""xref_name"": null, ""xref_src_db"": ""PDB""}, {""xref_id"": ""5O1C"", ""xref_name"": null, ""xref_src_db"": ""PDB""}, {""xref_id"": ""5O1D"", ""xref_name"": null, ""xref_src_db"": ""PDB""}, {""xref_id"": ""5O1E"", ""xref_name"": null, ""xref_src_db"": ""PDB""}, {""xref_id"": ""5O1F"", ""xref_name"": null, ""xref_src_db"": ""PDB""}, {""xref_id"": ""5O1G"", ""xref_name"": null, ""xref_src_db"": ""PDB""}, {""xref_id"": ""5O1H"", ""xref_name"": null, ""xref_src_db"": ""PDB""}, {""xref_id"": ""5O1I"", ""xref_name"": null, ""xref_src_db"": ""PDB""}, {""xref_id"": ""5OL0"", ""xref_name"": null, ""xref_src_db"": ""PDB""}, {""xref_id"": ""5UN8"", ""xref_name"": null, ""xref_src_db"": ""PDB""}, {""xref_id"": ""5XZC"", ""xref_name"": null, ""xref_src_db"": ""PDB""}, {""xref_id"": ""6FF9"", ""xref_name"": null, ""xref_src_db"": ""PDB""}, {""xref_id"": ""6FJ5"", ""xref_name"": null, ""xref_src_db"": ""PDB""}, {""xref_id"": ""6GGA"", ""xref_name"": null, ""xref_src_db"": ""PDB""}, {""xref_id"": ""6GGB"", ""xref_name"": null, ""xref_src_db"": ""PDB""}, {""xref_id"": ""6GGC"", ""xref_name"": null, ""xref_src_db"": ""PDB""}, {""xref_id"": ""6GGD"", ""xref_name"": null, ""xref_src_db"": ""PDB""}, {""xref_id"": ""6GGE"", ""xref_name"": null, ""xref_src_db"": ""PDB""}, {""xref_id"": ""6GGF"", ""xref_name"": null, ""xref_src_db"": ""PDB""}, {""xref_id"": ""6LHD"", ""xref_name"": null, ""xref_src_db"": ""PDB""}, {""xref_id"": ""6R5L"", ""xref_name"": null, ""xref_src_db"": ""PDB""}, {""xref_id"": ""6RJZ"", ""xref_name"": null, ""xref_src_db"": ""PDB""}, {""xref_id"": ""6RK8"", ""xref_name"": null, ""xref_src_db"": ""PDB""}, {""xref_id"": ""6RKI"", ""xref_name"": null, ""xref_src_db"": ""PDB""}, {""xref_id"": ""6RKK"", ""xref_name"": null, ""xref_src_db"": ""PDB""}, {""xref_id"": ""6RKM"", ""xref_name"": null, ""xref_src_db"": ""PDB""}, {""xref_id"": ""6RL3"", ""xref_name"": null, ""xref_src_db"": ""PDB""}, {""xref_id"": ""6RL4"", ""xref_name"": null, ""xref_src_db"": ""PDB""}, {""xref_id"": ""6RL6"", ""xref_name"": null, ""xref_src_db"": ""PDB""}, {""xref_id"": ""6RM5"", ""xref_name"": null, ""xref_src_db"": ""PDB""}, {""xref_id"": ""6RM7"", ""xref_name"": null, ""xref_src_db"": ""PDB""}, {""xref_id"": ""6RWH"", ""xref_name"": null, ""xref_src_db"": ""PDB""}, {""xref_id"": ""6RWI"", ""xref_name"": null, ""xref_src_db"": ""PDB""}, {""xref_id"": ""6RWS"", ""xref_name"": null, ""xref_src_db"": ""PDB""}, {""xref_id"": ""6RWU"", ""xref_name"": null, ""xref_src_db"": ""PDB""}, {""xref_id"": ""6RX2"", ""xref_name"": null, ""xref_src_db"": ""PDB""}, {""xref_id"": ""6RZ3"", ""xref_name"": null, ""xref_src_db"": ""PDB""}, {""xref_id"": ""6S39"", ""xref_name"": null, ""xref_src_db"": ""PDB""}, {""xref_id"": ""6S3C"", ""xref_name"": null, ""xref_src_db"": ""PDB""}, {""xref_id"": ""6S40"", ""xref_name"": null, ""xref_src_db"": ""PDB""}, {""xref_id"": ""6S9Q"", ""xref_name"": null, ""xref_src_db"": ""PDB""}, {""xref_id"": ""6SHZ"", ""xref_name"": null, ""xref_src_db"": ""PDB""}, {""xref_id"": ""6SI0"", ""xref_name"": null, ""xref_src_db"": ""PDB""}, {""xref_id"": ""6SI1"", ""xref_name"": null, ""xref_src_db"": ""PDB""}, {""xref_id"": ""6SI2"", ""xref_name"": null, ""xref_src_db"": ""PDB""}, {""xref_id"": ""6SI3"", ""xref_name"": null, ""xref_src_db"": ""PDB""}, {""xref_id"": ""6SI4"", ""xref_name"": null, ""xref_src_db"": ""PDB""}, {""xref_id"": ""6SIN"", ""xref_name"": null, ""xref_src_db"": ""PDB""}, {""xref_id"": ""6SIO"", ""xref_name"": null, ""xref_src_db"": ""PDB""}, {""xref_id"": ""6SIP"", ""xref_name"": null, ""xref_src_db"": ""PDB""}, {""xref_id"": ""6SIQ"", ""xref_name"": null, ""xref_src_db"": ""PDB""}, {""xref_id"": ""6SL6"", ""xref_name"": null, ""xref_src_db"": ""PDB""}, {""xref_id"": ""6SLV"", ""xref_name"": null, ""xref_src_db"": ""PDB""}, {""xref_id"": ""6T58"", ""xref_name"": null, ""xref_src_db"": ""PDB""}, {""xref_id"": ""6V4F"", ""xref_name"": null, ""xref_src_db"": ""PDB""}, {""xref_id"": ""6V4H"", ""xref_name"": null, ""xref_src_db"": ""PDB""}, {""xref_id"": ""6VQO"", ""xref_name"": null, ""xref_src_db"": ""PDB""}, {""xref_id"": ""6VR1"", ""xref_name"": null, ""xref_src_db"": ""PDB""}, {""xref_id"": ""6VR5"", ""xref_name"": null, ""xref_src_db"": ""PDB""}, {""xref_id"": ""6VRM"", ""xref_name"": null, ""xref_src_db"": ""PDB""}, {""xref_id"": ""6VRN"", ""xref_name"": null, ""xref_src_db"": ""PDB""}, {""xref_id"": ""6W51"", ""xref_name"": null, ""xref_src_db"": ""PDB""}, {""xref_id"": ""6XRE"", ""xref_name"": null, ""xref_src_db"": ""PDB""}, {""xref_id"": ""6ZNC"", ""xref_name"": null, ""xref_src_db"": ""PDB""}, {""xref_id"": ""7B46"", ""xref_name"": null, ""xref_src_db"": ""PDB""}, {""xref_id"": ""7B47"", ""xref_name"": null, ""xref_src_db"": ""PDB""}, {""xref_id"": ""7B48"", ""xref_name"": null, ""xref_src_db"": ""PDB""}, {""xref_id"": ""7B49"", ""xref_name"": null, ""xref_src_db"": ""PDB""}, {""xref_id"": ""7B4A"", ""xref_name"": null, ""xref_src_db"": ""PDB""}, {""xref_id"": ""7B4B"", ""xref_name"": null, ""xref_src_db"": ""PDB""}, {""xref_id"": ""7B4C"", ""xref_name"": null, ""xref_src_db"": ""PDB""}, {""xref_id"": ""7B4D"", ""xref_name"": null, ""xref_src_db"": ""PDB""}, {""xref_id"": ""7B4E"", ""xref_name"": null, ""xref_src_db"": ""PDB""}, {""xref_id"": ""7B4F"", ""xref_name"": null, ""xref_src_db"": ""PDB""}, {""xref_id"": ""7B4G"", ""xref_name"": null, ""xref_src_db"": ""PDB""}, {""xref_id"": ""7B4H"", ""xref_name"": null, ""xref_src_db"": ""PDB""}, {""xref_id"": ""7B4N"", ""xref_name"": null, ""xref_src_db"": ""PDB""}, {""xref_id"": ""7BWN"", ""xref_name"": null, ""xref_src_db"": ""PDB""}, {""xref_id"": ""7DHY"", ""xref_name"": null, ""xref_src_db"": ""PDB""}, {""xref_id"": ""7DHZ"", ""xref_name"": null, ""xref_src_db"": ""PDB""}, {""xref_id"": ""7DVD"", ""xref_name"": null, ""xref_src_db"": ""PDB""}, {""xref_id"": ""7EAX"", ""xref_name"": null, ""xref_src_db"": ""PDB""}, {""xref_id"": ""7EDS"", ""xref_name"": null, ""xref_src_db"": ""PDB""}, {""xref_id"": ""7EEU"", ""xref_name"": null, ""xref_src_db"": ""PDB""}, {""xref_id"": ""7EL4"", ""xref_name"": null, ""xref_src_db"": ""PDB""}, {""xref_id"": ""7NMI"", ""xref_name"": null, ""xref_src_db"": ""PDB""}, {""xref_id"": ""7RM4"", ""xref_name"": null, ""xref_src_db"": ""PDB""}, {""xref_id"": ""7V97"", ""xref_name"": null, ""xref_src_db"": ""PDB""}, {""xref_id"": ""7XZX"", ""xref_name"": null, ""xref_src_db"": ""PDB""}, {""xref_id"": ""7XZZ"", ""xref_name"": null, ""xref_src_db"": ""PDB""}, {""xref_id"": ""7YGI"", ""xref_name"": null, ""xref_src_db"": ""PDB""}, {""xref_id"": ""8A31"", ""xref_name"": null, ""xref_src_db"": ""PDB""}, {""xref_id"": ""8A32"", ""xref_name"": null, ""xref_src_db"": ""PDB""}, {""xref_id"": ""8A92"", ""xref_name"": null, ""xref_src_db"": ""PDB""}, {""xref_id"": ""8CG7"", ""xref_name"": null, ""xref_src_db"": ""PDB""}, {""xref_id"": ""8DC4"", ""xref_name"": null, ""xref_src_db"": ""PDB""}, {""xref_id"": ""8DC6"", ""xref_name"": null, ""xref_src_db"": ""PDB""}, {""xref_id"": ""8DC7"", ""xref_name"": null, ""xref_src_db"": ""PDB""}, {""xref_id"": ""8DC8"", ""xref_name"": null, ""xref_src_db"": ""PDB""}, {""xref_id"": ""8E7A"", ""xref_name"": null, ""xref_src_db"": ""PDB""}, {""xref_id"": ""8E7B"", ""xref_name"": null, ""xref_src_db"": ""PDB""}, {""xref_id"": ""8GCR"", ""xref_name"": null, ""xref_src_db"": ""PDB""}, {""xref_id"": ""8HLL"", ""xref_name"": null, ""xref_src_db"": ""PDB""}, {""xref_id"": ""8HLM"", ""xref_name"": null, ""xref_src_db"": ""PDB""}, {""xref_id"": ""8HLN"", ""xref_name"": null, ""xref_src_db"": ""PDB""}, {""xref_id"": ""8J8N"", ""xref_name"": null, ""xref_src_db"": ""PDB""}, {""xref_id"": ""8OXM"", ""xref_name"": null, ""xref_src_db"": ""PDB""}, {""xref_id"": ""8OXO"", ""xref_name"": null, ""xref_src_db"": ""PDB""}, {""xref_id"": ""8QWK"", ""xref_name"": null, ""xref_src_db"": ""PDB""}, {""xref_id"": ""8QWL"", ""xref_name"": null, ""xref_src_db"": ""PDB""}, {""xref_id"": ""8QWM"", ""xref_name"": null, ""xref_src_db"": ""PDB""}, {""xref_id"": ""8QWN"", ""xref_name"": null, ""xref_src_db"": ""PDB""}, {""xref_id"": ""8QWO"", ""xref_name"": null, ""xref_src_db"": ""PDB""}, {""xref_id"": ""8QWP"", ""xref_name"": null, ""xref_src_db"": ""PDB""}, {""xref_id"": ""8R1F"", ""xref_name"": null, ""xref_src_db"": ""PDB""}, {""xref_id"": ""8R1G"", ""xref_name"": null, ""xref_src_db"": ""PDB""}, {""xref_id"": ""8RBA"", ""xref_name"": null, ""xref_src_db"": ""PDB""}, {""xref_id"": ""8RBB"", ""xref_name"": null, ""xref_src_db"": ""PDB""}, {""xref_id"": ""8RBC"", ""xref_name"": null, ""xref_src_db"": ""PDB""}, {""xref_id"": ""8RCI"", ""xref_name"": null, ""xref_src_db"": ""PDB""}, {""xref_id"": ""8UQR"", ""xref_name"": null, ""xref_src_db"": ""PDB""}, {""xref_id"": ""8WD2"", ""xref_name"": null, ""xref_src_db"": ""PDB""}, {""xref_id"": ""8XP5"", ""xref_name"": null, ""xref_src_db"": ""PDB""}, {""xref_id"": ""9BR4"", ""xref_name"": null, ""xref_src_db"": ""PDB""}, {""xref_id"": ""9C5S"", ""xref_name"": null, ""xref_src_db"": ""PDB""}, {""xref_id"": ""9CHT"", ""xref_name"": null, ""xref_src_db"": ""PDB""}, {""xref_id"": ""1AIE"", ""xref_name"": ""A"", ""xref_src_db"": ""PDBe""}, {""xref_id"": ""1C26"", ""xref_name"": ""A"", ""xref_src_db"": ""PDBe""}, {""xref_id"": ""1GZH"", ""xref_name"": ""A"", ""xref_src_db"": ""PDBe""}, {""xref_id"": ""1H26"", ""xref_name"": ""A"", ""xref_src_db"": ""PDBe""}, {""xref_id"": ""1KZY"", ""xref_name"": ""A"", ""xref_src_db"": ""PDBe""}, {""xref_id"": ""1MA3"", ""xref_name"": ""A"", ""xref_src_db"": ""PDBe""}, {""xref_id"": ""1TSR"", ""xref_name"": ""A"", ""xref_src_db"": ""PDBe""}, {""xref_id"": ""1TUP"", ""xref_name"": ""A"", ""xref_src_db"": ""PDBe""}, {""xref_id"": ""1UOL"", ""xref_name"": ""A"", ""xref_src_db"": ""PDBe""}, {""xref_id"": ""1XQH"", ""xref_name"": ""A"", ""xref_src_db"": ""PDBe""}, {""xref_id"": ""1YC5"", ""xref_name"": ""A"", ""xref_src_db"": ""PDBe""}, {""xref_id"": ""1YCQ"", ""xref_name"": ""A"", ""xref_src_db"": ""PDBe""}, {""xref_id"": ""1YCR"", ""xref_name"": ""A"", ""xref_src_db"": ""PDBe""}, {""xref_id"": ""1YCS"", ""xref_name"": ""A"", ""xref_src_db"": ""PDBe""}, {""xref_id"": ""2AC0"", ""xref_name"": ""A"", ""xref_src_db"": ""PDBe""}, {""xref_id"": ""2ADY"", ""xref_name"": ""A"", ""xref_src_db"": ""PDBe""}, {""xref_id"": ""2AHI"", ""xref_name"": ""A"", ""xref_src_db"": ""PDBe""}, {""xref_id"": ""2ATA"", ""xref_name"": ""A"", ""xref_src_db"": ""PDBe""}, {""xref_id"": ""2B3G"", ""xref_name"": ""A"", ""xref_src_db"": ""PDBe""}, {""xref_id"": ""2BIM"", ""xref_name"": ""A"", ""xref_src_db"": ""PDBe""}, {""xref_id"": ""2BIN"", ""xref_name"": ""A"", ""xref_src_db"": ""PDBe""}, {""xref_id"": ""2BIO"", ""xref_name"": ""A"", ""xref_src_db"": ""PDBe""}, {""xref_id"": ""2BIP"", ""xref_name"": ""A"", ""xref_src_db"": ""PDBe""}, {""xref_id"": ""2BIQ"", ""xref_name"": ""A"", ""xref_src_db"": ""PDBe""}, {""xref_id"": ""2F1X"", ""xref_name"": ""A"", ""xref_src_db"": ""PDBe""}, {""xref_id"": ""2FOJ"", ""xref_name"": ""A"", ""xref_src_db"": ""PDBe""}, {""xref_id"": ""2FOO"", ""xref_name"": ""A"", ""xref_src_db"": ""PDBe""}, {""xref_id"": ""2H1L"", ""xref_name"": ""A"", ""xref_src_db"": ""PDBe""}, {""xref_id"": ""2H2D"", ""xref_name"": ""A"", ""xref_src_db"": ""PDBe""}, {""xref_id"": ""2H2F"", ""xref_name"": ""A"", ""xref_src_db"": ""PDBe""}, {""xref_id"": ""2H4F"", ""xref_name"": ""A"", ""xref_src_db"": ""PDBe""}, {""xref_id"": ""2H4H"", ""xref_name"": ""A"", ""xref_src_db"": ""PDBe""}, {""xref_id"": ""2H4J"", ""xref_name"": ""A"", ""xref_src_db"": ""PDBe""}, {""xref_id"": ""2H59"", ""xref_name"": ""A"", ""xref_src_db"": ""PDBe""}, {""xref_id"": ""2J1W"", ""xref_name"": ""A"", ""xref_src_db"": ""PDBe""}, {""xref_id"": ""2J1X"", ""xref_name"": ""A"", ""xref_src_db"": ""PDBe""}, {""xref_id"": ""2J1Y"", ""xref_name"": ""A"", ""xref_src_db"": ""PDBe""}, {""xref_id"": ""2J1Z"", ""xref_name"": ""A"", ""xref_src_db"": ""PDBe""}, {""xref_id"": ""2J20"", ""xref_name"": ""A"", ""xref_src_db"": ""PDBe""}, {""xref_id"": ""2J21"", ""xref_name"": ""A"", ""xref_src_db"": ""PDBe""}, {""xref_id"": ""2OCJ"", ""xref_name"": ""A"", ""xref_src_db"": ""PDBe""}, {""xref_id"": ""2PCX"", ""xref_name"": ""A"", ""xref_src_db"": ""PDBe""}, {""xref_id"": ""2VUK"", ""xref_name"": ""A"", ""xref_src_db"": ""PDBe""}, {""xref_id"": ""2WGX"", ""xref_name"": ""A"", ""xref_src_db"": ""PDBe""}, {""xref_id"": ""2X0U"", ""xref_name"": ""A"", ""xref_src_db"": ""PDBe""}, {""xref_id"": ""2X0V"", ""xref_name"": ""A"", ""xref_src_db"": ""PDBe""}, {""xref_id"": ""2X0W"", ""xref_name"": ""A"", ""xref_src_db"": ""PDBe""}, {""xref_id"": ""2XWR"", ""xref_name"": ""A"", ""xref_src_db"": ""PDBe""}, {""xref_id"": ""2YBG"", ""xref_name"": ""A"", ""xref_src_db"": ""PDBe""}, {""xref_id"": ""2YDR"", ""xref_name"": ""A"", ""xref_src_db"": ""PDBe""}, {""xref_id"": ""2Z5S"", ""xref_name"": ""A"", ""xref_src_db"": ""PDBe""}, {""xref_id"": ""2Z5T"", ""xref_name"": ""A"", ""xref_src_db"": ""PDBe""}, {""xref_id"": ""3D05"", ""xref_name"": ""A"", ""xref_src_db"": ""PDBe""}, {""xref_id"": ""3D06"", ""xref_name"": ""A"", ""xref_src_db"": ""PDBe""}, {""xref_id"": ""3D07"", ""xref_name"": ""A"", ""xref_src_db"": ""PDBe""}, {""xref_id"": ""3D08"", ""xref_name"": ""A"", ""xref_src_db"": ""PDBe""}, {""xref_id"": ""3D09"", ""xref_name"": ""A"", ""xref_src_db"": ""PDBe""}, {""xref_id"": ""3D0A"", ""xref_name"": ""A"", ""xref_src_db"": ""PDBe""}, {""xref_id"": ""3DAB"", ""xref_name"": ""A"", ""xref_src_db"": ""PDBe""}, {""xref_id"": ""3DAC"", ""xref_name"": ""A"", ""xref_src_db"": ""PDBe""}, {""xref_id"": ""3IGK"", ""xref_name"": ""A"", ""xref_src_db"": ""PDBe""}, {""xref_id"": ""3IGL"", ""xref_name"": ""A"", ""xref_src_db"": ""PDBe""}, {""xref_id"": ""3KMD"", ""xref_name"": ""A"", ""xref_src_db"": ""PDBe""}, {""xref_id"": ""3KZ8"", ""xref_name"": ""A"", ""xref_src_db"": ""PDBe""}, {""xref_id"": ""3LW1"", ""xref_name"": ""A"", ""xref_src_db"": ""PDBe""}, {""xref_id"": ""3OQ5"", ""xref_name"": ""A"", ""xref_src_db"": ""PDBe""}, {""xref_id"": ""3PDH"", ""xref_name"": ""A"", ""xref_src_db"": ""PDBe""}, {""xref_id"": ""3Q01"", ""xref_name"": ""A"", ""xref_src_db"": ""PDBe""}, {""xref_id"": ""3Q05"", ""xref_name"": ""A"", ""xref_src_db"": ""PDBe""}, {""xref_id"": ""3Q06"", ""xref_name"": ""A"", ""xref_src_db"": ""PDBe""}, {""xref_id"": ""3TG5"", ""xref_name"": ""A"", ""xref_src_db"": ""PDBe""}, {""xref_id"": ""3TS8"", ""xref_name"": ""A"", ""xref_src_db"": ""PDBe""}, {""xref_id"": ""3ZME"", ""xref_name"": ""A"", ""xref_src_db"": ""PDBe""}, {""xref_id"": ""4AGL"", ""xref_name"": ""A"", ""xref_src_db"": ""PDBe""}, {""xref_id"": ""4AGM"", ""xref_name"": ""A"", ""xref_src_db"": ""PDBe""}, {""xref_id"": ""4AGN"", ""xref_name"": ""A"", ""xref_src_db"": ""PDBe""}, {""xref_id"": ""4AGO"", ""xref_name"": ""A"", ""xref_src_db"": ""PDBe""}, {""xref_id"": ""4AGP"", ""xref_name"": ""A"", ""xref_src_db"": ""PDBe""}, {""xref_id"": ""4AGQ"", ""xref_name"": ""A"", ""xref_src_db"": ""PDBe""}, {""xref_id"": ""4BUZ"", ""xref_name"": ""A"", ""xref_src_db"": ""PDBe""}, {""xref_id"": ""4BV2"", ""xref_name"": ""A"", ""xref_src_db"": ""PDBe""}, {""xref_id"": ""4HFZ"", ""xref_name"": ""A"", ""xref_src_db"": ""PDBe""}, {""xref_id"": ""4HJE"", ""xref_name"": ""A"", ""xref_src_db"": ""PDBe""}, {""xref_id"": ""4IBQ"", ""xref_name"": ""A"", ""xref_src_db"": ""PDBe""}, {""xref_id"": ""4IBS"", ""xref_name"": ""A"", ""xref_src_db"": ""PDBe""}, {""xref_id"": ""4IBT"", ""xref_name"": ""A"", ""xref_src_db"": ""PDBe""}, {""xref_id"": ""4IBU"", ""xref_name"": ""A"", ""xref_src_db"": ""PDBe""}, {""xref_id"": ""4IBV"", ""xref_name"": ""A"", ""xref_src_db"": ""PDBe""}, {""xref_id"": ""4IBW"", ""xref_name"": ""A"", ""xref_src_db"": ""PDBe""}, {""xref_id"": ""4IBY"", ""xref_name"": ""A"", ""xref_src_db"": ""PDBe""}, {""xref_id"": ""4IBZ"", ""xref_name"": ""A"", ""xref_src_db"": ""PDBe""}, {""xref_id"": ""4IJT"", ""xref_name"": ""A"", ""xref_src_db"": ""PDBe""}, {""xref_id"": ""4KVP"", ""xref_name"": ""A"", ""xref_src_db"": ""PDBe""}, {""xref_id"": ""4LO9"", ""xref_name"": ""A"", ""xref_src_db"": ""PDBe""}, {""xref_id"": ""4LOE"", ""xref_name"": ""A"", ""xref_src_db"": ""PDBe""}, {""xref_id"": ""4LOF"", ""xref_name"": ""A"", ""xref_src_db"": ""PDBe""}, {""xref_id"": ""4MZI"", ""xref_name"": ""A"", ""xref_src_db"": ""PDBe""}, {""xref_id"": ""4MZR"", ""xref_name"": ""A"", ""xref_src_db"": ""PDBe""}, {""xref_id"": ""4QO1"", ""xref_name"": ""A"", ""xref_src_db"": ""PDBe""}, {""xref_id"": ""4RP6"", ""xref_name"": ""A"", ""xref_src_db"": ""PDBe""}, {""xref_id"": ""4RP7"", ""xref_name"": ""A"", ""xref_src_db"": ""PDBe""}, {""xref_id"": ""4X34"", ""xref_name"": ""A"", ""xref_src_db"": ""PDBe""}, {""xref_id"": ""4XR8"", ""xref_name"": ""A"", ""xref_src_db"": ""PDBe""}, {""xref_id"": ""4ZZJ"", ""xref_name"": ""A"", ""xref_src_db"": ""PDBe""}, {""xref_id"": ""5A7B"", ""xref_name"": ""A"", ""xref_src_db"": ""PDBe""}, {""xref_id"": ""5AB9"", ""xref_name"": ""A"", ""xref_src_db"": ""PDBe""}, {""xref_id"": ""5ABA"", ""xref_name"": ""A"", ""xref_src_db"": ""PDBe""}, {""xref_id"": ""5AOI"", ""xref_name"": ""A"", ""xref_src_db"": ""PDBe""}, {""xref_id"": ""5AOJ"", ""xref_name"": ""A"", ""xref_src_db"": ""PDBe""}, {""xref_id"": ""5AOK"", ""xref_name"": ""A"", ""xref_src_db"": ""PDBe""}, {""xref_id"": ""5AOL"", ""xref_name"": ""A"", ""xref_src_db"": ""PDBe""}, {""xref_id"": ""5AOM"", ""xref_name"": ""A"", ""xref_src_db"": ""PDBe""}, {""xref_id"": ""5BUA"", ""xref_name"": ""A"", ""xref_src_db"": ""PDBe""}, {""xref_id"": ""5ECG"", ""xref_name"": ""A"", ""xref_src_db"": ""PDBe""}, {""xref_id"": ""5G4M"", ""xref_name"": ""A"", ""xref_src_db"": ""PDBe""}, {""xref_id"": ""5G4N"", ""xref_name"": ""A"", ""xref_src_db"": ""PDBe""}, {""xref_id"": ""5G4O"", ""xref_name"": ""A"", ""xref_src_db"": ""PDBe""}, {""xref_id"": ""5LAP"", ""xref_name"": ""A"", ""xref_src_db"": ""PDBe""}, {""xref_id"": ""5LGY"", ""xref_name"": ""A"", ""xref_src_db"": ""PDBe""}, {""xref_id"": ""5MCT"", ""xref_name"": ""A"", ""xref_src_db"": ""PDBe""}, {""xref_id"": ""5MCU"", ""xref_name"": ""A"", ""xref_src_db"": ""PDBe""}, {""xref_id"": ""5MCV"", ""xref_name"": ""A"", ""xref_src_db"": ""PDBe""}, {""xref_id"": ""5MCW"", ""xref_name"": ""A"", ""xref_src_db"": ""PDBe""}, {""xref_id"": ""5MF7"", ""xref_name"": ""A"", ""xref_src_db"": ""PDBe""}, {""xref_id"": ""5MG7"", ""xref_name"": ""A"", ""xref_src_db"": ""PDBe""}, {""xref_id"": ""5MHC"", ""xref_name"": ""A"", ""xref_src_db"": ""PDBe""}, {""xref_id"": ""5MOC"", ""xref_name"": ""A"", ""xref_src_db"": ""PDBe""}, {""xref_id"": ""5O1A"", ""xref_name"": ""A"", ""xref_src_db"": ""PDBe""}, {""xref_id"": ""5O1B"", ""xref_name"": ""A"", ""xref_src_db"": ""PDBe""}, {""xref_id"": ""5O1C"", ""xref_name"": ""A"", ""xref_src_db"": ""PDBe""}, {""xref_id"": ""5O1D"", ""xref_name"": ""A"", ""xref_src_db"": ""PDBe""}, {""xref_id"": ""5O1E"", ""xref_name"": ""A"", ""xref_src_db"": ""PDBe""}, {""xref_id"": ""5O1F"", ""xref_name"": ""A"", ""xref_src_db"": ""PDBe""}, {""xref_id"": ""5O1G"", ""xref_name"": ""A"", ""xref_src_db"": ""PDBe""}, {""xref_id"": ""5O1H"", ""xref_name"": ""A"", ""xref_src_db"": ""PDBe""}, {""xref_id"": ""5O1I"", ""xref_name"": ""A"", ""xref_src_db"": ""PDBe""}, {""xref_id"": ""5OL0"", ""xref_name"": ""A"", ""xref_src_db"": ""PDBe""}, {""xref_id"": ""5UN8"", ""xref_name"": ""A"", ""xref_src_db"": ""PDBe""}, {""xref_id"": ""6FF9"", ""xref_name"": ""A"", ""xref_src_db"": ""PDBe""}, {""xref_id"": ""6FJ5"", ""xref_name"": ""A"", ""xref_src_db"": ""PDBe""}, {""xref_id"": ""6GGA"", ""xref_name"": ""A"", ""xref_src_db"": ""PDBe""}, {""xref_id"": ""6GGB"", ""xref_name"": ""A"", ""xref_src_db"": ""PDBe""}, {""xref_id"": ""6GGC"", ""xref_name"": ""A"", ""xref_src_db"": ""PDBe""}, {""xref_id"": ""6GGD"", ""xref_name"": ""A"", ""xref_src_db"": ""PDBe""}, {""xref_id"": ""6GGE"", ""xref_name"": ""A"", ""xref_src_db"": ""PDBe""}, {""xref_id"": ""6GGF"", ""xref_name"": ""A"", ""xref_src_db"": ""PDBe""}, {""xref_id"": ""6LHD"", ""xref_name"": ""A"", ""xref_src_db"": ""PDBe""}, {""xref_id"": ""6R5L"", ""xref_name"": ""A"", ""xref_src_db"": ""PDBe""}, {""xref_id"": ""6RJZ"", ""xref_name"": ""A"", ""xref_src_db"": ""PDBe""}, {""xref_id"": ""6RK8"", ""xref_name"": ""A"", ""xref_src_db"": ""PDBe""}, {""xref_id"": ""6RKI"", ""xref_name"": ""A"", ""xref_src_db"": ""PDBe""}, {""xref_id"": ""6RKK"", ""xref_name"": ""A"", ""xref_src_db"": ""PDBe""}, {""xref_id"": ""6RKM"", ""xref_name"": ""A"", ""xref_src_db"": ""PDBe""}, {""xref_id"": ""6RL3"", ""xref_name"": ""A"", ""xref_src_db"": ""PDBe""}, {""xref_id"": ""6RL4"", ""xref_name"": ""A"", ""xref_src_db"": ""PDBe""}, {""xref_id"": ""6RL6"", ""xref_name"": ""A"", ""xref_src_db"": ""PDBe""}, {""xref_id"": ""6RM5"", ""xref_name"": ""A"", ""xref_src_db"": ""PDBe""}, {""xref_id"": ""6RM7"", ""xref_name"": ""A"", ""xref_src_db"": ""PDBe""}, {""xref_id"": ""6RWH"", ""xref_name"": ""A"", ""xref_src_db"": ""PDBe""}, {""xref_id"": ""6RWI"", ""xref_name"": ""A"", ""xref_src_db"": ""PDBe""}, {""xref_id"": ""6RWS"", ""xref_name"": ""A"", ""xref_src_db"": ""PDBe""}, {""xref_id"": ""6RWU"", ""xref_name"": ""A"", ""xref_src_db"": ""PDBe""}, {""xref_id"": ""6RX2"", ""xref_name"": ""A"", ""xref_src_db"": ""PDBe""}, {""xref_id"": ""6RZ3"", ""xref_name"": ""A"", ""xref_src_db"": ""PDBe""}, {""xref_id"": ""6S39"", ""xref_name"": ""A"", ""xref_src_db"": ""PDBe""}, {""xref_id"": ""6S3C"", ""xref_name"": ""A"", ""xref_src_db"": ""PDBe""}, {""xref_id"": ""6S40"", ""xref_name"": ""A"", ""xref_src_db"": ""PDBe""}, {""xref_id"": ""6S9Q"", ""xref_name"": ""A"", ""xref_src_db"": ""PDBe""}, {""xref_id"": ""6SHZ"", ""xref_name"": ""A"", ""xref_src_db"": ""PDBe""}, {""xref_id"": ""6SI0"", ""xref_name"": ""A"", ""xref_src_db"": ""PDBe""}, {""xref_id"": ""6SI1"", ""xref_name"": ""A"", ""xref_src_db"": ""PDBe""}, {""xref_id"": ""6SI2"", ""xref_name"": ""A"", ""xref_src_db"": ""PDBe""}, {""xref_id"": ""6SI3"", ""xref_name"": ""A"", ""xref_src_db"": ""PDBe""}, {""xref_id"": ""6SI4"", ""xref_name"": ""A"", ""xref_src_db"": ""PDBe""}, {""xref_id"": ""6SIN"", ""xref_name"": ""A"", ""xref_src_db"": ""PDBe""}, {""xref_id"": ""6SIO"", ""xref_name"": ""A"", ""xref_src_db"": ""PDBe""}, {""xref_id"": ""6SIP"", ""xref_name"": ""A"", ""xref_src_db"": ""PDBe""}, {""xref_id"": ""6SIQ"", ""xref_name"": ""A"", ""xref_src_db"": ""PDBe""}, {""xref_id"": ""6SL6"", ""xref_name"": ""A"", ""xref_src_db"": ""PDBe""}, {""xref_id"": ""6SLV"", ""xref_name"": ""A"", ""xref_src_db"": ""PDBe""}, {""xref_id"": ""6T58"", ""xref_name"": ""A"", ""xref_src_db"": ""PDBe""}, {""xref_id"": ""6V4F"", ""xref_name"": ""A"", ""xref_src_db"": ""PDBe""}, {""xref_id"": ""6V4H"", ""xref_name"": ""A"", ""xref_src_db"": ""PDBe""}, {""xref_id"": ""6VQO"", ""xref_name"": ""A"", ""xref_src_db"": ""PDBe""}, {""xref_id"": ""6VR1"", ""xref_name"": ""A"", ""xref_src_db"": ""PDBe""}, {""xref_id"": ""6VR5"", ""xref_name"": ""A"", ""xref_src_db"": ""PDBe""}, {""xref_id"": ""6VRM"", ""xref_name"": ""A"", ""xref_src_db"": ""PDBe""}, {""xref_id"": ""6VRN"", ""xref_name"": ""A"", ""xref_src_db"": ""PDBe""}, {""xref_id"": ""6W51"", ""xref_name"": ""A"", ""xref_src_db"": ""PDBe""}, {""xref_id"": ""6ZNC"", ""xref_name"": ""A"", ""xref_src_db"": ""PDBe""}, {""xref_id"": ""7B46"", ""xref_name"": ""A"", ""xref_src_db"": ""PDBe""}, {""xref_id"": ""7B47"", ""xref_name"": ""A"", ""xref_src_db"": ""PDBe""}, {""xref_id"": ""7B48"", ""xref_name"": ""A"", ""xref_src_db"": ""PDBe""}, {""xref_id"": ""7B49"", ""xref_name"": ""A"", ""xref_src_db"": ""PDBe""}, {""xref_id"": ""7B4A"", ""xref_name"": ""A"", ""xref_src_db"": ""PDBe""}, {""xref_id"": ""7B4B"", ""xref_name"": ""A"", ""xref_src_db"": ""PDBe""}, {""xref_id"": ""7B4C"", ""xref_name"": ""A"", ""xref_src_db"": ""PDBe""}, {""xref_id"": ""7B4D"", ""xref_name"": ""A"", ""xref_src_db"": ""PDBe""}, {""xref_id"": ""7B4E"", ""xref_name"": ""A"", ""xref_src_db"": ""PDBe""}, {""xref_id"": ""7B4F"", ""xref_name"": ""A"", ""xref_src_db"": ""PDBe""}, {""xref_id"": ""7B4G"", ""xref_name"": ""A"", ""xref_src_db"": ""PDBe""}, {""xref_id"": ""7B4H"", ""xref_name"": ""A"", ""xref_src_db"": ""PDBe""}, {""xref_id"": ""7B4N"", ""xref_name"": ""A"", ""xref_src_db"": ""PDBe""}, {""xref_id"": ""7BWN"", ""xref_name"": ""A"", ""xref_src_db"": ""PDBe""}, {""xref_id"": ""7DHY"", ""xref_name"": ""A"", ""xref_src_db"": ""PDBe""}, {""xref_id"": ""7DHZ"", ""xref_name"": ""A"", ""xref_src_db"": ""PDBe""}, {""xref_id"": ""7DVD"", ""xref_name"": ""A"", ""xref_src_db"": ""PDBe""}, {""xref_id"": ""7EAX"", ""xref_name"": ""A"", ""xref_src_db"": ""PDBe""}, {""xref_id"": ""7EDS"", ""xref_name"": ""A"", ""xref_src_db"": ""PDBe""}, {""xref_id"": ""7EEU"", ""xref_name"": ""A"", ""xref_src_db"": ""PDBe""}, {""xref_id"": ""7EL4"", ""xref_name"": ""A"", ""xref_src_db"": ""PDBe""}, {""xref_id"": ""7NMI"", ""xref_name"": ""A"", ""xref_src_db"": ""PDBe""}, {""xref_id"": ""7RM4"", ""xref_name"": ""A"", ""xref_src_db"": ""PDBe""}, {""xref_id"": ""7V97"", ""xref_name"": ""A"", ""xref_src_db"": ""PDBe""}, {""xref_id"": ""7YGI"", ""xref_name"": ""A"", ""xref_src_db"": ""PDBe""}, {""xref_id"": ""8A31"", ""xref_name"": ""A"", ""xref_src_db"": ""PDBe""}, {""xref_id"": ""8A32"", ""xref_name"": ""A"", ""xref_src_db"": ""PDBe""}, {""xref_id"": ""8A92"", ""xref_name"": ""A"", ""xref_src_db"": ""PDBe""}, {""xref_id"": ""8CG7"", ""xref_name"": ""A"", ""xref_src_db"": ""PDBe""}, {""xref_id"": ""8DC4"", ""xref_name"": ""A"", ""xref_src_db"": ""PDBe""}, {""xref_id"": ""8DC6"", ""xref_name"": ""A"", ""xref_src_db"": ""PDBe""}, {""xref_id"": ""8DC7"", ""xref_name"": ""A"", ""xref_src_db"": ""PDBe""}, {""xref_id"": ""8DC8"", ""xref_name"": ""A"", ""xref_src_db"": ""PDBe""}, {""xref_id"": ""8E7A"", ""xref_name"": ""A"", ""xref_src_db"": ""PDBe""}, {""xref_id"": ""8E7B"", ""xref_name"": ""A"", ""xref_src_db"": ""PDBe""}, {""xref_id"": ""8HLL"", ""xref_name"": ""A"", ""xref_src_db"": ""PDBe""}, {""xref_id"": ""8HLM"", ""xref_name"": ""A"", ""xref_src_db"": ""PDBe""}, {""xref_id"": ""8HLN"", ""xref_name"": ""A"", ""xref_src_db"": ""PDBe""}, {""xref_id"": ""8QWK"", ""xref_name"": ""A"", ""xref_src_db"": ""PDBe""}, {""xref_id"": ""8QWL"", ""xref_name"": ""A"", ""xref_src_db"": ""PDBe""}, {""xref_id"": ""8QWM"", ""xref_name"": ""A"", ""xref_src_db"": ""PDBe""}, {""xref_id"": ""8QWN"", ""xref_name"": ""A"", ""xref_src_db"": ""PDBe""}, {""xref_id"": ""8QWO"", ""xref_name"": ""A"", ""xref_src_db"": ""PDBe""}, {""xref_id"": ""8QWP"", ""xref_name"": ""A"", ""xref_src_db"": ""PDBe""}, {""xref_id"": ""8RBA"", ""xref_name"": ""A"", ""xref_src_db"": ""PDBe""}, {""xref_id"": ""8RBB"", ""xref_name"": ""A"", ""xref_src_db"": ""PDBe""}, {""xref_id"": ""8RBC"", ""xref_name"": ""A"", ""xref_src_db"": ""PDBe""}, {""xref_id"": ""8RCI"", ""xref_name"": ""A"", ""xref_src_db"": ""PDBe""}, {""xref_id"": ""8UQR"", ""xref_name"": ""A"", ""xref_src_db"": ""PDBe""}, {""xref_id"": ""8WD2"", ""xref_name"": ""A"", ""xref_src_db"": ""PDBe""}, {""xref_id"": ""8XP5"", ""xref_name"": ""A"", ""xref_src_db"": ""PDBe""}, {""xref_id"": ""9BR4"", ""xref_name"": ""A"", ""xref_src_db"": ""PDBe""}, {""xref_id"": ""9C5S"", ""xref_name"": ""A"", ""xref_src_db"": ""PDBe""}, {""xref_id"": ""PF00870"", ""xref_name"": ""P53"", ""xref_src_db"": ""Pfam""}, {""xref_id"": ""PF07710"", ""xref_name"": ""P53_tetramer"", ""xref_src_db"": ""Pfam""}, {""xref_id"": ""PF08563"", ""xref_name"": ""P53_TAD"", ""xref_src_db"": ""Pfam""}, {""xref_id"": ""PF18521"", ""xref_name"": ""TAD2"", ""xref_src_db"": ""Pfam""}, {""xref_id"": ""PA36679"", ""xref_name"": ""tumor protein p53"", ""xref_src_db"": ""PharmGKB""}, {""xref_id"": ""P04637"", ""xref_name"": null, ""xref_src_db"": ""Pharos""}, {""xref_id"": ""R-HSA-111448"", ""xref_name"": ""Activation of NOXA and translocation to mitochondria"", ""xref_src_db"": ""Reactome""}, {""xref_id"": ""R-HSA-139915"", ""xref_name"": ""Activation of PUMA and translocation to mitochondria"", ""xref_src_db"": ""Reactome""}, {""xref_id"": ""R-HSA-1912408"", ""xref_name"": ""Pre-NOTCH Transcription and Translation"", ""xref_src_db"": ""Reactome""}, {""xref_id"": ""R-HSA-2559580"", ""xref_name"": ""Oxidative Stress Induced Senescence"", ""xref_src_db"": ""Reactome""}, {""xref_id"": ""R-HSA-2559584"", ""xref_name"": ""Formation of Senescence-Associated Heterochromatin Foci (SAHF)"", ""xref_src_db"": ""Reactome""}, {""xref_id"": ""R-HSA-2559585"", ""xref_name"": ""Oncogene Induced Senescence"", ""xref_src_db"": ""Reactome""}, {""xref_id"": ""R-HSA-2559586"", ""xref_name"": ""DNA Damage/Telomere Stress Induced Senescence"", ""xref_src_db"": ""Reactome""}, {""xref_id"": ""R-HSA-3232118"", ""xref_name"": ""SUMOylation of transcription factors"", ""xref_src_db"": ""Reactome""}, {""xref_id"": ""R-HSA-349425"", ""xref_name"": ""Autodegradation of the E3 ubiquitin ligase COP1"", ""xref_src_db"": ""Reactome""}, {""xref_id"": ""R-HSA-390471"", ""xref_name"": ""Association of TriC/CCT with target proteins during biosynthesis"", ""xref_src_db"": ""Reactome""}, {""xref_id"": ""R-HSA-5620971"", ""xref_name"": ""Pyroptosis"", ""xref_src_db"": ""Reactome""}, {""xref_id"": ""R-HSA-5628897"", ""xref_name"": ""TP53 Regulates Metabolic Genes"", ""xref_src_db"": ""Reactome""}, {""xref_id"": ""R-HSA-5689880"", ""xref_name"": ""Ub-specific processing proteases"", ""xref_src_db"": ""Reactome""}, {""xref_id"": ""R-HSA-5689896"", ""xref_name"": ""Ovarian tumor domain proteases"", ""xref_src_db"": ""Reactome""}, {""xref_id"": ""R-HSA-5693565"", ""xref_name"": ""Recruitment and ATM-mediated phosphorylation of repair and signaling proteins at DNA double strand breaks"", ""xref_src_db"": ""Reactome""}, {""xref_id"": ""R-HSA-6785807"", ""xref_name"": ""Interleukin-4 and Interleukin-13 signaling"", ""xref_src_db"": ""Reactome""}, {""xref_id"": ""R-HSA-6796648"", ""xref_name"": ""TP53 Regulates Transcription of DNA Repair Genes"", ""xref_src_db"": ""Reactome""}, {""xref_id"": ""R-HSA-6803204"", ""xref_name"": ""TP53 Regulates Transcription of Genes Involved in Cytochrome C Release"", ""xref_src_db"": ""Reactome""}, {""xref_id"": ""R-HSA-6803205"", ""xref_name"": ""TP53 regulates transcription of several additional cell death genes whose specific roles in p53-dependent apoptosis remain uncertain"", ""xref_src_db"": ""Reactome""}, {""xref_id"": ""R-HSA-6803207"", ""xref_name"": ""TP53 Regulates Transcription of Caspase Activators and Caspases"", ""xref_src_db"": ""Reactome""}, {""xref_id"": ""R-HSA-6803211"", ""xref_name"": ""TP53 Regulates Transcription of Death Receptors and Ligands"", ""xref_src_db"": ""Reactome""}, {""xref_id"": ""R-HSA-6804114"", ""xref_name"": ""TP53 Regulates Transcription of Genes Involved in G2 Cell Cycle Arrest"", ""xref_src_db"": ""Reactome""}, {""xref_id"": ""R-HSA-6804115"", ""xref_name"": ""TP53 regulates transcription of additional cell cycle genes whose exact role in the p53 pathway remain uncertain"", ""xref_src_db"": ""Reactome""}, {""xref_id"": ""R-HSA-6804116"", ""xref_name"": ""TP53 Regulates Transcription of Genes Involved in G1 Cell Cycle Arrest"", ""xref_src_db"": ""Reactome""}, {""xref_id"": ""R-HSA-6804754"", ""xref_name"": ""Regulation of TP53 Expression"", ""xref_src_db"": ""Reactome""}, {""xref_id"": ""R-HSA-6804756"", ""xref_name"": ""Regulation of TP53 Activity through Phosphorylation"", ""xref_src_db"": ""Reactome""}, {""xref_id"": ""R-HSA-6804757"", ""xref_name"": ""Regulation of TP53 Degradation"", ""xref_src_db"": ""Reactome""}, {""xref_id"": ""R-HSA-6804758"", ""xref_name"": ""Regulation of TP53 Activity through Acetylation"", ""xref_src_db"": ""Reactome""}, {""xref_id"": ""R-HSA-6804759"", ""xref_name"": ""Regulation of TP53 Activity through Association with Co-factors"", ""xref_src_db"": ""Reactome""}, {""xref_id"": ""R-HSA-6804760"", ""xref_name"": ""Regulation of TP53 Activity through Methylation"", ""xref_src_db"": ""Reactome""}, {""xref_id"": ""R-HSA-6811555"", ""xref_name"": ""PI5P Regulates TP53 Acetylation"", ""xref_src_db"": ""Reactome""}, {""xref_id"": ""R-HSA-69473"", ""xref_name"": ""G2/M DNA damage checkpoint"", ""xref_src_db"": ""Reactome""}, {""xref_id"": ""R-HSA-69481"", ""xref_name"": ""G2/M Checkpoints"", ""xref_src_db"": ""Reactome""}, {""xref_id"": ""R-HSA-69541"", ""xref_name"": ""Stabilization of p53"", ""xref_src_db"": ""Reactome""}, {""xref_id"": ""R-HSA-69895"", ""xref_name"": ""Transcriptional activation of cell cycle inhibitor p21"", ""xref_src_db"": ""Reactome""}, {""xref_id"": ""R-HSA-8852276"", ""xref_name"": ""The role of GTSE1 in G2/M progression after G2 checkpoint"", ""xref_src_db"": ""Reactome""}, {""xref_id"": ""R-HSA-8853884"", ""xref_name"": ""Transcriptional Regulation by VENTX"", ""xref_src_db"": ""Reactome""}, {""xref_id"": ""R-HSA-8941855"", ""xref_name"": ""RUNX3 regulates CDKN1A transcription"", ""xref_src_db"": ""Reactome""}, {""xref_id"": ""R-HSA-8943724"", ""xref_name"": ""Regulation of PTEN gene transcription"", ""xref_src_db"": ""Reactome""}, {""xref_id"": ""R-HSA-9723905"", ""xref_name"": ""Loss of function of TP53 in cancer due to loss of tetramerization ability"", ""xref_src_db"": ""Reactome""}, {""xref_id"": ""R-HSA-9725370"", ""xref_name"": ""Signaling by ALK fusions and activated point mutants"", ""xref_src_db"": ""Reactome""}, {""xref_id"": ""R-HSA-9758274"", ""xref_name"": ""Regulation of NF-kappa B signaling"", ""xref_src_db"": ""Reactome""}, {""xref_id"": ""R-HSA-9819196"", ""xref_name"": ""Zygotic genome activation (ZGA)"", ""xref_src_db"": ""Reactome""}, {""xref_id"": ""R-HSA-983231"", ""xref_name"": ""Factors involved in megakaryocyte development and platelet production"", ""xref_src_db"": ""Reactome""}, {""xref_id"": ""R-HSA-9833482"", ""xref_name"": ""PKR-mediated signaling"", ""xref_src_db"": ""Reactome""}, {""xref_id"": ""P04637"", ""xref_name"": ""Cellular tumor antigen p53"", ""xref_src_db"": ""UniProt""}, {""xref_id"": ""Q15086"", ""xref_name"": ""Cellular tumor antigen p53"", ""xref_src_db"": ""UniProt""}, {""xref_id"": ""Q15087"", ""xref_name"": ""Cellular tumor antigen p53"", ""xref_src_db"": ""UniProt""}, {""xref_id"": ""Q15088"", ""xref_name"": ""Cellular tumor antigen p53"", ""xref_src_db"": ""UniProt""}, {""xref_id"": ""Q16535"", ""xref_name"": ""Cellular tumor antigen p53"", ""xref_src_db"": ""UniProt""}, {""xref_id"": ""Q16807"", ""xref_name"": ""Cellular tumor antigen p53"", ""xref_src_db"": ""UniProt""}, {""xref_id"": ""Q16808"", ""xref_name"": ""Cellular tumor antigen p53"", ""xref_src_db"": ""UniProt""}, {""xref_id"": ""Q16809"", ""xref_name"": ""Cellular tumor antigen p53"", ""xref_src_db"": ""UniProt""}, {""xref_id"": ""Q16810"", ""xref_name"": ""Cellular tumor antigen p53"", ""xref_src_db"": ""UniProt""}, {""xref_id"": ""Q16811"", ""xref_name"": ""Cellular tumor antigen p53"", ""xref_src_db"": ""UniProt""}, {""xref_id"": ""Q16848"", ""xref_name"": ""Cellular tumor antigen p53"", ""xref_src_db"": ""UniProt""}, {""xref_id"": ""Q2XN98"", ""xref_name"": ""Cellular tumor antigen p53"", ""xref_src_db"": ""UniProt""}, {""xref_id"": ""Q3LRW1"", ""xref_name"": ""Cellular tumor antigen p53"", ""xref_src_db"": ""UniProt""}, {""xref_id"": ""Q3LRW2"", ""xref_name"": ""Cellular tumor antigen p53"", ""xref_src_db"": ""UniProt""}, {""xref_id"": ""Q3LRW3"", ""xref_name"": ""Cellular tumor antigen p53"", ""xref_src_db"": ""UniProt""}, {""xref_id"": ""Q3LRW4"", ""xref_name"": ""Cellular tumor antigen p53"", ""xref_src_db"": ""UniProt""}, {""xref_id"": ""Q3LRW5"", ""xref_name"": ""Cellular tumor antigen p53"", ""xref_src_db"": ""UniProt""}, {""xref_id"": ""Q86UG1"", ""xref_name"": ""Cellular tumor antigen p53"", ""xref_src_db"": ""UniProt""}, {""xref_id"": ""Q8J016"", ""xref_name"": ""Cellular tumor antigen p53"", ""xref_src_db"": ""UniProt""}, {""xref_id"": ""Q99659"", ""xref_name"": ""Cellular tumor antigen p53"", ""xref_src_db"": ""UniProt""}, {""xref_id"": ""Q9BTM4"", ""xref_name"": ""Cellular tumor antigen p53"", ""xref_src_db"": ""UniProt""}, {""xref_id"": ""Q9HAQ8"", ""xref_name"": ""Cellular tumor antigen p53"", ""xref_src_db"": ""UniProt""}, {""xref_id"": ""Q9NP68"", ""xref_name"": ""Cellular tumor antigen p53"", ""xref_src_db"": ""UniProt""}, {""xref_id"": ""Q9NPJ2"", ""xref_name"": ""Cellular tumor antigen p53"", ""xref_src_db"": ""UniProt""}, {""xref_id"": ""Q9NZD0"", ""xref_name"": ""Cellular tumor antigen p53"", ""xref_src_db"": ""UniProt""}, {""xref_id"": ""Q9UBI2"", ""xref_name"": ""Cellular tumor antigen p53"", ""xref_src_db"": ""UniProt""}, {""xref_id"": ""Q9UQ61"", ""xref_name"": ""Cellular tumor antigen p53"", ""xref_src_db"": ""UniProt""}]",normalized_field,tests/fixtures/bronze/chembl/target_component/sample_ci_2026-04-29.jsonl
chembl_target_component,chembl/target_component,target_component_xrefs,bronze_fixture,"[{""xref_id"": ""P04757"", ""xref_name"": null, ""xref_src_db"": ""AlphaFoldDB""}, {""xref_id"": ""GO:0005783"", ""xref_name"": ""endoplasmic reticulum"", ""xref_src_db"": ""GoComponent""}, {""xref_id"": ""GO:0005794"", ""xref_name"": ""Golgi apparatus"", ""xref_src_db"": ""GoComponent""}, {""xref_id"": ""GO:0005886"", ""xref_name"": ""plasma membrane"", ""xref_src_db"": ""GoComponent""}, {""xref_id"": ""GO:0005892"", ""xref_name"": ""acetylcholine-gated channel complex"", ""xref_src_db"": ""GoComponent""}, {""xref_id"": ""GO:0030425"", ""xref_name"": ""dendrite"", ""xref_src_db"": ""GoComponent""}, {""xref_id"": ""GO:0032991"", ""xref_name"": ""protein-containing complex"", ""xref_src_db"": ""GoComponent""}, {""xref_id"": ""GO:0043005"", ""xref_name"": ""neuron projection"", ""xref_src_db"": ""GoComponent""}, {""xref_id"": ""GO:0043025"", ""xref_name"": ""neuronal cell body"", ""xref_src_db"": ""GoComponent""}, {""xref_id"": ""GO:0044853"", ""xref_name"": ""plasma membrane raft"", ""xref_src_db"": ""GoComponent""}, {""xref_id"": ""GO:0045202"", ""xref_name"": ""synapse"", ""xref_src_db"": ""GoComponent""}, {""xref_id"": ""GO:0045211"", ""xref_name"": ""postsynaptic membrane"", ""xref_src_db"": ""GoComponent""}, {""xref_id"": ""GO:0098691"", ""xref_name"": ""dopaminergic synapse"", ""xref_src_db"": ""GoComponent""}, {""xref_id"": ""GO:0098793"", ""xref_name"": ""presynapse"", ""xref_src_db"": ""GoComponent""}, {""xref_id"": ""GO:0098981"", ""xref_name"": ""cholinergic synapse"", ""xref_src_db"": ""GoComponent""}, {""xref_id"": ""GO:0099634"", ""xref_name"": ""postsynaptic specialization membrane"", ""xref_src_db"": ""GoComponent""}, {""xref_id"": ""GO:0004888"", ""xref_name"": ""transmembrane signaling receptor activity"", ""xref_src_db"": ""GoFunction""}, {""xref_id"": ""GO:0015464"", ""xref_name"": ""acetylcholine receptor activity"", ""xref_src_db"": ""GoFunction""}, {""xref_id"": ""GO:0022848"", ""xref_name"": ""acetylcholine-gated monoatomic cation-selective channel activity"", ""xref_src_db"": ""GoFunction""}, {""xref_id"": ""GO:0042166"", ""xref_name"": ""acetylcholine binding"", ""xref_src_db"": ""GoFunction""}, {""xref_id"": ""GO:1904315"", ""xref_name"": ""transmitter-gated monoatomic ion channel activity involved in regulation of postsynaptic membrane potential"", ""xref_src_db"": ""GoFunction""}, {""xref_id"": ""GO:0006937"", ""xref_name"": ""regulation of muscle contraction"", ""xref_src_db"": ""GoProcess""}, {""xref_id"": ""GO:0006940"", ""xref_name"": ""regulation of smooth muscle contraction"", ""xref_src_db"": ""GoProcess""}, {""xref_id"": ""GO:0007165"", ""xref_name"": ""signal transduction"", ""xref_src_db"": ""GoProcess""}, {""xref_id"": ""GO:0007271"", ""xref_name"": ""synaptic transmission, cholinergic"", ""xref_src_db"": ""GoProcess""}, {""xref_id"": ""GO:0007399"", ""xref_name"": ""nervous system development"", ""xref_src_db"": ""GoProcess""}, {""xref_id"": ""GO:0007507"", ""xref_name"": ""heart development"", ""xref_src_db"": ""GoProcess""}, {""xref_id"": ""GO:0007626"", ""xref_name"": ""locomotory behavior"", ""xref_src_db"": ""GoProcess""}, {""xref_id"": ""GO:0014056"", ""xref_name"": ""regulation of acetylcholine secretion, neurotransmission"", ""xref_src_db"": ""GoProcess""}, {""xref_id"": ""GO:0034220"", ""xref_name"": ""monoatomic ion transmembrane transport"", ""xref_src_db"": ""GoProcess""}, {""xref_id"": ""GO:0035095"", ""xref_name"": ""behavioral response to nicotine"", ""xref_src_db"": ""GoProcess""}, {""xref_id"": ""GO:0042391"", ""xref_name"": ""regulation of membrane potential"", ""xref_src_db"": ""GoProcess""}, {""xref_id"": ""GO:0048814"", ""xref_name"": ""regulation of dendrite morphogenesis"", ""xref_src_db"": ""GoProcess""}, {""xref_id"": ""GO:0051899"", ""xref_name"": ""membrane depolarization"", ""xref_src_db"": ""GoProcess""}, {""xref_id"": ""GO:0060079"", ""xref_name"": ""excitatory postsynaptic potential"", ""xref_src_db"": ""GoProcess""}, {""xref_id"": ""GO:0060084"", ""xref_name"": ""synaptic transmission involved in micturition"", ""xref_src_db"": ""GoProcess""}, {""xref_id"": ""GO:0095500"", ""xref_name"": ""acetylcholine receptor signaling pathway"", ""xref_src_db"": ""GoProcess""}, {""xref_id"": ""GO:0099171"", ""xref_name"": ""presynaptic modulation of chemical synaptic transmission"", ""xref_src_db"": ""GoProcess""}, {""xref_id"": ""P04757"", ""xref_name"": null, ""xref_src_db"": ""IntAct""}, {""xref_id"": ""IPR002394"", ""xref_name"": ""Nicotinic_acetylcholine_rcpt"", ""xref_src_db"": ""InterPro""}, {""xref_id"": ""IPR006029"", ""xref_name"": ""Neurotrans-gated_channel_TM"", ""xref_src_db"": ""InterPro""}, {""xref_id"": ""IPR006201"", ""xref_name"": ""Neur_channel"", ""xref_src_db"": ""InterPro""}, {""xref_id"": ""IPR006202"", ""xref_name"": ""Neur_chan_lig-bd"", ""xref_src_db"": ""InterPro""}, {""xref_id"": ""IPR018000"", ""xref_name"": ""Neurotransmitter_ion_chnl_CS"", ""xref_src_db"": ""InterPro""}, {""xref_id"": ""IPR036719"", ""xref_name"": ""Neuro-gated_channel_TM_sf"", ""xref_src_db"": ""InterPro""}, {""xref_id"": ""IPR036734"", ""xref_name"": ""Neur_chan_lig-bd_sf"", ""xref_src_db"": ""InterPro""}, {""xref_id"": ""IPR038050"", ""xref_name"": ""Neuro_actylchol_rec"", ""xref_src_db"": ""InterPro""}, {""xref_id"": ""PTHR18945"", ""xref_name"": ""NEUROTRANSMITTER GATED ION CHANNEL"", ""xref_src_db"": ""PANTHER""}, {""xref_id"": ""PF02931"", ""xref_name"": ""Neur_chan_LBD"", ""xref_src_db"": ""Pfam""}, {""xref_id"": ""PF02932"", ""xref_name"": ""Neur_chan_memb"", ""xref_src_db"": ""Pfam""}, {""xref_id"": ""R-RNO-629587"", ""xref_name"": ""Highly sodium permeable postsynaptic acetylcholine nicotinic receptors"", ""xref_src_db"": ""Reactome""}, {""xref_id"": ""R-RNO-629594"", ""xref_name"": ""Highly calcium permeable postsynaptic nicotinic acetylcholine receptors"", ""xref_src_db"": ""Reactome""}, {""xref_id"": ""R-RNO-629597"", ""xref_name"": ""Highly calcium permeable nicotinic acetylcholine receptors"", ""xref_src_db"": ""Reactome""}, {""xref_id"": ""P04757"", ""xref_name"": ""Neuronal acetylcholine receptor subunit alpha-3"", ""xref_src_db"": ""UniProt""}]",1,"[{""xref_id"": ""P04757"", ""xref_name"": null, ""xref_src_db"": ""AlphaFoldDB""}, {""xref_id"": ""GO:0005783"", ""xref_name"": ""endoplasmic reticulum"", ""xref_src_db"": ""GoComponent""}, {""xref_id"": ""GO:0005794"", ""xref_name"": ""Golgi apparatus"", ""xref_src_db"": ""GoComponent""}, {""xref_id"": ""GO:0005886"", ""xref_name"": ""plasma membrane"", ""xref_src_db"": ""GoComponent""}, {""xref_id"": ""GO:0005892"", ""xref_name"": ""acetylcholine-gated channel complex"", ""xref_src_db"": ""GoComponent""}, {""xref_id"": ""GO:0030425"", ""xref_name"": ""dendrite"", ""xref_src_db"": ""GoComponent""}, {""xref_id"": ""GO:0032991"", ""xref_name"": ""protein-containing complex"", ""xref_src_db"": ""GoComponent""}, {""xref_id"": ""GO:0043005"", ""xref_name"": ""neuron projection"", ""xref_src_db"": ""GoComponent""}, {""xref_id"": ""GO:0043025"", ""xref_name"": ""neuronal cell body"", ""xref_src_db"": ""GoComponent""}, {""xref_id"": ""GO:0044853"", ""xref_name"": ""plasma membrane raft"", ""xref_src_db"": ""GoComponent""}, {""xref_id"": ""GO:0045202"", ""xref_name"": ""synapse"", ""xref_src_db"": ""GoComponent""}, {""xref_id"": ""GO:0045211"", ""xref_name"": ""postsynaptic membrane"", ""xref_src_db"": ""GoComponent""}, {""xref_id"": ""GO:0098691"", ""xref_name"": ""dopaminergic synapse"", ""xref_src_db"": ""GoComponent""}, {""xref_id"": ""GO:0098793"", ""xref_name"": ""presynapse"", ""xref_src_db"": ""GoComponent""}, {""xref_id"": ""GO:0098981"", ""xref_name"": ""cholinergic synapse"", ""xref_src_db"": ""GoComponent""}, {""xref_id"": ""GO:0099634"", ""xref_name"": ""postsynaptic specialization membrane"", ""xref_src_db"": ""GoComponent""}, {""xref_id"": ""GO:0004888"", ""xref_name"": ""transmembrane signaling receptor activity"", ""xref_src_db"": ""GoFunction""}, {""xref_id"": ""GO:0015464"", ""xref_name"": ""acetylcholine receptor activity"", ""xref_src_db"": ""GoFunction""}, {""xref_id"": ""GO:0022848"", ""xref_name"": ""acetylcholine-gated monoatomic cation-selective channel activity"", ""xref_src_db"": ""GoFunction""}, {""xref_id"": ""GO:0042166"", ""xref_name"": ""acetylcholine binding"", ""xref_src_db"": ""GoFunction""}, {""xref_id"": ""GO:1904315"", ""xref_name"": ""transmitter-gated monoatomic ion channel activity involved in regulation of postsynaptic membrane potential"", ""xref_src_db"": ""GoFunction""}, {""xref_id"": ""GO:0006937"", ""xref_name"": ""regulation of muscle contraction"", ""xref_src_db"": ""GoProcess""}, {""xref_id"": ""GO:0006940"", ""xref_name"": ""regulation of smooth muscle contraction"", ""xref_src_db"": ""GoProcess""}, {""xref_id"": ""GO:0007165"", ""xref_name"": ""signal transduction"", ""xref_src_db"": ""GoProcess""}, {""xref_id"": ""GO:0007271"", ""xref_name"": ""synaptic transmission, cholinergic"", ""xref_src_db"": ""GoProcess""}, {""xref_id"": ""GO:0007399"", ""xref_name"": ""nervous system development"", ""xref_src_db"": ""GoProcess""}, {""xref_id"": ""GO:0007507"", ""xref_name"": ""heart development"", ""xref_src_db"": ""GoProcess""}, {""xref_id"": ""GO:0007626"", ""xref_name"": ""locomotory behavior"", ""xref_src_db"": ""GoProcess""}, {""xref_id"": ""GO:0014056"", ""xref_name"": ""regulation of acetylcholine secretion, neurotransmission"", ""xref_src_db"": ""GoProcess""}, {""xref_id"": ""GO:0034220"", ""xref_name"": ""monoatomic ion transmembrane transport"", ""xref_src_db"": ""GoProcess""}, {""xref_id"": ""GO:0035095"", ""xref_name"": ""behavioral response to nicotine"", ""xref_src_db"": ""GoProcess""}, {""xref_id"": ""GO:0042391"", ""xref_name"": ""regulation of membrane potential"", ""xref_src_db"": ""GoProcess""}, {""xref_id"": ""GO:0048814"", ""xref_name"": ""regulation of dendrite morphogenesis"", ""xref_src_db"": ""GoProcess""}, {""xref_id"": ""GO:0051899"", ""xref_name"": ""membrane depolarization"", ""xref_src_db"": ""GoProcess""}, {""xref_id"": ""GO:0060079"", ""xref_name"": ""excitatory postsynaptic potential"", ""xref_src_db"": ""GoProcess""}, {""xref_id"": ""GO:0060084"", ""xref_name"": ""synaptic transmission involved in micturition"", ""xref_src_db"": ""GoProcess""}, {""xref_id"": ""GO:0095500"", ""xref_name"": ""acetylcholine receptor signaling pathway"", ""xref_src_db"": ""GoProcess""}, {""xref_id"": ""GO:0099171"", ""xref_name"": ""presynaptic modulation of chemical synaptic transmission"", ""xref_src_db"": ""GoProcess""}, {""xref_id"": ""P04757"", ""xref_name"": null, ""xref_src_db"": ""IntAct""}, {""xref_id"": ""IPR002394"", ""xref_name"": ""Nicotinic_acetylcholine_rcpt"", ""xref_src_db"": ""InterPro""}, {""xref_id"": ""IPR006029"", ""xref_name"": ""Neurotrans-gated_channel_TM"", ""xref_src_db"": ""InterPro""}, {""xref_id"": ""IPR006201"", ""xref_name"": ""Neur_channel"", ""xref_src_db"": ""InterPro""}, {""xref_id"": ""IPR006202"", ""xref_name"": ""Neur_chan_lig-bd"", ""xref_src_db"": ""InterPro""}, {""xref_id"": ""IPR018000"", ""xref_name"": ""Neurotransmitter_ion_chnl_CS"", ""xref_src_db"": ""InterPro""}, {""xref_id"": ""IPR036719"", ""xref_name"": ""Neuro-gated_channel_TM_sf"", ""xref_src_db"": ""InterPro""}, {""xref_id"": ""IPR036734"", ""xref_name"": ""Neur_chan_lig-bd_sf"", ""xref_src_db"": ""InterPro""}, {""xref_id"": ""IPR038050"", ""xref_name"": ""Neuro_actylchol_rec"", ""xref_src_db"": ""InterPro""}, {""xref_id"": ""PTHR18945"", ""xref_name"": ""NEUROTRANSMITTER GATED ION CHANNEL"", ""xref_src_db"": ""PANTHER""}, {""xref_id"": ""PF02931"", ""xref_name"": ""Neur_chan_LBD"", ""xref_src_db"": ""Pfam""}, {""xref_id"": ""PF02932"", ""xref_name"": ""Neur_chan_memb"", ""xref_src_db"": ""Pfam""}, {""xref_id"": ""R-RNO-629587"", ""xref_name"": ""Highly sodium permeable postsynaptic acetylcholine nicotinic receptors"", ""xref_src_db"": ""Reactome""}, {""xref_id"": ""R-RNO-629594"", ""xref_name"": ""Highly calcium permeable postsynaptic nicotinic acetylcholine receptors"", ""xref_src_db"": ""Reactome""}, {""xref_id"": ""R-RNO-629597"", ""xref_name"": ""Highly calcium permeable nicotinic acetylcholine receptors"", ""xref_src_db"": ""Reactome""}, {""xref_id"": ""P04757"", ""xref_name"": ""Neuronal acetylcholine receptor subunit alpha-3"", ""xref_src_db"": ""UniProt""}]",normalized_field,tests/fixtures/bronze/chembl/target_component/sample_ci_2026-04-29.jsonl
chembl_target_component,chembl/target_component,target_component_xrefs,bronze_fixture,"[{""xref_id"": ""P05106"", ""xref_name"": null, ""xref_src_db"": ""AlphaFoldDB""}, {""xref_id"": ""P05106"", ""xref_name"": null, ""xref_src_db"": ""ExpressionAtlas""}, {""xref_id"": ""GO:0005634"", ""xref_name"": ""nucleus"", ""xref_src_db"": ""GoComponent""}, {""xref_id"": ""GO:0005654"", ""xref_name"": ""nucleoplasm"", ""xref_src_db"": ""GoComponent""}, {""xref_id"": ""GO:0005886"", ""xref_name"": ""plasma membrane"", ""xref_src_db"": ""GoComponent""}, {""xref_id"": ""GO:0005911"", ""xref_name"": ""cell-cell junction"", ""xref_src_db"": ""GoComponent""}, {""xref_id"": ""GO:0005925"", ""xref_name"": ""focal adhesion"", ""xref_src_db"": ""GoComponent""}, {""xref_id"": ""GO:0008305"", ""xref_name"": ""integrin complex"", ""xref_src_db"": ""GoComponent""}, {""xref_id"": ""GO:0009897"", ""xref_name"": ""external side of plasma membrane"", ""xref_src_db"": ""GoComponent""}, {""xref_id"": ""GO:0009986"", ""xref_name"": ""cell surface"", ""xref_src_db"": ""GoComponent""}, {""xref_id"": ""GO:0016324"", ""xref_name"": ""apical plasma membrane"", ""xref_src_db"": ""GoComponent""}, {""xref_id"": ""GO:0031092"", ""xref_name"": ""platelet alpha granule membrane"", ""xref_src_db"": ""GoComponent""}, {""xref_id"": ""GO:0031258"", ""xref_name"": ""lamellipodium membrane"", ""xref_src_db"": ""GoComponent""}, {""xref_id"": ""GO:0031527"", ""xref_name"": ""filopodium membrane"", ""xref_src_db"": ""GoComponent""}, {""xref_id"": ""GO:0031528"", ""xref_name"": ""microvillus membrane"", ""xref_src_db"": ""GoComponent""}, {""xref_id"": ""GO:0032587"", ""xref_name"": ""ruffle membrane"", ""xref_src_db"": ""GoComponent""}, {""xref_id"": ""GO:0032991"", ""xref_name"": ""protein-containing complex"", ""xref_src_db"": ""GoComponent""}, {""xref_id"": ""GO:0034683"", ""xref_name"": ""integrin alphav-beta3 complex"", ""xref_src_db"": ""GoComponent""}, {""xref_id"": ""GO:0035866"", ""xref_name"": ""alphav-beta3 integrin-PKCalpha complex"", ""xref_src_db"": ""GoComponent""}, {""xref_id"": ""GO:0035867"", ""xref_name"": ""alphav-beta3 integrin-IGF-1-IGF1R complex"", ""xref_src_db"": ""GoComponent""}, {""xref_id"": ""GO:0035868"", ""xref_name"": ""alphav-beta3 integrin-HMGB1 complex"", ""xref_src_db"": ""GoComponent""}, {""xref_id"": ""GO:0042995"", ""xref_name"": ""cell projection"", ""xref_src_db"": ""GoComponent""}, {""xref_id"": ""GO:0043235"", ""xref_name"": ""receptor complex"", ""xref_src_db"": ""GoComponent""}, {""xref_id"": ""GO:0045202"", ""xref_name"": ""synapse"", ""xref_src_db"": ""GoComponent""}, {""xref_id"": ""GO:0045211"", ""xref_name"": ""postsynaptic membrane"", ""xref_src_db"": ""GoComponent""}, {""xref_id"": ""GO:0070062"", ""xref_name"": ""extracellular exosome"", ""xref_src_db"": ""GoComponent""}, {""xref_id"": ""GO:0070161"", ""xref_name"": ""anchoring junction"", ""xref_src_db"": ""GoComponent""}, {""xref_id"": ""GO:0070442"", ""xref_name"": ""integrin alphaIIb-beta3 complex"", ""xref_src_db"": ""GoComponent""}, {""xref_id"": ""GO:0071062"", ""xref_name"": ""alphav-beta3 integrin-vitronectin complex"", ""xref_src_db"": ""GoComponent""}, {""xref_id"": ""GO:0071133"", ""xref_name"": ""alpha9-beta1 integrin-ADAM8 complex"", ""xref_src_db"": ""GoComponent""}, {""xref_id"": ""GO:0097060"", ""xref_name"": ""synaptic membrane"", ""xref_src_db"": ""GoComponent""}, {""xref_id"": ""GO:0098690"", ""xref_name"": ""glycinergic synapse"", ""xref_src_db"": ""GoComponent""}, {""xref_id"": ""GO:0098978"", ""xref_name"": ""glutamatergic synapse"", ""xref_src_db"": ""GoComponent""}, {""xref_id"": ""GO:0001618"", ""xref_name"": ""virus receptor activity"", ""xref_src_db"": ""GoFunction""}, {""xref_id"": ""GO:0001968"", ""xref_name"": ""fibronectin binding"", ""xref_src_db"": ""GoFunction""}, {""xref_id"": ""GO:0002020"", ""xref_name"": ""protease binding"", ""xref_src_db"": ""GoFunction""}, {""xref_id"": ""GO:0003756"", ""xref_name"": ""protein disulfide isomerase activity"", ""xref_src_db"": ""GoFunction""}, {""xref_id"": ""GO:0005080"", ""xref_name"": ""protein kinase C binding"", ""xref_src_db"": ""GoFunction""}, {""xref_id"": ""GO:0005161"", ""xref_name"": ""platelet-derived growth factor receptor binding"", ""xref_src_db"": ""GoFunction""}, {""xref_id"": ""GO:0005178"", ""xref_name"": ""integrin binding"", ""xref_src_db"": ""GoFunction""}, {""xref_id"": ""GO:0005515"", ""xref_name"": ""protein binding"", ""xref_src_db"": ""GoFunction""}, {""xref_id"": ""GO:0015026"", ""xref_name"": ""coreceptor activity"", ""xref_src_db"": ""GoFunction""}, {""xref_id"": ""GO:0017134"", ""xref_name"": ""fibroblast growth factor binding"", ""xref_src_db"": ""GoFunction""}, {""xref_id"": ""GO:0019899"", ""xref_name"": ""enzyme binding"", ""xref_src_db"": ""GoFunction""}, {""xref_id"": ""GO:0019960"", ""xref_name"": ""C-X3-C chemokine binding"", ""xref_src_db"": ""GoFunction""}, {""xref_id"": ""GO:0031994"", ""xref_name"": ""insulin-like growth factor I binding"", ""xref_src_db"": ""GoFunction""}, {""xref_id"": ""GO:0038132"", ""xref_name"": ""neuregulin binding"", ""xref_src_db"": ""GoFunction""}, {""xref_id"": ""GO:0042802"", ""xref_name"": ""identical protein binding"", ""xref_src_db"": ""GoFunction""}, {""xref_id"": ""GO:0043184"", ""xref_name"": ""vascular endothelial growth factor receptor 2 binding"", ""xref_src_db"": ""GoFunction""}, {""xref_id"": ""GO:0046872"", ""xref_name"": ""metal ion binding"", ""xref_src_db"": ""GoFunction""}, {""xref_id"": ""GO:0050839"", ""xref_name"": ""cell adhesion molecule binding"", ""xref_src_db"": ""GoFunction""}, {""xref_id"": ""GO:0050840"", ""xref_name"": ""extracellular matrix binding"", ""xref_src_db"": ""GoFunction""}, {""xref_id"": ""GO:0001934"", ""xref_name"": ""positive regulation of protein phosphorylation"", ""xref_src_db"": ""GoProcess""}, {""xref_id"": ""GO:0001938"", ""xref_name"": ""positive regulation of endothelial cell proliferation"", ""xref_src_db"": ""GoProcess""}, {""xref_id"": ""GO:0001954"", ""xref_name"": ""positive regulation of cell-matrix adhesion"", ""xref_src_db"": ""GoProcess""}, {""xref_id"": ""GO:0002687"", ""xref_name"": ""positive regulation of leukocyte migration"", ""xref_src_db"": ""GoProcess""}, {""xref_id"": ""GO:0007044"", ""xref_name"": ""cell-substrate junction assembly"", ""xref_src_db"": ""GoProcess""}, {""xref_id"": ""GO:0007155"", ""xref_name"": ""cell adhesion"", ""xref_src_db"": ""GoProcess""}, {""xref_id"": ""GO:0007160"", ""xref_name"": ""cell-matrix adhesion"", ""xref_src_db"": ""GoProcess""}, {""xref_id"": ""GO:0007229"", ""xref_name"": ""integrin-mediated signaling pathway"", ""xref_src_db"": ""GoProcess""}, {""xref_id"": ""GO:0007566"", ""xref_name"": ""embryo implantation"", ""xref_src_db"": ""GoProcess""}, {""xref_id"": ""GO:0007596"", ""xref_name"": ""blood coagulation"", ""xref_src_db"": ""GoProcess""}, {""xref_id"": ""GO:0008277"", ""xref_name"": ""regulation of G protein-coupled receptor signaling pathway"", ""xref_src_db"": ""GoProcess""}, {""xref_id"": ""GO:0010595"", ""xref_name"": ""positive regulation of endothelial cell migration"", ""xref_src_db"": ""GoProcess""}, {""xref_id"": ""GO:0010628"", ""xref_name"": ""positive regulation of gene expression"", ""xref_src_db"": ""GoProcess""}, {""xref_id"": ""GO:0010745"", ""xref_name"": ""negative regulation of macrophage derived foam cell differentiation"", ""xref_src_db"": ""GoProcess""}, {""xref_id"": ""GO:0010763"", ""xref_name"": ""positive regulation of fibroblast migration"", ""xref_src_db"": ""GoProcess""}, {""xref_id"": ""GO:0010888"", ""xref_name"": ""negative regulation of lipid storage"", ""xref_src_db"": ""GoProcess""}, {""xref_id"": ""GO:0014909"", ""xref_name"": ""smooth muscle cell migration"", ""xref_src_db"": ""GoProcess""}, {""xref_id"": ""GO:0014911"", ""xref_name"": ""positive regulation of smooth muscle cell migration"", ""xref_src_db"": ""GoProcess""}, {""xref_id"": ""GO:0030168"", ""xref_name"": ""platelet activation"", ""xref_src_db"": ""GoProcess""}, {""xref_id"": ""GO:0030335"", ""xref_name"": ""positive regulation of cell migration"", ""xref_src_db"": ""GoProcess""}, {""xref_id"": ""GO:0030949"", ""xref_name"": ""positive regulation of vascular endothelial growth factor receptor signaling pathway"", ""xref_src_db"": ""GoProcess""}, {""xref_id"": ""GO:0031589"", ""xref_name"": ""cell-substrate adhesion"", ""xref_src_db"": ""GoProcess""}, {""xref_id"": ""GO:0032147"", ""xref_name"": ""activation of protein kinase activity"", ""xref_src_db"": ""GoProcess""}, {""xref_id"": ""GO:0032369"", ""xref_name"": ""negative regulation of lipid transport"", ""xref_src_db"": ""GoProcess""}, {""xref_id"": ""GO:0032880"", ""xref_name"": ""regulation of protein localization"", ""xref_src_db"": ""GoProcess""}, {""xref_id"": ""GO:0032956"", ""xref_name"": ""regulation of actin cytoskeleton organization"", ""xref_src_db"": ""GoProcess""}, {""xref_id"": ""GO:0033627"", ""xref_name"": ""cell adhesion mediated by integrin"", ""xref_src_db"": ""GoProcess""}, {""xref_id"": ""GO:0033630"", ""xref_name"": ""positive regulation of cell adhesion mediated by integrin"", ""xref_src_db"": ""GoProcess""}, {""xref_id"": ""GO:0033690"", ""xref_name"": ""positive regulation of osteoblast proliferation"", ""xref_src_db"": ""GoProcess""}, {""xref_id"": ""GO:0034113"", ""xref_name"": ""heterotypic cell-cell adhesion"", ""xref_src_db"": ""GoProcess""}, {""xref_id"": ""GO:0034446"", ""xref_name"": ""substrate adhesion-dependent cell spreading"", ""xref_src_db"": ""GoProcess""}, {""xref_id"": ""GO:0035295"", ""xref_name"": ""tube development"", ""xref_src_db"": ""GoProcess""}, {""xref_id"": ""GO:0035313"", ""xref_name"": ""wound healing, spreading of epidermal cells"", ""xref_src_db"": ""GoProcess""}, {""xref_id"": ""GO:0038027"", ""xref_name"": ""apolipoprotein A-I-mediated signaling pathway"", ""xref_src_db"": ""GoProcess""}, {""xref_id"": ""GO:0043277"", ""xref_name"": ""apoptotic cell clearance"", ""xref_src_db"": ""GoProcess""}, {""xref_id"": ""GO:0045124"", ""xref_name"": ""regulation of bone resorption"", ""xref_src_db"": ""GoProcess""}, {""xref_id"": ""GO:0045766"", ""xref_name"": ""positive regulation of angiogenesis"", ""xref_src_db"": ""GoProcess""}, {""xref_id"": ""GO:0045780"", ""xref_name"": ""positive regulation of bone resorption"", ""xref_src_db"": ""GoProcess""}, {""xref_id"": ""GO:0046718"", ""xref_name"": ""symbiont entry into host cell"", ""xref_src_db"": ""GoProcess""}, {""xref_id"": ""GO:0048008"", ""xref_name"": ""platelet-derived growth factor receptor signaling pathway"", ""xref_src_db"": ""GoProcess""}, {""xref_id"": ""GO:0048146"", ""xref_name"": ""positive regulation of fibroblast proliferation"", ""xref_src_db"": ""GoProcess""}, {""xref_id"": ""GO:0048333"", ""xref_name"": ""mesodermal cell differentiation"", ""xref_src_db"": ""GoProcess""}, {""xref_id"": ""GO:0048661"", ""xref_name"": ""positive regulation of smooth muscle cell proliferation"", ""xref_src_db"": ""GoProcess""}, {""xref_id"": ""GO:0050731"", ""xref_name"": ""positive regulation of peptidyl-tyrosine phosphorylation"", ""xref_src_db"": ""GoProcess""}, {""xref_id"": ""GO:0050748"", ""xref_name"": ""negative regulation of lipoprotein metabolic process"", ""xref_src_db"": ""GoProcess""}, {""xref_id"": ""GO:0050919"", ""xref_name"": ""negative chemotaxis"", ""xref_src_db"": ""GoProcess""}, {""xref_id"": ""GO:0051279"", ""xref_name"": ""regulation of release of sequestered calcium ion into cytosol"", ""xref_src_db"": ""GoProcess""}, {""xref_id"": ""GO:0051611"", ""xref_name"": ""regulation of serotonin uptake"", ""xref_src_db"": ""GoProcess""}, {""xref_id"": ""GO:0060055"", ""xref_name"": ""angiogenesis involved in wound healing"", ""xref_src_db"": ""GoProcess""}, {""xref_id"": ""GO:0070374"", ""xref_name"": ""positive regulation of ERK1 and ERK2 cascade"", ""xref_src_db"": ""GoProcess""}, {""xref_id"": ""GO:0070527"", ""xref_name"": ""platelet aggregation"", ""xref_src_db"": ""GoProcess""}, {""xref_id"": ""GO:0071260"", ""xref_name"": ""cellular response to mechanical stimulus"", ""xref_src_db"": ""GoProcess""}, {""xref_id"": ""GO:0071466"", ""xref_name"": ""cellular response to xenobiotic stimulus"", ""xref_src_db"": ""GoProcess""}, {""xref_id"": ""GO:0072126"", ""xref_name"": ""positive regulation of glomerular mesangial cell proliferation"", ""xref_src_db"": ""GoProcess""}, {""xref_id"": ""GO:0072378"", ""xref_name"": ""blood coagulation, fibrin clot formation"", ""xref_src_db"": ""GoProcess""}, {""xref_id"": ""GO:0098880"", ""xref_name"": ""maintenance of postsynaptic specialization structure"", ""xref_src_db"": ""GoProcess""}, {""xref_id"": ""GO:0099149"", ""xref_name"": ""regulation of postsynaptic neurotransmitter receptor internalization"", ""xref_src_db"": ""GoProcess""}, {""xref_id"": ""GO:0150054"", ""xref_name"": ""regulation of postsynaptic neurotransmitter receptor diffusion trapping"", ""xref_src_db"": ""GoProcess""}, {""xref_id"": ""GO:1900026"", ""xref_name"": ""positive regulation of substrate adhesion-dependent cell spreading"", ""xref_src_db"": ""GoProcess""}, {""xref_id"": ""GO:1900731"", ""xref_name"": ""positive regulation of adenylate cyclase-inhibiting opioid receptor signaling pathway"", ""xref_src_db"": ""GoProcess""}, {""xref_id"": ""GO:1901163"", ""xref_name"": ""regulation of trophoblast cell migration"", ""xref_src_db"": ""GoProcess""}, {""xref_id"": ""GO:1903053"", ""xref_name"": ""regulation of extracellular matrix organization"", ""xref_src_db"": ""GoProcess""}, {""xref_id"": ""GO:1905598"", ""xref_name"": ""negative regulation of low-density lipoprotein receptor activity"", ""xref_src_db"": ""GoProcess""}, {""xref_id"": ""GO:1990314"", ""xref_name"": ""cellular response to insulin-like growth factor stimulus"", ""xref_src_db"": ""GoProcess""}, {""xref_id"": ""GO:2000352"", ""xref_name"": ""negative regulation of endothelial cell apoptotic process"", ""xref_src_db"": ""GoProcess""}, {""xref_id"": ""GO:2000406"", ""xref_name"": ""positive regulation of T cell migration"", ""xref_src_db"": ""GoProcess""}, {""xref_id"": ""HGNC:6156"", ""xref_name"": ""ITGB3"", ""xref_src_db"": ""HGNC""}, {""xref_id"": ""P05106"", ""xref_name"": null, ""xref_src_db"": ""IntAct""}, {""xref_id"": ""IPR002369"", ""xref_name"": ""Integrin_bsu_VWA"", ""xref_src_db"": ""InterPro""}, {""xref_id"": ""IPR012896"", ""xref_name"": ""Integrin_bsu_tail"", ""xref_src_db"": ""InterPro""}, {""xref_id"": ""IPR013111"", ""xref_name"": ""EGF_extracell"", ""xref_src_db"": ""InterPro""}, {""xref_id"": ""IPR014836"", ""xref_name"": ""Integrin_bsu_cyt_dom"", ""xref_src_db"": ""InterPro""}, {""xref_id"": ""IPR015812"", ""xref_name"": ""Integrin_bsu"", ""xref_src_db"": ""InterPro""}, {""xref_id"": ""IPR016201"", ""xref_name"": ""PSI"", ""xref_src_db"": ""InterPro""}, {""xref_id"": ""IPR032695"", ""xref_name"": ""Integrin_dom_sf"", ""xref_src_db"": ""InterPro""}, {""xref_id"": ""IPR033760"", ""xref_name"": ""Integrin_beta_N"", ""xref_src_db"": ""InterPro""}, {""xref_id"": ""IPR036349"", ""xref_name"": ""Integrin_bsu_tail_dom_sf"", ""xref_src_db"": ""InterPro""}, {""xref_id"": ""IPR036465"", ""xref_name"": ""vWFA_dom_sf"", ""xref_src_db"": ""InterPro""}, {""xref_id"": ""IPR040622"", ""xref_name"": ""I-EGF_1"", ""xref_src_db"": ""InterPro""}, {""xref_id"": ""PTHR10082"", ""xref_name"": ""INTEGRIN BETA SUBUNIT"", ""xref_src_db"": ""PANTHER""}, {""xref_id"": ""PTHR10082:SF25"", ""xref_name"": ""INTEGRIN BETA-3"", ""xref_src_db"": ""PANTHER""}, {""xref_id"": ""1JV2"", ""xref_name"": null, ""xref_src_db"": ""PDB""}, {""xref_id"": ""1KUP"", ""xref_name"": null, ""xref_src_db"": ""PDB""}, {""xref_id"": ""1KUZ"", ""xref_name"": null, ""xref_src_db"": ""PDB""}, {""xref_id"": ""1L5G"", ""xref_name"": null, ""xref_src_db"": ""PDB""}, {""xref_id"": ""1M1X"", ""xref_name"": null, ""xref_src_db"": ""PDB""}, {""xref_id"": ""1M8O"", ""xref_name"": null, ""xref_src_db"": ""PDB""}, {""xref_id"": ""1MIZ"", ""xref_name"": null, ""xref_src_db"": ""PDB""}, {""xref_id"": ""1MK7"", ""xref_name"": null, ""xref_src_db"": ""PDB""}, {""xref_id"": ""1MK9"", ""xref_name"": null, ""xref_src_db"": ""PDB""}, {""xref_id"": ""1S4X"", ""xref_name"": null, ""xref_src_db"": ""PDB""}, {""xref_id"": ""1TYE"", ""xref_name"": null, ""xref_src_db"": ""PDB""}, {""xref_id"": ""1U8C"", ""xref_name"": null, ""xref_src_db"": ""PDB""}, {""xref_id"": ""2K9J"", ""xref_name"": null, ""xref_src_db"": ""PDB""}, {""xref_id"": ""2KNC"", ""xref_name"": null, ""xref_src_db"": ""PDB""}, {""xref_id"": ""2KV9"", ""xref_name"": null, ""xref_src_db"": ""PDB""}, {""xref_id"": ""2L1C"", ""xref_name"": null, ""xref_src_db"": ""PDB""}, {""xref_id"": ""2L91"", ""xref_name"": null, ""xref_src_db"": ""PDB""}, {""xref_id"": ""2LJD"", ""xref_name"": null, ""xref_src_db"": ""PDB""}, {""xref_id"": ""2LJE"", ""xref_name"": null, ""xref_src_db"": ""PDB""}, {""xref_id"": ""2LJF"", ""xref_name"": null, ""xref_src_db"": ""PDB""}, {""xref_id"": ""2MTP"", ""xref_name"": null, ""xref_src_db"": ""PDB""}, {""xref_id"": ""2N9Y"", ""xref_name"": null, ""xref_src_db"": ""PDB""}, {""xref_id"": ""2Q6W"", ""xref_name"": null, ""xref_src_db"": ""PDB""}, {""xref_id"": ""2RMZ"", ""xref_name"": null, ""xref_src_db"": ""PDB""}, {""xref_id"": ""2RN0"", ""xref_name"": null, ""xref_src_db"": ""PDB""}, {""xref_id"": ""2VC2"", ""xref_name"": null, ""xref_src_db"": ""PDB""}, {""xref_id"": ""2VDK"", ""xref_name"": null, ""xref_src_db"": ""PDB""}, {""xref_id"": ""2VDL"", ""xref_name"": null, ""xref_src_db"": ""PDB""}, {""xref_id"": ""2VDM"", ""xref_name"": null, ""xref_src_db"": ""PDB""}, {""xref_id"": ""2VDN"", ""xref_name"": null, ""xref_src_db"": ""PDB""}, {""xref_id"": ""2VDO"", ""xref_name"": null, ""xref_src_db"": ""PDB""}, {""xref_id"": ""2VDP"", ""xref_name"": null, ""xref_src_db"": ""PDB""}, {""xref_id"": ""2VDQ"", ""xref_name"": null, ""xref_src_db"": ""PDB""}, {""xref_id"": ""2VDR"", ""xref_name"": null, ""xref_src_db"": ""PDB""}, {""xref_id"": ""3FCS"", ""xref_name"": null, ""xref_src_db"": ""PDB""}, {""xref_id"": ""3FCU"", ""xref_name"": null, ""xref_src_db"": ""PDB""}, {""xref_id"": ""3IJE"", ""xref_name"": null, ""xref_src_db"": ""PDB""}, {""xref_id"": ""3NID"", ""xref_name"": null, ""xref_src_db"": ""PDB""}, {""xref_id"": ""3NIF"", ""xref_name"": null, ""xref_src_db"": ""PDB""}, {""xref_id"": ""3NIG"", ""xref_name"": null, ""xref_src_db"": ""PDB""}, {""xref_id"": ""3T3M"", ""xref_name"": null, ""xref_src_db"": ""PDB""}, {""xref_id"": ""3T3P"", ""xref_name"": null, ""xref_src_db"": ""PDB""}, {""xref_id"": ""3ZDX"", ""xref_name"": null, ""xref_src_db"": ""PDB""}, {""xref_id"": ""3ZDY"", ""xref_name"": null, ""xref_src_db"": ""PDB""}, {""xref_id"": ""3ZDZ"", ""xref_name"": null, ""xref_src_db"": ""PDB""}, {""xref_id"": ""3ZE0"", ""xref_name"": null, ""xref_src_db"": ""PDB""}, {""xref_id"": ""3ZE1"", ""xref_name"": null, ""xref_src_db"": ""PDB""}, {""xref_id"": ""3ZE2"", ""xref_name"": null, ""xref_src_db"": ""PDB""}, {""xref_id"": ""4CAK"", ""xref_name"": null, ""xref_src_db"": ""PDB""}, {""xref_id"": ""4G1E"", ""xref_name"": null, ""xref_src_db"": ""PDB""}, {""xref_id"": ""4G1M"", ""xref_name"": null, ""xref_src_db"": ""PDB""}, {""xref_id"": ""4MMX"", ""xref_name"": null, ""xref_src_db"": ""PDB""}, {""xref_id"": ""4MMY"", ""xref_name"": null, ""xref_src_db"": ""PDB""}, {""xref_id"": ""4MMZ"", ""xref_name"": null, ""xref_src_db"": ""PDB""}, {""xref_id"": ""4O02"", ""xref_name"": null, ""xref_src_db"": ""PDB""}, {""xref_id"": ""4Z7N"", ""xref_name"": null, ""xref_src_db"": ""PDB""}, {""xref_id"": ""4Z7O"", ""xref_name"": null, ""xref_src_db"": ""PDB""}, {""xref_id"": ""4Z7Q"", ""xref_name"": null, ""xref_src_db"": ""PDB""}, {""xref_id"": ""5HDB"", ""xref_name"": null, ""xref_src_db"": ""PDB""}, {""xref_id"": ""6AVQ"", ""xref_name"": null, ""xref_src_db"": ""PDB""}, {""xref_id"": ""6AVR"", ""xref_name"": null, ""xref_src_db"": ""PDB""}, {""xref_id"": ""6AVU"", ""xref_name"": null, ""xref_src_db"": ""PDB""}, {""xref_id"": ""6BXB"", ""xref_name"": null, ""xref_src_db"": ""PDB""}, {""xref_id"": ""6BXF"", ""xref_name"": null, ""xref_src_db"": ""PDB""}, {""xref_id"": ""6BXJ"", ""xref_name"": null, ""xref_src_db"": ""PDB""}, {""xref_id"": ""6CKB"", ""xref_name"": null, ""xref_src_db"": ""PDB""}, {""xref_id"": ""6MK0"", ""xref_name"": null, ""xref_src_db"": ""PDB""}, {""xref_id"": ""6MSL"", ""xref_name"": null, ""xref_src_db"": ""PDB""}, {""xref_id"": ""6MSU"", ""xref_name"": null, ""xref_src_db"": ""PDB""}, {""xref_id"": ""6NAJ"", ""xref_name"": null, ""xref_src_db"": ""PDB""}, {""xref_id"": ""6V4P"", ""xref_name"": null, ""xref_src_db"": ""PDB""}, {""xref_id"": ""7KN0"", ""xref_name"": null, ""xref_src_db"": ""PDB""}, {""xref_id"": ""7L8P"", ""xref_name"": null, ""xref_src_db"": ""PDB""}, {""xref_id"": ""7LA4"", ""xref_name"": null, ""xref_src_db"": ""PDB""}, {""xref_id"": ""7TCT"", ""xref_name"": null, ""xref_src_db"": ""PDB""}, {""xref_id"": ""7TD8"", ""xref_name"": null, ""xref_src_db"": ""PDB""}, {""xref_id"": ""7THO"", ""xref_name"": null, ""xref_src_db"": ""PDB""}, {""xref_id"": ""7TMZ"", ""xref_name"": null, ""xref_src_db"": ""PDB""}, {""xref_id"": ""7TPD"", ""xref_name"": null, ""xref_src_db"": ""PDB""}, {""xref_id"": ""7U60"", ""xref_name"": null, ""xref_src_db"": ""PDB""}, {""xref_id"": ""7U9F"", ""xref_name"": null, ""xref_src_db"": ""PDB""}, {""xref_id"": ""7U9V"", ""xref_name"": null, ""xref_src_db"": ""PDB""}, {""xref_id"": ""7UBR"", ""xref_name"": null, ""xref_src_db"": ""PDB""}, {""xref_id"": ""7UCY"", ""xref_name"": null, ""xref_src_db"": ""PDB""}, {""xref_id"": ""7UDG"", ""xref_name"": null, ""xref_src_db"": ""PDB""}, {""xref_id"": ""7UDH"", ""xref_name"": null, ""xref_src_db"": ""PDB""}, {""xref_id"": ""7UE0"", ""xref_name"": null, ""xref_src_db"": ""PDB""}, {""xref_id"": ""7UFH"", ""xref_name"": null, ""xref_src_db"": ""PDB""}, {""xref_id"": ""7UH8"", ""xref_name"": null, ""xref_src_db"": ""PDB""}, {""xref_id"": ""7UJE"", ""xref_name"": null, ""xref_src_db"": ""PDB""}, {""xref_id"": ""7UJK"", ""xref_name"": null, ""xref_src_db"": ""PDB""}, {""xref_id"": ""7UK9"", ""xref_name"": null, ""xref_src_db"": ""PDB""}, {""xref_id"": ""7UKO"", ""xref_name"": null, ""xref_src_db"": ""PDB""}, {""xref_id"": ""7UKP"", ""xref_name"": null, ""xref_src_db"": ""PDB""}, {""xref_id"": ""7UKT"", ""xref_name"": null, ""xref_src_db"": ""PDB""}, {""xref_id"": ""8GCD"", ""xref_name"": null, ""xref_src_db"": ""PDB""}, {""xref_id"": ""8GCE"", ""xref_name"": null, ""xref_src_db"": ""PDB""}, {""xref_id"": ""8IJ5"", ""xref_name"": null, ""xref_src_db"": ""PDB""}, {""xref_id"": ""8T2U"", ""xref_name"": null, ""xref_src_db"": ""PDB""}, {""xref_id"": ""8T2V"", ""xref_name"": null, ""xref_src_db"": ""PDB""}, {""xref_id"": ""8XEI"", ""xref_name"": null, ""xref_src_db"": ""PDB""}, {""xref_id"": ""8XEK"", ""xref_name"": null, ""xref_src_db"": ""PDB""}, {""xref_id"": ""8XEL"", ""xref_name"": null, ""xref_src_db"": ""PDB""}, {""xref_id"": ""8XEN"", ""xref_name"": null, ""xref_src_db"": ""PDB""}, {""xref_id"": ""8XER"", ""xref_name"": null, ""xref_src_db"": ""PDB""}, {""xref_id"": ""8XEZ"", ""xref_name"": null, ""xref_src_db"": ""PDB""}, {""xref_id"": ""8XF6"", ""xref_name"": null, ""xref_src_db"": ""PDB""}, {""xref_id"": ""8XFG"", ""xref_name"": null, ""xref_src_db"": ""PDB""}, {""xref_id"": ""8XFO"", ""xref_name"": null, ""xref_src_db"": ""PDB""}, {""xref_id"": ""9AXL"", ""xref_name"": null, ""xref_src_db"": ""PDB""}, {""xref_id"": ""9DEQ"", ""xref_name"": null, ""xref_src_db"": ""PDB""}, {""xref_id"": ""9DER"", ""xref_name"": null, ""xref_src_db"": ""PDB""}, {""xref_id"": ""1JV2"", ""xref_name"": ""A"", ""xref_src_db"": ""PDBe""}, {""xref_id"": ""1L5G"", ""xref_name"": ""A"", ""xref_src_db"": ""PDBe""}, {""xref_id"": ""1M1X"", ""xref_name"": ""A"", ""xref_src_db"": ""PDBe""}, {""xref_id"": ""1MIZ"", ""xref_name"": ""A"", ""xref_src_db"": ""PDBe""}, {""xref_id"": ""1MK7"", ""xref_name"": ""A"", ""xref_src_db"": ""PDBe""}, {""xref_id"": ""1MK9"", ""xref_name"": ""A"", ""xref_src_db"": ""PDBe""}, {""xref_id"": ""1TYE"", ""xref_name"": ""A"", ""xref_src_db"": ""PDBe""}, {""xref_id"": ""1U8C"", ""xref_name"": ""A"", ""xref_src_db"": ""PDBe""}, {""xref_id"": ""2Q6W"", ""xref_name"": ""A"", ""xref_src_db"": ""PDBe""}, {""xref_id"": ""2VC2"", ""xref_name"": ""A"", ""xref_src_db"": ""PDBe""}, {""xref_id"": ""2VDK"", ""xref_name"": ""A"", ""xref_src_db"": ""PDBe""}, {""xref_id"": ""2VDL"", ""xref_name"": ""A"", ""xref_src_db"": ""PDBe""}, {""xref_id"": ""2VDM"", ""xref_name"": ""A"", ""xref_src_db"": ""PDBe""}, {""xref_id"": ""2VDN"", ""xref_name"": ""A"", ""xref_src_db"": ""PDBe""}, {""xref_id"": ""2VDO"", ""xref_name"": ""A"", ""xref_src_db"": ""PDBe""}, {""xref_id"": ""2VDP"", ""xref_name"": ""A"", ""xref_src_db"": ""PDBe""}, {""xref_id"": ""2VDQ"", ""xref_name"": ""A"", ""xref_src_db"": ""PDBe""}, {""xref_id"": ""2VDR"", ""xref_name"": ""A"", ""xref_src_db"": ""PDBe""}, {""xref_id"": ""3FCS"", ""xref_name"": ""A"", ""xref_src_db"": ""PDBe""}, {""xref_id"": ""3FCU"", ""xref_name"": ""A"", ""xref_src_db"": ""PDBe""}, {""xref_id"": ""3IJE"", ""xref_name"": ""A"", ""xref_src_db"": ""PDBe""}, {""xref_id"": ""3NID"", ""xref_name"": ""A"", ""xref_src_db"": ""PDBe""}, {""xref_id"": ""3NIF"", ""xref_name"": ""A"", ""xref_src_db"": ""PDBe""}, {""xref_id"": ""3NIG"", ""xref_name"": ""A"", ""xref_src_db"": ""PDBe""}, {""xref_id"": ""3T3M"", ""xref_name"": ""A"", ""xref_src_db"": ""PDBe""}, {""xref_id"": ""3T3P"", ""xref_name"": ""A"", ""xref_src_db"": ""PDBe""}, {""xref_id"": ""3ZDX"", ""xref_name"": ""A"", ""xref_src_db"": ""PDBe""}, {""xref_id"": ""3ZDY"", ""xref_name"": ""A"", ""xref_src_db"": ""PDBe""}, {""xref_id"": ""3ZDZ"", ""xref_name"": ""A"", ""xref_src_db"": ""PDBe""}, {""xref_id"": ""3ZE0"", ""xref_name"": ""A"", ""xref_src_db"": ""PDBe""}, {""xref_id"": ""3ZE1"", ""xref_name"": ""A"", ""xref_src_db"": ""PDBe""}, {""xref_id"": ""3ZE2"", ""xref_name"": ""A"", ""xref_src_db"": ""PDBe""}, {""xref_id"": ""4G1E"", ""xref_name"": ""A"", ""xref_src_db"": ""PDBe""}, {""xref_id"": ""4G1M"", ""xref_name"": ""A"", ""xref_src_db"": ""PDBe""}, {""xref_id"": ""4MMX"", ""xref_name"": ""A"", ""xref_src_db"": ""PDBe""}, {""xref_id"": ""4MMY"", ""xref_name"": ""A"", ""xref_src_db"": ""PDBe""}, {""xref_id"": ""4MMZ"", ""xref_name"": ""A"", ""xref_src_db"": ""PDBe""}, {""xref_id"": ""4O02"", ""xref_name"": ""A"", ""xref_src_db"": ""PDBe""}, {""xref_id"": ""4Z7N"", ""xref_name"": ""A"", ""xref_src_db"": ""PDBe""}, {""xref_id"": ""4Z7O"", ""xref_name"": ""A"", ""xref_src_db"": ""PDBe""}, {""xref_id"": ""4Z7Q"", ""xref_name"": ""A"", ""xref_src_db"": ""PDBe""}, {""xref_id"": ""5HDB"", ""xref_name"": ""A"", ""xref_src_db"": ""PDBe""}, {""xref_id"": ""6BXB"", ""xref_name"": ""A"", ""xref_src_db"": ""PDBe""}, {""xref_id"": ""6BXF"", ""xref_name"": ""A"", ""xref_src_db"": ""PDBe""}, {""xref_id"": ""6BXJ"", ""xref_name"": ""A"", ""xref_src_db"": ""PDBe""}, {""xref_id"": ""6CKB"", ""xref_name"": ""A"", ""xref_src_db"": ""PDBe""}, {""xref_id"": ""6MK0"", ""xref_name"": ""A"", ""xref_src_db"": ""PDBe""}, {""xref_id"": ""6MSL"", ""xref_name"": ""A"", ""xref_src_db"": ""PDBe""}, {""xref_id"": ""6MSU"", ""xref_name"": ""A"", ""xref_src_db"": ""PDBe""}, {""xref_id"": ""6NAJ"", ""xref_name"": ""A"", ""xref_src_db"": ""PDBe""}, {""xref_id"": ""7L8P"", ""xref_name"": ""A"", ""xref_src_db"": ""PDBe""}, {""xref_id"": ""7TCT"", ""xref_name"": ""A"", ""xref_src_db"": ""PDBe""}, {""xref_id"": ""7TD8"", ""xref_name"": ""A"", ""xref_src_db"": ""PDBe""}, {""xref_id"": ""7THO"", ""xref_name"": ""A"", ""xref_src_db"": ""PDBe""}, {""xref_id"": ""7TMZ"", ""xref_name"": ""A"", ""xref_src_db"": ""PDBe""}, {""xref_id"": ""7TPD"", ""xref_name"": ""A"", ""xref_src_db"": ""PDBe""}, {""xref_id"": ""7U60"", ""xref_name"": ""A"", ""xref_src_db"": ""PDBe""}, {""xref_id"": ""7U9F"", ""xref_name"": ""A"", ""xref_src_db"": ""PDBe""}, {""xref_id"": ""7U9V"", ""xref_name"": ""A"", ""xref_src_db"": ""PDBe""}, {""xref_id"": ""7UBR"", ""xref_name"": ""A"", ""xref_src_db"": ""PDBe""}, {""xref_id"": ""7UCY"", ""xref_name"": ""A"", ""xref_src_db"": ""PDBe""}, {""xref_id"": ""7UDG"", ""xref_name"": ""A"", ""xref_src_db"": ""PDBe""}, {""xref_id"": ""7UDH"", ""xref_name"": ""A"", ""xref_src_db"": ""PDBe""}, {""xref_id"": ""7UE0"", ""xref_name"": ""A"", ""xref_src_db"": ""PDBe""}, {""xref_id"": ""7UFH"", ""xref_name"": ""A"", ""xref_src_db"": ""PDBe""}, {""xref_id"": ""7UH8"", ""xref_name"": ""A"", ""xref_src_db"": ""PDBe""}, {""xref_id"": ""7UJE"", ""xref_name"": ""A"", ""xref_src_db"": ""PDBe""}, {""xref_id"": ""7UJK"", ""xref_name"": ""A"", ""xref_src_db"": ""PDBe""}, {""xref_id"": ""7UK9"", ""xref_name"": ""A"", ""xref_src_db"": ""PDBe""}, {""xref_id"": ""7UKO"", ""xref_name"": ""A"", ""xref_src_db"": ""PDBe""}, {""xref_id"": ""7UKP"", ""xref_name"": ""A"", ""xref_src_db"": ""PDBe""}, {""xref_id"": ""7UKT"", ""xref_name"": ""A"", ""xref_src_db"": ""PDBe""}, {""xref_id"": ""PF00362"", ""xref_name"": ""Integrin_beta"", ""xref_src_db"": ""Pfam""}, {""xref_id"": ""PF07965"", ""xref_name"": ""Integrin_B_tail"", ""xref_src_db"": ""Pfam""}, {""xref_id"": ""PF07974"", ""xref_name"": ""EGF_2"", ""xref_src_db"": ""Pfam""}, {""xref_id"": ""PF08725"", ""xref_name"": ""Integrin_b_cyt"", ""xref_src_db"": ""Pfam""}, {""xref_id"": ""PF17205"", ""xref_name"": ""PSI_integrin"", ""xref_src_db"": ""Pfam""}, {""xref_id"": ""PF18372"", ""xref_name"": ""I-EGF_1"", ""xref_src_db"": ""Pfam""}, {""xref_id"": ""PF23105"", ""xref_name"": ""EGF_integrin"", ""xref_src_db"": ""Pfam""}, {""xref_id"": ""PA205"", ""xref_name"": ""integrin subunit beta 3"", ""xref_src_db"": ""PharmGKB""}, {""xref_id"": ""P05106"", ""xref_name"": null, ""xref_src_db"": ""Pharos""}, {""xref_id"": ""R-HSA-114608"", ""xref_name"": ""Platelet degranulation"", ""xref_src_db"": ""Reactome""}, {""xref_id"": ""R-HSA-1566948"", ""xref_name"": ""Elastic fibre formation"", ""xref_src_db"": ""Reactome""}, {""xref_id"": ""R-HSA-210990"", ""xref_name"": ""PECAM1 interactions"", ""xref_src_db"": ""Reactome""}, {""xref_id"": ""R-HSA-2129379"", ""xref_name"": ""Molecules associated with elastic fibres"", ""xref_src_db"": ""Reactome""}, {""xref_id"": ""R-HSA-216083"", ""xref_name"": ""Integrin cell surface interactions"", ""xref_src_db"": ""Reactome""}, {""xref_id"": ""R-HSA-2173789"", ""xref_name"": ""TGF-beta receptor signaling activates SMADs"", ""xref_src_db"": ""Reactome""}, {""xref_id"": ""R-HSA-3000170"", ""xref_name"": ""Syndecan interactions"", ""xref_src_db"": ""Reactome""}, {""xref_id"": ""R-HSA-3000178"", ""xref_name"": ""ECM proteoglycans"", ""xref_src_db"": ""Reactome""}, {""xref_id"": ""R-HSA-354192"", ""xref_name"": ""Integrin signaling"", ""xref_src_db"": ""Reactome""}, {""xref_id"": ""R-HSA-354194"", ""xref_name"": ""GRB2:SOS provides linkage to MAPK signaling for Integrins"", ""xref_src_db"": ""Reactome""}, {""xref_id"": ""R-HSA-372708"", ""xref_name"": ""p130Cas linkage to MAPK signaling for integrins"", ""xref_src_db"": ""Reactome""}, {""xref_id"": ""R-HSA-4420097"", ""xref_name"": ""VEGFA-VEGFR2 Pathway"", ""xref_src_db"": ""Reactome""}, {""xref_id"": ""R-HSA-445144"", ""xref_name"": ""Signal transduction by L1"", ""xref_src_db"": ""Reactome""}, {""xref_id"": ""R-HSA-5674135"", ""xref_name"": ""MAP2K and MAPK activation"", ""xref_src_db"": ""Reactome""}, {""xref_id"": ""R-HSA-6802946"", ""xref_name"": ""Signaling by moderate kinase activity BRAF mutants"", ""xref_src_db"": ""Reactome""}, {""xref_id"": ""R-HSA-6802948"", ""xref_name"": ""Signaling by high-kinase activity BRAF mutants"", ""xref_src_db"": ""Reactome""}, {""xref_id"": ""R-HSA-6802952"", ""xref_name"": ""Signaling by BRAF and RAF1 fusions"", ""xref_src_db"": ""Reactome""}, {""xref_id"": ""R-HSA-6802955"", ""xref_name"": ""Paradoxical activation of RAF signaling by kinase inactive BRAF"", ""xref_src_db"": ""Reactome""}, {""xref_id"": ""R-HSA-9649948"", ""xref_name"": ""Signaling downstream of RAS mutants"", ""xref_src_db"": ""Reactome""}, {""xref_id"": ""R-HSA-9656223"", ""xref_name"": ""Signaling by RAF1 mutants"", ""xref_src_db"": ""Reactome""}, {""xref_id"": ""R-HSA-9856532"", ""xref_name"": ""Mechanical load activates signaling by PIEZO1 and integrins in osteocytes"", ""xref_src_db"": ""Reactome""}, {""xref_id"": ""R-HSA-9860927"", ""xref_name"": ""Turbulent (oscillatory, disturbed) flow shear stress activates signaling by PIEZO1 and integrins in endothelial cells"", ""xref_src_db"": ""Reactome""}, {""xref_id"": ""A0PJW2"", ""xref_name"": ""Integrin beta-3"", ""xref_src_db"": ""UniProt""}, {""xref_id"": ""D3DXJ8"", ""xref_name"": ""Integrin beta-3"", ""xref_src_db"": ""UniProt""}, {""xref_id"": ""O15495"", ""xref_name"": ""Integrin beta-3"", ""xref_src_db"": ""UniProt""}, {""xref_id"": ""P05106"", ""xref_name"": ""Integrin beta-3"", ""xref_src_db"": ""UniProt""}, {""xref_id"": ""Q12806"", ""xref_name"": ""Integrin beta-3"", ""xref_src_db"": ""UniProt""}, {""xref_id"": ""Q13413"", ""xref_name"": ""Integrin beta-3"", ""xref_src_db"": ""UniProt""}, {""xref_id"": ""Q14648"", ""xref_name"": ""Integrin beta-3"", ""xref_src_db"": ""UniProt""}, {""xref_id"": ""Q16499"", ""xref_name"": ""Integrin beta-3"", ""xref_src_db"": ""UniProt""}]",1,"[{""xref_id"": ""P05106"", ""xref_name"": null, ""xref_src_db"": ""AlphaFoldDB""}, {""xref_id"": ""P05106"", ""xref_name"": null, ""xref_src_db"": ""ExpressionAtlas""}, {""xref_id"": ""GO:0005634"", ""xref_name"": ""nucleus"", ""xref_src_db"": ""GoComponent""}, {""xref_id"": ""GO:0005654"", ""xref_name"": ""nucleoplasm"", ""xref_src_db"": ""GoComponent""}, {""xref_id"": ""GO:0005886"", ""xref_name"": ""plasma membrane"", ""xref_src_db"": ""GoComponent""}, {""xref_id"": ""GO:0005911"", ""xref_name"": ""cell-cell junction"", ""xref_src_db"": ""GoComponent""}, {""xref_id"": ""GO:0005925"", ""xref_name"": ""focal adhesion"", ""xref_src_db"": ""GoComponent""}, {""xref_id"": ""GO:0008305"", ""xref_name"": ""integrin complex"", ""xref_src_db"": ""GoComponent""}, {""xref_id"": ""GO:0009897"", ""xref_name"": ""external side of plasma membrane"", ""xref_src_db"": ""GoComponent""}, {""xref_id"": ""GO:0009986"", ""xref_name"": ""cell surface"", ""xref_src_db"": ""GoComponent""}, {""xref_id"": ""GO:0016324"", ""xref_name"": ""apical plasma membrane"", ""xref_src_db"": ""GoComponent""}, {""xref_id"": ""GO:0031092"", ""xref_name"": ""platelet alpha granule membrane"", ""xref_src_db"": ""GoComponent""}, {""xref_id"": ""GO:0031258"", ""xref_name"": ""lamellipodium membrane"", ""xref_src_db"": ""GoComponent""}, {""xref_id"": ""GO:0031527"", ""xref_name"": ""filopodium membrane"", ""xref_src_db"": ""GoComponent""}, {""xref_id"": ""GO:0031528"", ""xref_name"": ""microvillus membrane"", ""xref_src_db"": ""GoComponent""}, {""xref_id"": ""GO:0032587"", ""xref_name"": ""ruffle membrane"", ""xref_src_db"": ""GoComponent""}, {""xref_id"": ""GO:0032991"", ""xref_name"": ""protein-containing complex"", ""xref_src_db"": ""GoComponent""}, {""xref_id"": ""GO:0034683"", ""xref_name"": ""integrin alphav-beta3 complex"", ""xref_src_db"": ""GoComponent""}, {""xref_id"": ""GO:0035866"", ""xref_name"": ""alphav-beta3 integrin-PKCalpha complex"", ""xref_src_db"": ""GoComponent""}, {""xref_id"": ""GO:0035867"", ""xref_name"": ""alphav-beta3 integrin-IGF-1-IGF1R complex"", ""xref_src_db"": ""GoComponent""}, {""xref_id"": ""GO:0035868"", ""xref_name"": ""alphav-beta3 integrin-HMGB1 complex"", ""xref_src_db"": ""GoComponent""}, {""xref_id"": ""GO:0042995"", ""xref_name"": ""cell projection"", ""xref_src_db"": ""GoComponent""}, {""xref_id"": ""GO:0043235"", ""xref_name"": ""receptor complex"", ""xref_src_db"": ""GoComponent""}, {""xref_id"": ""GO:0045202"", ""xref_name"": ""synapse"", ""xref_src_db"": ""GoComponent""}, {""xref_id"": ""GO:0045211"", ""xref_name"": ""postsynaptic membrane"", ""xref_src_db"": ""GoComponent""}, {""xref_id"": ""GO:0070062"", ""xref_name"": ""extracellular exosome"", ""xref_src_db"": ""GoComponent""}, {""xref_id"": ""GO:0070161"", ""xref_name"": ""anchoring junction"", ""xref_src_db"": ""GoComponent""}, {""xref_id"": ""GO:0070442"", ""xref_name"": ""integrin alphaIIb-beta3 complex"", ""xref_src_db"": ""GoComponent""}, {""xref_id"": ""GO:0071062"", ""xref_name"": ""alphav-beta3 integrin-vitronectin complex"", ""xref_src_db"": ""GoComponent""}, {""xref_id"": ""GO:0071133"", ""xref_name"": ""alpha9-beta1 integrin-ADAM8 complex"", ""xref_src_db"": ""GoComponent""}, {""xref_id"": ""GO:0097060"", ""xref_name"": ""synaptic membrane"", ""xref_src_db"": ""GoComponent""}, {""xref_id"": ""GO:0098690"", ""xref_name"": ""glycinergic synapse"", ""xref_src_db"": ""GoComponent""}, {""xref_id"": ""GO:0098978"", ""xref_name"": ""glutamatergic synapse"", ""xref_src_db"": ""GoComponent""}, {""xref_id"": ""GO:0001618"", ""xref_name"": ""virus receptor activity"", ""xref_src_db"": ""GoFunction""}, {""xref_id"": ""GO:0001968"", ""xref_name"": ""fibronectin binding"", ""xref_src_db"": ""GoFunction""}, {""xref_id"": ""GO:0002020"", ""xref_name"": ""protease binding"", ""xref_src_db"": ""GoFunction""}, {""xref_id"": ""GO:0003756"", ""xref_name"": ""protein disulfide isomerase activity"", ""xref_src_db"": ""GoFunction""}, {""xref_id"": ""GO:0005080"", ""xref_name"": ""protein kinase C binding"", ""xref_src_db"": ""GoFunction""}, {""xref_id"": ""GO:0005161"", ""xref_name"": ""platelet-derived growth factor receptor binding"", ""xref_src_db"": ""GoFunction""}, {""xref_id"": ""GO:0005178"", ""xref_name"": ""integrin binding"", ""xref_src_db"": ""GoFunction""}, {""xref_id"": ""GO:0005515"", ""xref_name"": ""protein binding"", ""xref_src_db"": ""GoFunction""}, {""xref_id"": ""GO:0015026"", ""xref_name"": ""coreceptor activity"", ""xref_src_db"": ""GoFunction""}, {""xref_id"": ""GO:0017134"", ""xref_name"": ""fibroblast growth factor binding"", ""xref_src_db"": ""GoFunction""}, {""xref_id"": ""GO:0019899"", ""xref_name"": ""enzyme binding"", ""xref_src_db"": ""GoFunction""}, {""xref_id"": ""GO:0019960"", ""xref_name"": ""C-X3-C chemokine binding"", ""xref_src_db"": ""GoFunction""}, {""xref_id"": ""GO:0031994"", ""xref_name"": ""insulin-like growth factor I binding"", ""xref_src_db"": ""GoFunction""}, {""xref_id"": ""GO:0038132"", ""xref_name"": ""neuregulin binding"", ""xref_src_db"": ""GoFunction""}, {""xref_id"": ""GO:0042802"", ""xref_name"": ""identical protein binding"", ""xref_src_db"": ""GoFunction""}, {""xref_id"": ""GO:0043184"", ""xref_name"": ""vascular endothelial growth factor receptor 2 binding"", ""xref_src_db"": ""GoFunction""}, {""xref_id"": ""GO:0046872"", ""xref_name"": ""metal ion binding"", ""xref_src_db"": ""GoFunction""}, {""xref_id"": ""GO:0050839"", ""xref_name"": ""cell adhesion molecule binding"", ""xref_src_db"": ""GoFunction""}, {""xref_id"": ""GO:0050840"", ""xref_name"": ""extracellular matrix binding"", ""xref_src_db"": ""GoFunction""}, {""xref_id"": ""GO:0001934"", ""xref_name"": ""positive regulation of protein phosphorylation"", ""xref_src_db"": ""GoProcess""}, {""xref_id"": ""GO:0001938"", ""xref_name"": ""positive regulation of endothelial cell proliferation"", ""xref_src_db"": ""GoProcess""}, {""xref_id"": ""GO:0001954"", ""xref_name"": ""positive regulation of cell-matrix adhesion"", ""xref_src_db"": ""GoProcess""}, {""xref_id"": ""GO:0002687"", ""xref_name"": ""positive regulation of leukocyte migration"", ""xref_src_db"": ""GoProcess""}, {""xref_id"": ""GO:0007044"", ""xref_name"": ""cell-substrate junction assembly"", ""xref_src_db"": ""GoProcess""}, {""xref_id"": ""GO:0007155"", ""xref_name"": ""cell adhesion"", ""xref_src_db"": ""GoProcess""}, {""xref_id"": ""GO:0007160"", ""xref_name"": ""cell-matrix adhesion"", ""xref_src_db"": ""GoProcess""}, {""xref_id"": ""GO:0007229"", ""xref_name"": ""integrin-mediated signaling pathway"", ""xref_src_db"": ""GoProcess""}, {""xref_id"": ""GO:0007566"", ""xref_name"": ""embryo implantation"", ""xref_src_db"": ""GoProcess""}, {""xref_id"": ""GO:0007596"", ""xref_name"": ""blood coagulation"", ""xref_src_db"": ""GoProcess""}, {""xref_id"": ""GO:0008277"", ""xref_name"": ""regulation of G protein-coupled receptor signaling pathway"", ""xref_src_db"": ""GoProcess""}, {""xref_id"": ""GO:0010595"", ""xref_name"": ""positive regulation of endothelial cell migration"", ""xref_src_db"": ""GoProcess""}, {""xref_id"": ""GO:0010628"", ""xref_name"": ""positive regulation of gene expression"", ""xref_src_db"": ""GoProcess""}, {""xref_id"": ""GO:0010745"", ""xref_name"": ""negative regulation of macrophage derived foam cell differentiation"", ""xref_src_db"": ""GoProcess""}, {""xref_id"": ""GO:0010763"", ""xref_name"": ""positive regulation of fibroblast migration"", ""xref_src_db"": ""GoProcess""}, {""xref_id"": ""GO:0010888"", ""xref_name"": ""negative regulation of lipid storage"", ""xref_src_db"": ""GoProcess""}, {""xref_id"": ""GO:0014909"", ""xref_name"": ""smooth muscle cell migration"", ""xref_src_db"": ""GoProcess""}, {""xref_id"": ""GO:0014911"", ""xref_name"": ""positive regulation of smooth muscle cell migration"", ""xref_src_db"": ""GoProcess""}, {""xref_id"": ""GO:0030168"", ""xref_name"": ""platelet activation"", ""xref_src_db"": ""GoProcess""}, {""xref_id"": ""GO:0030335"", ""xref_name"": ""positive regulation of cell migration"", ""xref_src_db"": ""GoProcess""}, {""xref_id"": ""GO:0030949"", ""xref_name"": ""positive regulation of vascular endothelial growth factor receptor signaling pathway"", ""xref_src_db"": ""GoProcess""}, {""xref_id"": ""GO:0031589"", ""xref_name"": ""cell-substrate adhesion"", ""xref_src_db"": ""GoProcess""}, {""xref_id"": ""GO:0032147"", ""xref_name"": ""activation of protein kinase activity"", ""xref_src_db"": ""GoProcess""}, {""xref_id"": ""GO:0032369"", ""xref_name"": ""negative regulation of lipid transport"", ""xref_src_db"": ""GoProcess""}, {""xref_id"": ""GO:0032880"", ""xref_name"": ""regulation of protein localization"", ""xref_src_db"": ""GoProcess""}, {""xref_id"": ""GO:0032956"", ""xref_name"": ""regulation of actin cytoskeleton organization"", ""xref_src_db"": ""GoProcess""}, {""xref_id"": ""GO:0033627"", ""xref_name"": ""cell adhesion mediated by integrin"", ""xref_src_db"": ""GoProcess""}, {""xref_id"": ""GO:0033630"", ""xref_name"": ""positive regulation of cell adhesion mediated by integrin"", ""xref_src_db"": ""GoProcess""}, {""xref_id"": ""GO:0033690"", ""xref_name"": ""positive regulation of osteoblast proliferation"", ""xref_src_db"": ""GoProcess""}, {""xref_id"": ""GO:0034113"", ""xref_name"": ""heterotypic cell-cell adhesion"", ""xref_src_db"": ""GoProcess""}, {""xref_id"": ""GO:0034446"", ""xref_name"": ""substrate adhesion-dependent cell spreading"", ""xref_src_db"": ""GoProcess""}, {""xref_id"": ""GO:0035295"", ""xref_name"": ""tube development"", ""xref_src_db"": ""GoProcess""}, {""xref_id"": ""GO:0035313"", ""xref_name"": ""wound healing, spreading of epidermal cells"", ""xref_src_db"": ""GoProcess""}, {""xref_id"": ""GO:0038027"", ""xref_name"": ""apolipoprotein A-I-mediated signaling pathway"", ""xref_src_db"": ""GoProcess""}, {""xref_id"": ""GO:0043277"", ""xref_name"": ""apoptotic cell clearance"", ""xref_src_db"": ""GoProcess""}, {""xref_id"": ""GO:0045124"", ""xref_name"": ""regulation of bone resorption"", ""xref_src_db"": ""GoProcess""}, {""xref_id"": ""GO:0045766"", ""xref_name"": ""positive regulation of angiogenesis"", ""xref_src_db"": ""GoProcess""}, {""xref_id"": ""GO:0045780"", ""xref_name"": ""positive regulation of bone resorption"", ""xref_src_db"": ""GoProcess""}, {""xref_id"": ""GO:0046718"", ""xref_name"": ""symbiont entry into host cell"", ""xref_src_db"": ""GoProcess""}, {""xref_id"": ""GO:0048008"", ""xref_name"": ""platelet-derived growth factor receptor signaling pathway"", ""xref_src_db"": ""GoProcess""}, {""xref_id"": ""GO:0048146"", ""xref_name"": ""positive regulation of fibroblast proliferation"", ""xref_src_db"": ""GoProcess""}, {""xref_id"": ""GO:0048333"", ""xref_name"": ""mesodermal cell differentiation"", ""xref_src_db"": ""GoProcess""}, {""xref_id"": ""GO:0048661"", ""xref_name"": ""positive regulation of smooth muscle cell proliferation"", ""xref_src_db"": ""GoProcess""}, {""xref_id"": ""GO:0050731"", ""xref_name"": ""positive regulation of peptidyl-tyrosine phosphorylation"", ""xref_src_db"": ""GoProcess""}, {""xref_id"": ""GO:0050748"", ""xref_name"": ""negative regulation of lipoprotein metabolic process"", ""xref_src_db"": ""GoProcess""}, {""xref_id"": ""GO:0050919"", ""xref_name"": ""negative chemotaxis"", ""xref_src_db"": ""GoProcess""}, {""xref_id"": ""GO:0051279"", ""xref_name"": ""regulation of release of sequestered calcium ion into cytosol"", ""xref_src_db"": ""GoProcess""}, {""xref_id"": ""GO:0051611"", ""xref_name"": ""regulation of serotonin uptake"", ""xref_src_db"": ""GoProcess""}, {""xref_id"": ""GO:0060055"", ""xref_name"": ""angiogenesis involved in wound healing"", ""xref_src_db"": ""GoProcess""}, {""xref_id"": ""GO:0070374"", ""xref_name"": ""positive regulation of ERK1 and ERK2 cascade"", ""xref_src_db"": ""GoProcess""}, {""xref_id"": ""GO:0070527"", ""xref_name"": ""platelet aggregation"", ""xref_src_db"": ""GoProcess""}, {""xref_id"": ""GO:0071260"", ""xref_name"": ""cellular response to mechanical stimulus"", ""xref_src_db"": ""GoProcess""}, {""xref_id"": ""GO:0071466"", ""xref_name"": ""cellular response to xenobiotic stimulus"", ""xref_src_db"": ""GoProcess""}, {""xref_id"": ""GO:0072126"", ""xref_name"": ""positive regulation of glomerular mesangial cell proliferation"", ""xref_src_db"": ""GoProcess""}, {""xref_id"": ""GO:0072378"", ""xref_name"": ""blood coagulation, fibrin clot formation"", ""xref_src_db"": ""GoProcess""}, {""xref_id"": ""GO:0098880"", ""xref_name"": ""maintenance of postsynaptic specialization structure"", ""xref_src_db"": ""GoProcess""}, {""xref_id"": ""GO:0099149"", ""xref_name"": ""regulation of postsynaptic neurotransmitter receptor internalization"", ""xref_src_db"": ""GoProcess""}, {""xref_id"": ""GO:0150054"", ""xref_name"": ""regulation of postsynaptic neurotransmitter receptor diffusion trapping"", ""xref_src_db"": ""GoProcess""}, {""xref_id"": ""GO:1900026"", ""xref_name"": ""positive regulation of substrate adhesion-dependent cell spreading"", ""xref_src_db"": ""GoProcess""}, {""xref_id"": ""GO:1900731"", ""xref_name"": ""positive regulation of adenylate cyclase-inhibiting opioid receptor signaling pathway"", ""xref_src_db"": ""GoProcess""}, {""xref_id"": ""GO:1901163"", ""xref_name"": ""regulation of trophoblast cell migration"", ""xref_src_db"": ""GoProcess""}, {""xref_id"": ""GO:1903053"", ""xref_name"": ""regulation of extracellular matrix organization"", ""xref_src_db"": ""GoProcess""}, {""xref_id"": ""GO:1905598"", ""xref_name"": ""negative regulation of low-density lipoprotein receptor activity"", ""xref_src_db"": ""GoProcess""}, {""xref_id"": ""GO:1990314"", ""xref_name"": ""cellular response to insulin-like growth factor stimulus"", ""xref_src_db"": ""GoProcess""}, {""xref_id"": ""GO:2000352"", ""xref_name"": ""negative regulation of endothelial cell apoptotic process"", ""xref_src_db"": ""GoProcess""}, {""xref_id"": ""GO:2000406"", ""xref_name"": ""positive regulation of T cell migration"", ""xref_src_db"": ""GoProcess""}, {""xref_id"": ""HGNC:6156"", ""xref_name"": ""ITGB3"", ""xref_src_db"": ""HGNC""}, {""xref_id"": ""P05106"", ""xref_name"": null, ""xref_src_db"": ""IntAct""}, {""xref_id"": ""IPR002369"", ""xref_name"": ""Integrin_bsu_VWA"", ""xref_src_db"": ""InterPro""}, {""xref_id"": ""IPR012896"", ""xref_name"": ""Integrin_bsu_tail"", ""xref_src_db"": ""InterPro""}, {""xref_id"": ""IPR013111"", ""xref_name"": ""EGF_extracell"", ""xref_src_db"": ""InterPro""}, {""xref_id"": ""IPR014836"", ""xref_name"": ""Integrin_bsu_cyt_dom"", ""xref_src_db"": ""InterPro""}, {""xref_id"": ""IPR015812"", ""xref_name"": ""Integrin_bsu"", ""xref_src_db"": ""InterPro""}, {""xref_id"": ""IPR016201"", ""xref_name"": ""PSI"", ""xref_src_db"": ""InterPro""}, {""xref_id"": ""IPR032695"", ""xref_name"": ""Integrin_dom_sf"", ""xref_src_db"": ""InterPro""}, {""xref_id"": ""IPR033760"", ""xref_name"": ""Integrin_beta_N"", ""xref_src_db"": ""InterPro""}, {""xref_id"": ""IPR036349"", ""xref_name"": ""Integrin_bsu_tail_dom_sf"", ""xref_src_db"": ""InterPro""}, {""xref_id"": ""IPR036465"", ""xref_name"": ""vWFA_dom_sf"", ""xref_src_db"": ""InterPro""}, {""xref_id"": ""IPR040622"", ""xref_name"": ""I-EGF_1"", ""xref_src_db"": ""InterPro""}, {""xref_id"": ""PTHR10082"", ""xref_name"": ""INTEGRIN BETA SUBUNIT"", ""xref_src_db"": ""PANTHER""}, {""xref_id"": ""PTHR10082:SF25"", ""xref_name"": ""INTEGRIN BETA-3"", ""xref_src_db"": ""PANTHER""}, {""xref_id"": ""1JV2"", ""xref_name"": null, ""xref_src_db"": ""PDB""}, {""xref_id"": ""1KUP"", ""xref_name"": null, ""xref_src_db"": ""PDB""}, {""xref_id"": ""1KUZ"", ""xref_name"": null, ""xref_src_db"": ""PDB""}, {""xref_id"": ""1L5G"", ""xref_name"": null, ""xref_src_db"": ""PDB""}, {""xref_id"": ""1M1X"", ""xref_name"": null, ""xref_src_db"": ""PDB""}, {""xref_id"": ""1M8O"", ""xref_name"": null, ""xref_src_db"": ""PDB""}, {""xref_id"": ""1MIZ"", ""xref_name"": null, ""xref_src_db"": ""PDB""}, {""xref_id"": ""1MK7"", ""xref_name"": null, ""xref_src_db"": ""PDB""}, {""xref_id"": ""1MK9"", ""xref_name"": null, ""xref_src_db"": ""PDB""}, {""xref_id"": ""1S4X"", ""xref_name"": null, ""xref_src_db"": ""PDB""}, {""xref_id"": ""1TYE"", ""xref_name"": null, ""xref_src_db"": ""PDB""}, {""xref_id"": ""1U8C"", ""xref_name"": null, ""xref_src_db"": ""PDB""}, {""xref_id"": ""2K9J"", ""xref_name"": null, ""xref_src_db"": ""PDB""}, {""xref_id"": ""2KNC"", ""xref_name"": null, ""xref_src_db"": ""PDB""}, {""xref_id"": ""2KV9"", ""xref_name"": null, ""xref_src_db"": ""PDB""}, {""xref_id"": ""2L1C"", ""xref_name"": null, ""xref_src_db"": ""PDB""}, {""xref_id"": ""2L91"", ""xref_name"": null, ""xref_src_db"": ""PDB""}, {""xref_id"": ""2LJD"", ""xref_name"": null, ""xref_src_db"": ""PDB""}, {""xref_id"": ""2LJE"", ""xref_name"": null, ""xref_src_db"": ""PDB""}, {""xref_id"": ""2LJF"", ""xref_name"": null, ""xref_src_db"": ""PDB""}, {""xref_id"": ""2MTP"", ""xref_name"": null, ""xref_src_db"": ""PDB""}, {""xref_id"": ""2N9Y"", ""xref_name"": null, ""xref_src_db"": ""PDB""}, {""xref_id"": ""2Q6W"", ""xref_name"": null, ""xref_src_db"": ""PDB""}, {""xref_id"": ""2RMZ"", ""xref_name"": null, ""xref_src_db"": ""PDB""}, {""xref_id"": ""2RN0"", ""xref_name"": null, ""xref_src_db"": ""PDB""}, {""xref_id"": ""2VC2"", ""xref_name"": null, ""xref_src_db"": ""PDB""}, {""xref_id"": ""2VDK"", ""xref_name"": null, ""xref_src_db"": ""PDB""}, {""xref_id"": ""2VDL"", ""xref_name"": null, ""xref_src_db"": ""PDB""}, {""xref_id"": ""2VDM"", ""xref_name"": null, ""xref_src_db"": ""PDB""}, {""xref_id"": ""2VDN"", ""xref_name"": null, ""xref_src_db"": ""PDB""}, {""xref_id"": ""2VDO"", ""xref_name"": null, ""xref_src_db"": ""PDB""}, {""xref_id"": ""2VDP"", ""xref_name"": null, ""xref_src_db"": ""PDB""}, {""xref_id"": ""2VDQ"", ""xref_name"": null, ""xref_src_db"": ""PDB""}, {""xref_id"": ""2VDR"", ""xref_name"": null, ""xref_src_db"": ""PDB""}, {""xref_id"": ""3FCS"", ""xref_name"": null, ""xref_src_db"": ""PDB""}, {""xref_id"": ""3FCU"", ""xref_name"": null, ""xref_src_db"": ""PDB""}, {""xref_id"": ""3IJE"", ""xref_name"": null, ""xref_src_db"": ""PDB""}, {""xref_id"": ""3NID"", ""xref_name"": null, ""xref_src_db"": ""PDB""}, {""xref_id"": ""3NIF"", ""xref_name"": null, ""xref_src_db"": ""PDB""}, {""xref_id"": ""3NIG"", ""xref_name"": null, ""xref_src_db"": ""PDB""}, {""xref_id"": ""3T3M"", ""xref_name"": null, ""xref_src_db"": ""PDB""}, {""xref_id"": ""3T3P"", ""xref_name"": null, ""xref_src_db"": ""PDB""}, {""xref_id"": ""3ZDX"", ""xref_name"": null, ""xref_src_db"": ""PDB""}, {""xref_id"": ""3ZDY"", ""xref_name"": null, ""xref_src_db"": ""PDB""}, {""xref_id"": ""3ZDZ"", ""xref_name"": null, ""xref_src_db"": ""PDB""}, {""xref_id"": ""3ZE0"", ""xref_name"": null, ""xref_src_db"": ""PDB""}, {""xref_id"": ""3ZE1"", ""xref_name"": null, ""xref_src_db"": ""PDB""}, {""xref_id"": ""3ZE2"", ""xref_name"": null, ""xref_src_db"": ""PDB""}, {""xref_id"": ""4CAK"", ""xref_name"": null, ""xref_src_db"": ""PDB""}, {""xref_id"": ""4G1E"", ""xref_name"": null, ""xref_src_db"": ""PDB""}, {""xref_id"": ""4G1M"", ""xref_name"": null, ""xref_src_db"": ""PDB""}, {""xref_id"": ""4MMX"", ""xref_name"": null, ""xref_src_db"": ""PDB""}, {""xref_id"": ""4MMY"", ""xref_name"": null, ""xref_src_db"": ""PDB""}, {""xref_id"": ""4MMZ"", ""xref_name"": null, ""xref_src_db"": ""PDB""}, {""xref_id"": ""4O02"", ""xref_name"": null, ""xref_src_db"": ""PDB""}, {""xref_id"": ""4Z7N"", ""xref_name"": null, ""xref_src_db"": ""PDB""}, {""xref_id"": ""4Z7O"", ""xref_name"": null, ""xref_src_db"": ""PDB""}, {""xref_id"": ""4Z7Q"", ""xref_name"": null, ""xref_src_db"": ""PDB""}, {""xref_id"": ""5HDB"", ""xref_name"": null, ""xref_src_db"": ""PDB""}, {""xref_id"": ""6AVQ"", ""xref_name"": null, ""xref_src_db"": ""PDB""}, {""xref_id"": ""6AVR"", ""xref_name"": null, ""xref_src_db"": ""PDB""}, {""xref_id"": ""6AVU"", ""xref_name"": null, ""xref_src_db"": ""PDB""}, {""xref_id"": ""6BXB"", ""xref_name"": null, ""xref_src_db"": ""PDB""}, {""xref_id"": ""6BXF"", ""xref_name"": null, ""xref_src_db"": ""PDB""}, {""xref_id"": ""6BXJ"", ""xref_name"": null, ""xref_src_db"": ""PDB""}, {""xref_id"": ""6CKB"", ""xref_name"": null, ""xref_src_db"": ""PDB""}, {""xref_id"": ""6MK0"", ""xref_name"": null, ""xref_src_db"": ""PDB""}, {""xref_id"": ""6MSL"", ""xref_name"": null, ""xref_src_db"": ""PDB""}, {""xref_id"": ""6MSU"", ""xref_name"": null, ""xref_src_db"": ""PDB""}, {""xref_id"": ""6NAJ"", ""xref_name"": null, ""xref_src_db"": ""PDB""}, {""xref_id"": ""6V4P"", ""xref_name"": null, ""xref_src_db"": ""PDB""}, {""xref_id"": ""7KN0"", ""xref_name"": null, ""xref_src_db"": ""PDB""}, {""xref_id"": ""7L8P"", ""xref_name"": null, ""xref_src_db"": ""PDB""}, {""xref_id"": ""7LA4"", ""xref_name"": null, ""xref_src_db"": ""PDB""}, {""xref_id"": ""7TCT"", ""xref_name"": null, ""xref_src_db"": ""PDB""}, {""xref_id"": ""7TD8"", ""xref_name"": null, ""xref_src_db"": ""PDB""}, {""xref_id"": ""7THO"", ""xref_name"": null, ""xref_src_db"": ""PDB""}, {""xref_id"": ""7TMZ"", ""xref_name"": null, ""xref_src_db"": ""PDB""}, {""xref_id"": ""7TPD"", ""xref_name"": null, ""xref_src_db"": ""PDB""}, {""xref_id"": ""7U60"", ""xref_name"": null, ""xref_src_db"": ""PDB""}, {""xref_id"": ""7U9F"", ""xref_name"": null, ""xref_src_db"": ""PDB""}, {""xref_id"": ""7U9V"", ""xref_name"": null, ""xref_src_db"": ""PDB""}, {""xref_id"": ""7UBR"", ""xref_name"": null, ""xref_src_db"": ""PDB""}, {""xref_id"": ""7UCY"", ""xref_name"": null, ""xref_src_db"": ""PDB""}, {""xref_id"": ""7UDG"", ""xref_name"": null, ""xref_src_db"": ""PDB""}, {""xref_id"": ""7UDH"", ""xref_name"": null, ""xref_src_db"": ""PDB""}, {""xref_id"": ""7UE0"", ""xref_name"": null, ""xref_src_db"": ""PDB""}, {""xref_id"": ""7UFH"", ""xref_name"": null, ""xref_src_db"": ""PDB""}, {""xref_id"": ""7UH8"", ""xref_name"": null, ""xref_src_db"": ""PDB""}, {""xref_id"": ""7UJE"", ""xref_name"": null, ""xref_src_db"": ""PDB""}, {""xref_id"": ""7UJK"", ""xref_name"": null, ""xref_src_db"": ""PDB""}, {""xref_id"": ""7UK9"", ""xref_name"": null, ""xref_src_db"": ""PDB""}, {""xref_id"": ""7UKO"", ""xref_name"": null, ""xref_src_db"": ""PDB""}, {""xref_id"": ""7UKP"", ""xref_name"": null, ""xref_src_db"": ""PDB""}, {""xref_id"": ""7UKT"", ""xref_name"": null, ""xref_src_db"": ""PDB""}, {""xref_id"": ""8GCD"", ""xref_name"": null, ""xref_src_db"": ""PDB""}, {""xref_id"": ""8GCE"", ""xref_name"": null, ""xref_src_db"": ""PDB""}, {""xref_id"": ""8IJ5"", ""xref_name"": null, ""xref_src_db"": ""PDB""}, {""xref_id"": ""8T2U"", ""xref_name"": null, ""xref_src_db"": ""PDB""}, {""xref_id"": ""8T2V"", ""xref_name"": null, ""xref_src_db"": ""PDB""}, {""xref_id"": ""8XEI"", ""xref_name"": null, ""xref_src_db"": ""PDB""}, {""xref_id"": ""8XEK"", ""xref_name"": null, ""xref_src_db"": ""PDB""}, {""xref_id"": ""8XEL"", ""xref_name"": null, ""xref_src_db"": ""PDB""}, {""xref_id"": ""8XEN"", ""xref_name"": null, ""xref_src_db"": ""PDB""}, {""xref_id"": ""8XER"", ""xref_name"": null, ""xref_src_db"": ""PDB""}, {""xref_id"": ""8XEZ"", ""xref_name"": null, ""xref_src_db"": ""PDB""}, {""xref_id"": ""8XF6"", ""xref_name"": null, ""xref_src_db"": ""PDB""}, {""xref_id"": ""8XFG"", ""xref_name"": null, ""xref_src_db"": ""PDB""}, {""xref_id"": ""8XFO"", ""xref_name"": null, ""xref_src_db"": ""PDB""}, {""xref_id"": ""9AXL"", ""xref_name"": null, ""xref_src_db"": ""PDB""}, {""xref_id"": ""9DEQ"", ""xref_name"": null, ""xref_src_db"": ""PDB""}, {""xref_id"": ""9DER"", ""xref_name"": null, ""xref_src_db"": ""PDB""}, {""xref_id"": ""1JV2"", ""xref_name"": ""A"", ""xref_src_db"": ""PDBe""}, {""xref_id"": ""1L5G"", ""xref_name"": ""A"", ""xref_src_db"": ""PDBe""}, {""xref_id"": ""1M1X"", ""xref_name"": ""A"", ""xref_src_db"": ""PDBe""}, {""xref_id"": ""1MIZ"", ""xref_name"": ""A"", ""xref_src_db"": ""PDBe""}, {""xref_id"": ""1MK7"", ""xref_name"": ""A"", ""xref_src_db"": ""PDBe""}, {""xref_id"": ""1MK9"", ""xref_name"": ""A"", ""xref_src_db"": ""PDBe""}, {""xref_id"": ""1TYE"", ""xref_name"": ""A"", ""xref_src_db"": ""PDBe""}, {""xref_id"": ""1U8C"", ""xref_name"": ""A"", ""xref_src_db"": ""PDBe""}, {""xref_id"": ""2Q6W"", ""xref_name"": ""A"", ""xref_src_db"": ""PDBe""}, {""xref_id"": ""2VC2"", ""xref_name"": ""A"", ""xref_src_db"": ""PDBe""}, {""xref_id"": ""2VDK"", ""xref_name"": ""A"", ""xref_src_db"": ""PDBe""}, {""xref_id"": ""2VDL"", ""xref_name"": ""A"", ""xref_src_db"": ""PDBe""}, {""xref_id"": ""2VDM"", ""xref_name"": ""A"", ""xref_src_db"": ""PDBe""}, {""xref_id"": ""2VDN"", ""xref_name"": ""A"", ""xref_src_db"": ""PDBe""}, {""xref_id"": ""2VDO"", ""xref_name"": ""A"", ""xref_src_db"": ""PDBe""}, {""xref_id"": ""2VDP"", ""xref_name"": ""A"", ""xref_src_db"": ""PDBe""}, {""xref_id"": ""2VDQ"", ""xref_name"": ""A"", ""xref_src_db"": ""PDBe""}, {""xref_id"": ""2VDR"", ""xref_name"": ""A"", ""xref_src_db"": ""PDBe""}, {""xref_id"": ""3FCS"", ""xref_name"": ""A"", ""xref_src_db"": ""PDBe""}, {""xref_id"": ""3FCU"", ""xref_name"": ""A"", ""xref_src_db"": ""PDBe""}, {""xref_id"": ""3IJE"", ""xref_name"": ""A"", ""xref_src_db"": ""PDBe""}, {""xref_id"": ""3NID"", ""xref_name"": ""A"", ""xref_src_db"": ""PDBe""}, {""xref_id"": ""3NIF"", ""xref_name"": ""A"", ""xref_src_db"": ""PDBe""}, {""xref_id"": ""3NIG"", ""xref_name"": ""A"", ""xref_src_db"": ""PDBe""}, {""xref_id"": ""3T3M"", ""xref_name"": ""A"", ""xref_src_db"": ""PDBe""}, {""xref_id"": ""3T3P"", ""xref_name"": ""A"", ""xref_src_db"": ""PDBe""}, {""xref_id"": ""3ZDX"", ""xref_name"": ""A"", ""xref_src_db"": ""PDBe""}, {""xref_id"": ""3ZDY"", ""xref_name"": ""A"", ""xref_src_db"": ""PDBe""}, {""xref_id"": ""3ZDZ"", ""xref_name"": ""A"", ""xref_src_db"": ""PDBe""}, {""xref_id"": ""3ZE0"", ""xref_name"": ""A"", ""xref_src_db"": ""PDBe""}, {""xref_id"": ""3ZE1"", ""xref_name"": ""A"", ""xref_src_db"": ""PDBe""}, {""xref_id"": ""3ZE2"", ""xref_name"": ""A"", ""xref_src_db"": ""PDBe""}, {""xref_id"": ""4G1E"", ""xref_name"": ""A"", ""xref_src_db"": ""PDBe""}, {""xref_id"": ""4G1M"", ""xref_name"": ""A"", ""xref_src_db"": ""PDBe""}, {""xref_id"": ""4MMX"", ""xref_name"": ""A"", ""xref_src_db"": ""PDBe""}, {""xref_id"": ""4MMY"", ""xref_name"": ""A"", ""xref_src_db"": ""PDBe""}, {""xref_id"": ""4MMZ"", ""xref_name"": ""A"", ""xref_src_db"": ""PDBe""}, {""xref_id"": ""4O02"", ""xref_name"": ""A"", ""xref_src_db"": ""PDBe""}, {""xref_id"": ""4Z7N"", ""xref_name"": ""A"", ""xref_src_db"": ""PDBe""}, {""xref_id"": ""4Z7O"", ""xref_name"": ""A"", ""xref_src_db"": ""PDBe""}, {""xref_id"": ""4Z7Q"", ""xref_name"": ""A"", ""xref_src_db"": ""PDBe""}, {""xref_id"": ""5HDB"", ""xref_name"": ""A"", ""xref_src_db"": ""PDBe""}, {""xref_id"": ""6BXB"", ""xref_name"": ""A"", ""xref_src_db"": ""PDBe""}, {""xref_id"": ""6BXF"", ""xref_name"": ""A"", ""xref_src_db"": ""PDBe""}, {""xref_id"": ""6BXJ"", ""xref_name"": ""A"", ""xref_src_db"": ""PDBe""}, {""xref_id"": ""6CKB"", ""xref_name"": ""A"", ""xref_src_db"": ""PDBe""}, {""xref_id"": ""6MK0"", ""xref_name"": ""A"", ""xref_src_db"": ""PDBe""}, {""xref_id"": ""6MSL"", ""xref_name"": ""A"", ""xref_src_db"": ""PDBe""}, {""xref_id"": ""6MSU"", ""xref_name"": ""A"", ""xref_src_db"": ""PDBe""}, {""xref_id"": ""6NAJ"", ""xref_name"": ""A"", ""xref_src_db"": ""PDBe""}, {""xref_id"": ""7L8P"", ""xref_name"": ""A"", ""xref_src_db"": ""PDBe""}, {""xref_id"": ""7TCT"", ""xref_name"": ""A"", ""xref_src_db"": ""PDBe""}, {""xref_id"": ""7TD8"", ""xref_name"": ""A"", ""xref_src_db"": ""PDBe""}, {""xref_id"": ""7THO"", ""xref_name"": ""A"", ""xref_src_db"": ""PDBe""}, {""xref_id"": ""7TMZ"", ""xref_name"": ""A"", ""xref_src_db"": ""PDBe""}, {""xref_id"": ""7TPD"", ""xref_name"": ""A"", ""xref_src_db"": ""PDBe""}, {""xref_id"": ""7U60"", ""xref_name"": ""A"", ""xref_src_db"": ""PDBe""}, {""xref_id"": ""7U9F"", ""xref_name"": ""A"", ""xref_src_db"": ""PDBe""}, {""xref_id"": ""7U9V"", ""xref_name"": ""A"", ""xref_src_db"": ""PDBe""}, {""xref_id"": ""7UBR"", ""xref_name"": ""A"", ""xref_src_db"": ""PDBe""}, {""xref_id"": ""7UCY"", ""xref_name"": ""A"", ""xref_src_db"": ""PDBe""}, {""xref_id"": ""7UDG"", ""xref_name"": ""A"", ""xref_src_db"": ""PDBe""}, {""xref_id"": ""7UDH"", ""xref_name"": ""A"", ""xref_src_db"": ""PDBe""}, {""xref_id"": ""7UE0"", ""xref_name"": ""A"", ""xref_src_db"": ""PDBe""}, {""xref_id"": ""7UFH"", ""xref_name"": ""A"", ""xref_src_db"": ""PDBe""}, {""xref_id"": ""7UH8"", ""xref_name"": ""A"", ""xref_src_db"": ""PDBe""}, {""xref_id"": ""7UJE"", ""xref_name"": ""A"", ""xref_src_db"": ""PDBe""}, {""xref_id"": ""7UJK"", ""xref_name"": ""A"", ""xref_src_db"": ""PDBe""}, {""xref_id"": ""7UK9"", ""xref_name"": ""A"", ""xref_src_db"": ""PDBe""}, {""xref_id"": ""7UKO"", ""xref_name"": ""A"", ""xref_src_db"": ""PDBe""}, {""xref_id"": ""7UKP"", ""xref_name"": ""A"", ""xref_src_db"": ""PDBe""}, {""xref_id"": ""7UKT"", ""xref_name"": ""A"", ""xref_src_db"": ""PDBe""}, {""xref_id"": ""PF00362"", ""xref_name"": ""Integrin_beta"", ""xref_src_db"": ""Pfam""}, {""xref_id"": ""PF07965"", ""xref_name"": ""Integrin_B_tail"", ""xref_src_db"": ""Pfam""}, {""xref_id"": ""PF07974"", ""xref_name"": ""EGF_2"", ""xref_src_db"": ""Pfam""}, {""xref_id"": ""PF08725"", ""xref_name"": ""Integrin_b_cyt"", ""xref_src_db"": ""Pfam""}, {""xref_id"": ""PF17205"", ""xref_name"": ""PSI_integrin"", ""xref_src_db"": ""Pfam""}, {""xref_id"": ""PF18372"", ""xref_name"": ""I-EGF_1"", ""xref_src_db"": ""Pfam""}, {""xref_id"": ""PF23105"", ""xref_name"": ""EGF_integrin"", ""xref_src_db"": ""Pfam""}, {""xref_id"": ""PA205"", ""xref_name"": ""integrin subunit beta 3"", ""xref_src_db"": ""PharmGKB""}, {""xref_id"": ""P05106"", ""xref_name"": null, ""xref_src_db"": ""Pharos""}, {""xref_id"": ""R-HSA-114608"", ""xref_name"": ""Platelet degranulation"", ""xref_src_db"": ""Reactome""}, {""xref_id"": ""R-HSA-1566948"", ""xref_name"": ""Elastic fibre formation"", ""xref_src_db"": ""Reactome""}, {""xref_id"": ""R-HSA-210990"", ""xref_name"": ""PECAM1 interactions"", ""xref_src_db"": ""Reactome""}, {""xref_id"": ""R-HSA-2129379"", ""xref_name"": ""Molecules associated with elastic fibres"", ""xref_src_db"": ""Reactome""}, {""xref_id"": ""R-HSA-216083"", ""xref_name"": ""Integrin cell surface interactions"", ""xref_src_db"": ""Reactome""}, {""xref_id"": ""R-HSA-2173789"", ""xref_name"": ""TGF-beta receptor signaling activates SMADs"", ""xref_src_db"": ""Reactome""}, {""xref_id"": ""R-HSA-3000170"", ""xref_name"": ""Syndecan interactions"", ""xref_src_db"": ""Reactome""}, {""xref_id"": ""R-HSA-3000178"", ""xref_name"": ""ECM proteoglycans"", ""xref_src_db"": ""Reactome""}, {""xref_id"": ""R-HSA-354192"", ""xref_name"": ""Integrin signaling"", ""xref_src_db"": ""Reactome""}, {""xref_id"": ""R-HSA-354194"", ""xref_name"": ""GRB2:SOS provides linkage to MAPK signaling for Integrins"", ""xref_src_db"": ""Reactome""}, {""xref_id"": ""R-HSA-372708"", ""xref_name"": ""p130Cas linkage to MAPK signaling for integrins"", ""xref_src_db"": ""Reactome""}, {""xref_id"": ""R-HSA-4420097"", ""xref_name"": ""VEGFA-VEGFR2 Pathway"", ""xref_src_db"": ""Reactome""}, {""xref_id"": ""R-HSA-445144"", ""xref_name"": ""Signal transduction by L1"", ""xref_src_db"": ""Reactome""}, {""xref_id"": ""R-HSA-5674135"", ""xref_name"": ""MAP2K and MAPK activation"", ""xref_src_db"": ""Reactome""}, {""xref_id"": ""R-HSA-6802946"", ""xref_name"": ""Signaling by moderate kinase activity BRAF mutants"", ""xref_src_db"": ""Reactome""}, {""xref_id"": ""R-HSA-6802948"", ""xref_name"": ""Signaling by high-kinase activity BRAF mutants"", ""xref_src_db"": ""Reactome""}, {""xref_id"": ""R-HSA-6802952"", ""xref_name"": ""Signaling by BRAF and RAF1 fusions"", ""xref_src_db"": ""Reactome""}, {""xref_id"": ""R-HSA-6802955"", ""xref_name"": ""Paradoxical activation of RAF signaling by kinase inactive BRAF"", ""xref_src_db"": ""Reactome""}, {""xref_id"": ""R-HSA-9649948"", ""xref_name"": ""Signaling downstream of RAS mutants"", ""xref_src_db"": ""Reactome""}, {""xref_id"": ""R-HSA-9656223"", ""xref_name"": ""Signaling by RAF1 mutants"", ""xref_src_db"": ""Reactome""}, {""xref_id"": ""R-HSA-9856532"", ""xref_name"": ""Mechanical load activates signaling by PIEZO1 and integrins in osteocytes"", ""xref_src_db"": ""Reactome""}, {""xref_id"": ""R-HSA-9860927"", ""xref_name"": ""Turbulent (oscillatory, disturbed) flow shear stress activates signaling by PIEZO1 and integrins in endothelial cells"", ""xref_src_db"": ""Reactome""}, {""xref_id"": ""A0PJW2"", ""xref_name"": ""Integrin beta-3"", ""xref_src_db"": ""UniProt""}, {""xref_id"": ""D3DXJ8"", ""xref_name"": ""Integrin beta-3"", ""xref_src_db"": ""UniProt""}, {""xref_id"": ""O15495"", ""xref_name"": ""Integrin beta-3"", ""xref_src_db"": ""UniProt""}, {""xref_id"": ""P05106"", ""xref_name"": ""Integrin beta-3"", ""xref_src_db"": ""UniProt""}, {""xref_id"": ""Q12806"", ""xref_name"": ""Integrin beta-3"", ""xref_src_db"": ""UniProt""}, {""xref_id"": ""Q13413"", ""xref_name"": ""Integrin beta-3"", ""xref_src_db"": ""UniProt""}, {""xref_id"": ""Q14648"", ""xref_name"": ""Integrin beta-3"", ""xref_src_db"": ""UniProt""}, {""xref_id"": ""Q16499"", ""xref_name"": ""Integrin beta-3"", ""xref_src_db"": ""UniProt""}]",normalized_field,tests/fixtures/bronze/chembl/target_component/sample_ci_2026-04-29.jsonl
chembl_target_component,chembl/target_component,target_component_xrefs,bronze_fixture,"[{""xref_id"": ""P05556"", ""xref_name"": null, ""xref_src_db"": ""AlphaFoldDB""}, {""xref_id"": ""P05556"", ""xref_name"": null, ""xref_src_db"": ""ExpressionAtlas""}, {""xref_id"": ""GO:0001726"", ""xref_name"": ""ruffle"", ""xref_src_db"": ""GoComponent""}, {""xref_id"": ""GO:0005737"", ""xref_name"": ""cytoplasm"", ""xref_src_db"": ""GoComponent""}, {""xref_id"": ""GO:0005768"", ""xref_name"": ""endosome"", ""xref_src_db"": ""GoComponent""}, {""xref_id"": ""GO:0005886"", ""xref_name"": ""plasma membrane"", ""xref_src_db"": ""GoComponent""}, {""xref_id"": ""GO:0005925"", ""xref_name"": ""focal adhesion"", ""xref_src_db"": ""GoComponent""}, {""xref_id"": ""GO:0008305"", ""xref_name"": ""integrin complex"", ""xref_src_db"": ""GoComponent""}, {""xref_id"": ""GO:0009897"", ""xref_name"": ""external side of plasma membrane"", ""xref_src_db"": ""GoComponent""}, {""xref_id"": ""GO:0009986"", ""xref_name"": ""cell surface"", ""xref_src_db"": ""GoComponent""}, {""xref_id"": ""GO:0010008"", ""xref_name"": ""endosome membrane"", ""xref_src_db"": ""GoComponent""}, {""xref_id"": ""GO:0014704"", ""xref_name"": ""intercalated disc"", ""xref_src_db"": ""GoComponent""}, {""xref_id"": ""GO:0016020"", ""xref_name"": ""membrane"", ""xref_src_db"": ""GoComponent""}, {""xref_id"": ""GO:0030027"", ""xref_name"": ""lamellipodium"", ""xref_src_db"": ""GoComponent""}, {""xref_id"": ""GO:0030175"", ""xref_name"": ""filopodium"", ""xref_src_db"": ""GoComponent""}, {""xref_id"": ""GO:0031594"", ""xref_name"": ""neuromuscular junction"", ""xref_src_db"": ""GoComponent""}, {""xref_id"": ""GO:0032154"", ""xref_name"": ""cleavage furrow"", ""xref_src_db"": ""GoComponent""}, {""xref_id"": ""GO:0032587"", ""xref_name"": ""ruffle membrane"", ""xref_src_db"": ""GoComponent""}, {""xref_id"": ""GO:0034665"", ""xref_name"": ""integrin alpha1-beta1 complex"", ""xref_src_db"": ""GoComponent""}, {""xref_id"": ""GO:0034666"", ""xref_name"": ""integrin alpha2-beta1 complex"", ""xref_src_db"": ""GoComponent""}, {""xref_id"": ""GO:0034667"", ""xref_name"": ""integrin alpha3-beta1 complex"", ""xref_src_db"": ""GoComponent""}, {""xref_id"": ""GO:0034668"", ""xref_name"": ""integrin alpha4-beta1 complex"", ""xref_src_db"": ""GoComponent""}, {""xref_id"": ""GO:0034674"", ""xref_name"": ""integrin alpha5-beta1 complex"", ""xref_src_db"": ""GoComponent""}, {""xref_id"": ""GO:0034675"", ""xref_name"": ""integrin alpha6-beta1 complex"", ""xref_src_db"": ""GoComponent""}, {""xref_id"": ""GO:0034677"", ""xref_name"": ""integrin alpha7-beta1 complex"", ""xref_src_db"": ""GoComponent""}, {""xref_id"": ""GO:0034678"", ""xref_name"": ""integrin alpha8-beta1 complex"", ""xref_src_db"": ""GoComponent""}, {""xref_id"": ""GO:0034679"", ""xref_name"": ""integrin alpha9-beta1 complex"", ""xref_src_db"": ""GoComponent""}, {""xref_id"": ""GO:0034680"", ""xref_name"": ""integrin alpha10-beta1 complex"", ""xref_src_db"": ""GoComponent""}, {""xref_id"": ""GO:0034681"", ""xref_name"": ""integrin alpha11-beta1 complex"", ""xref_src_db"": ""GoComponent""}, {""xref_id"": ""GO:0034682"", ""xref_name"": ""integrin alphav-beta1 complex"", ""xref_src_db"": ""GoComponent""}, {""xref_id"": ""GO:0035748"", ""xref_name"": ""myelin sheath abaxonal region"", ""xref_src_db"": ""GoComponent""}, {""xref_id"": ""GO:0042383"", ""xref_name"": ""sarcolemma"", ""xref_src_db"": ""GoComponent""}, {""xref_id"": ""GO:0042995"", ""xref_name"": ""cell projection"", ""xref_src_db"": ""GoComponent""}, {""xref_id"": ""GO:0043197"", ""xref_name"": ""dendritic spine"", ""xref_src_db"": ""GoComponent""}, {""xref_id"": ""GO:0043235"", ""xref_name"": ""receptor complex"", ""xref_src_db"": ""GoComponent""}, {""xref_id"": ""GO:0045121"", ""xref_name"": ""membrane raft"", ""xref_src_db"": ""GoComponent""}, {""xref_id"": ""GO:0045202"", ""xref_name"": ""synapse"", ""xref_src_db"": ""GoComponent""}, {""xref_id"": ""GO:0048471"", ""xref_name"": ""perinuclear region of cytoplasm"", ""xref_src_db"": ""GoComponent""}, {""xref_id"": ""GO:0055037"", ""xref_name"": ""recycling endosome"", ""xref_src_db"": ""GoComponent""}, {""xref_id"": ""GO:0070062"", ""xref_name"": ""extracellular exosome"", ""xref_src_db"": ""GoComponent""}, {""xref_id"": ""GO:0070161"", ""xref_name"": ""anchoring junction"", ""xref_src_db"": ""GoComponent""}, {""xref_id"": ""GO:0097060"", ""xref_name"": ""synaptic membrane"", ""xref_src_db"": ""GoComponent""}, {""xref_id"": ""GO:0097386"", ""xref_name"": ""glial cell projection"", ""xref_src_db"": ""GoComponent""}, {""xref_id"": ""GO:0098685"", ""xref_name"": ""Schaffer collateral - CA1 synapse"", ""xref_src_db"": ""GoComponent""}, {""xref_id"": ""GO:0098978"", ""xref_name"": ""glutamatergic synapse"", ""xref_src_db"": ""GoComponent""}, {""xref_id"": ""GO:0150053"", ""xref_name"": ""cerebellar climbing fiber to Purkinje cell synapse"", ""xref_src_db"": ""GoComponent""}, {""xref_id"": ""GO:0000287"", ""xref_name"": ""magnesium ion binding"", ""xref_src_db"": ""GoFunction""}, {""xref_id"": ""GO:0001618"", ""xref_name"": ""virus receptor activity"", ""xref_src_db"": ""GoFunction""}, {""xref_id"": ""GO:0001968"", ""xref_name"": ""fibronectin binding"", ""xref_src_db"": ""GoFunction""}, {""xref_id"": ""GO:0002020"", ""xref_name"": ""protease binding"", ""xref_src_db"": ""GoFunction""}, {""xref_id"": ""GO:0003779"", ""xref_name"": ""actin binding"", ""xref_src_db"": ""GoFunction""}, {""xref_id"": ""GO:0005178"", ""xref_name"": ""integrin binding"", ""xref_src_db"": ""GoFunction""}, {""xref_id"": ""GO:0005509"", ""xref_name"": ""calcium ion binding"", ""xref_src_db"": ""GoFunction""}, {""xref_id"": ""GO:0005515"", ""xref_name"": ""protein binding"", ""xref_src_db"": ""GoFunction""}, {""xref_id"": ""GO:0015026"", ""xref_name"": ""coreceptor activity"", ""xref_src_db"": ""GoFunction""}, {""xref_id"": ""GO:0019901"", ""xref_name"": ""protein kinase binding"", ""xref_src_db"": ""GoFunction""}, {""xref_id"": ""GO:0019960"", ""xref_name"": ""C-X3-C chemokine binding"", ""xref_src_db"": ""GoFunction""}, {""xref_id"": ""GO:0038023"", ""xref_name"": ""signaling receptor activity"", ""xref_src_db"": ""GoFunction""}, {""xref_id"": ""GO:0043236"", ""xref_name"": ""laminin binding"", ""xref_src_db"": ""GoFunction""}, {""xref_id"": ""GO:0045296"", ""xref_name"": ""cadherin binding"", ""xref_src_db"": ""GoFunction""}, {""xref_id"": ""GO:0046872"", ""xref_name"": ""metal ion binding"", ""xref_src_db"": ""GoFunction""}, {""xref_id"": ""GO:0046982"", ""xref_name"": ""protein heterodimerization activity"", ""xref_src_db"": ""GoFunction""}, {""xref_id"": ""GO:0050839"", ""xref_name"": ""cell adhesion molecule binding"", ""xref_src_db"": ""GoFunction""}, {""xref_id"": ""GO:0098639"", ""xref_name"": ""collagen binding involved in cell-matrix adhesion"", ""xref_src_db"": ""GoFunction""}, {""xref_id"": ""GO:0098640"", ""xref_name"": ""integrin binding involved in cell-matrix adhesion"", ""xref_src_db"": ""GoFunction""}, {""xref_id"": ""GO:1990782"", ""xref_name"": ""protein tyrosine kinase binding"", ""xref_src_db"": ""GoFunction""}, {""xref_id"": ""GO:0000082"", ""xref_name"": ""G1/S transition of mitotic cell cycle"", ""xref_src_db"": ""GoProcess""}, {""xref_id"": ""GO:0000132"", ""xref_name"": ""establishment of mitotic spindle orientation"", ""xref_src_db"": ""GoProcess""}, {""xref_id"": ""GO:0001525"", ""xref_name"": ""angiogenesis"", ""xref_src_db"": ""GoProcess""}, {""xref_id"": ""GO:0001701"", ""xref_name"": ""in utero embryonic development"", ""xref_src_db"": ""GoProcess""}, {""xref_id"": ""GO:0002042"", ""xref_name"": ""cell migration involved in sprouting angiogenesis"", ""xref_src_db"": ""GoProcess""}, {""xref_id"": ""GO:0002052"", ""xref_name"": ""positive regulation of neuroblast proliferation"", ""xref_src_db"": ""GoProcess""}, {""xref_id"": ""GO:0006909"", ""xref_name"": ""phagocytosis"", ""xref_src_db"": ""GoProcess""}, {""xref_id"": ""GO:0007155"", ""xref_name"": ""cell adhesion"", ""xref_src_db"": ""GoProcess""}, {""xref_id"": ""GO:0007156"", ""xref_name"": ""homophilic cell adhesion via plasma membrane adhesion molecules"", ""xref_src_db"": ""GoProcess""}, {""xref_id"": ""GO:0007159"", ""xref_name"": ""leukocyte cell-cell adhesion"", ""xref_src_db"": ""GoProcess""}, {""xref_id"": ""GO:0007160"", ""xref_name"": ""cell-matrix adhesion"", ""xref_src_db"": ""GoProcess""}, {""xref_id"": ""GO:0007161"", ""xref_name"": ""calcium-independent cell-matrix adhesion"", ""xref_src_db"": ""GoProcess""}, {""xref_id"": ""GO:0007179"", ""xref_name"": ""transforming growth factor beta receptor signaling pathway"", ""xref_src_db"": ""GoProcess""}, {""xref_id"": ""GO:0007229"", ""xref_name"": ""integrin-mediated signaling pathway"", ""xref_src_db"": ""GoProcess""}, {""xref_id"": ""GO:0007405"", ""xref_name"": ""neuroblast proliferation"", ""xref_src_db"": ""GoProcess""}, {""xref_id"": ""GO:0007517"", ""xref_name"": ""muscle organ development"", ""xref_src_db"": ""GoProcess""}, {""xref_id"": ""GO:0007520"", ""xref_name"": ""myoblast fusion"", ""xref_src_db"": ""GoProcess""}, {""xref_id"": ""GO:0008283"", ""xref_name"": ""cell population proliferation"", ""xref_src_db"": ""GoProcess""}, {""xref_id"": ""GO:0008354"", ""xref_name"": ""germ cell migration"", ""xref_src_db"": ""GoProcess""}, {""xref_id"": ""GO:0008542"", ""xref_name"": ""visual learning"", ""xref_src_db"": ""GoProcess""}, {""xref_id"": ""GO:0010763"", ""xref_name"": ""positive regulation of fibroblast migration"", ""xref_src_db"": ""GoProcess""}, {""xref_id"": ""GO:0016477"", ""xref_name"": ""cell migration"", ""xref_src_db"": ""GoProcess""}, {""xref_id"": ""GO:0021943"", ""xref_name"": ""formation of radial glial scaffolds"", ""xref_src_db"": ""GoProcess""}, {""xref_id"": ""GO:0023035"", ""xref_name"": ""CD40 signaling pathway"", ""xref_src_db"": ""GoProcess""}, {""xref_id"": ""GO:0030032"", ""xref_name"": ""lamellipodium assembly"", ""xref_src_db"": ""GoProcess""}, {""xref_id"": ""GO:0030182"", ""xref_name"": ""neuron differentiation"", ""xref_src_db"": ""GoProcess""}, {""xref_id"": ""GO:0030183"", ""xref_name"": ""B cell differentiation"", ""xref_src_db"": ""GoProcess""}, {""xref_id"": ""GO:0030198"", ""xref_name"": ""extracellular matrix organization"", ""xref_src_db"": ""GoProcess""}, {""xref_id"": ""GO:0030335"", ""xref_name"": ""positive regulation of cell migration"", ""xref_src_db"": ""GoProcess""}, {""xref_id"": ""GO:0031589"", ""xref_name"": ""cell-substrate adhesion"", ""xref_src_db"": ""GoProcess""}, {""xref_id"": ""GO:0031623"", ""xref_name"": ""receptor internalization"", ""xref_src_db"": ""GoProcess""}, {""xref_id"": ""GO:0033627"", ""xref_name"": ""cell adhesion mediated by integrin"", ""xref_src_db"": ""GoProcess""}, {""xref_id"": ""GO:0033631"", ""xref_name"": ""cell-cell adhesion mediated by integrin"", ""xref_src_db"": ""GoProcess""}, {""xref_id"": ""GO:0034113"", ""xref_name"": ""heterotypic cell-cell adhesion"", ""xref_src_db"": ""GoProcess""}, {""xref_id"": ""GO:0035024"", ""xref_name"": ""negative regulation of Rho protein signal transduction"", ""xref_src_db"": ""GoProcess""}, {""xref_id"": ""GO:0035313"", ""xref_name"": ""wound healing, spreading of epidermal cells"", ""xref_src_db"": ""GoProcess""}, {""xref_id"": ""GO:0035633"", ""xref_name"": ""maintenance of blood-brain barrier"", ""xref_src_db"": ""GoProcess""}, {""xref_id"": ""GO:0043065"", ""xref_name"": ""positive regulation of apoptotic process"", ""xref_src_db"": ""GoProcess""}, {""xref_id"": ""GO:0043149"", ""xref_name"": ""stress fiber assembly"", ""xref_src_db"": ""GoProcess""}, {""xref_id"": ""GO:0043547"", ""xref_name"": ""positive regulation of GTPase activity"", ""xref_src_db"": ""GoProcess""}, {""xref_id"": ""GO:0045214"", ""xref_name"": ""sarcomere organization"", ""xref_src_db"": ""GoProcess""}, {""xref_id"": ""GO:0045445"", ""xref_name"": ""myoblast differentiation"", ""xref_src_db"": ""GoProcess""}, {""xref_id"": ""GO:0045665"", ""xref_name"": ""negative regulation of neuron differentiation"", ""xref_src_db"": ""GoProcess""}, {""xref_id"": ""GO:0045743"", ""xref_name"": ""positive regulation of fibroblast growth factor receptor signaling pathway"", ""xref_src_db"": ""GoProcess""}, {""xref_id"": ""GO:0045766"", ""xref_name"": ""positive regulation of angiogenesis"", ""xref_src_db"": ""GoProcess""}, {""xref_id"": ""GO:0045906"", ""xref_name"": ""negative regulation of vasoconstriction"", ""xref_src_db"": ""GoProcess""}, {""xref_id"": ""GO:0046718"", ""xref_name"": ""symbiont entry into host cell"", ""xref_src_db"": ""GoProcess""}, {""xref_id"": ""GO:0048333"", ""xref_name"": ""mesodermal cell differentiation"", ""xref_src_db"": ""GoProcess""}, {""xref_id"": ""GO:0048626"", ""xref_name"": ""myoblast fate specification"", ""xref_src_db"": ""GoProcess""}, {""xref_id"": ""GO:0048675"", ""xref_name"": ""axon extension"", ""xref_src_db"": ""GoProcess""}, {""xref_id"": ""GO:0048813"", ""xref_name"": ""dendrite morphogenesis"", ""xref_src_db"": ""GoProcess""}, {""xref_id"": ""GO:0050804"", ""xref_name"": ""modulation of chemical synaptic transmission"", ""xref_src_db"": ""GoProcess""}, {""xref_id"": ""GO:0050901"", ""xref_name"": ""leukocyte tethering or rolling"", ""xref_src_db"": ""GoProcess""}, {""xref_id"": ""GO:0051726"", ""xref_name"": ""regulation of cell cycle"", ""xref_src_db"": ""GoProcess""}, {""xref_id"": ""GO:0051897"", ""xref_name"": ""positive regulation of phosphatidylinositol 3-kinase/protein kinase B signal transduction"", ""xref_src_db"": ""GoProcess""}, {""xref_id"": ""GO:0051951"", ""xref_name"": ""positive regulation of glutamate uptake involved in transmission of nerve impulse"", ""xref_src_db"": ""GoProcess""}, {""xref_id"": ""GO:0055007"", ""xref_name"": ""cardiac muscle cell differentiation"", ""xref_src_db"": ""GoProcess""}, {""xref_id"": ""GO:0060379"", ""xref_name"": ""cardiac muscle cell myoblast differentiation"", ""xref_src_db"": ""GoProcess""}, {""xref_id"": ""GO:0060912"", ""xref_name"": ""cardiac cell fate specification"", ""xref_src_db"": ""GoProcess""}, {""xref_id"": ""GO:0071404"", ""xref_name"": ""cellular response to low-density lipoprotein particle stimulus"", ""xref_src_db"": ""GoProcess""}, {""xref_id"": ""GO:0071711"", ""xref_name"": ""basement membrane organization"", ""xref_src_db"": ""GoProcess""}, {""xref_id"": ""GO:0090303"", ""xref_name"": ""positive regulation of wound healing"", ""xref_src_db"": ""GoProcess""}, {""xref_id"": ""GO:0098609"", ""xref_name"": ""cell-cell adhesion"", ""xref_src_db"": ""GoProcess""}, {""xref_id"": ""GO:0150003"", ""xref_name"": ""regulation of spontaneous synaptic transmission"", ""xref_src_db"": ""GoProcess""}, {""xref_id"": ""GO:1900748"", ""xref_name"": ""positive regulation of vascular endothelial growth factor signaling pathway"", ""xref_src_db"": ""GoProcess""}, {""xref_id"": ""GO:1901979"", ""xref_name"": ""regulation of inward rectifier potassium channel activity"", ""xref_src_db"": ""GoProcess""}, {""xref_id"": ""GO:1903078"", ""xref_name"": ""positive regulation of protein localization to plasma membrane"", ""xref_src_db"": ""GoProcess""}, {""xref_id"": ""GO:1905806"", ""xref_name"": ""regulation of synapse pruning"", ""xref_src_db"": ""GoProcess""}, {""xref_id"": ""GO:2000811"", ""xref_name"": ""negative regulation of anoikis"", ""xref_src_db"": ""GoProcess""}, {""xref_id"": ""HGNC:6153"", ""xref_name"": ""ITGB1"", ""xref_src_db"": ""HGNC""}, {""xref_id"": ""P05556"", ""xref_name"": null, ""xref_src_db"": ""IntAct""}, {""xref_id"": ""IPR002369"", ""xref_name"": ""Integrin_bsu_VWA"", ""xref_src_db"": ""InterPro""}, {""xref_id"": ""IPR012896"", ""xref_name"": ""Integrin_bsu_tail"", ""xref_src_db"": ""InterPro""}, {""xref_id"": ""IPR013111"", ""xref_name"": ""EGF_extracell"", ""xref_src_db"": ""InterPro""}, {""xref_id"": ""IPR014836"", ""xref_name"": ""Integrin_bsu_cyt_dom"", ""xref_src_db"": ""InterPro""}, {""xref_id"": ""IPR015812"", ""xref_name"": ""Integrin_bsu"", ""xref_src_db"": ""InterPro""}, {""xref_id"": ""IPR016201"", ""xref_name"": ""PSI"", ""xref_src_db"": ""InterPro""}, {""xref_id"": ""IPR032695"", ""xref_name"": ""Integrin_dom_sf"", ""xref_src_db"": ""InterPro""}, {""xref_id"": ""IPR033760"", ""xref_name"": ""Integrin_beta_N"", ""xref_src_db"": ""InterPro""}, {""xref_id"": ""IPR036349"", ""xref_name"": ""Integrin_bsu_tail_dom_sf"", ""xref_src_db"": ""InterPro""}, {""xref_id"": ""IPR036465"", ""xref_name"": ""vWFA_dom_sf"", ""xref_src_db"": ""InterPro""}, {""xref_id"": ""IPR040622"", ""xref_name"": ""I-EGF_1"", ""xref_src_db"": ""InterPro""}, {""xref_id"": ""PTHR10082"", ""xref_name"": ""INTEGRIN BETA SUBUNIT"", ""xref_src_db"": ""PANTHER""}, {""xref_id"": ""PTHR10082:SF28"", ""xref_name"": ""INTEGRIN BETA-1"", ""xref_src_db"": ""PANTHER""}, {""xref_id"": ""3G9W"", ""xref_name"": null, ""xref_src_db"": ""PDB""}, {""xref_id"": ""3T9K"", ""xref_name"": null, ""xref_src_db"": ""PDB""}, {""xref_id"": ""3VI3"", ""xref_name"": null, ""xref_src_db"": ""PDB""}, {""xref_id"": ""3VI4"", ""xref_name"": null, ""xref_src_db"": ""PDB""}, {""xref_id"": ""4DX9"", ""xref_name"": null, ""xref_src_db"": ""PDB""}, {""xref_id"": ""4WJK"", ""xref_name"": null, ""xref_src_db"": ""PDB""}, {""xref_id"": ""4WK0"", ""xref_name"": null, ""xref_src_db"": ""PDB""}, {""xref_id"": ""4WK2"", ""xref_name"": null, ""xref_src_db"": ""PDB""}, {""xref_id"": ""4WK4"", ""xref_name"": null, ""xref_src_db"": ""PDB""}, {""xref_id"": ""7CEB"", ""xref_name"": null, ""xref_src_db"": ""PDB""}, {""xref_id"": ""7CEC"", ""xref_name"": null, ""xref_src_db"": ""PDB""}, {""xref_id"": ""7NWL"", ""xref_name"": null, ""xref_src_db"": ""PDB""}, {""xref_id"": ""7NXD"", ""xref_name"": null, ""xref_src_db"": ""PDB""}, {""xref_id"": ""8RPQ"", ""xref_name"": null, ""xref_src_db"": ""PDB""}, {""xref_id"": ""8W30"", ""xref_name"": null, ""xref_src_db"": ""PDB""}, {""xref_id"": ""9B9J"", ""xref_name"": null, ""xref_src_db"": ""PDB""}, {""xref_id"": ""9B9K"", ""xref_name"": null, ""xref_src_db"": ""PDB""}, {""xref_id"": ""9CKV"", ""xref_name"": null, ""xref_src_db"": ""PDB""}, {""xref_id"": ""3G9W"", ""xref_name"": ""A"", ""xref_src_db"": ""PDBe""}, {""xref_id"": ""3T9K"", ""xref_name"": ""A"", ""xref_src_db"": ""PDBe""}, {""xref_id"": ""3VI3"", ""xref_name"": ""A"", ""xref_src_db"": ""PDBe""}, {""xref_id"": ""3VI4"", ""xref_name"": ""A"", ""xref_src_db"": ""PDBe""}, {""xref_id"": ""4DX9"", ""xref_name"": ""A"", ""xref_src_db"": ""PDBe""}, {""xref_id"": ""4WJK"", ""xref_name"": ""A"", ""xref_src_db"": ""PDBe""}, {""xref_id"": ""4WK0"", ""xref_name"": ""A"", ""xref_src_db"": ""PDBe""}, {""xref_id"": ""4WK2"", ""xref_name"": ""A"", ""xref_src_db"": ""PDBe""}, {""xref_id"": ""4WK4"", ""xref_name"": ""A"", ""xref_src_db"": ""PDBe""}, {""xref_id"": ""7CEB"", ""xref_name"": ""A"", ""xref_src_db"": ""PDBe""}, {""xref_id"": ""8W30"", ""xref_name"": ""A"", ""xref_src_db"": ""PDBe""}, {""xref_id"": ""PF00362"", ""xref_name"": ""Integrin_beta"", ""xref_src_db"": ""Pfam""}, {""xref_id"": ""PF07965"", ""xref_name"": ""Integrin_B_tail"", ""xref_src_db"": ""Pfam""}, {""xref_id"": ""PF07974"", ""xref_name"": ""EGF_2"", ""xref_src_db"": ""Pfam""}, {""xref_id"": ""PF08725"", ""xref_name"": ""Integrin_b_cyt"", ""xref_src_db"": ""Pfam""}, {""xref_id"": ""PF17205"", ""xref_name"": ""PSI_integrin"", ""xref_src_db"": ""Pfam""}, {""xref_id"": ""PF18372"", ""xref_name"": ""I-EGF_1"", ""xref_src_db"": ""Pfam""}, {""xref_id"": ""PF23105"", ""xref_name"": ""EGF_integrin"", ""xref_src_db"": ""Pfam""}, {""xref_id"": ""PA29953"", ""xref_name"": ""integrin subunit beta 1"", ""xref_src_db"": ""PharmGKB""}, {""xref_id"": ""P05556"", ""xref_name"": null, ""xref_src_db"": ""Pharos""}, {""xref_id"": ""R-HSA-1566948"", ""xref_name"": ""Elastic fibre formation"", ""xref_src_db"": ""Reactome""}, {""xref_id"": ""R-HSA-1566977"", ""xref_name"": ""Fibronectin matrix formation"", ""xref_src_db"": ""Reactome""}, {""xref_id"": ""R-HSA-198933"", ""xref_name"": ""Immunoregulatory interactions between a Lymphoid and a non-Lymphoid cell"", ""xref_src_db"": ""Reactome""}, {""xref_id"": ""R-HSA-202733"", ""xref_name"": ""Cell surface interactions at the vascular wall"", ""xref_src_db"": ""Reactome""}, {""xref_id"": ""R-HSA-210991"", ""xref_name"": ""Basigin interactions"", ""xref_src_db"": ""Reactome""}, {""xref_id"": ""R-HSA-2129379"", ""xref_name"": ""Molecules associated with elastic fibres"", ""xref_src_db"": ""Reactome""}, {""xref_id"": ""R-HSA-216083"", ""xref_name"": ""Integrin cell surface interactions"", ""xref_src_db"": ""Reactome""}, {""xref_id"": ""R-HSA-2173789"", ""xref_name"": ""TGF-beta receptor signaling activates SMADs"", ""xref_src_db"": ""Reactome""}, {""xref_id"": ""R-HSA-3000157"", ""xref_name"": ""Laminin interactions"", ""xref_src_db"": ""Reactome""}, {""xref_id"": ""R-HSA-3000170"", ""xref_name"": ""Syndecan interactions"", ""xref_src_db"": ""Reactome""}, {""xref_id"": ""R-HSA-3000178"", ""xref_name"": ""ECM proteoglycans"", ""xref_src_db"": ""Reactome""}, {""xref_id"": ""R-HSA-416700"", ""xref_name"": ""Other semaphorin interactions"", ""xref_src_db"": ""Reactome""}, {""xref_id"": ""R-HSA-445144"", ""xref_name"": ""Signal transduction by L1"", ""xref_src_db"": ""Reactome""}, {""xref_id"": ""R-HSA-446343"", ""xref_name"": ""Localization of the PINCH-ILK-PARVIN complex to focal adhesions"", ""xref_src_db"": ""Reactome""}, {""xref_id"": ""R-HSA-447041"", ""xref_name"": ""CHL1 interactions"", ""xref_src_db"": ""Reactome""}, {""xref_id"": ""R-HSA-5663220"", ""xref_name"": ""RHO GTPases Activate Formins"", ""xref_src_db"": ""Reactome""}, {""xref_id"": ""R-HSA-6785807"", ""xref_name"": ""Interleukin-4 and Interleukin-13 signaling"", ""xref_src_db"": ""Reactome""}, {""xref_id"": ""R-HSA-75892"", ""xref_name"": ""Platelet Adhesion to exposed collagen"", ""xref_src_db"": ""Reactome""}, {""xref_id"": ""R-HSA-8874081"", ""xref_name"": ""MET activates PTK2 signaling"", ""xref_src_db"": ""Reactome""}, {""xref_id"": ""R-HSA-8875513"", ""xref_name"": ""MET interacts with TNS proteins"", ""xref_src_db"": ""Reactome""}, {""xref_id"": ""R-HSA-9013149"", ""xref_name"": ""RAC1 GTPase cycle"", ""xref_src_db"": ""Reactome""}, {""xref_id"": ""R-HSA-9013404"", ""xref_name"": ""RAC2 GTPase cycle"", ""xref_src_db"": ""Reactome""}, {""xref_id"": ""R-HSA-9013408"", ""xref_name"": ""RHOG GTPase cycle"", ""xref_src_db"": ""Reactome""}, {""xref_id"": ""R-HSA-9013423"", ""xref_name"": ""RAC3 GTPase cycle"", ""xref_src_db"": ""Reactome""}, {""xref_id"": ""R-HSA-9609690"", ""xref_name"": ""HCMV Early Events"", ""xref_src_db"": ""Reactome""}, {""xref_id"": ""R-HSA-9634597"", ""xref_name"": ""GPER1 signaling"", ""xref_src_db"": ""Reactome""}, {""xref_id"": ""R-HSA-9679191"", ""xref_name"": ""Potential therapeutics for SARS"", ""xref_src_db"": ""Reactome""}, {""xref_id"": ""R-HSA-9725554"", ""xref_name"": ""Differentiation of Keratinocytes in Interfollicular Epidermis in Mammalian Skin"", ""xref_src_db"": ""Reactome""}, {""xref_id"": ""R-HSA-9830674"", ""xref_name"": ""Formation of the ureteric bud"", ""xref_src_db"": ""Reactome""}, {""xref_id"": ""R-HSA-9856532"", ""xref_name"": ""Mechanical load activates signaling by PIEZO1 and integrins in osteocytes"", ""xref_src_db"": ""Reactome""}, {""xref_id"": ""R-HSA-9860927"", ""xref_name"": ""Turbulent (oscillatory, disturbed) flow shear stress activates signaling by PIEZO1 and integrins in endothelial cells"", ""xref_src_db"": ""Reactome""}, {""xref_id"": ""A8K6N2"", ""xref_name"": ""Integrin beta-1"", ""xref_src_db"": ""UniProt""}, {""xref_id"": ""D3DRX9"", ""xref_name"": ""Integrin beta-1"", ""xref_src_db"": ""UniProt""}, {""xref_id"": ""D3DRY3"", ""xref_name"": ""Integrin beta-1"", ""xref_src_db"": ""UniProt""}, {""xref_id"": ""D3DRY4"", ""xref_name"": ""Integrin beta-1"", ""xref_src_db"": ""UniProt""}, {""xref_id"": ""D3DRY5"", ""xref_name"": ""Integrin beta-1"", ""xref_src_db"": ""UniProt""}, {""xref_id"": ""P05556"", ""xref_name"": ""Integrin beta-1"", ""xref_src_db"": ""UniProt""}, {""xref_id"": ""P78466"", ""xref_name"": ""Integrin beta-1"", ""xref_src_db"": ""UniProt""}, {""xref_id"": ""P78467"", ""xref_name"": ""Integrin beta-1"", ""xref_src_db"": ""UniProt""}, {""xref_id"": ""Q13089"", ""xref_name"": ""Integrin beta-1"", ""xref_src_db"": ""UniProt""}, {""xref_id"": ""Q13090"", ""xref_name"": ""Integrin beta-1"", ""xref_src_db"": ""UniProt""}, {""xref_id"": ""Q13091"", ""xref_name"": ""Integrin beta-1"", ""xref_src_db"": ""UniProt""}, {""xref_id"": ""Q13212"", ""xref_name"": ""Integrin beta-1"", ""xref_src_db"": ""UniProt""}, {""xref_id"": ""Q14622"", ""xref_name"": ""Integrin beta-1"", ""xref_src_db"": ""UniProt""}, {""xref_id"": ""Q14647"", ""xref_name"": ""Integrin beta-1"", ""xref_src_db"": ""UniProt""}, {""xref_id"": ""Q29RW2"", ""xref_name"": ""Integrin beta-1"", ""xref_src_db"": ""UniProt""}, {""xref_id"": ""Q7Z3V1"", ""xref_name"": ""Integrin beta-1"", ""xref_src_db"": ""UniProt""}, {""xref_id"": ""Q8WUM6"", ""xref_name"": ""Integrin beta-1"", ""xref_src_db"": ""UniProt""}]",1,"[{""xref_id"": ""P05556"", ""xref_name"": null, ""xref_src_db"": ""AlphaFoldDB""}, {""xref_id"": ""P05556"", ""xref_name"": null, ""xref_src_db"": ""ExpressionAtlas""}, {""xref_id"": ""GO:0001726"", ""xref_name"": ""ruffle"", ""xref_src_db"": ""GoComponent""}, {""xref_id"": ""GO:0005737"", ""xref_name"": ""cytoplasm"", ""xref_src_db"": ""GoComponent""}, {""xref_id"": ""GO:0005768"", ""xref_name"": ""endosome"", ""xref_src_db"": ""GoComponent""}, {""xref_id"": ""GO:0005886"", ""xref_name"": ""plasma membrane"", ""xref_src_db"": ""GoComponent""}, {""xref_id"": ""GO:0005925"", ""xref_name"": ""focal adhesion"", ""xref_src_db"": ""GoComponent""}, {""xref_id"": ""GO:0008305"", ""xref_name"": ""integrin complex"", ""xref_src_db"": ""GoComponent""}, {""xref_id"": ""GO:0009897"", ""xref_name"": ""external side of plasma membrane"", ""xref_src_db"": ""GoComponent""}, {""xref_id"": ""GO:0009986"", ""xref_name"": ""cell surface"", ""xref_src_db"": ""GoComponent""}, {""xref_id"": ""GO:0010008"", ""xref_name"": ""endosome membrane"", ""xref_src_db"": ""GoComponent""}, {""xref_id"": ""GO:0014704"", ""xref_name"": ""intercalated disc"", ""xref_src_db"": ""GoComponent""}, {""xref_id"": ""GO:0016020"", ""xref_name"": ""membrane"", ""xref_src_db"": ""GoComponent""}, {""xref_id"": ""GO:0030027"", ""xref_name"": ""lamellipodium"", ""xref_src_db"": ""GoComponent""}, {""xref_id"": ""GO:0030175"", ""xref_name"": ""filopodium"", ""xref_src_db"": ""GoComponent""}, {""xref_id"": ""GO:0031594"", ""xref_name"": ""neuromuscular junction"", ""xref_src_db"": ""GoComponent""}, {""xref_id"": ""GO:0032154"", ""xref_name"": ""cleavage furrow"", ""xref_src_db"": ""GoComponent""}, {""xref_id"": ""GO:0032587"", ""xref_name"": ""ruffle membrane"", ""xref_src_db"": ""GoComponent""}, {""xref_id"": ""GO:0034665"", ""xref_name"": ""integrin alpha1-beta1 complex"", ""xref_src_db"": ""GoComponent""}, {""xref_id"": ""GO:0034666"", ""xref_name"": ""integrin alpha2-beta1 complex"", ""xref_src_db"": ""GoComponent""}, {""xref_id"": ""GO:0034667"", ""xref_name"": ""integrin alpha3-beta1 complex"", ""xref_src_db"": ""GoComponent""}, {""xref_id"": ""GO:0034668"", ""xref_name"": ""integrin alpha4-beta1 complex"", ""xref_src_db"": ""GoComponent""}, {""xref_id"": ""GO:0034674"", ""xref_name"": ""integrin alpha5-beta1 complex"", ""xref_src_db"": ""GoComponent""}, {""xref_id"": ""GO:0034675"", ""xref_name"": ""integrin alpha6-beta1 complex"", ""xref_src_db"": ""GoComponent""}, {""xref_id"": ""GO:0034677"", ""xref_name"": ""integrin alpha7-beta1 complex"", ""xref_src_db"": ""GoComponent""}, {""xref_id"": ""GO:0034678"", ""xref_name"": ""integrin alpha8-beta1 complex"", ""xref_src_db"": ""GoComponent""}, {""xref_id"": ""GO:0034679"", ""xref_name"": ""integrin alpha9-beta1 complex"", ""xref_src_db"": ""GoComponent""}, {""xref_id"": ""GO:0034680"", ""xref_name"": ""integrin alpha10-beta1 complex"", ""xref_src_db"": ""GoComponent""}, {""xref_id"": ""GO:0034681"", ""xref_name"": ""integrin alpha11-beta1 complex"", ""xref_src_db"": ""GoComponent""}, {""xref_id"": ""GO:0034682"", ""xref_name"": ""integrin alphav-beta1 complex"", ""xref_src_db"": ""GoComponent""}, {""xref_id"": ""GO:0035748"", ""xref_name"": ""myelin sheath abaxonal region"", ""xref_src_db"": ""GoComponent""}, {""xref_id"": ""GO:0042383"", ""xref_name"": ""sarcolemma"", ""xref_src_db"": ""GoComponent""}, {""xref_id"": ""GO:0042995"", ""xref_name"": ""cell projection"", ""xref_src_db"": ""GoComponent""}, {""xref_id"": ""GO:0043197"", ""xref_name"": ""dendritic spine"", ""xref_src_db"": ""GoComponent""}, {""xref_id"": ""GO:0043235"", ""xref_name"": ""receptor complex"", ""xref_src_db"": ""GoComponent""}, {""xref_id"": ""GO:0045121"", ""xref_name"": ""membrane raft"", ""xref_src_db"": ""GoComponent""}, {""xref_id"": ""GO:0045202"", ""xref_name"": ""synapse"", ""xref_src_db"": ""GoComponent""}, {""xref_id"": ""GO:0048471"", ""xref_name"": ""perinuclear region of cytoplasm"", ""xref_src_db"": ""GoComponent""}, {""xref_id"": ""GO:0055037"", ""xref_name"": ""recycling endosome"", ""xref_src_db"": ""GoComponent""}, {""xref_id"": ""GO:0070062"", ""xref_name"": ""extracellular exosome"", ""xref_src_db"": ""GoComponent""}, {""xref_id"": ""GO:0070161"", ""xref_name"": ""anchoring junction"", ""xref_src_db"": ""GoComponent""}, {""xref_id"": ""GO:0097060"", ""xref_name"": ""synaptic membrane"", ""xref_src_db"": ""GoComponent""}, {""xref_id"": ""GO:0097386"", ""xref_name"": ""glial cell projection"", ""xref_src_db"": ""GoComponent""}, {""xref_id"": ""GO:0098685"", ""xref_name"": ""Schaffer collateral - CA1 synapse"", ""xref_src_db"": ""GoComponent""}, {""xref_id"": ""GO:0098978"", ""xref_name"": ""glutamatergic synapse"", ""xref_src_db"": ""GoComponent""}, {""xref_id"": ""GO:0150053"", ""xref_name"": ""cerebellar climbing fiber to Purkinje cell synapse"", ""xref_src_db"": ""GoComponent""}, {""xref_id"": ""GO:0000287"", ""xref_name"": ""magnesium ion binding"", ""xref_src_db"": ""GoFunction""}, {""xref_id"": ""GO:0001618"", ""xref_name"": ""virus receptor activity"", ""xref_src_db"": ""GoFunction""}, {""xref_id"": ""GO:0001968"", ""xref_name"": ""fibronectin binding"", ""xref_src_db"": ""GoFunction""}, {""xref_id"": ""GO:0002020"", ""xref_name"": ""protease binding"", ""xref_src_db"": ""GoFunction""}, {""xref_id"": ""GO:0003779"", ""xref_name"": ""actin binding"", ""xref_src_db"": ""GoFunction""}, {""xref_id"": ""GO:0005178"", ""xref_name"": ""integrin binding"", ""xref_src_db"": ""GoFunction""}, {""xref_id"": ""GO:0005509"", ""xref_name"": ""calcium ion binding"", ""xref_src_db"": ""GoFunction""}, {""xref_id"": ""GO:0005515"", ""xref_name"": ""protein binding"", ""xref_src_db"": ""GoFunction""}, {""xref_id"": ""GO:0015026"", ""xref_name"": ""coreceptor activity"", ""xref_src_db"": ""GoFunction""}, {""xref_id"": ""GO:0019901"", ""xref_name"": ""protein kinase binding"", ""xref_src_db"": ""GoFunction""}, {""xref_id"": ""GO:0019960"", ""xref_name"": ""C-X3-C chemokine binding"", ""xref_src_db"": ""GoFunction""}, {""xref_id"": ""GO:0038023"", ""xref_name"": ""signaling receptor activity"", ""xref_src_db"": ""GoFunction""}, {""xref_id"": ""GO:0043236"", ""xref_name"": ""laminin binding"", ""xref_src_db"": ""GoFunction""}, {""xref_id"": ""GO:0045296"", ""xref_name"": ""cadherin binding"", ""xref_src_db"": ""GoFunction""}, {""xref_id"": ""GO:0046872"", ""xref_name"": ""metal ion binding"", ""xref_src_db"": ""GoFunction""}, {""xref_id"": ""GO:0046982"", ""xref_name"": ""protein heterodimerization activity"", ""xref_src_db"": ""GoFunction""}, {""xref_id"": ""GO:0050839"", ""xref_name"": ""cell adhesion molecule binding"", ""xref_src_db"": ""GoFunction""}, {""xref_id"": ""GO:0098639"", ""xref_name"": ""collagen binding involved in cell-matrix adhesion"", ""xref_src_db"": ""GoFunction""}, {""xref_id"": ""GO:0098640"", ""xref_name"": ""integrin binding involved in cell-matrix adhesion"", ""xref_src_db"": ""GoFunction""}, {""xref_id"": ""GO:1990782"", ""xref_name"": ""protein tyrosine kinase binding"", ""xref_src_db"": ""GoFunction""}, {""xref_id"": ""GO:0000082"", ""xref_name"": ""G1/S transition of mitotic cell cycle"", ""xref_src_db"": ""GoProcess""}, {""xref_id"": ""GO:0000132"", ""xref_name"": ""establishment of mitotic spindle orientation"", ""xref_src_db"": ""GoProcess""}, {""xref_id"": ""GO:0001525"", ""xref_name"": ""angiogenesis"", ""xref_src_db"": ""GoProcess""}, {""xref_id"": ""GO:0001701"", ""xref_name"": ""in utero embryonic development"", ""xref_src_db"": ""GoProcess""}, {""xref_id"": ""GO:0002042"", ""xref_name"": ""cell migration involved in sprouting angiogenesis"", ""xref_src_db"": ""GoProcess""}, {""xref_id"": ""GO:0002052"", ""xref_name"": ""positive regulation of neuroblast proliferation"", ""xref_src_db"": ""GoProcess""}, {""xref_id"": ""GO:0006909"", ""xref_name"": ""phagocytosis"", ""xref_src_db"": ""GoProcess""}, {""xref_id"": ""GO:0007155"", ""xref_name"": ""cell adhesion"", ""xref_src_db"": ""GoProcess""}, {""xref_id"": ""GO:0007156"", ""xref_name"": ""homophilic cell adhesion via plasma membrane adhesion molecules"", ""xref_src_db"": ""GoProcess""}, {""xref_id"": ""GO:0007159"", ""xref_name"": ""leukocyte cell-cell adhesion"", ""xref_src_db"": ""GoProcess""}, {""xref_id"": ""GO:0007160"", ""xref_name"": ""cell-matrix adhesion"", ""xref_src_db"": ""GoProcess""}, {""xref_id"": ""GO:0007161"", ""xref_name"": ""calcium-independent cell-matrix adhesion"", ""xref_src_db"": ""GoProcess""}, {""xref_id"": ""GO:0007179"", ""xref_name"": ""transforming growth factor beta receptor signaling pathway"", ""xref_src_db"": ""GoProcess""}, {""xref_id"": ""GO:0007229"", ""xref_name"": ""integrin-mediated signaling pathway"", ""xref_src_db"": ""GoProcess""}, {""xref_id"": ""GO:0007405"", ""xref_name"": ""neuroblast proliferation"", ""xref_src_db"": ""GoProcess""}, {""xref_id"": ""GO:0007517"", ""xref_name"": ""muscle organ development"", ""xref_src_db"": ""GoProcess""}, {""xref_id"": ""GO:0007520"", ""xref_name"": ""myoblast fusion"", ""xref_src_db"": ""GoProcess""}, {""xref_id"": ""GO:0008283"", ""xref_name"": ""cell population proliferation"", ""xref_src_db"": ""GoProcess""}, {""xref_id"": ""GO:0008354"", ""xref_name"": ""germ cell migration"", ""xref_src_db"": ""GoProcess""}, {""xref_id"": ""GO:0008542"", ""xref_name"": ""visual learning"", ""xref_src_db"": ""GoProcess""}, {""xref_id"": ""GO:0010763"", ""xref_name"": ""positive regulation of fibroblast migration"", ""xref_src_db"": ""GoProcess""}, {""xref_id"": ""GO:0016477"", ""xref_name"": ""cell migration"", ""xref_src_db"": ""GoProcess""}, {""xref_id"": ""GO:0021943"", ""xref_name"": ""formation of radial glial scaffolds"", ""xref_src_db"": ""GoProcess""}, {""xref_id"": ""GO:0023035"", ""xref_name"": ""CD40 signaling pathway"", ""xref_src_db"": ""GoProcess""}, {""xref_id"": ""GO:0030032"", ""xref_name"": ""lamellipodium assembly"", ""xref_src_db"": ""GoProcess""}, {""xref_id"": ""GO:0030182"", ""xref_name"": ""neuron differentiation"", ""xref_src_db"": ""GoProcess""}, {""xref_id"": ""GO:0030183"", ""xref_name"": ""B cell differentiation"", ""xref_src_db"": ""GoProcess""}, {""xref_id"": ""GO:0030198"", ""xref_name"": ""extracellular matrix organization"", ""xref_src_db"": ""GoProcess""}, {""xref_id"": ""GO:0030335"", ""xref_name"": ""positive regulation of cell migration"", ""xref_src_db"": ""GoProcess""}, {""xref_id"": ""GO:0031589"", ""xref_name"": ""cell-substrate adhesion"", ""xref_src_db"": ""GoProcess""}, {""xref_id"": ""GO:0031623"", ""xref_name"": ""receptor internalization"", ""xref_src_db"": ""GoProcess""}, {""xref_id"": ""GO:0033627"", ""xref_name"": ""cell adhesion mediated by integrin"", ""xref_src_db"": ""GoProcess""}, {""xref_id"": ""GO:0033631"", ""xref_name"": ""cell-cell adhesion mediated by integrin"", ""xref_src_db"": ""GoProcess""}, {""xref_id"": ""GO:0034113"", ""xref_name"": ""heterotypic cell-cell adhesion"", ""xref_src_db"": ""GoProcess""}, {""xref_id"": ""GO:0035024"", ""xref_name"": ""negative regulation of Rho protein signal transduction"", ""xref_src_db"": ""GoProcess""}, {""xref_id"": ""GO:0035313"", ""xref_name"": ""wound healing, spreading of epidermal cells"", ""xref_src_db"": ""GoProcess""}, {""xref_id"": ""GO:0035633"", ""xref_name"": ""maintenance of blood-brain barrier"", ""xref_src_db"": ""GoProcess""}, {""xref_id"": ""GO:0043065"", ""xref_name"": ""positive regulation of apoptotic process"", ""xref_src_db"": ""GoProcess""}, {""xref_id"": ""GO:0043149"", ""xref_name"": ""stress fiber assembly"", ""xref_src_db"": ""GoProcess""}, {""xref_id"": ""GO:0043547"", ""xref_name"": ""positive regulation of GTPase activity"", ""xref_src_db"": ""GoProcess""}, {""xref_id"": ""GO:0045214"", ""xref_name"": ""sarcomere organization"", ""xref_src_db"": ""GoProcess""}, {""xref_id"": ""GO:0045445"", ""xref_name"": ""myoblast differentiation"", ""xref_src_db"": ""GoProcess""}, {""xref_id"": ""GO:0045665"", ""xref_name"": ""negative regulation of neuron differentiation"", ""xref_src_db"": ""GoProcess""}, {""xref_id"": ""GO:0045743"", ""xref_name"": ""positive regulation of fibroblast growth factor receptor signaling pathway"", ""xref_src_db"": ""GoProcess""}, {""xref_id"": ""GO:0045766"", ""xref_name"": ""positive regulation of angiogenesis"", ""xref_src_db"": ""GoProcess""}, {""xref_id"": ""GO:0045906"", ""xref_name"": ""negative regulation of vasoconstriction"", ""xref_src_db"": ""GoProcess""}, {""xref_id"": ""GO:0046718"", ""xref_name"": ""symbiont entry into host cell"", ""xref_src_db"": ""GoProcess""}, {""xref_id"": ""GO:0048333"", ""xref_name"": ""mesodermal cell differentiation"", ""xref_src_db"": ""GoProcess""}, {""xref_id"": ""GO:0048626"", ""xref_name"": ""myoblast fate specification"", ""xref_src_db"": ""GoProcess""}, {""xref_id"": ""GO:0048675"", ""xref_name"": ""axon extension"", ""xref_src_db"": ""GoProcess""}, {""xref_id"": ""GO:0048813"", ""xref_name"": ""dendrite morphogenesis"", ""xref_src_db"": ""GoProcess""}, {""xref_id"": ""GO:0050804"", ""xref_name"": ""modulation of chemical synaptic transmission"", ""xref_src_db"": ""GoProcess""}, {""xref_id"": ""GO:0050901"", ""xref_name"": ""leukocyte tethering or rolling"", ""xref_src_db"": ""GoProcess""}, {""xref_id"": ""GO:0051726"", ""xref_name"": ""regulation of cell cycle"", ""xref_src_db"": ""GoProcess""}, {""xref_id"": ""GO:0051897"", ""xref_name"": ""positive regulation of phosphatidylinositol 3-kinase/protein kinase B signal transduction"", ""xref_src_db"": ""GoProcess""}, {""xref_id"": ""GO:0051951"", ""xref_name"": ""positive regulation of glutamate uptake involved in transmission of nerve impulse"", ""xref_src_db"": ""GoProcess""}, {""xref_id"": ""GO:0055007"", ""xref_name"": ""cardiac muscle cell differentiation"", ""xref_src_db"": ""GoProcess""}, {""xref_id"": ""GO:0060379"", ""xref_name"": ""cardiac muscle cell myoblast differentiation"", ""xref_src_db"": ""GoProcess""}, {""xref_id"": ""GO:0060912"", ""xref_name"": ""cardiac cell fate specification"", ""xref_src_db"": ""GoProcess""}, {""xref_id"": ""GO:0071404"", ""xref_name"": ""cellular response to low-density lipoprotein particle stimulus"", ""xref_src_db"": ""GoProcess""}, {""xref_id"": ""GO:0071711"", ""xref_name"": ""basement membrane organization"", ""xref_src_db"": ""GoProcess""}, {""xref_id"": ""GO:0090303"", ""xref_name"": ""positive regulation of wound healing"", ""xref_src_db"": ""GoProcess""}, {""xref_id"": ""GO:0098609"", ""xref_name"": ""cell-cell adhesion"", ""xref_src_db"": ""GoProcess""}, {""xref_id"": ""GO:0150003"", ""xref_name"": ""regulation of spontaneous synaptic transmission"", ""xref_src_db"": ""GoProcess""}, {""xref_id"": ""GO:1900748"", ""xref_name"": ""positive regulation of vascular endothelial growth factor signaling pathway"", ""xref_src_db"": ""GoProcess""}, {""xref_id"": ""GO:1901979"", ""xref_name"": ""regulation of inward rectifier potassium channel activity"", ""xref_src_db"": ""GoProcess""}, {""xref_id"": ""GO:1903078"", ""xref_name"": ""positive regulation of protein localization to plasma membrane"", ""xref_src_db"": ""GoProcess""}, {""xref_id"": ""GO:1905806"", ""xref_name"": ""regulation of synapse pruning"", ""xref_src_db"": ""GoProcess""}, {""xref_id"": ""GO:2000811"", ""xref_name"": ""negative regulation of anoikis"", ""xref_src_db"": ""GoProcess""}, {""xref_id"": ""HGNC:6153"", ""xref_name"": ""ITGB1"", ""xref_src_db"": ""HGNC""}, {""xref_id"": ""P05556"", ""xref_name"": null, ""xref_src_db"": ""IntAct""}, {""xref_id"": ""IPR002369"", ""xref_name"": ""Integrin_bsu_VWA"", ""xref_src_db"": ""InterPro""}, {""xref_id"": ""IPR012896"", ""xref_name"": ""Integrin_bsu_tail"", ""xref_src_db"": ""InterPro""}, {""xref_id"": ""IPR013111"", ""xref_name"": ""EGF_extracell"", ""xref_src_db"": ""InterPro""}, {""xref_id"": ""IPR014836"", ""xref_name"": ""Integrin_bsu_cyt_dom"", ""xref_src_db"": ""InterPro""}, {""xref_id"": ""IPR015812"", ""xref_name"": ""Integrin_bsu"", ""xref_src_db"": ""InterPro""}, {""xref_id"": ""IPR016201"", ""xref_name"": ""PSI"", ""xref_src_db"": ""InterPro""}, {""xref_id"": ""IPR032695"", ""xref_name"": ""Integrin_dom_sf"", ""xref_src_db"": ""InterPro""}, {""xref_id"": ""IPR033760"", ""xref_name"": ""Integrin_beta_N"", ""xref_src_db"": ""InterPro""}, {""xref_id"": ""IPR036349"", ""xref_name"": ""Integrin_bsu_tail_dom_sf"", ""xref_src_db"": ""InterPro""}, {""xref_id"": ""IPR036465"", ""xref_name"": ""vWFA_dom_sf"", ""xref_src_db"": ""InterPro""}, {""xref_id"": ""IPR040622"", ""xref_name"": ""I-EGF_1"", ""xref_src_db"": ""InterPro""}, {""xref_id"": ""PTHR10082"", ""xref_name"": ""INTEGRIN BETA SUBUNIT"", ""xref_src_db"": ""PANTHER""}, {""xref_id"": ""PTHR10082:SF28"", ""xref_name"": ""INTEGRIN BETA-1"", ""xref_src_db"": ""PANTHER""}, {""xref_id"": ""3G9W"", ""xref_name"": null, ""xref_src_db"": ""PDB""}, {""xref_id"": ""3T9K"", ""xref_name"": null, ""xref_src_db"": ""PDB""}, {""xref_id"": ""3VI3"", ""xref_name"": null, ""xref_src_db"": ""PDB""}, {""xref_id"": ""3VI4"", ""xref_name"": null, ""xref_src_db"": ""PDB""}, {""xref_id"": ""4DX9"", ""xref_name"": null, ""xref_src_db"": ""PDB""}, {""xref_id"": ""4WJK"", ""xref_name"": null, ""xref_src_db"": ""PDB""}, {""xref_id"": ""4WK0"", ""xref_name"": null, ""xref_src_db"": ""PDB""}, {""xref_id"": ""4WK2"", ""xref_name"": null, ""xref_src_db"": ""PDB""}, {""xref_id"": ""4WK4"", ""xref_name"": null, ""xref_src_db"": ""PDB""}, {""xref_id"": ""7CEB"", ""xref_name"": null, ""xref_src_db"": ""PDB""}, {""xref_id"": ""7CEC"", ""xref_name"": null, ""xref_src_db"": ""PDB""}, {""xref_id"": ""7NWL"", ""xref_name"": null, ""xref_src_db"": ""PDB""}, {""xref_id"": ""7NXD"", ""xref_name"": null, ""xref_src_db"": ""PDB""}, {""xref_id"": ""8RPQ"", ""xref_name"": null, ""xref_src_db"": ""PDB""}, {""xref_id"": ""8W30"", ""xref_name"": null, ""xref_src_db"": ""PDB""}, {""xref_id"": ""9B9J"", ""xref_name"": null, ""xref_src_db"": ""PDB""}, {""xref_id"": ""9B9K"", ""xref_name"": null, ""xref_src_db"": ""PDB""}, {""xref_id"": ""9CKV"", ""xref_name"": null, ""xref_src_db"": ""PDB""}, {""xref_id"": ""3G9W"", ""xref_name"": ""A"", ""xref_src_db"": ""PDBe""}, {""xref_id"": ""3T9K"", ""xref_name"": ""A"", ""xref_src_db"": ""PDBe""}, {""xref_id"": ""3VI3"", ""xref_name"": ""A"", ""xref_src_db"": ""PDBe""}, {""xref_id"": ""3VI4"", ""xref_name"": ""A"", ""xref_src_db"": ""PDBe""}, {""xref_id"": ""4DX9"", ""xref_name"": ""A"", ""xref_src_db"": ""PDBe""}, {""xref_id"": ""4WJK"", ""xref_name"": ""A"", ""xref_src_db"": ""PDBe""}, {""xref_id"": ""4WK0"", ""xref_name"": ""A"", ""xref_src_db"": ""PDBe""}, {""xref_id"": ""4WK2"", ""xref_name"": ""A"", ""xref_src_db"": ""PDBe""}, {""xref_id"": ""4WK4"", ""xref_name"": ""A"", ""xref_src_db"": ""PDBe""}, {""xref_id"": ""7CEB"", ""xref_name"": ""A"", ""xref_src_db"": ""PDBe""}, {""xref_id"": ""8W30"", ""xref_name"": ""A"", ""xref_src_db"": ""PDBe""}, {""xref_id"": ""PF00362"", ""xref_name"": ""Integrin_beta"", ""xref_src_db"": ""Pfam""}, {""xref_id"": ""PF07965"", ""xref_name"": ""Integrin_B_tail"", ""xref_src_db"": ""Pfam""}, {""xref_id"": ""PF07974"", ""xref_name"": ""EGF_2"", ""xref_src_db"": ""Pfam""}, {""xref_id"": ""PF08725"", ""xref_name"": ""Integrin_b_cyt"", ""xref_src_db"": ""Pfam""}, {""xref_id"": ""PF17205"", ""xref_name"": ""PSI_integrin"", ""xref_src_db"": ""Pfam""}, {""xref_id"": ""PF18372"", ""xref_name"": ""I-EGF_1"", ""xref_src_db"": ""Pfam""}, {""xref_id"": ""PF23105"", ""xref_name"": ""EGF_integrin"", ""xref_src_db"": ""Pfam""}, {""xref_id"": ""PA29953"", ""xref_name"": ""integrin subunit beta 1"", ""xref_src_db"": ""PharmGKB""}, {""xref_id"": ""P05556"", ""xref_name"": null, ""xref_src_db"": ""Pharos""}, {""xref_id"": ""R-HSA-1566948"", ""xref_name"": ""Elastic fibre formation"", ""xref_src_db"": ""Reactome""}, {""xref_id"": ""R-HSA-1566977"", ""xref_name"": ""Fibronectin matrix formation"", ""xref_src_db"": ""Reactome""}, {""xref_id"": ""R-HSA-198933"", ""xref_name"": ""Immunoregulatory interactions between a Lymphoid and a non-Lymphoid cell"", ""xref_src_db"": ""Reactome""}, {""xref_id"": ""R-HSA-202733"", ""xref_name"": ""Cell surface interactions at the vascular wall"", ""xref_src_db"": ""Reactome""}, {""xref_id"": ""R-HSA-210991"", ""xref_name"": ""Basigin interactions"", ""xref_src_db"": ""Reactome""}, {""xref_id"": ""R-HSA-2129379"", ""xref_name"": ""Molecules associated with elastic fibres"", ""xref_src_db"": ""Reactome""}, {""xref_id"": ""R-HSA-216083"", ""xref_name"": ""Integrin cell surface interactions"", ""xref_src_db"": ""Reactome""}, {""xref_id"": ""R-HSA-2173789"", ""xref_name"": ""TGF-beta receptor signaling activates SMADs"", ""xref_src_db"": ""Reactome""}, {""xref_id"": ""R-HSA-3000157"", ""xref_name"": ""Laminin interactions"", ""xref_src_db"": ""Reactome""}, {""xref_id"": ""R-HSA-3000170"", ""xref_name"": ""Syndecan interactions"", ""xref_src_db"": ""Reactome""}, {""xref_id"": ""R-HSA-3000178"", ""xref_name"": ""ECM proteoglycans"", ""xref_src_db"": ""Reactome""}, {""xref_id"": ""R-HSA-416700"", ""xref_name"": ""Other semaphorin interactions"", ""xref_src_db"": ""Reactome""}, {""xref_id"": ""R-HSA-445144"", ""xref_name"": ""Signal transduction by L1"", ""xref_src_db"": ""Reactome""}, {""xref_id"": ""R-HSA-446343"", ""xref_name"": ""Localization of the PINCH-ILK-PARVIN complex to focal adhesions"", ""xref_src_db"": ""Reactome""}, {""xref_id"": ""R-HSA-447041"", ""xref_name"": ""CHL1 interactions"", ""xref_src_db"": ""Reactome""}, {""xref_id"": ""R-HSA-5663220"", ""xref_name"": ""RHO GTPases Activate Formins"", ""xref_src_db"": ""Reactome""}, {""xref_id"": ""R-HSA-6785807"", ""xref_name"": ""Interleukin-4 and Interleukin-13 signaling"", ""xref_src_db"": ""Reactome""}, {""xref_id"": ""R-HSA-75892"", ""xref_name"": ""Platelet Adhesion to exposed collagen"", ""xref_src_db"": ""Reactome""}, {""xref_id"": ""R-HSA-8874081"", ""xref_name"": ""MET activates PTK2 signaling"", ""xref_src_db"": ""Reactome""}, {""xref_id"": ""R-HSA-8875513"", ""xref_name"": ""MET interacts with TNS proteins"", ""xref_src_db"": ""Reactome""}, {""xref_id"": ""R-HSA-9013149"", ""xref_name"": ""RAC1 GTPase cycle"", ""xref_src_db"": ""Reactome""}, {""xref_id"": ""R-HSA-9013404"", ""xref_name"": ""RAC2 GTPase cycle"", ""xref_src_db"": ""Reactome""}, {""xref_id"": ""R-HSA-9013408"", ""xref_name"": ""RHOG GTPase cycle"", ""xref_src_db"": ""Reactome""}, {""xref_id"": ""R-HSA-9013423"", ""xref_name"": ""RAC3 GTPase cycle"", ""xref_src_db"": ""Reactome""}, {""xref_id"": ""R-HSA-9609690"", ""xref_name"": ""HCMV Early Events"", ""xref_src_db"": ""Reactome""}, {""xref_id"": ""R-HSA-9634597"", ""xref_name"": ""GPER1 signaling"", ""xref_src_db"": ""Reactome""}, {""xref_id"": ""R-HSA-9679191"", ""xref_name"": ""Potential therapeutics for SARS"", ""xref_src_db"": ""Reactome""}, {""xref_id"": ""R-HSA-9725554"", ""xref_name"": ""Differentiation of Keratinocytes in Interfollicular Epidermis in Mammalian Skin"", ""xref_src_db"": ""Reactome""}, {""xref_id"": ""R-HSA-9830674"", ""xref_name"": ""Formation of the ureteric bud"", ""xref_src_db"": ""Reactome""}, {""xref_id"": ""R-HSA-9856532"", ""xref_name"": ""Mechanical load activates signaling by PIEZO1 and integrins in osteocytes"", ""xref_src_db"": ""Reactome""}, {""xref_id"": ""R-HSA-9860927"", ""xref_name"": ""Turbulent (oscillatory, disturbed) flow shear stress activates signaling by PIEZO1 and integrins in endothelial cells"", ""xref_src_db"": ""Reactome""}, {""xref_id"": ""A8K6N2"", ""xref_name"": ""Integrin beta-1"", ""xref_src_db"": ""UniProt""}, {""xref_id"": ""D3DRX9"", ""xref_name"": ""Integrin beta-1"", ""xref_src_db"": ""UniProt""}, {""xref_id"": ""D3DRY3"", ""xref_name"": ""Integrin beta-1"", ""xref_src_db"": ""UniProt""}, {""xref_id"": ""D3DRY4"", ""xref_name"": ""Integrin beta-1"", ""xref_src_db"": ""UniProt""}, {""xref_id"": ""D3DRY5"", ""xref_name"": ""Integrin beta-1"", ""xref_src_db"": ""UniProt""}, {""xref_id"": ""P05556"", ""xref_name"": ""Integrin beta-1"", ""xref_src_db"": ""UniProt""}, {""xref_id"": ""P78466"", ""xref_name"": ""Integrin beta-1"", ""xref_src_db"": ""UniProt""}, {""xref_id"": ""P78467"", ""xref_name"": ""Integrin beta-1"", ""xref_src_db"": ""UniProt""}, {""xref_id"": ""Q13089"", ""xref_name"": ""Integrin beta-1"", ""xref_src_db"": ""UniProt""}, {""xref_id"": ""Q13090"", ""xref_name"": ""Integrin beta-1"", ""xref_src_db"": ""UniProt""}, {""xref_id"": ""Q13091"", ""xref_name"": ""Integrin beta-1"", ""xref_src_db"": ""UniProt""}, {""xref_id"": ""Q13212"", ""xref_name"": ""Integrin beta-1"", ""xref_src_db"": ""UniProt""}, {""xref_id"": ""Q14622"", ""xref_name"": ""Integrin beta-1"", ""xref_src_db"": ""UniProt""}, {""xref_id"": ""Q14647"", ""xref_name"": ""Integrin beta-1"", ""xref_src_db"": ""UniProt""}, {""xref_id"": ""Q29RW2"", ""xref_name"": ""Integrin beta-1"", ""xref_src_db"": ""UniProt""}, {""xref_id"": ""Q7Z3V1"", ""xref_name"": ""Integrin beta-1"", ""xref_src_db"": ""UniProt""}, {""xref_id"": ""Q8WUM6"", ""xref_name"": ""Integrin beta-1"", ""xref_src_db"": ""UniProt""}]",normalized_field,tests/fixtures/bronze/chembl/target_component/sample_ci_2026-04-29.jsonl
chembl_target_component,chembl/target_component,target_component_xrefs,bronze_fixture,"[{""xref_id"": ""P06493"", ""xref_name"": null, ""xref_src_db"": ""AlphaFoldDB""}, {""xref_id"": ""P06493"", ""xref_name"": null, ""xref_src_db"": ""ExpressionAtlas""}, {""xref_id"": ""GO:0000781"", ""xref_name"": ""chromosome, telomeric region"", ""xref_src_db"": ""GoComponent""}, {""xref_id"": ""GO:0005634"", ""xref_name"": ""nucleus"", ""xref_src_db"": ""GoComponent""}, {""xref_id"": ""GO:0005654"", ""xref_name"": ""nucleoplasm"", ""xref_src_db"": ""GoComponent""}, {""xref_id"": ""GO:0005737"", ""xref_name"": ""cytoplasm"", ""xref_src_db"": ""GoComponent""}, {""xref_id"": ""GO:0005739"", ""xref_name"": ""mitochondrion"", ""xref_src_db"": ""GoComponent""}, {""xref_id"": ""GO:0005789"", ""xref_name"": ""endoplasmic reticulum membrane"", ""xref_src_db"": ""GoComponent""}, {""xref_id"": ""GO:0005813"", ""xref_name"": ""centrosome"", ""xref_src_db"": ""GoComponent""}, {""xref_id"": ""GO:0005829"", ""xref_name"": ""cytosol"", ""xref_src_db"": ""GoComponent""}, {""xref_id"": ""GO:0005856"", ""xref_name"": ""cytoskeleton"", ""xref_src_db"": ""GoComponent""}, {""xref_id"": ""GO:0005876"", ""xref_name"": ""spindle microtubule"", ""xref_src_db"": ""GoComponent""}, {""xref_id"": ""GO:0016020"", ""xref_name"": ""membrane"", ""xref_src_db"": ""GoComponent""}, {""xref_id"": ""GO:0030496"", ""xref_name"": ""midbody"", ""xref_src_db"": ""GoComponent""}, {""xref_id"": ""GO:0070062"", ""xref_name"": ""extracellular exosome"", ""xref_src_db"": ""GoComponent""}, {""xref_id"": ""GO:0001618"", ""xref_name"": ""virus receptor activity"", ""xref_src_db"": ""GoFunction""}, {""xref_id"": ""GO:0003682"", ""xref_name"": ""chromatin binding"", ""xref_src_db"": ""GoFunction""}, {""xref_id"": ""GO:0005515"", ""xref_name"": ""protein binding"", ""xref_src_db"": ""GoFunction""}, {""xref_id"": ""GO:0005524"", ""xref_name"": ""ATP binding"", ""xref_src_db"": ""GoFunction""}, {""xref_id"": ""GO:0016301"", ""xref_name"": ""kinase activity"", ""xref_src_db"": ""GoFunction""}, {""xref_id"": ""GO:0030332"", ""xref_name"": ""cyclin binding"", ""xref_src_db"": ""GoFunction""}, {""xref_id"": ""GO:0030544"", ""xref_name"": ""Hsp70 protein binding"", ""xref_src_db"": ""GoFunction""}, {""xref_id"": ""GO:0000082"", ""xref_name"": ""G1/S transition of mitotic cell cycle"", ""xref_src_db"": ""GoProcess""}, {""xref_id"": ""GO:0000086"", ""xref_name"": ""G2/M transition of mitotic cell cycle"", ""xref_src_db"": ""GoProcess""}, {""xref_id"": ""GO:0000226"", ""xref_name"": ""microtubule cytoskeleton organization"", ""xref_src_db"": ""GoProcess""}, {""xref_id"": ""GO:0006281"", ""xref_name"": ""DNA repair"", ""xref_src_db"": ""GoProcess""}, {""xref_id"": ""GO:0006915"", ""xref_name"": ""apoptotic process"", ""xref_src_db"": ""GoProcess""}, {""xref_id"": ""GO:0006974"", ""xref_name"": ""DNA damage response"", ""xref_src_db"": ""GoProcess""}, {""xref_id"": ""GO:0007077"", ""xref_name"": ""mitotic nuclear membrane disassembly"", ""xref_src_db"": ""GoProcess""}, {""xref_id"": ""GO:0007095"", ""xref_name"": ""mitotic G2 DNA damage checkpoint signaling"", ""xref_src_db"": ""GoProcess""}, {""xref_id"": ""GO:0007098"", ""xref_name"": ""centrosome cycle"", ""xref_src_db"": ""GoProcess""}, {""xref_id"": ""GO:0009636"", ""xref_name"": ""response to toxic substance"", ""xref_src_db"": ""GoProcess""}, {""xref_id"": ""GO:0010628"", ""xref_name"": ""positive regulation of gene expression"", ""xref_src_db"": ""GoProcess""}, {""xref_id"": ""GO:0010629"", ""xref_name"": ""negative regulation of gene expression"", ""xref_src_db"": ""GoProcess""}, {""xref_id"": ""GO:0010971"", ""xref_name"": ""positive regulation of G2/M transition of mitotic cell cycle"", ""xref_src_db"": ""GoProcess""}, {""xref_id"": ""GO:0014038"", ""xref_name"": ""regulation of Schwann cell differentiation"", ""xref_src_db"": ""GoProcess""}, {""xref_id"": ""GO:0016477"", ""xref_name"": ""cell migration"", ""xref_src_db"": ""GoProcess""}, {""xref_id"": ""GO:0018105"", ""xref_name"": ""peptidyl-serine phosphorylation"", ""xref_src_db"": ""GoProcess""}, {""xref_id"": ""GO:0018107"", ""xref_name"": ""peptidyl-threonine phosphorylation"", ""xref_src_db"": ""GoProcess""}, {""xref_id"": ""GO:0030261"", ""xref_name"": ""chromosome condensation"", ""xref_src_db"": ""GoProcess""}, {""xref_id"": ""GO:0030855"", ""xref_name"": ""epithelial cell differentiation"", ""xref_src_db"": ""GoProcess""}, {""xref_id"": ""GO:0031100"", ""xref_name"": ""animal organ regeneration"", ""xref_src_db"": ""GoProcess""}, {""xref_id"": ""GO:0034501"", ""xref_name"": ""protein localization to kinetochore"", ""xref_src_db"": ""GoProcess""}, {""xref_id"": ""GO:0042307"", ""xref_name"": ""positive regulation of protein import into nucleus"", ""xref_src_db"": ""GoProcess""}, {""xref_id"": ""GO:0042542"", ""xref_name"": ""response to hydrogen peroxide"", ""xref_src_db"": ""GoProcess""}, {""xref_id"": ""GO:0042752"", ""xref_name"": ""regulation of circadian rhythm"", ""xref_src_db"": ""GoProcess""}, {""xref_id"": ""GO:0043066"", ""xref_name"": ""negative regulation of apoptotic process"", ""xref_src_db"": ""GoProcess""}, {""xref_id"": ""GO:0044772"", ""xref_name"": ""mitotic cell cycle phase transition"", ""xref_src_db"": ""GoProcess""}, {""xref_id"": ""GO:0045740"", ""xref_name"": ""positive regulation of DNA replication"", ""xref_src_db"": ""GoProcess""}, {""xref_id"": ""GO:0045931"", ""xref_name"": ""positive regulation of mitotic cell cycle"", ""xref_src_db"": ""GoProcess""}, {""xref_id"": ""GO:0045995"", ""xref_name"": ""regulation of embryonic development"", ""xref_src_db"": ""GoProcess""}, {""xref_id"": ""GO:0046718"", ""xref_name"": ""symbiont entry into host cell"", ""xref_src_db"": ""GoProcess""}, {""xref_id"": ""GO:0048144"", ""xref_name"": ""fibroblast proliferation"", ""xref_src_db"": ""GoProcess""}, {""xref_id"": ""GO:0048511"", ""xref_name"": ""rhythmic process"", ""xref_src_db"": ""GoProcess""}, {""xref_id"": ""GO:0048678"", ""xref_name"": ""response to axon injury"", ""xref_src_db"": ""GoProcess""}, {""xref_id"": ""GO:0051301"", ""xref_name"": ""cell division"", ""xref_src_db"": ""GoProcess""}, {""xref_id"": ""GO:0055015"", ""xref_name"": ""ventricular cardiac muscle cell development"", ""xref_src_db"": ""GoProcess""}, {""xref_id"": ""GO:0060045"", ""xref_name"": ""positive regulation of cardiac muscle cell proliferation"", ""xref_src_db"": ""GoProcess""}, {""xref_id"": ""GO:0062033"", ""xref_name"": ""positive regulation of mitotic sister chromatid segregation"", ""xref_src_db"": ""GoProcess""}, {""xref_id"": ""GO:0065003"", ""xref_name"": ""protein-containing complex assembly"", ""xref_src_db"": ""GoProcess""}, {""xref_id"": ""GO:0070301"", ""xref_name"": ""cellular response to hydrogen peroxide"", ""xref_src_db"": ""GoProcess""}, {""xref_id"": ""GO:0070371"", ""xref_name"": ""ERK1 and ERK2 cascade"", ""xref_src_db"": ""GoProcess""}, {""xref_id"": ""GO:0071407"", ""xref_name"": ""cellular response to organic cyclic compound"", ""xref_src_db"": ""GoProcess""}, {""xref_id"": ""GO:1900182"", ""xref_name"": ""positive regulation of protein localization to nucleus"", ""xref_src_db"": ""GoProcess""}, {""xref_id"": ""GO:1902423"", ""xref_name"": ""regulation of attachment of mitotic spindle microtubules to kinetochore"", ""xref_src_db"": ""GoProcess""}, {""xref_id"": ""GO:1902850"", ""xref_name"": ""microtubule cytoskeleton organization involved in mitosis"", ""xref_src_db"": ""GoProcess""}, {""xref_id"": ""GO:1905448"", ""xref_name"": ""positive regulation of mitochondrial ATP synthesis coupled electron transport"", ""xref_src_db"": ""GoProcess""}, {""xref_id"": ""HGNC:1722"", ""xref_name"": ""CDK1"", ""xref_src_db"": ""HGNC""}, {""xref_id"": ""P06493"", ""xref_name"": null, ""xref_src_db"": ""IntAct""}, {""xref_id"": ""IPR000719"", ""xref_name"": ""Prot_kinase_dom"", ""xref_src_db"": ""InterPro""}, {""xref_id"": ""IPR008271"", ""xref_name"": ""Ser/Thr_kinase_AS"", ""xref_src_db"": ""InterPro""}, {""xref_id"": ""IPR011009"", ""xref_name"": ""Kinase-like_dom_sf"", ""xref_src_db"": ""InterPro""}, {""xref_id"": ""IPR017441"", ""xref_name"": ""Protein_kinase_ATP_BS"", ""xref_src_db"": ""InterPro""}, {""xref_id"": ""IPR050108"", ""xref_name"": ""CDK"", ""xref_src_db"": ""InterPro""}, {""xref_id"": ""PTHR24056"", ""xref_name"": ""CELL DIVISION PROTEIN KINASE"", ""xref_src_db"": ""PANTHER""}, {""xref_id"": ""PTHR24056:SF334"", ""xref_name"": ""CYCLIN-DEPENDENT KINASE 1"", ""xref_src_db"": ""PANTHER""}, {""xref_id"": ""4Y72"", ""xref_name"": null, ""xref_src_db"": ""PDB""}, {""xref_id"": ""4YC3"", ""xref_name"": null, ""xref_src_db"": ""PDB""}, {""xref_id"": ""4YC6"", ""xref_name"": null, ""xref_src_db"": ""PDB""}, {""xref_id"": ""5HQ0"", ""xref_name"": null, ""xref_src_db"": ""PDB""}, {""xref_id"": ""5LQF"", ""xref_name"": null, ""xref_src_db"": ""PDB""}, {""xref_id"": ""6GU2"", ""xref_name"": null, ""xref_src_db"": ""PDB""}, {""xref_id"": ""6GU3"", ""xref_name"": null, ""xref_src_db"": ""PDB""}, {""xref_id"": ""6GU4"", ""xref_name"": null, ""xref_src_db"": ""PDB""}, {""xref_id"": ""6GU6"", ""xref_name"": null, ""xref_src_db"": ""PDB""}, {""xref_id"": ""6GU7"", ""xref_name"": null, ""xref_src_db"": ""PDB""}, {""xref_id"": ""6TWN"", ""xref_name"": null, ""xref_src_db"": ""PDB""}, {""xref_id"": ""7NJ0"", ""xref_name"": null, ""xref_src_db"": ""PDB""}, {""xref_id"": ""4Y72"", ""xref_name"": ""A"", ""xref_src_db"": ""PDBe""}, {""xref_id"": ""4YC3"", ""xref_name"": ""A"", ""xref_src_db"": ""PDBe""}, {""xref_id"": ""4YC6"", ""xref_name"": ""A"", ""xref_src_db"": ""PDBe""}, {""xref_id"": ""5HQ0"", ""xref_name"": ""A"", ""xref_src_db"": ""PDBe""}, {""xref_id"": ""5LQF"", ""xref_name"": ""A"", ""xref_src_db"": ""PDBe""}, {""xref_id"": ""6GU2"", ""xref_name"": ""A"", ""xref_src_db"": ""PDBe""}, {""xref_id"": ""6GU3"", ""xref_name"": ""A"", ""xref_src_db"": ""PDBe""}, {""xref_id"": ""6GU4"", ""xref_name"": ""A"", ""xref_src_db"": ""PDBe""}, {""xref_id"": ""6GU6"", ""xref_name"": ""A"", ""xref_src_db"": ""PDBe""}, {""xref_id"": ""6GU7"", ""xref_name"": ""A"", ""xref_src_db"": ""PDBe""}, {""xref_id"": ""6TWN"", ""xref_name"": ""A"", ""xref_src_db"": ""PDBe""}, {""xref_id"": ""PF00069"", ""xref_name"": ""Pkinase"", ""xref_src_db"": ""Pfam""}, {""xref_id"": ""PA99"", ""xref_name"": ""cyclin dependent kinase 1"", ""xref_src_db"": ""PharmGKB""}, {""xref_id"": ""P06493"", ""xref_name"": null, ""xref_src_db"": ""Pharos""}, {""xref_id"": ""R-HSA-110056"", ""xref_name"": ""MAPK3 (ERK1) activation"", ""xref_src_db"": ""Reactome""}, {""xref_id"": ""R-HSA-113507"", ""xref_name"": ""E2F-enabled inhibition of pre-replication complex formation"", ""xref_src_db"": ""Reactome""}, {""xref_id"": ""R-HSA-1362300"", ""xref_name"": ""Transcription of E2F targets under negative control by p107 (RBL1) and p130 (RBL2) in complex with HDAC1"", ""xref_src_db"": ""Reactome""}, {""xref_id"": ""R-HSA-162658"", ""xref_name"": ""Golgi Cisternae Pericentriolar Stack Reorganization"", ""xref_src_db"": ""Reactome""}, {""xref_id"": ""R-HSA-170145"", ""xref_name"": ""Phosphorylation of proteins involved in the G2/M transition by Cyclin A:Cdc2 complexes"", ""xref_src_db"": ""Reactome""}, {""xref_id"": ""R-HSA-174048"", ""xref_name"": ""APC/C:Cdc20 mediated degradation of Cyclin B"", ""xref_src_db"": ""Reactome""}, {""xref_id"": ""R-HSA-174184"", ""xref_name"": ""Cdc20:Phospho-APC/C mediated degradation of Cyclin A"", ""xref_src_db"": ""Reactome""}, {""xref_id"": ""R-HSA-176408"", ""xref_name"": ""Regulation of APC/C activators between G1/S and early anaphase"", ""xref_src_db"": ""Reactome""}, {""xref_id"": ""R-HSA-176412"", ""xref_name"": ""Phosphorylation of the APC/C"", ""xref_src_db"": ""Reactome""}, {""xref_id"": ""R-HSA-176417"", ""xref_name"": ""Phosphorylation of Emi1"", ""xref_src_db"": ""Reactome""}, {""xref_id"": ""R-HSA-2299718"", ""xref_name"": ""Condensation of Prophase Chromosomes"", ""xref_src_db"": ""Reactome""}, {""xref_id"": ""R-HSA-2465910"", ""xref_name"": ""MASTL Facilitates Mitotic Progression"", ""xref_src_db"": ""Reactome""}, {""xref_id"": ""R-HSA-2500257"", ""xref_name"": ""Resolution of Sister Chromatid Cohesion"", ""xref_src_db"": ""Reactome""}, {""xref_id"": ""R-HSA-2514853"", ""xref_name"": ""Condensation of Prometaphase Chromosomes"", ""xref_src_db"": ""Reactome""}, {""xref_id"": ""R-HSA-2565942"", ""xref_name"": ""Regulation of PLK1 Activity at G2/M Transition"", ""xref_src_db"": ""Reactome""}, {""xref_id"": ""R-HSA-2980767"", ""xref_name"": ""Activation of NIMA Kinases NEK9, NEK6, NEK7"", ""xref_src_db"": ""Reactome""}, {""xref_id"": ""R-HSA-2995383"", ""xref_name"": ""Initiation of Nuclear Envelope (NE) Reformation"", ""xref_src_db"": ""Reactome""}, {""xref_id"": ""R-HSA-3301854"", ""xref_name"": ""Nuclear Pore Complex (NPC) Disassembly"", ""xref_src_db"": ""Reactome""}, {""xref_id"": ""R-HSA-380259"", ""xref_name"": ""Loss of Nlp from mitotic centrosomes"", ""xref_src_db"": ""Reactome""}, {""xref_id"": ""R-HSA-380270"", ""xref_name"": ""Recruitment of mitotic centrosome proteins and complexes"", ""xref_src_db"": ""Reactome""}, {""xref_id"": ""R-HSA-380284"", ""xref_name"": ""Loss of proteins required for interphase microtubule organization from the centrosome"", ""xref_src_db"": ""Reactome""}, {""xref_id"": ""R-HSA-380320"", ""xref_name"": ""Recruitment of NuMA to mitotic centrosomes"", ""xref_src_db"": ""Reactome""}, {""xref_id"": ""R-HSA-4419969"", ""xref_name"": ""Depolymerization of the Nuclear Lamina"", ""xref_src_db"": ""Reactome""}, {""xref_id"": ""R-HSA-5620912"", ""xref_name"": ""Anchoring of the basal body to the plasma membrane"", ""xref_src_db"": ""Reactome""}, {""xref_id"": ""R-HSA-5687128"", ""xref_name"": ""MAPK6/MAPK4 signaling"", ""xref_src_db"": ""Reactome""}, {""xref_id"": ""R-HSA-5689896"", ""xref_name"": ""Ovarian tumor domain proteases"", ""xref_src_db"": ""Reactome""}, {""xref_id"": ""R-HSA-6804114"", ""xref_name"": ""TP53 Regulates Transcription of Genes Involved in G2 Cell Cycle Arrest"", ""xref_src_db"": ""Reactome""}, {""xref_id"": ""R-HSA-6804757"", ""xref_name"": ""Regulation of TP53 Degradation"", ""xref_src_db"": ""Reactome""}, {""xref_id"": ""R-HSA-68875"", ""xref_name"": ""Mitotic Prophase"", ""xref_src_db"": ""Reactome""}, {""xref_id"": ""R-HSA-69205"", ""xref_name"": ""G1/S-Specific Transcription"", ""xref_src_db"": ""Reactome""}, {""xref_id"": ""R-HSA-69273"", ""xref_name"": ""Cyclin A/B1/B2 associated events during G2/M transition"", ""xref_src_db"": ""Reactome""}, {""xref_id"": ""R-HSA-69478"", ""xref_name"": ""G2/M DNA replication checkpoint"", ""xref_src_db"": ""Reactome""}, {""xref_id"": ""R-HSA-75035"", ""xref_name"": ""Chk1/Chk2(Cds1) mediated inactivation of Cyclin B:Cdk1 complex"", ""xref_src_db"": ""Reactome""}, {""xref_id"": ""R-HSA-8852276"", ""xref_name"": ""The role of GTSE1 in G2/M progression after G2 checkpoint"", ""xref_src_db"": ""Reactome""}, {""xref_id"": ""R-HSA-8854518"", ""xref_name"": ""AURKA Activation by TPX2"", ""xref_src_db"": ""Reactome""}, {""xref_id"": ""R-HSA-8878166"", ""xref_name"": ""Transcriptional regulation by RUNX2"", ""xref_src_db"": ""Reactome""}, {""xref_id"": ""R-HSA-9833482"", ""xref_name"": ""PKR-mediated signaling"", ""xref_src_db"": ""Reactome""}, {""xref_id"": ""A8K7C4"", ""xref_name"": ""Cyclin-dependent kinase 1"", ""xref_src_db"": ""UniProt""}, {""xref_id"": ""C9J497"", ""xref_name"": ""Cyclin-dependent kinase 1"", ""xref_src_db"": ""UniProt""}, {""xref_id"": ""O60764"", ""xref_name"": ""Cyclin-dependent kinase 1"", ""xref_src_db"": ""UniProt""}, {""xref_id"": ""P06493"", ""xref_name"": ""Cyclin-dependent kinase 1"", ""xref_src_db"": ""UniProt""}]",1,"[{""xref_id"": ""P06493"", ""xref_name"": null, ""xref_src_db"": ""AlphaFoldDB""}, {""xref_id"": ""P06493"", ""xref_name"": null, ""xref_src_db"": ""ExpressionAtlas""}, {""xref_id"": ""GO:0000781"", ""xref_name"": ""chromosome, telomeric region"", ""xref_src_db"": ""GoComponent""}, {""xref_id"": ""GO:0005634"", ""xref_name"": ""nucleus"", ""xref_src_db"": ""GoComponent""}, {""xref_id"": ""GO:0005654"", ""xref_name"": ""nucleoplasm"", ""xref_src_db"": ""GoComponent""}, {""xref_id"": ""GO:0005737"", ""xref_name"": ""cytoplasm"", ""xref_src_db"": ""GoComponent""}, {""xref_id"": ""GO:0005739"", ""xref_name"": ""mitochondrion"", ""xref_src_db"": ""GoComponent""}, {""xref_id"": ""GO:0005789"", ""xref_name"": ""endoplasmic reticulum membrane"", ""xref_src_db"": ""GoComponent""}, {""xref_id"": ""GO:0005813"", ""xref_name"": ""centrosome"", ""xref_src_db"": ""GoComponent""}, {""xref_id"": ""GO:0005829"", ""xref_name"": ""cytosol"", ""xref_src_db"": ""GoComponent""}, {""xref_id"": ""GO:0005856"", ""xref_name"": ""cytoskeleton"", ""xref_src_db"": ""GoComponent""}, {""xref_id"": ""GO:0005876"", ""xref_name"": ""spindle microtubule"", ""xref_src_db"": ""GoComponent""}, {""xref_id"": ""GO:0016020"", ""xref_name"": ""membrane"", ""xref_src_db"": ""GoComponent""}, {""xref_id"": ""GO:0030496"", ""xref_name"": ""midbody"", ""xref_src_db"": ""GoComponent""}, {""xref_id"": ""GO:0070062"", ""xref_name"": ""extracellular exosome"", ""xref_src_db"": ""GoComponent""}, {""xref_id"": ""GO:0001618"", ""xref_name"": ""virus receptor activity"", ""xref_src_db"": ""GoFunction""}, {""xref_id"": ""GO:0003682"", ""xref_name"": ""chromatin binding"", ""xref_src_db"": ""GoFunction""}, {""xref_id"": ""GO:0005515"", ""xref_name"": ""protein binding"", ""xref_src_db"": ""GoFunction""}, {""xref_id"": ""GO:0005524"", ""xref_name"": ""ATP binding"", ""xref_src_db"": ""GoFunction""}, {""xref_id"": ""GO:0016301"", ""xref_name"": ""kinase activity"", ""xref_src_db"": ""GoFunction""}, {""xref_id"": ""GO:0030332"", ""xref_name"": ""cyclin binding"", ""xref_src_db"": ""GoFunction""}, {""xref_id"": ""GO:0030544"", ""xref_name"": ""Hsp70 protein binding"", ""xref_src_db"": ""GoFunction""}, {""xref_id"": ""GO:0000082"", ""xref_name"": ""G1/S transition of mitotic cell cycle"", ""xref_src_db"": ""GoProcess""}, {""xref_id"": ""GO:0000086"", ""xref_name"": ""G2/M transition of mitotic cell cycle"", ""xref_src_db"": ""GoProcess""}, {""xref_id"": ""GO:0000226"", ""xref_name"": ""microtubule cytoskeleton organization"", ""xref_src_db"": ""GoProcess""}, {""xref_id"": ""GO:0006281"", ""xref_name"": ""DNA repair"", ""xref_src_db"": ""GoProcess""}, {""xref_id"": ""GO:0006915"", ""xref_name"": ""apoptotic process"", ""xref_src_db"": ""GoProcess""}, {""xref_id"": ""GO:0006974"", ""xref_name"": ""DNA damage response"", ""xref_src_db"": ""GoProcess""}, {""xref_id"": ""GO:0007077"", ""xref_name"": ""mitotic nuclear membrane disassembly"", ""xref_src_db"": ""GoProcess""}, {""xref_id"": ""GO:0007095"", ""xref_name"": ""mitotic G2 DNA damage checkpoint signaling"", ""xref_src_db"": ""GoProcess""}, {""xref_id"": ""GO:0007098"", ""xref_name"": ""centrosome cycle"", ""xref_src_db"": ""GoProcess""}, {""xref_id"": ""GO:0009636"", ""xref_name"": ""response to toxic substance"", ""xref_src_db"": ""GoProcess""}, {""xref_id"": ""GO:0010628"", ""xref_name"": ""positive regulation of gene expression"", ""xref_src_db"": ""GoProcess""}, {""xref_id"": ""GO:0010629"", ""xref_name"": ""negative regulation of gene expression"", ""xref_src_db"": ""GoProcess""}, {""xref_id"": ""GO:0010971"", ""xref_name"": ""positive regulation of G2/M transition of mitotic cell cycle"", ""xref_src_db"": ""GoProcess""}, {""xref_id"": ""GO:0014038"", ""xref_name"": ""regulation of Schwann cell differentiation"", ""xref_src_db"": ""GoProcess""}, {""xref_id"": ""GO:0016477"", ""xref_name"": ""cell migration"", ""xref_src_db"": ""GoProcess""}, {""xref_id"": ""GO:0018105"", ""xref_name"": ""peptidyl-serine phosphorylation"", ""xref_src_db"": ""GoProcess""}, {""xref_id"": ""GO:0018107"", ""xref_name"": ""peptidyl-threonine phosphorylation"", ""xref_src_db"": ""GoProcess""}, {""xref_id"": ""GO:0030261"", ""xref_name"": ""chromosome condensation"", ""xref_src_db"": ""GoProcess""}, {""xref_id"": ""GO:0030855"", ""xref_name"": ""epithelial cell differentiation"", ""xref_src_db"": ""GoProcess""}, {""xref_id"": ""GO:0031100"", ""xref_name"": ""animal organ regeneration"", ""xref_src_db"": ""GoProcess""}, {""xref_id"": ""GO:0034501"", ""xref_name"": ""protein localization to kinetochore"", ""xref_src_db"": ""GoProcess""}, {""xref_id"": ""GO:0042307"", ""xref_name"": ""positive regulation of protein import into nucleus"", ""xref_src_db"": ""GoProcess""}, {""xref_id"": ""GO:0042542"", ""xref_name"": ""response to hydrogen peroxide"", ""xref_src_db"": ""GoProcess""}, {""xref_id"": ""GO:0042752"", ""xref_name"": ""regulation of circadian rhythm"", ""xref_src_db"": ""GoProcess""}, {""xref_id"": ""GO:0043066"", ""xref_name"": ""negative regulation of apoptotic process"", ""xref_src_db"": ""GoProcess""}, {""xref_id"": ""GO:0044772"", ""xref_name"": ""mitotic cell cycle phase transition"", ""xref_src_db"": ""GoProcess""}, {""xref_id"": ""GO:0045740"", ""xref_name"": ""positive regulation of DNA replication"", ""xref_src_db"": ""GoProcess""}, {""xref_id"": ""GO:0045931"", ""xref_name"": ""positive regulation of mitotic cell cycle"", ""xref_src_db"": ""GoProcess""}, {""xref_id"": ""GO:0045995"", ""xref_name"": ""regulation of embryonic development"", ""xref_src_db"": ""GoProcess""}, {""xref_id"": ""GO:0046718"", ""xref_name"": ""symbiont entry into host cell"", ""xref_src_db"": ""GoProcess""}, {""xref_id"": ""GO:0048144"", ""xref_name"": ""fibroblast proliferation"", ""xref_src_db"": ""GoProcess""}, {""xref_id"": ""GO:0048511"", ""xref_name"": ""rhythmic process"", ""xref_src_db"": ""GoProcess""}, {""xref_id"": ""GO:0048678"", ""xref_name"": ""response to axon injury"", ""xref_src_db"": ""GoProcess""}, {""xref_id"": ""GO:0051301"", ""xref_name"": ""cell division"", ""xref_src_db"": ""GoProcess""}, {""xref_id"": ""GO:0055015"", ""xref_name"": ""ventricular cardiac muscle cell development"", ""xref_src_db"": ""GoProcess""}, {""xref_id"": ""GO:0060045"", ""xref_name"": ""positive regulation of cardiac muscle cell proliferation"", ""xref_src_db"": ""GoProcess""}, {""xref_id"": ""GO:0062033"", ""xref_name"": ""positive regulation of mitotic sister chromatid segregation"", ""xref_src_db"": ""GoProcess""}, {""xref_id"": ""GO:0065003"", ""xref_name"": ""protein-containing complex assembly"", ""xref_src_db"": ""GoProcess""}, {""xref_id"": ""GO:0070301"", ""xref_name"": ""cellular response to hydrogen peroxide"", ""xref_src_db"": ""GoProcess""}, {""xref_id"": ""GO:0070371"", ""xref_name"": ""ERK1 and ERK2 cascade"", ""xref_src_db"": ""GoProcess""}, {""xref_id"": ""GO:0071407"", ""xref_name"": ""cellular response to organic cyclic compound"", ""xref_src_db"": ""GoProcess""}, {""xref_id"": ""GO:1900182"", ""xref_name"": ""positive regulation of protein localization to nucleus"", ""xref_src_db"": ""GoProcess""}, {""xref_id"": ""GO:1902423"", ""xref_name"": ""regulation of attachment of mitotic spindle microtubules to kinetochore"", ""xref_src_db"": ""GoProcess""}, {""xref_id"": ""GO:1902850"", ""xref_name"": ""microtubule cytoskeleton organization involved in mitosis"", ""xref_src_db"": ""GoProcess""}, {""xref_id"": ""GO:1905448"", ""xref_name"": ""positive regulation of mitochondrial ATP synthesis coupled electron transport"", ""xref_src_db"": ""GoProcess""}, {""xref_id"": ""HGNC:1722"", ""xref_name"": ""CDK1"", ""xref_src_db"": ""HGNC""}, {""xref_id"": ""P06493"", ""xref_name"": null, ""xref_src_db"": ""IntAct""}, {""xref_id"": ""IPR000719"", ""xref_name"": ""Prot_kinase_dom"", ""xref_src_db"": ""InterPro""}, {""xref_id"": ""IPR008271"", ""xref_name"": ""Ser/Thr_kinase_AS"", ""xref_src_db"": ""InterPro""}, {""xref_id"": ""IPR011009"", ""xref_name"": ""Kinase-like_dom_sf"", ""xref_src_db"": ""InterPro""}, {""xref_id"": ""IPR017441"", ""xref_name"": ""Protein_kinase_ATP_BS"", ""xref_src_db"": ""InterPro""}, {""xref_id"": ""IPR050108"", ""xref_name"": ""CDK"", ""xref_src_db"": ""InterPro""}, {""xref_id"": ""PTHR24056"", ""xref_name"": ""CELL DIVISION PROTEIN KINASE"", ""xref_src_db"": ""PANTHER""}, {""xref_id"": ""PTHR24056:SF334"", ""xref_name"": ""CYCLIN-DEPENDENT KINASE 1"", ""xref_src_db"": ""PANTHER""}, {""xref_id"": ""4Y72"", ""xref_name"": null, ""xref_src_db"": ""PDB""}, {""xref_id"": ""4YC3"", ""xref_name"": null, ""xref_src_db"": ""PDB""}, {""xref_id"": ""4YC6"", ""xref_name"": null, ""xref_src_db"": ""PDB""}, {""xref_id"": ""5HQ0"", ""xref_name"": null, ""xref_src_db"": ""PDB""}, {""xref_id"": ""5LQF"", ""xref_name"": null, ""xref_src_db"": ""PDB""}, {""xref_id"": ""6GU2"", ""xref_name"": null, ""xref_src_db"": ""PDB""}, {""xref_id"": ""6GU3"", ""xref_name"": null, ""xref_src_db"": ""PDB""}, {""xref_id"": ""6GU4"", ""xref_name"": null, ""xref_src_db"": ""PDB""}, {""xref_id"": ""6GU6"", ""xref_name"": null, ""xref_src_db"": ""PDB""}, {""xref_id"": ""6GU7"", ""xref_name"": null, ""xref_src_db"": ""PDB""}, {""xref_id"": ""6TWN"", ""xref_name"": null, ""xref_src_db"": ""PDB""}, {""xref_id"": ""7NJ0"", ""xref_name"": null, ""xref_src_db"": ""PDB""}, {""xref_id"": ""4Y72"", ""xref_name"": ""A"", ""xref_src_db"": ""PDBe""}, {""xref_id"": ""4YC3"", ""xref_name"": ""A"", ""xref_src_db"": ""PDBe""}, {""xref_id"": ""4YC6"", ""xref_name"": ""A"", ""xref_src_db"": ""PDBe""}, {""xref_id"": ""5HQ0"", ""xref_name"": ""A"", ""xref_src_db"": ""PDBe""}, {""xref_id"": ""5LQF"", ""xref_name"": ""A"", ""xref_src_db"": ""PDBe""}, {""xref_id"": ""6GU2"", ""xref_name"": ""A"", ""xref_src_db"": ""PDBe""}, {""xref_id"": ""6GU3"", ""xref_name"": ""A"", ""xref_src_db"": ""PDBe""}, {""xref_id"": ""6GU4"", ""xref_name"": ""A"", ""xref_src_db"": ""PDBe""}, {""xref_id"": ""6GU6"", ""xref_name"": ""A"", ""xref_src_db"": ""PDBe""}, {""xref_id"": ""6GU7"", ""xref_name"": ""A"", ""xref_src_db"": ""PDBe""}, {""xref_id"": ""6TWN"", ""xref_name"": ""A"", ""xref_src_db"": ""PDBe""}, {""xref_id"": ""PF00069"", ""xref_name"": ""Pkinase"", ""xref_src_db"": ""Pfam""}, {""xref_id"": ""PA99"", ""xref_name"": ""cyclin dependent kinase 1"", ""xref_src_db"": ""PharmGKB""}, {""xref_id"": ""P06493"", ""xref_name"": null, ""xref_src_db"": ""Pharos""}, {""xref_id"": ""R-HSA-110056"", ""xref_name"": ""MAPK3 (ERK1) activation"", ""xref_src_db"": ""Reactome""}, {""xref_id"": ""R-HSA-113507"", ""xref_name"": ""E2F-enabled inhibition of pre-replication complex formation"", ""xref_src_db"": ""Reactome""}, {""xref_id"": ""R-HSA-1362300"", ""xref_name"": ""Transcription of E2F targets under negative control by p107 (RBL1) and p130 (RBL2) in complex with HDAC1"", ""xref_src_db"": ""Reactome""}, {""xref_id"": ""R-HSA-162658"", ""xref_name"": ""Golgi Cisternae Pericentriolar Stack Reorganization"", ""xref_src_db"": ""Reactome""}, {""xref_id"": ""R-HSA-170145"", ""xref_name"": ""Phosphorylation of proteins involved in the G2/M transition by Cyclin A:Cdc2 complexes"", ""xref_src_db"": ""Reactome""}, {""xref_id"": ""R-HSA-174048"", ""xref_name"": ""APC/C:Cdc20 mediated degradation of Cyclin B"", ""xref_src_db"": ""Reactome""}, {""xref_id"": ""R-HSA-174184"", ""xref_name"": ""Cdc20:Phospho-APC/C mediated degradation of Cyclin A"", ""xref_src_db"": ""Reactome""}, {""xref_id"": ""R-HSA-176408"", ""xref_name"": ""Regulation of APC/C activators between G1/S and early anaphase"", ""xref_src_db"": ""Reactome""}, {""xref_id"": ""R-HSA-176412"", ""xref_name"": ""Phosphorylation of the APC/C"", ""xref_src_db"": ""Reactome""}, {""xref_id"": ""R-HSA-176417"", ""xref_name"": ""Phosphorylation of Emi1"", ""xref_src_db"": ""Reactome""}, {""xref_id"": ""R-HSA-2299718"", ""xref_name"": ""Condensation of Prophase Chromosomes"", ""xref_src_db"": ""Reactome""}, {""xref_id"": ""R-HSA-2465910"", ""xref_name"": ""MASTL Facilitates Mitotic Progression"", ""xref_src_db"": ""Reactome""}, {""xref_id"": ""R-HSA-2500257"", ""xref_name"": ""Resolution of Sister Chromatid Cohesion"", ""xref_src_db"": ""Reactome""}, {""xref_id"": ""R-HSA-2514853"", ""xref_name"": ""Condensation of Prometaphase Chromosomes"", ""xref_src_db"": ""Reactome""}, {""xref_id"": ""R-HSA-2565942"", ""xref_name"": ""Regulation of PLK1 Activity at G2/M Transition"", ""xref_src_db"": ""Reactome""}, {""xref_id"": ""R-HSA-2980767"", ""xref_name"": ""Activation of NIMA Kinases NEK9, NEK6, NEK7"", ""xref_src_db"": ""Reactome""}, {""xref_id"": ""R-HSA-2995383"", ""xref_name"": ""Initiation of Nuclear Envelope (NE) Reformation"", ""xref_src_db"": ""Reactome""}, {""xref_id"": ""R-HSA-3301854"", ""xref_name"": ""Nuclear Pore Complex (NPC) Disassembly"", ""xref_src_db"": ""Reactome""}, {""xref_id"": ""R-HSA-380259"", ""xref_name"": ""Loss of Nlp from mitotic centrosomes"", ""xref_src_db"": ""Reactome""}, {""xref_id"": ""R-HSA-380270"", ""xref_name"": ""Recruitment of mitotic centrosome proteins and complexes"", ""xref_src_db"": ""Reactome""}, {""xref_id"": ""R-HSA-380284"", ""xref_name"": ""Loss of proteins required for interphase microtubule organization from the centrosome"", ""xref_src_db"": ""Reactome""}, {""xref_id"": ""R-HSA-380320"", ""xref_name"": ""Recruitment of NuMA to mitotic centrosomes"", ""xref_src_db"": ""Reactome""}, {""xref_id"": ""R-HSA-4419969"", ""xref_name"": ""Depolymerization of the Nuclear Lamina"", ""xref_src_db"": ""Reactome""}, {""xref_id"": ""R-HSA-5620912"", ""xref_name"": ""Anchoring of the basal body to the plasma membrane"", ""xref_src_db"": ""Reactome""}, {""xref_id"": ""R-HSA-5687128"", ""xref_name"": ""MAPK6/MAPK4 signaling"", ""xref_src_db"": ""Reactome""}, {""xref_id"": ""R-HSA-5689896"", ""xref_name"": ""Ovarian tumor domain proteases"", ""xref_src_db"": ""Reactome""}, {""xref_id"": ""R-HSA-6804114"", ""xref_name"": ""TP53 Regulates Transcription of Genes Involved in G2 Cell Cycle Arrest"", ""xref_src_db"": ""Reactome""}, {""xref_id"": ""R-HSA-6804757"", ""xref_name"": ""Regulation of TP53 Degradation"", ""xref_src_db"": ""Reactome""}, {""xref_id"": ""R-HSA-68875"", ""xref_name"": ""Mitotic Prophase"", ""xref_src_db"": ""Reactome""}, {""xref_id"": ""R-HSA-69205"", ""xref_name"": ""G1/S-Specific Transcription"", ""xref_src_db"": ""Reactome""}, {""xref_id"": ""R-HSA-69273"", ""xref_name"": ""Cyclin A/B1/B2 associated events during G2/M transition"", ""xref_src_db"": ""Reactome""}, {""xref_id"": ""R-HSA-69478"", ""xref_name"": ""G2/M DNA replication checkpoint"", ""xref_src_db"": ""Reactome""}, {""xref_id"": ""R-HSA-75035"", ""xref_name"": ""Chk1/Chk2(Cds1) mediated inactivation of Cyclin B:Cdk1 complex"", ""xref_src_db"": ""Reactome""}, {""xref_id"": ""R-HSA-8852276"", ""xref_name"": ""The role of GTSE1 in G2/M progression after G2 checkpoint"", ""xref_src_db"": ""Reactome""}, {""xref_id"": ""R-HSA-8854518"", ""xref_name"": ""AURKA Activation by TPX2"", ""xref_src_db"": ""Reactome""}, {""xref_id"": ""R-HSA-8878166"", ""xref_name"": ""Transcriptional regulation by RUNX2"", ""xref_src_db"": ""Reactome""}, {""xref_id"": ""R-HSA-9833482"", ""xref_name"": ""PKR-mediated signaling"", ""xref_src_db"": ""Reactome""}, {""xref_id"": ""A8K7C4"", ""xref_name"": ""Cyclin-dependent kinase 1"", ""xref_src_db"": ""UniProt""}, {""xref_id"": ""C9J497"", ""xref_name"": ""Cyclin-dependent kinase 1"", ""xref_src_db"": ""UniProt""}, {""xref_id"": ""O60764"", ""xref_name"": ""Cyclin-dependent kinase 1"", ""xref_src_db"": ""UniProt""}, {""xref_id"": ""P06493"", ""xref_name"": ""Cyclin-dependent kinase 1"", ""xref_src_db"": ""UniProt""}]",normalized_field,tests/fixtures/bronze/chembl/target_component/sample_ci_2026-04-29.jsonl
chembl_target_component,chembl/target_component,target_component_xrefs,bronze_fixture,"[{""xref_id"": ""P06756"", ""xref_name"": null, ""xref_src_db"": ""AlphaFoldDB""}, {""xref_id"": ""P06756"", ""xref_name"": null, ""xref_src_db"": ""ExpressionAtlas""}, {""xref_id"": ""GO:0005829"", ""xref_name"": ""cytosol"", ""xref_src_db"": ""GoComponent""}, {""xref_id"": ""GO:0005886"", ""xref_name"": ""plasma membrane"", ""xref_src_db"": ""GoComponent""}, {""xref_id"": ""GO:0005925"", ""xref_name"": ""focal adhesion"", ""xref_src_db"": ""GoComponent""}, {""xref_id"": ""GO:0008305"", ""xref_name"": ""integrin complex"", ""xref_src_db"": ""GoComponent""}, {""xref_id"": ""GO:0009897"", ""xref_name"": ""external side of plasma membrane"", ""xref_src_db"": ""GoComponent""}, {""xref_id"": ""GO:0009986"", ""xref_name"": ""cell surface"", ""xref_src_db"": ""GoComponent""}, {""xref_id"": ""GO:0016020"", ""xref_name"": ""membrane"", ""xref_src_db"": ""GoComponent""}, {""xref_id"": ""GO:0031258"", ""xref_name"": ""lamellipodium membrane"", ""xref_src_db"": ""GoComponent""}, {""xref_id"": ""GO:0031527"", ""xref_name"": ""filopodium membrane"", ""xref_src_db"": ""GoComponent""}, {""xref_id"": ""GO:0031528"", ""xref_name"": ""microvillus membrane"", ""xref_src_db"": ""GoComponent""}, {""xref_id"": ""GO:0032587"", ""xref_name"": ""ruffle membrane"", ""xref_src_db"": ""GoComponent""}, {""xref_id"": ""GO:0034682"", ""xref_name"": ""integrin alphav-beta1 complex"", ""xref_src_db"": ""GoComponent""}, {""xref_id"": ""GO:0034683"", ""xref_name"": ""integrin alphav-beta3 complex"", ""xref_src_db"": ""GoComponent""}, {""xref_id"": ""GO:0034684"", ""xref_name"": ""integrin alphav-beta5 complex"", ""xref_src_db"": ""GoComponent""}, {""xref_id"": ""GO:0034685"", ""xref_name"": ""integrin alphav-beta6 complex"", ""xref_src_db"": ""GoComponent""}, {""xref_id"": ""GO:0034686"", ""xref_name"": ""integrin alphav-beta8 complex"", ""xref_src_db"": ""GoComponent""}, {""xref_id"": ""GO:0035579"", ""xref_name"": ""specific granule membrane"", ""xref_src_db"": ""GoComponent""}, {""xref_id"": ""GO:0035866"", ""xref_name"": ""alphav-beta3 integrin-PKCalpha complex"", ""xref_src_db"": ""GoComponent""}, {""xref_id"": ""GO:0035867"", ""xref_name"": ""alphav-beta3 integrin-IGF-1-IGF1R complex"", ""xref_src_db"": ""GoComponent""}, {""xref_id"": ""GO:0035868"", ""xref_name"": ""alphav-beta3 integrin-HMGB1 complex"", ""xref_src_db"": ""GoComponent""}, {""xref_id"": ""GO:0070062"", ""xref_name"": ""extracellular exosome"", ""xref_src_db"": ""GoComponent""}, {""xref_id"": ""GO:0070161"", ""xref_name"": ""anchoring junction"", ""xref_src_db"": ""GoComponent""}, {""xref_id"": ""GO:0001618"", ""xref_name"": ""virus receptor activity"", ""xref_src_db"": ""GoFunction""}, {""xref_id"": ""GO:0001846"", ""xref_name"": ""opsonin binding"", ""xref_src_db"": ""GoFunction""}, {""xref_id"": ""GO:0001968"", ""xref_name"": ""fibronectin binding"", ""xref_src_db"": ""GoFunction""}, {""xref_id"": ""GO:0002020"", ""xref_name"": ""protease binding"", ""xref_src_db"": ""GoFunction""}, {""xref_id"": ""GO:0005080"", ""xref_name"": ""protein kinase C binding"", ""xref_src_db"": ""GoFunction""}, {""xref_id"": ""GO:0005102"", ""xref_name"": ""signaling receptor binding"", ""xref_src_db"": ""GoFunction""}, {""xref_id"": ""GO:0005178"", ""xref_name"": ""integrin binding"", ""xref_src_db"": ""GoFunction""}, {""xref_id"": ""GO:0005245"", ""xref_name"": ""voltage-gated calcium channel activity"", ""xref_src_db"": ""GoFunction""}, {""xref_id"": ""GO:0005515"", ""xref_name"": ""protein binding"", ""xref_src_db"": ""GoFunction""}, {""xref_id"": ""GO:0015026"", ""xref_name"": ""coreceptor activity"", ""xref_src_db"": ""GoFunction""}, {""xref_id"": ""GO:0017134"", ""xref_name"": ""fibroblast growth factor binding"", ""xref_src_db"": ""GoFunction""}, {""xref_id"": ""GO:0019960"", ""xref_name"": ""C-X3-C chemokine binding"", ""xref_src_db"": ""GoFunction""}, {""xref_id"": ""GO:0031994"", ""xref_name"": ""insulin-like growth factor I binding"", ""xref_src_db"": ""GoFunction""}, {""xref_id"": ""GO:0038132"", ""xref_name"": ""neuregulin binding"", ""xref_src_db"": ""GoFunction""}, {""xref_id"": ""GO:0046872"", ""xref_name"": ""metal ion binding"", ""xref_src_db"": ""GoFunction""}, {""xref_id"": ""GO:0050431"", ""xref_name"": ""transforming growth factor beta binding"", ""xref_src_db"": ""GoFunction""}, {""xref_id"": ""GO:0050840"", ""xref_name"": ""extracellular matrix binding"", ""xref_src_db"": ""GoFunction""}, {""xref_id"": ""GO:1990430"", ""xref_name"": ""extracellular matrix protein binding"", ""xref_src_db"": ""GoFunction""}, {""xref_id"": ""GO:0001525"", ""xref_name"": ""angiogenesis"", ""xref_src_db"": ""GoProcess""}, {""xref_id"": ""GO:0001568"", ""xref_name"": ""blood vessel development"", ""xref_src_db"": ""GoProcess""}, {""xref_id"": ""GO:0001570"", ""xref_name"": ""vasculogenesis"", ""xref_src_db"": ""GoProcess""}, {""xref_id"": ""GO:0007155"", ""xref_name"": ""cell adhesion"", ""xref_src_db"": ""GoProcess""}, {""xref_id"": ""GO:0007160"", ""xref_name"": ""cell-matrix adhesion"", ""xref_src_db"": ""GoProcess""}, {""xref_id"": ""GO:0007204"", ""xref_name"": ""positive regulation of cytosolic calcium ion concentration"", ""xref_src_db"": ""GoProcess""}, {""xref_id"": ""GO:0007229"", ""xref_name"": ""integrin-mediated signaling pathway"", ""xref_src_db"": ""GoProcess""}, {""xref_id"": ""GO:0008284"", ""xref_name"": ""positive regulation of cell population proliferation"", ""xref_src_db"": ""GoProcess""}, {""xref_id"": ""GO:0010745"", ""xref_name"": ""negative regulation of macrophage derived foam cell differentiation"", ""xref_src_db"": ""GoProcess""}, {""xref_id"": ""GO:0010888"", ""xref_name"": ""negative regulation of lipid storage"", ""xref_src_db"": ""GoProcess""}, {""xref_id"": ""GO:0016477"", ""xref_name"": ""cell migration"", ""xref_src_db"": ""GoProcess""}, {""xref_id"": ""GO:0030335"", ""xref_name"": ""positive regulation of cell migration"", ""xref_src_db"": ""GoProcess""}, {""xref_id"": ""GO:0031589"", ""xref_name"": ""cell-substrate adhesion"", ""xref_src_db"": ""GoProcess""}, {""xref_id"": ""GO:0032369"", ""xref_name"": ""negative regulation of lipid transport"", ""xref_src_db"": ""GoProcess""}, {""xref_id"": ""GO:0033627"", ""xref_name"": ""cell adhesion mediated by integrin"", ""xref_src_db"": ""GoProcess""}, {""xref_id"": ""GO:0033690"", ""xref_name"": ""positive regulation of osteoblast proliferation"", ""xref_src_db"": ""GoProcess""}, {""xref_id"": ""GO:0034113"", ""xref_name"": ""heterotypic cell-cell adhesion"", ""xref_src_db"": ""GoProcess""}, {""xref_id"": ""GO:0034446"", ""xref_name"": ""substrate adhesion-dependent cell spreading"", ""xref_src_db"": ""GoProcess""}, {""xref_id"": ""GO:0035313"", ""xref_name"": ""wound healing, spreading of epidermal cells"", ""xref_src_db"": ""GoProcess""}, {""xref_id"": ""GO:0035987"", ""xref_name"": ""endodermal cell differentiation"", ""xref_src_db"": ""GoProcess""}, {""xref_id"": ""GO:0038027"", ""xref_name"": ""apolipoprotein A-I-mediated signaling pathway"", ""xref_src_db"": ""GoProcess""}, {""xref_id"": ""GO:0043277"", ""xref_name"": ""apoptotic cell clearance"", ""xref_src_db"": ""GoProcess""}, {""xref_id"": ""GO:0045785"", ""xref_name"": ""positive regulation of cell adhesion"", ""xref_src_db"": ""GoProcess""}, {""xref_id"": ""GO:0046718"", ""xref_name"": ""symbiont entry into host cell"", ""xref_src_db"": ""GoProcess""}, {""xref_id"": ""GO:0050748"", ""xref_name"": ""negative regulation of lipoprotein metabolic process"", ""xref_src_db"": ""GoProcess""}, {""xref_id"": ""GO:0050764"", ""xref_name"": ""regulation of phagocytosis"", ""xref_src_db"": ""GoProcess""}, {""xref_id"": ""GO:0050919"", ""xref_name"": ""negative chemotaxis"", ""xref_src_db"": ""GoProcess""}, {""xref_id"": ""GO:0051057"", ""xref_name"": ""positive regulation of small GTPase mediated signal transduction"", ""xref_src_db"": ""GoProcess""}, {""xref_id"": ""GO:0070371"", ""xref_name"": ""ERK1 and ERK2 cascade"", ""xref_src_db"": ""GoProcess""}, {""xref_id"": ""GO:0070588"", ""xref_name"": ""calcium ion transmembrane transport"", ""xref_src_db"": ""GoProcess""}, {""xref_id"": ""GO:0071604"", ""xref_name"": ""transforming growth factor beta production"", ""xref_src_db"": ""GoProcess""}, {""xref_id"": ""GO:0085017"", ""xref_name"": ""entry into host cell by a symbiont-containing vacuole"", ""xref_src_db"": ""GoProcess""}, {""xref_id"": ""GO:0097192"", ""xref_name"": ""extrinsic apoptotic signaling pathway in absence of ligand"", ""xref_src_db"": ""GoProcess""}, {""xref_id"": ""GO:0098609"", ""xref_name"": ""cell-cell adhesion"", ""xref_src_db"": ""GoProcess""}, {""xref_id"": ""GO:1902533"", ""xref_name"": ""positive regulation of intracellular signal transduction"", ""xref_src_db"": ""GoProcess""}, {""xref_id"": ""GO:1905598"", ""xref_name"": ""negative regulation of low-density lipoprotein receptor activity"", ""xref_src_db"": ""GoProcess""}, {""xref_id"": ""GO:2000536"", ""xref_name"": ""negative regulation of entry of bacterium into host cell"", ""xref_src_db"": ""GoProcess""}, {""xref_id"": ""GO:2001237"", ""xref_name"": ""negative regulation of extrinsic apoptotic signaling pathway"", ""xref_src_db"": ""GoProcess""}, {""xref_id"": ""HGNC:6150"", ""xref_name"": ""ITGAV"", ""xref_src_db"": ""HGNC""}, {""xref_id"": ""P06756"", ""xref_name"": null, ""xref_src_db"": ""IntAct""}, {""xref_id"": ""IPR000413"", ""xref_name"": ""Integrin_alpha"", ""xref_src_db"": ""InterPro""}, {""xref_id"": ""IPR013517"", ""xref_name"": ""FG-GAP"", ""xref_src_db"": ""InterPro""}, {""xref_id"": ""IPR013519"", ""xref_name"": ""Int_alpha_beta-p"", ""xref_src_db"": ""InterPro""}, {""xref_id"": ""IPR013649"", ""xref_name"": ""Integrin_alpha_Ig-like_1"", ""xref_src_db"": ""InterPro""}, {""xref_id"": ""IPR018184"", ""xref_name"": ""Integrin_alpha_C_CS"", ""xref_src_db"": ""InterPro""}, {""xref_id"": ""IPR028994"", ""xref_name"": ""Integrin_alpha_N"", ""xref_src_db"": ""InterPro""}, {""xref_id"": ""IPR032695"", ""xref_name"": ""Integrin_dom_sf"", ""xref_src_db"": ""InterPro""}, {""xref_id"": ""IPR048285"", ""xref_name"": ""Integrin_alpha_Ig-like_2"", ""xref_src_db"": ""InterPro""}, {""xref_id"": ""IPR048286"", ""xref_name"": ""Integrin_alpha_Ig-like_3"", ""xref_src_db"": ""InterPro""}, {""xref_id"": ""PTHR23220"", ""xref_name"": ""INTEGRIN ALPHA"", ""xref_src_db"": ""PANTHER""}, {""xref_id"": ""PTHR23220:SF4"", ""xref_name"": ""INTEGRIN ALPHA-V"", ""xref_src_db"": ""PANTHER""}, {""xref_id"": ""1JV2"", ""xref_name"": null, ""xref_src_db"": ""PDB""}, {""xref_id"": ""1L5G"", ""xref_name"": null, ""xref_src_db"": ""PDB""}, {""xref_id"": ""1M1X"", ""xref_name"": null, ""xref_src_db"": ""PDB""}, {""xref_id"": ""1U8C"", ""xref_name"": null, ""xref_src_db"": ""PDB""}, {""xref_id"": ""3IJE"", ""xref_name"": null, ""xref_src_db"": ""PDB""}, {""xref_id"": ""4G1E"", ""xref_name"": null, ""xref_src_db"": ""PDB""}, {""xref_id"": ""4G1M"", ""xref_name"": null, ""xref_src_db"": ""PDB""}, {""xref_id"": ""4MMX"", ""xref_name"": null, ""xref_src_db"": ""PDB""}, {""xref_id"": ""4MMY"", ""xref_name"": null, ""xref_src_db"": ""PDB""}, {""xref_id"": ""4MMZ"", ""xref_name"": null, ""xref_src_db"": ""PDB""}, {""xref_id"": ""4O02"", ""xref_name"": null, ""xref_src_db"": ""PDB""}, {""xref_id"": ""4UM8"", ""xref_name"": null, ""xref_src_db"": ""PDB""}, {""xref_id"": ""4UM9"", ""xref_name"": null, ""xref_src_db"": ""PDB""}, {""xref_id"": ""5FFG"", ""xref_name"": null, ""xref_src_db"": ""PDB""}, {""xref_id"": ""5FFO"", ""xref_name"": null, ""xref_src_db"": ""PDB""}, {""xref_id"": ""5NEM"", ""xref_name"": null, ""xref_src_db"": ""PDB""}, {""xref_id"": ""5NER"", ""xref_name"": null, ""xref_src_db"": ""PDB""}, {""xref_id"": ""5NET"", ""xref_name"": null, ""xref_src_db"": ""PDB""}, {""xref_id"": ""5NEU"", ""xref_name"": null, ""xref_src_db"": ""PDB""}, {""xref_id"": ""6AVQ"", ""xref_name"": null, ""xref_src_db"": ""PDB""}, {""xref_id"": ""6AVR"", ""xref_name"": null, ""xref_src_db"": ""PDB""}, {""xref_id"": ""6AVU"", ""xref_name"": null, ""xref_src_db"": ""PDB""}, {""xref_id"": ""6DJP"", ""xref_name"": null, ""xref_src_db"": ""PDB""}, {""xref_id"": ""6MK0"", ""xref_name"": null, ""xref_src_db"": ""PDB""}, {""xref_id"": ""6MSL"", ""xref_name"": null, ""xref_src_db"": ""PDB""}, {""xref_id"": ""6MSU"", ""xref_name"": null, ""xref_src_db"": ""PDB""}, {""xref_id"": ""6NAJ"", ""xref_name"": null, ""xref_src_db"": ""PDB""}, {""xref_id"": ""6OM1"", ""xref_name"": null, ""xref_src_db"": ""PDB""}, {""xref_id"": ""6OM2"", ""xref_name"": null, ""xref_src_db"": ""PDB""}, {""xref_id"": ""6UJA"", ""xref_name"": null, ""xref_src_db"": ""PDB""}, {""xref_id"": ""6UJB"", ""xref_name"": null, ""xref_src_db"": ""PDB""}, {""xref_id"": ""6UJC"", ""xref_name"": null, ""xref_src_db"": ""PDB""}, {""xref_id"": ""7Y1T"", ""xref_name"": null, ""xref_src_db"": ""PDB""}, {""xref_id"": ""8IJ5"", ""xref_name"": null, ""xref_src_db"": ""PDB""}, {""xref_id"": ""8TCF"", ""xref_name"": null, ""xref_src_db"": ""PDB""}, {""xref_id"": ""8TCG"", ""xref_name"": null, ""xref_src_db"": ""PDB""}, {""xref_id"": ""8VS6"", ""xref_name"": null, ""xref_src_db"": ""PDB""}, {""xref_id"": ""8VSD"", ""xref_name"": null, ""xref_src_db"": ""PDB""}, {""xref_id"": ""8W30"", ""xref_name"": null, ""xref_src_db"": ""PDB""}, {""xref_id"": ""8XEI"", ""xref_name"": null, ""xref_src_db"": ""PDB""}, {""xref_id"": ""8XEK"", ""xref_name"": null, ""xref_src_db"": ""PDB""}, {""xref_id"": ""8XEL"", ""xref_name"": null, ""xref_src_db"": ""PDB""}, {""xref_id"": ""8XEN"", ""xref_name"": null, ""xref_src_db"": ""PDB""}, {""xref_id"": ""8XER"", ""xref_name"": null, ""xref_src_db"": ""PDB""}, {""xref_id"": ""8XEZ"", ""xref_name"": null, ""xref_src_db"": ""PDB""}, {""xref_id"": ""8XF6"", ""xref_name"": null, ""xref_src_db"": ""PDB""}, {""xref_id"": ""8XFG"", ""xref_name"": null, ""xref_src_db"": ""PDB""}, {""xref_id"": ""8XFO"", ""xref_name"": null, ""xref_src_db"": ""PDB""}, {""xref_id"": ""9CZ7"", ""xref_name"": null, ""xref_src_db"": ""PDB""}, {""xref_id"": ""9CZA"", ""xref_name"": null, ""xref_src_db"": ""PDB""}, {""xref_id"": ""9CZD"", ""xref_name"": null, ""xref_src_db"": ""PDB""}, {""xref_id"": ""9CZF"", ""xref_name"": null, ""xref_src_db"": ""PDB""}, {""xref_id"": ""9IND"", ""xref_name"": null, ""xref_src_db"": ""PDB""}, {""xref_id"": ""1JV2"", ""xref_name"": ""A"", ""xref_src_db"": ""PDBe""}, {""xref_id"": ""1L5G"", ""xref_name"": ""A"", ""xref_src_db"": ""PDBe""}, {""xref_id"": ""1M1X"", ""xref_name"": ""A"", ""xref_src_db"": ""PDBe""}, {""xref_id"": ""1U8C"", ""xref_name"": ""A"", ""xref_src_db"": ""PDBe""}, {""xref_id"": ""3IJE"", ""xref_name"": ""A"", ""xref_src_db"": ""PDBe""}, {""xref_id"": ""4G1E"", ""xref_name"": ""A"", ""xref_src_db"": ""PDBe""}, {""xref_id"": ""4G1M"", ""xref_name"": ""A"", ""xref_src_db"": ""PDBe""}, {""xref_id"": ""4MMX"", ""xref_name"": ""A"", ""xref_src_db"": ""PDBe""}, {""xref_id"": ""4MMY"", ""xref_name"": ""A"", ""xref_src_db"": ""PDBe""}, {""xref_id"": ""4MMZ"", ""xref_name"": ""A"", ""xref_src_db"": ""PDBe""}, {""xref_id"": ""4O02"", ""xref_name"": ""A"", ""xref_src_db"": ""PDBe""}, {""xref_id"": ""4UM8"", ""xref_name"": ""A"", ""xref_src_db"": ""PDBe""}, {""xref_id"": ""4UM9"", ""xref_name"": ""A"", ""xref_src_db"": ""PDBe""}, {""xref_id"": ""5FFG"", ""xref_name"": ""A"", ""xref_src_db"": ""PDBe""}, {""xref_id"": ""5FFO"", ""xref_name"": ""A"", ""xref_src_db"": ""PDBe""}, {""xref_id"": ""6MK0"", ""xref_name"": ""A"", ""xref_src_db"": ""PDBe""}, {""xref_id"": ""6MSL"", ""xref_name"": ""A"", ""xref_src_db"": ""PDBe""}, {""xref_id"": ""6MSU"", ""xref_name"": ""A"", ""xref_src_db"": ""PDBe""}, {""xref_id"": ""6NAJ"", ""xref_name"": ""A"", ""xref_src_db"": ""PDBe""}, {""xref_id"": ""6OM1"", ""xref_name"": ""A"", ""xref_src_db"": ""PDBe""}, {""xref_id"": ""6OM2"", ""xref_name"": ""A"", ""xref_src_db"": ""PDBe""}, {""xref_id"": ""8W30"", ""xref_name"": ""A"", ""xref_src_db"": ""PDBe""}, {""xref_id"": ""9CZ7"", ""xref_name"": ""A"", ""xref_src_db"": ""PDBe""}, {""xref_id"": ""9CZA"", ""xref_name"": ""A"", ""xref_src_db"": ""PDBe""}, {""xref_id"": ""9CZD"", ""xref_name"": ""A"", ""xref_src_db"": ""PDBe""}, {""xref_id"": ""9CZF"", ""xref_name"": ""A"", ""xref_src_db"": ""PDBe""}, {""xref_id"": ""PF00357"", ""xref_name"": ""Integrin_alpha"", ""xref_src_db"": ""Pfam""}, {""xref_id"": ""PF01839"", ""xref_name"": ""FG-GAP"", ""xref_src_db"": ""Pfam""}, {""xref_id"": ""PF08441"", ""xref_name"": ""Integrin_A_Ig_1"", ""xref_src_db"": ""Pfam""}, {""xref_id"": ""PF20805"", ""xref_name"": ""Integrin_A_Ig_2"", ""xref_src_db"": ""Pfam""}, {""xref_id"": ""PF20806"", ""xref_name"": ""Integrin_A_Ig_3"", ""xref_src_db"": ""Pfam""}, {""xref_id"": ""PA37336"", ""xref_name"": ""integrin subunit alpha V"", ""xref_src_db"": ""PharmGKB""}, {""xref_id"": ""P06756"", ""xref_name"": null, ""xref_src_db"": ""Pharos""}, {""xref_id"": ""R-HSA-1236973"", ""xref_name"": ""Cross-presentation of particulate exogenous antigens (phagosomes)"", ""xref_src_db"": ""Reactome""}, {""xref_id"": ""R-HSA-1566948"", ""xref_name"": ""Elastic fibre formation"", ""xref_src_db"": ""Reactome""}, {""xref_id"": ""R-HSA-210990"", ""xref_name"": ""PECAM1 interactions"", ""xref_src_db"": ""Reactome""}, {""xref_id"": ""R-HSA-2129379"", ""xref_name"": ""Molecules associated with elastic fibres"", ""xref_src_db"": ""Reactome""}, {""xref_id"": ""R-HSA-216083"", ""xref_name"": ""Integrin cell surface interactions"", ""xref_src_db"": ""Reactome""}, {""xref_id"": ""R-HSA-2173789"", ""xref_name"": ""TGF-beta receptor signaling activates SMADs"", ""xref_src_db"": ""Reactome""}, {""xref_id"": ""R-HSA-3000157"", ""xref_name"": ""Laminin interactions"", ""xref_src_db"": ""Reactome""}, {""xref_id"": ""R-HSA-3000170"", ""xref_name"": ""Syndecan interactions"", ""xref_src_db"": ""Reactome""}, {""xref_id"": ""R-HSA-3000178"", ""xref_name"": ""ECM proteoglycans"", ""xref_src_db"": ""Reactome""}, {""xref_id"": ""R-HSA-4420097"", ""xref_name"": ""VEGFA-VEGFR2 Pathway"", ""xref_src_db"": ""Reactome""}, {""xref_id"": ""R-HSA-445144"", ""xref_name"": ""Signal transduction by L1"", ""xref_src_db"": ""Reactome""}, {""xref_id"": ""R-HSA-6798695"", ""xref_name"": ""Neutrophil degranulation"", ""xref_src_db"": ""Reactome""}, {""xref_id"": ""R-HSA-9856532"", ""xref_name"": ""Mechanical load activates signaling by PIEZO1 and integrins in osteocytes"", ""xref_src_db"": ""Reactome""}, {""xref_id"": ""R-HSA-9860927"", ""xref_name"": ""Turbulent (oscillatory, disturbed) flow shear stress activates signaling by PIEZO1 and integrins in endothelial cells"", ""xref_src_db"": ""Reactome""}, {""xref_id"": ""A0AV67"", ""xref_name"": ""Integrin alpha-V"", ""xref_src_db"": ""UniProt""}, {""xref_id"": ""B0LPF4"", ""xref_name"": ""Integrin alpha-V"", ""xref_src_db"": ""UniProt""}, {""xref_id"": ""B7Z883"", ""xref_name"": ""Integrin alpha-V"", ""xref_src_db"": ""UniProt""}, {""xref_id"": ""B7ZLX0"", ""xref_name"": ""Integrin alpha-V"", ""xref_src_db"": ""UniProt""}, {""xref_id"": ""D3DPG8"", ""xref_name"": ""Integrin alpha-V"", ""xref_src_db"": ""UniProt""}, {""xref_id"": ""E7EWZ6"", ""xref_name"": ""Integrin alpha-V"", ""xref_src_db"": ""UniProt""}, {""xref_id"": ""P06756"", ""xref_name"": ""Integrin alpha-V"", ""xref_src_db"": ""UniProt""}, {""xref_id"": ""Q53SK4"", ""xref_name"": ""Integrin alpha-V"", ""xref_src_db"": ""UniProt""}, {""xref_id"": ""Q59EB7"", ""xref_name"": ""Integrin alpha-V"", ""xref_src_db"": ""UniProt""}, {""xref_id"": ""Q6LD15"", ""xref_name"": ""Integrin alpha-V"", ""xref_src_db"": ""UniProt""}]",1,"[{""xref_id"": ""P06756"", ""xref_name"": null, ""xref_src_db"": ""AlphaFoldDB""}, {""xref_id"": ""P06756"", ""xref_name"": null, ""xref_src_db"": ""ExpressionAtlas""}, {""xref_id"": ""GO:0005829"", ""xref_name"": ""cytosol"", ""xref_src_db"": ""GoComponent""}, {""xref_id"": ""GO:0005886"", ""xref_name"": ""plasma membrane"", ""xref_src_db"": ""GoComponent""}, {""xref_id"": ""GO:0005925"", ""xref_name"": ""focal adhesion"", ""xref_src_db"": ""GoComponent""}, {""xref_id"": ""GO:0008305"", ""xref_name"": ""integrin complex"", ""xref_src_db"": ""GoComponent""}, {""xref_id"": ""GO:0009897"", ""xref_name"": ""external side of plasma membrane"", ""xref_src_db"": ""GoComponent""}, {""xref_id"": ""GO:0009986"", ""xref_name"": ""cell surface"", ""xref_src_db"": ""GoComponent""}, {""xref_id"": ""GO:0016020"", ""xref_name"": ""membrane"", ""xref_src_db"": ""GoComponent""}, {""xref_id"": ""GO:0031258"", ""xref_name"": ""lamellipodium membrane"", ""xref_src_db"": ""GoComponent""}, {""xref_id"": ""GO:0031527"", ""xref_name"": ""filopodium membrane"", ""xref_src_db"": ""GoComponent""}, {""xref_id"": ""GO:0031528"", ""xref_name"": ""microvillus membrane"", ""xref_src_db"": ""GoComponent""}, {""xref_id"": ""GO:0032587"", ""xref_name"": ""ruffle membrane"", ""xref_src_db"": ""GoComponent""}, {""xref_id"": ""GO:0034682"", ""xref_name"": ""integrin alphav-beta1 complex"", ""xref_src_db"": ""GoComponent""}, {""xref_id"": ""GO:0034683"", ""xref_name"": ""integrin alphav-beta3 complex"", ""xref_src_db"": ""GoComponent""}, {""xref_id"": ""GO:0034684"", ""xref_name"": ""integrin alphav-beta5 complex"", ""xref_src_db"": ""GoComponent""}, {""xref_id"": ""GO:0034685"", ""xref_name"": ""integrin alphav-beta6 complex"", ""xref_src_db"": ""GoComponent""}, {""xref_id"": ""GO:0034686"", ""xref_name"": ""integrin alphav-beta8 complex"", ""xref_src_db"": ""GoComponent""}, {""xref_id"": ""GO:0035579"", ""xref_name"": ""specific granule membrane"", ""xref_src_db"": ""GoComponent""}, {""xref_id"": ""GO:0035866"", ""xref_name"": ""alphav-beta3 integrin-PKCalpha complex"", ""xref_src_db"": ""GoComponent""}, {""xref_id"": ""GO:0035867"", ""xref_name"": ""alphav-beta3 integrin-IGF-1-IGF1R complex"", ""xref_src_db"": ""GoComponent""}, {""xref_id"": ""GO:0035868"", ""xref_name"": ""alphav-beta3 integrin-HMGB1 complex"", ""xref_src_db"": ""GoComponent""}, {""xref_id"": ""GO:0070062"", ""xref_name"": ""extracellular exosome"", ""xref_src_db"": ""GoComponent""}, {""xref_id"": ""GO:0070161"", ""xref_name"": ""anchoring junction"", ""xref_src_db"": ""GoComponent""}, {""xref_id"": ""GO:0001618"", ""xref_name"": ""virus receptor activity"", ""xref_src_db"": ""GoFunction""}, {""xref_id"": ""GO:0001846"", ""xref_name"": ""opsonin binding"", ""xref_src_db"": ""GoFunction""}, {""xref_id"": ""GO:0001968"", ""xref_name"": ""fibronectin binding"", ""xref_src_db"": ""GoFunction""}, {""xref_id"": ""GO:0002020"", ""xref_name"": ""protease binding"", ""xref_src_db"": ""GoFunction""}, {""xref_id"": ""GO:0005080"", ""xref_name"": ""protein kinase C binding"", ""xref_src_db"": ""GoFunction""}, {""xref_id"": ""GO:0005102"", ""xref_name"": ""signaling receptor binding"", ""xref_src_db"": ""GoFunction""}, {""xref_id"": ""GO:0005178"", ""xref_name"": ""integrin binding"", ""xref_src_db"": ""GoFunction""}, {""xref_id"": ""GO:0005245"", ""xref_name"": ""voltage-gated calcium channel activity"", ""xref_src_db"": ""GoFunction""}, {""xref_id"": ""GO:0005515"", ""xref_name"": ""protein binding"", ""xref_src_db"": ""GoFunction""}, {""xref_id"": ""GO:0015026"", ""xref_name"": ""coreceptor activity"", ""xref_src_db"": ""GoFunction""}, {""xref_id"": ""GO:0017134"", ""xref_name"": ""fibroblast growth factor binding"", ""xref_src_db"": ""GoFunction""}, {""xref_id"": ""GO:0019960"", ""xref_name"": ""C-X3-C chemokine binding"", ""xref_src_db"": ""GoFunction""}, {""xref_id"": ""GO:0031994"", ""xref_name"": ""insulin-like growth factor I binding"", ""xref_src_db"": ""GoFunction""}, {""xref_id"": ""GO:0038132"", ""xref_name"": ""neuregulin binding"", ""xref_src_db"": ""GoFunction""}, {""xref_id"": ""GO:0046872"", ""xref_name"": ""metal ion binding"", ""xref_src_db"": ""GoFunction""}, {""xref_id"": ""GO:0050431"", ""xref_name"": ""transforming growth factor beta binding"", ""xref_src_db"": ""GoFunction""}, {""xref_id"": ""GO:0050840"", ""xref_name"": ""extracellular matrix binding"", ""xref_src_db"": ""GoFunction""}, {""xref_id"": ""GO:1990430"", ""xref_name"": ""extracellular matrix protein binding"", ""xref_src_db"": ""GoFunction""}, {""xref_id"": ""GO:0001525"", ""xref_name"": ""angiogenesis"", ""xref_src_db"": ""GoProcess""}, {""xref_id"": ""GO:0001568"", ""xref_name"": ""blood vessel development"", ""xref_src_db"": ""GoProcess""}, {""xref_id"": ""GO:0001570"", ""xref_name"": ""vasculogenesis"", ""xref_src_db"": ""GoProcess""}, {""xref_id"": ""GO:0007155"", ""xref_name"": ""cell adhesion"", ""xref_src_db"": ""GoProcess""}, {""xref_id"": ""GO:0007160"", ""xref_name"": ""cell-matrix adhesion"", ""xref_src_db"": ""GoProcess""}, {""xref_id"": ""GO:0007204"", ""xref_name"": ""positive regulation of cytosolic calcium ion concentration"", ""xref_src_db"": ""GoProcess""}, {""xref_id"": ""GO:0007229"", ""xref_name"": ""integrin-mediated signaling pathway"", ""xref_src_db"": ""GoProcess""}, {""xref_id"": ""GO:0008284"", ""xref_name"": ""positive regulation of cell population proliferation"", ""xref_src_db"": ""GoProcess""}, {""xref_id"": ""GO:0010745"", ""xref_name"": ""negative regulation of macrophage derived foam cell differentiation"", ""xref_src_db"": ""GoProcess""}, {""xref_id"": ""GO:0010888"", ""xref_name"": ""negative regulation of lipid storage"", ""xref_src_db"": ""GoProcess""}, {""xref_id"": ""GO:0016477"", ""xref_name"": ""cell migration"", ""xref_src_db"": ""GoProcess""}, {""xref_id"": ""GO:0030335"", ""xref_name"": ""positive regulation of cell migration"", ""xref_src_db"": ""GoProcess""}, {""xref_id"": ""GO:0031589"", ""xref_name"": ""cell-substrate adhesion"", ""xref_src_db"": ""GoProcess""}, {""xref_id"": ""GO:0032369"", ""xref_name"": ""negative regulation of lipid transport"", ""xref_src_db"": ""GoProcess""}, {""xref_id"": ""GO:0033627"", ""xref_name"": ""cell adhesion mediated by integrin"", ""xref_src_db"": ""GoProcess""}, {""xref_id"": ""GO:0033690"", ""xref_name"": ""positive regulation of osteoblast proliferation"", ""xref_src_db"": ""GoProcess""}, {""xref_id"": ""GO:0034113"", ""xref_name"": ""heterotypic cell-cell adhesion"", ""xref_src_db"": ""GoProcess""}, {""xref_id"": ""GO:0034446"", ""xref_name"": ""substrate adhesion-dependent cell spreading"", ""xref_src_db"": ""GoProcess""}, {""xref_id"": ""GO:0035313"", ""xref_name"": ""wound healing, spreading of epidermal cells"", ""xref_src_db"": ""GoProcess""}, {""xref_id"": ""GO:0035987"", ""xref_name"": ""endodermal cell differentiation"", ""xref_src_db"": ""GoProcess""}, {""xref_id"": ""GO:0038027"", ""xref_name"": ""apolipoprotein A-I-mediated signaling pathway"", ""xref_src_db"": ""GoProcess""}, {""xref_id"": ""GO:0043277"", ""xref_name"": ""apoptotic cell clearance"", ""xref_src_db"": ""GoProcess""}, {""xref_id"": ""GO:0045785"", ""xref_name"": ""positive regulation of cell adhesion"", ""xref_src_db"": ""GoProcess""}, {""xref_id"": ""GO:0046718"", ""xref_name"": ""symbiont entry into host cell"", ""xref_src_db"": ""GoProcess""}, {""xref_id"": ""GO:0050748"", ""xref_name"": ""negative regulation of lipoprotein metabolic process"", ""xref_src_db"": ""GoProcess""}, {""xref_id"": ""GO:0050764"", ""xref_name"": ""regulation of phagocytosis"", ""xref_src_db"": ""GoProcess""}, {""xref_id"": ""GO:0050919"", ""xref_name"": ""negative chemotaxis"", ""xref_src_db"": ""GoProcess""}, {""xref_id"": ""GO:0051057"", ""xref_name"": ""positive regulation of small GTPase mediated signal transduction"", ""xref_src_db"": ""GoProcess""}, {""xref_id"": ""GO:0070371"", ""xref_name"": ""ERK1 and ERK2 cascade"", ""xref_src_db"": ""GoProcess""}, {""xref_id"": ""GO:0070588"", ""xref_name"": ""calcium ion transmembrane transport"", ""xref_src_db"": ""GoProcess""}, {""xref_id"": ""GO:0071604"", ""xref_name"": ""transforming growth factor beta production"", ""xref_src_db"": ""GoProcess""}, {""xref_id"": ""GO:0085017"", ""xref_name"": ""entry into host cell by a symbiont-containing vacuole"", ""xref_src_db"": ""GoProcess""}, {""xref_id"": ""GO:0097192"", ""xref_name"": ""extrinsic apoptotic signaling pathway in absence of ligand"", ""xref_src_db"": ""GoProcess""}, {""xref_id"": ""GO:0098609"", ""xref_name"": ""cell-cell adhesion"", ""xref_src_db"": ""GoProcess""}, {""xref_id"": ""GO:1902533"", ""xref_name"": ""positive regulation of intracellular signal transduction"", ""xref_src_db"": ""GoProcess""}, {""xref_id"": ""GO:1905598"", ""xref_name"": ""negative regulation of low-density lipoprotein receptor activity"", ""xref_src_db"": ""GoProcess""}, {""xref_id"": ""GO:2000536"", ""xref_name"": ""negative regulation of entry of bacterium into host cell"", ""xref_src_db"": ""GoProcess""}, {""xref_id"": ""GO:2001237"", ""xref_name"": ""negative regulation of extrinsic apoptotic signaling pathway"", ""xref_src_db"": ""GoProcess""}, {""xref_id"": ""HGNC:6150"", ""xref_name"": ""ITGAV"", ""xref_src_db"": ""HGNC""}, {""xref_id"": ""P06756"", ""xref_name"": null, ""xref_src_db"": ""IntAct""}, {""xref_id"": ""IPR000413"", ""xref_name"": ""Integrin_alpha"", ""xref_src_db"": ""InterPro""}, {""xref_id"": ""IPR013517"", ""xref_name"": ""FG-GAP"", ""xref_src_db"": ""InterPro""}, {""xref_id"": ""IPR013519"", ""xref_name"": ""Int_alpha_beta-p"", ""xref_src_db"": ""InterPro""}, {""xref_id"": ""IPR013649"", ""xref_name"": ""Integrin_alpha_Ig-like_1"", ""xref_src_db"": ""InterPro""}, {""xref_id"": ""IPR018184"", ""xref_name"": ""Integrin_alpha_C_CS"", ""xref_src_db"": ""InterPro""}, {""xref_id"": ""IPR028994"", ""xref_name"": ""Integrin_alpha_N"", ""xref_src_db"": ""InterPro""}, {""xref_id"": ""IPR032695"", ""xref_name"": ""Integrin_dom_sf"", ""xref_src_db"": ""InterPro""}, {""xref_id"": ""IPR048285"", ""xref_name"": ""Integrin_alpha_Ig-like_2"", ""xref_src_db"": ""InterPro""}, {""xref_id"": ""IPR048286"", ""xref_name"": ""Integrin_alpha_Ig-like_3"", ""xref_src_db"": ""InterPro""}, {""xref_id"": ""PTHR23220"", ""xref_name"": ""INTEGRIN ALPHA"", ""xref_src_db"": ""PANTHER""}, {""xref_id"": ""PTHR23220:SF4"", ""xref_name"": ""INTEGRIN ALPHA-V"", ""xref_src_db"": ""PANTHER""}, {""xref_id"": ""1JV2"", ""xref_name"": null, ""xref_src_db"": ""PDB""}, {""xref_id"": ""1L5G"", ""xref_name"": null, ""xref_src_db"": ""PDB""}, {""xref_id"": ""1M1X"", ""xref_name"": null, ""xref_src_db"": ""PDB""}, {""xref_id"": ""1U8C"", ""xref_name"": null, ""xref_src_db"": ""PDB""}, {""xref_id"": ""3IJE"", ""xref_name"": null, ""xref_src_db"": ""PDB""}, {""xref_id"": ""4G1E"", ""xref_name"": null, ""xref_src_db"": ""PDB""}, {""xref_id"": ""4G1M"", ""xref_name"": null, ""xref_src_db"": ""PDB""}, {""xref_id"": ""4MMX"", ""xref_name"": null, ""xref_src_db"": ""PDB""}, {""xref_id"": ""4MMY"", ""xref_name"": null, ""xref_src_db"": ""PDB""}, {""xref_id"": ""4MMZ"", ""xref_name"": null, ""xref_src_db"": ""PDB""}, {""xref_id"": ""4O02"", ""xref_name"": null, ""xref_src_db"": ""PDB""}, {""xref_id"": ""4UM8"", ""xref_name"": null, ""xref_src_db"": ""PDB""}, {""xref_id"": ""4UM9"", ""xref_name"": null, ""xref_src_db"": ""PDB""}, {""xref_id"": ""5FFG"", ""xref_name"": null, ""xref_src_db"": ""PDB""}, {""xref_id"": ""5FFO"", ""xref_name"": null, ""xref_src_db"": ""PDB""}, {""xref_id"": ""5NEM"", ""xref_name"": null, ""xref_src_db"": ""PDB""}, {""xref_id"": ""5NER"", ""xref_name"": null, ""xref_src_db"": ""PDB""}, {""xref_id"": ""5NET"", ""xref_name"": null, ""xref_src_db"": ""PDB""}, {""xref_id"": ""5NEU"", ""xref_name"": null, ""xref_src_db"": ""PDB""}, {""xref_id"": ""6AVQ"", ""xref_name"": null, ""xref_src_db"": ""PDB""}, {""xref_id"": ""6AVR"", ""xref_name"": null, ""xref_src_db"": ""PDB""}, {""xref_id"": ""6AVU"", ""xref_name"": null, ""xref_src_db"": ""PDB""}, {""xref_id"": ""6DJP"", ""xref_name"": null, ""xref_src_db"": ""PDB""}, {""xref_id"": ""6MK0"", ""xref_name"": null, ""xref_src_db"": ""PDB""}, {""xref_id"": ""6MSL"", ""xref_name"": null, ""xref_src_db"": ""PDB""}, {""xref_id"": ""6MSU"", ""xref_name"": null, ""xref_src_db"": ""PDB""}, {""xref_id"": ""6NAJ"", ""xref_name"": null, ""xref_src_db"": ""PDB""}, {""xref_id"": ""6OM1"", ""xref_name"": null, ""xref_src_db"": ""PDB""}, {""xref_id"": ""6OM2"", ""xref_name"": null, ""xref_src_db"": ""PDB""}, {""xref_id"": ""6UJA"", ""xref_name"": null, ""xref_src_db"": ""PDB""}, {""xref_id"": ""6UJB"", ""xref_name"": null, ""xref_src_db"": ""PDB""}, {""xref_id"": ""6UJC"", ""xref_name"": null, ""xref_src_db"": ""PDB""}, {""xref_id"": ""7Y1T"", ""xref_name"": null, ""xref_src_db"": ""PDB""}, {""xref_id"": ""8IJ5"", ""xref_name"": null, ""xref_src_db"": ""PDB""}, {""xref_id"": ""8TCF"", ""xref_name"": null, ""xref_src_db"": ""PDB""}, {""xref_id"": ""8TCG"", ""xref_name"": null, ""xref_src_db"": ""PDB""}, {""xref_id"": ""8VS6"", ""xref_name"": null, ""xref_src_db"": ""PDB""}, {""xref_id"": ""8VSD"", ""xref_name"": null, ""xref_src_db"": ""PDB""}, {""xref_id"": ""8W30"", ""xref_name"": null, ""xref_src_db"": ""PDB""}, {""xref_id"": ""8XEI"", ""xref_name"": null, ""xref_src_db"": ""PDB""}, {""xref_id"": ""8XEK"", ""xref_name"": null, ""xref_src_db"": ""PDB""}, {""xref_id"": ""8XEL"", ""xref_name"": null, ""xref_src_db"": ""PDB""}, {""xref_id"": ""8XEN"", ""xref_name"": null, ""xref_src_db"": ""PDB""}, {""xref_id"": ""8XER"", ""xref_name"": null, ""xref_src_db"": ""PDB""}, {""xref_id"": ""8XEZ"", ""xref_name"": null, ""xref_src_db"": ""PDB""}, {""xref_id"": ""8XF6"", ""xref_name"": null, ""xref_src_db"": ""PDB""}, {""xref_id"": ""8XFG"", ""xref_name"": null, ""xref_src_db"": ""PDB""}, {""xref_id"": ""8XFO"", ""xref_name"": null, ""xref_src_db"": ""PDB""}, {""xref_id"": ""9CZ7"", ""xref_name"": null, ""xref_src_db"": ""PDB""}, {""xref_id"": ""9CZA"", ""xref_name"": null, ""xref_src_db"": ""PDB""}, {""xref_id"": ""9CZD"", ""xref_name"": null, ""xref_src_db"": ""PDB""}, {""xref_id"": ""9CZF"", ""xref_name"": null, ""xref_src_db"": ""PDB""}, {""xref_id"": ""9IND"", ""xref_name"": null, ""xref_src_db"": ""PDB""}, {""xref_id"": ""1JV2"", ""xref_name"": ""A"", ""xref_src_db"": ""PDBe""}, {""xref_id"": ""1L5G"", ""xref_name"": ""A"", ""xref_src_db"": ""PDBe""}, {""xref_id"": ""1M1X"", ""xref_name"": ""A"", ""xref_src_db"": ""PDBe""}, {""xref_id"": ""1U8C"", ""xref_name"": ""A"", ""xref_src_db"": ""PDBe""}, {""xref_id"": ""3IJE"", ""xref_name"": ""A"", ""xref_src_db"": ""PDBe""}, {""xref_id"": ""4G1E"", ""xref_name"": ""A"", ""xref_src_db"": ""PDBe""}, {""xref_id"": ""4G1M"", ""xref_name"": ""A"", ""xref_src_db"": ""PDBe""}, {""xref_id"": ""4MMX"", ""xref_name"": ""A"", ""xref_src_db"": ""PDBe""}, {""xref_id"": ""4MMY"", ""xref_name"": ""A"", ""xref_src_db"": ""PDBe""}, {""xref_id"": ""4MMZ"", ""xref_name"": ""A"", ""xref_src_db"": ""PDBe""}, {""xref_id"": ""4O02"", ""xref_name"": ""A"", ""xref_src_db"": ""PDBe""}, {""xref_id"": ""4UM8"", ""xref_name"": ""A"", ""xref_src_db"": ""PDBe""}, {""xref_id"": ""4UM9"", ""xref_name"": ""A"", ""xref_src_db"": ""PDBe""}, {""xref_id"": ""5FFG"", ""xref_name"": ""A"", ""xref_src_db"": ""PDBe""}, {""xref_id"": ""5FFO"", ""xref_name"": ""A"", ""xref_src_db"": ""PDBe""}, {""xref_id"": ""6MK0"", ""xref_name"": ""A"", ""xref_src_db"": ""PDBe""}, {""xref_id"": ""6MSL"", ""xref_name"": ""A"", ""xref_src_db"": ""PDBe""}, {""xref_id"": ""6MSU"", ""xref_name"": ""A"", ""xref_src_db"": ""PDBe""}, {""xref_id"": ""6NAJ"", ""xref_name"": ""A"", ""xref_src_db"": ""PDBe""}, {""xref_id"": ""6OM1"", ""xref_name"": ""A"", ""xref_src_db"": ""PDBe""}, {""xref_id"": ""6OM2"", ""xref_name"": ""A"", ""xref_src_db"": ""PDBe""}, {""xref_id"": ""8W30"", ""xref_name"": ""A"", ""xref_src_db"": ""PDBe""}, {""xref_id"": ""9CZ7"", ""xref_name"": ""A"", ""xref_src_db"": ""PDBe""}, {""xref_id"": ""9CZA"", ""xref_name"": ""A"", ""xref_src_db"": ""PDBe""}, {""xref_id"": ""9CZD"", ""xref_name"": ""A"", ""xref_src_db"": ""PDBe""}, {""xref_id"": ""9CZF"", ""xref_name"": ""A"", ""xref_src_db"": ""PDBe""}, {""xref_id"": ""PF00357"", ""xref_name"": ""Integrin_alpha"", ""xref_src_db"": ""Pfam""}, {""xref_id"": ""PF01839"", ""xref_name"": ""FG-GAP"", ""xref_src_db"": ""Pfam""}, {""xref_id"": ""PF08441"", ""xref_name"": ""Integrin_A_Ig_1"", ""xref_src_db"": ""Pfam""}, {""xref_id"": ""PF20805"", ""xref_name"": ""Integrin_A_Ig_2"", ""xref_src_db"": ""Pfam""}, {""xref_id"": ""PF20806"", ""xref_name"": ""Integrin_A_Ig_3"", ""xref_src_db"": ""Pfam""}, {""xref_id"": ""PA37336"", ""xref_name"": ""integrin subunit alpha V"", ""xref_src_db"": ""PharmGKB""}, {""xref_id"": ""P06756"", ""xref_name"": null, ""xref_src_db"": ""Pharos""}, {""xref_id"": ""R-HSA-1236973"", ""xref_name"": ""Cross-presentation of particulate exogenous antigens (phagosomes)"", ""xref_src_db"": ""Reactome""}, {""xref_id"": ""R-HSA-1566948"", ""xref_name"": ""Elastic fibre formation"", ""xref_src_db"": ""Reactome""}, {""xref_id"": ""R-HSA-210990"", ""xref_name"": ""PECAM1 interactions"", ""xref_src_db"": ""Reactome""}, {""xref_id"": ""R-HSA-2129379"", ""xref_name"": ""Molecules associated with elastic fibres"", ""xref_src_db"": ""Reactome""}, {""xref_id"": ""R-HSA-216083"", ""xref_name"": ""Integrin cell surface interactions"", ""xref_src_db"": ""Reactome""}, {""xref_id"": ""R-HSA-2173789"", ""xref_name"": ""TGF-beta receptor signaling activates SMADs"", ""xref_src_db"": ""Reactome""}, {""xref_id"": ""R-HSA-3000157"", ""xref_name"": ""Laminin interactions"", ""xref_src_db"": ""Reactome""}, {""xref_id"": ""R-HSA-3000170"", ""xref_name"": ""Syndecan interactions"", ""xref_src_db"": ""Reactome""}, {""xref_id"": ""R-HSA-3000178"", ""xref_name"": ""ECM proteoglycans"", ""xref_src_db"": ""Reactome""}, {""xref_id"": ""R-HSA-4420097"", ""xref_name"": ""VEGFA-VEGFR2 Pathway"", ""xref_src_db"": ""Reactome""}, {""xref_id"": ""R-HSA-445144"", ""xref_name"": ""Signal transduction by L1"", ""xref_src_db"": ""Reactome""}, {""xref_id"": ""R-HSA-6798695"", ""xref_name"": ""Neutrophil degranulation"", ""xref_src_db"": ""Reactome""}, {""xref_id"": ""R-HSA-9856532"", ""xref_name"": ""Mechanical load activates signaling by PIEZO1 and integrins in osteocytes"", ""xref_src_db"": ""Reactome""}, {""xref_id"": ""R-HSA-9860927"", ""xref_name"": ""Turbulent (oscillatory, disturbed) flow shear stress activates signaling by PIEZO1 and integrins in endothelial cells"", ""xref_src_db"": ""Reactome""}, {""xref_id"": ""A0AV67"", ""xref_name"": ""Integrin alpha-V"", ""xref_src_db"": ""UniProt""}, {""xref_id"": ""B0LPF4"", ""xref_name"": ""Integrin alpha-V"", ""xref_src_db"": ""UniProt""}, {""xref_id"": ""B7Z883"", ""xref_name"": ""Integrin alpha-V"", ""xref_src_db"": ""UniProt""}, {""xref_id"": ""B7ZLX0"", ""xref_name"": ""Integrin alpha-V"", ""xref_src_db"": ""UniProt""}, {""xref_id"": ""D3DPG8"", ""xref_name"": ""Integrin alpha-V"", ""xref_src_db"": ""UniProt""}, {""xref_id"": ""E7EWZ6"", ""xref_name"": ""Integrin alpha-V"", ""xref_src_db"": ""UniProt""}, {""xref_id"": ""P06756"", ""xref_name"": ""Integrin alpha-V"", ""xref_src_db"": ""UniProt""}, {""xref_id"": ""Q53SK4"", ""xref_name"": ""Integrin alpha-V"", ""xref_src_db"": ""UniProt""}, {""xref_id"": ""Q59EB7"", ""xref_name"": ""Integrin alpha-V"", ""xref_src_db"": ""UniProt""}, {""xref_id"": ""Q6LD15"", ""xref_name"": ""Integrin alpha-V"", ""xref_src_db"": ""UniProt""}]",normalized_field,tests/fixtures/bronze/chembl/target_component/sample_ci_2026-04-29.jsonl
chembl_target_component,chembl/target_component,target_component_xrefs,bronze_fixture,"[{""xref_id"": ""P07510"", ""xref_name"": null, ""xref_src_db"": ""AlphaFoldDB""}, {""xref_id"": ""P07510"", ""xref_name"": null, ""xref_src_db"": ""ExpressionAtlas""}, {""xref_id"": ""GO:0005886"", ""xref_name"": ""plasma membrane"", ""xref_src_db"": ""GoComponent""}, {""xref_id"": ""GO:0005892"", ""xref_name"": ""acetylcholine-gated channel complex"", ""xref_src_db"": ""GoComponent""}, {""xref_id"": ""GO:0043005"", ""xref_name"": ""neuron projection"", ""xref_src_db"": ""GoComponent""}, {""xref_id"": ""GO:0045202"", ""xref_name"": ""synapse"", ""xref_src_db"": ""GoComponent""}, {""xref_id"": ""GO:0045211"", ""xref_name"": ""postsynaptic membrane"", ""xref_src_db"": ""GoComponent""}, {""xref_id"": ""GO:0004888"", ""xref_name"": ""transmembrane signaling receptor activity"", ""xref_src_db"": ""GoFunction""}, {""xref_id"": ""GO:0005515"", ""xref_name"": ""protein binding"", ""xref_src_db"": ""GoFunction""}, {""xref_id"": ""GO:0015267"", ""xref_name"": ""channel activity"", ""xref_src_db"": ""GoFunction""}, {""xref_id"": ""GO:0015464"", ""xref_name"": ""acetylcholine receptor activity"", ""xref_src_db"": ""GoFunction""}, {""xref_id"": ""GO:0022848"", ""xref_name"": ""acetylcholine-gated monoatomic cation-selective channel activity"", ""xref_src_db"": ""GoFunction""}, {""xref_id"": ""GO:1904315"", ""xref_name"": ""transmitter-gated monoatomic ion channel activity involved in regulation of postsynaptic membrane potential"", ""xref_src_db"": ""GoFunction""}, {""xref_id"": ""GO:0007165"", ""xref_name"": ""signal transduction"", ""xref_src_db"": ""GoProcess""}, {""xref_id"": ""GO:0007271"", ""xref_name"": ""synaptic transmission, cholinergic"", ""xref_src_db"": ""GoProcess""}, {""xref_id"": ""GO:0034220"", ""xref_name"": ""monoatomic ion transmembrane transport"", ""xref_src_db"": ""GoProcess""}, {""xref_id"": ""GO:0051899"", ""xref_name"": ""membrane depolarization"", ""xref_src_db"": ""GoProcess""}, {""xref_id"": ""GO:0060078"", ""xref_name"": ""regulation of postsynaptic membrane potential"", ""xref_src_db"": ""GoProcess""}, {""xref_id"": ""GO:0060079"", ""xref_name"": ""excitatory postsynaptic potential"", ""xref_src_db"": ""GoProcess""}, {""xref_id"": ""GO:0095500"", ""xref_name"": ""acetylcholine receptor signaling pathway"", ""xref_src_db"": ""GoProcess""}, {""xref_id"": ""HGNC:1967"", ""xref_name"": ""CHRNG"", ""xref_src_db"": ""HGNC""}, {""xref_id"": ""P07510"", ""xref_name"": null, ""xref_src_db"": ""IntAct""}, {""xref_id"": ""IPR002394"", ""xref_name"": ""Nicotinic_acetylcholine_rcpt"", ""xref_src_db"": ""InterPro""}, {""xref_id"": ""IPR006029"", ""xref_name"": ""Neurotrans-gated_channel_TM"", ""xref_src_db"": ""InterPro""}, {""xref_id"": ""IPR006201"", ""xref_name"": ""Neur_channel"", ""xref_src_db"": ""InterPro""}, {""xref_id"": ""IPR006202"", ""xref_name"": ""Neur_chan_lig-bd"", ""xref_src_db"": ""InterPro""}, {""xref_id"": ""IPR018000"", ""xref_name"": ""Neurotransmitter_ion_chnl_CS"", ""xref_src_db"": ""InterPro""}, {""xref_id"": ""IPR036719"", ""xref_name"": ""Neuro-gated_channel_TM_sf"", ""xref_src_db"": ""InterPro""}, {""xref_id"": ""IPR036734"", ""xref_name"": ""Neur_chan_lig-bd_sf"", ""xref_src_db"": ""InterPro""}, {""xref_id"": ""IPR038050"", ""xref_name"": ""Neuro_actylchol_rec"", ""xref_src_db"": ""InterPro""}, {""xref_id"": ""PTHR18945"", ""xref_name"": ""NEUROTRANSMITTER GATED ION CHANNEL"", ""xref_src_db"": ""PANTHER""}, {""xref_id"": ""PF02931"", ""xref_name"": ""Neur_chan_LBD"", ""xref_src_db"": ""Pfam""}, {""xref_id"": ""PF02932"", ""xref_name"": ""Neur_chan_memb"", ""xref_src_db"": ""Pfam""}, {""xref_id"": ""PA26499"", ""xref_name"": ""cholinergic receptor nicotinic gamma subunit"", ""xref_src_db"": ""PharmGKB""}, {""xref_id"": ""P07510"", ""xref_name"": null, ""xref_src_db"": ""Pharos""}, {""xref_id"": ""R-HSA-629587"", ""xref_name"": ""Highly sodium permeable postsynaptic acetylcholine nicotinic receptors"", ""xref_src_db"": ""Reactome""}, {""xref_id"": ""B3KWM8"", ""xref_name"": ""Acetylcholine receptor subunit gamma"", ""xref_src_db"": ""UniProt""}, {""xref_id"": ""P07510"", ""xref_name"": ""Acetylcholine receptor subunit gamma"", ""xref_src_db"": ""UniProt""}, {""xref_id"": ""Q14DU4"", ""xref_name"": ""Acetylcholine receptor subunit gamma"", ""xref_src_db"": ""UniProt""}, {""xref_id"": ""Q53RG2"", ""xref_name"": ""Acetylcholine receptor subunit gamma"", ""xref_src_db"": ""UniProt""}]",1,"[{""xref_id"": ""P07510"", ""xref_name"": null, ""xref_src_db"": ""AlphaFoldDB""}, {""xref_id"": ""P07510"", ""xref_name"": null, ""xref_src_db"": ""ExpressionAtlas""}, {""xref_id"": ""GO:0005886"", ""xref_name"": ""plasma membrane"", ""xref_src_db"": ""GoComponent""}, {""xref_id"": ""GO:0005892"", ""xref_name"": ""acetylcholine-gated channel complex"", ""xref_src_db"": ""GoComponent""}, {""xref_id"": ""GO:0043005"", ""xref_name"": ""neuron projection"", ""xref_src_db"": ""GoComponent""}, {""xref_id"": ""GO:0045202"", ""xref_name"": ""synapse"", ""xref_src_db"": ""GoComponent""}, {""xref_id"": ""GO:0045211"", ""xref_name"": ""postsynaptic membrane"", ""xref_src_db"": ""GoComponent""}, {""xref_id"": ""GO:0004888"", ""xref_name"": ""transmembrane signaling receptor activity"", ""xref_src_db"": ""GoFunction""}, {""xref_id"": ""GO:0005515"", ""xref_name"": ""protein binding"", ""xref_src_db"": ""GoFunction""}, {""xref_id"": ""GO:0015267"", ""xref_name"": ""channel activity"", ""xref_src_db"": ""GoFunction""}, {""xref_id"": ""GO:0015464"", ""xref_name"": ""acetylcholine receptor activity"", ""xref_src_db"": ""GoFunction""}, {""xref_id"": ""GO:0022848"", ""xref_name"": ""acetylcholine-gated monoatomic cation-selective channel activity"", ""xref_src_db"": ""GoFunction""}, {""xref_id"": ""GO:1904315"", ""xref_name"": ""transmitter-gated monoatomic ion channel activity involved in regulation of postsynaptic membrane potential"", ""xref_src_db"": ""GoFunction""}, {""xref_id"": ""GO:0007165"", ""xref_name"": ""signal transduction"", ""xref_src_db"": ""GoProcess""}, {""xref_id"": ""GO:0007271"", ""xref_name"": ""synaptic transmission, cholinergic"", ""xref_src_db"": ""GoProcess""}, {""xref_id"": ""GO:0034220"", ""xref_name"": ""monoatomic ion transmembrane transport"", ""xref_src_db"": ""GoProcess""}, {""xref_id"": ""GO:0051899"", ""xref_name"": ""membrane depolarization"", ""xref_src_db"": ""GoProcess""}, {""xref_id"": ""GO:0060078"", ""xref_name"": ""regulation of postsynaptic membrane potential"", ""xref_src_db"": ""GoProcess""}, {""xref_id"": ""GO:0060079"", ""xref_name"": ""excitatory postsynaptic potential"", ""xref_src_db"": ""GoProcess""}, {""xref_id"": ""GO:0095500"", ""xref_name"": ""acetylcholine receptor signaling pathway"", ""xref_src_db"": ""GoProcess""}, {""xref_id"": ""HGNC:1967"", ""xref_name"": ""CHRNG"", ""xref_src_db"": ""HGNC""}, {""xref_id"": ""P07510"", ""xref_name"": null, ""xref_src_db"": ""IntAct""}, {""xref_id"": ""IPR002394"", ""xref_name"": ""Nicotinic_acetylcholine_rcpt"", ""xref_src_db"": ""InterPro""}, {""xref_id"": ""IPR006029"", ""xref_name"": ""Neurotrans-gated_channel_TM"", ""xref_src_db"": ""InterPro""}, {""xref_id"": ""IPR006201"", ""xref_name"": ""Neur_channel"", ""xref_src_db"": ""InterPro""}, {""xref_id"": ""IPR006202"", ""xref_name"": ""Neur_chan_lig-bd"", ""xref_src_db"": ""InterPro""}, {""xref_id"": ""IPR018000"", ""xref_name"": ""Neurotransmitter_ion_chnl_CS"", ""xref_src_db"": ""InterPro""}, {""xref_id"": ""IPR036719"", ""xref_name"": ""Neuro-gated_channel_TM_sf"", ""xref_src_db"": ""InterPro""}, {""xref_id"": ""IPR036734"", ""xref_name"": ""Neur_chan_lig-bd_sf"", ""xref_src_db"": ""InterPro""}, {""xref_id"": ""IPR038050"", ""xref_name"": ""Neuro_actylchol_rec"", ""xref_src_db"": ""InterPro""}, {""xref_id"": ""PTHR18945"", ""xref_name"": ""NEUROTRANSMITTER GATED ION CHANNEL"", ""xref_src_db"": ""PANTHER""}, {""xref_id"": ""PF02931"", ""xref_name"": ""Neur_chan_LBD"", ""xref_src_db"": ""Pfam""}, {""xref_id"": ""PF02932"", ""xref_name"": ""Neur_chan_memb"", ""xref_src_db"": ""Pfam""}, {""xref_id"": ""PA26499"", ""xref_name"": ""cholinergic receptor nicotinic gamma subunit"", ""xref_src_db"": ""PharmGKB""}, {""xref_id"": ""P07510"", ""xref_name"": null, ""xref_src_db"": ""Pharos""}, {""xref_id"": ""R-HSA-629587"", ""xref_name"": ""Highly sodium permeable postsynaptic acetylcholine nicotinic receptors"", ""xref_src_db"": ""Reactome""}, {""xref_id"": ""B3KWM8"", ""xref_name"": ""Acetylcholine receptor subunit gamma"", ""xref_src_db"": ""UniProt""}, {""xref_id"": ""P07510"", ""xref_name"": ""Acetylcholine receptor subunit gamma"", ""xref_src_db"": ""UniProt""}, {""xref_id"": ""Q14DU4"", ""xref_name"": ""Acetylcholine receptor subunit gamma"", ""xref_src_db"": ""UniProt""}, {""xref_id"": ""Q53RG2"", ""xref_name"": ""Acetylcholine receptor subunit gamma"", ""xref_src_db"": ""UniProt""}]",normalized_field,tests/fixtures/bronze/chembl/target_component/sample_ci_2026-04-29.jsonl
chembl_target_component,chembl/target_component,target_component_xrefs,bronze_fixture,"[{""xref_id"": ""P08482"", ""xref_name"": null, ""xref_src_db"": ""AlphaFoldDB""}, {""xref_id"": ""GO:0005886"", ""xref_name"": ""plasma membrane"", ""xref_src_db"": ""GoComponent""}, {""xref_id"": ""GO:0030425"", ""xref_name"": ""dendrite"", ""xref_src_db"": ""GoComponent""}, {""xref_id"": ""GO:0032279"", ""xref_name"": ""asymmetric synapse"", ""xref_src_db"": ""GoComponent""}, {""xref_id"": ""GO:0042734"", ""xref_name"": ""presynaptic membrane"", ""xref_src_db"": ""GoComponent""}, {""xref_id"": ""GO:0043679"", ""xref_name"": ""axon terminus"", ""xref_src_db"": ""GoComponent""}, {""xref_id"": ""GO:0045202"", ""xref_name"": ""synapse"", ""xref_src_db"": ""GoComponent""}, {""xref_id"": ""GO:0045211"", ""xref_name"": ""postsynaptic membrane"", ""xref_src_db"": ""GoComponent""}, {""xref_id"": ""GO:0098685"", ""xref_name"": ""Schaffer collateral - CA1 synapse"", ""xref_src_db"": ""GoComponent""}, {""xref_id"": ""GO:0098839"", ""xref_name"": ""postsynaptic density membrane"", ""xref_src_db"": ""GoComponent""}, {""xref_id"": ""GO:0098978"", ""xref_name"": ""glutamatergic synapse"", ""xref_src_db"": ""GoComponent""}, {""xref_id"": ""GO:0098981"", ""xref_name"": ""cholinergic synapse"", ""xref_src_db"": ""GoComponent""}, {""xref_id"": ""GO:0004930"", ""xref_name"": ""G protein-coupled receptor activity"", ""xref_src_db"": ""GoFunction""}, {""xref_id"": ""GO:0016907"", ""xref_name"": ""G protein-coupled acetylcholine receptor activity"", ""xref_src_db"": ""GoFunction""}, {""xref_id"": ""GO:0007186"", ""xref_name"": ""G protein-coupled receptor signaling pathway"", ""xref_src_db"": ""GoProcess""}, {""xref_id"": ""GO:0007187"", ""xref_name"": ""G protein-coupled receptor signaling pathway, coupled to cyclic nucleotide second messenger"", ""xref_src_db"": ""GoProcess""}, {""xref_id"": ""GO:0007197"", ""xref_name"": ""adenylate cyclase-inhibiting G protein-coupled acetylcholine receptor signaling pathway"", ""xref_src_db"": ""GoProcess""}, {""xref_id"": ""GO:0007213"", ""xref_name"": ""G protein-coupled acetylcholine receptor signaling pathway"", ""xref_src_db"": ""GoProcess""}, {""xref_id"": ""GO:0007268"", ""xref_name"": ""chemical synaptic transmission"", ""xref_src_db"": ""GoProcess""}, {""xref_id"": ""GO:0007274"", ""xref_name"": ""neuromuscular synaptic transmission"", ""xref_src_db"": ""GoProcess""}, {""xref_id"": ""GO:0040012"", ""xref_name"": ""regulation of locomotion"", ""xref_src_db"": ""GoProcess""}, {""xref_id"": ""GO:0043270"", ""xref_name"": ""positive regulation of monoatomic ion transport"", ""xref_src_db"": ""GoProcess""}, {""xref_id"": ""GO:0046541"", ""xref_name"": ""saliva secretion"", ""xref_src_db"": ""GoProcess""}, {""xref_id"": ""GO:0050890"", ""xref_name"": ""cognition"", ""xref_src_db"": ""GoProcess""}, {""xref_id"": ""GO:0060078"", ""xref_name"": ""regulation of postsynaptic membrane potential"", ""xref_src_db"": ""GoProcess""}, {""xref_id"": ""GO:0090316"", ""xref_name"": ""positive regulation of intracellular protein transport"", ""xref_src_db"": ""GoProcess""}, {""xref_id"": ""GO:0099170"", ""xref_name"": ""postsynaptic modulation of chemical synaptic transmission"", ""xref_src_db"": ""GoProcess""}, {""xref_id"": ""IPR000276"", ""xref_name"": ""GPCR_Rhodpsn"", ""xref_src_db"": ""InterPro""}, {""xref_id"": ""IPR000995"", ""xref_name"": ""Musac_Ach_rcpt"", ""xref_src_db"": ""InterPro""}, {""xref_id"": ""IPR002228"", ""xref_name"": ""Musac_Ach_M1_rcpt"", ""xref_src_db"": ""InterPro""}, {""xref_id"": ""IPR017452"", ""xref_name"": ""GPCR_Rhodpsn_7TM"", ""xref_src_db"": ""InterPro""}, {""xref_id"": ""PTHR24247"", ""xref_name"": ""5-HYDROXYTRYPTAMINE RECEPTOR"", ""xref_src_db"": ""PANTHER""}, {""xref_id"": ""PTHR24247:SF182"", ""xref_name"": ""MUSCARINIC ACETYLCHOLINE RECEPTOR M1"", ""xref_src_db"": ""PANTHER""}, {""xref_id"": ""PF00001"", ""xref_name"": ""7tm_1"", ""xref_src_db"": ""Pfam""}, {""xref_id"": ""R-RNO-390648"", ""xref_name"": ""Muscarinic acetylcholine receptors"", ""xref_src_db"": ""Reactome""}, {""xref_id"": ""R-RNO-416476"", ""xref_name"": ""G alpha (q) signalling events"", ""xref_src_db"": ""Reactome""}, {""xref_id"": ""P08482"", ""xref_name"": ""Muscarinic acetylcholine receptor M1"", ""xref_src_db"": ""UniProt""}]",1,"[{""xref_id"": ""P08482"", ""xref_name"": null, ""xref_src_db"": ""AlphaFoldDB""}, {""xref_id"": ""GO:0005886"", ""xref_name"": ""plasma membrane"", ""xref_src_db"": ""GoComponent""}, {""xref_id"": ""GO:0030425"", ""xref_name"": ""dendrite"", ""xref_src_db"": ""GoComponent""}, {""xref_id"": ""GO:0032279"", ""xref_name"": ""asymmetric synapse"", ""xref_src_db"": ""GoComponent""}, {""xref_id"": ""GO:0042734"", ""xref_name"": ""presynaptic membrane"", ""xref_src_db"": ""GoComponent""}, {""xref_id"": ""GO:0043679"", ""xref_name"": ""axon terminus"", ""xref_src_db"": ""GoComponent""}, {""xref_id"": ""GO:0045202"", ""xref_name"": ""synapse"", ""xref_src_db"": ""GoComponent""}, {""xref_id"": ""GO:0045211"", ""xref_name"": ""postsynaptic membrane"", ""xref_src_db"": ""GoComponent""}, {""xref_id"": ""GO:0098685"", ""xref_name"": ""Schaffer collateral - CA1 synapse"", ""xref_src_db"": ""GoComponent""}, {""xref_id"": ""GO:0098839"", ""xref_name"": ""postsynaptic density membrane"", ""xref_src_db"": ""GoComponent""}, {""xref_id"": ""GO:0098978"", ""xref_name"": ""glutamatergic synapse"", ""xref_src_db"": ""GoComponent""}, {""xref_id"": ""GO:0098981"", ""xref_name"": ""cholinergic synapse"", ""xref_src_db"": ""GoComponent""}, {""xref_id"": ""GO:0004930"", ""xref_name"": ""G protein-coupled receptor activity"", ""xref_src_db"": ""GoFunction""}, {""xref_id"": ""GO:0016907"", ""xref_name"": ""G protein-coupled acetylcholine receptor activity"", ""xref_src_db"": ""GoFunction""}, {""xref_id"": ""GO:0007186"", ""xref_name"": ""G protein-coupled receptor signaling pathway"", ""xref_src_db"": ""GoProcess""}, {""xref_id"": ""GO:0007187"", ""xref_name"": ""G protein-coupled receptor signaling pathway, coupled to cyclic nucleotide second messenger"", ""xref_src_db"": ""GoProcess""}, {""xref_id"": ""GO:0007197"", ""xref_name"": ""adenylate cyclase-inhibiting G protein-coupled acetylcholine receptor signaling pathway"", ""xref_src_db"": ""GoProcess""}, {""xref_id"": ""GO:0007213"", ""xref_name"": ""G protein-coupled acetylcholine receptor signaling pathway"", ""xref_src_db"": ""GoProcess""}, {""xref_id"": ""GO:0007268"", ""xref_name"": ""chemical synaptic transmission"", ""xref_src_db"": ""GoProcess""}, {""xref_id"": ""GO:0007274"", ""xref_name"": ""neuromuscular synaptic transmission"", ""xref_src_db"": ""GoProcess""}, {""xref_id"": ""GO:0040012"", ""xref_name"": ""regulation of locomotion"", ""xref_src_db"": ""GoProcess""}, {""xref_id"": ""GO:0043270"", ""xref_name"": ""positive regulation of monoatomic ion transport"", ""xref_src_db"": ""GoProcess""}, {""xref_id"": ""GO:0046541"", ""xref_name"": ""saliva secretion"", ""xref_src_db"": ""GoProcess""}, {""xref_id"": ""GO:0050890"", ""xref_name"": ""cognition"", ""xref_src_db"": ""GoProcess""}, {""xref_id"": ""GO:0060078"", ""xref_name"": ""regulation of postsynaptic membrane potential"", ""xref_src_db"": ""GoProcess""}, {""xref_id"": ""GO:0090316"", ""xref_name"": ""positive regulation of intracellular protein transport"", ""xref_src_db"": ""GoProcess""}, {""xref_id"": ""GO:0099170"", ""xref_name"": ""postsynaptic modulation of chemical synaptic transmission"", ""xref_src_db"": ""GoProcess""}, {""xref_id"": ""IPR000276"", ""xref_name"": ""GPCR_Rhodpsn"", ""xref_src_db"": ""InterPro""}, {""xref_id"": ""IPR000995"", ""xref_name"": ""Musac_Ach_rcpt"", ""xref_src_db"": ""InterPro""}, {""xref_id"": ""IPR002228"", ""xref_name"": ""Musac_Ach_M1_rcpt"", ""xref_src_db"": ""InterPro""}, {""xref_id"": ""IPR017452"", ""xref_name"": ""GPCR_Rhodpsn_7TM"", ""xref_src_db"": ""InterPro""}, {""xref_id"": ""PTHR24247"", ""xref_name"": ""5-HYDROXYTRYPTAMINE RECEPTOR"", ""xref_src_db"": ""PANTHER""}, {""xref_id"": ""PTHR24247:SF182"", ""xref_name"": ""MUSCARINIC ACETYLCHOLINE RECEPTOR M1"", ""xref_src_db"": ""PANTHER""}, {""xref_id"": ""PF00001"", ""xref_name"": ""7tm_1"", ""xref_src_db"": ""Pfam""}, {""xref_id"": ""R-RNO-390648"", ""xref_name"": ""Muscarinic acetylcholine receptors"", ""xref_src_db"": ""Reactome""}, {""xref_id"": ""R-RNO-416476"", ""xref_name"": ""G alpha (q) signalling events"", ""xref_src_db"": ""Reactome""}, {""xref_id"": ""P08482"", ""xref_name"": ""Muscarinic acetylcholine receptor M1"", ""xref_src_db"": ""UniProt""}]",normalized_field,tests/fixtures/bronze/chembl/target_component/sample_ci_2026-04-29.jsonl
chembl_target_component,chembl/target_component,target_component_xrefs,bronze_fixture,"[{""xref_id"": ""P08483"", ""xref_name"": null, ""xref_src_db"": ""AlphaFoldDB""}, {""xref_id"": ""GO:0005783"", ""xref_name"": ""endoplasmic reticulum"", ""xref_src_db"": ""GoComponent""}, {""xref_id"": ""GO:0005789"", ""xref_name"": ""endoplasmic reticulum membrane"", ""xref_src_db"": ""GoComponent""}, {""xref_id"": ""GO:0005886"", ""xref_name"": ""plasma membrane"", ""xref_src_db"": ""GoComponent""}, {""xref_id"": ""GO:0009925"", ""xref_name"": ""basal plasma membrane"", ""xref_src_db"": ""GoComponent""}, {""xref_id"": ""GO:0016323"", ""xref_name"": ""basolateral plasma membrane"", ""xref_src_db"": ""GoComponent""}, {""xref_id"": ""GO:0030425"", ""xref_name"": ""dendrite"", ""xref_src_db"": ""GoComponent""}, {""xref_id"": ""GO:0032279"", ""xref_name"": ""asymmetric synapse"", ""xref_src_db"": ""GoComponent""}, {""xref_id"": ""GO:0042734"", ""xref_name"": ""presynaptic membrane"", ""xref_src_db"": ""GoComponent""}, {""xref_id"": ""GO:0043679"", ""xref_name"": ""axon terminus"", ""xref_src_db"": ""GoComponent""}, {""xref_id"": ""GO:0045202"", ""xref_name"": ""synapse"", ""xref_src_db"": ""GoComponent""}, {""xref_id"": ""GO:0045211"", ""xref_name"": ""postsynaptic membrane"", ""xref_src_db"": ""GoComponent""}, {""xref_id"": ""GO:0098839"", ""xref_name"": ""postsynaptic density membrane"", ""xref_src_db"": ""GoComponent""}, {""xref_id"": ""GO:0098978"", ""xref_name"": ""glutamatergic synapse"", ""xref_src_db"": ""GoComponent""}, {""xref_id"": ""GO:0004930"", ""xref_name"": ""G protein-coupled receptor activity"", ""xref_src_db"": ""GoFunction""}, {""xref_id"": ""GO:0005515"", ""xref_name"": ""protein binding"", ""xref_src_db"": ""GoFunction""}, {""xref_id"": ""GO:0016907"", ""xref_name"": ""G protein-coupled acetylcholine receptor activity"", ""xref_src_db"": ""GoFunction""}, {""xref_id"": ""GO:0031789"", ""xref_name"": ""G protein-coupled acetylcholine receptor binding"", ""xref_src_db"": ""GoFunction""}, {""xref_id"": ""GO:0042166"", ""xref_name"": ""acetylcholine binding"", ""xref_src_db"": ""GoFunction""}, {""xref_id"": ""GO:0003063"", ""xref_name"": ""negative regulation of heart rate by acetylcholine"", ""xref_src_db"": ""GoProcess""}, {""xref_id"": ""GO:0006940"", ""xref_name"": ""regulation of smooth muscle contraction"", ""xref_src_db"": ""GoProcess""}, {""xref_id"": ""GO:0007186"", ""xref_name"": ""G protein-coupled receptor signaling pathway"", ""xref_src_db"": ""GoProcess""}, {""xref_id"": ""GO:0007187"", ""xref_name"": ""G protein-coupled receptor signaling pathway, coupled to cyclic nucleotide second messenger"", ""xref_src_db"": ""GoProcess""}, {""xref_id"": ""GO:0007197"", ""xref_name"": ""adenylate cyclase-inhibiting G protein-coupled acetylcholine receptor signaling pathway"", ""xref_src_db"": ""GoProcess""}, {""xref_id"": ""GO:0007207"", ""xref_name"": ""phospholipase C-activating G protein-coupled acetylcholine receptor signaling pathway"", ""xref_src_db"": ""GoProcess""}, {""xref_id"": ""GO:0007213"", ""xref_name"": ""G protein-coupled acetylcholine receptor signaling pathway"", ""xref_src_db"": ""GoProcess""}, {""xref_id"": ""GO:0007268"", ""xref_name"": ""chemical synaptic transmission"", ""xref_src_db"": ""GoProcess""}, {""xref_id"": ""GO:0007271"", ""xref_name"": ""synaptic transmission, cholinergic"", ""xref_src_db"": ""GoProcess""}, {""xref_id"": ""GO:0019722"", ""xref_name"": ""calcium-mediated signaling"", ""xref_src_db"": ""GoProcess""}, {""xref_id"": ""GO:0032024"", ""xref_name"": ""positive regulation of insulin secretion"", ""xref_src_db"": ""GoProcess""}, {""xref_id"": ""GO:0045907"", ""xref_name"": ""positive regulation of vasoconstriction"", ""xref_src_db"": ""GoProcess""}, {""xref_id"": ""GO:0045987"", ""xref_name"": ""positive regulation of smooth muscle contraction"", ""xref_src_db"": ""GoProcess""}, {""xref_id"": ""GO:0046541"", ""xref_name"": ""saliva secretion"", ""xref_src_db"": ""GoProcess""}, {""xref_id"": ""GO:0095500"", ""xref_name"": ""acetylcholine receptor signaling pathway"", ""xref_src_db"": ""GoProcess""}, {""xref_id"": ""GO:0099105"", ""xref_name"": ""ion channel modulating, G protein-coupled receptor signaling pathway"", ""xref_src_db"": ""GoProcess""}, {""xref_id"": ""GO:1904695"", ""xref_name"": ""positive regulation of vascular associated smooth muscle contraction"", ""xref_src_db"": ""GoProcess""}, {""xref_id"": ""GO:1990806"", ""xref_name"": ""ligand-gated ion channel signaling pathway"", ""xref_src_db"": ""GoProcess""}, {""xref_id"": ""P08483"", ""xref_name"": null, ""xref_src_db"": ""IntAct""}, {""xref_id"": ""IPR000276"", ""xref_name"": ""GPCR_Rhodpsn"", ""xref_src_db"": ""InterPro""}, {""xref_id"": ""IPR000995"", ""xref_name"": ""Musac_Ach_rcpt"", ""xref_src_db"": ""InterPro""}, {""xref_id"": ""IPR001183"", ""xref_name"": ""Musac_Ach_M3_rcpt"", ""xref_src_db"": ""InterPro""}, {""xref_id"": ""IPR017452"", ""xref_name"": ""GPCR_Rhodpsn_7TM"", ""xref_src_db"": ""InterPro""}, {""xref_id"": ""PTHR24247"", ""xref_name"": ""5-HYDROXYTRYPTAMINE RECEPTOR"", ""xref_src_db"": ""PANTHER""}, {""xref_id"": ""PTHR24247:SF183"", ""xref_name"": ""MUSCARINIC ACETYLCHOLINE RECEPTOR M3"", ""xref_src_db"": ""PANTHER""}, {""xref_id"": ""4DAJ"", ""xref_name"": null, ""xref_src_db"": ""PDB""}, {""xref_id"": ""4U14"", ""xref_name"": null, ""xref_src_db"": ""PDB""}, {""xref_id"": ""4U15"", ""xref_name"": null, ""xref_src_db"": ""PDB""}, {""xref_id"": ""4U16"", ""xref_name"": null, ""xref_src_db"": ""PDB""}, {""xref_id"": ""5ZHP"", ""xref_name"": null, ""xref_src_db"": ""PDB""}, {""xref_id"": ""4DAJ"", ""xref_name"": ""A"", ""xref_src_db"": ""PDBe""}, {""xref_id"": ""4U14"", ""xref_name"": ""A"", ""xref_src_db"": ""PDBe""}, {""xref_id"": ""4U15"", ""xref_name"": ""A"", ""xref_src_db"": ""PDBe""}, {""xref_id"": ""4U16"", ""xref_name"": ""A"", ""xref_src_db"": ""PDBe""}, {""xref_id"": ""5ZHP"", ""xref_name"": ""A"", ""xref_src_db"": ""PDBe""}, {""xref_id"": ""PF00001"", ""xref_name"": ""7tm_1"", ""xref_src_db"": ""Pfam""}, {""xref_id"": ""R-RNO-390648"", ""xref_name"": ""Muscarinic acetylcholine receptors"", ""xref_src_db"": ""Reactome""}, {""xref_id"": ""R-RNO-416476"", ""xref_name"": ""G alpha (q) signalling events"", ""xref_src_db"": ""Reactome""}, {""xref_id"": ""P08483"", ""xref_name"": ""Muscarinic acetylcholine receptor M3"", ""xref_src_db"": ""UniProt""}, {""xref_id"": ""Q9QWK9"", ""xref_name"": ""Muscarinic acetylcholine receptor M3"", ""xref_src_db"": ""UniProt""}]",1,"[{""xref_id"": ""P08483"", ""xref_name"": null, ""xref_src_db"": ""AlphaFoldDB""}, {""xref_id"": ""GO:0005783"", ""xref_name"": ""endoplasmic reticulum"", ""xref_src_db"": ""GoComponent""}, {""xref_id"": ""GO:0005789"", ""xref_name"": ""endoplasmic reticulum membrane"", ""xref_src_db"": ""GoComponent""}, {""xref_id"": ""GO:0005886"", ""xref_name"": ""plasma membrane"", ""xref_src_db"": ""GoComponent""}, {""xref_id"": ""GO:0009925"", ""xref_name"": ""basal plasma membrane"", ""xref_src_db"": ""GoComponent""}, {""xref_id"": ""GO:0016323"", ""xref_name"": ""basolateral plasma membrane"", ""xref_src_db"": ""GoComponent""}, {""xref_id"": ""GO:0030425"", ""xref_name"": ""dendrite"", ""xref_src_db"": ""GoComponent""}, {""xref_id"": ""GO:0032279"", ""xref_name"": ""asymmetric synapse"", ""xref_src_db"": ""GoComponent""}, {""xref_id"": ""GO:0042734"", ""xref_name"": ""presynaptic membrane"", ""xref_src_db"": ""GoComponent""}, {""xref_id"": ""GO:0043679"", ""xref_name"": ""axon terminus"", ""xref_src_db"": ""GoComponent""}, {""xref_id"": ""GO:0045202"", ""xref_name"": ""synapse"", ""xref_src_db"": ""GoComponent""}, {""xref_id"": ""GO:0045211"", ""xref_name"": ""postsynaptic membrane"", ""xref_src_db"": ""GoComponent""}, {""xref_id"": ""GO:0098839"", ""xref_name"": ""postsynaptic density membrane"", ""xref_src_db"": ""GoComponent""}, {""xref_id"": ""GO:0098978"", ""xref_name"": ""glutamatergic synapse"", ""xref_src_db"": ""GoComponent""}, {""xref_id"": ""GO:0004930"", ""xref_name"": ""G protein-coupled receptor activity"", ""xref_src_db"": ""GoFunction""}, {""xref_id"": ""GO:0005515"", ""xref_name"": ""protein binding"", ""xref_src_db"": ""GoFunction""}, {""xref_id"": ""GO:0016907"", ""xref_name"": ""G protein-coupled acetylcholine receptor activity"", ""xref_src_db"": ""GoFunction""}, {""xref_id"": ""GO:0031789"", ""xref_name"": ""G protein-coupled acetylcholine receptor binding"", ""xref_src_db"": ""GoFunction""}, {""xref_id"": ""GO:0042166"", ""xref_name"": ""acetylcholine binding"", ""xref_src_db"": ""GoFunction""}, {""xref_id"": ""GO:0003063"", ""xref_name"": ""negative regulation of heart rate by acetylcholine"", ""xref_src_db"": ""GoProcess""}, {""xref_id"": ""GO:0006940"", ""xref_name"": ""regulation of smooth muscle contraction"", ""xref_src_db"": ""GoProcess""}, {""xref_id"": ""GO:0007186"", ""xref_name"": ""G protein-coupled receptor signaling pathway"", ""xref_src_db"": ""GoProcess""}, {""xref_id"": ""GO:0007187"", ""xref_name"": ""G protein-coupled receptor signaling pathway, coupled to cyclic nucleotide second messenger"", ""xref_src_db"": ""GoProcess""}, {""xref_id"": ""GO:0007197"", ""xref_name"": ""adenylate cyclase-inhibiting G protein-coupled acetylcholine receptor signaling pathway"", ""xref_src_db"": ""GoProcess""}, {""xref_id"": ""GO:0007207"", ""xref_name"": ""phospholipase C-activating G protein-coupled acetylcholine receptor signaling pathway"", ""xref_src_db"": ""GoProcess""}, {""xref_id"": ""GO:0007213"", ""xref_name"": ""G protein-coupled acetylcholine receptor signaling pathway"", ""xref_src_db"": ""GoProcess""}, {""xref_id"": ""GO:0007268"", ""xref_name"": ""chemical synaptic transmission"", ""xref_src_db"": ""GoProcess""}, {""xref_id"": ""GO:0007271"", ""xref_name"": ""synaptic transmission, cholinergic"", ""xref_src_db"": ""GoProcess""}, {""xref_id"": ""GO:0019722"", ""xref_name"": ""calcium-mediated signaling"", ""xref_src_db"": ""GoProcess""}, {""xref_id"": ""GO:0032024"", ""xref_name"": ""positive regulation of insulin secretion"", ""xref_src_db"": ""GoProcess""}, {""xref_id"": ""GO:0045907"", ""xref_name"": ""positive regulation of vasoconstriction"", ""xref_src_db"": ""GoProcess""}, {""xref_id"": ""GO:0045987"", ""xref_name"": ""positive regulation of smooth muscle contraction"", ""xref_src_db"": ""GoProcess""}, {""xref_id"": ""GO:0046541"", ""xref_name"": ""saliva secretion"", ""xref_src_db"": ""GoProcess""}, {""xref_id"": ""GO:0095500"", ""xref_name"": ""acetylcholine receptor signaling pathway"", ""xref_src_db"": ""GoProcess""}, {""xref_id"": ""GO:0099105"", ""xref_name"": ""ion channel modulating, G protein-coupled receptor signaling pathway"", ""xref_src_db"": ""GoProcess""}, {""xref_id"": ""GO:1904695"", ""xref_name"": ""positive regulation of vascular associated smooth muscle contraction"", ""xref_src_db"": ""GoProcess""}, {""xref_id"": ""GO:1990806"", ""xref_name"": ""ligand-gated ion channel signaling pathway"", ""xref_src_db"": ""GoProcess""}, {""xref_id"": ""P08483"", ""xref_name"": null, ""xref_src_db"": ""IntAct""}, {""xref_id"": ""IPR000276"", ""xref_name"": ""GPCR_Rhodpsn"", ""xref_src_db"": ""InterPro""}, {""xref_id"": ""IPR000995"", ""xref_name"": ""Musac_Ach_rcpt"", ""xref_src_db"": ""InterPro""}, {""xref_id"": ""IPR001183"", ""xref_name"": ""Musac_Ach_M3_rcpt"", ""xref_src_db"": ""InterPro""}, {""xref_id"": ""IPR017452"", ""xref_name"": ""GPCR_Rhodpsn_7TM"", ""xref_src_db"": ""InterPro""}, {""xref_id"": ""PTHR24247"", ""xref_name"": ""5-HYDROXYTRYPTAMINE RECEPTOR"", ""xref_src_db"": ""PANTHER""}, {""xref_id"": ""PTHR24247:SF183"", ""xref_name"": ""MUSCARINIC ACETYLCHOLINE RECEPTOR M3"", ""xref_src_db"": ""PANTHER""}, {""xref_id"": ""4DAJ"", ""xref_name"": null, ""xref_src_db"": ""PDB""}, {""xref_id"": ""4U14"", ""xref_name"": null, ""xref_src_db"": ""PDB""}, {""xref_id"": ""4U15"", ""xref_name"": null, ""xref_src_db"": ""PDB""}, {""xref_id"": ""4U16"", ""xref_name"": null, ""xref_src_db"": ""PDB""}, {""xref_id"": ""5ZHP"", ""xref_name"": null, ""xref_src_db"": ""PDB""}, {""xref_id"": ""4DAJ"", ""xref_name"": ""A"", ""xref_src_db"": ""PDBe""}, {""xref_id"": ""4U14"", ""xref_name"": ""A"", ""xref_src_db"": ""PDBe""}, {""xref_id"": ""4U15"", ""xref_name"": ""A"", ""xref_src_db"": ""PDBe""}, {""xref_id"": ""4U16"", ""xref_name"": ""A"", ""xref_src_db"": ""PDBe""}, {""xref_id"": ""5ZHP"", ""xref_name"": ""A"", ""xref_src_db"": ""PDBe""}, {""xref_id"": ""PF00001"", ""xref_name"": ""7tm_1"", ""xref_src_db"": ""Pfam""}, {""xref_id"": ""R-RNO-390648"", ""xref_name"": ""Muscarinic acetylcholine receptors"", ""xref_src_db"": ""Reactome""}, {""xref_id"": ""R-RNO-416476"", ""xref_name"": ""G alpha (q) signalling events"", ""xref_src_db"": ""Reactome""}, {""xref_id"": ""P08483"", ""xref_name"": ""Muscarinic acetylcholine receptor M3"", ""xref_src_db"": ""UniProt""}, {""xref_id"": ""Q9QWK9"", ""xref_name"": ""Muscarinic acetylcholine receptor M3"", ""xref_src_db"": ""UniProt""}]",normalized_field,tests/fixtures/bronze/chembl/target_component/sample_ci_2026-04-29.jsonl
chembl_target_component,chembl/target_component,target_component_xrefs,bronze_fixture,"[{""xref_id"": ""P08911"", ""xref_name"": null, ""xref_src_db"": ""AlphaFoldDB""}, {""xref_id"": ""GO:0005886"", ""xref_name"": ""plasma membrane"", ""xref_src_db"": ""GoComponent""}, {""xref_id"": ""GO:0030425"", ""xref_name"": ""dendrite"", ""xref_src_db"": ""GoComponent""}, {""xref_id"": ""GO:0045202"", ""xref_name"": ""synapse"", ""xref_src_db"": ""GoComponent""}, {""xref_id"": ""GO:0045211"", ""xref_name"": ""postsynaptic membrane"", ""xref_src_db"": ""GoComponent""}, {""xref_id"": ""GO:0004930"", ""xref_name"": ""G protein-coupled receptor activity"", ""xref_src_db"": ""GoFunction""}, {""xref_id"": ""GO:0016907"", ""xref_name"": ""G protein-coupled acetylcholine receptor activity"", ""xref_src_db"": ""GoFunction""}, {""xref_id"": ""GO:0001696"", ""xref_name"": ""gastric acid secretion"", ""xref_src_db"": ""GoProcess""}, {""xref_id"": ""GO:0007186"", ""xref_name"": ""G protein-coupled receptor signaling pathway"", ""xref_src_db"": ""GoProcess""}, {""xref_id"": ""GO:0007187"", ""xref_name"": ""G protein-coupled receptor signaling pathway, coupled to cyclic nucleotide second messenger"", ""xref_src_db"": ""GoProcess""}, {""xref_id"": ""GO:0007197"", ""xref_name"": ""adenylate cyclase-inhibiting G protein-coupled acetylcholine receptor signaling pathway"", ""xref_src_db"": ""GoProcess""}, {""xref_id"": ""GO:0007268"", ""xref_name"": ""chemical synaptic transmission"", ""xref_src_db"": ""GoProcess""}, {""xref_id"": ""GO:0015872"", ""xref_name"": ""dopamine transport"", ""xref_src_db"": ""GoProcess""}, {""xref_id"": ""GO:0019226"", ""xref_name"": ""transmission of nerve impulse"", ""xref_src_db"": ""GoProcess""}, {""xref_id"": ""P08911"", ""xref_name"": null, ""xref_src_db"": ""IntAct""}, {""xref_id"": ""IPR000276"", ""xref_name"": ""GPCR_Rhodpsn"", ""xref_src_db"": ""InterPro""}, {""xref_id"": ""IPR000502"", ""xref_name"": ""Musac_Ach_M5_rcpt"", ""xref_src_db"": ""InterPro""}, {""xref_id"": ""IPR000995"", ""xref_name"": ""Musac_Ach_rcpt"", ""xref_src_db"": ""InterPro""}, {""xref_id"": ""IPR017452"", ""xref_name"": ""GPCR_Rhodpsn_7TM"", ""xref_src_db"": ""InterPro""}, {""xref_id"": ""PTHR24247"", ""xref_name"": ""5-HYDROXYTRYPTAMINE RECEPTOR"", ""xref_src_db"": ""PANTHER""}, {""xref_id"": ""PTHR24247:SF209"", ""xref_name"": ""MUSCARINIC ACETYLCHOLINE RECEPTOR M5"", ""xref_src_db"": ""PANTHER""}, {""xref_id"": ""PF00001"", ""xref_name"": ""7tm_1"", ""xref_src_db"": ""Pfam""}, {""xref_id"": ""R-RNO-390648"", ""xref_name"": ""Muscarinic acetylcholine receptors"", ""xref_src_db"": ""Reactome""}, {""xref_id"": ""R-RNO-416476"", ""xref_name"": ""G alpha (q) signalling events"", ""xref_src_db"": ""Reactome""}, {""xref_id"": ""P08911"", ""xref_name"": ""Muscarinic acetylcholine receptor M5"", ""xref_src_db"": ""UniProt""}]",1,"[{""xref_id"": ""P08911"", ""xref_name"": null, ""xref_src_db"": ""AlphaFoldDB""}, {""xref_id"": ""GO:0005886"", ""xref_name"": ""plasma membrane"", ""xref_src_db"": ""GoComponent""}, {""xref_id"": ""GO:0030425"", ""xref_name"": ""dendrite"", ""xref_src_db"": ""GoComponent""}, {""xref_id"": ""GO:0045202"", ""xref_name"": ""synapse"", ""xref_src_db"": ""GoComponent""}, {""xref_id"": ""GO:0045211"", ""xref_name"": ""postsynaptic membrane"", ""xref_src_db"": ""GoComponent""}, {""xref_id"": ""GO:0004930"", ""xref_name"": ""G protein-coupled receptor activity"", ""xref_src_db"": ""GoFunction""}, {""xref_id"": ""GO:0016907"", ""xref_name"": ""G protein-coupled acetylcholine receptor activity"", ""xref_src_db"": ""GoFunction""}, {""xref_id"": ""GO:0001696"", ""xref_name"": ""gastric acid secretion"", ""xref_src_db"": ""GoProcess""}, {""xref_id"": ""GO:0007186"", ""xref_name"": ""G protein-coupled receptor signaling pathway"", ""xref_src_db"": ""GoProcess""}, {""xref_id"": ""GO:0007187"", ""xref_name"": ""G protein-coupled receptor signaling pathway, coupled to cyclic nucleotide second messenger"", ""xref_src_db"": ""GoProcess""}, {""xref_id"": ""GO:0007197"", ""xref_name"": ""adenylate cyclase-inhibiting G protein-coupled acetylcholine receptor signaling pathway"", ""xref_src_db"": ""GoProcess""}, {""xref_id"": ""GO:0007268"", ""xref_name"": ""chemical synaptic transmission"", ""xref_src_db"": ""GoProcess""}, {""xref_id"": ""GO:0015872"", ""xref_name"": ""dopamine transport"", ""xref_src_db"": ""GoProcess""}, {""xref_id"": ""GO:0019226"", ""xref_name"": ""transmission of nerve impulse"", ""xref_src_db"": ""GoProcess""}, {""xref_id"": ""P08911"", ""xref_name"": null, ""xref_src_db"": ""IntAct""}, {""xref_id"": ""IPR000276"", ""xref_name"": ""GPCR_Rhodpsn"", ""xref_src_db"": ""InterPro""}, {""xref_id"": ""IPR000502"", ""xref_name"": ""Musac_Ach_M5_rcpt"", ""xref_src_db"": ""InterPro""}, {""xref_id"": ""IPR000995"", ""xref_name"": ""Musac_Ach_rcpt"", ""xref_src_db"": ""InterPro""}, {""xref_id"": ""IPR017452"", ""xref_name"": ""GPCR_Rhodpsn_7TM"", ""xref_src_db"": ""InterPro""}, {""xref_id"": ""PTHR24247"", ""xref_name"": ""5-HYDROXYTRYPTAMINE RECEPTOR"", ""xref_src_db"": ""PANTHER""}, {""xref_id"": ""PTHR24247:SF209"", ""xref_name"": ""MUSCARINIC ACETYLCHOLINE RECEPTOR M5"", ""xref_src_db"": ""PANTHER""}, {""xref_id"": ""PF00001"", ""xref_name"": ""7tm_1"", ""xref_src_db"": ""Pfam""}, {""xref_id"": ""R-RNO-390648"", ""xref_name"": ""Muscarinic acetylcholine receptors"", ""xref_src_db"": ""Reactome""}, {""xref_id"": ""R-RNO-416476"", ""xref_name"": ""G alpha (q) signalling events"", ""xref_src_db"": ""Reactome""}, {""xref_id"": ""P08911"", ""xref_name"": ""Muscarinic acetylcholine receptor M5"", ""xref_src_db"": ""UniProt""}]",normalized_field,tests/fixtures/bronze/chembl/target_component/sample_ci_2026-04-29.jsonl
chembl_target_component,chembl/target_component,target_component_xrefs,bronze_fixture,"[{""xref_id"": ""P09483"", ""xref_name"": null, ""xref_src_db"": ""AlphaFoldDB""}, {""xref_id"": ""GO:0005886"", ""xref_name"": ""plasma membrane"", ""xref_src_db"": ""GoComponent""}, {""xref_id"": ""GO:0005892"", ""xref_name"": ""acetylcholine-gated channel complex"", ""xref_src_db"": ""GoComponent""}, {""xref_id"": ""GO:0009897"", ""xref_name"": ""external side of plasma membrane"", ""xref_src_db"": ""GoComponent""}, {""xref_id"": ""GO:0016020"", ""xref_name"": ""membrane"", ""xref_src_db"": ""GoComponent""}, {""xref_id"": ""GO:0030425"", ""xref_name"": ""dendrite"", ""xref_src_db"": ""GoComponent""}, {""xref_id"": ""GO:0032991"", ""xref_name"": ""protein-containing complex"", ""xref_src_db"": ""GoComponent""}, {""xref_id"": ""GO:0042734"", ""xref_name"": ""presynaptic membrane"", ""xref_src_db"": ""GoComponent""}, {""xref_id"": ""GO:0043005"", ""xref_name"": ""neuron projection"", ""xref_src_db"": ""GoComponent""}, {""xref_id"": ""GO:0043025"", ""xref_name"": ""neuronal cell body"", ""xref_src_db"": ""GoComponent""}, {""xref_id"": ""GO:0045202"", ""xref_name"": ""synapse"", ""xref_src_db"": ""GoComponent""}, {""xref_id"": ""GO:0045211"", ""xref_name"": ""postsynaptic membrane"", ""xref_src_db"": ""GoComponent""}, {""xref_id"": ""GO:0098691"", ""xref_name"": ""dopaminergic synapse"", ""xref_src_db"": ""GoComponent""}, {""xref_id"": ""GO:0098793"", ""xref_name"": ""presynapse"", ""xref_src_db"": ""GoComponent""}, {""xref_id"": ""GO:0098981"", ""xref_name"": ""cholinergic synapse"", ""xref_src_db"": ""GoComponent""}, {""xref_id"": ""GO:0099634"", ""xref_name"": ""postsynaptic specialization membrane"", ""xref_src_db"": ""GoComponent""}, {""xref_id"": ""GO:0004888"", ""xref_name"": ""transmembrane signaling receptor activity"", ""xref_src_db"": ""GoFunction""}, {""xref_id"": ""GO:0005216"", ""xref_name"": ""monoatomic ion channel activity"", ""xref_src_db"": ""GoFunction""}, {""xref_id"": ""GO:0005515"", ""xref_name"": ""protein binding"", ""xref_src_db"": ""GoFunction""}, {""xref_id"": ""GO:0015464"", ""xref_name"": ""acetylcholine receptor activity"", ""xref_src_db"": ""GoFunction""}, {""xref_id"": ""GO:0022848"", ""xref_name"": ""acetylcholine-gated monoatomic cation-selective channel activity"", ""xref_src_db"": ""GoFunction""}, {""xref_id"": ""GO:0042166"", ""xref_name"": ""acetylcholine binding"", ""xref_src_db"": ""GoFunction""}, {""xref_id"": ""GO:1904315"", ""xref_name"": ""transmitter-gated monoatomic ion channel activity involved in regulation of postsynaptic membrane potential"", ""xref_src_db"": ""GoFunction""}, {""xref_id"": ""GO:0001666"", ""xref_name"": ""response to hypoxia"", ""xref_src_db"": ""GoProcess""}, {""xref_id"": ""GO:0006281"", ""xref_name"": ""DNA repair"", ""xref_src_db"": ""GoProcess""}, {""xref_id"": ""GO:0006816"", ""xref_name"": ""calcium ion transport"", ""xref_src_db"": ""GoProcess""}, {""xref_id"": ""GO:0006979"", ""xref_name"": ""response to oxidative stress"", ""xref_src_db"": ""GoProcess""}, {""xref_id"": ""GO:0007165"", ""xref_name"": ""signal transduction"", ""xref_src_db"": ""GoProcess""}, {""xref_id"": ""GO:0007271"", ""xref_name"": ""synaptic transmission, cholinergic"", ""xref_src_db"": ""GoProcess""}, {""xref_id"": ""GO:0007585"", ""xref_name"": ""respiratory gaseous exchange by respiratory system"", ""xref_src_db"": ""GoProcess""}, {""xref_id"": ""GO:0007626"", ""xref_name"": ""locomotory behavior"", ""xref_src_db"": ""GoProcess""}, {""xref_id"": ""GO:0014059"", ""xref_name"": ""regulation of dopamine secretion"", ""xref_src_db"": ""GoProcess""}, {""xref_id"": ""GO:0019228"", ""xref_name"": ""neuronal action potential"", ""xref_src_db"": ""GoProcess""}, {""xref_id"": ""GO:0019233"", ""xref_name"": ""sensory perception of pain"", ""xref_src_db"": ""GoProcess""}, {""xref_id"": ""GO:0034220"", ""xref_name"": ""monoatomic ion transmembrane transport"", ""xref_src_db"": ""GoProcess""}, {""xref_id"": ""GO:0035095"", ""xref_name"": ""behavioral response to nicotine"", ""xref_src_db"": ""GoProcess""}, {""xref_id"": ""GO:0035640"", ""xref_name"": ""exploration behavior"", ""xref_src_db"": ""GoProcess""}, {""xref_id"": ""GO:0042113"", ""xref_name"": ""B cell activation"", ""xref_src_db"": ""GoProcess""}, {""xref_id"": ""GO:0042391"", ""xref_name"": ""regulation of membrane potential"", ""xref_src_db"": ""GoProcess""}, {""xref_id"": ""GO:0050877"", ""xref_name"": ""nervous system process"", ""xref_src_db"": ""GoProcess""}, {""xref_id"": ""GO:0050890"", ""xref_name"": ""cognition"", ""xref_src_db"": ""GoProcess""}, {""xref_id"": ""GO:0051899"", ""xref_name"": ""membrane depolarization"", ""xref_src_db"": ""GoProcess""}, {""xref_id"": ""GO:0060079"", ""xref_name"": ""excitatory postsynaptic potential"", ""xref_src_db"": ""GoProcess""}, {""xref_id"": ""GO:0060080"", ""xref_name"": ""inhibitory postsynaptic potential"", ""xref_src_db"": ""GoProcess""}, {""xref_id"": ""GO:0095500"", ""xref_name"": ""acetylcholine receptor signaling pathway"", ""xref_src_db"": ""GoProcess""}, {""xref_id"": ""GO:0099171"", ""xref_name"": ""presynaptic modulation of chemical synaptic transmission"", ""xref_src_db"": ""GoProcess""}, {""xref_id"": ""P09483"", ""xref_name"": null, ""xref_src_db"": ""IntAct""}, {""xref_id"": ""IPR002394"", ""xref_name"": ""Nicotinic_acetylcholine_rcpt"", ""xref_src_db"": ""InterPro""}, {""xref_id"": ""IPR006029"", ""xref_name"": ""Neurotrans-gated_channel_TM"", ""xref_src_db"": ""InterPro""}, {""xref_id"": ""IPR006201"", ""xref_name"": ""Neur_channel"", ""xref_src_db"": ""InterPro""}, {""xref_id"": ""IPR006202"", ""xref_name"": ""Neur_chan_lig-bd"", ""xref_src_db"": ""InterPro""}, {""xref_id"": ""IPR018000"", ""xref_name"": ""Neurotransmitter_ion_chnl_CS"", ""xref_src_db"": ""InterPro""}, {""xref_id"": ""IPR036719"", ""xref_name"": ""Neuro-gated_channel_TM_sf"", ""xref_src_db"": ""InterPro""}, {""xref_id"": ""IPR036734"", ""xref_name"": ""Neur_chan_lig-bd_sf"", ""xref_src_db"": ""InterPro""}, {""xref_id"": ""IPR038050"", ""xref_name"": ""Neuro_actylchol_rec"", ""xref_src_db"": ""InterPro""}, {""xref_id"": ""PTHR18945"", ""xref_name"": ""NEUROTRANSMITTER GATED ION CHANNEL"", ""xref_src_db"": ""PANTHER""}, {""xref_id"": ""PF02931"", ""xref_name"": ""Neur_chan_LBD"", ""xref_src_db"": ""Pfam""}, {""xref_id"": ""PF02932"", ""xref_name"": ""Neur_chan_memb"", ""xref_src_db"": ""Pfam""}, {""xref_id"": ""R-RNO-629587"", ""xref_name"": ""Highly sodium permeable postsynaptic acetylcholine nicotinic receptors"", ""xref_src_db"": ""Reactome""}, {""xref_id"": ""R-RNO-629594"", ""xref_name"": ""Highly calcium permeable postsynaptic nicotinic acetylcholine receptors"", ""xref_src_db"": ""Reactome""}, {""xref_id"": ""R-RNO-629597"", ""xref_name"": ""Highly calcium permeable nicotinic acetylcholine receptors"", ""xref_src_db"": ""Reactome""}, {""xref_id"": ""O35769"", ""xref_name"": ""Neuronal acetylcholine receptor subunit alpha-4"", ""xref_src_db"": ""UniProt""}, {""xref_id"": ""P09483"", ""xref_name"": ""Neuronal acetylcholine receptor subunit alpha-4"", ""xref_src_db"": ""UniProt""}]",1,"[{""xref_id"": ""P09483"", ""xref_name"": null, ""xref_src_db"": ""AlphaFoldDB""}, {""xref_id"": ""GO:0005886"", ""xref_name"": ""plasma membrane"", ""xref_src_db"": ""GoComponent""}, {""xref_id"": ""GO:0005892"", ""xref_name"": ""acetylcholine-gated channel complex"", ""xref_src_db"": ""GoComponent""}, {""xref_id"": ""GO:0009897"", ""xref_name"": ""external side of plasma membrane"", ""xref_src_db"": ""GoComponent""}, {""xref_id"": ""GO:0016020"", ""xref_name"": ""membrane"", ""xref_src_db"": ""GoComponent""}, {""xref_id"": ""GO:0030425"", ""xref_name"": ""dendrite"", ""xref_src_db"": ""GoComponent""}, {""xref_id"": ""GO:0032991"", ""xref_name"": ""protein-containing complex"", ""xref_src_db"": ""GoComponent""}, {""xref_id"": ""GO:0042734"", ""xref_name"": ""presynaptic membrane"", ""xref_src_db"": ""GoComponent""}, {""xref_id"": ""GO:0043005"", ""xref_name"": ""neuron projection"", ""xref_src_db"": ""GoComponent""}, {""xref_id"": ""GO:0043025"", ""xref_name"": ""neuronal cell body"", ""xref_src_db"": ""GoComponent""}, {""xref_id"": ""GO:0045202"", ""xref_name"": ""synapse"", ""xref_src_db"": ""GoComponent""}, {""xref_id"": ""GO:0045211"", ""xref_name"": ""postsynaptic membrane"", ""xref_src_db"": ""GoComponent""}, {""xref_id"": ""GO:0098691"", ""xref_name"": ""dopaminergic synapse"", ""xref_src_db"": ""GoComponent""}, {""xref_id"": ""GO:0098793"", ""xref_name"": ""presynapse"", ""xref_src_db"": ""GoComponent""}, {""xref_id"": ""GO:0098981"", ""xref_name"": ""cholinergic synapse"", ""xref_src_db"": ""GoComponent""}, {""xref_id"": ""GO:0099634"", ""xref_name"": ""postsynaptic specialization membrane"", ""xref_src_db"": ""GoComponent""}, {""xref_id"": ""GO:0004888"", ""xref_name"": ""transmembrane signaling receptor activity"", ""xref_src_db"": ""GoFunction""}, {""xref_id"": ""GO:0005216"", ""xref_name"": ""monoatomic ion channel activity"", ""xref_src_db"": ""GoFunction""}, {""xref_id"": ""GO:0005515"", ""xref_name"": ""protein binding"", ""xref_src_db"": ""GoFunction""}, {""xref_id"": ""GO:0015464"", ""xref_name"": ""acetylcholine receptor activity"", ""xref_src_db"": ""GoFunction""}, {""xref_id"": ""GO:0022848"", ""xref_name"": ""acetylcholine-gated monoatomic cation-selective channel activity"", ""xref_src_db"": ""GoFunction""}, {""xref_id"": ""GO:0042166"", ""xref_name"": ""acetylcholine binding"", ""xref_src_db"": ""GoFunction""}, {""xref_id"": ""GO:1904315"", ""xref_name"": ""transmitter-gated monoatomic ion channel activity involved in regulation of postsynaptic membrane potential"", ""xref_src_db"": ""GoFunction""}, {""xref_id"": ""GO:0001666"", ""xref_name"": ""response to hypoxia"", ""xref_src_db"": ""GoProcess""}, {""xref_id"": ""GO:0006281"", ""xref_name"": ""DNA repair"", ""xref_src_db"": ""GoProcess""}, {""xref_id"": ""GO:0006816"", ""xref_name"": ""calcium ion transport"", ""xref_src_db"": ""GoProcess""}, {""xref_id"": ""GO:0006979"", ""xref_name"": ""response to oxidative stress"", ""xref_src_db"": ""GoProcess""}, {""xref_id"": ""GO:0007165"", ""xref_name"": ""signal transduction"", ""xref_src_db"": ""GoProcess""}, {""xref_id"": ""GO:0007271"", ""xref_name"": ""synaptic transmission, cholinergic"", ""xref_src_db"": ""GoProcess""}, {""xref_id"": ""GO:0007585"", ""xref_name"": ""respiratory gaseous exchange by respiratory system"", ""xref_src_db"": ""GoProcess""}, {""xref_id"": ""GO:0007626"", ""xref_name"": ""locomotory behavior"", ""xref_src_db"": ""GoProcess""}, {""xref_id"": ""GO:0014059"", ""xref_name"": ""regulation of dopamine secretion"", ""xref_src_db"": ""GoProcess""}, {""xref_id"": ""GO:0019228"", ""xref_name"": ""neuronal action potential"", ""xref_src_db"": ""GoProcess""}, {""xref_id"": ""GO:0019233"", ""xref_name"": ""sensory perception of pain"", ""xref_src_db"": ""GoProcess""}, {""xref_id"": ""GO:0034220"", ""xref_name"": ""monoatomic ion transmembrane transport"", ""xref_src_db"": ""GoProcess""}, {""xref_id"": ""GO:0035095"", ""xref_name"": ""behavioral response to nicotine"", ""xref_src_db"": ""GoProcess""}, {""xref_id"": ""GO:0035640"", ""xref_name"": ""exploration behavior"", ""xref_src_db"": ""GoProcess""}, {""xref_id"": ""GO:0042113"", ""xref_name"": ""B cell activation"", ""xref_src_db"": ""GoProcess""}, {""xref_id"": ""GO:0042391"", ""xref_name"": ""regulation of membrane potential"", ""xref_src_db"": ""GoProcess""}, {""xref_id"": ""GO:0050877"", ""xref_name"": ""nervous system process"", ""xref_src_db"": ""GoProcess""}, {""xref_id"": ""GO:0050890"", ""xref_name"": ""cognition"", ""xref_src_db"": ""GoProcess""}, {""xref_id"": ""GO:0051899"", ""xref_name"": ""membrane depolarization"", ""xref_src_db"": ""GoProcess""}, {""xref_id"": ""GO:0060079"", ""xref_name"": ""excitatory postsynaptic potential"", ""xref_src_db"": ""GoProcess""}, {""xref_id"": ""GO:0060080"", ""xref_name"": ""inhibitory postsynaptic potential"", ""xref_src_db"": ""GoProcess""}, {""xref_id"": ""GO:0095500"", ""xref_name"": ""acetylcholine receptor signaling pathway"", ""xref_src_db"": ""GoProcess""}, {""xref_id"": ""GO:0099171"", ""xref_name"": ""presynaptic modulation of chemical synaptic transmission"", ""xref_src_db"": ""GoProcess""}, {""xref_id"": ""P09483"", ""xref_name"": null, ""xref_src_db"": ""IntAct""}, {""xref_id"": ""IPR002394"", ""xref_name"": ""Nicotinic_acetylcholine_rcpt"", ""xref_src_db"": ""InterPro""}, {""xref_id"": ""IPR006029"", ""xref_name"": ""Neurotrans-gated_channel_TM"", ""xref_src_db"": ""InterPro""}, {""xref_id"": ""IPR006201"", ""xref_name"": ""Neur_channel"", ""xref_src_db"": ""InterPro""}, {""xref_id"": ""IPR006202"", ""xref_name"": ""Neur_chan_lig-bd"", ""xref_src_db"": ""InterPro""}, {""xref_id"": ""IPR018000"", ""xref_name"": ""Neurotransmitter_ion_chnl_CS"", ""xref_src_db"": ""InterPro""}, {""xref_id"": ""IPR036719"", ""xref_name"": ""Neuro-gated_channel_TM_sf"", ""xref_src_db"": ""InterPro""}, {""xref_id"": ""IPR036734"", ""xref_name"": ""Neur_chan_lig-bd_sf"", ""xref_src_db"": ""InterPro""}, {""xref_id"": ""IPR038050"", ""xref_name"": ""Neuro_actylchol_rec"", ""xref_src_db"": ""InterPro""}, {""xref_id"": ""PTHR18945"", ""xref_name"": ""NEUROTRANSMITTER GATED ION CHANNEL"", ""xref_src_db"": ""PANTHER""}, {""xref_id"": ""PF02931"", ""xref_name"": ""Neur_chan_LBD"", ""xref_src_db"": ""Pfam""}, {""xref_id"": ""PF02932"", ""xref_name"": ""Neur_chan_memb"", ""xref_src_db"": ""Pfam""}, {""xref_id"": ""R-RNO-629587"", ""xref_name"": ""Highly sodium permeable postsynaptic acetylcholine nicotinic receptors"", ""xref_src_db"": ""Reactome""}, {""xref_id"": ""R-RNO-629594"", ""xref_name"": ""Highly calcium permeable postsynaptic nicotinic acetylcholine receptors"", ""xref_src_db"": ""Reactome""}, {""xref_id"": ""R-RNO-629597"", ""xref_name"": ""Highly calcium permeable nicotinic acetylcholine receptors"", ""xref_src_db"": ""Reactome""}, {""xref_id"": ""O35769"", ""xref_name"": ""Neuronal acetylcholine receptor subunit alpha-4"", ""xref_src_db"": ""UniProt""}, {""xref_id"": ""P09483"", ""xref_name"": ""Neuronal acetylcholine receptor subunit alpha-4"", ""xref_src_db"": ""UniProt""}]",normalized_field,tests/fixtures/bronze/chembl/target_component/sample_ci_2026-04-29.jsonl
chembl_target_component,chembl/target_component,target_component_xrefs,bronze_fixture,"[{""xref_id"": ""P10980"", ""xref_name"": null, ""xref_src_db"": ""AlphaFoldDB""}, {""xref_id"": ""GO:0005886"", ""xref_name"": ""plasma membrane"", ""xref_src_db"": ""GoComponent""}, {""xref_id"": ""GO:0016020"", ""xref_name"": ""membrane"", ""xref_src_db"": ""GoComponent""}, {""xref_id"": ""GO:0030425"", ""xref_name"": ""dendrite"", ""xref_src_db"": ""GoComponent""}, {""xref_id"": ""GO:0032279"", ""xref_name"": ""asymmetric synapse"", ""xref_src_db"": ""GoComponent""}, {""xref_id"": ""GO:0032280"", ""xref_name"": ""symmetric synapse"", ""xref_src_db"": ""GoComponent""}, {""xref_id"": ""GO:0042734"", ""xref_name"": ""presynaptic membrane"", ""xref_src_db"": ""GoComponent""}, {""xref_id"": ""GO:0043025"", ""xref_name"": ""neuronal cell body"", ""xref_src_db"": ""GoComponent""}, {""xref_id"": ""GO:0043679"", ""xref_name"": ""axon terminus"", ""xref_src_db"": ""GoComponent""}, {""xref_id"": ""GO:0045202"", ""xref_name"": ""synapse"", ""xref_src_db"": ""GoComponent""}, {""xref_id"": ""GO:0045211"", ""xref_name"": ""postsynaptic membrane"", ""xref_src_db"": ""GoComponent""}, {""xref_id"": ""GO:0098978"", ""xref_name"": ""glutamatergic synapse"", ""xref_src_db"": ""GoComponent""}, {""xref_id"": ""GO:0098981"", ""xref_name"": ""cholinergic synapse"", ""xref_src_db"": ""GoComponent""}, {""xref_id"": ""GO:0004930"", ""xref_name"": ""G protein-coupled receptor activity"", ""xref_src_db"": ""GoFunction""}, {""xref_id"": ""GO:0016907"", ""xref_name"": ""G protein-coupled acetylcholine receptor activity"", ""xref_src_db"": ""GoFunction""}, {""xref_id"": ""GO:1990763"", ""xref_name"": ""arrestin family protein binding"", ""xref_src_db"": ""GoFunction""}, {""xref_id"": ""GO:0006940"", ""xref_name"": ""regulation of smooth muscle contraction"", ""xref_src_db"": ""GoProcess""}, {""xref_id"": ""GO:0007186"", ""xref_name"": ""G protein-coupled receptor signaling pathway"", ""xref_src_db"": ""GoProcess""}, {""xref_id"": ""GO:0007187"", ""xref_name"": ""G protein-coupled receptor signaling pathway, coupled to cyclic nucleotide second messenger"", ""xref_src_db"": ""GoProcess""}, {""xref_id"": ""GO:0007197"", ""xref_name"": ""adenylate cyclase-inhibiting G protein-coupled acetylcholine receptor signaling pathway"", ""xref_src_db"": ""GoProcess""}, {""xref_id"": ""GO:0007213"", ""xref_name"": ""G protein-coupled acetylcholine receptor signaling pathway"", ""xref_src_db"": ""GoProcess""}, {""xref_id"": ""GO:0007268"", ""xref_name"": ""chemical synaptic transmission"", ""xref_src_db"": ""GoProcess""}, {""xref_id"": ""GO:0008016"", ""xref_name"": ""regulation of heart contraction"", ""xref_src_db"": ""GoProcess""}, {""xref_id"": ""GO:0099171"", ""xref_name"": ""presynaptic modulation of chemical synaptic transmission"", ""xref_src_db"": ""GoProcess""}, {""xref_id"": ""IPR000276"", ""xref_name"": ""GPCR_Rhodpsn"", ""xref_src_db"": ""InterPro""}, {""xref_id"": ""IPR000995"", ""xref_name"": ""Musac_Ach_rcpt"", ""xref_src_db"": ""InterPro""}, {""xref_id"": ""IPR001065"", ""xref_name"": ""Musac_Ach_M2_rcpt"", ""xref_src_db"": ""InterPro""}, {""xref_id"": ""IPR017452"", ""xref_name"": ""GPCR_Rhodpsn_7TM"", ""xref_src_db"": ""InterPro""}, {""xref_id"": ""PTHR24247"", ""xref_name"": ""5-HYDROXYTRYPTAMINE RECEPTOR"", ""xref_src_db"": ""PANTHER""}, {""xref_id"": ""PTHR24247:SF207"", ""xref_name"": ""MUSCARINIC ACETYLCHOLINE RECEPTOR M2"", ""xref_src_db"": ""PANTHER""}, {""xref_id"": ""PF00001"", ""xref_name"": ""7tm_1"", ""xref_src_db"": ""Pfam""}, {""xref_id"": ""R-RNO-390648"", ""xref_name"": ""Muscarinic acetylcholine receptors"", ""xref_src_db"": ""Reactome""}, {""xref_id"": ""R-RNO-418594"", ""xref_name"": ""G alpha (i) signalling events"", ""xref_src_db"": ""Reactome""}, {""xref_id"": ""R-RNO-8856825"", ""xref_name"": ""Cargo recognition for clathrin-mediated endocytosis"", ""xref_src_db"": ""Reactome""}, {""xref_id"": ""R-RNO-8856828"", ""xref_name"": ""Clathrin-mediated endocytosis"", ""xref_src_db"": ""Reactome""}, {""xref_id"": ""P10980"", ""xref_name"": ""Muscarinic acetylcholine receptor M2"", ""xref_src_db"": ""UniProt""}, {""xref_id"": ""Q9Z2Z1"", ""xref_name"": ""Muscarinic acetylcholine receptor M2"", ""xref_src_db"": ""UniProt""}]",1,"[{""xref_id"": ""P10980"", ""xref_name"": null, ""xref_src_db"": ""AlphaFoldDB""}, {""xref_id"": ""GO:0005886"", ""xref_name"": ""plasma membrane"", ""xref_src_db"": ""GoComponent""}, {""xref_id"": ""GO:0016020"", ""xref_name"": ""membrane"", ""xref_src_db"": ""GoComponent""}, {""xref_id"": ""GO:0030425"", ""xref_name"": ""dendrite"", ""xref_src_db"": ""GoComponent""}, {""xref_id"": ""GO:0032279"", ""xref_name"": ""asymmetric synapse"", ""xref_src_db"": ""GoComponent""}, {""xref_id"": ""GO:0032280"", ""xref_name"": ""symmetric synapse"", ""xref_src_db"": ""GoComponent""}, {""xref_id"": ""GO:0042734"", ""xref_name"": ""presynaptic membrane"", ""xref_src_db"": ""GoComponent""}, {""xref_id"": ""GO:0043025"", ""xref_name"": ""neuronal cell body"", ""xref_src_db"": ""GoComponent""}, {""xref_id"": ""GO:0043679"", ""xref_name"": ""axon terminus"", ""xref_src_db"": ""GoComponent""}, {""xref_id"": ""GO:0045202"", ""xref_name"": ""synapse"", ""xref_src_db"": ""GoComponent""}, {""xref_id"": ""GO:0045211"", ""xref_name"": ""postsynaptic membrane"", ""xref_src_db"": ""GoComponent""}, {""xref_id"": ""GO:0098978"", ""xref_name"": ""glutamatergic synapse"", ""xref_src_db"": ""GoComponent""}, {""xref_id"": ""GO:0098981"", ""xref_name"": ""cholinergic synapse"", ""xref_src_db"": ""GoComponent""}, {""xref_id"": ""GO:0004930"", ""xref_name"": ""G protein-coupled receptor activity"", ""xref_src_db"": ""GoFunction""}, {""xref_id"": ""GO:0016907"", ""xref_name"": ""G protein-coupled acetylcholine receptor activity"", ""xref_src_db"": ""GoFunction""}, {""xref_id"": ""GO:1990763"", ""xref_name"": ""arrestin family protein binding"", ""xref_src_db"": ""GoFunction""}, {""xref_id"": ""GO:0006940"", ""xref_name"": ""regulation of smooth muscle contraction"", ""xref_src_db"": ""GoProcess""}, {""xref_id"": ""GO:0007186"", ""xref_name"": ""G protein-coupled receptor signaling pathway"", ""xref_src_db"": ""GoProcess""}, {""xref_id"": ""GO:0007187"", ""xref_name"": ""G protein-coupled receptor signaling pathway, coupled to cyclic nucleotide second messenger"", ""xref_src_db"": ""GoProcess""}, {""xref_id"": ""GO:0007197"", ""xref_name"": ""adenylate cyclase-inhibiting G protein-coupled acetylcholine receptor signaling pathway"", ""xref_src_db"": ""GoProcess""}, {""xref_id"": ""GO:0007213"", ""xref_name"": ""G protein-coupled acetylcholine receptor signaling pathway"", ""xref_src_db"": ""GoProcess""}, {""xref_id"": ""GO:0007268"", ""xref_name"": ""chemical synaptic transmission"", ""xref_src_db"": ""GoProcess""}, {""xref_id"": ""GO:0008016"", ""xref_name"": ""regulation of heart contraction"", ""xref_src_db"": ""GoProcess""}, {""xref_id"": ""GO:0099171"", ""xref_name"": ""presynaptic modulation of chemical synaptic transmission"", ""xref_src_db"": ""GoProcess""}, {""xref_id"": ""IPR000276"", ""xref_name"": ""GPCR_Rhodpsn"", ""xref_src_db"": ""InterPro""}, {""xref_id"": ""IPR000995"", ""xref_name"": ""Musac_Ach_rcpt"", ""xref_src_db"": ""InterPro""}, {""xref_id"": ""IPR001065"", ""xref_name"": ""Musac_Ach_M2_rcpt"", ""xref_src_db"": ""InterPro""}, {""xref_id"": ""IPR017452"", ""xref_name"": ""GPCR_Rhodpsn_7TM"", ""xref_src_db"": ""InterPro""}, {""xref_id"": ""PTHR24247"", ""xref_name"": ""5-HYDROXYTRYPTAMINE RECEPTOR"", ""xref_src_db"": ""PANTHER""}, {""xref_id"": ""PTHR24247:SF207"", ""xref_name"": ""MUSCARINIC ACETYLCHOLINE RECEPTOR M2"", ""xref_src_db"": ""PANTHER""}, {""xref_id"": ""PF00001"", ""xref_name"": ""7tm_1"", ""xref_src_db"": ""Pfam""}, {""xref_id"": ""R-RNO-390648"", ""xref_name"": ""Muscarinic acetylcholine receptors"", ""xref_src_db"": ""Reactome""}, {""xref_id"": ""R-RNO-418594"", ""xref_name"": ""G alpha (i) signalling events"", ""xref_src_db"": ""Reactome""}, {""xref_id"": ""R-RNO-8856825"", ""xref_name"": ""Cargo recognition for clathrin-mediated endocytosis"", ""xref_src_db"": ""Reactome""}, {""xref_id"": ""R-RNO-8856828"", ""xref_name"": ""Clathrin-mediated endocytosis"", ""xref_src_db"": ""Reactome""}, {""xref_id"": ""P10980"", ""xref_name"": ""Muscarinic acetylcholine receptor M2"", ""xref_src_db"": ""UniProt""}, {""xref_id"": ""Q9Z2Z1"", ""xref_name"": ""Muscarinic acetylcholine receptor M2"", ""xref_src_db"": ""UniProt""}]",normalized_field,tests/fixtures/bronze/chembl/target_component/sample_ci_2026-04-29.jsonl
chembl_target_component,chembl/target_component,target_component_xrefs,bronze_fixture,"[{""xref_id"": ""P11230"", ""xref_name"": null, ""xref_src_db"": ""AlphaFoldDB""}, {""xref_id"": ""P11230"", ""xref_name"": null, ""xref_src_db"": ""ExpressionAtlas""}, {""xref_id"": ""GO:0005886"", ""xref_name"": ""plasma membrane"", ""xref_src_db"": ""GoComponent""}, {""xref_id"": ""GO:0005892"", ""xref_name"": ""acetylcholine-gated channel complex"", ""xref_src_db"": ""GoComponent""}, {""xref_id"": ""GO:0031594"", ""xref_name"": ""neuromuscular junction"", ""xref_src_db"": ""GoComponent""}, {""xref_id"": ""GO:0043005"", ""xref_name"": ""neuron projection"", ""xref_src_db"": ""GoComponent""}, {""xref_id"": ""GO:0045202"", ""xref_name"": ""synapse"", ""xref_src_db"": ""GoComponent""}, {""xref_id"": ""GO:0045211"", ""xref_name"": ""postsynaptic membrane"", ""xref_src_db"": ""GoComponent""}, {""xref_id"": ""GO:0099634"", ""xref_name"": ""postsynaptic specialization membrane"", ""xref_src_db"": ""GoComponent""}, {""xref_id"": ""GO:0004888"", ""xref_name"": ""transmembrane signaling receptor activity"", ""xref_src_db"": ""GoFunction""}, {""xref_id"": ""GO:0005515"", ""xref_name"": ""protein binding"", ""xref_src_db"": ""GoFunction""}, {""xref_id"": ""GO:0015267"", ""xref_name"": ""channel activity"", ""xref_src_db"": ""GoFunction""}, {""xref_id"": ""GO:0015276"", ""xref_name"": ""ligand-gated monoatomic ion channel activity"", ""xref_src_db"": ""GoFunction""}, {""xref_id"": ""GO:0015464"", ""xref_name"": ""acetylcholine receptor activity"", ""xref_src_db"": ""GoFunction""}, {""xref_id"": ""GO:0022848"", ""xref_name"": ""acetylcholine-gated monoatomic cation-selective channel activity"", ""xref_src_db"": ""GoFunction""}, {""xref_id"": ""GO:0042166"", ""xref_name"": ""acetylcholine binding"", ""xref_src_db"": ""GoFunction""}, {""xref_id"": ""GO:1904315"", ""xref_name"": ""transmitter-gated monoatomic ion channel activity involved in regulation of postsynaptic membrane potential"", ""xref_src_db"": ""GoFunction""}, {""xref_id"": ""GO:0001941"", ""xref_name"": ""postsynaptic membrane organization"", ""xref_src_db"": ""GoProcess""}, {""xref_id"": ""GO:0006812"", ""xref_name"": ""monoatomic cation transport"", ""xref_src_db"": ""GoProcess""}, {""xref_id"": ""GO:0007165"", ""xref_name"": ""signal transduction"", ""xref_src_db"": ""GoProcess""}, {""xref_id"": ""GO:0007271"", ""xref_name"": ""synaptic transmission, cholinergic"", ""xref_src_db"": ""GoProcess""}, {""xref_id"": ""GO:0007274"", ""xref_name"": ""neuromuscular synaptic transmission"", ""xref_src_db"": ""GoProcess""}, {""xref_id"": ""GO:0034220"", ""xref_name"": ""monoatomic ion transmembrane transport"", ""xref_src_db"": ""GoProcess""}, {""xref_id"": ""GO:0035095"", ""xref_name"": ""behavioral response to nicotine"", ""xref_src_db"": ""GoProcess""}, {""xref_id"": ""GO:0042391"", ""xref_name"": ""regulation of membrane potential"", ""xref_src_db"": ""GoProcess""}, {""xref_id"": ""GO:0050877"", ""xref_name"": ""nervous system process"", ""xref_src_db"": ""GoProcess""}, {""xref_id"": ""GO:0051899"", ""xref_name"": ""membrane depolarization"", ""xref_src_db"": ""GoProcess""}, {""xref_id"": ""GO:0055001"", ""xref_name"": ""muscle cell development"", ""xref_src_db"": ""GoProcess""}, {""xref_id"": ""GO:0060078"", ""xref_name"": ""regulation of postsynaptic membrane potential"", ""xref_src_db"": ""GoProcess""}, {""xref_id"": ""GO:0060079"", ""xref_name"": ""excitatory postsynaptic potential"", ""xref_src_db"": ""GoProcess""}, {""xref_id"": ""GO:0095500"", ""xref_name"": ""acetylcholine receptor signaling pathway"", ""xref_src_db"": ""GoProcess""}, {""xref_id"": ""HGNC:1961"", ""xref_name"": ""CHRNB1"", ""xref_src_db"": ""HGNC""}, {""xref_id"": ""P11230"", ""xref_name"": null, ""xref_src_db"": ""IntAct""}, {""xref_id"": ""IPR002394"", ""xref_name"": ""Nicotinic_acetylcholine_rcpt"", ""xref_src_db"": ""InterPro""}, {""xref_id"": ""IPR006029"", ""xref_name"": ""Neurotrans-gated_channel_TM"", ""xref_src_db"": ""InterPro""}, {""xref_id"": ""IPR006201"", ""xref_name"": ""Neur_channel"", ""xref_src_db"": ""InterPro""}, {""xref_id"": ""IPR006202"", ""xref_name"": ""Neur_chan_lig-bd"", ""xref_src_db"": ""InterPro""}, {""xref_id"": ""IPR018000"", ""xref_name"": ""Neurotransmitter_ion_chnl_CS"", ""xref_src_db"": ""InterPro""}, {""xref_id"": ""IPR036719"", ""xref_name"": ""Neuro-gated_channel_TM_sf"", ""xref_src_db"": ""InterPro""}, {""xref_id"": ""IPR036734"", ""xref_name"": ""Neur_chan_lig-bd_sf"", ""xref_src_db"": ""InterPro""}, {""xref_id"": ""IPR038050"", ""xref_name"": ""Neuro_actylchol_rec"", ""xref_src_db"": ""InterPro""}, {""xref_id"": ""PTHR18945"", ""xref_name"": ""NEUROTRANSMITTER GATED ION CHANNEL"", ""xref_src_db"": ""PANTHER""}, {""xref_id"": ""PF02931"", ""xref_name"": ""Neur_chan_LBD"", ""xref_src_db"": ""Pfam""}, {""xref_id"": ""PF02932"", ""xref_name"": ""Neur_chan_memb"", ""xref_src_db"": ""Pfam""}, {""xref_id"": ""PA26494"", ""xref_name"": ""cholinergic receptor nicotinic beta 1 subunit"", ""xref_src_db"": ""PharmGKB""}, {""xref_id"": ""P11230"", ""xref_name"": null, ""xref_src_db"": ""Pharos""}, {""xref_id"": ""B7Z5H1"", ""xref_name"": ""Acetylcholine receptor subunit beta"", ""xref_src_db"": ""UniProt""}, {""xref_id"": ""P11230"", ""xref_name"": ""Acetylcholine receptor subunit beta"", ""xref_src_db"": ""UniProt""}, {""xref_id"": ""Q8IZ46"", ""xref_name"": ""Acetylcholine receptor subunit beta"", ""xref_src_db"": ""UniProt""}, {""xref_id"": ""Q96FB8"", ""xref_name"": ""Acetylcholine receptor subunit beta"", ""xref_src_db"": ""UniProt""}]",1,"[{""xref_id"": ""P11230"", ""xref_name"": null, ""xref_src_db"": ""AlphaFoldDB""}, {""xref_id"": ""P11230"", ""xref_name"": null, ""xref_src_db"": ""ExpressionAtlas""}, {""xref_id"": ""GO:0005886"", ""xref_name"": ""plasma membrane"", ""xref_src_db"": ""GoComponent""}, {""xref_id"": ""GO:0005892"", ""xref_name"": ""acetylcholine-gated channel complex"", ""xref_src_db"": ""GoComponent""}, {""xref_id"": ""GO:0031594"", ""xref_name"": ""neuromuscular junction"", ""xref_src_db"": ""GoComponent""}, {""xref_id"": ""GO:0043005"", ""xref_name"": ""neuron projection"", ""xref_src_db"": ""GoComponent""}, {""xref_id"": ""GO:0045202"", ""xref_name"": ""synapse"", ""xref_src_db"": ""GoComponent""}, {""xref_id"": ""GO:0045211"", ""xref_name"": ""postsynaptic membrane"", ""xref_src_db"": ""GoComponent""}, {""xref_id"": ""GO:0099634"", ""xref_name"": ""postsynaptic specialization membrane"", ""xref_src_db"": ""GoComponent""}, {""xref_id"": ""GO:0004888"", ""xref_name"": ""transmembrane signaling receptor activity"", ""xref_src_db"": ""GoFunction""}, {""xref_id"": ""GO:0005515"", ""xref_name"": ""protein binding"", ""xref_src_db"": ""GoFunction""}, {""xref_id"": ""GO:0015267"", ""xref_name"": ""channel activity"", ""xref_src_db"": ""GoFunction""}, {""xref_id"": ""GO:0015276"", ""xref_name"": ""ligand-gated monoatomic ion channel activity"", ""xref_src_db"": ""GoFunction""}, {""xref_id"": ""GO:0015464"", ""xref_name"": ""acetylcholine receptor activity"", ""xref_src_db"": ""GoFunction""}, {""xref_id"": ""GO:0022848"", ""xref_name"": ""acetylcholine-gated monoatomic cation-selective channel activity"", ""xref_src_db"": ""GoFunction""}, {""xref_id"": ""GO:0042166"", ""xref_name"": ""acetylcholine binding"", ""xref_src_db"": ""GoFunction""}, {""xref_id"": ""GO:1904315"", ""xref_name"": ""transmitter-gated monoatomic ion channel activity involved in regulation of postsynaptic membrane potential"", ""xref_src_db"": ""GoFunction""}, {""xref_id"": ""GO:0001941"", ""xref_name"": ""postsynaptic membrane organization"", ""xref_src_db"": ""GoProcess""}, {""xref_id"": ""GO:0006812"", ""xref_name"": ""monoatomic cation transport"", ""xref_src_db"": ""GoProcess""}, {""xref_id"": ""GO:0007165"", ""xref_name"": ""signal transduction"", ""xref_src_db"": ""GoProcess""}, {""xref_id"": ""GO:0007271"", ""xref_name"": ""synaptic transmission, cholinergic"", ""xref_src_db"": ""GoProcess""}, {""xref_id"": ""GO:0007274"", ""xref_name"": ""neuromuscular synaptic transmission"", ""xref_src_db"": ""GoProcess""}, {""xref_id"": ""GO:0034220"", ""xref_name"": ""monoatomic ion transmembrane transport"", ""xref_src_db"": ""GoProcess""}, {""xref_id"": ""GO:0035095"", ""xref_name"": ""behavioral response to nicotine"", ""xref_src_db"": ""GoProcess""}, {""xref_id"": ""GO:0042391"", ""xref_name"": ""regulation of membrane potential"", ""xref_src_db"": ""GoProcess""}, {""xref_id"": ""GO:0050877"", ""xref_name"": ""nervous system process"", ""xref_src_db"": ""GoProcess""}, {""xref_id"": ""GO:0051899"", ""xref_name"": ""membrane depolarization"", ""xref_src_db"": ""GoProcess""}, {""xref_id"": ""GO:0055001"", ""xref_name"": ""muscle cell development"", ""xref_src_db"": ""GoProcess""}, {""xref_id"": ""GO:0060078"", ""xref_name"": ""regulation of postsynaptic membrane potential"", ""xref_src_db"": ""GoProcess""}, {""xref_id"": ""GO:0060079"", ""xref_name"": ""excitatory postsynaptic potential"", ""xref_src_db"": ""GoProcess""}, {""xref_id"": ""GO:0095500"", ""xref_name"": ""acetylcholine receptor signaling pathway"", ""xref_src_db"": ""GoProcess""}, {""xref_id"": ""HGNC:1961"", ""xref_name"": ""CHRNB1"", ""xref_src_db"": ""HGNC""}, {""xref_id"": ""P11230"", ""xref_name"": null, ""xref_src_db"": ""IntAct""}, {""xref_id"": ""IPR002394"", ""xref_name"": ""Nicotinic_acetylcholine_rcpt"", ""xref_src_db"": ""InterPro""}, {""xref_id"": ""IPR006029"", ""xref_name"": ""Neurotrans-gated_channel_TM"", ""xref_src_db"": ""InterPro""}, {""xref_id"": ""IPR006201"", ""xref_name"": ""Neur_channel"", ""xref_src_db"": ""InterPro""}, {""xref_id"": ""IPR006202"", ""xref_name"": ""Neur_chan_lig-bd"", ""xref_src_db"": ""InterPro""}, {""xref_id"": ""IPR018000"", ""xref_name"": ""Neurotransmitter_ion_chnl_CS"", ""xref_src_db"": ""InterPro""}, {""xref_id"": ""IPR036719"", ""xref_name"": ""Neuro-gated_channel_TM_sf"", ""xref_src_db"": ""InterPro""}, {""xref_id"": ""IPR036734"", ""xref_name"": ""Neur_chan_lig-bd_sf"", ""xref_src_db"": ""InterPro""}, {""xref_id"": ""IPR038050"", ""xref_name"": ""Neuro_actylchol_rec"", ""xref_src_db"": ""InterPro""}, {""xref_id"": ""PTHR18945"", ""xref_name"": ""NEUROTRANSMITTER GATED ION CHANNEL"", ""xref_src_db"": ""PANTHER""}, {""xref_id"": ""PF02931"", ""xref_name"": ""Neur_chan_LBD"", ""xref_src_db"": ""Pfam""}, {""xref_id"": ""PF02932"", ""xref_name"": ""Neur_chan_memb"", ""xref_src_db"": ""Pfam""}, {""xref_id"": ""PA26494"", ""xref_name"": ""cholinergic receptor nicotinic beta 1 subunit"", ""xref_src_db"": ""PharmGKB""}, {""xref_id"": ""P11230"", ""xref_name"": null, ""xref_src_db"": ""Pharos""}, {""xref_id"": ""B7Z5H1"", ""xref_name"": ""Acetylcholine receptor subunit beta"", ""xref_src_db"": ""UniProt""}, {""xref_id"": ""P11230"", ""xref_name"": ""Acetylcholine receptor subunit beta"", ""xref_src_db"": ""UniProt""}, {""xref_id"": ""Q8IZ46"", ""xref_name"": ""Acetylcholine receptor subunit beta"", ""xref_src_db"": ""UniProt""}, {""xref_id"": ""Q96FB8"", ""xref_name"": ""Acetylcholine receptor subunit beta"", ""xref_src_db"": ""UniProt""}]",normalized_field,tests/fixtures/bronze/chembl/target_component/sample_ci_2026-04-29.jsonl
chembl_target_component,chembl/target_component,target_component_xrefs,bronze_fixture,"[{""xref_id"": ""P11802"", ""xref_name"": null, ""xref_src_db"": ""AlphaFoldDB""}, {""xref_id"": ""P11802"", ""xref_name"": null, ""xref_src_db"": ""ExpressionAtlas""}, {""xref_id"": ""GO:0000785"", ""xref_name"": ""chromatin"", ""xref_src_db"": ""GoComponent""}, {""xref_id"": ""GO:0005634"", ""xref_name"": ""nucleus"", ""xref_src_db"": ""GoComponent""}, {""xref_id"": ""GO:0005654"", ""xref_name"": ""nucleoplasm"", ""xref_src_db"": ""GoComponent""}, {""xref_id"": ""GO:0005667"", ""xref_name"": ""transcription regulator complex"", ""xref_src_db"": ""GoComponent""}, {""xref_id"": ""GO:0005730"", ""xref_name"": ""nucleolus"", ""xref_src_db"": ""GoComponent""}, {""xref_id"": ""GO:0005737"", ""xref_name"": ""cytoplasm"", ""xref_src_db"": ""GoComponent""}, {""xref_id"": ""GO:0005829"", ""xref_name"": ""cytosol"", ""xref_src_db"": ""GoComponent""}, {""xref_id"": ""GO:0005923"", ""xref_name"": ""bicellular tight junction"", ""xref_src_db"": ""GoComponent""}, {""xref_id"": ""GO:0016020"", ""xref_name"": ""membrane"", ""xref_src_db"": ""GoComponent""}, {""xref_id"": ""GO:0031965"", ""xref_name"": ""nuclear membrane"", ""xref_src_db"": ""GoComponent""}, {""xref_id"": ""GO:0005515"", ""xref_name"": ""protein binding"", ""xref_src_db"": ""GoFunction""}, {""xref_id"": ""GO:0005524"", ""xref_name"": ""ATP binding"", ""xref_src_db"": ""GoFunction""}, {""xref_id"": ""GO:0016301"", ""xref_name"": ""kinase activity"", ""xref_src_db"": ""GoFunction""}, {""xref_id"": ""GO:0030332"", ""xref_name"": ""cyclin binding"", ""xref_src_db"": ""GoFunction""}, {""xref_id"": ""GO:0000082"", ""xref_name"": ""G1/S transition of mitotic cell cycle"", ""xref_src_db"": ""GoProcess""}, {""xref_id"": ""GO:0006468"", ""xref_name"": ""protein phosphorylation"", ""xref_src_db"": ""GoProcess""}, {""xref_id"": ""GO:0007165"", ""xref_name"": ""signal transduction"", ""xref_src_db"": ""GoProcess""}, {""xref_id"": ""GO:0008284"", ""xref_name"": ""positive regulation of cell population proliferation"", ""xref_src_db"": ""GoProcess""}, {""xref_id"": ""GO:0010389"", ""xref_name"": ""regulation of G2/M transition of mitotic cell cycle"", ""xref_src_db"": ""GoProcess""}, {""xref_id"": ""GO:0010971"", ""xref_name"": ""positive regulation of G2/M transition of mitotic cell cycle"", ""xref_src_db"": ""GoProcess""}, {""xref_id"": ""GO:0048146"", ""xref_name"": ""positive regulation of fibroblast proliferation"", ""xref_src_db"": ""GoProcess""}, {""xref_id"": ""GO:0051301"", ""xref_name"": ""cell division"", ""xref_src_db"": ""GoProcess""}, {""xref_id"": ""GO:0051726"", ""xref_name"": ""regulation of cell cycle"", ""xref_src_db"": ""GoProcess""}, {""xref_id"": ""GO:0061469"", ""xref_name"": ""regulation of type B pancreatic cell proliferation"", ""xref_src_db"": ""GoProcess""}, {""xref_id"": ""GO:0071222"", ""xref_name"": ""cellular response to lipopolysaccharide"", ""xref_src_db"": ""GoProcess""}, {""xref_id"": ""GO:1904628"", ""xref_name"": ""cellular response to phorbol 13-acetate 12-myristate"", ""xref_src_db"": ""GoProcess""}, {""xref_id"": ""GO:1904637"", ""xref_name"": ""cellular response to ionomycin"", ""xref_src_db"": ""GoProcess""}, {""xref_id"": ""HGNC:1773"", ""xref_name"": ""CDK4"", ""xref_src_db"": ""HGNC""}, {""xref_id"": ""P11802"", ""xref_name"": null, ""xref_src_db"": ""IntAct""}, {""xref_id"": ""IPR000719"", ""xref_name"": ""Prot_kinase_dom"", ""xref_src_db"": ""InterPro""}, {""xref_id"": ""IPR008271"", ""xref_name"": ""Ser/Thr_kinase_AS"", ""xref_src_db"": ""InterPro""}, {""xref_id"": ""IPR011009"", ""xref_name"": ""Kinase-like_dom_sf"", ""xref_src_db"": ""InterPro""}, {""xref_id"": ""IPR017441"", ""xref_name"": ""Protein_kinase_ATP_BS"", ""xref_src_db"": ""InterPro""}, {""xref_id"": ""IPR050108"", ""xref_name"": ""CDK"", ""xref_src_db"": ""InterPro""}, {""xref_id"": ""PTHR24056"", ""xref_name"": ""CELL DIVISION PROTEIN KINASE"", ""xref_src_db"": ""PANTHER""}, {""xref_id"": ""PTHR24056:SF129"", ""xref_name"": ""CYCLIN-DEPENDENT KINASE 4"", ""xref_src_db"": ""PANTHER""}, {""xref_id"": ""2W96"", ""xref_name"": null, ""xref_src_db"": ""PDB""}, {""xref_id"": ""2W99"", ""xref_name"": null, ""xref_src_db"": ""PDB""}, {""xref_id"": ""2W9F"", ""xref_name"": null, ""xref_src_db"": ""PDB""}, {""xref_id"": ""2W9Z"", ""xref_name"": null, ""xref_src_db"": ""PDB""}, {""xref_id"": ""3G33"", ""xref_name"": null, ""xref_src_db"": ""PDB""}, {""xref_id"": ""5FWK"", ""xref_name"": null, ""xref_src_db"": ""PDB""}, {""xref_id"": ""5FWL"", ""xref_name"": null, ""xref_src_db"": ""PDB""}, {""xref_id"": ""5FWM"", ""xref_name"": null, ""xref_src_db"": ""PDB""}, {""xref_id"": ""5FWP"", ""xref_name"": null, ""xref_src_db"": ""PDB""}, {""xref_id"": ""6P8E"", ""xref_name"": null, ""xref_src_db"": ""PDB""}, {""xref_id"": ""6P8F"", ""xref_name"": null, ""xref_src_db"": ""PDB""}, {""xref_id"": ""6P8G"", ""xref_name"": null, ""xref_src_db"": ""PDB""}, {""xref_id"": ""6P8H"", ""xref_name"": null, ""xref_src_db"": ""PDB""}, {""xref_id"": ""7SJ3"", ""xref_name"": null, ""xref_src_db"": ""PDB""}, {""xref_id"": ""2W96"", ""xref_name"": ""A"", ""xref_src_db"": ""PDBe""}, {""xref_id"": ""2W99"", ""xref_name"": ""A"", ""xref_src_db"": ""PDBe""}, {""xref_id"": ""2W9F"", ""xref_name"": ""A"", ""xref_src_db"": ""PDBe""}, {""xref_id"": ""2W9Z"", ""xref_name"": ""A"", ""xref_src_db"": ""PDBe""}, {""xref_id"": ""3G33"", ""xref_name"": ""A"", ""xref_src_db"": ""PDBe""}, {""xref_id"": ""6P8E"", ""xref_name"": ""A"", ""xref_src_db"": ""PDBe""}, {""xref_id"": ""6P8F"", ""xref_name"": ""A"", ""xref_src_db"": ""PDBe""}, {""xref_id"": ""6P8G"", ""xref_name"": ""A"", ""xref_src_db"": ""PDBe""}, {""xref_id"": ""6P8H"", ""xref_name"": ""A"", ""xref_src_db"": ""PDBe""}, {""xref_id"": ""7SJ3"", ""xref_name"": ""A"", ""xref_src_db"": ""PDBe""}, {""xref_id"": ""PF00069"", ""xref_name"": ""Pkinase"", ""xref_src_db"": ""Pfam""}, {""xref_id"": ""PA102"", ""xref_name"": ""cyclin dependent kinase 4"", ""xref_src_db"": ""PharmGKB""}, {""xref_id"": ""P11802"", ""xref_name"": null, ""xref_src_db"": ""Pharos""}, {""xref_id"": ""R-HSA-187577"", ""xref_name"": ""SCF(Skp2)-mediated degradation of p27/p21"", ""xref_src_db"": ""Reactome""}, {""xref_id"": ""R-HSA-2559580"", ""xref_name"": ""Oxidative Stress Induced Senescence"", ""xref_src_db"": ""Reactome""}, {""xref_id"": ""R-HSA-2559582"", ""xref_name"": ""Senescence-Associated Secretory Phenotype (SASP)"", ""xref_src_db"": ""Reactome""}, {""xref_id"": ""R-HSA-2559585"", ""xref_name"": ""Oncogene Induced Senescence"", ""xref_src_db"": ""Reactome""}, {""xref_id"": ""R-HSA-3214858"", ""xref_name"": ""RMTs methylate histone arginines"", ""xref_src_db"": ""Reactome""}, {""xref_id"": ""R-HSA-381340"", ""xref_name"": ""Transcriptional regulation of white adipocyte differentiation"", ""xref_src_db"": ""Reactome""}, {""xref_id"": ""R-HSA-69231"", ""xref_name"": ""Cyclin D associated events in G1"", ""xref_src_db"": ""Reactome""}, {""xref_id"": ""R-HSA-75815"", ""xref_name"": ""Ubiquitin-dependent degradation of Cyclin D"", ""xref_src_db"": ""Reactome""}, {""xref_id"": ""R-HSA-8849470"", ""xref_name"": ""PTK6 Regulates Cell Cycle"", ""xref_src_db"": ""Reactome""}, {""xref_id"": ""R-HSA-8878166"", ""xref_name"": ""Transcriptional regulation by RUNX2"", ""xref_src_db"": ""Reactome""}, {""xref_id"": ""R-HSA-912446"", ""xref_name"": ""Meiotic recombination"", ""xref_src_db"": ""Reactome""}, {""xref_id"": ""R-HSA-9616222"", ""xref_name"": ""Transcriptional regulation of granulopoiesis"", ""xref_src_db"": ""Reactome""}, {""xref_id"": ""R-HSA-9630791"", ""xref_name"": ""Evasion of Oncogene Induced Senescence Due to Defective p16INK4A binding to CDK4"", ""xref_src_db"": ""Reactome""}, {""xref_id"": ""R-HSA-9630794"", ""xref_name"": ""Evasion of Oncogene Induced Senescence Due to Defective p16INK4A binding to CDK4 and CDK6"", ""xref_src_db"": ""Reactome""}, {""xref_id"": ""R-HSA-9632697"", ""xref_name"": ""Evasion of Oxidative Stress Induced Senescence Due to Defective p16INK4A binding to CDK4"", ""xref_src_db"": ""Reactome""}, {""xref_id"": ""R-HSA-9632700"", ""xref_name"": ""Evasion of Oxidative Stress Induced Senescence Due to Defective p16INK4A binding to CDK4 and CDK6"", ""xref_src_db"": ""Reactome""}, {""xref_id"": ""R-HSA-9661069"", ""xref_name"": ""Defective binding of RB1 mutants to E2F1,(E2F2, E2F3)"", ""xref_src_db"": ""Reactome""}, {""xref_id"": ""R-HSA-9754119"", ""xref_name"": ""Drug-mediated inhibition of CDK4/CDK6 activity"", ""xref_src_db"": ""Reactome""}, {""xref_id"": ""B2R9A0"", ""xref_name"": ""Cyclin-dependent kinase 4"", ""xref_src_db"": ""UniProt""}, {""xref_id"": ""B4DNF9"", ""xref_name"": ""Cyclin-dependent kinase 4"", ""xref_src_db"": ""UniProt""}, {""xref_id"": ""O00576"", ""xref_name"": ""Cyclin-dependent kinase 4"", ""xref_src_db"": ""UniProt""}, {""xref_id"": ""P11802"", ""xref_name"": ""Cyclin-dependent kinase 4"", ""xref_src_db"": ""UniProt""}, {""xref_id"": ""Q6FG61"", ""xref_name"": ""Cyclin-dependent kinase 4"", ""xref_src_db"": ""UniProt""}]",1,"[{""xref_id"": ""P11802"", ""xref_name"": null, ""xref_src_db"": ""AlphaFoldDB""}, {""xref_id"": ""P11802"", ""xref_name"": null, ""xref_src_db"": ""ExpressionAtlas""}, {""xref_id"": ""GO:0000785"", ""xref_name"": ""chromatin"", ""xref_src_db"": ""GoComponent""}, {""xref_id"": ""GO:0005634"", ""xref_name"": ""nucleus"", ""xref_src_db"": ""GoComponent""}, {""xref_id"": ""GO:0005654"", ""xref_name"": ""nucleoplasm"", ""xref_src_db"": ""GoComponent""}, {""xref_id"": ""GO:0005667"", ""xref_name"": ""transcription regulator complex"", ""xref_src_db"": ""GoComponent""}, {""xref_id"": ""GO:0005730"", ""xref_name"": ""nucleolus"", ""xref_src_db"": ""GoComponent""}, {""xref_id"": ""GO:0005737"", ""xref_name"": ""cytoplasm"", ""xref_src_db"": ""GoComponent""}, {""xref_id"": ""GO:0005829"", ""xref_name"": ""cytosol"", ""xref_src_db"": ""GoComponent""}, {""xref_id"": ""GO:0005923"", ""xref_name"": ""bicellular tight junction"", ""xref_src_db"": ""GoComponent""}, {""xref_id"": ""GO:0016020"", ""xref_name"": ""membrane"", ""xref_src_db"": ""GoComponent""}, {""xref_id"": ""GO:0031965"", ""xref_name"": ""nuclear membrane"", ""xref_src_db"": ""GoComponent""}, {""xref_id"": ""GO:0005515"", ""xref_name"": ""protein binding"", ""xref_src_db"": ""GoFunction""}, {""xref_id"": ""GO:0005524"", ""xref_name"": ""ATP binding"", ""xref_src_db"": ""GoFunction""}, {""xref_id"": ""GO:0016301"", ""xref_name"": ""kinase activity"", ""xref_src_db"": ""GoFunction""}, {""xref_id"": ""GO:0030332"", ""xref_name"": ""cyclin binding"", ""xref_src_db"": ""GoFunction""}, {""xref_id"": ""GO:0000082"", ""xref_name"": ""G1/S transition of mitotic cell cycle"", ""xref_src_db"": ""GoProcess""}, {""xref_id"": ""GO:0006468"", ""xref_name"": ""protein phosphorylation"", ""xref_src_db"": ""GoProcess""}, {""xref_id"": ""GO:0007165"", ""xref_name"": ""signal transduction"", ""xref_src_db"": ""GoProcess""}, {""xref_id"": ""GO:0008284"", ""xref_name"": ""positive regulation of cell population proliferation"", ""xref_src_db"": ""GoProcess""}, {""xref_id"": ""GO:0010389"", ""xref_name"": ""regulation of G2/M transition of mitotic cell cycle"", ""xref_src_db"": ""GoProcess""}, {""xref_id"": ""GO:0010971"", ""xref_name"": ""positive regulation of G2/M transition of mitotic cell cycle"", ""xref_src_db"": ""GoProcess""}, {""xref_id"": ""GO:0048146"", ""xref_name"": ""positive regulation of fibroblast proliferation"", ""xref_src_db"": ""GoProcess""}, {""xref_id"": ""GO:0051301"", ""xref_name"": ""cell division"", ""xref_src_db"": ""GoProcess""}, {""xref_id"": ""GO:0051726"", ""xref_name"": ""regulation of cell cycle"", ""xref_src_db"": ""GoProcess""}, {""xref_id"": ""GO:0061469"", ""xref_name"": ""regulation of type B pancreatic cell proliferation"", ""xref_src_db"": ""GoProcess""}, {""xref_id"": ""GO:0071222"", ""xref_name"": ""cellular response to lipopolysaccharide"", ""xref_src_db"": ""GoProcess""}, {""xref_id"": ""GO:1904628"", ""xref_name"": ""cellular response to phorbol 13-acetate 12-myristate"", ""xref_src_db"": ""GoProcess""}, {""xref_id"": ""GO:1904637"", ""xref_name"": ""cellular response to ionomycin"", ""xref_src_db"": ""GoProcess""}, {""xref_id"": ""HGNC:1773"", ""xref_name"": ""CDK4"", ""xref_src_db"": ""HGNC""}, {""xref_id"": ""P11802"", ""xref_name"": null, ""xref_src_db"": ""IntAct""}, {""xref_id"": ""IPR000719"", ""xref_name"": ""Prot_kinase_dom"", ""xref_src_db"": ""InterPro""}, {""xref_id"": ""IPR008271"", ""xref_name"": ""Ser/Thr_kinase_AS"", ""xref_src_db"": ""InterPro""}, {""xref_id"": ""IPR011009"", ""xref_name"": ""Kinase-like_dom_sf"", ""xref_src_db"": ""InterPro""}, {""xref_id"": ""IPR017441"", ""xref_name"": ""Protein_kinase_ATP_BS"", ""xref_src_db"": ""InterPro""}, {""xref_id"": ""IPR050108"", ""xref_name"": ""CDK"", ""xref_src_db"": ""InterPro""}, {""xref_id"": ""PTHR24056"", ""xref_name"": ""CELL DIVISION PROTEIN KINASE"", ""xref_src_db"": ""PANTHER""}, {""xref_id"": ""PTHR24056:SF129"", ""xref_name"": ""CYCLIN-DEPENDENT KINASE 4"", ""xref_src_db"": ""PANTHER""}, {""xref_id"": ""2W96"", ""xref_name"": null, ""xref_src_db"": ""PDB""}, {""xref_id"": ""2W99"", ""xref_name"": null, ""xref_src_db"": ""PDB""}, {""xref_id"": ""2W9F"", ""xref_name"": null, ""xref_src_db"": ""PDB""}, {""xref_id"": ""2W9Z"", ""xref_name"": null, ""xref_src_db"": ""PDB""}, {""xref_id"": ""3G33"", ""xref_name"": null, ""xref_src_db"": ""PDB""}, {""xref_id"": ""5FWK"", ""xref_name"": null, ""xref_src_db"": ""PDB""}, {""xref_id"": ""5FWL"", ""xref_name"": null, ""xref_src_db"": ""PDB""}, {""xref_id"": ""5FWM"", ""xref_name"": null, ""xref_src_db"": ""PDB""}, {""xref_id"": ""5FWP"", ""xref_name"": null, ""xref_src_db"": ""PDB""}, {""xref_id"": ""6P8E"", ""xref_name"": null, ""xref_src_db"": ""PDB""}, {""xref_id"": ""6P8F"", ""xref_name"": null, ""xref_src_db"": ""PDB""}, {""xref_id"": ""6P8G"", ""xref_name"": null, ""xref_src_db"": ""PDB""}, {""xref_id"": ""6P8H"", ""xref_name"": null, ""xref_src_db"": ""PDB""}, {""xref_id"": ""7SJ3"", ""xref_name"": null, ""xref_src_db"": ""PDB""}, {""xref_id"": ""2W96"", ""xref_name"": ""A"", ""xref_src_db"": ""PDBe""}, {""xref_id"": ""2W99"", ""xref_name"": ""A"", ""xref_src_db"": ""PDBe""}, {""xref_id"": ""2W9F"", ""xref_name"": ""A"", ""xref_src_db"": ""PDBe""}, {""xref_id"": ""2W9Z"", ""xref_name"": ""A"", ""xref_src_db"": ""PDBe""}, {""xref_id"": ""3G33"", ""xref_name"": ""A"", ""xref_src_db"": ""PDBe""}, {""xref_id"": ""6P8E"", ""xref_name"": ""A"", ""xref_src_db"": ""PDBe""}, {""xref_id"": ""6P8F"", ""xref_name"": ""A"", ""xref_src_db"": ""PDBe""}, {""xref_id"": ""6P8G"", ""xref_name"": ""A"", ""xref_src_db"": ""PDBe""}, {""xref_id"": ""6P8H"", ""xref_name"": ""A"", ""xref_src_db"": ""PDBe""}, {""xref_id"": ""7SJ3"", ""xref_name"": ""A"", ""xref_src_db"": ""PDBe""}, {""xref_id"": ""PF00069"", ""xref_name"": ""Pkinase"", ""xref_src_db"": ""Pfam""}, {""xref_id"": ""PA102"", ""xref_name"": ""cyclin dependent kinase 4"", ""xref_src_db"": ""PharmGKB""}, {""xref_id"": ""P11802"", ""xref_name"": null, ""xref_src_db"": ""Pharos""}, {""xref_id"": ""R-HSA-187577"", ""xref_name"": ""SCF(Skp2)-mediated degradation of p27/p21"", ""xref_src_db"": ""Reactome""}, {""xref_id"": ""R-HSA-2559580"", ""xref_name"": ""Oxidative Stress Induced Senescence"", ""xref_src_db"": ""Reactome""}, {""xref_id"": ""R-HSA-2559582"", ""xref_name"": ""Senescence-Associated Secretory Phenotype (SASP)"", ""xref_src_db"": ""Reactome""}, {""xref_id"": ""R-HSA-2559585"", ""xref_name"": ""Oncogene Induced Senescence"", ""xref_src_db"": ""Reactome""}, {""xref_id"": ""R-HSA-3214858"", ""xref_name"": ""RMTs methylate histone arginines"", ""xref_src_db"": ""Reactome""}, {""xref_id"": ""R-HSA-381340"", ""xref_name"": ""Transcriptional regulation of white adipocyte differentiation"", ""xref_src_db"": ""Reactome""}, {""xref_id"": ""R-HSA-69231"", ""xref_name"": ""Cyclin D associated events in G1"", ""xref_src_db"": ""Reactome""}, {""xref_id"": ""R-HSA-75815"", ""xref_name"": ""Ubiquitin-dependent degradation of Cyclin D"", ""xref_src_db"": ""Reactome""}, {""xref_id"": ""R-HSA-8849470"", ""xref_name"": ""PTK6 Regulates Cell Cycle"", ""xref_src_db"": ""Reactome""}, {""xref_id"": ""R-HSA-8878166"", ""xref_name"": ""Transcriptional regulation by RUNX2"", ""xref_src_db"": ""Reactome""}, {""xref_id"": ""R-HSA-912446"", ""xref_name"": ""Meiotic recombination"", ""xref_src_db"": ""Reactome""}, {""xref_id"": ""R-HSA-9616222"", ""xref_name"": ""Transcriptional regulation of granulopoiesis"", ""xref_src_db"": ""Reactome""}, {""xref_id"": ""R-HSA-9630791"", ""xref_name"": ""Evasion of Oncogene Induced Senescence Due to Defective p16INK4A binding to CDK4"", ""xref_src_db"": ""Reactome""}, {""xref_id"": ""R-HSA-9630794"", ""xref_name"": ""Evasion of Oncogene Induced Senescence Due to Defective p16INK4A binding to CDK4 and CDK6"", ""xref_src_db"": ""Reactome""}, {""xref_id"": ""R-HSA-9632697"", ""xref_name"": ""Evasion of Oxidative Stress Induced Senescence Due to Defective p16INK4A binding to CDK4"", ""xref_src_db"": ""Reactome""}, {""xref_id"": ""R-HSA-9632700"", ""xref_name"": ""Evasion of Oxidative Stress Induced Senescence Due to Defective p16INK4A binding to CDK4 and CDK6"", ""xref_src_db"": ""Reactome""}, {""xref_id"": ""R-HSA-9661069"", ""xref_name"": ""Defective binding of RB1 mutants to E2F1,(E2F2, E2F3)"", ""xref_src_db"": ""Reactome""}, {""xref_id"": ""R-HSA-9754119"", ""xref_name"": ""Drug-mediated inhibition of CDK4/CDK6 activity"", ""xref_src_db"": ""Reactome""}, {""xref_id"": ""B2R9A0"", ""xref_name"": ""Cyclin-dependent kinase 4"", ""xref_src_db"": ""UniProt""}, {""xref_id"": ""B4DNF9"", ""xref_name"": ""Cyclin-dependent kinase 4"", ""xref_src_db"": ""UniProt""}, {""xref_id"": ""O00576"", ""xref_name"": ""Cyclin-dependent kinase 4"", ""xref_src_db"": ""UniProt""}, {""xref_id"": ""P11802"", ""xref_name"": ""Cyclin-dependent kinase 4"", ""xref_src_db"": ""UniProt""}, {""xref_id"": ""Q6FG61"", ""xref_name"": ""Cyclin-dependent kinase 4"", ""xref_src_db"": ""UniProt""}]",normalized_field,tests/fixtures/bronze/chembl/target_component/sample_ci_2026-04-29.jsonl
chembl_target_component,chembl/target_component,target_component_xrefs,bronze_fixture,"[{""xref_id"": ""P12389"", ""xref_name"": null, ""xref_src_db"": ""AlphaFoldDB""}, {""xref_id"": ""GO:0005654"", ""xref_name"": ""nucleoplasm"", ""xref_src_db"": ""GoComponent""}, {""xref_id"": ""GO:0005886"", ""xref_name"": ""plasma membrane"", ""xref_src_db"": ""GoComponent""}, {""xref_id"": ""GO:0005892"", ""xref_name"": ""acetylcholine-gated channel complex"", ""xref_src_db"": ""GoComponent""}, {""xref_id"": ""GO:0032991"", ""xref_name"": ""protein-containing complex"", ""xref_src_db"": ""GoComponent""}, {""xref_id"": ""GO:0043005"", ""xref_name"": ""neuron projection"", ""xref_src_db"": ""GoComponent""}, {""xref_id"": ""GO:0045171"", ""xref_name"": ""intercellular bridge"", ""xref_src_db"": ""GoComponent""}, {""xref_id"": ""GO:0045202"", ""xref_name"": ""synapse"", ""xref_src_db"": ""GoComponent""}, {""xref_id"": ""GO:0045211"", ""xref_name"": ""postsynaptic membrane"", ""xref_src_db"": ""GoComponent""}, {""xref_id"": ""GO:0071944"", ""xref_name"": ""cell periphery"", ""xref_src_db"": ""GoComponent""}, {""xref_id"": ""GO:0120111"", ""xref_name"": ""neuron projection cytoplasm"", ""xref_src_db"": ""GoComponent""}, {""xref_id"": ""GO:0004888"", ""xref_name"": ""transmembrane signaling receptor activity"", ""xref_src_db"": ""GoFunction""}, {""xref_id"": ""GO:0015464"", ""xref_name"": ""acetylcholine receptor activity"", ""xref_src_db"": ""GoFunction""}, {""xref_id"": ""GO:0022848"", ""xref_name"": ""acetylcholine-gated monoatomic cation-selective channel activity"", ""xref_src_db"": ""GoFunction""}, {""xref_id"": ""GO:0007165"", ""xref_name"": ""signal transduction"", ""xref_src_db"": ""GoProcess""}, {""xref_id"": ""GO:0007271"", ""xref_name"": ""synaptic transmission, cholinergic"", ""xref_src_db"": ""GoProcess""}, {""xref_id"": ""GO:0034220"", ""xref_name"": ""monoatomic ion transmembrane transport"", ""xref_src_db"": ""GoProcess""}, {""xref_id"": ""GO:0051899"", ""xref_name"": ""membrane depolarization"", ""xref_src_db"": ""GoProcess""}, {""xref_id"": ""GO:0060078"", ""xref_name"": ""regulation of postsynaptic membrane potential"", ""xref_src_db"": ""GoProcess""}, {""xref_id"": ""GO:0060079"", ""xref_name"": ""excitatory postsynaptic potential"", ""xref_src_db"": ""GoProcess""}, {""xref_id"": ""GO:0071316"", ""xref_name"": ""cellular response to nicotine"", ""xref_src_db"": ""GoProcess""}, {""xref_id"": ""GO:0095500"", ""xref_name"": ""acetylcholine receptor signaling pathway"", ""xref_src_db"": ""GoProcess""}, {""xref_id"": ""GO:0098828"", ""xref_name"": ""modulation of inhibitory postsynaptic potential"", ""xref_src_db"": ""GoProcess""}, {""xref_id"": ""IPR002394"", ""xref_name"": ""Nicotinic_acetylcholine_rcpt"", ""xref_src_db"": ""InterPro""}, {""xref_id"": ""IPR006029"", ""xref_name"": ""Neurotrans-gated_channel_TM"", ""xref_src_db"": ""InterPro""}, {""xref_id"": ""IPR006201"", ""xref_name"": ""Neur_channel"", ""xref_src_db"": ""InterPro""}, {""xref_id"": ""IPR006202"", ""xref_name"": ""Neur_chan_lig-bd"", ""xref_src_db"": ""InterPro""}, {""xref_id"": ""IPR018000"", ""xref_name"": ""Neurotransmitter_ion_chnl_CS"", ""xref_src_db"": ""InterPro""}, {""xref_id"": ""IPR036719"", ""xref_name"": ""Neuro-gated_channel_TM_sf"", ""xref_src_db"": ""InterPro""}, {""xref_id"": ""IPR036734"", ""xref_name"": ""Neur_chan_lig-bd_sf"", ""xref_src_db"": ""InterPro""}, {""xref_id"": ""IPR038050"", ""xref_name"": ""Neuro_actylchol_rec"", ""xref_src_db"": ""InterPro""}, {""xref_id"": ""PTHR18945"", ""xref_name"": ""NEUROTRANSMITTER GATED ION CHANNEL"", ""xref_src_db"": ""PANTHER""}, {""xref_id"": ""PF02931"", ""xref_name"": ""Neur_chan_LBD"", ""xref_src_db"": ""Pfam""}, {""xref_id"": ""PF02932"", ""xref_name"": ""Neur_chan_memb"", ""xref_src_db"": ""Pfam""}, {""xref_id"": ""R-RNO-629594"", ""xref_name"": ""Highly calcium permeable postsynaptic nicotinic acetylcholine receptors"", ""xref_src_db"": ""Reactome""}, {""xref_id"": ""R-RNO-629597"", ""xref_name"": ""Highly calcium permeable nicotinic acetylcholine receptors"", ""xref_src_db"": ""Reactome""}, {""xref_id"": ""O08952"", ""xref_name"": ""Neuronal acetylcholine receptor subunit alpha-2"", ""xref_src_db"": ""UniProt""}, {""xref_id"": ""P12389"", ""xref_name"": ""Neuronal acetylcholine receptor subunit alpha-2"", ""xref_src_db"": ""UniProt""}, {""xref_id"": ""Q53YK3"", ""xref_name"": ""Neuronal acetylcholine receptor subunit alpha-2"", ""xref_src_db"": ""UniProt""}]",1,"[{""xref_id"": ""P12389"", ""xref_name"": null, ""xref_src_db"": ""AlphaFoldDB""}, {""xref_id"": ""GO:0005654"", ""xref_name"": ""nucleoplasm"", ""xref_src_db"": ""GoComponent""}, {""xref_id"": ""GO:0005886"", ""xref_name"": ""plasma membrane"", ""xref_src_db"": ""GoComponent""}, {""xref_id"": ""GO:0005892"", ""xref_name"": ""acetylcholine-gated channel complex"", ""xref_src_db"": ""GoComponent""}, {""xref_id"": ""GO:0032991"", ""xref_name"": ""protein-containing complex"", ""xref_src_db"": ""GoComponent""}, {""xref_id"": ""GO:0043005"", ""xref_name"": ""neuron projection"", ""xref_src_db"": ""GoComponent""}, {""xref_id"": ""GO:0045171"", ""xref_name"": ""intercellular bridge"", ""xref_src_db"": ""GoComponent""}, {""xref_id"": ""GO:0045202"", ""xref_name"": ""synapse"", ""xref_src_db"": ""GoComponent""}, {""xref_id"": ""GO:0045211"", ""xref_name"": ""postsynaptic membrane"", ""xref_src_db"": ""GoComponent""}, {""xref_id"": ""GO:0071944"", ""xref_name"": ""cell periphery"", ""xref_src_db"": ""GoComponent""}, {""xref_id"": ""GO:0120111"", ""xref_name"": ""neuron projection cytoplasm"", ""xref_src_db"": ""GoComponent""}, {""xref_id"": ""GO:0004888"", ""xref_name"": ""transmembrane signaling receptor activity"", ""xref_src_db"": ""GoFunction""}, {""xref_id"": ""GO:0015464"", ""xref_name"": ""acetylcholine receptor activity"", ""xref_src_db"": ""GoFunction""}, {""xref_id"": ""GO:0022848"", ""xref_name"": ""acetylcholine-gated monoatomic cation-selective channel activity"", ""xref_src_db"": ""GoFunction""}, {""xref_id"": ""GO:0007165"", ""xref_name"": ""signal transduction"", ""xref_src_db"": ""GoProcess""}, {""xref_id"": ""GO:0007271"", ""xref_name"": ""synaptic transmission, cholinergic"", ""xref_src_db"": ""GoProcess""}, {""xref_id"": ""GO:0034220"", ""xref_name"": ""monoatomic ion transmembrane transport"", ""xref_src_db"": ""GoProcess""}, {""xref_id"": ""GO:0051899"", ""xref_name"": ""membrane depolarization"", ""xref_src_db"": ""GoProcess""}, {""xref_id"": ""GO:0060078"", ""xref_name"": ""regulation of postsynaptic membrane potential"", ""xref_src_db"": ""GoProcess""}, {""xref_id"": ""GO:0060079"", ""xref_name"": ""excitatory postsynaptic potential"", ""xref_src_db"": ""GoProcess""}, {""xref_id"": ""GO:0071316"", ""xref_name"": ""cellular response to nicotine"", ""xref_src_db"": ""GoProcess""}, {""xref_id"": ""GO:0095500"", ""xref_name"": ""acetylcholine receptor signaling pathway"", ""xref_src_db"": ""GoProcess""}, {""xref_id"": ""GO:0098828"", ""xref_name"": ""modulation of inhibitory postsynaptic potential"", ""xref_src_db"": ""GoProcess""}, {""xref_id"": ""IPR002394"", ""xref_name"": ""Nicotinic_acetylcholine_rcpt"", ""xref_src_db"": ""InterPro""}, {""xref_id"": ""IPR006029"", ""xref_name"": ""Neurotrans-gated_channel_TM"", ""xref_src_db"": ""InterPro""}, {""xref_id"": ""IPR006201"", ""xref_name"": ""Neur_channel"", ""xref_src_db"": ""InterPro""}, {""xref_id"": ""IPR006202"", ""xref_name"": ""Neur_chan_lig-bd"", ""xref_src_db"": ""InterPro""}, {""xref_id"": ""IPR018000"", ""xref_name"": ""Neurotransmitter_ion_chnl_CS"", ""xref_src_db"": ""InterPro""}, {""xref_id"": ""IPR036719"", ""xref_name"": ""Neuro-gated_channel_TM_sf"", ""xref_src_db"": ""InterPro""}, {""xref_id"": ""IPR036734"", ""xref_name"": ""Neur_chan_lig-bd_sf"", ""xref_src_db"": ""InterPro""}, {""xref_id"": ""IPR038050"", ""xref_name"": ""Neuro_actylchol_rec"", ""xref_src_db"": ""InterPro""}, {""xref_id"": ""PTHR18945"", ""xref_name"": ""NEUROTRANSMITTER GATED ION CHANNEL"", ""xref_src_db"": ""PANTHER""}, {""xref_id"": ""PF02931"", ""xref_name"": ""Neur_chan_LBD"", ""xref_src_db"": ""Pfam""}, {""xref_id"": ""PF02932"", ""xref_name"": ""Neur_chan_memb"", ""xref_src_db"": ""Pfam""}, {""xref_id"": ""R-RNO-629594"", ""xref_name"": ""Highly calcium permeable postsynaptic nicotinic acetylcholine receptors"", ""xref_src_db"": ""Reactome""}, {""xref_id"": ""R-RNO-629597"", ""xref_name"": ""Highly calcium permeable nicotinic acetylcholine receptors"", ""xref_src_db"": ""Reactome""}, {""xref_id"": ""O08952"", ""xref_name"": ""Neuronal acetylcholine receptor subunit alpha-2"", ""xref_src_db"": ""UniProt""}, {""xref_id"": ""P12389"", ""xref_name"": ""Neuronal acetylcholine receptor subunit alpha-2"", ""xref_src_db"": ""UniProt""}, {""xref_id"": ""Q53YK3"", ""xref_name"": ""Neuronal acetylcholine receptor subunit alpha-2"", ""xref_src_db"": ""UniProt""}]",normalized_field,tests/fixtures/bronze/chembl/target_component/sample_ci_2026-04-29.jsonl
chembl_target_component,chembl/target_component,target_component_xrefs,bronze_fixture,"[{""xref_id"": ""P12390"", ""xref_name"": null, ""xref_src_db"": ""AlphaFoldDB""}, {""xref_id"": ""GO:0005886"", ""xref_name"": ""plasma membrane"", ""xref_src_db"": ""GoComponent""}, {""xref_id"": ""GO:0005892"", ""xref_name"": ""acetylcholine-gated channel complex"", ""xref_src_db"": ""GoComponent""}, {""xref_id"": ""GO:0009897"", ""xref_name"": ""external side of plasma membrane"", ""xref_src_db"": ""GoComponent""}, {""xref_id"": ""GO:0032991"", ""xref_name"": ""protein-containing complex"", ""xref_src_db"": ""GoComponent""}, {""xref_id"": ""GO:0042734"", ""xref_name"": ""presynaptic membrane"", ""xref_src_db"": ""GoComponent""}, {""xref_id"": ""GO:0043005"", ""xref_name"": ""neuron projection"", ""xref_src_db"": ""GoComponent""}, {""xref_id"": ""GO:0044853"", ""xref_name"": ""plasma membrane raft"", ""xref_src_db"": ""GoComponent""}, {""xref_id"": ""GO:0045202"", ""xref_name"": ""synapse"", ""xref_src_db"": ""GoComponent""}, {""xref_id"": ""GO:0045211"", ""xref_name"": ""postsynaptic membrane"", ""xref_src_db"": ""GoComponent""}, {""xref_id"": ""GO:0098691"", ""xref_name"": ""dopaminergic synapse"", ""xref_src_db"": ""GoComponent""}, {""xref_id"": ""GO:0098793"", ""xref_name"": ""presynapse"", ""xref_src_db"": ""GoComponent""}, {""xref_id"": ""GO:0098981"", ""xref_name"": ""cholinergic synapse"", ""xref_src_db"": ""GoComponent""}, {""xref_id"": ""GO:0099634"", ""xref_name"": ""postsynaptic specialization membrane"", ""xref_src_db"": ""GoComponent""}, {""xref_id"": ""GO:0004888"", ""xref_name"": ""transmembrane signaling receptor activity"", ""xref_src_db"": ""GoFunction""}, {""xref_id"": ""GO:0005515"", ""xref_name"": ""protein binding"", ""xref_src_db"": ""GoFunction""}, {""xref_id"": ""GO:0015464"", ""xref_name"": ""acetylcholine receptor activity"", ""xref_src_db"": ""GoFunction""}, {""xref_id"": ""GO:0022848"", ""xref_name"": ""acetylcholine-gated monoatomic cation-selective channel activity"", ""xref_src_db"": ""GoFunction""}, {""xref_id"": ""GO:0042166"", ""xref_name"": ""acetylcholine binding"", ""xref_src_db"": ""GoFunction""}, {""xref_id"": ""GO:1904315"", ""xref_name"": ""transmitter-gated monoatomic ion channel activity involved in regulation of postsynaptic membrane potential"", ""xref_src_db"": ""GoFunction""}, {""xref_id"": ""GO:0001508"", ""xref_name"": ""action potential"", ""xref_src_db"": ""GoProcess""}, {""xref_id"": ""GO:0001661"", ""xref_name"": ""conditioned taste aversion"", ""xref_src_db"": ""GoProcess""}, {""xref_id"": ""GO:0001666"", ""xref_name"": ""response to hypoxia"", ""xref_src_db"": ""GoProcess""}, {""xref_id"": ""GO:0006816"", ""xref_name"": ""calcium ion transport"", ""xref_src_db"": ""GoProcess""}, {""xref_id"": ""GO:0007165"", ""xref_name"": ""signal transduction"", ""xref_src_db"": ""GoProcess""}, {""xref_id"": ""GO:0007271"", ""xref_name"": ""synaptic transmission, cholinergic"", ""xref_src_db"": ""GoProcess""}, {""xref_id"": ""GO:0007601"", ""xref_name"": ""visual perception"", ""xref_src_db"": ""GoProcess""}, {""xref_id"": ""GO:0007605"", ""xref_name"": ""sensory perception of sound"", ""xref_src_db"": ""GoProcess""}, {""xref_id"": ""GO:0007612"", ""xref_name"": ""learning"", ""xref_src_db"": ""GoProcess""}, {""xref_id"": ""GO:0007613"", ""xref_name"": ""memory"", ""xref_src_db"": ""GoProcess""}, {""xref_id"": ""GO:0007626"", ""xref_name"": ""locomotory behavior"", ""xref_src_db"": ""GoProcess""}, {""xref_id"": ""GO:0008306"", ""xref_name"": ""associative learning"", ""xref_src_db"": ""GoProcess""}, {""xref_id"": ""GO:0008542"", ""xref_name"": ""visual learning"", ""xref_src_db"": ""GoProcess""}, {""xref_id"": ""GO:0014046"", ""xref_name"": ""dopamine secretion"", ""xref_src_db"": ""GoProcess""}, {""xref_id"": ""GO:0014059"", ""xref_name"": ""regulation of dopamine secretion"", ""xref_src_db"": ""GoProcess""}, {""xref_id"": ""GO:0019228"", ""xref_name"": ""neuronal action potential"", ""xref_src_db"": ""GoProcess""}, {""xref_id"": ""GO:0019233"", ""xref_name"": ""sensory perception of pain"", ""xref_src_db"": ""GoProcess""}, {""xref_id"": ""GO:0021562"", ""xref_name"": ""vestibulocochlear nerve development"", ""xref_src_db"": ""GoProcess""}, {""xref_id"": ""GO:0021631"", ""xref_name"": ""optic nerve morphogenesis"", ""xref_src_db"": ""GoProcess""}, {""xref_id"": ""GO:0021771"", ""xref_name"": ""lateral geniculate nucleus development"", ""xref_src_db"": ""GoProcess""}, {""xref_id"": ""GO:0021952"", ""xref_name"": ""central nervous system projection neuron axonogenesis"", ""xref_src_db"": ""GoProcess""}, {""xref_id"": ""GO:0021955"", ""xref_name"": ""central nervous system neuron axonogenesis"", ""xref_src_db"": ""GoProcess""}, {""xref_id"": ""GO:0030890"", ""xref_name"": ""positive regulation of B cell proliferation"", ""xref_src_db"": ""GoProcess""}, {""xref_id"": ""GO:0032225"", ""xref_name"": ""regulation of synaptic transmission, dopaminergic"", ""xref_src_db"": ""GoProcess""}, {""xref_id"": ""GO:0032226"", ""xref_name"": ""positive regulation of synaptic transmission, dopaminergic"", ""xref_src_db"": ""GoProcess""}, {""xref_id"": ""GO:0033603"", ""xref_name"": ""positive regulation of dopamine secretion"", ""xref_src_db"": ""GoProcess""}, {""xref_id"": ""GO:0034220"", ""xref_name"": ""monoatomic ion transmembrane transport"", ""xref_src_db"": ""GoProcess""}, {""xref_id"": ""GO:0035095"", ""xref_name"": ""behavioral response to nicotine"", ""xref_src_db"": ""GoProcess""}, {""xref_id"": ""GO:0035176"", ""xref_name"": ""social behavior"", ""xref_src_db"": ""GoProcess""}, {""xref_id"": ""GO:0042100"", ""xref_name"": ""B cell proliferation"", ""xref_src_db"": ""GoProcess""}, {""xref_id"": ""GO:0042113"", ""xref_name"": ""B cell activation"", ""xref_src_db"": ""GoProcess""}, {""xref_id"": ""GO:0042320"", ""xref_name"": ""regulation of circadian sleep/wake cycle, REM sleep"", ""xref_src_db"": ""GoProcess""}, {""xref_id"": ""GO:0042391"", ""xref_name"": ""regulation of membrane potential"", ""xref_src_db"": ""GoProcess""}, {""xref_id"": ""GO:0045188"", ""xref_name"": ""regulation of circadian sleep/wake cycle, non-REM sleep"", ""xref_src_db"": ""GoProcess""}, {""xref_id"": ""GO:0048814"", ""xref_name"": ""regulation of dendrite morphogenesis"", ""xref_src_db"": ""GoProcess""}, {""xref_id"": ""GO:0050877"", ""xref_name"": ""nervous system process"", ""xref_src_db"": ""GoProcess""}, {""xref_id"": ""GO:0050890"", ""xref_name"": ""cognition"", ""xref_src_db"": ""GoProcess""}, {""xref_id"": ""GO:0051899"", ""xref_name"": ""membrane depolarization"", ""xref_src_db"": ""GoProcess""}, {""xref_id"": ""GO:0051963"", ""xref_name"": ""regulation of synapse assembly"", ""xref_src_db"": ""GoProcess""}, {""xref_id"": ""GO:0060078"", ""xref_name"": ""regulation of postsynaptic membrane potential"", ""xref_src_db"": ""GoProcess""}, {""xref_id"": ""GO:0060079"", ""xref_name"": ""excitatory postsynaptic potential"", ""xref_src_db"": ""GoProcess""}, {""xref_id"": ""GO:0060084"", ""xref_name"": ""synaptic transmission involved in micturition"", ""xref_src_db"": ""GoProcess""}, {""xref_id"": ""GO:0095500"", ""xref_name"": ""acetylcholine receptor signaling pathway"", ""xref_src_db"": ""GoProcess""}, {""xref_id"": ""GO:0099171"", ""xref_name"": ""presynaptic modulation of chemical synaptic transmission"", ""xref_src_db"": ""GoProcess""}, {""xref_id"": ""GO:1904456"", ""xref_name"": ""negative regulation of neuronal action potential"", ""xref_src_db"": ""GoProcess""}, {""xref_id"": ""P12390"", ""xref_name"": null, ""xref_src_db"": ""IntAct""}, {""xref_id"": ""IPR002394"", ""xref_name"": ""Nicotinic_acetylcholine_rcpt"", ""xref_src_db"": ""InterPro""}, {""xref_id"": ""IPR006029"", ""xref_name"": ""Neurotrans-gated_channel_TM"", ""xref_src_db"": ""InterPro""}, {""xref_id"": ""IPR006201"", ""xref_name"": ""Neur_channel"", ""xref_src_db"": ""InterPro""}, {""xref_id"": ""IPR006202"", ""xref_name"": ""Neur_chan_lig-bd"", ""xref_src_db"": ""InterPro""}, {""xref_id"": ""IPR018000"", ""xref_name"": ""Neurotransmitter_ion_chnl_CS"", ""xref_src_db"": ""InterPro""}, {""xref_id"": ""IPR036719"", ""xref_name"": ""Neuro-gated_channel_TM_sf"", ""xref_src_db"": ""InterPro""}, {""xref_id"": ""IPR036734"", ""xref_name"": ""Neur_chan_lig-bd_sf"", ""xref_src_db"": ""InterPro""}, {""xref_id"": ""IPR038050"", ""xref_name"": ""Neuro_actylchol_rec"", ""xref_src_db"": ""InterPro""}, {""xref_id"": ""PTHR18945"", ""xref_name"": ""NEUROTRANSMITTER GATED ION CHANNEL"", ""xref_src_db"": ""PANTHER""}, {""xref_id"": ""PF02931"", ""xref_name"": ""Neur_chan_LBD"", ""xref_src_db"": ""Pfam""}, {""xref_id"": ""PF02932"", ""xref_name"": ""Neur_chan_memb"", ""xref_src_db"": ""Pfam""}, {""xref_id"": ""R-RNO-629587"", ""xref_name"": ""Highly sodium permeable postsynaptic acetylcholine nicotinic receptors"", ""xref_src_db"": ""Reactome""}, {""xref_id"": ""R-RNO-629594"", ""xref_name"": ""Highly calcium permeable postsynaptic nicotinic acetylcholine receptors"", ""xref_src_db"": ""Reactome""}, {""xref_id"": ""R-RNO-629597"", ""xref_name"": ""Highly calcium permeable nicotinic acetylcholine receptors"", ""xref_src_db"": ""Reactome""}, {""xref_id"": ""P12390"", ""xref_name"": ""Neuronal acetylcholine receptor subunit beta-2"", ""xref_src_db"": ""UniProt""}, {""xref_id"": ""Q53YK1"", ""xref_name"": ""Neuronal acetylcholine receptor subunit beta-2"", ""xref_src_db"": ""UniProt""}]",1,"[{""xref_id"": ""P12390"", ""xref_name"": null, ""xref_src_db"": ""AlphaFoldDB""}, {""xref_id"": ""GO:0005886"", ""xref_name"": ""plasma membrane"", ""xref_src_db"": ""GoComponent""}, {""xref_id"": ""GO:0005892"", ""xref_name"": ""acetylcholine-gated channel complex"", ""xref_src_db"": ""GoComponent""}, {""xref_id"": ""GO:0009897"", ""xref_name"": ""external side of plasma membrane"", ""xref_src_db"": ""GoComponent""}, {""xref_id"": ""GO:0032991"", ""xref_name"": ""protein-containing complex"", ""xref_src_db"": ""GoComponent""}, {""xref_id"": ""GO:0042734"", ""xref_name"": ""presynaptic membrane"", ""xref_src_db"": ""GoComponent""}, {""xref_id"": ""GO:0043005"", ""xref_name"": ""neuron projection"", ""xref_src_db"": ""GoComponent""}, {""xref_id"": ""GO:0044853"", ""xref_name"": ""plasma membrane raft"", ""xref_src_db"": ""GoComponent""}, {""xref_id"": ""GO:0045202"", ""xref_name"": ""synapse"", ""xref_src_db"": ""GoComponent""}, {""xref_id"": ""GO:0045211"", ""xref_name"": ""postsynaptic membrane"", ""xref_src_db"": ""GoComponent""}, {""xref_id"": ""GO:0098691"", ""xref_name"": ""dopaminergic synapse"", ""xref_src_db"": ""GoComponent""}, {""xref_id"": ""GO:0098793"", ""xref_name"": ""presynapse"", ""xref_src_db"": ""GoComponent""}, {""xref_id"": ""GO:0098981"", ""xref_name"": ""cholinergic synapse"", ""xref_src_db"": ""GoComponent""}, {""xref_id"": ""GO:0099634"", ""xref_name"": ""postsynaptic specialization membrane"", ""xref_src_db"": ""GoComponent""}, {""xref_id"": ""GO:0004888"", ""xref_name"": ""transmembrane signaling receptor activity"", ""xref_src_db"": ""GoFunction""}, {""xref_id"": ""GO:0005515"", ""xref_name"": ""protein binding"", ""xref_src_db"": ""GoFunction""}, {""xref_id"": ""GO:0015464"", ""xref_name"": ""acetylcholine receptor activity"", ""xref_src_db"": ""GoFunction""}, {""xref_id"": ""GO:0022848"", ""xref_name"": ""acetylcholine-gated monoatomic cation-selective channel activity"", ""xref_src_db"": ""GoFunction""}, {""xref_id"": ""GO:0042166"", ""xref_name"": ""acetylcholine binding"", ""xref_src_db"": ""GoFunction""}, {""xref_id"": ""GO:1904315"", ""xref_name"": ""transmitter-gated monoatomic ion channel activity involved in regulation of postsynaptic membrane potential"", ""xref_src_db"": ""GoFunction""}, {""xref_id"": ""GO:0001508"", ""xref_name"": ""action potential"", ""xref_src_db"": ""GoProcess""}, {""xref_id"": ""GO:0001661"", ""xref_name"": ""conditioned taste aversion"", ""xref_src_db"": ""GoProcess""}, {""xref_id"": ""GO:0001666"", ""xref_name"": ""response to hypoxia"", ""xref_src_db"": ""GoProcess""}, {""xref_id"": ""GO:0006816"", ""xref_name"": ""calcium ion transport"", ""xref_src_db"": ""GoProcess""}, {""xref_id"": ""GO:0007165"", ""xref_name"": ""signal transduction"", ""xref_src_db"": ""GoProcess""}, {""xref_id"": ""GO:0007271"", ""xref_name"": ""synaptic transmission, cholinergic"", ""xref_src_db"": ""GoProcess""}, {""xref_id"": ""GO:0007601"", ""xref_name"": ""visual perception"", ""xref_src_db"": ""GoProcess""}, {""xref_id"": ""GO:0007605"", ""xref_name"": ""sensory perception of sound"", ""xref_src_db"": ""GoProcess""}, {""xref_id"": ""GO:0007612"", ""xref_name"": ""learning"", ""xref_src_db"": ""GoProcess""}, {""xref_id"": ""GO:0007613"", ""xref_name"": ""memory"", ""xref_src_db"": ""GoProcess""}, {""xref_id"": ""GO:0007626"", ""xref_name"": ""locomotory behavior"", ""xref_src_db"": ""GoProcess""}, {""xref_id"": ""GO:0008306"", ""xref_name"": ""associative learning"", ""xref_src_db"": ""GoProcess""}, {""xref_id"": ""GO:0008542"", ""xref_name"": ""visual learning"", ""xref_src_db"": ""GoProcess""}, {""xref_id"": ""GO:0014046"", ""xref_name"": ""dopamine secretion"", ""xref_src_db"": ""GoProcess""}, {""xref_id"": ""GO:0014059"", ""xref_name"": ""regulation of dopamine secretion"", ""xref_src_db"": ""GoProcess""}, {""xref_id"": ""GO:0019228"", ""xref_name"": ""neuronal action potential"", ""xref_src_db"": ""GoProcess""}, {""xref_id"": ""GO:0019233"", ""xref_name"": ""sensory perception of pain"", ""xref_src_db"": ""GoProcess""}, {""xref_id"": ""GO:0021562"", ""xref_name"": ""vestibulocochlear nerve development"", ""xref_src_db"": ""GoProcess""}, {""xref_id"": ""GO:0021631"", ""xref_name"": ""optic nerve morphogenesis"", ""xref_src_db"": ""GoProcess""}, {""xref_id"": ""GO:0021771"", ""xref_name"": ""lateral geniculate nucleus development"", ""xref_src_db"": ""GoProcess""}, {""xref_id"": ""GO:0021952"", ""xref_name"": ""central nervous system projection neuron axonogenesis"", ""xref_src_db"": ""GoProcess""}, {""xref_id"": ""GO:0021955"", ""xref_name"": ""central nervous system neuron axonogenesis"", ""xref_src_db"": ""GoProcess""}, {""xref_id"": ""GO:0030890"", ""xref_name"": ""positive regulation of B cell proliferation"", ""xref_src_db"": ""GoProcess""}, {""xref_id"": ""GO:0032225"", ""xref_name"": ""regulation of synaptic transmission, dopaminergic"", ""xref_src_db"": ""GoProcess""}, {""xref_id"": ""GO:0032226"", ""xref_name"": ""positive regulation of synaptic transmission, dopaminergic"", ""xref_src_db"": ""GoProcess""}, {""xref_id"": ""GO:0033603"", ""xref_name"": ""positive regulation of dopamine secretion"", ""xref_src_db"": ""GoProcess""}, {""xref_id"": ""GO:0034220"", ""xref_name"": ""monoatomic ion transmembrane transport"", ""xref_src_db"": ""GoProcess""}, {""xref_id"": ""GO:0035095"", ""xref_name"": ""behavioral response to nicotine"", ""xref_src_db"": ""GoProcess""}, {""xref_id"": ""GO:0035176"", ""xref_name"": ""social behavior"", ""xref_src_db"": ""GoProcess""}, {""xref_id"": ""GO:0042100"", ""xref_name"": ""B cell proliferation"", ""xref_src_db"": ""GoProcess""}, {""xref_id"": ""GO:0042113"", ""xref_name"": ""B cell activation"", ""xref_src_db"": ""GoProcess""}, {""xref_id"": ""GO:0042320"", ""xref_name"": ""regulation of circadian sleep/wake cycle, REM sleep"", ""xref_src_db"": ""GoProcess""}, {""xref_id"": ""GO:0042391"", ""xref_name"": ""regulation of membrane potential"", ""xref_src_db"": ""GoProcess""}, {""xref_id"": ""GO:0045188"", ""xref_name"": ""regulation of circadian sleep/wake cycle, non-REM sleep"", ""xref_src_db"": ""GoProcess""}, {""xref_id"": ""GO:0048814"", ""xref_name"": ""regulation of dendrite morphogenesis"", ""xref_src_db"": ""GoProcess""}, {""xref_id"": ""GO:0050877"", ""xref_name"": ""nervous system process"", ""xref_src_db"": ""GoProcess""}, {""xref_id"": ""GO:0050890"", ""xref_name"": ""cognition"", ""xref_src_db"": ""GoProcess""}, {""xref_id"": ""GO:0051899"", ""xref_name"": ""membrane depolarization"", ""xref_src_db"": ""GoProcess""}, {""xref_id"": ""GO:0051963"", ""xref_name"": ""regulation of synapse assembly"", ""xref_src_db"": ""GoProcess""}, {""xref_id"": ""GO:0060078"", ""xref_name"": ""regulation of postsynaptic membrane potential"", ""xref_src_db"": ""GoProcess""}, {""xref_id"": ""GO:0060079"", ""xref_name"": ""excitatory postsynaptic potential"", ""xref_src_db"": ""GoProcess""}, {""xref_id"": ""GO:0060084"", ""xref_name"": ""synaptic transmission involved in micturition"", ""xref_src_db"": ""GoProcess""}, {""xref_id"": ""GO:0095500"", ""xref_name"": ""acetylcholine receptor signaling pathway"", ""xref_src_db"": ""GoProcess""}, {""xref_id"": ""GO:0099171"", ""xref_name"": ""presynaptic modulation of chemical synaptic transmission"", ""xref_src_db"": ""GoProcess""}, {""xref_id"": ""GO:1904456"", ""xref_name"": ""negative regulation of neuronal action potential"", ""xref_src_db"": ""GoProcess""}, {""xref_id"": ""P12390"", ""xref_name"": null, ""xref_src_db"": ""IntAct""}, {""xref_id"": ""IPR002394"", ""xref_name"": ""Nicotinic_acetylcholine_rcpt"", ""xref_src_db"": ""InterPro""}, {""xref_id"": ""IPR006029"", ""xref_name"": ""Neurotrans-gated_channel_TM"", ""xref_src_db"": ""InterPro""}, {""xref_id"": ""IPR006201"", ""xref_name"": ""Neur_channel"", ""xref_src_db"": ""InterPro""}, {""xref_id"": ""IPR006202"", ""xref_name"": ""Neur_chan_lig-bd"", ""xref_src_db"": ""InterPro""}, {""xref_id"": ""IPR018000"", ""xref_name"": ""Neurotransmitter_ion_chnl_CS"", ""xref_src_db"": ""InterPro""}, {""xref_id"": ""IPR036719"", ""xref_name"": ""Neuro-gated_channel_TM_sf"", ""xref_src_db"": ""InterPro""}, {""xref_id"": ""IPR036734"", ""xref_name"": ""Neur_chan_lig-bd_sf"", ""xref_src_db"": ""InterPro""}, {""xref_id"": ""IPR038050"", ""xref_name"": ""Neuro_actylchol_rec"", ""xref_src_db"": ""InterPro""}, {""xref_id"": ""PTHR18945"", ""xref_name"": ""NEUROTRANSMITTER GATED ION CHANNEL"", ""xref_src_db"": ""PANTHER""}, {""xref_id"": ""PF02931"", ""xref_name"": ""Neur_chan_LBD"", ""xref_src_db"": ""Pfam""}, {""xref_id"": ""PF02932"", ""xref_name"": ""Neur_chan_memb"", ""xref_src_db"": ""Pfam""}, {""xref_id"": ""R-RNO-629587"", ""xref_name"": ""Highly sodium permeable postsynaptic acetylcholine nicotinic receptors"", ""xref_src_db"": ""Reactome""}, {""xref_id"": ""R-RNO-629594"", ""xref_name"": ""Highly calcium permeable postsynaptic nicotinic acetylcholine receptors"", ""xref_src_db"": ""Reactome""}, {""xref_id"": ""R-RNO-629597"", ""xref_name"": ""Highly calcium permeable nicotinic acetylcholine receptors"", ""xref_src_db"": ""Reactome""}, {""xref_id"": ""P12390"", ""xref_name"": ""Neuronal acetylcholine receptor subunit beta-2"", ""xref_src_db"": ""UniProt""}, {""xref_id"": ""Q53YK1"", ""xref_name"": ""Neuronal acetylcholine receptor subunit beta-2"", ""xref_src_db"": ""UniProt""}]",normalized_field,tests/fixtures/bronze/chembl/target_component/sample_ci_2026-04-29.jsonl
chembl_target_component,chembl/target_component,target_component_xrefs,bronze_fixture,"[{""xref_id"": ""P12392"", ""xref_name"": null, ""xref_src_db"": ""AlphaFoldDB""}, {""xref_id"": ""GO:0005886"", ""xref_name"": ""plasma membrane"", ""xref_src_db"": ""GoComponent""}, {""xref_id"": ""GO:0005892"", ""xref_name"": ""acetylcholine-gated channel complex"", ""xref_src_db"": ""GoComponent""}, {""xref_id"": ""GO:0032991"", ""xref_name"": ""protein-containing complex"", ""xref_src_db"": ""GoComponent""}, {""xref_id"": ""GO:0043005"", ""xref_name"": ""neuron projection"", ""xref_src_db"": ""GoComponent""}, {""xref_id"": ""GO:0045202"", ""xref_name"": ""synapse"", ""xref_src_db"": ""GoComponent""}, {""xref_id"": ""GO:0045211"", ""xref_name"": ""postsynaptic membrane"", ""xref_src_db"": ""GoComponent""}, {""xref_id"": ""GO:0098981"", ""xref_name"": ""cholinergic synapse"", ""xref_src_db"": ""GoComponent""}, {""xref_id"": ""GO:0099634"", ""xref_name"": ""postsynaptic specialization membrane"", ""xref_src_db"": ""GoComponent""}, {""xref_id"": ""GO:0004888"", ""xref_name"": ""transmembrane signaling receptor activity"", ""xref_src_db"": ""GoFunction""}, {""xref_id"": ""GO:0005515"", ""xref_name"": ""protein binding"", ""xref_src_db"": ""GoFunction""}, {""xref_id"": ""GO:0015464"", ""xref_name"": ""acetylcholine receptor activity"", ""xref_src_db"": ""GoFunction""}, {""xref_id"": ""GO:0022848"", ""xref_name"": ""acetylcholine-gated monoatomic cation-selective channel activity"", ""xref_src_db"": ""GoFunction""}, {""xref_id"": ""GO:0042166"", ""xref_name"": ""acetylcholine binding"", ""xref_src_db"": ""GoFunction""}, {""xref_id"": ""GO:1904315"", ""xref_name"": ""transmitter-gated monoatomic ion channel activity involved in regulation of postsynaptic membrane potential"", ""xref_src_db"": ""GoFunction""}, {""xref_id"": ""GO:0006940"", ""xref_name"": ""regulation of smooth muscle contraction"", ""xref_src_db"": ""GoProcess""}, {""xref_id"": ""GO:0007165"", ""xref_name"": ""signal transduction"", ""xref_src_db"": ""GoProcess""}, {""xref_id"": ""GO:0007271"", ""xref_name"": ""synaptic transmission, cholinergic"", ""xref_src_db"": ""GoProcess""}, {""xref_id"": ""GO:0007626"", ""xref_name"": ""locomotory behavior"", ""xref_src_db"": ""GoProcess""}, {""xref_id"": ""GO:0019228"", ""xref_name"": ""neuronal action potential"", ""xref_src_db"": ""GoProcess""}, {""xref_id"": ""GO:0034220"", ""xref_name"": ""monoatomic ion transmembrane transport"", ""xref_src_db"": ""GoProcess""}, {""xref_id"": ""GO:0035095"", ""xref_name"": ""behavioral response to nicotine"", ""xref_src_db"": ""GoProcess""}, {""xref_id"": ""GO:0042391"", ""xref_name"": ""regulation of membrane potential"", ""xref_src_db"": ""GoProcess""}, {""xref_id"": ""GO:0051899"", ""xref_name"": ""membrane depolarization"", ""xref_src_db"": ""GoProcess""}, {""xref_id"": ""GO:0051971"", ""xref_name"": ""positive regulation of transmission of nerve impulse"", ""xref_src_db"": ""GoProcess""}, {""xref_id"": ""GO:0060078"", ""xref_name"": ""regulation of postsynaptic membrane potential"", ""xref_src_db"": ""GoProcess""}, {""xref_id"": ""GO:0060079"", ""xref_name"": ""excitatory postsynaptic potential"", ""xref_src_db"": ""GoProcess""}, {""xref_id"": ""GO:0060084"", ""xref_name"": ""synaptic transmission involved in micturition"", ""xref_src_db"": ""GoProcess""}, {""xref_id"": ""GO:0095500"", ""xref_name"": ""acetylcholine receptor signaling pathway"", ""xref_src_db"": ""GoProcess""}, {""xref_id"": ""P12392"", ""xref_name"": null, ""xref_src_db"": ""IntAct""}, {""xref_id"": ""IPR002394"", ""xref_name"": ""Nicotinic_acetylcholine_rcpt"", ""xref_src_db"": ""InterPro""}, {""xref_id"": ""IPR006029"", ""xref_name"": ""Neurotrans-gated_channel_TM"", ""xref_src_db"": ""InterPro""}, {""xref_id"": ""IPR006201"", ""xref_name"": ""Neur_channel"", ""xref_src_db"": ""InterPro""}, {""xref_id"": ""IPR006202"", ""xref_name"": ""Neur_chan_lig-bd"", ""xref_src_db"": ""InterPro""}, {""xref_id"": ""IPR018000"", ""xref_name"": ""Neurotransmitter_ion_chnl_CS"", ""xref_src_db"": ""InterPro""}, {""xref_id"": ""IPR036719"", ""xref_name"": ""Neuro-gated_channel_TM_sf"", ""xref_src_db"": ""InterPro""}, {""xref_id"": ""IPR036734"", ""xref_name"": ""Neur_chan_lig-bd_sf"", ""xref_src_db"": ""InterPro""}, {""xref_id"": ""IPR038050"", ""xref_name"": ""Neuro_actylchol_rec"", ""xref_src_db"": ""InterPro""}, {""xref_id"": ""PTHR18945"", ""xref_name"": ""NEUROTRANSMITTER GATED ION CHANNEL"", ""xref_src_db"": ""PANTHER""}, {""xref_id"": ""PF02931"", ""xref_name"": ""Neur_chan_LBD"", ""xref_src_db"": ""Pfam""}, {""xref_id"": ""PF02932"", ""xref_name"": ""Neur_chan_memb"", ""xref_src_db"": ""Pfam""}, {""xref_id"": ""R-RNO-629587"", ""xref_name"": ""Highly sodium permeable postsynaptic acetylcholine nicotinic receptors"", ""xref_src_db"": ""Reactome""}, {""xref_id"": ""R-RNO-629594"", ""xref_name"": ""Highly calcium permeable postsynaptic nicotinic acetylcholine receptors"", ""xref_src_db"": ""Reactome""}, {""xref_id"": ""R-RNO-629597"", ""xref_name"": ""Highly calcium permeable nicotinic acetylcholine receptors"", ""xref_src_db"": ""Reactome""}, {""xref_id"": ""R-RNO-6798695"", ""xref_name"": ""Neutrophil degranulation"", ""xref_src_db"": ""Reactome""}, {""xref_id"": ""P12392"", ""xref_name"": ""Neuronal acetylcholine receptor subunit beta-4"", ""xref_src_db"": ""UniProt""}, {""xref_id"": ""Q63361"", ""xref_name"": ""Neuronal acetylcholine receptor subunit beta-4"", ""xref_src_db"": ""UniProt""}]",1,"[{""xref_id"": ""P12392"", ""xref_name"": null, ""xref_src_db"": ""AlphaFoldDB""}, {""xref_id"": ""GO:0005886"", ""xref_name"": ""plasma membrane"", ""xref_src_db"": ""GoComponent""}, {""xref_id"": ""GO:0005892"", ""xref_name"": ""acetylcholine-gated channel complex"", ""xref_src_db"": ""GoComponent""}, {""xref_id"": ""GO:0032991"", ""xref_name"": ""protein-containing complex"", ""xref_src_db"": ""GoComponent""}, {""xref_id"": ""GO:0043005"", ""xref_name"": ""neuron projection"", ""xref_src_db"": ""GoComponent""}, {""xref_id"": ""GO:0045202"", ""xref_name"": ""synapse"", ""xref_src_db"": ""GoComponent""}, {""xref_id"": ""GO:0045211"", ""xref_name"": ""postsynaptic membrane"", ""xref_src_db"": ""GoComponent""}, {""xref_id"": ""GO:0098981"", ""xref_name"": ""cholinergic synapse"", ""xref_src_db"": ""GoComponent""}, {""xref_id"": ""GO:0099634"", ""xref_name"": ""postsynaptic specialization membrane"", ""xref_src_db"": ""GoComponent""}, {""xref_id"": ""GO:0004888"", ""xref_name"": ""transmembrane signaling receptor activity"", ""xref_src_db"": ""GoFunction""}, {""xref_id"": ""GO:0005515"", ""xref_name"": ""protein binding"", ""xref_src_db"": ""GoFunction""}, {""xref_id"": ""GO:0015464"", ""xref_name"": ""acetylcholine receptor activity"", ""xref_src_db"": ""GoFunction""}, {""xref_id"": ""GO:0022848"", ""xref_name"": ""acetylcholine-gated monoatomic cation-selective channel activity"", ""xref_src_db"": ""GoFunction""}, {""xref_id"": ""GO:0042166"", ""xref_name"": ""acetylcholine binding"", ""xref_src_db"": ""GoFunction""}, {""xref_id"": ""GO:1904315"", ""xref_name"": ""transmitter-gated monoatomic ion channel activity involved in regulation of postsynaptic membrane potential"", ""xref_src_db"": ""GoFunction""}, {""xref_id"": ""GO:0006940"", ""xref_name"": ""regulation of smooth muscle contraction"", ""xref_src_db"": ""GoProcess""}, {""xref_id"": ""GO:0007165"", ""xref_name"": ""signal transduction"", ""xref_src_db"": ""GoProcess""}, {""xref_id"": ""GO:0007271"", ""xref_name"": ""synaptic transmission, cholinergic"", ""xref_src_db"": ""GoProcess""}, {""xref_id"": ""GO:0007626"", ""xref_name"": ""locomotory behavior"", ""xref_src_db"": ""GoProcess""}, {""xref_id"": ""GO:0019228"", ""xref_name"": ""neuronal action potential"", ""xref_src_db"": ""GoProcess""}, {""xref_id"": ""GO:0034220"", ""xref_name"": ""monoatomic ion transmembrane transport"", ""xref_src_db"": ""GoProcess""}, {""xref_id"": ""GO:0035095"", ""xref_name"": ""behavioral response to nicotine"", ""xref_src_db"": ""GoProcess""}, {""xref_id"": ""GO:0042391"", ""xref_name"": ""regulation of membrane potential"", ""xref_src_db"": ""GoProcess""}, {""xref_id"": ""GO:0051899"", ""xref_name"": ""membrane depolarization"", ""xref_src_db"": ""GoProcess""}, {""xref_id"": ""GO:0051971"", ""xref_name"": ""positive regulation of transmission of nerve impulse"", ""xref_src_db"": ""GoProcess""}, {""xref_id"": ""GO:0060078"", ""xref_name"": ""regulation of postsynaptic membrane potential"", ""xref_src_db"": ""GoProcess""}, {""xref_id"": ""GO:0060079"", ""xref_name"": ""excitatory postsynaptic potential"", ""xref_src_db"": ""GoProcess""}, {""xref_id"": ""GO:0060084"", ""xref_name"": ""synaptic transmission involved in micturition"", ""xref_src_db"": ""GoProcess""}, {""xref_id"": ""GO:0095500"", ""xref_name"": ""acetylcholine receptor signaling pathway"", ""xref_src_db"": ""GoProcess""}, {""xref_id"": ""P12392"", ""xref_name"": null, ""xref_src_db"": ""IntAct""}, {""xref_id"": ""IPR002394"", ""xref_name"": ""Nicotinic_acetylcholine_rcpt"", ""xref_src_db"": ""InterPro""}, {""xref_id"": ""IPR006029"", ""xref_name"": ""Neurotrans-gated_channel_TM"", ""xref_src_db"": ""InterPro""}, {""xref_id"": ""IPR006201"", ""xref_name"": ""Neur_channel"", ""xref_src_db"": ""InterPro""}, {""xref_id"": ""IPR006202"", ""xref_name"": ""Neur_chan_lig-bd"", ""xref_src_db"": ""InterPro""}, {""xref_id"": ""IPR018000"", ""xref_name"": ""Neurotransmitter_ion_chnl_CS"", ""xref_src_db"": ""InterPro""}, {""xref_id"": ""IPR036719"", ""xref_name"": ""Neuro-gated_channel_TM_sf"", ""xref_src_db"": ""InterPro""}, {""xref_id"": ""IPR036734"", ""xref_name"": ""Neur_chan_lig-bd_sf"", ""xref_src_db"": ""InterPro""}, {""xref_id"": ""IPR038050"", ""xref_name"": ""Neuro_actylchol_rec"", ""xref_src_db"": ""InterPro""}, {""xref_id"": ""PTHR18945"", ""xref_name"": ""NEUROTRANSMITTER GATED ION CHANNEL"", ""xref_src_db"": ""PANTHER""}, {""xref_id"": ""PF02931"", ""xref_name"": ""Neur_chan_LBD"", ""xref_src_db"": ""Pfam""}, {""xref_id"": ""PF02932"", ""xref_name"": ""Neur_chan_memb"", ""xref_src_db"": ""Pfam""}, {""xref_id"": ""R-RNO-629587"", ""xref_name"": ""Highly sodium permeable postsynaptic acetylcholine nicotinic receptors"", ""xref_src_db"": ""Reactome""}, {""xref_id"": ""R-RNO-629594"", ""xref_name"": ""Highly calcium permeable postsynaptic nicotinic acetylcholine receptors"", ""xref_src_db"": ""Reactome""}, {""xref_id"": ""R-RNO-629597"", ""xref_name"": ""Highly calcium permeable nicotinic acetylcholine receptors"", ""xref_src_db"": ""Reactome""}, {""xref_id"": ""R-RNO-6798695"", ""xref_name"": ""Neutrophil degranulation"", ""xref_src_db"": ""Reactome""}, {""xref_id"": ""P12392"", ""xref_name"": ""Neuronal acetylcholine receptor subunit beta-4"", ""xref_src_db"": ""UniProt""}, {""xref_id"": ""Q63361"", ""xref_name"": ""Neuronal acetylcholine receptor subunit beta-4"", ""xref_src_db"": ""UniProt""}]",normalized_field,tests/fixtures/bronze/chembl/target_component/sample_ci_2026-04-29.jsonl
chembl_target_component,chembl/target_component,target_component_xrefs,edge_fixture,"[{""xref_id"": ""P12345"", ""xref_name"": ""Edge protein"", ""xref_src_db"": ""UniProt""}, {""xref_id"": ""GO:0003677"", ""xref_name"": ""DNA binding"", ""xref_src_db"": ""GoFunction""}, {""xref_id"": ""IPR000111"", ""xref_name"": ""Edge domain"", ""xref_src_db"": ""InterPro""}]",1,"[{""xref_id"": ""P12345"", ""xref_name"": ""Edge protein"", ""xref_src_db"": ""UniProt""}, {""xref_id"": ""GO:0003677"", ""xref_name"": ""DNA binding"", ""xref_src_db"": ""GoFunction""}, {""xref_id"": ""IPR000111"", ""xref_name"": ""Edge domain"", ""xref_src_db"": ""InterPro""}]",normalized_field,tests/fixtures/bronze/chembl/target_component/sample_edge_reference_ids_2026-05-11.jsonl
chembl_target_component,chembl/target_component,target_component_xrefs,edge_fixture,"[{""xref_id"": ""Q9Y243"", ""xref_name"": ""Edge RNA"", ""xref_src_db"": ""UniProt""}, {""xref_id"": ""GO:0003723"", ""xref_name"": ""RNA binding"", ""xref_src_db"": ""GoFunction""}, {""xref_id"": ""PF00012"", ""xref_name"": ""RNA motif"", ""xref_src_db"": ""Pfam""}]",1,"[{""xref_id"": ""Q9Y243"", ""xref_name"": ""Edge RNA"", ""xref_src_db"": ""UniProt""}, {""xref_id"": ""GO:0003723"", ""xref_name"": ""RNA binding"", ""xref_src_db"": ""GoFunction""}, {""xref_id"": ""PF00012"", ""xref_name"": ""RNA motif"", ""xref_src_db"": ""Pfam""}]",normalized_field,tests/fixtures/bronze/chembl/target_component/sample_edge_reference_ids_2026-05-11.jsonl
chembl_tissue,chembl/tissue,bto_id,bronze_fixture,BTO:0000282,1,BTO_0000282,ontology:bto,tests/fixtures/bronze/chembl/tissue/sample_ci_2026-04-29.jsonl
chembl_tissue,chembl/tissue,bto_id,bronze_fixture,BTO:0000497,1,BTO_0000497,ontology:bto,tests/fixtures/bronze/chembl/tissue/sample_ci_2026-04-29.jsonl
chembl_tissue,chembl/tissue,bto_id,bronze_fixture,BTO:0000706,1,BTO_0000706,ontology:bto,tests/fixtures/bronze/chembl/tissue/sample_ci_2026-04-29.jsonl
chembl_tissue,chembl/tissue,bto_id,bronze_fixture,BTO:0000784,1,BTO_0000784,ontology:bto,tests/fixtures/bronze/chembl/tissue/sample_ci_2026-04-29.jsonl
chembl_tissue,chembl/tissue,bto_id,bronze_fixture,BTO:0000840,1,BTO_0000840,ontology:bto,tests/fixtures/bronze/chembl/tissue/sample_ci_2026-04-29.jsonl
chembl_tissue,chembl/tissue,bto_id,bronze_fixture,BTO:0000991,1,BTO_0000991,ontology:bto,tests/fixtures/bronze/chembl/tissue/sample_ci_2026-04-29.jsonl
chembl_tissue,chembl/tissue,bto_id,bronze_fixture,BTO:0001073,1,BTO_0001073,ontology:bto,tests/fixtures/bronze/chembl/tissue/sample_ci_2026-04-29.jsonl
chembl_tissue,chembl/tissue,bto_id,bronze_fixture,BTO:0001264,1,BTO_0001264,ontology:bto,tests/fixtures/bronze/chembl/tissue/sample_ci_2026-04-29.jsonl
chembl_tissue,chembl/tissue,bto_id,bronze_fixture,BTO:0001356,1,BTO_0001356,ontology:bto,tests/fixtures/bronze/chembl/tissue/sample_ci_2026-04-29.jsonl
chembl_tissue,chembl/tissue,bto_id,bronze_fixture,BTO:0001409,1,BTO_0001409,ontology:bto,tests/fixtures/bronze/chembl/tissue/sample_ci_2026-04-29.jsonl
chembl_tissue,chembl/tissue,bto_id,bronze_fixture,BTO:0001421,1,BTO_0001421,ontology:bto,tests/fixtures/bronze/chembl/tissue/sample_ci_2026-04-29.jsonl
chembl_tissue,chembl/tissue,bto_id,bronze_fixture,BTO:0001426,1,BTO_0001426,ontology:bto,tests/fixtures/bronze/chembl/tissue/sample_ci_2026-04-29.jsonl
chembl_tissue,chembl/tissue,bto_id,bronze_fixture,BTO:0001463,1,BTO_0001463,ontology:bto,tests/fixtures/bronze/chembl/tissue/sample_ci_2026-04-29.jsonl
chembl_tissue,chembl/tissue,bto_id,bronze_fixture,BTO:0002107,1,BTO_0002107,ontology:bto,tests/fixtures/bronze/chembl/tissue/sample_ci_2026-04-29.jsonl
chembl_tissue,chembl/tissue,bto_id,bronze_fixture,BTO:0002330,1,BTO_0002330,ontology:bto,tests/fixtures/bronze/chembl/tissue/sample_ci_2026-04-29.jsonl
chembl_tissue,chembl/tissue,bto_id,edge_fixture,bto:0000142,1,BTO_0000142,ontology:bto,tests/fixtures/bronze/chembl/tissue/sample_edge_ontology_ids_2026-05-11.jsonl
chembl_tissue,chembl/tissue,bto_id,edge_fixture,BTO_0000147,1,BTO_0000147,ontology:bto,tests/fixtures/bronze/chembl/tissue/sample_edge_ontology_ids_2026-05-11.jsonl
chembl_tissue,chembl/tissue,bto_id,edge_fixture,bto:0000142,1,BTO_0000142,ontology:bto,tests/fixtures/bronze/chembl/tissue/sample_edge_ontology_namespaces_2026-05-11.jsonl
chembl_tissue,chembl/tissue,bto_id,edge_fixture,BTO_0000840,1,BTO_0000840,ontology:bto,tests/fixtures/bronze/chembl/tissue/sample_edge_ontology_namespaces_2026-05-11.jsonl
chembl_tissue,chembl/tissue,caloha_id,bronze_fixture,TS-0134,1,TS-0134,ontology:caloha,tests/fixtures/bronze/chembl/tissue/sample_ci_2026-04-29.jsonl
chembl_tissue,chembl/tissue,caloha_id,bronze_fixture,TS-0397,1,TS-0397,ontology:caloha,tests/fixtures/bronze/chembl/tissue/sample_ci_2026-04-29.jsonl
chembl_tissue,chembl/tissue,caloha_id,bronze_fixture,TS-0436,1,TS-0436,ontology:caloha,tests/fixtures/bronze/chembl/tissue/sample_ci_2026-04-29.jsonl
chembl_tissue,chembl/tissue,caloha_id,bronze_fixture,TS-0579,1,TS-0579,ontology:caloha,tests/fixtures/bronze/chembl/tissue/sample_ci_2026-04-29.jsonl
chembl_tissue,chembl/tissue,caloha_id,bronze_fixture,TS-0741,1,TS-0741,ontology:caloha,tests/fixtures/bronze/chembl/tissue/sample_ci_2026-04-29.jsonl
chembl_tissue,chembl/tissue,caloha_id,bronze_fixture,TS-0798,1,TS-0798,ontology:caloha,tests/fixtures/bronze/chembl/tissue/sample_ci_2026-04-29.jsonl
chembl_tissue,chembl/tissue,caloha_id,bronze_fixture,TS-0954,1,TS-0954,ontology:caloha,tests/fixtures/bronze/chembl/tissue/sample_ci_2026-04-29.jsonl
chembl_tissue,chembl/tissue,caloha_id,bronze_fixture,TS-1021,1,TS-1021,ontology:caloha,tests/fixtures/bronze/chembl/tissue/sample_ci_2026-04-29.jsonl
chembl_tissue,chembl/tissue,caloha_id,bronze_fixture,TS-1084,1,TS-1084,ontology:caloha,tests/fixtures/bronze/chembl/tissue/sample_ci_2026-04-29.jsonl
chembl_tissue,chembl/tissue,caloha_id,bronze_fixture,TS-1132,1,TS-1132,ontology:caloha,tests/fixtures/bronze/chembl/tissue/sample_ci_2026-04-29.jsonl
chembl_tissue,chembl/tissue,caloha_id,bronze_fixture,TS-1306,1,TS-1306,ontology:caloha,tests/fixtures/bronze/chembl/tissue/sample_ci_2026-04-29.jsonl
chembl_tissue,chembl/tissue,caloha_id,bronze_fixture,TS-2037,1,TS-2037,ontology:caloha,tests/fixtures/bronze/chembl/tissue/sample_ci_2026-04-29.jsonl
chembl_tissue,chembl/tissue,caloha_id,edge_fixture,CALOHA:TS-0284,1,TS-0284,ontology:caloha,tests/fixtures/bronze/chembl/tissue/sample_edge_ontology_ids_2026-05-11.jsonl
chembl_tissue,chembl/tissue,caloha_id,edge_fixture,TS-9001,1,TS-9001,ontology:caloha,tests/fixtures/bronze/chembl/tissue/sample_edge_ontology_ids_2026-05-11.jsonl
chembl_tissue,chembl/tissue,caloha_id,edge_fixture,TS-0284,1,TS-0284,ontology:caloha,tests/fixtures/bronze/chembl/tissue/sample_edge_ontology_namespaces_2026-05-11.jsonl
chembl_tissue,chembl/tissue,caloha_id,edge_fixture,TS-2037,1,TS-2037,ontology:caloha,tests/fixtures/bronze/chembl/tissue/sample_edge_ontology_namespaces_2026-05-11.jsonl
chembl_tissue,chembl/tissue,efo_id,bronze_fixture,EFO:0000634,1,EFO_0000634,ontology:efo,tests/fixtures/bronze/chembl/tissue/sample_ci_2026-04-29.jsonl
chembl_tissue,chembl/tissue,efo_id,bronze_fixture,EFO:0000840,1,EFO_0000840,ontology:efo,tests/fixtures/bronze/chembl/tissue/sample_ci_2026-04-29.jsonl
chembl_tissue,chembl/tissue,efo_id,bronze_fixture,EFO:0000856,1,EFO_0000856,ontology:efo,tests/fixtures/bronze/chembl/tissue/sample_ci_2026-04-29.jsonl
chembl_tissue,chembl/tissue,efo_id,bronze_fixture,EFO:0000857,1,EFO_0000857,ontology:efo,tests/fixtures/bronze/chembl/tissue/sample_ci_2026-04-29.jsonl
chembl_tissue,chembl/tissue,efo_id,bronze_fixture,EFO:0000872,1,EFO_0000872,ontology:efo,tests/fixtures/bronze/chembl/tissue/sample_ci_2026-04-29.jsonl
chembl_tissue,chembl/tissue,efo_id,bronze_fixture,EFO:0000885,1,EFO_0000885,ontology:efo,tests/fixtures/bronze/chembl/tissue/sample_ci_2026-04-29.jsonl
chembl_tissue,chembl/tissue,efo_id,bronze_fixture,EFO:0000899,1,EFO_0000899,ontology:efo,tests/fixtures/bronze/chembl/tissue/sample_ci_2026-04-29.jsonl
chembl_tissue,chembl/tissue,efo_id,bronze_fixture,EFO:0000900,1,EFO_0000900,ontology:efo,tests/fixtures/bronze/chembl/tissue/sample_ci_2026-04-29.jsonl
chembl_tissue,chembl/tissue,efo_id,bronze_fixture,EFO:0000930,1,EFO_0000930,ontology:efo,tests/fixtures/bronze/chembl/tissue/sample_ci_2026-04-29.jsonl
chembl_tissue,chembl/tissue,efo_id,bronze_fixture,EFO:0000931,1,EFO_0000931,ontology:efo,tests/fixtures/bronze/chembl/tissue/sample_ci_2026-04-29.jsonl
chembl_tissue,chembl/tissue,efo_id,bronze_fixture,EFO:0000964,1,EFO_0000964,ontology:efo,tests/fixtures/bronze/chembl/tissue/sample_ci_2026-04-29.jsonl
chembl_tissue,chembl/tissue,efo_id,bronze_fixture,EFO:0000979,1,EFO_0000979,ontology:efo,tests/fixtures/bronze/chembl/tissue/sample_ci_2026-04-29.jsonl
chembl_tissue,chembl/tissue,efo_id,edge_fixture,efo:0000400,1,EFO_0000400,ontology:efo,tests/fixtures/bronze/chembl/tissue/sample_edge_ontology_ids_2026-05-11.jsonl
chembl_tissue,chembl/tissue,efo_id,edge_fixture,EFO_0000500,1,EFO_0000500,ontology:efo,tests/fixtures/bronze/chembl/tissue/sample_edge_ontology_ids_2026-05-11.jsonl
chembl_tissue,chembl/tissue,efo_id,edge_fixture,efo_0000408,1,EFO_0000408,ontology:efo,tests/fixtures/bronze/chembl/tissue/sample_edge_ontology_namespaces_2026-05-11.jsonl
chembl_tissue,chembl/tissue,efo_id,edge_fixture,EFO:0000856,1,EFO_0000856,ontology:efo,tests/fixtures/bronze/chembl/tissue/sample_edge_ontology_namespaces_2026-05-11.jsonl
chembl_tissue,chembl/tissue,pref_name,bronze_fixture,Dorsal root ganglion,1,Dorsal root ganglion,normalized_field,tests/fixtures/bronze/chembl/tissue/sample_ci_2026-04-29.jsonl
chembl_tissue,chembl/tissue,pref_name,bronze_fixture,Duct,1,Duct,normalized_field,tests/fixtures/bronze/chembl/tissue/sample_ci_2026-04-29.jsonl
chembl_tissue,chembl/tissue,pref_name,bronze_fixture,Ganglion,1,Ganglion,normalized_field,tests/fixtures/bronze/chembl/tissue/sample_ci_2026-04-29.jsonl
chembl_tissue,chembl/tissue,pref_name,bronze_fixture,Head,1,Head,normalized_field,tests/fixtures/bronze/chembl/tissue/sample_ci_2026-04-29.jsonl
chembl_tissue,chembl/tissue,pref_name,bronze_fixture,Islets of langerhans,1,Islets of langerhans,normalized_field,tests/fixtures/bronze/chembl/tissue/sample_ci_2026-04-29.jsonl
chembl_tissue,chembl/tissue,pref_name,bronze_fixture,Lamina propria,1,Lamina propria,normalized_field,tests/fixtures/bronze/chembl/tissue/sample_ci_2026-04-29.jsonl
chembl_tissue,chembl/tissue,pref_name,bronze_fixture,Large intestine,1,Large intestine,normalized_field,tests/fixtures/bronze/chembl/tissue/sample_ci_2026-04-29.jsonl
chembl_tissue,chembl/tissue,pref_name,bronze_fixture,Lymph node,1,Lymph node,normalized_field,tests/fixtures/bronze/chembl/tissue/sample_ci_2026-04-29.jsonl
chembl_tissue,chembl/tissue,pref_name,bronze_fixture,Nose,1,Nose,normalized_field,tests/fixtures/bronze/chembl/tissue/sample_ci_2026-04-29.jsonl
chembl_tissue,chembl/tissue,pref_name,bronze_fixture,Organ,1,Organ,normalized_field,tests/fixtures/bronze/chembl/tissue/sample_ci_2026-04-29.jsonl
chembl_tissue,chembl/tissue,pref_name,bronze_fixture,Pituitary gland,1,Pituitary gland,normalized_field,tests/fixtures/bronze/chembl/tissue/sample_ci_2026-04-29.jsonl
chembl_tissue,chembl/tissue,pref_name,bronze_fixture,Submucosa,1,Submucosa,normalized_field,tests/fixtures/bronze/chembl/tissue/sample_ci_2026-04-29.jsonl
chembl_tissue,chembl/tissue,pref_name,bronze_fixture,Tendon,1,Tendon,normalized_field,tests/fixtures/bronze/chembl/tissue/sample_ci_2026-04-29.jsonl
chembl_tissue,chembl/tissue,pref_name,bronze_fixture,Tube,1,Tube,normalized_field,tests/fixtures/bronze/chembl/tissue/sample_ci_2026-04-29.jsonl
chembl_tissue,chembl/tissue,pref_name,bronze_fixture,Ureter,1,Ureter,normalized_field,tests/fixtures/bronze/chembl/tissue/sample_ci_2026-04-29.jsonl
chembl_tissue,chembl/tissue,pref_name,bronze_fixture,Urethra,1,Urethra,normalized_field,tests/fixtures/bronze/chembl/tissue/sample_ci_2026-04-29.jsonl
chembl_tissue,chembl/tissue,pref_name,bronze_fixture,Uterine cervix,1,Uterine cervix,normalized_field,tests/fixtures/bronze/chembl/tissue/sample_ci_2026-04-29.jsonl
chembl_tissue,chembl/tissue,pref_name,bronze_fixture,Vessel,1,Vessel,normalized_field,tests/fixtures/bronze/chembl/tissue/sample_ci_2026-04-29.jsonl
chembl_tissue,chembl/tissue,pref_name,bronze_fixture,Wing,1,Wing,normalized_field,tests/fixtures/bronze/chembl/tissue/sample_ci_2026-04-29.jsonl
chembl_tissue,chembl/tissue,pref_name,bronze_fixture,Zone of skin,1,Zone of skin,normalized_field,tests/fixtures/bronze/chembl/tissue/sample_ci_2026-04-29.jsonl
chembl_tissue,chembl/tissue,pref_name,edge_fixture,Edge kidney,1,Edge kidney,normalized_field,tests/fixtures/bronze/chembl/tissue/sample_edge_ontology_ids_2026-05-11.jsonl
chembl_tissue,chembl/tissue,pref_name,edge_fixture,Edge liver,1,Edge liver,normalized_field,tests/fixtures/bronze/chembl/tissue/sample_edge_ontology_ids_2026-05-11.jsonl
chembl_tissue,chembl/tissue,pref_name,edge_fixture,Edge Tissue A,1,Edge Tissue A,normalized_field,tests/fixtures/bronze/chembl/tissue/sample_edge_ontology_namespaces_2026-05-11.jsonl
chembl_tissue,chembl/tissue,pref_name,edge_fixture,Edge Tissue B,1,Edge Tissue B,normalized_field,tests/fixtures/bronze/chembl/tissue/sample_edge_ontology_namespaces_2026-05-11.jsonl
chembl_tissue,chembl/tissue,uberon_id,bronze_fixture,UBERON:0000002,1,UBERON_0000002,ontology:uberon,tests/fixtures/bronze/chembl/tissue/sample_ci_2026-04-29.jsonl
chembl_tissue,chembl/tissue,uberon_id,bronze_fixture,UBERON:0000004,1,UBERON_0000004,ontology:uberon,tests/fixtures/bronze/chembl/tissue/sample_ci_2026-04-29.jsonl
chembl_tissue,chembl/tissue,uberon_id,bronze_fixture,UBERON:0000006,1,UBERON_0000006,ontology:uberon,tests/fixtures/bronze/chembl/tissue/sample_ci_2026-04-29.jsonl
chembl_tissue,chembl/tissue,uberon_id,bronze_fixture,UBERON:0000007,1,UBERON_0000007,ontology:uberon,tests/fixtures/bronze/chembl/tissue/sample_ci_2026-04-29.jsonl
chembl_tissue,chembl/tissue,uberon_id,bronze_fixture,UBERON:0000009,1,UBERON_0000009,ontology:uberon,tests/fixtures/bronze/chembl/tissue/sample_ci_2026-04-29.jsonl
chembl_tissue,chembl/tissue,uberon_id,bronze_fixture,UBERON:0000014,1,UBERON_0000014,ontology:uberon,tests/fixtures/bronze/chembl/tissue/sample_ci_2026-04-29.jsonl
chembl_tissue,chembl/tissue,uberon_id,bronze_fixture,UBERON:0000023,1,UBERON_0000023,ontology:uberon,tests/fixtures/bronze/chembl/tissue/sample_ci_2026-04-29.jsonl
chembl_tissue,chembl/tissue,uberon_id,bronze_fixture,UBERON:0000025,1,UBERON_0000025,ontology:uberon,tests/fixtures/bronze/chembl/tissue/sample_ci_2026-04-29.jsonl
chembl_tissue,chembl/tissue,uberon_id,bronze_fixture,UBERON:0000029,1,UBERON_0000029,ontology:uberon,tests/fixtures/bronze/chembl/tissue/sample_ci_2026-04-29.jsonl
chembl_tissue,chembl/tissue,uberon_id,bronze_fixture,UBERON:0000030,1,UBERON_0000030,ontology:uberon,tests/fixtures/bronze/chembl/tissue/sample_ci_2026-04-29.jsonl
chembl_tissue,chembl/tissue,uberon_id,bronze_fixture,UBERON:0000033,1,UBERON_0000033,ontology:uberon,tests/fixtures/bronze/chembl/tissue/sample_ci_2026-04-29.jsonl
chembl_tissue,chembl/tissue,uberon_id,bronze_fixture,UBERON:0000043,1,UBERON_0000043,ontology:uberon,tests/fixtures/bronze/chembl/tissue/sample_ci_2026-04-29.jsonl
chembl_tissue,chembl/tissue,uberon_id,bronze_fixture,UBERON:0000044,1,UBERON_0000044,ontology:uberon,tests/fixtures/bronze/chembl/tissue/sample_ci_2026-04-29.jsonl
chembl_tissue,chembl/tissue,uberon_id,bronze_fixture,UBERON:0000045,1,UBERON_0000045,ontology:uberon,tests/fixtures/bronze/chembl/tissue/sample_ci_2026-04-29.jsonl
chembl_tissue,chembl/tissue,uberon_id,bronze_fixture,UBERON:0000055,1,UBERON_0000055,ontology:uberon,tests/fixtures/bronze/chembl/tissue/sample_ci_2026-04-29.jsonl
chembl_tissue,chembl/tissue,uberon_id,bronze_fixture,UBERON:0000056,1,UBERON_0000056,ontology:uberon,tests/fixtures/bronze/chembl/tissue/sample_ci_2026-04-29.jsonl
chembl_tissue,chembl/tissue,uberon_id,bronze_fixture,UBERON:0000057,1,UBERON_0000057,ontology:uberon,tests/fixtures/bronze/chembl/tissue/sample_ci_2026-04-29.jsonl
chembl_tissue,chembl/tissue,uberon_id,bronze_fixture,UBERON:0000058,1,UBERON_0000058,ontology:uberon,tests/fixtures/bronze/chembl/tissue/sample_ci_2026-04-29.jsonl
chembl_tissue,chembl/tissue,uberon_id,bronze_fixture,UBERON:0000059,1,UBERON_0000059,ontology:uberon,tests/fixtures/bronze/chembl/tissue/sample_ci_2026-04-29.jsonl
chembl_tissue,chembl/tissue,uberon_id,bronze_fixture,UBERON:0000062,1,UBERON_0000062,ontology:uberon,tests/fixtures/bronze/chembl/tissue/sample_ci_2026-04-29.jsonl
chembl_tissue,chembl/tissue,uberon_id,edge_fixture,uberon:0002107,1,UBERON_0002107,ontology:uberon,tests/fixtures/bronze/chembl/tissue/sample_edge_ontology_ids_2026-05-11.jsonl
chembl_tissue,chembl/tissue,uberon_id,edge_fixture,UBERON_0002113,1,UBERON_0002113,ontology:uberon,tests/fixtures/bronze/chembl/tissue/sample_edge_ontology_ids_2026-05-11.jsonl
chembl_tissue,chembl/tissue,uberon_id,edge_fixture,UBERON_0000004,1,UBERON_0000004,ontology:uberon,tests/fixtures/bronze/chembl/tissue/sample_edge_ontology_namespaces_2026-05-11.jsonl
chembl_tissue,chembl/tissue,uberon_id,edge_fixture,uberon:0002107,1,UBERON_0002107,ontology:uberon,tests/fixtures/bronze/chembl/tissue/sample_edge_ontology_namespaces_2026-05-11.jsonl
